,最小样本数量,费用类型,记录总数,统计特征长度,原始训练数据量,原始验证数据量,训练数据可预测数据量,测试数据可预测数据量,训练数据可预测数据的均方差,测试数据可预测数据的均方差,训练数据可预测数据的O/E标准差,测试数据可预测数据的O/E标准差,训练数据可预测数据O/E均值,测试数据可预测数据O/E均值
0,5,耗材费,327037,3,261629,65408,239627,59228,5768.2061280946,5834.939328828575,1.0793278507158488,1.5803559844258923,1.0000000000000004,1.0248534134914102
1,10,耗材费,327037,3,261629,65408,229215,56831,5740.493852667025,5784.892876862509,1.090739798341482,1.4447554395036002,0.9999999999999998,1.0151195483452267
2,15,耗材费,327037,3,261629,65408,220971,54931,5728.775122818787,5770.669551336677,1.096668989174337,1.4295939302353027,0.9999999999999999,1.0107071483259742
3,20,耗材费,327037,3,261629,65408,214490,53341,5669.222007895343,5761.107319054255,1.099788345125728,1.4369839321572624,1.0,1.0098289239912412
4,30,耗材费,327037,3,261629,65408,204250,50788,5632.03554546959,5672.49333506044,1.1037180590113242,1.4447060266988332,0.9999999999999999,1.0065520322791894
5,50,耗材费,327037,3,261629,65408,188364,46888,5562.489222347427,5358.582641473272,1.1089025897301032,1.435936443171533,1.0000000000000002,1.0026671848776503
6,100,耗材费,327037,3,261629,65408,163722,40742,5057.590539789936,4890.413990105187,1.1138944762561633,1.3159430700590478,0.9999999999999998,0.9996085695267487
7,5,耗材费,327037,4,261629,65408,230749,56856,5158.270419041251,5246.529221226311,1.003499696623595,1.4782280894590856,0.9999999999999998,1.0231861639449837
8,10,耗材费,327037,4,261629,65408,218422,54010,5133.684889190232,5164.33182957038,1.0168233879812756,1.4114027232195354,1.0,1.0148367892588839
9,15,耗材费,327037,4,261629,65408,209587,52008,5121.87092940136,5113.341827852111,1.0229906875075399,1.3925436757051644,1.0,1.0093844716756788
10,20,耗材费,327037,4,261629,65408,202179,50187,5113.286184403659,5098.522784697679,1.0287219955192062,1.380011635226564,1.0000000000000002,1.0061193406216424
11,30,耗材费,327037,4,261629,65408,189704,47067,5050.929054179653,5029.983056118095,1.0350116257394177,1.402980921551895,1.0,1.0051823581628732
12,50,耗材费,327037,4,261629,65408,174351,43285,4721.533326521366,4621.005654559319,1.0417644377404627,1.4097154464108956,1.0,1.0037163800212072
13,100,耗材费,327037,4,261629,65408,149551,37181,4292.163097908597,4147.636360643833,1.0400413917002542,1.2856680347323577,1.0,1.0021522002519232
14,5,耗材费,327037,5,261629,65408,209127,51220,4623.579020541445,4757.91673605022,0.8342633800068588,1.3885161927423249,1.0,1.023969954217033
15,10,耗材费,327037,5,261629,65408,191058,47088,4448.962823839384,4466.3997233867785,0.8487644047408692,1.393276726807659,1.0,1.0165948651316372
16,15,耗材费,327037,5,261629,65408,179440,44320,4340.154083719418,4301.679314241183,0.8552077776445187,1.3676286373976727,1.0,1.0096283783665336
17,20,耗材费,327037,5,261629,65408,170482,42087,4146.008574816723,4046.223718936462,0.8582786615313459,1.376973060104148,1.0,1.0080137954393826
18,30,耗材费,327037,5,261629,65408,156365,38601,4017.2723691013944,3966.6606702814793,0.8626309590816694,1.1104933677703024,0.9999999999999998,1.0025565294982417
19,50,耗材费,327037,5,261629,65408,137548,34025,3867.1302442094566,3661.3746659254407,0.8655569519994709,0.9163942170485846,1.0,0.9946100095695221
20,100,耗材费,327037,5,261629,65408,107017,26710,3550.238328167601,3343.3746729777245,0.8694760349601914,0.9469200123180218,1.0000000000000002,0.998359267626436
21,5,耗材费,327037,6,261629,65408,207683,50857,4576.714749436204,4740.1248658954155,0.8276137116040729,1.394982541842992,0.9999999999999999,1.025224409990725
22,10,耗材费,327037,6,261629,65408,189393,46676,4386.569312979516,4440.950270477086,0.841661817683557,1.4001335401239832,0.9999999999999997,1.0176516909706423
23,15,耗材费,327037,6,261629,65408,177772,43900,4232.679980447817,4274.340920241376,0.8482489339013393,1.3748956202160074,1.0000000000000002,1.0106793052497665
24,20,耗材费,327037,6,261629,65408,168640,41630,3977.3206271841314,3951.240429925664,0.8520808470008917,1.382290108292173,1.0,1.007912050523881
25,30,耗材费,327037,6,261629,65408,154651,38181,3922.5042663633635,3933.825123595088,0.8566095254243384,1.1153548160148075,1.0000000000000002,1.0026081684847334
26,50,耗材费,327037,6,261629,65408,135583,33548,3779.9730217671304,3600.410803057212,0.8581904622867134,0.9177912261803695,1.0,0.9954511884615205
27,100,耗材费,327037,6,261629,65408,105232,26244,3460.917868673223,3270.548535258058,0.8646981373909371,0.9532486472235486,1.0000000000000002,0.9984227046565545
28,5,耗材费,327037,7,261629,65408,188727,45863,4161.093654655648,4380.169404273987,0.7725853874751206,1.3582182744905869,0.9999999999999997,1.0246073116579206
29,10,耗材费,327037,7,261629,65408,167435,40979,3940.081798983623,3837.782315840519,0.7887879067675952,1.3004114858022604,1.0000000000000002,1.0139354570184835
30,15,耗材费,327037,7,261629,65408,153813,37741,3582.7398483603297,3399.3715506062767,0.7954141787663872,1.1979594756045533,1.0,1.0053188145058192
31,20,耗材费,327037,7,261629,65408,143191,35127,3601.8290191320502,3390.292023230691,0.8006935125464185,0.9005149836980492,1.0,1.0004413940616987
32,30,耗材费,327037,7,261629,65408,127263,31265,3526.112955514444,3332.572827199724,0.8081475869524624,0.9187340277821404,0.9999999999999999,1.0003404002269698
33,50,耗材费,327037,7,261629,65408,107492,26523,3329.468128328347,3159.5906410889324,0.8158577960612636,0.9333089511782799,1.0,0.9996026196984656
34,100,耗材费,327037,7,261629,65408,78380,19498,3043.308317568558,2712.644264071158,0.8341642357151531,0.9775503044754746,1.0,0.9986438680029753
35,5,耗材费,327037,8,261629,65408,182508,44257,4056.4462005203472,4247.387493803318,0.7605700043758836,1.1390860724414102,1.0,1.0196643259305005
36,10,耗材费,327037,8,261629,65408,160049,39076,3634.4040166664226,3404.029728449688,0.7781120521061095,1.0674228961093741,1.0,1.0099516244196194
37,15,耗材费,327037,8,261629,65408,146396,35899,3543.7918139841113,3340.025353468748,0.7863522369713837,0.9066778140486403,1.0,1.0015220596998289
38,20,耗材费,327037,8,261629,65408,135236,33161,3552.7954902296206,3347.0327966118953,0.7913146975713322,0.9053378743175808,1.0,0.9998552097992058
39,30,耗材费,327037,8,261629,65408,118468,29058,3449.443968067455,3292.5548137663072,0.7995556697836668,0.9301413697283736,1.0,1.0005565802111864
40,50,耗材费,327037,8,261629,65408,98408,24294,3155.6823323377594,3025.2845943032926,0.8129507383456732,0.9500571454261326,1.0,1.0002139697511656
41,100,耗材费,327037,8,261629,65408,70549,17554,2885.806262370582,2616.264604048625,0.8421942277514057,1.0007061394768115,1.0,1.0000004448293434
42,5,耗材费,327037,9,261629,65408,182243,44185,4056.305773207747,4246.182078485758,0.7604739662410218,1.139346035867911,1.0,1.0195197635330813
43,10,耗材费,327037,9,261629,65408,159793,39005,3633.9960309773405,3402.447227727785,0.7781040421828299,1.067546979590672,1.0000000000000002,1.0096751353789282
44,15,耗材费,327037,9,261629,65408,146175,35848,3543.277690286772,3338.3643475728495,0.7863872033219157,0.9065232264307705,1.0,1.0014260524867322
45,20,耗材费,327037,9,261629,65408,135046,33116,3551.9208061165505,3345.0052194074106,0.7913589041596693,0.9051318646673356,1.0,0.9996524097354519
46,30,耗材费,327037,9,261629,65408,118205,28988,3447.3563491645164,3289.6458852952487,0.79948455295562,0.9301996944956299,1.0000000000000002,1.0003966303617005
47,50,耗材费,327037,9,261629,65408,98187,24240,3152.2518936622814,3021.6279829537752,0.81273812723826,0.9494723020558519,0.9999999999999999,0.9998005464936013
48,100,耗材费,327037,9,261629,65408,70477,17539,2885.2903937830947,2613.1788392054436,0.8422332966103494,1.00062982625992,1.0,0.9998520204055698
49,5,检查检验费,770158,3,616126,154032,581105,144156,2336.9931139889427,2440.23509221054,0.674005470271514,0.7213085649632004,0.9999999999999998,1.0087236309227874
50,10,检查检验费,770158,3,616126,154032,562149,139614,2319.759218205467,2415.419708863532,0.6779110898342742,0.7185956850918297,1.0000000000000002,1.0073149618122157
51,15,检查检验费,770158,3,616126,154032,547437,136160,2309.133647830384,2388.591500992746,0.6805213195695711,0.7142496516642214,1.0000000000000002,1.0055805942482945
52,20,检查检验费,770158,3,616126,154032,535086,133142,2296.7905994048147,2376.8139872838433,0.6818760304005599,0.7154807762917905,1.0,1.0055023552161468
53,30,检查检验费,770158,3,616126,154032,513855,128052,2270.6870620914547,2366.502995246904,0.6836631980891326,0.7170260565318626,1.0000000000000002,1.0053324393195784
54,50,检查检验费,770158,3,616126,154032,481109,119968,2235.8270803087767,2360.4868244996956,0.687144109401048,0.7206860131250542,0.9999999999999998,1.0057107892993358
55,100,检查检验费,770158,3,616126,154032,425893,106413,2184.354176265358,2277.741242638813,0.6926508042417286,0.7211206031321462,0.9999999999999994,1.004663776536852
56,5,检查检验费,770158,4,616126,154032,566478,140240,2229.4186401053717,2364.8382684034955,0.6550794475785244,0.7024354240653258,1.0,1.0086992123877665
57,10,检查检验费,770158,4,616126,154032,543724,134852,2198.462565721622,2332.3541845887553,0.6598326713215746,0.699393952418515,1.0000000000000004,1.0073453978785691
58,15,检查检验费,770158,4,616126,154032,527338,131145,2188.9873816523077,2324.714866788679,0.662960848638103,0.697925985742796,0.9999999999999998,1.0062502078561228
59,20,检查检验费,770158,4,616126,154032,513341,127713,2176.696741727075,2292.4200799634887,0.6648734442492282,0.6981384178110074,1.0000000000000002,1.0056065326612775
60,30,检查检验费,770158,4,616126,154032,490276,122119,2145.0015635963655,2279.0479380520105,0.6674971956408493,0.7004611616132846,0.9999999999999999,1.0058857394652838
61,50,检查检验费,770158,4,616126,154032,456003,113659,2088.772352627094,2216.6323253728965,0.6712132595231259,0.7009154905546398,1.0,1.0052102712648467
62,100,检查检验费,770158,4,616126,154032,399517,99874,2003.2295067973266,2127.571244352729,0.6773490975468092,0.7035862360780017,1.0000000000000002,1.0045683000929035
63,5,检查检验费,770158,5,616126,154032,526222,129466,2008.240056553736,2185.4127443561865,0.6037770829533826,0.6497341194657822,1.0,1.0101180812125288
64,10,检查检验费,770158,5,616126,154032,492138,121610,1965.6892402986812,2067.742692046572,0.6098878149522898,0.6354150304590704,1.0000000000000002,1.0070901834596169
65,15,检查检验费,770158,5,616126,154032,468926,116189,1946.917062384179,2016.1840768160585,0.613642358812162,0.6316155929048218,0.9999999999999997,1.0048931723342682
66,20,检查检验费,770158,5,616126,154032,449506,111538,1890.9288077722015,1995.3609089622526,0.6154067800053437,0.6326136273278505,1.0000000000000002,1.0051230336705381
67,30,检查检验费,770158,5,616126,154032,419461,104387,1823.1497376127409,1884.0984820560068,0.6187439953098327,0.6303067807363629,1.0,1.0039450819946878
68,50,检查检验费,770158,5,616126,154032,377379,93954,1704.1278392584366,1776.2559982903124,0.6224543315683086,0.6317420370903654,0.9999999999999999,1.0035227284859738
69,100,检查检验费,770158,5,616126,154032,313755,78241,1639.4830321794639,1734.225430008557,0.6303544426737809,0.6388411452288777,1.0,1.0028490095876028
70,5,检查检验费,770158,6,616126,154032,522966,128606,1998.4287673273104,2184.607918877534,0.60260596675799,0.648709090960166,1.0,1.0101202260467632
71,10,检查检验费,770158,6,616126,154032,488478,120694,1957.8369278284692,2044.6211107614545,0.6088298260083325,0.634250151649729,1.0,1.006931701630555
72,15,检查检验费,770158,6,616126,154032,465014,115190,1938.0025014259202,2011.8490408191751,0.6126346683236586,0.6309497920907059,0.9999999999999998,1.004831826838226
73,20,检查检验费,770158,6,616126,154032,445444,110504,1887.263712581956,1990.3727724082482,0.6145869700373994,0.6312261852976957,1.0000000000000002,1.0049504862732659
74,30,检查检验费,770158,6,616126,154032,415414,103356,1820.1021954170185,1879.4824988101384,0.6177980874970829,0.6288266205022688,0.9999999999999996,1.0036752244217628
75,50,检查检验费,770158,6,616126,154032,373727,93090,1700.1521438134132,1770.9686421631304,0.6219978771401884,0.6309681737511149,1.0000000000000002,1.0030198518477325
76,100,检查检验费,770158,6,616126,154032,310715,77520,1634.7437794678951,1727.429283213482,0.6301102985224386,0.63836486566999,1.0,1.002688738987253
77,5,检查检验费,770158,7,616126,154032,488942,119732,1902.1386579082953,2011.456709612828,0.5876335486483831,0.6263171376195835,1.0000000000000002,1.0106895606685775
78,10,检查检验费,770158,7,616126,154032,447343,110172,1862.447193183473,1947.0678965538445,0.5959532647181733,0.6237374973512925,1.0,1.0083125827580768
79,15,检查检验费,770158,7,616126,154032,420231,103907,1759.4579826179113,1842.3851409437816,0.6000769419325429,0.6215951359475115,0.9999999999999999,1.0071298032699132
80,20,检查检验费,770158,7,616126,154032,398540,98642,1720.5795271327697,1775.0349366161602,0.6030473688111465,0.6214359299245943,1.0000000000000002,1.0067012903402373
81,30,检查检验费,770158,7,616126,154032,365469,90628,1692.7314801679697,1747.325714409391,0.6086622122287472,0.6209485726593835,0.9999999999999997,1.0053294222663909
82,50,检查检验费,770158,7,616126,154032,320203,79603,1657.694298122375,1698.4759640094758,0.6154972075568484,0.6230393221892547,1.0000000000000002,1.003832362892144
83,100,检查检验费,770158,7,616126,154032,257138,64288,1591.297052181119,1628.9509766213134,0.6242694168010614,0.624278500053872,1.0000000000000002,1.003321483019769
84,5,检查检验费,770158,8,616126,154032,476757,116615,1864.4132449598185,1960.9675930070562,0.5826190706986797,0.6233156574115435,0.9999999999999999,1.0112087071278073
85,10,检查检验费,770158,8,616126,154032,432824,106583,1819.9480960611518,1913.4291906125427,0.5918055718829406,0.6205131659491534,1.0000000000000002,1.0089679777260332
86,15,检查检验费,770158,8,616126,154032,404693,100038,1729.5875930609325,1811.6749325408084,0.5963109541895657,0.6191525442450954,1.0000000000000002,1.0075653411982768
87,20,检查检验费,770158,8,616126,154032,382784,94709,1687.328605103091,1744.2840329132762,0.5995359011311051,0.6183617159044422,0.9999999999999999,1.0070507811976468
88,30,检查检验费,770158,8,616126,154032,348005,86312,1659.0928184673242,1715.097051830585,0.605981721949877,0.6195933089350346,0.9999999999999998,1.0058009306043785
89,50,检查检验费,770158,8,616126,154032,302942,75388,1639.4499398188887,1687.0986933961512,0.613478453228987,0.6229316575916262,1.0000000000000002,1.0041071708327687
90,100,检查检验费,770158,8,616126,154032,239046,59865,1580.9219515733091,1624.2780698120798,0.624469324403948,0.6246012395628919,1.0,1.0033593645396763
91,5,检查检验费,770158,9,616126,154032,476234,116473,1864.503245925552,1961.4601020009977,0.5825599799210076,0.623331828506968,0.9999999999999999,1.0111793422084456
92,10,检查检验费,770158,9,616126,154032,432279,106426,1820.2366359326156,1913.9105822733884,0.5917592646122423,0.6205337739188329,1.0,1.0089799964004569
93,15,检查检验费,770158,9,616126,154032,404236,99930,1729.8500205237967,1811.9147452820873,0.5963417256277115,0.6191163563749597,1.0,1.0074987456707087
94,20,检查检验费,770158,9,616126,154032,382310,94580,1687.64041670644,1744.5131884044958,0.5996344490034281,0.6183456744631305,0.9999999999999999,1.0069312868144562
95,30,检查检验费,770158,9,616126,154032,347664,86225,1659.3027308417059,1715.2379575892448,0.6060231724768623,0.6195607563645849,1.0000000000000002,1.0056724911088768
96,50,检查检验费,770158,9,616126,154032,302655,75304,1639.438640571294,1687.365060252223,0.613426724735605,0.6229444403444084,0.9999999999999998,1.0040991252612006
97,100,检查检验费,770158,9,616126,154032,238796,59788,1580.66623290912,1624.2997173393421,0.6243930028045629,0.624622107422695,1.0000000000000002,1.0033058221770705
98,5,药品费,701780,3,561424,140356,527931,131142,3534.232173565749,3458.213224291911,0.9600373446924242,1.0286725174096645,1.0,1.0153192171998084
99,10,药品费,701780,3,561424,140356,510198,127014,3465.630441965234,3423.1411245626855,0.9664216508646327,1.0235427065481033,1.0,1.0121356039653324
100,15,药品费,701780,3,561424,140356,495913,123482,3386.9308665657645,3361.8492423727,0.9697100623247956,1.0130052585731806,1.0000000000000002,1.009625349749756
101,20,药品费,701780,3,561424,140356,484396,120750,3382.658854652272,3334.308058835898,0.9724236675213962,1.0075814458054961,1.0000000000000002,1.0079222821324096
102,30,药品费,701780,3,561424,140356,465082,116116,3357.0592918041716,3327.4652525435285,0.9755794827573426,0.9973262019144123,1.0,1.0069352592041685
103,50,药品费,701780,3,561424,140356,435413,108786,3258.199969724829,3300.3359188752174,0.9798949732137942,0.9990532390436373,1.0000000000000004,1.0069088507038544
104,100,药品费,701780,3,561424,140356,384446,96093,3028.656258594298,3175.8156951423775,0.9777157266040584,1.0020220233537092,1.0,1.007642320951696
105,5,药品费,701780,4,561424,140356,514162,127481,3271.9506257078433,3271.0526800130083,0.9025423554115892,0.9816680629901702,1.0,1.0159990055690618
106,10,药品费,701780,4,561424,140356,492713,122623,3174.51230618888,3236.877917879499,0.9093911526084705,0.9686096377674546,1.0,1.0120688666961148
107,15,药品费,701780,4,561424,140356,476980,118828,3141.6548165802556,3194.7495408788113,0.9129895868814996,0.9646793320373861,1.0000000000000004,1.010326911917986
108,20,药品费,701780,4,561424,140356,464106,115798,3068.453950292666,3176.797057811578,0.9149315558399836,0.9579288175940665,1.0,1.0092230701990477
109,30,药品费,701780,4,561424,140356,442930,110646,3041.5475264380843,3176.361078368733,0.9182693016652007,0.9557925078587544,1.0000000000000002,1.0090657504341334
110,50,药品费,701780,4,561424,140356,411549,102911,2982.3217139593776,3115.502172651264,0.9214915164206332,0.9494339817692218,1.0,1.008478210576298
111,100,药品费,701780,4,561424,140356,360181,90157,2734.9058362594483,2970.671991120499,0.9192923395973008,0.9522513956639542,0.9999999999999996,1.0077086828177697
112,5,药品费,701780,5,561424,140356,476412,117644,2987.712357448609,3022.665037494995,0.8220711424245382,0.9163997851354587,0.9999999999999992,1.0187597960685921
113,10,药品费,701780,5,561424,140356,444641,110426,2807.778396975488,2815.3927779763435,0.8306514553130603,0.8925266768334602,1.0000000000000002,1.0146539246148998
114,15,药品费,701780,5,561424,140356,422606,105178,2752.501499185428,2780.617906796891,0.8344162649210655,0.8810418237744552,0.9999999999999998,1.0122658114274354
115,20,药品费,701780,5,561424,140356,404837,100957,2684.2948498612354,2637.393051214398,0.8371499771742247,0.8743258593320228,1.0000000000000002,1.0109469039596652
116,30,药品费,701780,5,561424,140356,377744,94417,2592.0055653033946,2471.80686463873,0.8398666819411463,0.8676880707883246,1.0000000000000002,1.009837951493538
117,50,药品费,701780,5,561424,140356,338784,84755,2463.370463435725,2395.2631128536614,0.8427167641526027,0.8570861768777145,0.9999999999999998,1.0080678406185026
118,100,药品费,701780,5,561424,140356,281101,70252,2077.1070454437754,2070.9319053596237,0.8441514157310942,0.8503712818979827,0.9999999999999998,1.0047579468838943
119,5,药品费,701780,6,561424,140356,473568,116916,2949.3329433260665,3018.9169276892903,0.8193393779064329,0.9154552722083824,1.0000000000000002,1.019582607892591
120,10,药品费,701780,6,561424,140356,441157,109548,2794.5543381515804,2815.4117279391526,0.8281646981626162,0.8939456804313103,0.9999999999999999,1.0153985089581323
121,15,药品费,701780,6,561424,140356,418892,104223,2738.4425754807176,2781.1497413993916,0.8322513079482666,0.8821980622065132,1.0000000000000002,1.0130737355708637
122,20,药品费,701780,6,561424,140356,401144,100038,2666.2155897797056,2637.080948311316,0.8347156276341294,0.875627947392059,1.0,1.0118778710939396
123,30,药品费,701780,6,561424,140356,374283,93507,2580.5643787810272,2471.7221008860174,0.8375716248302606,0.8689380534303635,1.0,1.010372237542159
124,50,药品费,701780,6,561424,140356,335258,83856,2454.1109926758986,2393.890978635818,0.8412647419419695,0.858268654286964,0.9999999999999997,1.0083856233694577
125,100,药品费,701780,6,561424,140356,278514,69591,2062.0489165487597,2061.83494115455,0.8421779973924906,0.8507253248998852,1.0,1.0049419297410198
126,5,药品费,701780,7,561424,140356,441828,108504,2697.8720801650275,2671.3324640890532,0.7888923654631127,0.885401916236391,1.0000000000000002,1.0209941994910607
127,10,药品费,701780,7,561424,140356,403323,99850,2604.8462759183153,2551.7963335694903,0.7998675228917562,0.8737475952845014,1.0000000000000002,1.0165188290508367
128,15,药品费,701780,7,561424,140356,377161,93789,2563.3524826633675,2529.7627563013803,0.8052551728055718,0.8630660541072691,0.9999999999999997,1.01424293313274
129,20,药品费,701780,7,561424,140356,357693,89053,2350.7733777622884,2416.014285673114,0.8082454321890072,0.8535934145722283,1.0000000000000002,1.0135688413986013
130,30,药品费,701780,7,561424,140356,327093,81399,2264.463476346588,2388.3716237308477,0.8128898669372543,0.8527626162201861,1.0,1.0124803516651473
131,50,药品费,701780,7,561424,140356,287463,71806,2085.4850114029655,2006.2725676707562,0.8175313062923557,0.8330737246584929,1.0,1.0077160583676554
132,100,药品费,701780,7,561424,140356,229383,57462,1958.0553088184784,1987.7268868306712,0.8172323320458675,0.8332232736155497,1.0,1.0061974758643493
133,5,药品费,701780,8,561424,140356,430333,105559,2644.0836988163314,2645.076146870727,0.780602884022076,0.8832067452942265,1.0000000000000002,1.0214881525705506
134,10,药品费,701780,8,561424,140356,389886,96479,2569.807345625727,2519.5427422752623,0.7922458840654718,0.8686760232476622,0.9999999999999999,1.01731482967101
135,15,药品费,701780,8,561424,140356,363351,90363,2541.7169009688378,2468.874055495806,0.7980822696582583,0.8596390779329409,0.9999999999999999,1.0144792227219224
136,20,药品费,701780,8,561424,140356,342941,85323,2318.0751180154316,2399.371535901219,0.8013803720036112,0.8495236602195982,1.0,1.0137183307614368
137,30,药品费,701780,8,561424,140356,311169,77438,2225.000601614664,2344.6957635033464,0.8055471938307308,0.847795415142616,1.0,1.01294751836454
138,50,药品费,701780,8,561424,140356,271420,67851,2055.085203228151,1994.1911112180785,0.8081586760805936,0.8286843578634381,0.9999999999999998,1.007785120953241
139,100,药品费,701780,8,561424,140356,212908,53263,1959.163951967973,1988.7110343969575,0.8100504739049036,0.8324313568926924,1.0,1.0068363805298781
140,5,药品费,701780,9,561424,140356,429901,105466,2644.500270397808,2645.3993020844473,0.780249792834839,0.8827078066341276,1.0,1.021472214623369
141,10,药品费,701780,9,561424,140356,389360,96373,2570.195757029941,2519.6002329795524,0.7919575732420322,0.8687860254902686,1.0,1.017417193752493
142,15,药品费,701780,9,561424,140356,362936,90277,2542.2191013790734,2468.6355882386174,0.7979271304476585,0.8596771261261615,1.0,1.0145310204999416
143,20,药品费,701780,9,561424,140356,342500,85206,2313.657680918904,2392.9382750221703,0.8009912460832703,0.8495556400642853,1.0,1.0137160625689712
144,30,药品费,701780,9,561424,140356,310891,77371,2225.6211434007823,2344.4825755968336,0.8054349774242797,0.8475247838535389,1.0,1.0127981961972647
145,50,药品费,701780,9,561424,140356,271162,67792,2055.5232039513216,1994.7339615418866,0.8079626031471345,0.8287301562429867,1.0000000000000002,1.0078089261002157
146,100,药品费,701780,9,561424,140356,212601,53188,1959.6519922110035,1989.6249825646935,0.8098659766151937,0.832746834577758,0.9999999999999998,1.0071069886074169
147,5,总费用,787586,3,630068,157518,594769,147630,10030.915148513366,10183.781914470135,0.6749164696436348,0.7182229018984079,1.0,1.0066397600468646
148,10,总费用,787586,3,630068,157518,575625,143157,9871.221228348924,10173.212889405495,0.677979941071913,0.7154907891970169,1.0000000000000004,1.005656405936685
149,15,总费用,787586,3,630068,157518,560818,139504,9761.797644609484,9953.299172396943,0.6795571602796782,0.7070602996780196,1.0000000000000004,1.0039510479106175
150,20,总费用,787586,3,630068,157518,547420,136121,9675.942948647558,9854.153307141725,0.6802629114918816,0.7038687201353414,0.9999999999999998,1.003168554221861
151,30,总费用,787586,3,630068,157518,526886,131084,9588.397155333203,9838.34596218211,0.6808242437282369,0.7024469835162938,0.9999999999999998,1.0024488992528349
152,50,总费用,787586,3,630068,157518,493994,122874,9243.294733177328,9368.543887053942,0.6805843113456742,0.6999954272616946,0.9999999999999998,1.0015497308969816
153,100,总费用,787586,3,630068,157518,438642,109138,8753.955878305038,8908.716458846868,0.6803248515256822,0.7016360336912447,1.0000000000000002,1.0010145529541437
154,5,总费用,787586,4,630068,157518,579928,143691,9008.592534636151,9240.411515401614,0.6409469097628783,0.6823827630185334,1.0000000000000002,1.0064241299883996
155,10,总费用,787586,4,630068,157518,556938,138351,8817.183752858693,9075.35714766451,0.6449682286886119,0.6717283319330167,1.0,1.0045672867072095
156,15,总费用,787586,4,630068,157518,539932,134221,8718.984865101016,8967.52389884382,0.6472438276241953,0.6690545370966121,1.0000000000000002,1.0030508600258496
157,20,总费用,787586,4,630068,157518,525790,130672,8562.99701011712,8927.016075580957,0.6484464305301186,0.6678195929323175,1.0,1.002418424652595
158,30,总费用,787586,4,630068,157518,503234,125119,8478.984979827268,8701.82302186691,0.6500521459398884,0.6665086767603762,1.0000000000000002,1.001417238550471
159,50,总费用,787586,4,630068,157518,467890,116457,8203.440564817665,8295.977820618878,0.6513123413551568,0.6656276840121511,1.0000000000000004,1.000641899426075
160,100,总费用,787586,4,630068,157518,411081,102331,7584.2546595611775,7858.612293103376,0.653780914212509,0.6671631782192755,0.9999999999999999,0.9993928075044115
161,5,总费用,787586,5,630068,157518,539373,132574,8032.1157239550885,8198.895726743749,0.575921736762144,0.6059526414001395,1.0,1.0068963759538003
162,10,总费用,787586,5,630068,157518,504782,124704,7587.222820578551,7820.309759748883,0.5807610796656042,0.5974482255229921,1.0000000000000002,1.0043361823383972
163,15,总费用,787586,5,630068,157518,480593,118937,7247.906079934018,7249.233417707232,0.5828748781607069,0.58694358157544,1.0,1.0023659003256538
164,20,总费用,787586,5,630068,157518,461783,114392,7149.182312568306,7156.433077708552,0.5841129160440945,0.5859861734584944,1.0000000000000004,1.0018255118717694
165,30,总费用,787586,5,630068,157518,431386,107010,6827.206745025739,6611.138265778062,0.5856529089671464,0.5818771060127117,1.0,1.0002548377769724
166,50,总费用,787586,5,630068,157518,388141,96407,6656.644248946124,6381.571635657113,0.5879985806330802,0.5762303791151483,0.9999999999999999,0.9984096066969306
167,100,总费用,787586,5,630068,157518,323545,80570,5717.405882436123,5289.2024309512035,0.588747207478304,0.5765010959663047,1.0000000000000002,0.9969623262329524
168,5,总费用,787586,6,630068,157518,536221,131802,7969.909205456129,8179.783656316474,0.5740118159062763,0.6063646919779351,1.0,1.0070444562971
169,10,总费用,787586,6,630068,157518,500944,123781,7517.79706608058,7766.054968964331,0.5789509026697535,0.5940114687362668,0.9999999999999999,1.0040814220120153
170,15,总费用,787586,6,630068,157518,476696,117940,7176.043396406736,7196.135927526612,0.5814491615875138,0.5831078386658491,0.9999999999999999,1.002225013891635
171,20,总费用,787586,6,630068,157518,457854,113414,7064.987794917784,7087.953972639689,0.5825970851701003,0.5823181073941157,1.0,1.0016457158464287
172,30,总费用,787586,6,630068,157518,427131,105954,6764.138422228835,6542.20767531806,0.5843129726595209,0.5780798014814237,1.0,1.0000490606509327
173,50,总费用,787586,6,630068,157518,384290,95483,6552.274875841956,6286.967039575459,0.586927817977867,0.5749128995087748,0.9999999999999999,0.9987444572868751
174,100,总费用,787586,6,630068,157518,320477,79836,5619.613898601904,5255.909483195903,0.5872769828792428,0.5765252327334063,1.0000000000000002,0.9972372588549033
175,5,总费用,787586,7,630068,157518,501918,122857,7189.269216989032,7733.210460009173,0.5493903079223734,0.5819463531316913,1.0,1.006945251315075
176,10,总费用,787586,7,630068,157518,459544,113276,6754.703744029589,7242.399389495839,0.555759177324243,0.5671993281996778,1.0000000000000002,1.0034134582470553
177,15,总费用,787586,7,630068,157518,431514,106670,6463.619781743101,6420.306757174488,0.5593569320172485,0.5613630638140529,1.0000000000000004,1.0011636734379954
178,20,总费用,787586,7,630068,157518,409891,101567,6197.713566225091,5792.882928242008,0.5608311189303701,0.5609603405989956,0.9999999999999999,1.0004879549806907
179,30,总费用,787586,7,630068,157518,376360,93431,5957.153368194559,5590.2328481939785,0.5637883754522995,0.5596240541495913,0.9999999999999999,0.9991448881411904
180,50,总费用,787586,7,630068,157518,330044,81954,5693.658388827296,5388.933297396801,0.5680651645011358,0.5561958531905176,1.0000000000000002,0.9964076735292106
181,100,总费用,787586,7,630068,157518,266128,66146,5120.205692291006,4920.356251483893,0.5707291651317683,0.554061526245532,1.0,0.9951863264686601
182,5,总费用,787586,8,630068,157518,489465,119692,7005.585786383788,7501.159860843494,0.5434365872847763,0.5771846573753765,0.9999999999999999,1.0065098065736253
183,10,总费用,787586,8,630068,157518,445002,109594,6575.281185687189,7098.77966509438,0.5502911543173419,0.5622526144543917,0.9999999999999999,1.002561604565194
184,15,总费用,787586,8,630068,157518,415886,102762,6319.646301128902,6318.267979291896,0.5535915722985024,0.5580902616461582,1.0000000000000002,1.0014763376285296
185,20,总费用,787586,8,630068,157518,393735,97483,6041.339791131737,5664.578015503524,0.555684443361856,0.5565699493840639,0.9999999999999999,1.000445160336119
186,30,总费用,787586,8,630068,157518,358830,89014,5823.5675234072905,5479.658806345039,0.5594385216096497,0.5551923219355575,0.9999999999999999,0.9991524737496973
187,50,总费用,787586,8,630068,157518,312429,77526,5480.045511147738,5258.884800018622,0.5644401981664692,0.5537916645583623,1.0000000000000002,0.9962511297139963
188,100,总费用,787586,8,630068,157518,247682,61529,4980.571604297797,4820.5822276342315,0.5676459636818781,0.5511700840932438,1.0000000000000002,0.9948152296663025
189,5,总费用,787586,9,630068,157518,488918,119565,7006.633864762623,7502.292419420056,0.5432478293250282,0.5771919003478262,1.0000000000000002,1.0065391097390035
190,10,总费用,787586,9,630068,157518,444371,109443,6577.027191166747,7101.433556366121,0.5501078132911773,0.5622692953481403,0.9999999999999999,1.0027174163562358
191,15,总费用,787586,9,630068,157518,415369,102634,6320.7876628768545,6319.993668301319,0.5534447365798795,0.5581201685694351,1.0,1.001606387421055
192,20,总费用,787586,9,630068,157518,393260,97370,6037.739705051527,5663.956147265605,0.5555442960128145,0.5565866526159824,1.0000000000000002,1.000543054543523
193,30,总费用,787586,9,630068,157518,358446,88929,5823.628344731799,5479.874742042729,0.5593177257233367,0.5551979679030722,1.0000000000000002,0.9991770222515477
194,50,总费用,787586,9,630068,157518,312167,77468,5480.104461064088,5260.092692580439,0.564406655530457,0.5537471094809258,0.9999999999999998,0.9962601956857458
195,100,总费用,787586,9,630068,157518,247413,61467,4981.144536052184,4821.680263247252,0.5675095398086197,0.5510468360330675,0.9999999999999999,0.994876801355311
196,5,耗材费,781951,3,625560,156391,591887,147037,6256.504834754521,6399.598697524414,1.1417026546897144,1.3143307547375305,0.9999999999999994,1.0160626839228706
197,10,耗材费,781951,3,625560,156391,574347,142998,6271.741938980122,6400.468223033947,1.1505301448063434,1.2677674226981714,1.0,1.0113136841333086
198,15,耗材费,781951,3,625560,156391,561489,139932,6264.89754253969,6410.0818398556385,1.1555848650286678,1.2506054264110198,1.0,1.0093266437987105
199,20,耗材费,781951,3,625560,156391,550479,137359,6273.637163848855,6324.272300069751,1.1586443359897813,1.230162796876683,0.9999999999999996,1.006948772800893
200,30,耗材费,781951,3,625560,156391,533351,133195,6187.260349480865,6226.955429486858,1.1606431140726534,1.1909888857971076,1.0,1.0043099832476785
201,50,耗材费,781951,3,625560,156391,506080,126515,6127.321061288663,6098.632940362432,1.1633750429803134,1.1749954996329037,1.0000000000000002,1.0020647292397409
202,100,耗材费,781951,3,625560,156391,457978,114469,6040.775829400365,6047.86521311092,1.1585950716325115,1.1072868396405775,1.0,1.0005838540542535
203,5,耗材费,781951,4,625560,156391,575250,142658,5605.739658650155,5640.773894431935,1.0716169443344197,1.190703382298619,0.9999999999999998,1.012477282163904
204,10,耗材费,781951,4,625560,156391,552519,137347,5538.998696721428,5566.564127393987,1.0831011020036674,1.1472147160751034,1.0000000000000007,1.007271741035687
205,15,耗材费,781951,4,625560,156391,537085,133777,5536.007259343307,5578.699532992964,1.088927844942801,1.1346308020799298,0.9999999999999998,1.0053292222884145
206,20,耗材费,781951,4,625560,156391,523968,130707,5518.794829683351,5571.131620989615,1.0932868230110755,1.0988832372489832,0.9999999999999999,1.0032480069352223
207,30,耗材费,781951,4,625560,156391,504212,125901,5436.3315576188415,5502.567191140722,1.0955132465935213,1.0941104960798866,1.0,1.0030051673115985
208,50,耗材费,781951,4,625560,156391,474184,118452,5432.613121727906,5433.961667613165,1.0973574028971862,1.0887466581973906,1.0000000000000002,1.0019617328333514
209,100,耗材费,781951,4,625560,156391,421188,105360,5333.720040901589,5299.5397770707805,1.0964997166433204,0.9978919564227792,1.0,0.9996502466962489
210,5,耗材费,781951,5,625560,156391,533663,131595,5085.433846298509,5232.25166061091,0.9197594938486717,1.1434168709722705,0.9999999999999998,1.0189677435720528
211,10,耗材费,781951,5,625560,156391,500677,124141,5048.517629597928,5072.566464503426,0.9330795360216835,1.0314407129303906,0.9999999999999999,1.0105104053668823
212,15,耗材费,781951,5,625560,156391,477719,118649,5005.269822226542,5014.445849123986,0.9392022008007279,0.971635313107591,1.0000000000000002,1.0078969066510446
213,20,耗材费,781951,5,625560,156391,460549,114550,4907.063403391264,4891.292038062502,0.9440621658969724,0.9594659185002002,0.9999999999999999,1.0071936163962312
214,30,耗材费,781951,5,625560,156391,433388,107879,4810.1023264186515,4781.006938455887,0.9477619685043307,0.9612906680937473,1.0000000000000002,1.0068136875184848
215,50,耗材费,781951,5,625560,156391,394194,98275,4484.50648212709,4370.046350382865,0.9571361752865543,0.9537835108588801,1.0000000000000002,1.0051658044745764
216,100,耗材费,781951,5,625560,156391,335159,83664,4308.599235934366,4187.12282252252,0.9464338701547553,0.9352951350106121,0.9999999999999998,1.0042607323585029
217,5,耗材费,781951,6,625560,156391,530864,130838,5012.910632876285,5151.646998903302,0.9151172746776397,1.1410634840394012,0.9999999999999998,1.0191964092049162
218,10,耗材费,781951,6,625560,156391,496990,123182,4982.856831348954,5014.057921412345,0.9286051037814331,1.0288484069000208,0.9999999999999999,1.0107519896168977
219,15,耗材费,781951,6,625560,156391,473724,117645,4943.599151999987,4967.492775304113,0.9350656223252476,0.9684816454267948,1.0,1.0080361280197734
220,20,耗材费,781951,6,625560,156391,456137,113488,4838.361516253237,4837.850596772889,0.9402243559473069,0.9565747341943696,1.0000000000000002,1.007403684661052
221,30,耗材费,781951,6,625560,156391,429214,106857,4705.471028316553,4718.490481505743,0.9428007853053364,0.9542118435237716,0.9999999999999998,1.0067753287157006
222,50,耗材费,781951,6,625560,156391,389432,97142,4352.322968054845,4249.546530429366,0.9510353186961152,0.943593755207116,1.0000000000000002,1.0051236790842504
223,100,耗材费,781951,6,625560,156391,330467,82550,4086.745074564075,4016.334304562769,0.9412430787307039,0.922035033855243,1.0,1.0036650980659467
224,5,耗材费,781951,7,625560,156391,492757,120759,4668.09051686512,4781.9145538752555,0.8428175432901359,1.0241597668542226,0.9999999999999998,1.0207638258550622
225,10,耗材费,781951,7,625560,156391,452132,111653,4547.005624905258,4676.3230943307335,0.8581327941005897,0.9805300866564391,0.9999999999999999,1.0142451014015192
226,15,耗材费,781951,7,625560,156391,424654,105133,4442.654228835638,4602.316980300479,0.865600050847609,0.9157398177036264,1.0000000000000002,1.0108459771584124
227,20,耗材费,781951,7,625560,156391,403880,100158,4315.792643873687,4447.596422978031,0.872297164056774,0.9160697598147787,0.9999999999999997,1.0096498619560321
228,30,耗材费,781951,7,625560,156391,371408,92306,4112.884304768603,4137.222606786321,0.872118225286898,0.8853318292701281,0.9999999999999997,1.0072444671491019
229,50,耗材费,781951,7,625560,156391,327096,81577,3760.089565380285,3826.1812366574422,0.873489167406278,0.8831131149470677,0.9999999999999998,1.0056616744558307
230,100,耗材费,781951,7,625560,156391,262934,65780,3483.5302553308943,3463.3181489268813,0.8840873915970456,0.886084570011235,1.0,1.003582405463626
231,5,耗材费,781951,8,625560,156391,480222,117398,4556.794573021329,4753.092969114636,0.8259873010818012,0.987743294519265,1.0,1.0207542006077412
232,10,耗材费,781951,8,625560,156391,437276,107915,4422.881591224431,4615.308961215471,0.8424200615749804,0.9150629883213376,0.9999999999999998,1.0136407141423585
233,15,耗材费,781951,8,625560,156391,408808,101148,4341.331717684342,4558.858689867734,0.8511668485031585,0.8986560542447344,1.0000000000000002,1.0108189307759903
234,20,耗材费,781951,8,625560,156391,386581,95803,4206.6175745779,4406.195486561307,0.8582389997563282,0.8955824873982264,0.9999999999999997,1.0098785497517442
235,30,耗材费,781951,8,625560,156391,352946,87776,3885.2880101799956,3882.0194508118607,0.8604204591256951,0.8741520757390153,0.9999999999999999,1.0073217505003953
236,50,耗材费,781951,8,625560,156391,307300,76727,3693.751429432278,3767.3096326437812,0.8626935381415203,0.8763639227417352,1.0,1.0053921097699943
237,100,耗材费,781951,8,625560,156391,242803,60822,3372.8681019552637,3294.2210498362856,0.881377256969428,0.8838039901413705,1.0,1.0032567727533142
238,5,耗材费,781951,9,625560,156391,479769,117287,4556.929327094625,4753.231344111967,0.8254954099317807,0.9873144465380259,0.9999999999999999,1.0206744075260716
239,10,耗材费,781951,9,625560,156391,436776,107771,4422.145660343685,4613.639769665499,0.8419175575316716,0.9154653059166765,0.9999999999999999,1.0137015977442907
240,15,耗材费,781951,9,625560,156391,408260,100998,4339.736264880284,4560.090180834558,0.8506745518797723,0.8987259950148319,1.0,1.0108386424649982
241,20,耗材费,781951,9,625560,156391,385994,95640,4206.7600686204105,4407.01567611231,0.8579133039034373,0.8956417951517945,1.0000000000000002,1.0098070658236087
242,30,耗材费,781951,9,625560,156391,352349,87627,3885.27166333283,3882.372571317921,0.8600419397089037,0.8744057969219177,1.0,1.0073895594343532
243,50,耗材费,781951,9,625560,156391,306755,76588,3693.9106863073744,3768.2290636648636,0.8622264080080648,0.8765907494535972,0.9999999999999998,1.005470648832606
244,100,耗材费,781951,9,625560,156391,242554,60749,3372.282719625313,3294.726394592222,0.8808693577015617,0.8839716776081562,0.9999999999999999,1.0032990847338141
245,5,检查检验费,1854472,3,1483577,370895,1433255,356903,2370.6611719945645,2415.476009954562,0.6830726309404136,0.7211756597574716,1.0,1.0057981033884063
246,10,检查检验费,1854472,3,1483577,370895,1404005,349991,2367.3971452131022,2397.471177004806,0.6857060148277568,0.7181315618213696,1.0000000000000004,1.0046927386231437
247,15,检查检验费,1854472,3,1483577,370895,1381501,344605,2349.832511053811,2382.718058901939,0.6871439762366495,0.7184103682547589,0.9999999999999994,1.0043331025105593
248,20,检查检验费,1854472,3,1483577,370895,1362030,339696,2341.5218513934733,2339.553852247309,0.6881535820129224,0.7168161076071529,1.0000000000000002,1.0036761862855146
249,30,检查检验费,1854472,3,1483577,370895,1329615,331777,2328.703578949779,2324.80127164849,0.6897289624514555,0.7165880478134955,0.9999999999999997,1.0033155180215443
250,50,检查检验费,1854472,3,1483577,370895,1275413,318287,2312.713451055384,2303.7847955843076,0.6918428368751232,0.7175797370676146,1.0000000000000002,1.0030909616541475
251,100,检查检验费,1854472,3,1483577,370895,1184020,295088,2278.7108556200396,2291.1302126013056,0.6939988125801911,0.7179864815058001,0.9999999999999998,1.0024737450171424
252,5,检查检验费,1854472,4,1483577,370895,1406723,349693,2271.689593070263,2314.1878059647356,0.6651505096921884,0.702728085405694,0.9999999999999996,1.0060368746053643
253,10,检查检验费,1854472,4,1483577,370895,1369339,340918,2257.375507279128,2274.7818235430623,0.6687262778630612,0.7001650145532786,0.9999999999999994,1.0047465663685307
254,15,检查检验费,1854472,4,1483577,370895,1340854,334060,2244.713377951828,2253.972566750116,0.6708274075552831,0.7002304735390357,1.0000000000000004,1.0042373630216332
255,20,检查检验费,1854472,4,1483577,370895,1317861,328421,2237.481970503399,2215.881164449506,0.6720602917266046,0.6998802172127483,1.0,1.003887910088834
256,30,检查检验费,1854472,4,1483577,370895,1278914,318931,2224.0890422845046,2204.680972317957,0.6744640747938508,0.700595298775922,0.9999999999999997,1.0032911134548033
257,50,检查检验费,1854472,4,1483577,370895,1221542,304533,2184.1327497114994,2173.7641301532153,0.6768348528007317,0.7028529132077743,1.0,1.0032106205153184
258,100,检查检验费,1854472,4,1483577,370895,1122282,279520,2138.3163790771196,2120.1390328985167,0.6809183292705983,0.7029159264623349,1.0,1.002505684545887
259,5,检查检验费,1854472,5,1483577,370895,1333707,330016,2097.568226017686,2163.9422124234625,0.6182711104340788,0.6502163797318885,1.0,1.007726442805442
260,10,检查检验费,1854472,5,1483577,370895,1273543,316131,2068.19849518729,2119.583191944759,0.6229719767765122,0.6479500644886299,0.9999999999999998,1.0058416847573108
261,15,检查检验费,1854472,5,1483577,370895,1230587,305742,2045.673464678641,2083.130865769415,0.6257699280965997,0.6448222849000148,0.9999999999999997,1.0047334207243135
262,20,检查检验费,1854472,5,1483577,370895,1195956,297367,2032.0147182972923,2026.0372782886375,0.6277123906411349,0.6440916588815843,1.0000000000000002,1.0044747402625267
263,30,检查检验费,1854472,5,1483577,370895,1142524,284247,1981.4797471277025,1957.7618009899093,0.630021090396415,0.6429316875754367,1.0000000000000004,1.003795543662219
264,50,检查检验费,1854472,5,1483577,370895,1060582,263869,1913.2287209700964,1891.9613129911088,0.6329452398947603,0.6429938306122727,1.0,1.003486610879559
265,100,检查检验费,1854472,5,1483577,370895,933302,232299,1812.031217616336,1778.942451610806,0.6379133223903021,0.6449597750518239,1.0,1.0026322551421558
266,5,检查检验费,1854472,6,1483577,370895,1327647,328380,2086.676193965811,2154.35888345172,0.6172463591506012,0.6497491961394797,0.9999999999999997,1.0077979806039712
267,10,检查检验费,1854472,6,1483577,370895,1265718,314129,2056.638848432368,2077.6130931451007,0.6220740804501762,0.6470891557031403,0.9999999999999997,1.0058728202372773
268,15,检查检验费,1854472,6,1483577,370895,1221878,303568,2037.2165589717324,2038.5420454460784,0.6249063763103152,0.6437113277092323,1.0,1.0047605802472863
269,20,检查检验费,1854472,6,1483577,370895,1186610,295060,2021.55741717862,2020.4944325661813,0.6268892196300053,0.6435010327975974,1.0,1.0044276277967754
270,30,检查检验费,1854472,6,1483577,370895,1133095,281905,1974.3922567737397,1952.2105909762631,0.6292520779666622,0.6422845307640771,0.9999999999999993,1.0036766762107663
271,50,检查检验费,1854472,6,1483577,370895,1050336,261317,1905.8365215944755,1884.9586439507932,0.6322918405078992,0.6426946949864958,1.0,1.0037072575937807
272,100,检查检验费,1854472,6,1483577,370895,924112,230055,1801.8732278061325,1776.4902437513645,0.637244585614763,0.6444795464305779,0.9999999999999997,1.0026506994843962
273,5,检查检验费,1854472,7,1483577,370895,1261723,310873,1992.0325457353517,2036.4285054976376,0.6028528552657305,0.639419985428897,1.0000000000000002,1.0085955311495975
274,10,检查检验费,1854472,7,1483577,370895,1183850,292914,1953.8435040829108,1979.839706817658,0.609502613874231,0.6346641963397904,0.9999999999999998,1.0059579377254915
275,15,检查检验费,1854472,7,1483577,370895,1131336,280376,1926.0570264185692,1925.040080195915,0.612977126014895,0.6327791140290144,0.9999999999999993,1.0053752941778238
276,20,检查检验费,1854472,7,1483577,370895,1089732,270450,1915.2251131205041,1907.7711602924671,0.6155411095385281,0.631583763082442,0.9999999999999998,1.004790130128746
277,30,检查检验费,1854472,7,1483577,370895,1025550,254620,1848.1293956079865,1823.5401187674317,0.6191711037132319,0.6314036058819824,0.9999999999999997,1.0038546522462455
278,50,检查检验费,1854472,7,1483577,370895,934677,232301,1790.5047851918514,1764.8928870890525,0.6240461180214293,0.6321071864825973,0.9999999999999998,1.0032695677101282
279,100,检查检验费,1854472,7,1483577,370895,796926,198095,1752.5976001198667,1706.5555424704241,0.6332984544982654,0.6359748838882583,1.0,1.00208412983067
280,5,检查检验费,1854472,8,1483577,370895,1237848,304576,1965.3715002744889,2001.0308151661332,0.5969693762059388,0.6334655440014971,0.9999999999999998,1.0086918053401246
281,10,检查检验费,1854472,8,1483577,370895,1154792,285473,1921.406346360773,1941.1992626774193,0.603861761656181,0.62981328921203,1.0000000000000004,1.0060015037870047
282,15,检查检验费,1854472,8,1483577,370895,1099688,272323,1892.95849662977,1889.567424557152,0.6076769904437249,0.6279569792172915,1.0000000000000002,1.0051424128945512
283,20,检查检验费,1854472,8,1483577,370895,1055207,261602,1879.592914685676,1869.9094327243658,0.6103906660877871,0.6285795575009526,1.0000000000000002,1.0045464089104774
284,30,检查检验费,1854472,8,1483577,370895,988487,245305,1800.7946429880083,1773.0295572448879,0.61414207567289,0.6281738610498595,0.9999999999999997,1.003700734795061
285,50,检查检验费,1854472,8,1483577,370895,895258,222396,1762.0601279005114,1732.6563069922981,0.619542574501367,0.6299129165538006,1.0000000000000002,1.002840769228862
286,100,检查检验费,1854472,8,1483577,370895,755277,187704,1724.6048767389962,1681.5965408188058,0.6293094572510468,0.6345696789016901,0.9999999999999997,1.0021806659515935
287,5,检查检验费,1854472,9,1483577,370895,1236879,304327,1965.1352486140465,2000.0535178185655,0.5968989236238217,0.6333398768148524,0.9999999999999997,1.0086825263134371
288,10,检查检验费,1854472,9,1483577,370895,1153633,285192,1921.2284371801163,1941.0474005033195,0.6038071519539338,0.6298118895399683,0.9999999999999994,1.006067694076364
289,15,检查检验费,1854472,9,1483577,370895,1098411,271990,1893.097588721827,1889.6744700189643,0.6076552723926459,0.6280015880007666,0.9999999999999998,1.00524596736261
290,20,检查检验费,1854472,9,1483577,370895,1053937,261282,1879.7840855053464,1870.0233333227238,0.6103622790914814,0.6286625876594709,1.0000000000000004,1.0046464365534669
291,30,检查检验费,1854472,9,1483577,370895,987143,244989,1800.8930694630685,1772.8405702818616,0.6141450284634841,0.6281752473998768,0.9999999999999999,1.0037229133857433
292,50,检查检验费,1854472,9,1483577,370895,894075,222105,1762.2994711002334,1732.5487866081194,0.6196221548229998,0.6299297644548282,0.9999999999999994,1.0029143398266775
293,100,检查检验费,1854472,9,1483577,370895,754562,187537,1724.6164188580458,1681.562602105985,0.6292543445786245,0.6344833495984823,1.0000000000000002,1.0021791290974484
294,5,药品费,1698032,3,1358425,339607,1310131,326071,3606.135514438092,3768.3471062842445,0.9796450811055678,1.1036600569538486,1.0,1.0135704907874974
295,10,药品费,1698032,3,1358425,339607,1282237,319383,3560.734243738867,3564.9783291850495,0.9840055457532549,1.098180626656279,1.0000000000000004,1.011436741989446
296,15,药品费,1698032,3,1358425,339607,1261277,314316,3521.422693599491,3381.4356505765795,0.9863671517709797,1.0895959031297313,0.9999999999999997,1.0099707845950576
297,20,药品费,1698032,3,1358425,339607,1241991,309667,3510.8505939745287,3354.647275194319,0.9881205865555265,1.0468193639009238,1.0000000000000007,1.0080662179349353
298,30,药品费,1698032,3,1358425,339607,1211527,302164,3463.211270477687,3312.0543763919877,0.9895804618088793,1.0438070261882517,1.0000000000000004,1.0073430433011343
299,50,药品费,1698032,3,1358425,339607,1162549,289971,3429.4734521774694,3252.6352450147683,0.9924302576286514,1.031306179705131,1.0000000000000009,1.0058811395673906
300,100,药品费,1698032,3,1358425,339607,1075875,268547,3383.483776620796,3166.4530363804565,0.9946510723856389,1.0155309001346766,1.0000000000000007,1.0048594845487517
301,5,药品费,1698032,4,1358425,339607,1284937,319293,3358.2145078593085,3418.5548317553776,0.9263887652490651,1.0551535583723355,1.0000000000000004,1.0150485429617777
302,10,药品费,1698032,4,1358425,339607,1249387,310817,3305.738673585232,3362.8482944983184,0.9316305999320564,1.049667038861149,0.9999999999999997,1.0124875602370769
303,15,药品费,1698032,4,1358425,339607,1222619,304456,3291.980684557424,3183.5579769523792,0.9345525332329444,1.0442893960954565,1.0000000000000002,1.0111336203754504
304,20,药品费,1698032,4,1358425,339607,1200083,299037,3281.37171570658,3157.4961343678046,0.9362031006215611,0.9983811786119213,0.9999999999999994,1.0094211107393416
305,30,药品费,1698032,4,1358425,339607,1164407,290394,3265.912190007628,3090.0851430973175,0.9382947899105164,0.9976955332865661,1.0000000000000009,1.0086592691808074
306,50,药品费,1698032,4,1358425,339607,1112307,277419,3226.505924907716,3019.6912788204463,0.9409297652333911,0.97819797717909,1.0,1.006279551106905
307,100,药品费,1698032,4,1358425,339607,1015637,253520,3092.9765136285682,2892.427971329548,0.9421073385807966,0.9674771937579499,1.0000000000000002,1.0060155633234558
308,5,药品费,1698032,5,1358425,339607,1216398,300538,3100.833250974475,3179.4980160182977,0.8508407576401813,0.9911048268899334,1.0000000000000002,1.0158588746049626
309,10,药品费,1698032,5,1358425,339607,1159695,287627,3045.911432664947,3065.7616764008612,0.8578329475698507,0.9671128643534175,1.0000000000000002,1.01089719202828
310,15,药品费,1698032,5,1358425,339607,1119467,278029,3009.839118096046,2895.573979586879,0.8612043766367591,0.9623799914220953,0.9999999999999998,1.0091801984204036
311,20,药品费,1698032,5,1358425,339607,1087398,270343,2981.1790924004395,2765.314221243913,0.8630853730343616,0.9043335303508749,0.9999999999999996,1.007051175568772
312,30,药品费,1698032,5,1358425,339607,1037032,258298,2886.3144794195,2638.6585757513617,0.8655249545578223,0.9008275576394863,0.9999999999999998,1.0058707415981323
313,50,药品费,1698032,5,1358425,339607,961203,239463,2734.971745707919,2501.308565046938,0.8667679988702743,0.8941751302325707,1.0000000000000002,1.0044179282870973
314,100,药品费,1698032,5,1358425,339607,844275,210497,2559.6163814389824,2274.408595233568,0.8677842845574213,0.8792515838440699,0.9999999999999999,1.0027155503177452
315,5,药品费,1698032,6,1358425,339607,1210610,298925,3084.3091648872582,3016.371199096235,0.8484339608100384,0.995871145779799,1.0,1.0161719086955412
316,10,药品费,1698032,6,1358425,339607,1152584,285734,3023.4224374533123,2917.1165319208917,0.8555067120629557,0.9676333043014071,1.0,1.0108341389723023
317,15,药品费,1698032,6,1358425,339607,1111565,276015,2993.7076264300745,2860.76790381293,0.8588667553703568,0.9621174391501511,0.9999999999999998,1.0091983170442569
318,20,药品费,1698032,6,1358425,339607,1078614,268180,2964.4758449707715,2730.443774455918,0.8610064630518991,0.9042147779615455,1.0,1.007117350052049
319,30,药品费,1698032,6,1358425,339607,1028379,256155,2878.5533973097736,2598.055225774769,0.8633055786044879,0.900494130323241,1.0000000000000002,1.0058782189485442
320,50,药品费,1698032,6,1358425,339607,951801,237121,2725.6052204071743,2470.3154298042837,0.864841213521996,0.8910049809456213,1.0000000000000004,1.0041406075179264
321,100,药品费,1698032,6,1358425,339607,834667,208139,2524.6339684751056,2253.5278988092514,0.8660520980288441,0.8767414872524274,1.0000000000000002,1.0024118946736458
322,5,药品费,1698032,7,1358425,339607,1148592,282615,2924.006596900853,2788.9280556598496,0.8204055653353919,0.9739005497598476,1.0,1.0170404242475648
323,10,药品费,1698032,7,1358425,339607,1076207,266317,2835.825293731783,2643.8122654129893,0.8295124921209185,0.9446423009089446,1.0000000000000002,1.0108732516253633
324,15,药品费,1698032,7,1358425,339607,1026362,254514,2767.1985448540277,2509.855270443516,0.8338634299669835,0.9407870790892371,0.9999999999999998,1.0088279288488058
325,20,药品费,1698032,7,1358425,339607,989178,245675,2729.819626005743,2407.8563993446837,0.8364777811804669,0.8756967839133315,0.9999999999999997,1.0062637695767895
326,30,药品费,1698032,7,1358425,339607,927953,230888,2595.9889267301783,2311.7449111015276,0.8400672352311757,0.8675436999207522,0.9999999999999999,1.0050478658892794
327,50,药品费,1698032,7,1358425,339607,844974,210408,2504.031416679765,2226.173250591369,0.8436524037444101,0.8597029361178572,1.0000000000000002,1.0030527830107148
328,100,药品费,1698032,7,1358425,339607,717590,179089,2402.949287421286,2094.431027984115,0.8466073195898002,0.8481918964273019,1.0,1.0019567906557676
329,5,药品费,1698032,8,1358425,339607,1126201,276746,2885.7607724559352,2763.185601639087,0.8128075089670704,0.9670353549721518,1.0,1.0172840350079786
330,10,药品费,1698032,8,1358425,339607,1049170,259349,2778.4003085331115,2594.4373324055564,0.8226742721857493,0.9352474936102161,1.0,1.0108393379799125
331,15,药品费,1698032,8,1358425,339607,996408,246755,2723.942183186386,2428.0956017696894,0.8275959088940992,0.9294628130723647,0.9999999999999996,1.0085056345107921
332,20,药品费,1698032,8,1358425,339607,956690,237294,2686.5296603088223,2360.4489576591277,0.8305489629504198,0.8638728567839051,0.9999999999999998,1.0060362854849332
333,30,药品费,1698032,8,1358425,339607,894175,222251,2569.8743505344355,2255.384316546164,0.8346660293641788,0.8533239367131503,1.0,1.0041721111387238
334,50,药品费,1698032,8,1358425,339607,809800,201401,2474.154393516965,2175.515479334018,0.8393048190511604,0.848970807191594,0.9999999999999997,1.0026741678319624
335,100,药品费,1698032,8,1358425,339607,681351,170089,2403.7231185895025,2041.272552543081,0.8426955489541365,0.8331723489845374,1.0,1.0012747847370498
336,5,药品费,1698032,9,1358425,339607,1125340,276501,2885.800511745088,2763.394776630852,0.8124077523854079,0.9663399918368836,1.0,1.0172154106168947
337,10,药品费,1698032,9,1358425,339607,1048168,259073,2778.3886706885796,2594.7562409608845,0.8222917481362991,0.9345640223829654,0.9999999999999998,1.0107827430274963
338,15,药品费,1698032,9,1358425,339607,995294,246484,2724.135293645986,2428.2909747421086,0.8271740527699789,0.9291782265378183,1.0,1.008482007057908
339,20,药品费,1698032,9,1358425,339607,955615,237021,2686.9409513910628,2360.779809759077,0.8301510072502065,0.8636118660733995,1.0,1.0060360463996227
340,30,药品费,1698032,9,1358425,339607,893028,221967,2570.171329928523,2255.5480339272385,0.8342850497940787,0.8530287538538689,1.0000000000000004,1.004187914001119
341,50,药品费,1698032,9,1358425,339607,808644,201111,2469.6754401169705,2171.5913331797033,0.8388735620423984,0.8485670469393932,1.0000000000000002,1.0026315227832963
342,100,药品费,1698032,9,1358425,339607,680746,169943,2404.10756030029,2041.646123391201,0.8425183500333417,0.8328141565646865,0.9999999999999998,1.0012689713945337
343,5,总费用,1897313,3,1517850,379463,1467137,365188,10531.486006383104,9971.549544356521,0.6850222762693454,0.7162250940743733,1.0000000000000009,1.0056940756991162
344,10,总费用,1897313,3,1517850,379463,1438469,358412,10454.907890764547,9863.259811267259,0.6868797407017877,0.7066467687031652,0.9999999999999993,1.004258455547617
345,15,总费用,1897313,3,1517850,379463,1415337,352826,10348.167774840174,9758.083017548883,0.6875584752114985,0.6973903614126548,1.0,1.0034237392817056
346,20,总费用,1897313,3,1517850,379463,1395578,347954,10262.873931017724,9672.682251404007,0.6880962078393519,0.6954766722893605,1.0000000000000004,1.002973642151441
347,30,总费用,1897313,3,1517850,379463,1362798,339853,10135.098245353738,9595.555836512294,0.6883111730039476,0.6918166169373622,1.0000000000000002,1.0023556425635518
348,50,总费用,1897313,3,1517850,379463,1308240,326132,9946.339112455953,9416.881574780322,0.6878746784946316,0.6865291793157697,0.9999999999999997,1.0022059365800406
349,100,总费用,1897313,3,1517850,379463,1214577,302721,9730.345908110312,9217.890014131333,0.6857305199559076,0.6826211400109186,1.0,1.0018006545597178
350,5,总费用,1897313,4,1517850,379463,1440467,358111,9508.53541933753,8999.690497317757,0.6504517830943487,0.6767574931986663,1.0,1.0056981157675293
351,10,总费用,1897313,4,1517850,379463,1403157,349309,9384.126908995047,8800.658908072119,0.6531578902503156,0.6719287485643956,1.0,1.0042596304446345
352,15,总费用,1897313,4,1517850,379463,1374388,342377,9292.788757122069,8667.220958159358,0.6546779172874096,0.6586966783807461,1.0,1.0031067967952667
353,20,总费用,1897313,4,1517850,379463,1349784,336256,9203.571096488886,8609.015434842353,0.6556267510763972,0.6558557030313937,0.9999999999999994,1.0023629077534102
354,30,总费用,1897313,4,1517850,379463,1311613,326900,9041.982653957373,8473.157494979385,0.6566224264537678,0.6531411694784219,1.0000000000000002,1.0019575835631096
355,50,总费用,1897313,4,1517850,379463,1252993,312095,8808.33942367037,8301.408858113668,0.6575932521800368,0.6495648238427753,1.0000000000000002,1.0015862046772293
356,100,总费用,1897313,4,1517850,379463,1151600,287069,8521.731718893374,8024.567741710795,0.6567826996373552,0.6486220895481617,1.0000000000000002,1.0016578188955931
357,5,总费用,1897313,5,1517850,379463,1366611,338050,8542.982935322945,8088.069109647179,0.5874466686031055,0.6142294933136841,1.0000000000000004,1.0064095761974412
358,10,总费用,1897313,5,1517850,379463,1306353,324147,8377.383031503283,7903.732991344262,0.5911464579740784,0.6089025408006851,0.9999999999999997,1.004620887471144
359,15,总费用,1897313,5,1517850,379463,1262600,313720,8238.725511793547,7689.1558533834095,0.59285523961477,0.5990672689860382,1.0000000000000004,1.0034915337896542
360,20,总费用,1897313,5,1517850,379463,1228011,305317,8038.706384077098,7537.20622931258,0.5938772305230773,0.5953683467472974,1.0000000000000004,1.002921687928934
361,30,总费用,1897313,5,1517850,379463,1172798,291600,7697.566072622692,7249.329861753981,0.5945662682767832,0.593510610941831,1.0,1.0027313503882416
362,50,总费用,1897313,5,1517850,379463,1090647,271359,7171.802925114646,6866.584770965992,0.5942893494325263,0.5905899579133086,1.0000000000000007,1.0024526280496138
363,100,总费用,1897313,5,1517850,379463,961283,239246,6722.22871505255,6335.648933310485,0.5946627924061153,0.5872880146148607,0.9999999999999998,1.0021182611643744
364,5,总费用,1897313,6,1517850,379463,1360425,336456,8483.906953435322,8031.023268559124,0.5854071682186103,0.6138500735745579,0.9999999999999997,1.0065414787567863
365,10,总费用,1897313,6,1517850,379463,1298238,322039,8218.87353316827,7809.465116915212,0.5891916148107363,0.6085827161465156,1.0,1.0048504436870112
366,15,总费用,1897313,6,1517850,379463,1253728,311485,8071.290698796762,7640.313487050841,0.5907141962913878,0.5985610781533746,0.9999999999999998,1.003758894108065
367,20,总费用,1897313,6,1517850,379463,1218176,302901,7919.112054108555,7471.382873444264,0.5919255328018856,0.5950962324663998,0.9999999999999997,1.00322776244846
368,30,总费用,1897313,6,1517850,379463,1162692,289070,7613.575623383346,7177.928142703732,0.5925507471211927,0.5937791780728048,0.9999999999999998,1.0030742971370703
369,50,总费用,1897313,6,1517850,379463,1080648,268756,7083.781148073002,6762.259290746188,0.5927975784404594,0.5895501720852324,0.9999999999999998,1.0026322949098787
370,100,总费用,1897313,6,1517850,379463,951537,236781,6586.338397059285,6212.930086269392,0.5930105112452876,0.5862656400310398,0.9999999999999993,1.0022856071209703
371,5,总费用,1897313,7,1517850,379463,1293641,318786,7882.850233912313,7575.590211224636,0.5603169609224675,0.620096738831041,0.9999999999999997,1.0070011826000198
372,10,总费用,1897313,7,1517850,379463,1216390,300917,7538.339567099592,7214.4668320305245,0.5652890708822891,0.5823131836377506,1.0000000000000004,1.0047281479964885
373,15,总费用,1897313,7,1517850,379463,1162233,288161,7321.472383503742,6978.012605894676,0.567598798717764,0.5762672415828741,1.0,1.0033406807227445
374,20,总费用,1897313,7,1517850,379463,1120386,278131,7168.996263544566,6861.350786551659,0.5688351529293663,0.5738027862471662,1.0000000000000002,1.0027440296665169
375,30,总费用,1897313,7,1517850,379463,1054814,262078,6792.201486491531,6463.612284850476,0.5699705382524677,0.5723615069464864,1.0000000000000004,1.0024902090132493
376,50,总费用,1897313,7,1517850,379463,962851,239533,6331.478410816344,6088.404173481854,0.5715693570503954,0.5718915735428781,0.9999999999999998,1.0016793954337162
377,100,总费用,1897313,7,1517850,379463,820428,204137,5987.49610628718,5745.7859558072705,0.5759170632212985,0.5721273079493756,1.0000000000000002,1.0013127161149045
378,5,总费用,1897313,8,1517850,379463,1269794,312353,7715.088822015646,7437.059771892977,0.5538630800365293,0.5844113842432366,1.0000000000000002,1.00721598570724
379,10,总费用,1897313,8,1517850,379463,1186815,293326,7396.644188664029,7074.921787264949,0.5592035067032629,0.5771535847939809,0.9999999999999998,1.0048288625459485
380,15,总费用,1897313,8,1517850,379463,1129550,279896,7184.588776813713,6845.880896382619,0.5618685117429987,0.5717741000725838,0.9999999999999993,1.0036454693336172
381,20,总费用,1897313,8,1517850,379463,1085066,269173,7033.40056198088,6724.102187097421,0.5632133945067469,0.5688005837729854,1.0000000000000004,1.002737140943885
382,30,总费用,1897313,8,1517850,379463,1017206,252661,6486.600383960029,6225.534736887145,0.563886257120652,0.5678412740391584,1.0000000000000002,1.0025742868843193
383,50,总费用,1897313,8,1517850,379463,921883,229080,6202.499002022046,5980.796493682398,0.5664865298421454,0.5678875771938702,0.9999999999999999,1.0015400480775665
384,100,总费用,1897313,8,1517850,379463,779125,193692,5838.953960199294,5599.640558593455,0.5714299405831312,0.5659373582237722,0.9999999999999999,1.0007807525653534
385,5,总费用,1897313,9,1517850,379463,1268780,312112,7713.252572569776,7437.265740315517,0.5536565530272606,0.5843894071096555,0.9999999999999992,1.0072048481777682
386,10,总费用,1897313,9,1517850,379463,1185561,293033,7393.234306118574,7075.2325670121245,0.5589788806646943,0.5771579587353567,1.0,1.0048562943609505
387,15,总费用,1897313,9,1517850,379463,1128301,279564,7185.7224188202545,6848.218144410546,0.5616826198832076,0.571741094156305,1.0000000000000002,1.0036459345399367
388,20,总费用,1897313,9,1517850,379463,1083687,268830,7034.299895715895,6726.749061356904,0.5630210086820536,0.5688751738984796,0.9999999999999998,1.002763904200531
389,30,总费用,1897313,9,1517850,379463,1015794,252317,6487.302530925249,6227.786575241437,0.5637783293604831,0.5678742955742423,1.0000000000000002,1.0026242800582352
390,50,总费用,1897313,9,1517850,379463,920650,228755,6201.101890346735,5980.246222376806,0.5663406494251494,0.5676589046791762,1.0000000000000002,1.0015836983217796
391,100,总费用,1897313,9,1517850,379463,778425,193496,5840.019184717545,5600.476000371391,0.5712628377662666,0.5655897779848745,1.0,1.0007377604434167
392,5,耗材费,1195311,3,956248,239063,915854,227713,6480.944983254608,6481.714854811129,1.1810340426232215,1.3786517816927175,0.9999999999999999,1.0122152841850496
393,10,耗材费,1195311,3,956248,239063,894017,222564,6481.78924256091,6468.933574425198,1.1884840449484102,1.3266025741209604,1.0000000000000007,1.00765663805694
394,15,耗材费,1195311,3,956248,239063,877418,218590,6493.491405560537,6459.773116548927,1.1924749770024827,1.307593584939995,1.0,1.0055551328233936
395,20,耗材费,1195311,3,956248,239063,863413,215201,6494.662813461027,6446.21085940977,1.1953584549710876,1.291312210208362,1.0000000000000002,1.0042372138935203
396,30,耗材费,1195311,3,956248,239063,840701,209662,6471.633618397975,6424.71232709205,1.1993988753298213,1.2781146661366203,1.0000000000000002,1.001865393298089
397,50,耗材费,1195311,3,956248,239063,806369,201185,6377.06846618593,6323.958117275318,1.1992354112218313,1.2538363548599476,1.0000000000000002,0.9991754055932315
398,100,耗材费,1195311,3,956248,239063,746116,186074,6297.228173842538,6255.708368093695,1.2000798629334668,1.211576860381472,1.0,0.9965981642137022
399,5,耗材费,1195311,4,956248,239063,893303,221596,5828.53435729059,5745.2718231036415,1.1032979608800315,1.2744774012412303,1.0000000000000002,1.011234707330494
400,10,耗材费,1195311,4,956248,239063,864405,214901,5785.956447024589,5664.152688443334,1.1130404684715987,1.2280294234667364,1.0,1.0063565294206815
401,15,耗材费,1195311,4,956248,239063,844197,210082,5719.538508860255,5619.421492086664,1.1181988541717713,1.1947067401911207,1.0,1.003244792600169
402,20,耗材费,1195311,4,956248,239063,826658,205877,5712.839970760522,5582.999343811954,1.1217820953171855,1.194784328506099,0.9999999999999999,1.002266776986497
403,30,耗材费,1195311,4,956248,239063,799116,199255,5679.6783735714935,5565.389170464823,1.1269524384284682,1.1874174632476664,1.0,1.000753506017203
404,50,耗材费,1195311,4,956248,239063,760700,189560,5602.227425101775,5530.890673873184,1.128650476814505,1.1728844723973988,1.0000000000000002,0.9994649727440572
405,100,耗材费,1195311,4,956248,239063,693242,172614,5589.194877670062,5474.769789251899,1.134131492314909,1.1297328666910165,1.0000000000000004,0.9963440554136471
406,5,耗材费,1195311,5,956248,239063,837389,206441,5389.687442943244,5356.832865854786,0.9568496719493677,1.1548898296688872,1.0000000000000002,1.0129076768028107
407,10,耗材费,1195311,5,956248,239063,793358,196421,5259.226856213987,5151.128120836624,0.9688116061332055,1.096890216995895,1.0000000000000002,1.0071070876323385
408,15,耗材费,1195311,5,956248,239063,763757,189535,5244.742614766172,5133.4466776003965,0.9749342848991847,1.0200535448961265,1.0,1.0025993973758265
409,20,耗材费,1195311,5,956248,239063,739052,183579,5161.333177057138,5079.435540303748,0.9785376785945388,1.0148132372947345,0.9999999999999999,1.0014096271650264
410,30,耗材费,1195311,5,956248,239063,701280,174328,5052.878029299038,4987.648743985131,0.9837845929352591,0.9889935308971002,1.0,0.9988351063513857
411,50,耗材费,1195311,5,956248,239063,648951,161385,4937.946833862604,4885.426931804986,0.989598920086885,0.9804867465178592,1.0000000000000002,0.9972707008560873
412,100,耗材费,1195311,5,956248,239063,564832,140433,4562.413380361782,4469.867518013843,0.9869283328109678,0.9552837178181953,1.0,0.9951783224707959
413,5,耗材费,1195311,6,956248,239063,833390,205372,5333.19264725008,5281.566961786024,0.9517862048970591,1.135818660119608,1.0000000000000002,1.013181931378796
414,10,耗材费,1195311,6,956248,239063,788470,195113,5201.249387315881,5084.762468579241,0.9640418618332448,1.1018566462263168,0.9999999999999997,1.0075081003458362
415,15,耗材费,1195311,6,956248,239063,758219,188131,5169.803359463437,5055.307617477162,0.970276647745872,1.0256343819942968,1.0000000000000002,1.0028488918501446
416,20,耗材费,1195311,6,956248,239063,732919,182030,5096.566624905178,5012.687279340716,0.9743887540527773,1.0115216897678005,1.0,1.0010555997966561
417,30,耗材费,1195311,6,956248,239063,694846,172702,4980.725592770498,4916.430831910962,0.9800460491282607,0.9860349274801616,1.0000000000000004,0.9986958231972838
418,50,耗材费,1195311,6,956248,239063,642634,159803,4824.272299357557,4798.015622619028,0.985163421342797,0.978595062432383,1.0000000000000002,0.9972298425636531
419,100,耗材费,1195311,6,956248,239063,557851,138701,4381.848457362554,4338.211122120124,0.9819286206754045,0.9530099632435863,0.9999999999999998,0.9952466387798784
420,5,耗材费,1195311,7,956248,239063,780995,191589,4900.04049440466,4871.864081101,0.884025626863795,1.1531683674058502,1.0000000000000007,1.0169645756661498
421,10,耗材费,1195311,7,956248,239063,724889,178844,4780.929193269452,4728.626148027822,0.8992092583352591,1.100199543107839,1.0,1.008995781805203
422,15,耗材费,1195311,7,956248,239063,687768,170107,4669.930527235757,4652.7185092196005,0.907686873700329,1.083280997284344,1.0000000000000004,1.0051656586590687
423,20,耗材费,1195311,7,956248,239063,658653,163042,4620.890911141629,4613.332984912473,0.9119208005106044,0.974643736132171,0.9999999999999998,1.0016541597211766
424,30,耗材费,1195311,7,956248,239063,614526,152312,4470.454493444257,4459.262799613727,0.9187978094276221,0.9411317737840493,1.0000000000000004,0.9985526730581107
425,50,耗材费,1195311,7,956248,239063,551594,136955,4210.7733090885295,4241.194649840382,0.9172159154479796,0.9119460933364433,0.9999999999999998,0.9968115121578238
426,100,耗材费,1195311,7,956248,239063,456344,113513,3733.5624549693316,3774.2700262744274,0.9239938094341181,0.8221835957937372,1.0,0.9925673748775293
427,5,耗材费,1195311,8,956248,239063,763718,187065,4795.911929546998,4802.7500366701215,0.8625894429715648,1.144042084882511,0.9999999999999999,1.0178989880711242
428,10,耗材费,1195311,8,956248,239063,703564,173481,4639.765239624365,4641.203626405212,0.8784430140702373,1.0796330501039701,1.0,1.0098730192324583
429,15,耗材费,1195311,8,956248,239063,664833,164256,4569.632209314716,4564.681185412793,0.8871145225821584,1.061667753623848,1.0,1.0061659083792618
430,20,耗材费,1195311,8,956248,239063,634301,156917,4488.281756784233,4517.233203011553,0.8924271765476466,0.9544241802675482,1.0000000000000004,1.0028362829269934
431,30,耗材费,1195311,8,956248,239063,587772,145655,4365.207677172332,4373.8171332662405,0.9000081969533723,0.9386629970761707,1.0,0.9998686803377925
432,50,耗材费,1195311,8,956248,239063,523027,129912,3978.3831870222493,4040.2960752747954,0.903131339681208,0.9142260037162596,1.0,0.9974249569418128
433,100,耗材费,1195311,8,956248,239063,424629,105724,3668.653567322957,3696.546106429567,0.9138446109705813,0.8195444329663312,1.0,0.9921424753553315
434,5,耗材费,1195311,9,956248,239063,763012,186889,4795.712581227915,4803.299219509858,0.8622285261321161,1.1435342350709108,0.9999999999999999,1.0177279911652222
435,10,耗材费,1195311,9,956248,239063,702896,173326,4639.435277729301,4641.574576252893,0.8780804290383544,1.0793556809345535,1.0000000000000002,1.0098311014329773
436,15,耗材费,1195311,9,956248,239063,664039,164061,4569.457154117988,4565.130853484219,0.8868290341151102,1.061442716556388,1.0000000000000002,1.0061394847268144
437,20,耗材费,1195311,9,956248,239063,633397,156706,4487.970370799723,4513.410063913498,0.8922291225538469,0.9545584775878112,1.0000000000000002,1.002718912070597
438,30,耗材费,1195311,9,956248,239063,586866,145420,4364.94750759027,4373.863182074432,0.8998522490229185,0.9381721117225198,0.9999999999999996,0.9996995086449212
439,50,耗材费,1195311,9,956248,239063,522202,129720,3979.27229401426,4041.332553926493,0.9029635037362915,0.9145172259425169,1.0000000000000002,0.9974075239459157
440,100,耗材费,1195311,9,956248,239063,423881,105539,3669.6136895686445,3697.571917198504,0.9137942426277688,0.819784800498715,0.9999999999999998,0.9921263752781457
441,5,检查检验费,2824847,3,2259877,564970,2200579,547910,2448.1191187284776,2439.2189030124146,0.6897506145537969,0.7209964922876043,1.0,1.00402542725908
442,10,检查检验费,2824847,3,2259877,564970,2165703,539661,2424.4279058300895,2415.488322172875,0.6917004689936531,0.7184920476930453,1.0000000000000002,1.0031014636842954
443,15,检查检验费,2824847,3,2259877,564970,2137699,532932,2409.7492560701794,2404.7406587771625,0.6929385262001474,0.7186678822778648,0.9999999999999996,1.0028713508352152
444,20,检查检验费,2824847,3,2259877,564970,2113502,527029,2404.2240218713214,2387.7224501842365,0.6938162709147994,0.716167370621216,0.9999999999999998,1.0026259616342257
445,30,检查检验费,2824847,3,2259877,564970,2072912,516826,2389.4309563441793,2370.620569317288,0.6952032716278442,0.7162279166645948,0.9999999999999994,1.002211516260122
446,50,检查检验费,2824847,3,2259877,564970,2007827,500897,2366.618790459049,2359.1493883132453,0.6968087709752105,0.7172077281783721,0.9999999999999999,1.0020664213262924
447,100,检查检验费,2824847,3,2259877,564970,1885484,470452,2331.7884292233366,2336.4394265767637,0.698611092859317,0.7186725185676626,1.0000000000000002,1.0023298728106662
448,5,检查检验费,2824847,4,2259877,564970,2165550,538379,2338.3021297993405,2347.319856011007,0.6710413348994616,0.704448830039015,1.0000000000000002,1.0048755838137309
449,10,检查检验费,2824847,4,2259877,564970,2119071,527635,2313.555702956373,2317.621845280031,0.6738575884382515,0.7020755305105224,1.0,1.003708504471423
450,15,检查检验费,2824847,4,2259877,564970,2083805,519151,2296.7354550846544,2297.400108111129,0.6756933141897696,0.7021821389844225,1.0000000000000004,1.0032058479805062
451,20,检查检验费,2824847,4,2259877,564970,2052862,511628,2288.9488554638565,2284.62477078774,0.6770662074522812,0.7022765485712353,1.0,1.0030138938436164
452,30,检查检验费,2824847,4,2259877,564970,2003089,499224,2265.640093979074,2272.72276897325,0.6788181869716271,0.7029841613893851,1.0000000000000007,1.0028092092763747
453,50,检查检验费,2824847,4,2259877,564970,1927458,480640,2251.773841474805,2244.501492194207,0.6808984495438261,0.6999446602394457,1.0000000000000002,1.0027211869645105
454,100,检查检验费,2824847,4,2259877,564970,1797356,448379,2210.018196778868,2225.743990492571,0.6848008917443968,0.7031495568040117,1.0,1.0031345873334716
455,5,检查检验费,2824847,5,2259877,564970,2069197,512323,2171.385276588604,2185.03151294593,0.6210276001364436,0.6651629723412874,1.0000000000000004,1.0060409344282342
456,10,检查检验费,2824847,5,2259877,564970,1991079,494246,2131.259610810622,2135.2679846908477,0.6251523734426722,0.6633206607601365,1.0000000000000007,1.0044213303425817
457,15,检查检验费,2824847,5,2259877,564970,1934743,480782,2112.3602909629662,2105.7635945162997,0.6271469573253518,0.6634613954310163,0.9999999999999997,1.003929437632068
458,20,检查检验费,2824847,5,2259877,564970,1889391,469758,2094.1437551345357,2096.5479646775284,0.6288430983871266,0.6634194089429032,0.999999999999999,1.0034698758987495
459,30,检查检验费,2824847,5,2259877,564970,1816739,452007,2065.1113813013517,2048.638689977592,0.6311090218067283,0.6540056573786754,1.0000000000000002,1.0032275602276626
460,50,检查检验费,2824847,5,2259877,564970,1710563,425931,2018.5210306863623,2006.1185583910476,0.6336709630223599,0.6554248208029951,1.0000000000000002,1.0029244090363356
461,100,检查检验费,2824847,5,2259877,564970,1532375,381707,1895.3010527243268,1886.1645135161766,0.6370097146970944,0.6541833611834111,0.9999999999999997,1.0025060179939527
462,5,检查检验费,2824847,6,2259877,564970,2061001,510111,2164.6483593034463,2170.7013355609374,0.619973017963766,0.6648524954608681,1.0000000000000004,1.0062595377620163
463,10,检查检验费,2824847,6,2259877,564970,1980486,491386,2119.522753712608,2115.0255647924446,0.6242283494389887,0.6630804582918034,0.9999999999999997,1.0047243235360108
464,15,检查检验费,2824847,6,2259877,564970,1922829,477650,2100.2623172442636,2091.209500998323,0.6263351049942298,0.6633314098343197,1.0000000000000002,1.0041772768020012
465,20,检查检验费,2824847,6,2259877,564970,1876225,466282,2087.1842280620604,2085.0656027280374,0.6280094206712608,0.6632856170007467,0.9999999999999999,1.0036952143096751
466,30,检查检验费,2824847,6,2259877,564970,1801925,448172,2060.490762138882,2037.9321233089122,0.6303764684939694,0.6536325459448562,1.0000000000000002,1.0033276881031763
467,50,检查检验费,2824847,6,2259877,564970,1695536,422014,2012.480503816196,1997.2658359299405,0.6328302965849907,0.6548723591913294,1.0,1.0029006274635328
468,100,检查检验费,2824847,6,2259877,564970,1516753,377826,1888.694822137331,1873.7479031921466,0.6360647513797624,0.6525942845331949,0.9999999999999999,1.0024484899426205
469,5,检查检验费,2824847,7,2259877,564970,1970997,486110,2062.511307498404,2091.1814171361207,0.6055560590283832,0.6518909095696261,0.9999999999999993,1.0071575045312153
470,10,检查检验费,2824847,7,2259877,564970,1869472,462791,2018.326888407198,2026.058124505016,0.6112341335098735,0.6501741572756128,1.0000000000000002,1.0053740158845017
471,15,检查检验费,2824847,7,2259877,564970,1796395,445314,1997.0875538104456,1977.597631433338,0.6142496405894,0.64277079824023,0.9999999999999999,1.0040850140641648
472,20,检查检验费,2824847,7,2259877,564970,1740043,431852,1978.6851289708484,1966.711405836579,0.616529595430021,0.6439376916788894,0.9999999999999994,1.0038840014859756
473,30,检查检验费,2824847,7,2259877,564970,1653736,410935,1955.8940038632336,1920.835381656062,0.619818941257315,0.642632523577214,1.0000000000000002,1.0035495544659132
474,50,检查检验费,2824847,7,2259877,564970,1527896,380334,1880.6649683882426,1822.8093787608595,0.6234468370444667,0.6420323591883714,1.0000000000000002,1.002853503484367
475,100,检查检验费,2824847,7,2259877,564970,1332671,332008,1786.8611175987487,1777.5335219363092,0.6291243008020702,0.6490965969845253,1.0,1.0027524094530302
476,5,检查检验费,2824847,8,2259877,564970,1939018,477509,2032.4391556908377,2064.3189783050943,0.599216604832279,0.6485814127489755,0.9999999999999994,1.007459672330385
477,10,检查检验费,2824847,8,2259877,564970,1829411,452525,1988.811088745327,1996.9631855493221,0.6052559214823271,0.645128804157214,1.0000000000000007,1.005415579774514
478,15,检查检验费,2824847,8,2259877,564970,1752286,434194,1962.9669423589128,1952.310645755738,0.6084446711140085,0.6375163907045504,0.9999999999999996,1.0042369552897132
479,20,检查检验费,2824847,8,2259877,564970,1691598,419664,1946.4691307509795,1937.666942390374,0.6110456675652349,0.6375668808360099,1.0000000000000004,1.0038780574421888
480,30,检查检验费,2824847,8,2259877,564970,1598625,397240,1907.140463243038,1895.0478860174221,0.6144162911058376,0.6378432848669678,1.0000000000000007,1.003559053235645
481,50,检查检验费,2824847,8,2259877,564970,1470474,365961,1833.3051839214884,1798.3156936887217,0.6181274002608483,0.639243930343973,1.0000000000000002,1.0029597843852536
482,100,检查检验费,2824847,8,2259877,564970,1267086,315904,1759.0837473041922,1754.6125819162799,0.6248393336395783,0.6470416189929902,1.0,1.0024648909068685
483,5,检查检验费,2824847,9,2259877,564970,1937734,477144,2031.790596513074,2063.3061834740242,0.5991168356985035,0.6483564886763763,1.0000000000000002,1.00739596995635
484,10,检查检验费,2824847,9,2259877,564970,1827981,452117,1988.1762839574978,1995.6225952667892,0.6051791152045529,0.644908249897192,1.0,1.005354807707532
485,15,检查检验费,2824847,9,2259877,564970,1750558,433732,1962.4568711426964,1951.0541593997164,0.60839285207838,0.637321424667884,1.0000000000000002,1.0041819986259137
486,20,检查检验费,2824847,9,2259877,564970,1689695,419173,1946.3380465465516,1936.278077020704,0.6110046490311362,0.637409452728706,0.9999999999999993,1.003843455549984
487,30,检查检验费,2824847,9,2259877,564970,1596653,396748,1907.0989578608205,1893.4272162777977,0.6143635656509353,0.6375911039627876,1.0,1.0034967049594141
488,50,检查检验费,2824847,9,2259877,564970,1468578,365502,1833.2384035177572,1798.0607761855051,0.6181324673391349,0.6392464740792172,1.0000000000000007,1.0029300339894756
489,100,检查检验费,2824847,9,2259877,564970,1265581,315525,1758.9932262445739,1754.8266329632625,0.6249102130703039,0.6471653013802127,1.0000000000000002,1.002439302611856
490,5,药品费,2594861,3,2075888,518973,2018935,503034,3732.4610604544037,3546.5429794514544,0.9909692075309647,1.0670092103629465,0.9999999999999997,1.0087759425536111
491,10,药品费,2594861,3,2075888,518973,1984976,494941,3670.951210738917,3484.0185823270135,0.994343615739235,1.0591267947726812,0.9999999999999998,1.006692492880223
492,15,药品费,2594861,3,2075888,518973,1957815,488445,3653.7508058734197,3453.8121754919293,0.9963532600877335,1.0540476375213486,1.0000000000000002,1.0056390497371301
493,20,药品费,2594861,3,2075888,518973,1935157,482855,3632.1594423753672,3437.3692403116897,0.9976537356316714,1.0533612000350334,0.9999999999999994,1.0050310955169433
494,30,药品费,2594861,3,2075888,518973,1896492,473145,3569.886098629231,3404.5857676617734,0.9989941649062415,1.0400794432606322,1.0000000000000002,1.003958762921926
495,50,药品费,2594861,3,2075888,518973,1834778,457973,3530.6649439753564,3340.626894121461,1.0006095836832536,1.0329832001850827,1.0,1.0033438289223044
496,100,药品费,2594861,3,2075888,518973,1722597,430256,3488.064343490347,3280.5758296662193,1.0022946741340535,1.0327523389763948,0.9999999999999994,1.0026540955353642
497,5,药品费,2594861,4,2075888,518973,1985270,493788,3477.5633089012113,3300.4530430739633,0.9478962574733901,0.9885347788684133,1.0,1.0092870623543826
498,10,药品费,2594861,4,2075888,518973,1940553,483409,3444.523086134448,3262.1949137499514,0.9523799040202678,0.9813215406249525,0.9999999999999994,1.0070548943776403
499,15,药品费,2594861,4,2075888,518973,1906642,475242,3394.024309753661,3218.2958356195804,0.9549851376617773,0.9759528204680487,1.0000000000000002,1.0058518322669334
500,20,药品费,2594861,4,2075888,518973,1877936,468158,3377.723508712864,3204.1122846608523,0.9567567687721891,0.9747599465360073,0.9999999999999993,1.0051232463352555
501,30,药品费,2594861,4,2075888,518973,1832020,456965,3339.6423249939953,3161.544005182234,0.9587758118934645,0.9583890339095336,1.0000000000000002,1.0038310907738386
502,50,药品费,2594861,4,2075888,518973,1761740,439715,3298.5373270531295,3103.8688439172884,0.9605243315725277,0.9546594052265219,0.9999999999999999,1.003414114759244
503,100,药品费,2594861,4,2075888,518973,1640111,409728,3230.827861530322,3040.3423857359967,0.9633293608975279,0.9538022892538596,1.0000000000000002,1.0031348607213626
504,5,药品费,2594861,5,2075888,518973,1893898,469231,3238.627704544089,3136.0614060257944,0.8705160929046926,0.9210040915863624,0.9999999999999996,1.0121711301757552
505,10,药品费,2594861,5,2075888,518973,1819698,452028,3174.526814388201,3053.002179538107,0.8766841236223055,0.9057714773820287,1.0000000000000004,1.0084691189995703
506,15,药品费,2594861,5,2075888,518973,1767354,439602,3141.7395845228557,3016.0646876862506,0.8797120191203803,0.9005834599772163,0.9999999999999998,1.0068888726676533
507,20,药品费,2594861,5,2075888,518973,1724167,429095,3085.3315760392416,2966.914394347571,0.8819061084109795,0.8969563606824257,0.9999999999999994,1.0054517850039388
508,30,药品费,2594861,5,2075888,518973,1655900,412570,3026.4050451032917,2862.8375055656425,0.8838926482665125,0.8890337985509243,0.9999999999999991,1.0040110134251314
509,50,药品费,2594861,5,2075888,518973,1556883,388110,2885.5127999200186,2729.1812796477025,0.8860949158432728,0.8828676392881494,1.0,1.0030445305862443
510,100,药品费,2594861,5,2075888,518973,1392288,347296,2697.7853821359486,2568.458835703572,0.8860738257257182,0.8751625986003903,1.0,1.0021651205860531
511,5,药品费,2594861,6,2075888,518973,1886168,467128,3221.8819150363233,3124.0624720441597,0.8680700154933123,0.9181966346441269,1.0,1.0122656115312991
512,10,药品费,2594861,6,2075888,518973,1809509,449381,3156.060494900987,3036.7103188342207,0.8744627220775122,0.9053107488313089,0.9999999999999999,1.0085006876750346
513,15,药品费,2594861,6,2075888,518973,1756073,436690,3102.0806315929167,2984.790166712771,0.8775204413186343,0.8990856968789372,0.9999999999999998,1.0068643389056913
514,20,药品费,2594861,6,2075888,518973,1711513,425786,3068.60428116828,2935.3394511931815,0.879759108714539,0.8940071521621021,1.0000000000000004,1.00542632283132
515,30,药品费,2594861,6,2075888,518973,1642647,409150,3015.6889510555843,2834.7836637614205,0.8817710684586519,0.8865994478782537,1.0000000000000004,1.0038905896970747
516,50,药品费,2594861,6,2075888,518973,1543731,384825,2872.4371957711987,2708.0346873982326,0.8838775668722632,0.8810889032649732,0.9999999999999999,1.0031621278411653
517,100,药品费,2594861,6,2075888,518973,1377352,343540,2677.201943827532,2554.062197094609,0.8832501543171835,0.8721042812366872,1.0000000000000004,1.002188462996787
518,5,药品费,2594861,7,2075888,518973,1801886,444687,3047.8029657776065,2974.300286395251,0.8389763976060924,0.9018150284977322,1.0000000000000007,1.0135224683458295
519,10,药品费,2594861,7,2075888,518973,1704022,422272,2963.336910667602,2835.172559788658,0.847390827313356,0.8827544897857105,0.9999999999999999,1.0091331992289256
520,15,药品费,2594861,7,2075888,518973,1636536,406266,2902.437236582492,2770.9635145680304,0.8515056640487366,0.8738056890978989,1.0000000000000002,1.0066771567158825
521,20,药品费,2594861,7,2075888,518973,1584425,393668,2873.7089701887408,2708.527277451289,0.8545661478213726,0.8673704480677367,1.0000000000000002,1.0049332652621912
522,30,药品费,2594861,7,2075888,518973,1503977,374107,2817.571147983867,2610.8745332173035,0.8575582345803054,0.8659999361743023,1.0000000000000007,1.003879529391408
523,50,药品费,2594861,7,2075888,518973,1386210,344999,2635.7459490574643,2401.7143311636455,0.8601707468755084,0.8606827031217764,1.0000000000000004,1.003454938787921
524,100,药品费,2594861,7,2075888,518973,1204711,299915,2470.7462637320814,2262.322723348993,0.8632715532343609,0.8517143579689894,1.0000000000000007,1.001959056830137
525,5,药品费,2594861,8,2075888,518973,1772195,436729,3004.7110875587173,2919.1423024457918,0.8300690356575866,0.8939205910499674,1.0000000000000002,1.0142186775258515
526,10,药品费,2594861,8,2075888,518973,1666678,412663,2920.786883190676,2782.8171997912937,0.839213993557672,0.8748401460983015,0.9999999999999997,1.0095249733264398
527,15,药品费,2594861,8,2075888,518973,1595720,395779,2862.228103066621,2732.301930165667,0.8436346480855,0.8673131378761743,0.9999999999999994,1.007009438003422
528,20,药品费,2594861,8,2075888,518973,1539535,382280,2840.4726200421487,2663.842803219546,0.8466776429620502,0.8607061678639256,1.0000000000000004,1.0052992645559333
529,30,药品费,2594861,8,2075888,518973,1454008,361624,2733.559276176274,2564.553647117769,0.8501864640489174,0.858972088189137,0.9999999999999999,1.0043037320437007
530,50,药品费,2594861,8,2075888,518973,1333814,331969,2545.186388256409,2350.294769568239,0.8531515561600417,0.85358417558625,1.0000000000000004,1.0035832933515338
531,100,药品费,2594861,8,2075888,518973,1147057,285718,2436.130994134604,2227.8821426373715,0.856929671225637,0.848319392458369,1.0000000000000007,1.0021282278852774
532,5,药品费,2594861,9,2075888,518973,1771023,436440,3004.35831672074,2917.990615909403,0.8296505307643743,0.89306493718049,1.0000000000000002,1.014213332840613
533,10,药品费,2594861,9,2075888,518973,1665349,412321,2920.6668951867396,2781.596847666229,0.8387978387218544,0.8738649894081262,0.9999999999999999,1.0094530367390082
534,15,药品费,2594861,9,2075888,518973,1594101,395359,2861.5738713907394,2731.4875836744336,0.8432750289077113,0.8668217445092793,1.0000000000000002,1.0069602154393775
535,20,药品费,2594861,9,2075888,518973,1537773,381856,2840.705058125787,2663.7341552632884,0.8462988522470343,0.860223769276288,1.0000000000000002,1.0052482648192762
536,30,药品费,2594861,9,2075888,518973,1452194,361163,2733.6583453608496,2564.8705464354052,0.8497513081874948,0.858912206341734,1.0000000000000002,1.0043187676199175
537,50,药品费,2594861,9,2075888,518973,1332062,331538,2545.8289169441514,2350.3742322088083,0.8528478608437825,0.8534296833164715,1.0,1.003510349482945
538,100,药品费,2594861,9,2075888,518973,1145416,285306,2437.1761678161693,2227.710042669924,0.8568218331733958,0.8480795816715783,1.0000000000000002,1.0020291472668443
539,5,总费用,2890342,3,2312273,578069,2252922,560857,10704.320494636533,11278.132258491332,0.6986054616078867,0.7492664975435893,1.0000000000000004,1.0053516150073563
540,10,总费用,2890342,3,2312273,578069,2217956,552462,10586.870649960938,11060.31455276472,0.7001289520347231,0.733938864234402,1.0000000000000002,1.0038147386694454
541,15,总费用,2890342,3,2312273,578069,2189292,545605,10539.289372333471,10897.217774280953,0.7007563740208199,0.7225969565036232,0.9999999999999996,1.003022610632623
542,20,总费用,2890342,3,2312273,578069,2165647,539886,10493.120731784067,10828.369248020255,0.7011081622560269,0.7188552647574329,0.9999999999999996,1.0027605121254564
543,30,总费用,2890342,3,2312273,578069,2124511,529675,10396.584993954284,10702.85142008845,0.701538860584806,0.715095965698536,1.0000000000000002,1.0020905470056414
544,50,总费用,2890342,3,2312273,578069,2058606,513418,10263.551113080555,10547.351319275433,0.7017031356560015,0.7104864419942564,0.9999999999999999,1.0017325442374982
545,100,总费用,2890342,3,2312273,578069,1934879,482603,10009.29874036047,10105.178179633793,0.7000746239221335,0.6980738725304447,1.0000000000000004,1.000825545867259
546,5,总费用,2890342,4,2312273,578069,2217958,551489,9673.114697862433,10109.009700959457,0.6633387139186424,0.6994915019197501,0.9999999999999998,1.0052586005540423
547,10,总费用,2890342,4,2312273,578069,2170531,540454,9523.049903445659,9937.55692189986,0.6657399147958993,0.6863317348060843,1.0000000000000004,1.003915031446636
548,15,总费用,2890342,4,2312273,578069,2134685,531758,9442.311320574316,9524.525970847988,0.6670241537150252,0.6832140004264176,1.0000000000000004,1.0033816757314602
549,20,总费用,2890342,4,2312273,578069,2104050,524294,9408.178377467524,9447.276265381026,0.6679075694705202,0.6798865590671933,1.0000000000000009,1.0030337237487759
550,30,总费用,2890342,4,2312273,578069,2055208,512433,9249.972596607455,9352.410272249468,0.6688662522638914,0.6776432328834309,1.0000000000000004,1.0024086390477562
551,50,总费用,2890342,4,2312273,578069,1978388,493275,9101.833043012415,9241.359882978515,0.669869242507108,0.6752557632759678,0.9999999999999997,1.0021887944957935
552,100,总费用,2890342,4,2312273,578069,1843557,459837,8838.107953772043,9071.577612205776,0.6708746250780411,0.6700951860012991,0.9999999999999998,1.0017242092772158
553,5,总费用,2890342,5,2312273,578069,2119912,524865,8769.10455614206,9382.376040765514,0.5971218448767719,0.6384025845874162,1.0000000000000007,1.0065613198799996
554,10,总费用,2890342,5,2312273,578069,2041062,506637,8585.142266553075,8732.359559106912,0.6004720035761951,0.6178853547078167,1.000000000000001,1.0043171857924362
555,15,总费用,2890342,5,2312273,578069,1984792,493303,8481.810808299384,8589.058669252212,0.6018162321280012,0.6146828102474973,0.9999999999999999,1.003516207650491
556,20,总费用,2890342,5,2312273,578069,1938616,482181,8307.28820947488,8461.656602113322,0.6030335639389152,0.6139413749978535,0.9999999999999998,1.0031589353805592
557,30,总费用,2890342,5,2312273,578069,1864609,464297,8107.512402734233,8274.29802503384,0.6036245609644011,0.6118201457859644,1.0000000000000002,1.0028907545851966
558,50,总费用,2890342,5,2312273,578069,1758059,437803,7748.276823293272,7952.834463923977,0.6044490803707723,0.6081665399461258,0.9999999999999999,1.0022022332378153
559,100,总费用,2890342,5,2312273,578069,1576083,392620,7131.490937533321,7266.109533333992,0.6029083466122163,0.6009683045372874,1.0000000000000002,1.0019902780722862
560,5,总费用,2890342,6,2312273,578069,2111608,522676,8686.235675816491,9345.495250149992,0.5951516702265223,0.6373934278551593,0.9999999999999998,1.006665257320621
561,10,总费用,2890342,6,2312273,578069,2030503,503863,8460.001898147873,8654.82562720786,0.5986381977352547,0.6163909692000532,1.0000000000000004,1.004251571416953
562,15,总费用,2890342,6,2312273,578069,1972220,490062,8342.124587537432,8522.24260976109,0.6000370639598435,0.6134378022375078,1.0,1.003482624900865
563,20,总费用,2890342,6,2312273,578069,1925099,478682,8216.865186665584,8406.911819409184,0.6011754594287563,0.6127418546175971,0.9999999999999999,1.0031525025371097
564,30,总费用,2890342,6,2312273,578069,1849400,460415,8008.083425210928,8215.881589606832,0.6017880252581855,0.6105719425609746,1.0000000000000002,1.0029202336254817
565,50,总费用,2890342,6,2312273,578069,1743035,433990,7637.657591182517,7875.102014777678,0.602581675614469,0.607441834549032,1.0000000000000004,1.0022884009020052
566,100,总费用,2890342,6,2312273,578069,1560349,388613,7024.418587446431,7177.6129498697155,0.6006847038069889,0.5979912662629309,0.9999999999999996,1.001960583615423
567,5,总费用,2890342,7,2312273,578069,2020920,498575,8134.6764817296635,8487.712130240036,0.5712493775354375,0.6022266560449571,1.0000000000000007,1.0067930033912702
568,10,总费用,2890342,7,2312273,578069,1918232,474903,7883.796635930375,8169.50088923655,0.575807396482859,0.5968323904525201,0.9999999999999998,1.0046587823359394
569,15,总费用,2890342,7,2312273,578069,1844917,457666,7716.431458220688,7878.3586322751735,0.5779565813622838,0.5933931182511585,1.0000000000000002,1.0038932232650553
570,20,总费用,2890342,7,2312273,578069,1786639,443517,7531.176233730009,7759.031667726685,0.57938699939089,0.5936981323689953,1.0,1.0038920379346594
571,30,总费用,2890342,7,2312273,578069,1698742,422135,7329.330153202349,7506.385905964724,0.5806671686815463,0.5918502630474586,0.9999999999999999,1.0033173096522239
572,50,总费用,2890342,7,2312273,578069,1573323,391278,6853.595923471207,7098.06326065136,0.5818646747932057,0.5857993415200922,1.0000000000000002,1.0023824689596614
573,100,总费用,2890342,7,2312273,578069,1373283,342012,6301.782965438412,6476.8117867957435,0.5846571602752224,0.5821096703837306,0.9999999999999997,1.0020630551640552
574,5,总费用,2890342,8,2312273,578069,1988778,490092,7989.74099050438,8365.14484058676,0.5642736863022869,0.6009731544619289,1.0000000000000009,1.0073138199964788
575,10,总费用,2890342,8,2312273,578069,1876984,464476,7729.476873777645,7972.989482764849,0.569192474103901,0.5950477710676592,1.0000000000000002,1.0048756022388037
576,15,总费用,2890342,8,2312273,578069,1799738,446264,7542.735040381834,7782.9252194593655,0.5714009025677357,0.5919558887144803,1.0000000000000002,1.0041626187027926
577,20,总费用,2890342,8,2312273,578069,1737952,431335,7364.987222581868,7646.565178440324,0.5729481784580597,0.5917497783299707,0.9999999999999998,1.0038920882215598
578,30,总费用,2890342,8,2312273,578069,1643938,408534,7100.767185841673,7359.75285377427,0.5744306115455742,0.5845465131078128,0.9999999999999996,1.0032277052704666
579,50,总费用,2890342,8,2312273,578069,1513579,376466,6583.3769455904785,6704.884197266311,0.5757392778264251,0.5807639325458351,0.9999999999999999,1.0024701701115761
580,100,总费用,2890342,8,2312273,578069,1306729,325508,6141.717394060037,6319.4989622622115,0.5794057703336907,0.5778352102699547,1.0,1.0017261827831254
581,5,总费用,2890342,9,2312273,578069,1987413,489716,7985.402447358521,8362.517112855914,0.5640337653146461,0.6000578646098856,1.0000000000000009,1.0072810760852464
582,10,总费用,2890342,9,2312273,578069,1875436,464057,7725.851387862299,7970.147375032693,0.5689378481327707,0.5940742383766747,0.9999999999999996,1.0048445478055172
583,15,总费用,2890342,9,2312273,578069,1798079,445810,7540.701274752665,7780.205358650602,0.5712012041373884,0.5909246575314433,1.0000000000000002,1.0040890424771423
584,20,总费用,2890342,9,2312273,578069,1736066,430841,7362.466055898955,7644.174877598664,0.5727106695200995,0.5906539457216232,0.9999999999999998,1.003830587143753
585,30,总费用,2890342,9,2312273,578069,1641774,407987,7100.025598285481,7357.049781303781,0.5742091403214161,0.5832972133623221,1.0000000000000002,1.0031298383951779
586,50,总费用,2890342,9,2312273,578069,1511566,375954,6583.166662773185,6701.503420690009,0.5756672420920284,0.5806962113053615,0.9999999999999999,1.0024436755214399
587,100,总费用,2890342,9,2312273,578069,1305210,325133,6141.995488621339,6314.974835374998,0.5792620369527416,0.5776854277568433,1.0000000000000002,1.0017022021506699
588,5,耗材费,1586206,3,1268964,317242,1223384,304566,6536.759237372877,6889.262229638882,1.184176688289367,1.4267515244923183,0.9999999999999998,1.0136051528211754
589,10,耗材费,1586206,3,1268964,317242,1198285,298797,6530.270733899213,6866.529388797128,1.1906343637179362,1.388558193785853,1.0000000000000004,1.0090219553841744
590,15,耗材费,1586206,3,1268964,317242,1178961,294195,6523.53651859856,6879.4886875768525,1.1941207204009912,1.3660491534092394,0.9999999999999992,1.0076561899861072
591,20,耗材费,1586206,3,1268964,317242,1162138,290122,6519.479585089603,6853.260715570325,1.1965901164064836,1.3375681480234405,0.9999999999999996,1.0060903625150872
592,30,耗材费,1586206,3,1268964,317242,1135512,283547,6525.20374695896,6834.712018372387,1.1991832601228292,1.3141165492781273,1.0,1.004200396756223
593,50,耗材费,1586206,3,1268964,317242,1094127,273450,6515.589015784466,6737.373584581867,1.200769776432516,1.3005000394995658,1.0000000000000002,1.002169337568152
594,100,耗材费,1586206,3,1268964,317242,1023757,255914,6382.165229214441,6650.016278883951,1.196514247973258,1.2938996147563613,1.0,1.0013588431231486
595,5,耗材费,1586206,4,1268964,317242,1195898,297326,5862.155367784529,6157.688953368773,1.0892562786232165,1.2883283799812077,1.0000000000000004,1.0132561891962875
596,10,耗材费,1586206,4,1268964,317242,1161991,289573,5831.618743355846,6099.992169145857,1.0969692059901843,1.2690817779201171,0.9999999999999992,1.009976164544172
597,15,耗材费,1586206,4,1268964,317242,1137157,283524,5813.634639576198,6012.907202062603,1.1014030438087006,1.236925105473938,1.0000000000000002,1.0079392864161998
598,20,耗材费,1586206,4,1268964,317242,1117453,278774,5744.806604649241,5915.677537201243,1.1044514607065075,1.2085621770840898,1.0000000000000002,1.0056744265334174
599,30,耗材费,1586206,4,1268964,317242,1084181,270699,5722.012457100278,5892.293418759449,1.1075996055603452,1.1968601124438027,0.9999999999999993,1.0043035460651357
600,50,耗材费,1586206,4,1268964,317242,1036609,258919,5715.30368657488,5828.254409586736,1.1103825944193704,1.1820651831922084,0.9999999999999996,1.0023612301969294
601,100,耗材费,1586206,4,1268964,317242,957849,239314,5650.221838767152,5789.519221185788,1.1089884219848065,1.1764325555703152,1.0000000000000004,1.0020537167875734
602,5,耗材费,1586206,5,1268964,317242,1128058,278895,5442.227172218229,5721.045321770348,0.9584092055854172,1.2103830422896866,1.0000000000000002,1.0171426292016987
603,10,耗材费,1586206,5,1268964,317242,1075607,267160,5353.650037339094,5528.617514553326,0.9686758927599676,1.1424122441808198,1.0,1.0115102679812629
604,15,耗材费,1586206,5,1268964,317242,1037224,258106,5349.048979763697,5489.871616998051,0.9743435030625031,1.0731899415299548,0.9999999999999996,1.007820381184207
605,20,耗材费,1586206,5,1268964,317242,1008323,251179,5276.100468384327,5431.629947049166,0.9777538516830974,1.060680222481707,0.9999999999999997,1.0063433255887944
606,30,耗材费,1586206,5,1268964,317242,962259,239832,5210.247933291273,5322.981855915839,0.980669871154433,1.0399588929291594,0.9999999999999997,1.0045498862806312
607,50,耗材费,1586206,5,1268964,317242,897128,223657,5089.572401301043,5168.328853894163,0.9851857636123269,0.9975315682103284,1.0000000000000002,1.0024246735435347
608,100,耗材费,1586206,5,1268964,317242,792019,197760,4690.54065483322,4743.647633596383,0.9906207208215682,0.9720168817982617,1.0000000000000002,1.0014075394393995
609,5,耗材费,1586206,6,1268964,317242,1123163,277605,5385.627900686276,5659.903547669322,0.9520719268748634,1.189111975563478,1.0000000000000002,1.0169903883972107
610,10,耗材费,1586206,6,1268964,317242,1069387,265569,5296.340058869287,5484.232669215634,0.962606163397606,1.1585795285881164,1.0000000000000002,1.0120355699082868
611,15,耗材费,1586206,6,1268964,317242,1030178,256248,5285.28315624969,5438.419698555997,0.968507537354101,1.1171411758818535,0.9999999999999999,1.008928456389446
612,20,耗材费,1586206,6,1268964,317242,1000822,249167,5203.970845479101,5381.9126890409325,0.9720162473298585,1.1059964103663962,0.9999999999999999,1.0072763206416935
613,30,耗材费,1586206,6,1268964,317242,954005,237684,5136.144318956363,5266.9443667447795,0.975221014977517,1.0869713673764925,0.9999999999999999,1.00532833073817
614,50,耗材费,1586206,6,1268964,317242,888947,221597,4981.623726097991,5061.443449573617,0.979767962030163,0.9967065208241607,0.9999999999999999,1.0024394379642065
615,100,耗材费,1586206,6,1268964,317242,782896,195415,4541.2292184556445,4597.319533396181,0.9841850688129564,0.9695139826014845,1.0000000000000002,1.0012745394409612
616,5,耗材费,1586206,7,1268964,317242,1058454,260629,4972.222842616789,5178.070052160843,0.883909600294558,1.2126936251669884,0.9999999999999998,1.0211789039178523
617,10,耗材费,1586206,7,1268964,317242,989461,245031,4881.276102381749,5055.381812239894,0.8968591011130697,1.2016774568134314,1.0000000000000002,1.015894025012198
618,15,耗材费,1586206,7,1268964,317242,943158,234018,4814.696770774216,4941.862031240161,0.9040982723473269,1.1268757690428333,0.9999999999999999,1.011815892226339
619,20,耗材费,1586206,7,1268964,317242,907081,225572,4743.567634168149,4876.167895626733,0.9083996629576527,1.1071447464243382,1.0000000000000002,1.008903174181954
620,30,耗材费,1586206,7,1268964,317242,851120,211773,4646.543599301295,4776.217811214772,0.9132230095540338,1.0203713512764623,1.0000000000000004,1.0054825894993127
621,50,耗材费,1586206,7,1268964,317242,775421,193121,4519.322375403461,4577.938316044229,0.9154249331373474,0.9815016308382534,1.0,1.0033252908994388
622,100,耗材费,1586206,7,1268964,317242,655392,163399,3941.390849728602,3982.245464342273,0.905070713004732,0.8974251835910331,1.0000000000000004,1.0019043723989145
623,5,耗材费,1586206,8,1268964,317242,1036881,254822,4878.628555474138,5053.325834474315,0.8640316385036114,1.2196088579433522,1.0,1.0216829024243448
624,10,耗材费,1586206,8,1268964,317242,963144,238193,4783.251236244909,4908.517953884944,0.8776495262815639,1.2038704858797458,1.0,1.016622088528307
625,15,耗材费,1586206,8,1268964,317242,914083,226633,4703.549297091709,4813.979574776602,0.8849845289983574,1.1309911806145216,1.0000000000000002,1.0126896536217889
626,20,耗材费,1586206,8,1268964,317242,876232,217739,4624.053959583164,4754.855397428702,0.8898601390356143,1.1169970728175338,1.0000000000000002,1.0101159679559952
627,30,耗材费,1586206,8,1268964,317242,818329,203427,4559.596561149175,4675.1414387660625,0.8959846845310993,1.0361115068078721,0.9999999999999999,1.0071288523830537
628,50,耗材费,1586206,8,1268964,317242,737136,183341,4322.201867950387,4317.669495696066,0.8994642904608141,0.9832034639144372,0.9999999999999997,1.0036483670771468
629,100,耗材费,1586206,8,1268964,317242,612100,152440,3875.7552330238805,3906.100805282055,0.893637612365466,0.8902289662899691,1.0,1.002150935529302
630,5,耗材费,1586206,9,1268964,317242,1036075,254610,4878.601771248612,5054.1895477618555,0.8637390871342512,1.219248526977098,0.9999999999999998,1.0216939148717783
631,10,耗材费,1586206,9,1268964,317242,962274,237991,4783.467163128587,4909.496777608582,0.8774137765725415,1.203444373388569,0.9999999999999996,1.016625656708741
632,15,耗材费,1586206,9,1268964,317242,913084,226395,4703.780837612552,4815.206123136113,0.884728551004287,1.1304620385964055,0.9999999999999999,1.0127577849635565
633,20,耗材费,1586206,9,1268964,317242,875079,217456,4623.566404113242,4755.247676273559,0.8897539028942476,1.1165997655167286,1.0000000000000002,1.0101897699346558
634,30,耗材费,1586206,9,1268964,317242,816984,203126,4557.4383660143185,4674.346254056419,0.8959054189990844,1.035604194898372,1.0000000000000002,1.0071414592532826
635,50,耗材费,1586206,9,1268964,317242,736053,183083,4323.387622402912,4318.962977509704,0.8994974824967695,0.9829799411127564,1.0000000000000002,1.0036282137817556
636,100,耗材费,1586206,9,1268964,317242,610684,152100,3876.1312099460156,3906.688774699096,0.8938870324969138,0.8899028919154826,1.0,1.0021189683549376
637,5,检查检验费,3771512,3,3017209,754303,2951405,735563,2448.5424105228203,2426.5016250717936,0.6919225607266432,0.719336899140378,1.0000000000000002,1.0026498107084083
638,10,检查检验费,3771512,3,3017209,754303,2911996,726215,2439.170353176525,2403.569144812495,0.6936073862390226,0.7175211682705883,0.9999999999999999,1.001839293826761
639,15,检查检验费,3771512,3,3017209,754303,2880379,718706,2419.7616534726235,2391.1007809045736,0.6946270428548809,0.7164512555416224,1.0000000000000002,1.0013511987293209
640,20,检查检验费,3771512,3,3017209,754303,2852520,711738,2414.5436634247326,2383.1034031973873,0.6953478405193392,0.7161841004205047,1.0000000000000002,1.0010235512888532
641,30,检查检验费,3771512,3,3017209,754303,2805252,700082,2398.930407382711,2370.459519969104,0.6962498917935654,0.7156569389575316,1.0000000000000002,1.0008248226743048
642,50,检查检验费,3771512,3,3017209,754303,2729660,681343,2381.823509664485,2343.2024337609414,0.6974208792058201,0.7137933405967019,0.999999999999999,1.0005385098523023
643,100,检查检验费,3771512,3,3017209,754303,2586435,645568,2343.2915011618206,2315.910081024827,0.6986040362272631,0.7156071218507465,1.0,1.0004960367146833
644,5,检查检验费,3771512,4,3017209,754303,2909061,724188,2337.159127796617,2339.4182735694308,0.6728587878947377,0.697329767149131,0.999999999999999,1.0030723379217494
645,10,检查检验费,3771512,4,3017209,754303,2855452,711540,2319.4779167843158,2302.7595826480406,0.6752723725839919,0.6948171454163802,1.0000000000000002,1.0019222789502247
646,15,检查检验费,3771512,4,3017209,754303,2814238,701678,2303.718753484603,2294.828207457149,0.6768241275750939,0.6945341327725503,1.0000000000000002,1.001496655514641
647,20,检查检验费,3771512,4,3017209,754303,2778762,692996,2292.966613228926,2284.159127239961,0.6778820251297011,0.6936549748003358,1.0000000000000004,1.000965347509112
648,30,检查检验费,3771512,4,3017209,754303,2720428,678705,2275.4266889492746,2255.9283657833307,0.6794497779389123,0.6925909107088206,1.0,1.0007545232185746
649,50,检查检验费,3771512,4,3017209,754303,2630049,656418,2255.2355280966053,2239.4959574776453,0.6812408384693203,0.6936214169915452,1.0000000000000004,1.0006597765683087
650,100,检查检验费,3771512,4,3017209,754303,2472892,617191,2219.4612930150433,2194.9769178224165,0.6839143940375421,0.6940024391284529,0.9999999999999997,1.0003592805292858
651,5,检查检验费,3771512,5,3017209,754303,2792973,692589,2186.943685540629,2196.6800295829826,0.6237254031058214,0.6490344843237179,1.000000000000001,1.0042191461718724
652,10,检查检验费,3771512,5,3017209,754303,2700203,671110,2142.936299291183,2148.9653961541453,0.6273147131454719,0.6463480741724732,0.9999999999999994,1.0029283818730241
653,15,检查检验费,3771512,5,3017209,754303,2633733,655232,2116.517139908739,2120.1201609898744,0.6291772752903113,0.6442185394386337,1.0,1.0021920990791007
654,20,检查检验费,3771512,5,3017209,754303,2578275,641645,2100.599198960194,2101.30356960152,0.6304050837322815,0.6439232954924073,1.0000000000000007,1.0018046089843933
655,30,检查检验费,3771512,5,3017209,754303,2491449,620572,2075.8949480103865,2083.603518436348,0.6322823550506949,0.645242971863415,0.9999999999999997,1.0016031165648538
656,50,检查检验费,3771512,5,3017209,754303,2359853,588106,2037.7883683979474,2026.256329748167,0.6345841606774713,0.6415701871738597,1.0000000000000009,1.001304003256079
657,100,检查检验费,3771512,5,3017209,754303,2138604,533307,1932.2289364287271,1935.645072449429,0.6372199992470144,0.643184807721513,0.9999999999999998,1.0007875013611789
658,5,检查检验费,3771512,6,3017209,754303,2782740,689831,2180.0923404196865,2184.060560070869,0.6225653170406866,0.6485264654296675,0.9999999999999994,1.0043418923426268
659,10,检查检验费,3771512,6,3017209,754303,2687613,667774,2135.295149973317,2134.203873898306,0.6262609208233512,0.6451586978903289,1.0000000000000004,1.0030013704619125
660,15,检查检验费,3771512,6,3017209,754303,2618515,651309,2104.8403969888946,2108.3363904548023,0.628221043126097,0.6432862199511895,1.0,1.0023010026349288
661,20,检查检验费,3771512,6,3017209,754303,2561706,637410,2086.818388437587,2087.019484027853,0.629478658395109,0.6429791230374767,0.9999999999999994,1.0019111824369953
662,30,检查检验费,3771512,6,3017209,754303,2473044,615797,2067.6509094350185,2070.73271377604,0.6313693443342204,0.6440343765363981,0.9999999999999994,1.001641115079198
663,50,检查检验费,3771512,6,3017209,754303,2339634,582900,2032.1694362731869,2017.9360831337406,0.6337617827849704,0.6404598786224933,1.0000000000000002,1.0012691381200354
664,100,检查检验费,3771512,6,3017209,754303,2118692,528190,1925.3874507406,1922.5905289400994,0.636497426962962,0.6418156945397409,1.0000000000000009,1.0006879896683807
665,5,检查检验费,3771512,7,3017209,754303,2672654,660183,2084.61710528548,2096.992696003079,0.6071225868977669,0.6353447711638295,0.9999999999999998,1.004890486551014
666,10,检查检验费,3771512,7,3017209,754303,2548439,631634,2042.1055547876622,2040.971675892773,0.6122694866551649,0.6334649570231028,0.9999999999999998,1.003105356956041
667,15,检查检验费,3771512,7,3017209,754303,2462659,611305,2008.1163511177263,2009.6159620141364,0.6149437095221713,0.6329744651683267,1.0000000000000004,1.0021837864658623
668,20,检查检验费,3771512,7,3017209,754303,2391060,593955,1987.4970481156352,1975.2423832813356,0.6167944915379748,0.6305334200888697,1.0000000000000002,1.001699319526645
669,30,检查检验费,3771512,7,3017209,754303,2282685,567569,1960.2379227324827,1952.540611270337,0.6194661534681067,0.6321225824730886,0.999999999999999,1.00132105725442
670,50,检查检验费,3771512,7,3017209,754303,2128597,529500,1920.6510619424826,1904.9570141334063,0.6229690738037951,0.6319725561362951,0.9999999999999998,1.0011113932008255
671,100,检查检验费,3771512,7,3017209,754303,1881783,468375,1818.4289381698645,1809.519896006977,0.6284386047290519,0.6359210930053305,0.9999999999999991,1.0005849793596138
672,5,检查检验费,3771512,8,3017209,754303,2632824,649661,2054.632937647865,2074.2184957451345,0.6009228580055872,0.6323735343832212,1.0,1.0052732990443567
673,10,检查检验费,3771512,8,3017209,754303,2498908,618928,2006.1803585964701,2009.5590460204003,0.6063558408877259,0.6297401734483286,0.9999999999999998,1.0034089376496835
674,15,检查检验费,3771512,8,3017209,754303,2406456,597008,1974.5491892442747,1987.248215171942,0.6092962499827178,0.6297293865627834,1.0000000000000009,1.0026776148777905
675,20,检查检验费,3771512,8,3017209,754303,2331187,578812,1953.347384751437,1949.3418012907814,0.6112719462950446,0.626829660088534,1.0000000000000002,1.001911513851033
676,30,检查检验费,3771512,8,3017209,754303,2215197,550549,1930.3039900615902,1928.5565284522027,0.6143040267871485,0.628529210419823,1.0,1.0016499861047239
677,50,检查检验费,3771512,8,3017209,754303,2054989,511131,1878.4353505559093,1868.0275628396325,0.6178787236154553,0.6291081963755856,0.9999999999999998,1.0012718576524515
678,100,检查检验费,3771512,8,3017209,754303,1800141,448211,1778.7535651491955,1784.3784317090103,0.6240429609295356,0.6331403306740347,1.0,1.0007406788679976
679,5,检查检验费,3771512,9,3017209,754303,2631230,649219,2053.6664178108313,2073.618677180158,0.6007885475047593,0.6323108532574658,0.9999999999999994,1.0052651837705466
680,10,检查检验费,3771512,9,3017209,754303,2496984,618436,2005.4599956266095,2009.146713160465,0.6062335790028571,0.6297483819212227,0.9999999999999998,1.0034111201199862
681,15,检查检验费,3771512,9,3017209,754303,2404302,596441,1973.6398644814649,1987.0462448602616,0.6092019373801258,0.6297762457937375,1.0,1.0026957399000131
682,20,检查检验费,3771512,9,3017209,754303,2328702,578186,1952.3918426946059,1949.23215407512,0.6111804604149728,0.6268771071443451,0.9999999999999992,1.0019181597664562
683,30,检查检验费,3771512,9,3017209,754303,2212705,549925,1929.5718291005826,1928.593703722404,0.6142472337037369,0.6285425090205815,1.0000000000000002,1.0016580217816236
684,50,检查检验费,3771512,9,3017209,754303,2052453,510465,1878.1097489562478,1868.3385079020304,0.617847743589224,0.6292124926386603,1.0,1.0013230856596043
685,100,检查检验费,3771512,9,3017209,754303,1797596,447542,1777.7168239000662,1783.66438212965,0.6240477800441375,0.6331685480642513,1.0,1.0007380630981144
686,5,药品费,3471967,3,2777573,694394,2714446,676487,3710.8404493718044,3877.4311551031738,1.0062147946794138,1.0233700244611725,1.0000000000000004,1.0067584706183188
687,10,药品费,3471967,3,2777573,694394,2676209,667312,3687.7394565279033,3745.831462421937,1.0091900982689779,1.0166859036107374,1.0000000000000004,1.004980316577423
688,15,药品费,3471967,3,2777573,694394,2646177,660211,3664.829570283821,3731.5877611791084,1.0109243645645818,1.0156098223427428,1.0000000000000004,1.0041526986472378
689,20,药品费,3471967,3,2777573,694394,2619705,653731,3652.987867431487,3721.4290531973193,1.0120850602416127,1.0105738868656948,0.9999999999999994,1.003580631243737
690,30,药品费,3471967,3,2777573,694394,2573822,642479,3603.989415223073,3697.3310640810096,1.0132491869802671,1.0080253231388991,1.0000000000000002,1.0030675052959093
691,50,药品费,3471967,3,2777573,694394,2502087,624837,3558.028802264503,3646.7143203405753,1.0146022875664862,1.0050533593250315,1.0,1.0023505905862888
692,100,药品费,3471967,3,2777573,694394,2370639,592170,3476.494530011548,3552.265416074712,1.015430077448116,0.9948979949577719,1.0000000000000004,1.0012478926230344
693,5,药品费,3471967,4,2777573,694394,2674693,665740,3441.05187084392,3727.6127741108,0.952009488325232,0.9875809453608378,0.9999999999999991,1.008210882337374
694,10,药品费,3471967,4,2777573,694394,2622137,653323,3400.3434964397743,3578.0751012126207,0.9557844658769504,0.9808936740371889,0.9999999999999991,1.0059927531604334
695,15,药品费,3471967,4,2777573,694394,2583726,644336,3354.1374250730105,3550.5108886614885,0.9579307969753311,0.9787411642170389,0.9999999999999997,1.0049765445224452
696,20,药品费,3471967,4,2777573,694394,2549179,635979,3328.229742755057,3533.7660994009025,0.9594222047085843,0.9761893005274386,1.0,1.004456507123638
697,30,药品费,3471967,4,2777573,694394,2492406,622073,3275.51914265434,3472.7820999140954,0.9613040162630208,0.9702141868765565,1.0,1.003561386630493
698,50,药品费,3471967,4,2777573,694394,2409091,601565,3248.8303169790443,3452.031165968538,0.9626843111168507,0.9669179504196084,1.0000000000000004,1.0029245310381034
699,100,药品费,3471967,4,2777573,694394,2264808,565716,3157.438968231102,3388.4476399901023,0.9639513653468705,0.9605459444402183,0.9999999999999998,1.0016981427113625
700,5,药品费,3471967,5,2777573,694394,2563417,635810,3191.9085131772563,3481.1240259123456,0.87476442030435,0.9322681234281873,1.0,1.01127382570175
701,10,药品费,3471967,5,2777573,694394,2476132,615703,3122.3781073915975,3412.780085426934,0.8802352312298254,0.9237038404804949,1.0000000000000009,1.0078353192952982
702,15,药品费,3471967,5,2777573,694394,2411625,600457,3078.9491194080333,3374.105368546734,0.8829547523946943,0.9187626190068661,1.0000000000000007,1.0067296837551933
703,20,药品费,3471967,5,2777573,694394,2360668,588096,3046.436080086096,3312.110650066892,0.8848044904663807,0.9148366967874018,0.9999999999999998,1.0056438622633408
704,30,药品费,3471967,5,2777573,694394,2278004,567903,2991.019033186866,3303.1938122648003,0.8866175564677777,0.9123654525236635,1.0000000000000002,1.0048705349616796
705,50,药品费,3471967,5,2777573,694394,2155608,537720,2903.4210465996816,3098.914549620473,0.8890107628734913,0.9056314953581841,0.9999999999999989,1.0037605984874862
706,100,药品费,3471967,5,2777573,694394,1952412,487282,2706.2835596884674,2855.6071846325776,0.8879424281804489,0.8911946395478169,1.0000000000000004,1.0021387748514203
707,5,药品费,3471967,6,2777573,694394,2553710,633343,3174.8367562868393,3468.082741184825,0.8719478268407704,0.9319874291562698,0.9999999999999998,1.0114572327253228
708,10,药品费,3471967,6,2777573,694394,2463799,612522,3098.9203821540987,3395.613921052865,0.8775223347473408,0.9221199542815341,1.0000000000000004,1.0077810799811375
709,15,药品费,3471967,6,2777573,694394,2397555,596844,3040.3983413762744,3355.32862736043,0.880261389425105,0.9174065240631009,1.0000000000000002,1.0066468491862597
710,20,药品费,3471967,6,2777573,694394,2345002,584101,3004.5656028444623,3292.217762748915,0.8821249710883347,0.9136372802621601,0.9999999999999998,1.0057105484796023
711,30,药品费,3471967,6,2777573,694394,2260391,563345,2966.8070365174863,3283.3828855704596,0.8840733330760812,0.9098356969224338,1.0,1.0047108134680054
712,50,药品费,3471967,6,2777573,694394,2136735,532930,2889.9855763443743,3083.8293003606614,0.8863056439302001,0.9030283872733954,1.0000000000000002,1.0035912207392823
713,100,药品费,3471967,6,2777573,694394,1933817,482523,2688.6829742472514,2844.9615575066045,0.885230433088552,0.888249182647115,1.0000000000000004,1.00202014614629
714,5,药品费,3471967,7,2777573,694394,2449274,605075,3007.51039019987,3302.8004715882944,0.8428173913735584,0.9111998597154917,0.9999999999999998,1.0131376944732755
715,10,药品费,3471967,7,2777573,694394,2332375,578423,2918.487491237298,3095.8247016901755,0.8501383563392302,0.8960779030377146,0.9999999999999996,1.009045872322287
716,15,药品费,3471967,7,2777573,694394,2250236,558860,2856.4714845699295,3020.614181852044,0.8537956591267745,0.8900796523756791,0.9999999999999998,1.0071416060928062
717,20,药品费,3471967,7,2777573,694394,2184100,543173,2801.8509130712723,3002.44836677876,0.8561882093267674,0.8880861264442761,0.9999999999999996,1.0060646965699045
718,30,药品费,3471967,7,2777573,694394,2082923,518442,2757.3243519276375,2928.470475441845,0.8593455673415384,0.8832316585559169,0.9999999999999999,1.004554310763106
719,50,药品费,3471967,7,2777573,694394,1938434,482972,2673.555700181295,2870.1506949653467,0.862230937506177,0.8792714111342378,0.9999999999999999,1.0037373935685887
720,100,药品费,3471967,7,2777573,694394,1712285,426845,2456.9091865687906,2696.5336037624197,0.8637431658490268,0.8671905316431096,1.0000000000000004,1.0027225130201092
721,5,药品费,3471967,8,2777573,694394,2411838,595227,2963.027103057526,3267.3164801425455,0.8341606805181911,0.9006326791368644,1.0,1.0132521732105901
722,10,药品费,3471967,8,2777573,694394,2285503,566483,2880.614841128558,3057.2423519776603,0.8421361423861813,0.8857731646522948,1.0,1.008887755983737
723,15,药品费,3471967,8,2777573,694394,2197538,545465,2807.566245278463,2983.2953560224696,0.8459533848505414,0.8801791293668405,0.9999999999999998,1.006699231296615
724,20,药品费,3471967,8,2777573,694394,2127979,528807,2764.294879732214,2953.2408322522197,0.848664051660341,0.8752408944553317,1.0000000000000004,1.0054070733093599
725,30,药品费,3471967,8,2777573,694394,2020635,502940,2715.262196528642,2878.406166125349,0.851801466244836,0.8703575930053212,1.0000000000000007,1.0038965888549793
726,50,药品费,3471967,8,2777573,694394,1867312,465228,2612.692187061227,2657.8475396518375,0.8556487893467889,0.8641420064918778,1.0000000000000002,1.0030778029297966
727,100,药品费,3471967,8,2777573,694394,1634334,407641,2409.046540140948,2447.4392801455524,0.8572201364385129,0.8559951199651604,0.9999999999999999,1.0025484321156841
728,5,药品费,3471967,9,2777573,694394,2410368,594858,2962.0349758554967,3267.4089600881784,0.8337022989844413,0.9003250122308096,0.9999999999999997,1.013270209100512
729,10,药品费,3471967,9,2777573,694394,2283684,566042,2879.815820517184,3057.148620836365,0.8417096670771042,0.8852833454027604,1.0,1.0088412510330809
730,15,药品费,3471967,9,2777573,694394,2195454,544941,2806.562509235134,2983.598971525034,0.8455332832736023,0.8797444841032891,1.0000000000000002,1.0066435378679672
731,20,药品费,3471967,9,2777573,694394,2125665,528209,2763.130510803712,2953.4660462834127,0.8482429636736162,0.874534628328221,0.9999999999999991,1.0053358134704053
732,30,药品费,3471967,9,2777573,694394,2018313,502339,2714.286744601508,2877.1408643508544,0.8514035749999529,0.8691493684283939,1.0000000000000002,1.0037243793778008
733,50,药品费,3471967,9,2777573,694394,1864944,464613,2611.6687427280567,2657.2908712614276,0.8552229929384892,0.8632139783973203,0.9999999999999997,1.0029623999469803
734,100,药品费,3471967,9,2777573,694394,1632191,407059,2405.642184735683,2443.1388334061808,0.8567947011302258,0.855401306434218,0.9999999999999997,1.002466464655413
735,5,总费用,3859976,3,3087980,771996,3021607,753047,10966.08349773075,10821.854245581664,0.7047111139279721,0.74204224370336,1.0000000000000002,1.0021294245176915
736,10,总费用,3859976,3,3087980,771996,2982324,743538,10877.225169730087,10619.520223142707,0.7059830581608154,0.732351445663265,0.9999999999999993,1.0010215488978385
737,15,总费用,3859976,3,3087980,771996,2950175,735672,10836.766883745377,10540.695309918585,0.7067272301235388,0.7294830537417488,1.0000000000000002,1.0002927714419947
738,20,总费用,3859976,3,3087980,771996,2923195,728994,10785.09476062633,10492.273597954743,0.7068179755186088,0.7282460180598592,1.0000000000000004,0.9999830117168549
739,30,总费用,3859976,3,3087980,771996,2875809,717468,10702.840272686997,10436.724565140043,0.7068358081144717,0.7259208182741479,0.9999999999999997,0.9996672960447484
740,50,总费用,3859976,3,3087980,771996,2797961,698323,10562.107864737007,10227.140621304497,0.7062768182931002,0.7235882282258971,0.9999999999999989,0.9993497227348959
741,100,总费用,3859976,3,3087980,771996,2655691,662797,10270.9772231182,10019.213936085656,0.7041348876014438,0.7207769691141309,1.0000000000000007,0.9990492782149513
742,5,总费用,3859976,4,3087980,771996,2979427,741558,9865.327122977058,9872.798459637894,0.6663941296464524,0.7042236874442332,0.9999999999999999,1.0024356031224275
743,10,总费用,3859976,4,3087980,771996,2925585,728925,9751.297040343848,9676.317675162734,0.6683942773878324,0.6941248738053573,0.9999999999999997,1.0008956918538074
744,15,总费用,3859976,4,3087980,771996,2883221,718677,9688.173880502458,9612.457971419826,0.6695164710253309,0.692602137876538,0.9999999999999993,1.0003512850583451
745,20,总费用,3859976,4,3087980,771996,2848621,710122,9520.677265627717,9522.248567274379,0.6700667943604415,0.6918163231274801,0.9999999999999999,0.9999582557674984
746,30,总费用,3859976,4,3087980,771996,2789674,695838,9436.695811202797,9409.7032607497,0.6709511851555031,0.6908202803500224,1.0000000000000004,0.9996793201737086
747,50,总费用,3859976,4,3087980,771996,2697085,672879,9331.03684048415,9136.46988487774,0.6709623142606217,0.6883929793873501,1.0000000000000002,0.9991795326241014
748,100,总费用,3859976,4,3087980,771996,2541276,634134,9005.718624160312,8987.993118119344,0.6707259936623615,0.6880455564213807,1.0,0.9989478450237294
749,5,总费用,3859976,5,3087980,771996,2861981,709888,8972.8080684814,9194.135961018255,0.6003076506351434,0.641371659697066,1.0000000000000002,1.003892238121876
750,10,总费用,3859976,5,3087980,771996,2768491,688060,8775.370138311691,8849.846143218008,0.6032154040980754,0.6299076616677454,1.0,1.0023053095595942
751,15,总费用,3859976,5,3087980,771996,2700645,671916,8601.453528457854,8701.110306693883,0.6044846757124688,0.6258513336375379,1.0,1.0013417313024908
752,20,总费用,3859976,5,3087980,771996,2644523,658296,8493.957686660715,8499.97184559362,0.6051154886150272,0.6226211192988527,0.9999999999999994,1.0008372211211707
753,30,总费用,3859976,5,3087980,771996,2556318,636832,8351.491343843601,8244.549315081666,0.6059948967556715,0.6218928808780947,1.0000000000000004,1.0004052632596228
754,50,总费用,3859976,5,3087980,771996,2423890,604052,8003.305053147551,7951.365572304646,0.6056642799222884,0.6191937247889145,0.9999999999999997,0.9999935347808235
755,100,总费用,3859976,5,3087980,771996,2202315,549564,7416.417511984513,7379.075903768352,0.6040562941629571,0.6146950454592518,1.0000000000000007,0.9997456764946557
756,5,总费用,3859976,6,3087980,771996,2851557,707157,8902.361311321492,9151.8372176075,0.59817203492974,0.640798859613034,1.0000000000000004,1.0040622630050176
757,10,总费用,3859976,6,3087980,771996,2755607,684706,8695.268675072,8811.104819090855,0.6011183848071192,0.6302977664532493,0.9999999999999997,1.0025201460526174
758,15,总费用,3859976,6,3087980,771996,2685694,668211,8522.698675223233,8506.224859106082,0.6024251026678106,0.6256024421565402,0.9999999999999997,1.001494236800017
759,20,总费用,3859976,6,3087980,771996,2628143,654284,8415.651912126234,8300.867134104645,0.603077747454456,0.6223294720506457,1.0000000000000002,1.001019084950848
760,30,总费用,3859976,6,3087980,771996,2537468,632152,8262.159642550476,8116.330766838252,0.6038832371366939,0.6199712974357255,0.9999999999999994,1.0004718381073479
761,50,总费用,3859976,6,3087980,771996,2403214,599046,7930.676816664771,7870.660640677114,0.6036317285494254,0.6175463711258118,0.9999999999999998,1.0000562781811841
762,100,总费用,3859976,6,3087980,771996,2181842,544432,7312.5069978886,7242.69362022884,0.6016792259783617,0.612269576399074,1.0,0.9997147854123611
763,5,总费用,3859976,7,3087980,771996,2740391,677260,8340.036754789699,8520.368046918724,0.573280212473002,0.6134011693008795,1.0000000000000007,1.0046097735428765
764,10,总费用,3859976,7,3087980,771996,2614478,648405,8094.043236747854,8052.421856748616,0.5771812728354101,0.6087057852670792,0.9999999999999994,1.0029708245143802
765,15,总费用,3859976,7,3087980,771996,2527151,627624,7923.850545919219,7840.524885689602,0.5791251608252256,0.6055858362232068,1.0000000000000004,1.002124787245313
766,20,总费用,3859976,7,3087980,771996,2455324,610430,7749.962971975515,7656.649267527615,0.5802943013624572,0.6020143638312929,0.9999999999999998,1.0013283589917201
767,30,总费用,3859976,7,3087980,771996,2345719,583511,7571.566219113054,7456.995257271271,0.5814995471225064,0.6006903534324358,0.9999999999999996,1.000433368481466
768,50,总费用,3859976,7,3087980,771996,2190669,545309,7272.536835372381,7150.7894491832685,0.5819210973467652,0.5986203613471534,1.000000000000001,1.000099575106943
769,100,总费用,3859976,7,3087980,771996,1939132,483525,6678.2362254182335,6410.373143147999,0.5827107751029744,0.5947970336860249,1.0,0.9995273644423551
770,5,总费用,3859976,8,3087980,771996,2700472,666626,8174.441876051129,8368.122705183825,0.5662392259845547,0.609448802161148,1.0000000000000004,1.0050201068809612
771,10,总费用,3859976,8,3087980,771996,2564597,635453,7904.545329379833,7854.001289012229,0.570418568116312,0.6038288700280962,0.9999999999999998,1.0032164254428573
772,15,总费用,3859976,8,3087980,771996,2470480,613176,7738.507544348158,7599.3412823786375,0.5724350528157056,0.5993281099123956,1.0,1.002177301475724
773,20,总费用,3859976,8,3087980,771996,2393996,594722,7590.036255849994,7491.719290099393,0.5736671306090438,0.5977806819123712,1.0000000000000007,1.0014650589574752
774,30,总费用,3859976,8,3087980,771996,2277582,566226,7431.440647798121,7311.200037192406,0.5749806615217865,0.5968814798527091,0.9999999999999996,1.000493050427575
775,50,总费用,3859976,8,3087980,771996,2115019,526422,7051.629750618685,6993.478316276609,0.5751839356139663,0.594278965827155,0.9999999999999998,1.0002904904771235
776,100,总费用,3859976,8,3087980,771996,1854279,462328,6432.0191552670785,6232.282267273374,0.5766402363078633,0.5884367475785182,1.0000000000000004,0.9994591718748382
777,5,总费用,3859976,9,3087980,771996,2698876,666200,8170.930661529306,8364.568450364353,0.5659668144183895,0.6087057491463145,0.9999999999999998,1.0050277405762034
778,10,总费用,3859976,9,3087980,771996,2562745,634985,7902.0263990636295,7850.129776705332,0.57017505631908,0.6030230055473509,1.0,1.0032179131006158
779,15,总费用,3859976,9,3087980,771996,2468447,612657,7735.700597586388,7597.45550728474,0.5721902594559994,0.5986849328395734,0.9999999999999989,1.0022056157078503
780,20,总费用,3859976,9,3087980,771996,2391547,594112,7586.675441001138,7489.638082839949,0.5734191302855245,0.5971329116561532,0.9999999999999994,1.0015090316159945
781,30,总费用,3859976,9,3087980,771996,2274833,565535,7429.199421443115,7311.316835545924,0.5747219248641214,0.5960612058950153,1.0000000000000007,1.0004975162468477
782,50,总费用,3859976,9,3087980,771996,2112489,525798,7050.620765943842,6994.606007859864,0.5749203934630112,0.5934430248932225,0.9999999999999998,1.0002730885270772
783,100,总费用,3859976,9,3087980,771996,1851559,461679,6430.004031406864,6232.631489046322,0.5763209133613891,0.5881788529964013,0.9999999999999999,0.9994834513429958
784,5,耗材费,1988898,3,1591118,397780,1541122,383790,6630.749299481199,6680.917045059174,1.1937290489118841,1.5347317157820033,1.0000000000000002,1.0137235779549951
785,10,耗材费,1988898,3,1591118,397780,1512963,377238,6632.824332037786,6655.914337544468,1.1993378407992952,1.3895291826510376,1.0,1.0083413340401894
786,15,耗材费,1988898,3,1591118,397780,1491200,372048,6630.037436216867,6647.7281561999935,1.2028750377359427,1.382812089447811,1.0000000000000007,1.0069417869660473
787,20,耗材费,1988898,3,1591118,397780,1473238,367630,6621.539284909895,6625.256562200249,1.2048019204945875,1.3800364248716988,1.0,1.005997672650655
788,30,耗材费,1988898,3,1591118,397780,1442383,360041,6607.033295683584,6618.5957313256895,1.2071561599242346,1.3766941026842965,1.0000000000000009,1.005610177998282
789,50,耗材费,1988898,3,1591118,397780,1394419,348246,6634.003630303041,6633.623618496952,1.2088233696028983,1.3549896226995692,1.0000000000000009,1.003745717955186
790,100,耗材费,1988898,3,1591118,397780,1313418,328045,6525.685672030076,6531.877218703633,1.203685206589124,1.346131113727508,1.0000000000000004,1.0022813706455
791,5,耗材费,1988898,4,1591118,397780,1509590,375331,5936.461867213782,6059.450080070034,1.092064329715127,1.2520895633783276,1.0,1.0114320186926447
792,10,耗材费,1988898,4,1591118,397780,1471288,366535,5936.154332569419,6048.491960443154,1.0990929823707265,1.2248471630126452,1.0,1.0077604074422974
793,15,耗材费,1988898,4,1591118,397780,1443200,359858,5881.396756527013,6003.810756907087,1.1028955884032372,1.2198487145052732,0.9999999999999997,1.0063500979490916
794,20,耗材费,1988898,4,1591118,397780,1419889,354169,5823.844087541378,5899.9736882744355,1.1052098054284194,1.2210753194837218,0.9999999999999999,1.0060912361953782
795,30,耗材费,1988898,4,1591118,397780,1381621,344877,5786.930087362004,5851.879463583939,1.108328441302913,1.2140784339598074,0.9999999999999993,1.0049548773135455
796,50,耗材费,1988898,4,1591118,397780,1324078,330891,5786.18716612635,5869.557461369137,1.1104315936254612,1.20616777170983,0.9999999999999994,1.0033667012614882
797,100,耗材费,1988898,4,1591118,397780,1232453,307854,5668.249475569773,5758.485785097848,1.1056039751879003,1.1910470558749073,0.9999999999999998,1.0016630556740467
798,5,耗材费,1988898,5,1591118,397780,1430265,354045,5529.859721434979,5680.842927460524,0.9555364267510464,1.2266195025568436,1.0000000000000007,1.0166825990605783
799,10,耗材费,1988898,5,1591118,397780,1369782,340192,5462.851980199657,5548.820562483581,0.9644473349217562,1.1877679780067167,0.9999999999999997,1.0113663157109323
800,15,耗材费,1988898,5,1591118,397780,1325832,329984,5401.199633508927,5494.205025084488,0.9695843194998103,1.1657076176395773,1.0000000000000004,1.008707486824688
801,20,耗材费,1988898,5,1591118,397780,1290765,321592,5376.334899769518,5469.323981486352,0.9722444493820117,1.1600189052887537,1.0,1.0081107356928365
802,30,耗材费,1988898,5,1591118,397780,1235827,308428,5305.832198241374,5370.4908737253945,0.9753969045181144,1.1118489745963318,0.9999999999999997,1.0048236997486444
803,50,耗材费,1988898,5,1591118,397780,1158374,289275,5200.78689178006,5269.234911380348,0.9767766579044491,1.103528869893636,0.9999999999999996,1.002631884479566
804,100,耗材费,1988898,5,1591118,397780,1035732,258692,4754.0729284195895,4817.687608553673,0.9761448782975778,1.091548254447829,0.9999999999999998,1.001629387103967
805,5,耗材费,1988898,6,1591118,397780,1424395,352479,5471.973268004268,5616.5040672810655,0.9491148995780979,1.2156949283821128,0.9999999999999996,1.0168013555637234
806,10,耗材费,1988898,6,1591118,397780,1362290,338236,5392.58872861719,5464.32025460212,0.9582904588473539,1.1778597012055587,0.9999999999999997,1.011431075232566
807,15,耗材费,1988898,6,1591118,397780,1317585,327871,5341.430852911089,5421.780965297557,0.9634977925409195,1.1641528322764416,1.0000000000000002,1.0090095196021558
808,20,耗材费,1988898,6,1591118,397780,1281737,319264,5306.969578878112,5388.616429934007,0.9664994905735408,1.1549763361946916,1.0000000000000004,1.0079749047352673
809,30,耗材费,1988898,6,1591118,397780,1226033,305959,5226.938847462646,5283.748816079354,0.9695576636449267,1.1106150121217573,1.0,1.0049168178345043
810,50,耗材费,1988898,6,1591118,397780,1147281,286527,5114.858206329268,5173.72006505311,0.9715751687581167,1.1022230476973347,0.9999999999999998,1.0027368956803224
811,100,耗材费,1988898,6,1591118,397780,1024574,255925,4606.78407164079,4671.109879470775,0.9703078958676166,1.0891159328854392,0.9999999999999997,1.001738341908022
812,5,耗材费,1988898,7,1591118,397780,1348076,332382,5072.8733104654875,5228.5084864932105,0.8864310150962857,1.225307005756385,0.9999999999999991,1.0188988266277235
813,10,耗材费,1988898,7,1591118,397780,1267656,314022,4966.96712005531,5053.542826310342,0.8982627578673824,1.1288187947904584,1.0000000000000007,1.0123743349854626
814,15,耗材费,1988898,7,1591118,397780,1212893,301183,4884.740882731077,4972.5944875381765,0.9044010413182904,1.1094050016720989,1.0000000000000004,1.0099175450891216
815,20,耗材费,1988898,7,1591118,397780,1169267,290677,4810.529897254499,4869.689555286599,0.9083888540679463,1.0922234678396157,1.0000000000000004,1.0081812305340931
816,30,耗材费,1988898,7,1591118,397780,1102353,274447,4729.062559092104,4764.681276469566,0.9135298271241123,1.0663697185425731,1.0,1.0045705096469204
817,50,耗材费,1988898,7,1591118,397780,1013361,252409,4596.146840232201,4599.622507745546,0.914152171805895,1.0602000006074463,1.0000000000000002,1.0032294361689784
818,100,耗材费,1988898,7,1591118,397780,868992,216928,4101.982795772199,4124.029055593226,0.8986286866395029,1.0453271057140896,0.9999999999999999,1.0019747178091698
819,5,耗材费,1988898,8,1591118,397780,1322355,325465,4984.412691285875,5099.916875826458,0.8674518851184715,1.2111191831517696,0.9999999999999997,1.0193619093760988
820,10,耗材费,1988898,8,1591118,397780,1236187,305838,4873.546143560147,4952.70558865438,0.8799136759393344,1.1170928332938306,0.9999999999999991,1.0127247387625553
821,15,耗材费,1988898,8,1591118,397780,1177962,292168,4789.288505709123,4847.763722399624,0.8865266236486953,1.0978549775283877,0.9999999999999996,1.0102438052990628
822,20,耗材费,1988898,8,1591118,397780,1131098,280918,4690.086406079109,4751.7634238349665,0.8906928194990102,1.0825567330993582,1.0000000000000004,1.0080796779201031
823,30,耗材费,1988898,8,1591118,397780,1062966,264360,4607.710751039246,4664.194572671536,0.8954341727703423,1.0576548654283007,0.9999999999999998,1.00505583185756
824,50,耗材费,1988898,8,1591118,397780,968798,241129,4494.582109447129,4504.332459543564,0.8984208068038271,1.0510137477640527,1.0000000000000002,1.0030766415469652
825,100,耗材费,1988898,8,1591118,397780,821761,204904,4041.4189378796304,4080.128153566756,0.8887346783974317,1.039996841400482,0.9999999999999999,1.0015291451746027
826,5,耗材费,1988898,9,1591118,397780,1321433,325216,4981.070993915071,5099.50599827277,0.8670790290595413,1.2109062013495828,1.0000000000000004,1.019343737592732
827,10,耗材费,1988898,9,1591118,397780,1235102,305565,4874.090254553033,4953.525329563648,0.8796093506498766,1.1168676439278382,0.9999999999999998,1.0126693710703054
828,15,耗材费,1988898,9,1591118,397780,1176924,291894,4789.745379565109,4848.7094896659755,0.8862271497567493,1.0973832491157767,1.0,1.0101535399831159
829,20,耗材费,1988898,9,1591118,397780,1129950,280627,4689.832475787436,4752.23421864071,0.8904185624375931,1.082402105930354,0.9999999999999993,1.0080733804679056
830,30,耗材费,1988898,9,1591118,397780,1061527,264012,4607.751785562081,4664.903466551054,0.8951745366305467,1.0574626247582264,1.0,1.0050094141454071
831,50,耗材费,1988898,9,1591118,397780,967317,240734,4495.96436622451,4506.496376046863,0.8982223567071448,1.0513502894787776,0.9999999999999996,1.0030344552273094
832,100,耗材费,1988898,9,1591118,397780,820405,204521,4041.78813510361,4080.6427059596194,0.8887270166399603,1.040577994858893,1.0000000000000002,1.0015366991861308
833,5,检查检验费,4774021,3,3819216,954805,3747716,934604,2467.2610091416304,2441.191297870647,0.7011830050299059,0.7198217722068923,1.0000000000000002,1.003256696043363
834,10,检查检验费,4774021,3,3819216,954805,3704334,924174,2457.2131732125963,2424.8574359583563,0.7026894825277645,0.7186581362458146,0.9999999999999999,1.0026554962528267
835,15,检查检验费,4774021,3,3819216,954805,3668653,915478,2445.0147933495414,2411.3129767754394,0.7036369739502603,0.7186557257327088,0.9999999999999992,1.0023841774741882
836,20,检查检验费,4774021,3,3819216,954805,3638231,907953,2434.100799114281,2403.781670606583,0.7043043250358572,0.7181516569028185,1.0000000000000009,1.0022109752373538
837,30,检查检验费,4774021,3,3819216,954805,3586521,894990,2424.9525410282254,2398.1719255807366,0.7051543859514228,0.7181621755782654,0.9999999999999993,1.0019849221478991
838,50,检查检验费,4774021,3,3819216,954805,3502064,873848,2411.1938706274063,2365.915133728881,0.7063260869371047,0.714888022763423,1.0000000000000004,1.001637989646113
839,100,检查检验费,4774021,3,3819216,954805,3343303,834352,2384.5526850869255,2331.0242204406045,0.7082573884570558,0.7142117077022463,0.9999999999999996,1.0013551228416553
840,5,检查检验费,4774021,4,3819216,954805,3699509,921333,2359.63994869307,2341.944342346154,0.6831107574024948,0.6974686344775165,1.0000000000000002,1.0034642963084894
841,10,检查检验费,4774021,4,3819216,954805,3638823,906968,2347.301722771841,2323.514545492796,0.6853939527131897,0.6966424073812755,1.0,1.002766537565928
842,15,检查检验费,4774021,4,3819216,954805,3591870,895424,2330.964460143032,2303.9118764448303,0.6867292461845029,0.6958942612175738,1.000000000000001,1.00234442241281
843,20,检查检验费,4774021,4,3819216,954805,3553112,885781,2322.556234305325,2295.2381558720904,0.6878069025082151,0.6954852972068051,0.9999999999999993,1.0020081864771297
844,30,检查检验费,4774021,4,3819216,954805,3486440,869257,2305.5542486795816,2274.352217605446,0.6893083470263458,0.6951880740281747,1.0000000000000004,1.0016859995583218
845,50,检查检验费,4774021,4,3819216,954805,3384416,844141,2285.4927263317836,2248.940280100472,0.691230707548052,0.6951517609202554,1.0000000000000002,1.0015495575760238
846,100,检查检验费,4774021,4,3819216,954805,3202844,799147,2255.4729958508183,2207.096100105058,0.6939928886174737,0.694569924424093,0.9999999999999997,1.001287916835061
847,5,检查检验费,4774021,5,3819216,954805,3564953,884818,2211.7057800704206,2206.7103354843807,0.6330318015260551,0.6506609202196139,0.9999999999999999,1.0047280333169746
848,10,检查检验费,4774021,5,3819216,954805,3458505,859818,2184.7362320129278,2165.685640598325,0.6363886231074266,0.6477498589175709,1.0000000000000007,1.0034658023118534
849,15,检查检验费,4774021,5,3819216,954805,3380912,841143,2155.58846731335,2140.9273302742035,0.6383684225619712,0.6472288205183477,0.9999999999999992,1.0030147050997062
850,20,检查检验费,4774021,5,3819216,954805,3316989,825433,2136.350709361854,2121.2314615936734,0.639665520262048,0.6469690411757973,0.9999999999999991,1.0027611205248277
851,30,检查检验费,4774021,5,3819216,954805,3216442,801008,2111.801232339718,2098.680905981239,0.6415253412207322,0.6466627431425898,0.9999999999999996,1.002183407705223
852,50,检查检验费,4774021,5,3819216,954805,3063274,763272,2075.4328256367085,2068.296591163949,0.643912009625918,0.6454451531326372,0.9999999999999999,1.0019571813906567
853,100,检查检验费,4774021,5,3819216,954805,2808636,699769,1991.5655589737746,1959.4351077805306,0.6473527097134797,0.645814884664164,0.9999999999999996,1.0016041809054814
854,5,检查检验费,4774021,6,3819216,954805,3553103,881500,2204.531267704544,2195.969739544526,0.6319263071053625,0.6501449765837981,1.000000000000001,1.0048290386293866
855,10,检查检验费,4774021,6,3819216,954805,3443349,855861,2175.1615354378096,2153.7388559537894,0.6353790175657101,0.6472674897654177,1.0,1.0036173976266491
856,15,检查检验费,4774021,6,3819216,954805,3362953,836442,2142.826295111787,2129.0656761974756,0.6374401626163071,0.6464577939187593,1.0000000000000002,1.003049159256442
857,20,检查检验费,4774021,6,3819216,954805,3297372,820413,2124.629262240876,2109.6163713839637,0.6388202601664069,0.6462639123795676,0.999999999999999,1.0028684454278103
858,30,检查检验费,4774021,6,3819216,954805,3194619,795398,2101.09291995979,2086.674078170406,0.6407199528370131,0.6460242585240822,1.0,1.00227018062203
859,50,检查检验费,4774021,6,3819216,954805,3037968,756910,2071.386101464014,2055.98146900045,0.6431961302941095,0.6448441996377928,1.0000000000000002,1.0020048805464083
860,100,检查检验费,4774021,6,3819216,954805,2783364,693398,1981.5998846439209,1941.9387234583496,0.6466571734733869,0.6449934807760004,0.9999999999999994,1.0016881302112786
861,5,检查检验费,4774021,7,3819216,954805,3422571,846494,2120.8973984619843,2121.3830926847177,0.6176988894682952,0.6373709632920862,0.9999999999999988,1.0061198115403165
862,10,检查检验费,4774021,7,3819216,954805,3277774,812876,2083.063388074469,2070.671869274707,0.6225775506019943,0.634001396114051,0.9999999999999999,1.00443862095359
863,15,检查检验费,4774021,7,3819216,954805,3176879,788863,2054.304722015418,2035.0538907536873,0.6254962158709432,0.6328468808385251,1.0000000000000007,1.0034834452763028
864,20,检查检验费,4774021,7,3819216,954805,3094076,768680,2027.7016663156144,1992.4788766160511,0.6274516184550533,0.6330876862309127,1.000000000000001,1.0031139533631441
865,30,检查检验费,4774021,7,3819216,954805,2967432,738066,1999.9376281385664,1957.000406018006,0.6300455537176791,0.6326915731793481,1.0000000000000002,1.0026991372044218
866,50,检查检验费,4774021,7,3819216,954805,2783762,692618,1960.9058075623072,1919.4798667328646,0.6336415104835453,0.6334498303633652,1.0000000000000004,1.0020305589394813
867,100,检查检验费,4774021,7,3819216,954805,2490167,619413,1877.3813653498028,1814.1178020836753,0.6391332469174994,0.6367977995168032,0.9999999999999994,1.001686822331709
868,5,检查检验费,4774021,8,3819216,954805,3375270,833814,2092.9480763955266,2089.1836145853854,0.611010439547215,0.6333337247074636,1.0000000000000002,1.0064061216930926
869,10,检查检验费,4774021,8,3819216,954805,3219635,797769,2054.0796990634326,2034.7540373035692,0.6162028363663367,0.6290516723512368,0.9999999999999996,1.0047120645444318
870,15,检查检验费,4774021,8,3819216,954805,3109229,771552,2017.6946618533516,1995.317009636691,0.6192331370856297,0.6280600242656879,1.0000000000000002,1.0036216698793134
871,20,检查检验费,4774021,8,3819216,954805,3022628,750573,1994.7578358252338,1969.6308464620674,0.6212940278025884,0.6284640570386084,1.0000000000000002,1.003276214923327
872,30,检查检验费,4774021,8,3819216,954805,2886216,717423,1966.4888016818786,1927.7593957977956,0.624142699276412,0.6282394907408672,1.0000000000000002,1.0026300129914572
873,50,检查检验费,4774021,8,3819216,954805,2694035,670095,1931.0836537499645,1892.6228431843506,0.6280092889701733,0.6301774768416246,0.9999999999999998,1.0020144207515673
874,100,检查检验费,4774021,8,3819216,954805,2389623,594264,1832.6856325913582,1783.5659886578524,0.6340705423196183,0.6339942615150641,0.9999999999999992,1.0020446275642192
875,5,检查检验费,4774021,9,3819216,954805,3373481,833350,2092.1343032606237,2088.6206789641346,0.610885645772346,0.6332824845338858,0.9999999999999996,1.0064265220672886
876,10,检查检验费,4774021,9,3819216,954805,3217448,797235,2053.609772980341,2034.444336001177,0.6161065484788452,0.6290331184445624,1.0000000000000002,1.0047095255574954
877,15,检查检验费,4774021,9,3819216,954805,3106855,770975,2017.1763354056473,1994.9066185241575,0.6191459803154706,0.6280385793584836,0.9999999999999997,1.0036075939875109
878,20,检查检验费,4774021,9,3819216,954805,3019987,749952,1994.2093863186183,1969.2115201106287,0.621226298565687,0.628463551619788,1.0000000000000002,1.0032710418382802
879,30,检查检验费,4774021,9,3819216,954805,2883230,716690,1966.025988457784,1927.2952640613685,0.6240981355549382,0.6281949443313324,0.9999999999999997,1.002610358063421
880,50,检查检验费,4774021,9,3819216,954805,2690864,669327,1930.6886369736667,1892.1676246115032,0.6279406136332772,0.6301079827548385,1.0,1.0020155674769202
881,100,检查检验费,4774021,9,3819216,954805,2386757,593550,1832.3275303550372,1783.3149536827866,0.6340487779045881,0.6339568155573188,1.0000000000000002,1.0020233383611483
882,5,药品费,4397680,3,3518144,879536,3449277,860134,3792.4468856669437,3748.98922968798,1.0154246350065288,1.0630486975661044,0.9999999999999999,1.0050317214657154
883,10,药品费,4397680,3,3518144,879536,3407219,850055,3777.3125218291193,3717.9294933752813,1.0180510969924126,1.0559704066610593,1.0000000000000002,1.0033790915044114
884,15,药品费,4397680,3,3518144,879536,3373638,842076,3757.9894647023666,3685.459170136048,1.0196063084920457,1.0523245627341131,0.9999999999999989,1.0024135434048922
885,20,药品费,4397680,3,3518144,879536,3344666,835165,3734.3276793058626,3601.535214289558,1.02068113396102,1.0480701102685641,1.0000000000000007,1.0017455774988235
886,30,药品费,4397680,3,3518144,879536,3294557,822881,3711.369998354788,3562.2320813285796,1.022076957838185,1.0444931514643008,1.0000000000000002,1.000758303371344
887,50,药品费,4397680,3,3518144,879536,3213549,802852,3672.751470077192,3522.575253984836,1.0230796557088577,1.0399042724027399,1.0000000000000002,0.9999178209085303
888,100,药品费,4397680,3,3518144,879536,3061020,764978,3588.5669377876093,3387.0192490660897,1.0243199268728465,1.0106884573681958,0.9999999999999991,0.9991620897417313
889,5,药品费,4397680,4,3518144,879536,3403332,847393,3549.4666263519644,3553.325079783896,0.9597587952914612,1.022097717847094,0.999999999999999,1.006074304785844
890,10,药品费,4397680,4,3518144,879536,3345216,833784,3513.2600162588237,3502.902430087518,0.963121738494511,1.014139407135316,0.9999999999999999,1.0041629302721549
891,15,药品费,4397680,4,3518144,879536,3300399,823274,3480.0534087761093,3382.554869041021,0.9650093295341765,1.0103934299666815,1.0000000000000007,1.0030989754293624
892,20,药品费,4397680,4,3518144,879536,3263411,814387,3438.1858518031445,3343.6160485797554,0.9664217096559415,1.008435635804583,0.9999999999999997,1.0023477011996584
893,30,药品费,4397680,4,3518144,879536,3200412,799026,3400.789307821286,3303.705960773888,0.9681029091396823,1.001987031150578,1.0000000000000002,1.0013163407664523
894,50,药品费,4397680,4,3518144,879536,3099914,774489,3359.4469119267414,3232.0482779807153,0.9699432152030103,1.0005153235422006,0.9999999999999992,1.0005574897049616
895,100,药品费,4397680,4,3518144,879536,2929714,732263,3305.585155798445,3153.8678591213006,0.971071354283972,0.9693692814861714,1.0,0.9996075590998669
896,5,药品费,4397680,5,3518144,879536,3274781,812649,3304.678187725657,3268.1280518764365,0.8807943483756189,0.9625249908705208,1.0000000000000007,1.008162843777147
897,10,药品费,4397680,5,3518144,879536,3174430,789508,3259.8221831262376,3211.439735154778,0.885803150512853,0.9535127913548738,1.0000000000000004,1.0049985402605721
898,15,药品费,4397680,5,3518144,879536,3100756,772101,3205.0959025313623,3158.372226733354,0.8883340591050525,0.9490683642383736,0.9999999999999997,1.0039378127474312
899,20,药品费,4397680,5,3518144,879536,3040135,757614,3182.024833162871,3141.14431906936,0.8901547072669678,0.9474564684798659,0.9999999999999996,1.003125924984722
900,30,药品费,4397680,5,3518144,879536,2944901,734269,3141.1235274957467,3067.3236205363196,0.8921083669481153,0.9411960904802371,1.0000000000000002,1.0018804305793936
901,50,药品费,4397680,5,3518144,879536,2799312,698575,3060.787264833751,2977.372903710645,0.8936593790852247,0.9094143227515865,1.0000000000000007,1.0007412539445355
902,100,药品费,4397680,5,3518144,879536,2561106,639463,2802.761431523107,2800.38535269467,0.893671984550124,0.9002350983497727,0.9999999999999997,0.9999092569571281
903,5,药品费,4397680,6,3518144,879536,3263388,809621,3287.977616322082,3260.172601062345,0.878438942504044,0.9623746789786658,1.0000000000000002,1.0082268404622552
904,10,药品费,4397680,6,3518144,879536,3159862,785865,3241.3414028698608,3197.0586598885893,0.8836106752849834,0.9519802648445685,1.0000000000000009,1.0049231388830753
905,15,药品费,4397680,6,3518144,879536,3083976,767934,3183.712219262889,3132.762228955886,0.886195560219764,0.9469498818970643,0.9999999999999997,1.0037632899379378
906,20,药品费,4397680,6,3518144,879536,3020804,752822,3161.94165155759,3116.380002523713,0.8880034345488814,0.945354737089125,0.9999999999999999,1.0028655802343265
907,30,药品费,4397680,6,3518144,879536,2924297,729117,3098.559449508766,3037.181280002701,0.8899832926778704,0.9390492569552246,1.0000000000000002,1.0017967794285672
908,50,药品费,4397680,6,3518144,879536,2775820,692775,3049.0812282655174,2921.0206777623366,0.891616619523501,0.9039669965022556,1.0,1.0005990923970127
909,100,药品费,4397680,6,3518144,879536,2538198,633786,2788.2407737803646,2722.1747708936587,0.8914866122330616,0.8936684720282531,1.0000000000000004,0.9996349007489247
910,5,药品费,4397680,7,3518144,879536,3140168,777082,3143.5978350369533,3110.9083259339936,0.8492470942507059,0.9384623259859154,1.0,1.0098010257401673
911,10,药品费,4397680,7,3518144,879536,3003577,745768,3083.220342187104,3000.852150050988,0.8559924906313328,0.9274511970940922,1.0000000000000002,1.005678620893959
912,15,药品费,4397680,7,3518144,879536,2907315,723003,3016.772504785476,2884.2061341163967,0.859563683164545,0.9227870250042705,0.9999999999999997,1.0039229486168582
913,20,药品费,4397680,7,3518144,879536,2830451,704590,2934.8707972031225,2841.836111154861,0.8618713150459764,0.9201237832364169,1.0000000000000002,1.0027667168255023
914,30,药品费,4397680,7,3518144,879536,2709001,675075,2869.763190661329,2786.49206593803,0.8646985927745194,0.9167765626254858,1.0000000000000004,1.0015994961450467
915,50,药品费,4397680,7,3518144,879536,2540104,633826,2788.5506797477415,2688.6659977244813,0.867421177946856,0.8822197643787006,1.0000000000000004,1.0004508741083773
916,100,药品费,4397680,7,3518144,879536,2263099,565065,2552.542046174535,2573.7860132068017,0.868973010606231,0.8722853354678498,0.999999999999999,0.9991607048979197
917,5,药品费,4397680,8,3518144,879536,3095568,765233,3096.926417993198,3033.3566908490234,0.8405808414339895,0.9112096796528842,1.0000000000000002,1.009875439836032
918,10,药品费,4397680,8,3518144,879536,2947901,731334,3044.072977861844,2928.3877775123847,0.8480372891238607,0.8988522992440212,0.9999999999999992,1.0054693854703698
919,15,药品费,4397680,8,3518144,879536,2844387,706819,2923.418036205321,2827.9832846288728,0.8516966453443968,0.8830636487425009,1.0,1.0034204415378907
920,20,药品费,4397680,8,3518144,879536,2761668,686989,2882.80697430762,2785.7960550080857,0.8540733494347676,0.8782346361753037,1.0,1.0022938042733365
921,30,药品费,4397680,8,3518144,879536,2633624,655890,2821.7236938048977,2713.530738252459,0.8570975842288799,0.8708343004115445,0.9999999999999997,1.0008165066240835
922,50,药品费,4397680,8,3518144,879536,2454587,612437,2731.930963323608,2640.089479235679,0.8602152795748087,0.8670214886139188,1.0000000000000007,0.9998897220162648
923,100,药品费,4397680,8,3518144,879536,2170494,541944,2483.029136009302,2333.455092969331,0.862384553677839,0.8571972423303551,1.0000000000000002,0.9989614183542551
924,5,药品费,4397680,9,3518144,879536,3093895,764793,3096.1032711322387,3031.95500342276,0.840050212258504,0.9111824365758354,0.9999999999999997,1.0099005916515358
925,10,药品费,4397680,9,3518144,879536,2945902,730842,3043.713215925369,2927.9335248536595,0.8475435788864125,0.8988898261379329,1.0000000000000002,1.005520105383642
926,15,药品费,4397680,9,3518144,879536,2842269,706272,2922.852470769576,2827.4510979126085,0.8511862548433864,0.8830370737027964,1.0000000000000002,1.0034449892599928
927,20,药品费,4397680,9,3518144,879536,2759213,686361,2882.1830856517977,2785.9248878618077,0.8535794504726251,0.8784285856668002,1.0000000000000002,1.0023336654195836
928,30,药品费,4397680,9,3518144,879536,2631180,655283,2821.1734427938786,2713.5475191907076,0.856605942116635,0.8706954199730921,1.0,1.0008103654831604
929,50,药品费,4397680,9,3518144,879536,2451893,611770,2730.5994124395725,2638.735466704406,0.8596639794632425,0.8667800366334344,0.9999999999999997,0.9998962725422164
930,100,药品费,4397680,9,3518144,879536,2167910,541289,2481.273530403045,2333.50480010069,0.8617383851793404,0.8572373381524065,0.9999999999999998,0.9989610228401365
931,5,总费用,4889616,3,3911692,977924,3839808,957607,11066.598256343066,10923.669021027365,0.7152212349899169,0.7303131883860058,1.0000000000000002,1.0031089905895545
932,10,总费用,4889616,3,3911692,977924,3795708,946961,11023.661478526761,10850.903560773195,0.7164425059479013,0.7271537178631243,0.9999999999999996,1.0023396918687506
933,15,总费用,4889616,3,3911692,977924,3760352,938345,10957.869220336874,10722.000991000028,0.7170099062911331,0.7237014280960304,1.0000000000000007,1.0018335615082403
934,20,总费用,4889616,3,3911692,977924,3730867,930982,10901.92213081333,10694.447178305147,0.7171862502427888,0.7234099394211103,1.0000000000000007,1.0017861388365417
935,30,总费用,4889616,3,3911692,977924,3676907,917558,10823.901433827203,10629.291890756527,0.7173315575926857,0.7207512498607641,0.9999999999999994,1.0014416028331352
936,50,总费用,4889616,3,3911692,977924,3591076,896412,10704.903815819684,10521.639740873452,0.7167433046446706,0.7175528015533462,1.0000000000000002,1.0010183204855214
937,100,总费用,4889616,3,3911692,977924,3429368,856246,10517.68558724997,10307.037688690136,0.715913372784035,0.7156955936334867,1.0000000000000002,1.001022685266311
938,5,总费用,4889616,4,3911692,977924,3791463,944307,9993.925942433458,9939.908500004609,0.676420060018819,0.6900669658723383,1.0,1.002865376409376
939,10,总费用,4889616,4,3911692,977924,3730809,930059,9919.802941405285,9794.195764292124,0.6782458688650019,0.6870352277201833,0.9999999999999993,1.0019337255804204
940,15,总费用,4889616,4,3911692,977924,3682762,918423,9809.339938453726,9690.630631462616,0.6792250324750826,0.6839388978051892,0.9999999999999999,1.0012511396327526
941,20,总费用,4889616,4,3911692,977924,3643433,908560,9659.578070297537,9613.606113226313,0.6798376084483629,0.6825789934787289,1.0000000000000002,1.0010200663647133
942,30,总费用,4889616,4,3911692,977924,3577295,892351,9578.885760988223,9487.543625401067,0.6806477964046809,0.6815797508831971,0.9999999999999998,1.000676155142507
943,50,总费用,4889616,4,3911692,977924,3472633,866602,9431.454152343264,9351.795844644827,0.6812117040515195,0.6781465880041095,0.9999999999999999,1.0000547082953153
944,100,总费用,4889616,4,3911692,977924,3288144,820907,9188.018856426996,9152.510082014674,0.6809504174140895,0.6772588455486505,1.0,1.000087850584161
945,5,总费用,4889616,5,3911692,977924,3654977,907525,9142.33566426954,9132.96938068059,0.6108634749436241,0.6235460379742269,0.9999999999999993,1.0033829853424316
946,10,总费用,4889616,5,3911692,977924,3548502,882815,8943.312931288025,8857.081749773362,0.6135701031938893,0.6190272027045216,1.0000000000000004,1.0020576931091127
947,15,总费用,4889616,5,3911692,977924,3469308,863845,8794.258591937667,8653.349518314446,0.6149638916846691,0.6156648462203593,0.9999999999999994,1.001326293563349
948,20,总费用,4889616,5,3911692,977924,3405567,848428,8723.522731782381,8504.962189395143,0.6154601753398496,0.6134908037770357,0.9999999999999996,1.0009492237228828
949,30,总费用,4889616,5,3911692,977924,3300701,822497,8581.792420207672,8339.825801244166,0.6165979687729808,0.6123924632846807,1.0000000000000004,1.0005248269316258
950,50,总费用,4889616,5,3911692,977924,3146209,784257,8320.126614985573,8081.247482550137,0.6167350071785636,0.6087202718118102,0.9999999999999991,1.000111885802143
951,100,总费用,4889616,5,3911692,977924,2889422,720686,7633.0429331424575,7582.834812051278,0.6163214373654854,0.6055047588289707,0.9999999999999999,0.9996021148221648
952,5,总费用,4889616,6,3911692,977924,3642865,904245,9072.576277825709,9073.699952417875,0.6089978434955744,0.6226396136749884,1.0000000000000004,1.0034498727294527
953,10,总费用,4889616,6,3911692,977924,3532882,878713,8860.906281543423,8792.83289940247,0.6118528018129553,0.6176057892069596,0.9999999999999994,1.0019996131100557
954,15,总费用,4889616,6,3911692,977924,3451647,859217,8716.459949325597,8591.372368790293,0.613240311590241,0.6145123920112152,0.9999999999999999,1.0012388806895505
955,20,总费用,4889616,6,3911692,977924,3385409,843280,8646.974674744095,8435.388228538637,0.6138081447366386,0.6124704426820268,0.9999999999999998,1.00087761780323
956,30,总费用,4889616,6,3911692,977924,3278594,816919,8464.014303739039,8245.88175835696,0.6149013301709613,0.6112665810067515,1.0000000000000002,1.000451455917677
957,50,总费用,4889616,6,3911692,977924,3120247,777712,8240.719139139603,8011.709078291216,0.6151091914722835,0.6070472118440363,1.0000000000000002,1.0001232107278457
958,100,总费用,4889616,6,3911692,977924,2863673,714224,7539.664145971566,7498.14122539141,0.6148599754342008,0.603774629463075,1.0000000000000002,0.9997150656091788
959,5,总费用,4889616,7,3911692,977924,3511804,868992,8541.773225129018,8606.027605167516,0.5830619803132955,0.6004218257966354,1.0000000000000002,1.004050401961403
960,10,总费用,4889616,7,3911692,977924,3365551,835127,8311.28642937937,8220.466611830252,0.5867705547890375,0.5953631538577077,1.0000000000000004,1.0026075073269833
961,15,总费用,4889616,7,3911692,977924,3263314,810956,8140.104950218863,7999.475264220729,0.5886848190707137,0.5937822223717479,0.9999999999999999,1.0017714749043118
962,20,总费用,4889616,7,3911692,977924,3180356,791023,7956.005543904828,7864.5555502665175,0.5898667373974334,0.5925701606849721,1.0000000000000013,1.001373804646536
963,30,总费用,4889616,7,3911692,977924,3048388,758445,7727.235653672275,7662.69996502886,0.5914241922666592,0.5908538277049646,0.9999999999999999,1.0008762093847534
964,50,总费用,4889616,7,3911692,977924,2865278,713476,7438.971321545163,7388.139862059424,0.5926771728167329,0.5885101588492931,0.9999999999999993,1.0006348735536046
965,100,总费用,4889616,7,3911692,977924,2567586,639941,6832.118919010634,6921.519863696907,0.5930259748248661,0.5869467324719885,1.0000000000000004,1.0000221429137979
966,5,总费用,4889616,8,3911692,977924,3463807,856168,8402.749474463768,8386.23658949501,0.5757115447013735,0.5960878269918933,0.9999999999999999,1.0044697788952912
967,10,总费用,4889616,8,3911692,977924,3305950,819653,8163.736088688482,8056.991159099822,0.5798152251485214,0.5910342316780085,0.9999999999999994,1.0028934459711756
968,15,总费用,4889616,8,3911692,977924,3195713,793677,7927.284588466906,7824.979051898183,0.5817778054794593,0.5896470211290787,0.9999999999999996,1.0021248131077762
969,20,总费用,4889616,8,3911692,977924,3106718,772290,7800.191072208174,7661.175254253246,0.5830573894129522,0.5884464914675877,0.9999999999999999,1.0016688534201867
970,30,总费用,4889616,8,3911692,977924,2966422,737930,7549.0996949205355,7456.538941318943,0.5845772194652424,0.5868566913457031,0.9999999999999989,1.0011886834162766
971,50,总费用,4889616,8,3911692,977924,2773113,690301,7237.683193863611,7217.689059674875,0.585921929482149,0.5848602392892303,0.9999999999999993,1.0008717144043804
972,100,总费用,4889616,8,3911692,977924,2463994,614376,6532.338153074077,6717.4744895482145,0.5865683914953469,0.5835462887424313,1.0,1.0004364900519667
973,5,总费用,4889616,9,3911692,977924,3462001,855705,8400.960772543353,8375.843295397623,0.5752475515983392,0.5947866099011898,1.0,1.0043901780522195
974,10,总费用,4889616,9,3911692,977924,3303642,819066,8163.589783126059,8047.8388769405665,0.5793660952894875,0.5897658886123137,0.9999999999999996,1.0028385914768716
975,15,总费用,4889616,9,3911692,977924,3193345,793065,7927.030037300498,7815.451499767831,0.5813222305216668,0.5883578904120078,1.0000000000000007,1.0020661775420039
976,20,总费用,4889616,9,3911692,977924,3103974,771567,7799.939319163979,7653.116899780027,0.5826057608559321,0.5873085367330864,0.9999999999999991,1.0016293516916603
977,30,总费用,4889616,9,3911692,977924,2963441,737210,7548.147403859388,7446.9043244959885,0.5841129327867454,0.5856790052035782,0.9999999999999996,1.0011600926541555
978,50,总费用,4889616,9,3911692,977924,2769781,689469,7237.959206399848,7209.819582076704,0.5853981846290217,0.5835910008809209,1.0000000000000004,1.0008619432133654
979,100,总费用,4889616,9,3911692,977924,2461468,613762,6532.002278031178,6714.231682801634,0.5861056319632967,0.5826422963028933,1.0000000000000004,1.0004436191404753
980,5,耗材费,2433599,3,1946879,486720,1892371,471344,6604.179033432267,6800.750687264892,1.1933066828831032,1.594624952215609,0.9999999999999998,1.0156798462711063
981,10,耗材费,2433599,3,1946879,486720,1861630,463901,6606.070048812851,6791.186924273223,1.1983095659454617,1.487539552356992,0.9999999999999997,1.0103726541200668
982,15,耗材费,2433599,3,1946879,486720,1837936,458134,6604.483773113018,6783.930351349192,1.2012847057172553,1.431398653339813,1.0000000000000002,1.0074453412070337
983,20,耗材费,2433599,3,1946879,486720,1817615,453247,6599.461230689454,6769.289810947432,1.2030795484083563,1.4296778896181073,0.9999999999999997,1.0063795098700543
984,30,耗材费,2433599,3,1946879,486720,1784231,445135,6610.513105717621,6726.240053214753,1.2045334285786904,1.4252123312985545,0.9999999999999996,1.0054220747401383
985,50,耗材费,2433599,3,1946879,486720,1730910,432009,6603.649245753375,6726.096643547356,1.2055591897079099,1.4141085588432347,0.9999999999999993,1.0041849838347254
986,100,耗材费,2433599,3,1946879,486720,1637209,408716,6553.185001058238,6645.020129951439,1.2008835644045384,1.4124644614202586,0.9999999999999997,1.0036648960526084
987,5,耗材费,2433599,4,1946879,486720,1856609,461704,5916.287954514315,6118.997456285878,1.0916907108624578,1.4340575696718956,0.9999999999999998,1.0148391279369233
988,10,耗材费,2433599,4,1946879,486720,1813771,451624,5923.303266064846,6121.618969702978,1.0979304411632609,1.3461662231526605,0.9999999999999999,1.010385139885624
989,15,耗材费,2433599,4,1946879,486720,1782633,444159,5889.841469839508,6071.21579913584,1.1013019738667398,1.3256730283624123,0.9999999999999992,1.0089878942509733
990,20,耗材费,2433599,4,1946879,486720,1756329,437763,5865.550297348407,5994.823254908933,1.1031552346943665,1.3228095769033341,1.0,1.0076891370281469
991,30,耗材费,2433599,4,1946879,486720,1713608,427344,5790.564949387189,5897.134686453849,1.105205469411557,1.3151650588553296,0.9999999999999999,1.0067179426055612
992,50,耗材费,2433599,4,1946879,486720,1647825,411228,5764.21296075662,5854.078100987777,1.1081336376632096,1.2958178483133507,1.0000000000000004,1.004857880910535
993,100,耗材费,2433599,4,1946879,486720,1542187,384941,5701.878658235287,5739.485056611396,1.1046688432575114,1.2824454417011268,1.0000000000000007,1.0036118737931892
994,5,耗材费,2433599,5,1946879,486720,1765966,437242,5537.124772888142,5726.663989155742,0.9753603841234779,1.3363300391750867,0.9999999999999998,1.0161144286270205
995,10,耗材费,2433599,5,1946879,486720,1696871,421046,5504.553644001014,5628.136785901257,0.9841018668127113,1.2054151960955792,0.9999999999999999,1.0097103117294755
996,15,耗材费,2433599,5,1946879,486720,1647497,409335,5406.351403146372,5544.631071697183,0.9886600872765314,1.190109652707483,1.0000000000000002,1.0076513098203859
997,20,耗材费,2433599,5,1946879,486720,1608396,399737,5379.3838188114005,5484.47346146259,0.9917101709497893,1.1678857799532534,1.0000000000000002,1.0059033618797781
998,30,耗材费,2433599,5,1946879,486720,1544899,384318,5344.586709008141,5423.790268062874,0.9948787879621103,1.1583238005110135,0.9999999999999992,1.0046264652717536
999,50,耗材费,2433599,5,1946879,486720,1456234,362380,5257.076511001126,5332.578053608557,0.9965063280820714,1.1395972109437176,1.0000000000000009,1.0034786517689187
1000,100,耗材费,2433599,5,1946879,486720,1309636,325844,5040.653517632443,5108.662035881656,0.9981891546179935,1.116678795845438,1.0,1.0024949633705609
1001,5,耗材费,2433599,6,1946879,486720,1759200,435510,5489.515681995359,5661.408608328781,0.9701599505869288,1.3274560823942372,1.0000000000000004,1.0158572235142902
1002,10,耗材费,2433599,6,1946879,486720,1688130,418881,5449.311001722349,5554.912126319568,0.9791791242472627,1.1965168314605927,1.0,1.009552370070676
1003,15,耗材费,2433599,6,1946879,486720,1637936,406990,5357.39020937672,5481.3821208543095,0.9839637177499518,1.180110051218605,0.9999999999999991,1.0071989813727142
1004,20,耗材费,2433599,6,1946879,486720,1597286,397070,5328.584223039251,5432.716978522242,0.987202809088143,1.1674619376776358,1.0000000000000004,1.0058929159637533
1005,30,耗材费,2433599,6,1946879,486720,1533713,381537,5284.506451500176,5354.767062282028,0.9904860124238186,1.1582128856833505,1.0000000000000002,1.004623758736414
1006,50,耗材费,2433599,6,1946879,486720,1443144,359027,5202.5480953711485,5265.2869819013285,0.992389315861237,1.1379387235403318,0.9999999999999997,1.0032075638049318
1007,100,耗材费,2433599,6,1946879,486720,1296631,322615,4942.311569770443,5003.09526757163,0.9949447661165892,1.111163282062941,1.0000000000000002,1.002124580687238
1008,5,耗材费,2433599,7,1946879,486720,1671174,411959,5080.4371392280955,5344.879316998214,0.9075584393352838,1.2814849192943236,0.9999999999999997,1.0173494959994087
1009,10,耗材费,2433599,7,1946879,486720,1578769,390594,5010.913451375753,5201.975457647548,0.9191022810781639,1.1713453706494614,0.9999999999999999,1.0117552353276547
1010,15,耗材费,2433599,7,1946879,486720,1516061,375582,4911.583652039048,5102.681897104195,0.9251793141968081,1.1586442151962169,1.0000000000000002,1.0094757871962385
1011,20,耗材费,2433599,7,1946879,486720,1466136,363605,4842.1960106880315,4965.402544817595,0.9291749617398729,1.15428442903639,0.9999999999999999,1.0080634385972558
1012,30,耗材费,2433599,7,1946879,486720,1389749,345115,4728.5848476719075,4794.2404393290035,0.9340267972769511,1.1590910192789947,1.0,1.0073955624956001
1013,50,耗材费,2433599,7,1946879,486720,1282638,318621,4635.728600942898,4686.790864083095,0.9368213411245839,1.1111085146286306,1.0000000000000004,1.0052109913588383
1014,100,耗材费,2433599,7,1946879,486720,1114118,277282,4316.171565484235,4434.233467772322,0.9303200757298927,1.0927263037569535,0.9999999999999998,1.0035032743477685
1015,5,耗材费,2433599,8,1946879,486720,1641073,403910,4993.147183185228,5229.641022486576,0.8897661602215123,1.2787338366939498,1.0000000000000002,1.0187411202335412
1016,10,耗材费,2433599,8,1946879,486720,1541721,381111,4923.610669198249,5097.54071928467,0.9020978269609059,1.1626711948658426,1.0,1.0125920455966477
1017,15,耗材费,2433599,8,1946879,486720,1474675,365134,4826.2959665131975,4988.64536455325,0.908671892780937,1.1591918684158893,0.9999999999999997,1.01065476083454
1018,20,耗材费,2433599,8,1946879,486720,1422145,352498,4737.090703382074,4815.798289153983,0.9126302841996675,1.1571110018367152,1.0000000000000004,1.009352604980656
1019,30,耗材费,2433599,8,1946879,486720,1340992,333053,4588.158960995885,4671.628477504056,0.9174389205634916,1.1452693395527334,1.0,1.0079064610664323
1020,50,耗材费,2433599,8,1946879,486720,1229899,305709,4495.900316409618,4571.131130840079,0.9218458858370999,1.1080826900422018,0.9999999999999994,1.0058268657999967
1021,100,耗材费,2433599,8,1946879,486720,1055814,262804,4108.371716677526,4203.240213498373,0.9204372802333898,1.0907905328145862,0.9999999999999998,1.0041824733448195
1022,5,耗材费,2433599,9,1946879,486720,1640071,403635,4992.077148369415,5229.8750411142855,0.8894735368533266,1.277683532083185,0.9999999999999997,1.0185787909512911
1023,10,耗材费,2433599,9,1946879,486720,1540576,380833,4923.318085014039,5098.49223400807,0.9018519229664479,1.1625017915492297,1.0000000000000002,1.0125409950856326
1024,15,耗材费,2433599,9,1946879,486720,1473492,364852,4826.515039670708,4989.588956270896,0.9084782965351379,1.1590889365278652,1.0000000000000002,1.0106072295610409
1025,20,耗材费,2433599,9,1946879,486720,1420859,352182,4737.60119918854,4816.713985479405,0.9124487480841423,1.1562072254161473,1.0000000000000002,1.0092081393844332
1026,30,耗材费,2433599,9,1946879,486720,1339313,332634,4589.044812748357,4672.681285087426,0.917312860947917,1.1439702829907756,0.9999999999999997,1.0077041687036032
1027,50,耗材费,2433599,9,1946879,486720,1228258,305298,4497.258180490263,4573.093968764057,0.9217644788512903,1.1080519802275786,1.0,1.0057068531028346
1028,100,耗材费,2433599,9,1946879,486720,1054511,262472,4109.211176430161,4204.532215843124,0.9203853017213846,1.091033618523575,1.0,1.0040919278368323
1029,5,检查检验费,5873568,3,4698854,1174714,4622389,1153111,2456.5591102000785,2417.2498916155437,0.701719944486363,0.7073853182464276,1.0000000000000002,1.0024542993560903
1030,10,检查检验费,5873568,3,4698854,1174714,4575248,1141815,2447.5717569581893,2402.689736756076,0.7030550077140263,0.7055696956410946,0.9999999999999998,1.0018022343733848
1031,15,检查检验费,5873568,3,4698854,1174714,4536484,1132269,2437.6529729106633,2386.9138663033104,0.7038944186716387,0.705151103500958,0.9999999999999998,1.0015615627294554
1032,20,检查检验费,5873568,3,4698854,1174714,4502680,1124043,2426.912842213839,2373.241956442085,0.7044080666336247,0.7042245482361181,1.0,1.0013383718799194
1033,30,检查检验费,5873568,3,4698854,1174714,4445860,1110139,2417.7008562313436,2360.5863684450746,0.7052312493261856,0.7034200368732946,0.9999999999999991,1.0010931022610035
1034,50,检查检验费,5873568,3,4698854,1174714,4350379,1086269,2402.532608376445,2350.896183559799,0.706267033548581,0.7038836676211431,1.0,1.0010056327923187
1035,100,检查检验费,5873568,3,4698854,1174714,4174704,1042466,2379.867702752836,2324.1802130724886,0.7078523947866526,0.7033418623278483,1.0000000000000004,1.000818308106919
1036,5,检查检验费,5873568,4,4698854,1174714,4568468,1138257,2347.374055593834,2337.6336153364346,0.6812503209357323,0.6903147266661791,1.0,1.0029712609958905
1037,10,检查检验费,5873568,4,4698854,1174714,4500293,1122283,2335.9207519809747,2312.8900175934978,0.6832833263900253,0.6882684287891314,0.9999999999999993,1.0021894501504873
1038,15,检查检验费,5873568,4,4698854,1174714,4448225,1109528,2324.4691587699617,2290.3229021509414,0.6845044031727239,0.6870260103924734,0.9999999999999996,1.0018635087587546
1039,20,检查检验费,5873568,4,4698854,1174714,4404477,1098727,2312.989477381336,2279.3868490584996,0.6853129395838986,0.6869926453507439,1.0000000000000007,1.0016442334811186
1040,30,检查检验费,5873568,4,4698854,1174714,4331618,1080878,2297.1859057628126,2258.270953005891,0.6866564011691125,0.686894857875525,1.0000000000000007,1.0012131704200233
1041,50,检查检验费,5873568,4,4698854,1174714,4212857,1051281,2278.5202647254487,2234.8094270404813,0.6884416232154048,0.6873617144373967,1.0000000000000007,1.0010889885675318
1042,100,检查检验费,5873568,4,4698854,1174714,4009781,1000932,2249.7640898693767,2210.9208992371914,0.690980060607839,0.6886641871765377,0.9999999999999994,1.000889655067314
1043,5,检查检验费,5873568,5,4698854,1174714,4415369,1096663,2199.6350492992137,2195.1161709144994,0.6308708456800697,0.6464696608345478,0.999999999999999,1.0041792025692575
1044,10,检查检验费,5873568,5,4698854,1174714,4295304,1068885,2178.3705787912836,2156.0037642953225,0.6338937949720932,0.644600444806496,0.9999999999999993,1.0029692487980415
1045,15,检查检验费,5873568,5,4698854,1174714,4206331,1047570,2157.86133101615,2126.5820703956647,0.6357451395041386,0.6425737182363538,0.9999999999999996,1.0024504208492375
1046,20,检查检验费,5873568,5,4698854,1174714,4134316,1030171,2132.400431453012,2105.7450720458537,0.636740036949783,0.6418216444873787,0.9999999999999997,1.0019840602211916
1047,30,检查检验费,5873568,5,4698854,1174714,4016852,1001354,2107.398113646474,2074.3315069820014,0.6384347827708639,0.6413054902983183,1.0000000000000002,1.0017288633369754
1048,50,检查检验费,5873568,5,4698854,1174714,3844215,958724,2075.950228669471,2040.2979464339965,0.6404275494938763,0.6420626406244342,1.0000000000000002,1.0015740082093394
1049,100,检查检验费,5873568,5,4698854,1174714,3548940,885851,2002.8210671260078,1984.279204303888,0.6433669303889967,0.642808396536394,0.9999999999999994,1.001241349433946
1050,5,检查检验费,5873568,6,4698854,1174714,4401732,1092987,2191.5611559524823,2189.4677348570976,0.629691317390066,0.6460491131652352,1.0000000000000004,1.004282206292016
1051,10,检查检验费,5873568,6,4698854,1174714,4277122,1064237,2169.759217362823,2146.49554394279,0.6328403671114953,0.6440354700766284,1.0000000000000013,1.0030334271890542
1052,15,检查检验费,5873568,6,4698854,1174714,4185940,1042310,2147.851709117147,2118.8373506555445,0.6347335718525924,0.6420911201059217,0.9999999999999996,1.0025332734245656
1053,20,检查检验费,5873568,6,4698854,1174714,4111415,1024207,2119.646357653162,2097.5707378972334,0.635783038310491,0.6410982717190634,0.9999999999999994,1.0020406208989803
1054,30,检查检验费,5873568,6,4698854,1174714,3991149,994732,2096.5688633838845,2065.9591870137046,0.6375368325130631,0.6406075144390295,1.0000000000000013,1.0017918018413516
1055,50,检查检验费,5873568,6,4698854,1174714,3814177,951165,2065.456178845304,2032.3015895529431,0.6395083079721,0.6415190881693997,0.9999999999999996,1.0015404671731107
1056,100,检查检验费,5873568,6,4698854,1174714,3517287,877861,1994.4675167728892,1977.3937929933456,0.6425654989159332,0.6423684672037158,0.9999999999999993,1.0012636321331336
1057,5,检查检验费,5873568,7,4698854,1174714,4251914,1053074,2104.981212417357,2119.2480207670915,0.6151784378079989,0.6354573307985573,0.9999999999999989,1.0049820629273076
1058,10,检查检验费,5873568,7,4698854,1174714,4084797,1014772,2074.412903602992,2068.5662420040985,0.6195623471785529,0.6333788669143264,1.0,1.0035504703327895
1059,15,检查检验费,5873568,7,4698854,1174714,3967760,986742,2049.7297133007046,2033.2267046188863,0.6220530936893682,0.6309823942732461,1.0000000000000007,1.0028232219805093
1060,20,检查检验费,5873568,7,4698854,1174714,3875718,964589,2014.7251168690566,2004.7140703433524,0.6237404013901277,0.6304672191949574,0.9999999999999998,1.0023104195227428
1061,30,检查检验费,5873568,7,4698854,1174714,3728164,928460,1994.937352808596,1974.6791649046197,0.6262550634722712,0.6305279220669984,1.0000000000000002,1.001843842016795
1062,50,检查检验费,5873568,7,4698854,1174714,3514948,875990,1954.60139429409,1939.1829731459902,0.6291755062476901,0.6317915675423407,0.9999999999999998,1.001661147803814
1063,100,检查检验费,5873568,7,4698854,1174714,3172302,790986,1871.789143269492,1867.1296678126919,0.6341701008647058,0.633913746068604,1.0000000000000002,1.0013936211529688
1064,5,检查检验费,5873568,8,4698854,1174714,4197225,1038349,2078.98997083226,2095.2538074005492,0.6088508864833992,0.6325224070067416,0.9999999999999996,1.0052247415710989
1065,10,检查检验费,5873568,8,4698854,1174714,4017443,997356,2047.1118811817826,2046.1089934354031,0.6135189993702435,0.6296901337551244,0.9999999999999999,1.003779909320537
1066,15,检查检验费,5873568,8,4698854,1174714,3889515,966561,2012.2311913261663,2001.6305597810012,0.6161195833595768,0.6270297776410944,0.9999999999999997,1.0029787291053613
1067,20,检查检验费,5873568,8,4698854,1174714,3792350,943222,1980.6923851886104,1968.3672416212614,0.6179743709336936,0.6262449416564785,0.9999999999999993,1.0025796055985026
1068,30,检查检验费,5873568,8,4698854,1174714,3633453,904387,1958.132917039189,1945.98379699053,0.6206321063057356,0.6269832122395705,0.9999999999999992,1.0021944073525704
1069,50,检查检验费,5873568,8,4698854,1174714,3408418,848986,1920.6760369049077,1910.3889858348016,0.6240506491723143,0.6280142461957873,1.0000000000000002,1.0018076631390458
1070,100,检查检验费,5873568,8,4698854,1174714,3052254,760648,1831.743130971524,1824.120661154467,0.629369925924102,0.6301213682034381,0.9999999999999997,1.001488416794968
1071,5,检查检验费,5873568,9,4698854,1174714,4195222,1037815,2078.3756474781103,2094.734284486875,0.6087161388593897,0.6325489694020361,1.0,1.0052471974921056
1072,10,检查检验费,5873568,9,4698854,1174714,4015035,996761,2046.647279279701,2045.4403752904961,0.6133926695041385,0.6296895005341806,1.0000000000000002,1.0037971699195007
1073,15,检查检验费,5873568,9,4698854,1174714,3886899,965916,2011.808272476549,2001.1038314441096,0.616016210107223,0.6270601267860398,0.9999999999999996,1.003008219806752
1074,20,检查检验费,5873568,9,4698854,1174714,3789424,942496,1980.227177096418,1967.7973632530088,0.6178905932012956,0.6262829488955572,0.9999999999999997,1.0026099645412068
1075,30,检查检验费,5873568,9,4698854,1174714,3630265,903600,1957.7683159800335,1945.3470879565489,0.6205537418883051,0.627007976215111,0.9999999999999994,1.0021990994474979
1076,50,检查检验费,5873568,9,4698854,1174714,3405044,848178,1920.4062251723042,1909.8047478558578,0.6239695998839256,0.6280400153087613,1.0000000000000004,1.0018227619641495
1077,100,检查检验费,5873568,9,4698854,1174714,3048671,759798,1831.7045989466283,1823.4323485149998,0.6293129442221124,0.6300871904721168,0.9999999999999996,1.0014669748613032
1078,5,药品费,5417816,3,4334252,1083564,4259469,1062377,3813.9799203631183,3742.3752812821476,1.021952261582203,1.0842011090577903,0.9999999999999996,1.0041455814938147
1079,10,药品费,5417816,3,4334252,1083564,4215236,1051622,3787.6268223239176,3719.1406070681296,1.0242382278240463,1.0694385822842434,1.0,1.0025058819966874
1080,15,药品费,5417816,3,4334252,1083564,4178145,1042892,3767.87549818083,3690.4668905657545,1.0256007289293838,1.0669214374419116,1.0000000000000007,1.0017282710014113
1081,20,药品费,5417816,3,4334252,1083564,4145070,1035090,3753.784347426818,3661.922142166611,1.0266720504634455,1.064058160453664,0.9999999999999998,1.0013961908971865
1082,30,药品费,5417816,3,4334252,1083564,4090603,1021639,3715.153969241492,3644.875531978497,1.027950973104583,1.0633735880791022,0.9999999999999998,1.0008918686757735
1083,50,药品费,5417816,3,4334252,1083564,4002063,999619,3677.65982731821,3593.3090301395237,1.0286999829004784,1.0559538540604423,0.9999999999999999,0.9999855495348896
1084,100,药品费,5417816,3,4334252,1083564,3830226,956707,3597.2332250418394,3492.0367760551617,1.0298687974137128,1.0531575626460177,0.9999999999999989,0.9993593649145673
1085,5,药品费,5417816,4,4334252,1083564,4208122,1048149,3571.1877471660923,3544.61246894505,0.9644487053417444,1.005408701060322,0.9999999999999993,1.0050878079924705
1086,10,药品费,5417816,4,4334252,1083564,4143644,1032797,3530.684948342721,3498.6000328725895,0.967500154984033,0.9904587871894838,1.0000000000000002,1.0031547241689838
1087,15,药品费,5417816,4,4334252,1083564,4094376,1021207,3503.513982935661,3409.690564306801,0.9692181509931048,0.9858692565799609,1.0000000000000002,1.0021216673421895
1088,20,药品费,5417816,4,4334252,1083564,4050870,1010844,3469.9497501192222,3400.1068466831593,0.970374169848286,0.9846687531195533,1.0000000000000002,1.0017734507496243
1089,30,药品费,5417816,4,4334252,1083564,3982198,993962,3416.355316844641,3361.0430974836177,0.9720465133117988,0.9832593517394944,1.0000000000000007,1.0013887451682424
1090,50,药品费,5417816,4,4334252,1083564,3869733,966245,3362.3750177126813,3281.0507281354967,0.9732433109179623,0.9774946083676544,1.0000000000000013,1.0006601992083732
1091,100,药品费,5417816,4,4334252,1083564,3675127,917889,3312.727735901568,3213.6418156470536,0.9743754993363566,0.9702287879756105,1.0000000000000004,0.9998490339933901
1092,5,药品费,5417816,5,4334252,1083564,4061951,1008642,3329.2391125968197,3275.4220922225836,0.8847104625765023,0.9336119553609817,0.9999999999999998,1.0073325303454883
1093,10,药品费,5417816,5,4334252,1083564,3948715,982485,3273.7392518532065,3229.9594027203416,0.8892557793244313,0.9248701577407088,0.9999999999999998,1.004700351071837
1094,15,药品费,5417816,5,4334252,1083564,3863718,962253,3232.6453859868607,3171.571347147066,0.8914828203842816,0.9181774865391291,0.9999999999999999,1.0035924526864877
1095,20,药品费,5417816,5,4334252,1083564,3796464,946041,3202.2245344279268,3144.619245630263,0.8929868920390278,0.9153205536302765,0.9999999999999991,1.0028016208877932
1096,30,药品费,5417816,5,4334252,1083564,3686831,919141,3161.9356284829846,3091.1142930402816,0.8946788422654477,0.912469662693317,1.0000000000000004,1.0019862708809326
1097,50,药品费,5417816,5,4334252,1083564,3520804,878196,3100.0738528778174,3015.0736942796443,0.8962462700380847,0.9053444386913958,0.9999999999999987,1.0012365532480592
1098,100,药品费,5417816,5,4334252,1083564,3247140,810442,2901.0749108161863,2812.805641009382,0.8967286022359068,0.8956700149580153,1.0000000000000007,1.0003249566300085
1099,5,药品费,5417816,6,4334252,1083564,4048949,1005212,3310.918733823294,3267.44853740655,0.8820940472618369,0.9322656279092715,0.9999999999999993,1.0073990524988878
1100,10,药品费,5417816,6,4334252,1083564,3931544,978039,3255.08350009159,3219.2233559802403,0.8867881487854864,0.9221274699007135,0.9999999999999999,1.0047139966936456
1101,15,药品费,5417816,6,4334252,1083564,3844510,957303,3208.3871611156706,3160.6321786624185,0.8891017384254447,0.9159854666947149,1.0,1.0036244516526838
1102,20,药品费,5417816,6,4334252,1083564,3774580,940306,3180.1625463938503,3124.910288230026,0.8905972330151107,0.9113213328476977,0.9999999999999996,1.0027547298845687
1103,30,药品费,5417816,6,4334252,1083564,3662328,912864,3127.312245897602,3072.1836688535104,0.8923974366096474,0.9089778290851637,0.9999999999999997,1.0018999667355455
1104,50,药品费,5417816,6,4334252,1083564,3493192,871194,3051.481378421556,2993.3188664000886,0.8938441106942838,0.8996233308958355,0.9999999999999992,1.0009889245298802
1105,100,药品费,5417816,6,4334252,1083564,3219011,803181,2876.03908317622,2792.6750325163152,0.8943502233251043,0.8908969076503287,1.000000000000001,1.0001249192452886
1106,5,药品费,5417816,7,4334252,1083564,3907453,967346,3158.2247923228847,3136.551814448164,0.8530959303054984,0.9114796043739742,1.0000000000000002,1.0089978944774078
1107,10,药品费,5417816,7,4334252,1083564,3750190,931324,3087.1985007542453,3057.647895112131,0.8592730656853743,0.9013418073648082,0.9999999999999996,1.0054691100525472
1108,15,药品费,5417816,7,4334252,1083564,3639404,904835,3038.468138132319,2978.2704159444925,0.862500994344276,0.8977116098865874,0.9999999999999994,1.0041148351749427
1109,20,药品费,5417816,7,4334252,1083564,3554177,884224,2978.9926970617407,2944.9731828340578,0.864573864742947,0.8953070159609274,1.0000000000000002,1.0030611412542139
1110,30,药品费,5417816,7,4334252,1083564,3414363,850072,2881.522709390987,2900.924668288263,0.8671772441837259,0.8931516392150285,1.0000000000000002,1.002264814502377
1111,50,药品费,5417816,7,4334252,1083564,3213982,800930,2802.1812057950456,2751.74825527085,0.8697480509959953,0.8748824315465887,1.000000000000001,1.0009498961207062
1112,100,药品费,5417816,7,4334252,1083564,2895443,721946,2602.6097823441505,2597.682542047986,0.8704076075812858,0.8658045527756131,0.9999999999999997,0.9999447460769567
1113,5,药品费,5417816,8,4334252,1083564,3855989,953491,3115.7654051461136,3077.592779803237,0.8433323392151962,0.9073668299963304,0.9999999999999991,1.0099443982849845
1114,10,药品费,5417816,8,4334252,1083564,3686203,914691,3048.4672541321265,2988.9536406424654,0.8500042608432898,0.8969960053238528,0.9999999999999997,1.0062192418007596
1115,15,药品费,5417816,8,4334252,1083564,3566987,886241,2995.5423572548757,2931.690047538413,0.8535972216987021,0.8908415476449901,0.9999999999999998,1.004392097887303
1116,20,药品费,5417816,8,4334252,1083564,3474446,863773,2903.9463014702424,2892.590596487159,0.8558144301252546,0.8874368573945636,1.0000000000000004,1.0031989856592205
1117,30,药品费,5417816,8,4334252,1083564,3325855,827517,2834.466609550206,2845.9507470275266,0.8586470967818663,0.8722315177394676,0.9999999999999993,1.0021005538391905
1118,50,药品费,5417816,8,4334252,1083564,3113211,775903,2748.468306633393,2683.4957653735837,0.8612089620133379,0.8646073305196497,0.9999999999999994,1.0007953540205934
1119,100,药品费,5417816,8,4334252,1083564,2782954,693480,2505.793964575892,2381.977615523852,0.8623753375544577,0.8568207151757121,1.0000000000000004,0.99973647397679
1120,5,药品费,5417816,9,4334252,1083564,3854103,952965,3115.4123767214214,3076.8072277329625,0.8428113444252022,0.907125190737103,0.9999999999999999,1.0099256064282947
1121,10,药品费,5417816,9,4334252,1083564,3684027,914061,3047.773905589631,2988.999254924478,0.8494883900345575,0.8967972538002451,1.0000000000000007,1.0061943324265303
1122,15,药品费,5417816,9,4334252,1083564,3564566,885569,2995.2585116671376,2932.082022918184,0.8531201348678947,0.8907215747883067,0.9999999999999993,1.0043965591501127
1123,20,药品费,5417816,9,4334252,1083564,3471968,863112,2903.5047843676416,2893.0209121359226,0.8553156110842879,0.887289213703343,1.0000000000000007,1.003192012445321
1124,30,药品费,5417816,9,4334252,1083564,3322964,826776,2833.2584468838304,2846.056829960262,0.8581403160285096,0.871948258318942,1.0,1.0020742555204014
1125,50,药品费,5417816,9,4334252,1083564,3110043,775098,2747.562361329742,2683.158468354548,0.8607081039349811,0.864112018286925,1.0000000000000013,1.0007070036648351
1126,100,药品费,5417816,9,4334252,1083564,2779813,692737,2504.759397972004,2381.329291036173,0.861882623552592,0.8566250654741872,0.9999999999999997,0.9997141426025699
1127,5,总费用,6016985,3,4813588,1203397,4736431,1181773,11095.03532789219,10929.62159684772,0.714130870509686,0.7439586790803392,0.999999999999999,1.0028067397875227
1128,10,总费用,6016985,3,4813588,1203397,4688695,1170167,11014.900781653925,10838.260123743037,0.715155036403034,0.7403908678198499,0.9999999999999996,1.0021022047191193
1129,15,总费用,6016985,3,4813588,1203397,4650454,1160735,10960.100844440183,10792.31582081584,0.7155448113996947,0.7392570424730688,0.9999999999999998,1.0019280691309465
1130,20,总费用,6016985,3,4813588,1203397,4616309,1152322,10904.446568537773,10769.102366836483,0.7156863419559437,0.7386776917063176,0.999999999999999,1.0018599900741338
1131,30,总费用,6016985,3,4813588,1203397,4559760,1138537,10833.011268208924,10725.775039847174,0.7155287351095648,0.7362597675742762,1.000000000000001,1.0016396527628115
1132,50,总费用,6016985,3,4813588,1203397,4464405,1114810,10714.701669883978,10617.48776072734,0.7152445604711548,0.7346272481865941,1.0000000000000004,1.0013980723111495
1133,100,总费用,6016985,3,4813588,1203397,4285684,1070777,10554.419206410643,10436.748965772334,0.7137835768083988,0.7318229512324768,1.0000000000000007,1.0012389233837085
1134,5,总费用,6016985,4,4813588,1203397,4681791,1166559,10011.79518060406,9988.53460855649,0.6729490379435394,0.697703028527076,0.999999999999999,1.0026732119280297
1135,10,总费用,6016985,4,4813588,1203397,4614193,1150670,9919.663050388805,9867.181217527417,0.6744871829738963,0.694822625181177,1.0,1.001991951412742
1136,15,总费用,6016985,4,4813588,1203397,4562073,1138097,9826.135488789521,9795.792974271839,0.6751603493488929,0.6937521488036148,1.0000000000000004,1.0017852757439307
1137,20,总费用,6016985,4,4813588,1203397,4517136,1127128,9760.162764917835,9699.045092817401,0.6755901932970867,0.6930639851201381,1.000000000000001,1.0017423436945314
1138,30,总费用,6016985,4,4813588,1203397,4443319,1109125,9585.42422435665,9585.020359835476,0.6762145067936748,0.6915689050449684,1.000000000000001,1.0013211455539675
1139,50,总费用,6016985,4,4813588,1203397,4324581,1079668,9441.3180719248,9445.021342695118,0.6766558166949171,0.6908680808182359,0.9999999999999998,1.0009478666922744
1140,100,总费用,6016985,4,4813588,1203397,4118391,1028876,9249.490034683145,9221.480394532207,0.6765579804450681,0.687264123425038,1.0,1.0006386916930838
1141,5,总费用,6016985,5,4813588,1203397,4527874,1124747,9124.997920839298,9225.746595427277,0.6079754820837716,0.6343511792906047,1.0000000000000013,1.0039621631503888
1142,10,总费用,6016985,5,4813588,1203397,4406307,1096689,8985.21936408504,9059.74265943648,0.6103765568996377,0.6302555818367385,1.0000000000000002,1.0027790488704529
1143,15,总费用,6016985,5,4813588,1203397,4317426,1075451,8794.92074385468,8913.691716573354,0.6114258000312193,0.6285368801123954,0.9999999999999991,1.0022255704046614
1144,20,总费用,6016985,5,4813588,1203397,4243758,1057644,8683.890816318692,8792.628410954745,0.6119279225839002,0.6274522821345264,1.0000000000000004,1.0019321447030907
1145,30,总费用,6016985,5,4813588,1203397,4126685,1029081,8543.417193603264,8663.563715551933,0.6123938534360214,0.6254276816700373,1.0000000000000002,1.0016520508110585
1146,50,总费用,6016985,5,4813588,1203397,3949774,985298,8334.0400151132,8422.854552331952,0.6129968441010966,0.6236280887387423,0.9999999999999999,1.0011817763578357
1147,100,总费用,6016985,5,4813588,1203397,3652389,911533,7771.100931930241,7974.742711179848,0.6121544492202428,0.62135383306922,1.0000000000000002,1.0013338025659384
1148,5,总费用,6016985,6,4813588,1203397,4513894,1121061,9059.561070563343,9157.921236974078,0.6061181998198233,0.6328085071558985,0.9999999999999998,1.0039802135944815
1149,10,总费用,6016985,6,4813588,1203397,4388076,1092016,8904.655330875032,8973.787772994294,0.6086258342100176,0.6287885169408289,0.9999999999999989,1.00279771014122
1150,15,总费用,6016985,6,4813588,1203397,4296840,1070161,8712.99577014844,8854.765590938252,0.6097212644320851,0.6271629037383861,1.0000000000000004,1.0022439726459196
1151,20,总费用,6016985,6,4813588,1203397,4221114,1051885,8588.409534054854,8720.154124641345,0.6102397801103769,0.6258079779196439,0.9999999999999998,1.001937039775506
1152,30,总费用,6016985,6,4813588,1203397,4100326,1022457,8459.625128814707,8586.877445310594,0.6107231970162418,0.6239397604652991,0.999999999999999,1.001616285401229
1153,50,总费用,6016985,6,4813588,1203397,3920553,977937,8242.365345389955,8332.183988652998,0.6112574209782671,0.6200239010421387,0.9999999999999994,1.001136078026608
1154,100,总费用,6016985,6,4813588,1203397,3620782,903602,7679.1237963079675,7891.49576130171,0.6102500313991577,0.6182606657132982,1.0,1.0013155855934588
1155,5,总费用,6016985,7,4813588,1203397,4362432,1080640,8499.059960799055,8792.485149744227,0.5807040073141542,0.6114448713760845,0.9999999999999996,1.0046687102817666
1156,10,总费用,6016985,7,4813588,1203397,4194535,1042008,8293.405265368023,8578.642387407888,0.5839885572251379,0.6065192451277137,1.0,1.0032177935099391
1157,15,总费用,6016985,7,4813588,1203397,4075297,1013491,8108.020710652214,8397.846893442013,0.585734855087096,0.6041358098069358,1.0000000000000002,1.0025954864867148
1158,20,总费用,6016985,7,4813588,1203397,3982301,991013,7937.319851792075,8205.476583582811,0.5865240447708878,0.6035857146286001,1.0000000000000009,1.0022195093427615
1159,30,总费用,6016985,7,4813588,1203397,3834540,955224,7764.218770665812,8021.6735205605655,0.5876085131619411,0.601103613098613,0.9999999999999987,1.0017438113237571
1160,50,总费用,6016985,7,4813588,1203397,3615488,901425,7477.455723430303,7732.195191625476,0.5886004005626347,0.6010193511311233,0.9999999999999997,1.0014491578253146
1161,100,总费用,6016985,7,4813588,1203397,3270967,816547,6942.777478976081,7131.236541490085,0.587794334814377,0.5980062338645366,1.0000000000000002,1.000808776639154
1162,5,总费用,6016985,8,4813588,1203397,4307185,1065812,8365.73410894702,8671.687170664018,0.5733251603852091,0.6075479324570193,0.9999999999999996,1.00485801544801
1163,10,总费用,6016985,8,4813588,1203397,4125059,1023855,8143.375256481368,8397.161480555718,0.5768992034875388,0.6023145274981216,1.0000000000000002,1.0034189780947451
1164,15,总费用,6016985,8,4813588,1203397,3997505,993449,7932.583922533383,8209.464216559081,0.5787134988791238,0.6007928735127376,1.0000000000000004,1.0028027654886884
1165,20,总费用,6016985,8,4813588,1203397,3897454,969375,7763.978533406919,8047.50734546216,0.5795955342989305,0.6000626014590718,1.0000000000000002,1.002427255990254
1166,30,总费用,6016985,8,4813588,1203397,3738192,931103,7580.962137260529,7798.0388399662515,0.5807998349735343,0.5979572666925108,1.0,1.0018783713232127
1167,50,总费用,6016985,8,4813588,1203397,3505887,874178,7303.124354803792,7529.439979109554,0.5818406342300864,0.5977180498360842,1.0000000000000004,1.0015521165956396
1168,100,总费用,6016985,8,4813588,1203397,3148910,785909,6706.0247468648495,6916.748681833166,0.5816668416425677,0.5910107813279026,0.9999999999999999,1.000853182716243
1169,5,总费用,6016985,9,4813588,1203397,4305157,1065290,8363.20404340046,8666.331400358738,0.5728526554819575,0.6063363326481843,0.9999999999999993,1.0048302854993516
1170,10,总费用,6016985,9,4813588,1203397,4122523,1023194,8142.699966970944,8390.934886105402,0.5764500505891383,0.6010437885435577,1.0000000000000002,1.0033684479290088
1171,15,总费用,6016985,9,4813588,1203397,3994848,992766,7931.91721872104,8203.260490196202,0.5782646347566707,0.5994843167613776,0.9999999999999999,1.0027484271317495
1172,20,总费用,6016985,9,4813588,1203397,3894658,968662,7763.882069191923,8039.690742005433,0.579155667873719,0.5986878914529106,0.9999999999999999,1.0023674333614578
1173,30,总费用,6016985,9,4813588,1203397,3734949,930299,7581.562479350748,7791.751380864319,0.5803557388242283,0.5965176524896226,0.9999999999999996,1.0017992357482879
1174,50,总费用,6016985,9,4813588,1203397,3502311,873271,7299.268686342618,7510.9743430137705,0.5813229134824159,0.5962555292352725,1.0,1.0014896558242048
1175,100,总费用,6016985,9,4813588,1203397,3145882,785152,6706.9426414852605,6911.155745573434,0.581145972812673,0.590239179947188,1.0000000000000007,1.0008718026457895
1176,5,耗材费,2849484,3,2279587,569897,2221203,553527,6632.501698545834,6613.1122614664655,1.2328835850166378,1.4824902706845338,0.9999999999999996,1.008997211923332
1177,10,耗材费,2849484,3,2279587,569897,2188827,545891,6634.656639867284,6597.160475799449,1.2376751566452913,1.438230012577494,0.9999999999999991,1.0059107795496116
1178,15,耗材费,2849484,3,2279587,569897,2162248,539453,6640.298361902593,6594.831779760471,1.2407800610538815,1.4191907190109156,1.0,1.0039997515841568
1179,20,耗材费,2849484,3,2279587,569897,2140615,534062,6629.143496042012,6573.3131302473275,1.2426525904383696,1.2625694496466868,1.0000000000000002,1.0021432083508464
1180,30,耗材费,2849484,3,2279587,569897,2103647,525203,6626.43867017376,6569.306370163744,1.2451290738691243,1.2443468825791186,0.9999999999999998,1.0009648000639604
1181,50,耗材费,2849484,3,2279587,569897,2045712,511032,6615.588446903178,6553.8105912765695,1.2470140576543218,1.219531237768222,1.0000000000000009,0.9998609969891189
1182,100,耗材费,2849484,3,2279587,569897,1944574,485737,6592.1110835290465,6509.767742747911,1.2468750472530592,1.2018526431885213,0.9999999999999994,0.998434948657778
1183,5,耗材费,2849484,4,2279587,569897,2181444,542902,5945.5054345575945,5957.199857947768,1.1234383706573978,1.2949740683364037,0.9999999999999996,1.0087656949599373
1184,10,耗材费,2849484,4,2279587,569897,2135763,532060,5939.030865746191,5945.132368769728,1.1294257128314682,1.1892464804575313,0.9999999999999998,1.0047913057383742
1185,15,耗材费,2849484,4,2279587,569897,2100526,523606,5930.535130687069,5912.045575742899,1.1330567360644572,1.1713162317802852,0.9999999999999996,1.0032461210692756
1186,20,耗材费,2849484,4,2279587,569897,2072062,516614,5909.754612441801,5880.73202136204,1.1352301607593882,1.149442738712206,1.0000000000000002,1.0014089053721844
1187,30,耗材费,2849484,4,2279587,569897,2025915,505532,5843.134148142412,5782.276486982662,1.1378847507356191,1.1449500769073,0.9999999999999993,1.0005947961523565
1188,50,耗材费,2849484,4,2279587,569897,1953462,487591,5807.886450209636,5727.139871832464,1.140385304510921,1.1316043191281886,1.0000000000000002,0.9995102422381233
1189,100,耗材费,2849484,4,2279587,569897,1834466,458000,5770.285243979317,5637.814057431967,1.1408555543808965,1.1203809619427572,1.0000000000000004,0.9980043875514497
1190,5,耗材费,2849484,5,2279587,569897,2081192,515722,5557.33352204955,5571.8873168811015,0.9971073357293011,1.2367197916035844,0.9999999999999998,1.0125200199865623
1191,10,耗材费,2849484,5,2279587,569897,2005008,497830,5536.21879449365,5484.025008952873,1.0058158781425053,1.1162319373229088,1.0000000000000004,1.0067198755921833
1192,15,耗材费,2849484,5,2279587,569897,1950261,484883,5485.811592966054,5395.657757349576,1.0103819698658416,1.1036980134477083,1.0,1.0049510840997498
1193,20,耗材费,2849484,5,2279587,569897,1906374,474396,5426.481057740383,5326.652063958849,1.013587934117644,1.0851066128159539,1.0000000000000004,1.003674449802108
1194,30,耗材费,2849484,5,2279587,569897,1835056,456895,5384.902935380916,5252.412069804756,1.0173721550594264,1.046156442909948,0.9999999999999997,1.0018051706029483
1195,50,耗材费,2849484,5,2279587,569897,1734954,432178,5276.776893880011,5150.152797371548,1.0204609194073568,1.0335614112837659,1.0,1.000927649367963
1196,100,耗材费,2849484,5,2279587,569897,1571357,391714,5096.541143370206,4986.529284668172,1.0228874323971924,1.017915665287495,0.9999999999999997,1.000080380877946
1197,5,耗材费,2849484,6,2279587,569897,2073574,513631,5512.463555126117,5525.5904220003,0.9916244403499981,1.2201855907036734,0.9999999999999998,1.0124802774447157
1198,10,耗材费,2849484,6,2279587,569897,1995667,495344,5488.868000138923,5437.617845389011,1.0004692300712512,1.1083763215965032,0.9999999999999994,1.0066522255812251
1199,15,耗材费,2849484,6,2279587,569897,1939493,482209,5441.744426315812,5360.613052135284,1.0052402218907441,1.0977189381586245,1.0000000000000004,1.0049759636733862
1200,20,耗材费,2849484,6,2279587,569897,1894305,471373,5382.077347363106,5289.975950592046,1.008661358551356,1.0815186085874142,0.9999999999999998,1.0037961539152116
1201,30,耗材费,2849484,6,2279587,569897,1822014,453644,5328.0392166076945,5204.421725696856,1.0126990040468218,1.0473365374351449,0.9999999999999998,1.0020590883846594
1202,50,耗材费,2849484,6,2279587,569897,1719844,428465,5214.965652543579,5079.445484317318,1.0160247312959416,1.0224403119212515,1.0000000000000004,1.0007604971589854
1203,100,耗材费,2849484,6,2279587,569897,1555400,387774,5002.555028993954,4910.9536628791375,1.018452687469884,1.0153714310856226,1.0000000000000002,1.0001987091291313
1204,5,耗材费,2849484,7,2279587,569897,1974850,487210,5141.482889071794,5132.184343729563,0.9270703834917896,1.1921858769928682,0.9999999999999999,1.0142495827139033
1205,10,耗材费,2849484,7,2279587,569897,1871691,463720,5076.761508071738,5061.545462822476,0.9386045369665745,1.0449858660879792,1.0000000000000004,1.0079755457297315
1206,15,耗材费,2849484,7,2279587,569897,1801108,447179,5001.454769927934,4977.606112569278,0.9446480167651694,1.0294237590060844,1.0,1.0057766409573217
1207,20,耗材费,2849484,7,2279587,569897,1744517,433611,4925.274210730301,4889.518806441342,0.9486446073414689,1.0149106638312266,1.0000000000000004,1.0049147308708297
1208,30,耗材费,2849484,7,2279587,569897,1657812,412388,4832.9797848530425,4716.427851598314,0.95405460060534,1.0008884427067468,1.0,1.0030364723101441
1209,50,耗材费,2849484,7,2279587,569897,1536160,382425,4643.852879274757,4582.00847996871,0.9567360767943086,0.9889543646560622,1.0000000000000002,1.0014732053557864
1210,100,耗材费,2849484,7,2279587,569897,1346803,335595,4485.088265367172,4397.615097047255,0.9565840881321551,0.9623563915578324,1.0000000000000004,1.0007096286051953
1211,5,耗材费,2849484,8,2279587,569897,1940863,478275,5050.526089123255,5050.88130935553,0.9077290889429749,1.093836429657317,1.0000000000000002,1.0142140506771515
1212,10,耗材费,2849484,8,2279587,569897,1829931,453104,4989.81986553834,4963.9981053075935,0.9199490845537046,1.0335907320460944,0.9999999999999994,1.0083016454885054
1213,15,耗材费,2849484,8,2279587,569897,1754350,435324,4894.912574435357,4881.1759353026,0.9264633904525604,1.016969220423493,1.0,1.0061513188549291
1214,20,耗材费,2849484,8,2279587,569897,1693172,420556,4817.213268294417,4778.098618896606,0.9305759337035832,1.0026782702025325,1.0000000000000004,1.0047675448025322
1215,30,耗材费,2849484,8,2279587,569897,1602051,398353,4696.139752107278,4602.357991915983,0.9357213801311111,0.9890655954789411,1.0000000000000002,1.003409565614425
1216,50,耗材费,2849484,8,2279587,569897,1476478,367356,4520.9963822317195,4511.75968693701,0.939983801062097,0.985139161883409,1.0000000000000002,1.0027607563520424
1217,100,耗材费,2849484,8,2279587,569897,1277608,318442,4146.063273538167,4174.98751408666,0.9415281618165966,0.9532359954573772,1.0,1.0009914006825351
1218,5,耗材费,2849484,9,2279587,569897,1939753,477978,5047.899010462656,5048.712394991548,0.9074371767821808,1.0933871866250142,1.0000000000000002,1.0141717426119266
1219,10,耗材费,2849484,9,2279587,569897,1828701,452757,4989.850415079235,4963.777537248859,0.9197146762540483,1.033136799079704,1.0000000000000002,1.0082510301566516
1220,15,耗材费,2849484,9,2279587,569897,1752987,434948,4894.663107628557,4881.752534361417,0.9262648199547464,1.0165923341218919,1.0000000000000007,1.0061397363162088
1221,20,耗材费,2849484,9,2279587,569897,1691795,420184,4817.791908860919,4778.808445647834,0.9304117831287027,1.0017367036224825,0.9999999999999996,1.0046411206251953
1222,30,耗材费,2849484,9,2279587,569897,1600520,397954,4695.999528112555,4600.767957250496,0.9355880044297995,0.9881248925636401,1.0000000000000002,1.0032899796393329
1223,50,耗材费,2849484,9,2279587,569897,1474650,366885,4521.509710138366,4509.892746679693,0.939987252030468,0.9840907106118028,0.9999999999999996,1.0026007244728028
1224,100,耗材费,2849484,9,2279587,569897,1276093,318057,4146.426899960356,4175.766768059301,0.941675466117772,0.9528546386752323,1.0000000000000002,1.0009144468107138
1225,5,检查检验费,6883291,3,5506632,1376659,5425251,1353488,2464.282764783519,2457.6937286827347,0.6995309711716133,0.7105696780985552,0.9999999999999991,1.0026819580872763
1226,10,检查检验费,6883291,3,5506632,1376659,5376047,1341869,2456.9731712609996,2445.906645736262,0.7006705340426415,0.7099656453503159,0.9999999999999997,1.0023392225738041
1227,15,检查检验费,6883291,3,5506632,1376659,5334659,1332005,2442.4739135170744,2435.395362809678,0.7013831812891651,0.7094726186414305,1.0000000000000013,1.0020487498598052
1228,20,检查检验费,6883291,3,5506632,1376659,5298124,1323013,2433.5956309658923,2427.8841545046207,0.701869180736198,0.7090570074907991,1.0000000000000009,1.0018815110814538
1229,30,检查检验费,6883291,3,5506632,1376659,5236759,1307790,2415.3305670489017,2415.2056483717697,0.7024974982145998,0.7078314086411528,1.0,1.0016542721324515
1230,50,检查检验费,6883291,3,5506632,1376659,5134823,1282521,2405.0735050722014,2393.325235635657,0.7033981115326993,0.7065479320018,0.9999999999999991,1.0012710053741982
1231,100,检查检验费,6883291,3,5506632,1376659,4943181,1234828,2380.57700088373,2363.1994476516284,0.7047108414475228,0.7046254508981984,0.9999999999999992,1.001084837883392
1232,5,检查检验费,6883291,4,5506632,1376659,5366728,1337348,2360.7162378215494,2367.7591270358566,0.6796177180972017,0.6918315808423672,0.9999999999999994,1.0030513958468315
1233,10,检查检验费,6883291,4,5506632,1376659,5294036,1320457,2348.326968792656,2348.5764095524023,0.6814250353922192,0.6906320031709422,0.9999999999999998,1.0023932991828564
1234,15,检查检验费,6883291,4,5506632,1376659,5236531,1306480,2331.6653276800407,2333.4245171548846,0.6824743690986119,0.6905207289644517,1.0000000000000009,1.0020851480647428
1235,20,检查检验费,6883291,4,5506632,1376659,5189289,1294956,2322.2211392279814,2319.3229379735076,0.6831894350076967,0.690174145385756,1.0000000000000002,1.0019330686459815
1236,30,检查检验费,6883291,4,5506632,1376659,5111127,1275796,2302.1116085932576,2303.8743335104054,0.6843487571153688,0.6892130376334699,0.9999999999999994,1.0016317968740724
1237,50,检查检验费,6883291,4,5506632,1376659,4982118,1243850,2279.552865011522,2276.699404946215,0.6860055861211138,0.6878690052873706,1.0000000000000007,1.0011973071977853
1238,100,检查检验费,6883291,4,5506632,1376659,4755630,1187803,2251.1644702692943,2253.7555310378866,0.6883729254267789,0.6886531511361128,1.0000000000000007,1.0009831181861233
1239,5,检查检验费,6883291,5,5506632,1376659,5196499,1290910,2211.904200494271,2228.565791957156,0.631273578971343,0.6454589888606768,0.9999999999999997,1.0041274026947977
1240,10,检查检验费,6883291,5,5506632,1376659,5065351,1260577,2187.303738085643,2183.3375660363945,0.6340516739210134,0.6422605481850531,1.0,1.002818380351884
1241,15,检查检验费,6883291,5,5506632,1376659,4968219,1237551,2166.7950151582722,2162.2723781629984,0.6356168745406598,0.6414503782984257,1.0000000000000007,1.002387280549142
1242,20,检查检验费,6883291,5,5506632,1376659,4888761,1218190,2146.9278224587574,2137.769416657704,0.6367036339997758,0.6403666879111576,0.9999999999999994,1.002220491226384
1243,30,检查检验费,6883291,5,5506632,1376659,4759820,1187171,2119.9997321412297,2101.475849715759,0.6382396604779804,0.6398695298686334,1.0000000000000016,1.0018289105805607
1244,50,检查检验费,6883291,5,5506632,1376659,4566106,1139623,2089.460855339091,2065.870870327892,0.6402297111568451,0.6394084948811674,1.0,1.0014899236272918
1245,100,检查检验费,6883291,5,5506632,1376659,4239058,1058182,2033.8312978688655,2000.882455474616,0.6431643203403773,0.640087720080835,1.0000000000000004,1.0010564427409456
1246,5,检查检验费,6883291,6,5506632,1376659,5181304,1286815,2203.792653375074,2220.56514650962,0.6301433774246414,0.6447523581863662,0.9999999999999988,1.0041525633393575
1247,10,检查检验费,6883291,6,5506632,1376659,5044796,1255284,2179.2377907361697,2173.6381131392664,0.6330517107991127,0.6413424770860673,1.0000000000000016,1.0027806254897884
1248,15,检查检验费,6883291,6,5506632,1376659,4945385,1231861,2155.80699381196,2151.268392708673,0.6346654938813493,0.6405581099637249,0.9999999999999998,1.0023555780671998
1249,20,检查检验费,6883291,6,5506632,1376659,4863161,1211643,2136.715877661102,2128.9880722960124,0.6357631542363306,0.6395476519253147,1.0000000000000002,1.0022316407959653
1250,30,检查检验费,6883291,6,5506632,1376659,4729799,1179729,2107.6505304893894,2092.484492194462,0.6373788796072243,0.6388627035603452,0.999999999999999,1.0017935236035242
1251,50,检查检验费,6883291,6,5506632,1376659,4532142,1130995,2079.238056090995,2056.4648988745116,0.6394016155244631,0.6381994930434892,1.0000000000000004,1.0013327663009597
1252,100,检查检验费,6883291,6,5506632,1376659,4201187,1048700,2023.6771284094734,1995.9928277351448,0.6420109616540667,0.6392875000327899,1.0,1.001042284481451
1253,5,检查检验费,6883291,7,5506632,1376659,5013767,1242576,2125.885746068474,2152.2852843794703,0.6161568514550296,0.6326857873580143,0.9999999999999998,1.0051112022872843
1254,10,检查检验费,6883291,7,5506632,1376659,4829900,1200340,2087.3764213529535,2101.78601271203,0.620133503576325,0.6292532529844912,0.9999999999999998,1.0034452393994404
1255,15,检查检验费,6883291,7,5506632,1376659,4698609,1169019,2061.9509077232215,2072.5360189171065,0.6225562948820499,0.6279640096394684,0.9999999999999996,1.0028247483791721
1256,20,检查检验费,6883291,7,5506632,1376659,4595069,1144048,2044.0642803414376,2046.665772918262,0.6242064784224022,0.6278093980042668,0.9999999999999994,1.002492152057766
1257,30,检查检验费,6883291,7,5506632,1376659,4432717,1104593,2011.7890873019248,1996.130947652822,0.6265281318326636,0.6271252998903641,1.0000000000000004,1.0019954592259896
1258,50,检查检验费,6883291,7,5506632,1376659,4192550,1045435,1968.2845239351382,1949.3528320972875,0.6292373331807126,0.627689179406048,1.0000000000000004,1.0015673287859916
1259,100,检查检验费,6883291,7,5506632,1376659,3808985,950583,1911.3907780212949,1890.7996207323145,0.6340801506499638,0.6294921690944895,1.0000000000000002,1.0011168078872286
1260,5,检查检验费,6883291,8,5506632,1376659,4952597,1226269,2090.42235862979,2122.5216571294777,0.610002072017348,0.6275788473798124,0.9999999999999992,1.0053188687755008
1261,10,检查检验费,6883291,8,5506632,1376659,4752778,1180342,2056.7961306755756,2077.828467108888,0.6143629963758295,0.624700165323424,1.0000000000000004,1.0037687954412564
1262,15,检查检验费,6883291,8,5506632,1376659,4611679,1146815,2025.1291497867553,2037.664894793933,0.6168856544918628,0.6237169387625409,0.9999999999999998,1.0030694567101968
1263,20,检查检验费,6883291,8,5506632,1376659,4499225,1119729,1998.2109421314124,2007.8924805309591,0.6185949623562217,0.6234759525572772,0.9999999999999998,1.0026511112683092
1264,30,检查检验费,6883291,8,5506632,1376659,4324179,1076902,1968.189833477284,1961.5207477905708,0.6211829037353988,0.622752471777612,0.9999999999999998,1.0021129781933693
1265,50,检查检验费,6883291,8,5506632,1376659,4071258,1014775,1929.248102278106,1930.0923833120094,0.6244024400948055,0.6244234334075974,1.0,1.0017303618893707
1266,100,检查检验费,6883291,8,5506632,1376659,3669607,915262,1857.0937964919246,1863.5708215242812,0.6292086647819356,0.6265764811176464,1.0,1.0014101314859012
1267,5,检查检验费,6883291,9,5506632,1376659,4950408,1225714,2089.8221701649845,2122.084856041965,0.6098691169753092,0.6271051418547988,0.9999999999999994,1.005322343854
1268,10,检查检验费,6883291,9,5506632,1376659,4750043,1179623,2056.382746415292,2077.448951944676,0.614247654740862,0.624735983032121,0.9999999999999994,1.0037854726631519
1269,15,检查检验费,6883291,9,5506632,1376659,4608845,1146073,2024.684526615271,2037.3412196295535,0.6167806012476311,0.6238292091144569,0.9999999999999994,1.0031030883996754
1270,20,检查检验费,6883291,9,5506632,1376659,4496048,1118901,1997.648279624764,2007.5894591646716,0.6185006661770951,0.6236112176885976,1.0,1.002684022878167
1271,30,检查检验费,6883291,9,5506632,1376659,4320484,1075946,1967.801255784375,1961.276635223735,0.6211045793260682,0.6229075735965984,1.0,1.00214118688167
1272,50,检查检验费,6883291,9,5506632,1376659,4067397,1013799,1928.8819420680886,1929.7766850612215,0.6243207021146565,0.6245525022210511,1.0000000000000007,1.001760061857113
1273,100,检查检验费,6883291,9,5506632,1376659,3665620,914221,1856.7322469911537,1863.8530613080495,0.6291618678512315,0.6266846943584561,1.000000000000001,1.0014750908651278
1274,5,药品费,6352220,3,5081776,1270444,5003043,1248090,3838.035492458149,3880.8329852574907,1.025939539809911,1.0569222015606081,0.9999999999999991,1.0044388608807167
1275,10,药品费,6352220,3,5081776,1270444,4954942,1236672,3804.1266937938613,3841.768444700809,1.0280161247201465,1.0502337508384207,0.9999999999999984,1.0031183389067369
1276,15,药品费,6352220,3,5081776,1270444,4916195,1227275,3789.7615383872785,3819.429737955404,1.0292733867280313,1.0483320976154789,1.0,1.0025531386858977
1277,20,药品费,6352220,3,5081776,1270444,4881023,1218607,3777.9919525478304,3799.341232182237,1.030150347823443,1.0452281461958615,1.0000000000000004,1.0021602231425908
1278,30,药品费,6352220,3,5081776,1270444,4821907,1204041,3755.9921889342972,3716.1951564738265,1.031307250433661,1.0421711230114625,0.9999999999999992,1.0015611719182569
1279,50,药品费,6352220,3,5081776,1270444,4725435,1180033,3712.603201124988,3662.5739788577375,1.0323588746411878,1.0368501483488033,1.0000000000000004,1.0009009756660028
1280,100,药品费,6352220,3,5081776,1270444,4543446,1135287,3641.1816124791058,3588.6576200011796,1.0331962657518519,1.033322436082195,0.9999999999999998,1.00033182620415
1281,5,药品费,6352220,4,5081776,1270444,4946679,1232453,3599.381413484001,3665.5267532030707,0.9663848992993312,0.9996817196118564,1.0000000000000018,1.0049415959218528
1282,10,药品费,6352220,4,5081776,1270444,4876514,1215836,3559.4272716740593,3596.0515257058237,0.9691620045349072,0.9926746878657373,0.9999999999999992,1.00329586810187
1283,15,药品费,6352220,4,5081776,1270444,4822959,1203038,3536.8989600974874,3567.7898014977163,0.9707121366251519,0.9887766812148542,0.9999999999999994,1.0022801592996433
1284,20,药品费,6352220,4,5081776,1270444,4777197,1191917,3511.0530161272095,3473.5355048721112,0.9717469852785007,0.9875992010499898,1.000000000000001,1.0018279398451826
1285,30,药品费,6352220,4,5081776,1270444,4701367,1173242,3454.9202146896732,3429.9761894602443,0.9730756214892579,0.9866316730513255,0.9999999999999994,1.0014150847654246
1286,50,药品费,6352220,4,5081776,1270444,4580213,1143452,3399.427985722067,3385.2411295694133,0.9743934113647601,0.9816645815018848,1.0000000000000004,1.000960941664747
1287,100,药品费,6352220,4,5081776,1270444,4364955,1090469,3330.459345414381,3313.439817627976,0.9758048491719359,0.9745038358167432,1.0000000000000004,1.0000089499588924
1288,5,药品费,6352220,5,5081776,1270444,4785322,1188939,3362.917445496944,3382.358577706898,0.8868827817529314,0.9398822868392677,0.999999999999999,1.0071037216290364
1289,10,药品费,6352220,5,5081776,1270444,4660115,1160050,3292.2169266860155,3330.148303465003,0.8911697019027156,0.9321864973604166,0.9999999999999996,1.0047748858921934
1290,15,药品费,6352220,5,5081776,1270444,4566887,1137632,3253.540115916992,3274.6422874736663,0.8932655768008239,0.929435228603676,0.9999999999999996,1.0036799623767356
1291,20,药品费,6352220,5,5081776,1270444,4492109,1119639,3212.5069147672225,3223.9575954708853,0.8945897897672913,0.9260398501621512,0.9999999999999998,1.0029751577950756
1292,30,药品费,6352220,5,5081776,1270444,4370619,1090047,3164.7262063607204,3177.840139611791,0.8959952380769912,0.9200199249295062,0.9999999999999993,1.0021843992439565
1293,50,药品费,6352220,5,5081776,1270444,4189922,1045628,3098.979594569517,3111.1596415522176,0.8971564859524869,0.916824698190132,1.0000000000000002,1.0010733452171252
1294,100,药品费,6352220,5,5081776,1270444,3881400,968821,2931.7816307678218,2995.6920533498937,0.897474704701669,0.9127120348510511,0.9999999999999999,1.0005151714434104
1295,5,药品费,6352220,6,5081776,1270444,4770326,1184785,3347.51313368325,3373.367869040156,0.8840778236488995,0.938613261161736,0.9999999999999988,1.0073086700160845
1296,10,药品费,6352220,6,5081776,1270444,4640761,1155118,3276.336126755878,3319.790612766612,0.8884937931455584,0.930243610247757,1.0000000000000004,1.004914240915234
1297,15,药品费,6352220,6,5081776,1270444,4545301,1132113,3237.1065892341435,3264.1291812113254,0.8906054881536025,0.927142917012479,0.9999999999999992,1.0037994905761514
1298,20,药品费,6352220,6,5081776,1270444,4467722,1113365,3193.976581749223,3205.448915685712,0.8920062141541173,0.9232724949432302,1.0000000000000004,1.0029606044425943
1299,30,药品费,6352220,6,5081776,1270444,4343423,1083054,3133.2813142103255,3156.294509086446,0.893354330142643,0.9172107273525887,0.9999999999999998,1.0020635266289348
1300,50,药品费,6352220,6,5081776,1270444,4158267,1037524,3072.2282766501226,3093.224404347804,0.8946115419912065,0.9137497239539126,1.0000000000000002,1.0009419544876228
1301,100,药品费,6352220,6,5081776,1270444,3846158,960150,2915.5094565413665,2946.2396596851286,0.8948184303722478,0.907596423650813,1.0000000000000004,1.0002672334696623
1302,5,药品费,6352220,7,5081776,1270444,4611288,1142428,3195.0041881527804,3228.5685930298823,0.8547473716564054,0.9186185040280531,1.0000000000000002,1.0090938091176669
1303,10,药品费,6352220,7,5081776,1270444,4436499,1102376,3103.337840201162,3155.779526432835,0.8605935105441676,0.9091815906909224,0.9999999999999991,1.0058000638091018
1304,15,药品费,6352220,7,5081776,1270444,4313930,1073119,3061.558890820814,3096.637634137782,0.863474916230916,0.9046572227845744,0.9999999999999991,1.0042170782283861
1305,20,药品费,6352220,7,5081776,1270444,4217122,1049575,3018.600912919262,3032.6319213238476,0.8656057239249909,0.9017971328075824,0.9999999999999998,1.003267033980436
1306,30,药品费,6352220,7,5081776,1270444,4061148,1011759,2941.199799340576,2904.042154284059,0.8677672008636688,0.8927284616197413,1.0,1.002020522668552
1307,50,药品费,6352220,7,5081776,1270444,3836316,956820,2818.1532145610045,2805.74389149121,0.8700498938613392,0.8896203518807755,0.9999999999999989,1.0007591342955966
1308,100,药品费,6352220,7,5081776,1270444,3477096,867415,2684.388572376298,2692.2927397258627,0.8709916964129949,0.886367511111289,0.9999999999999998,1.0003183653819514
1309,5,药品费,6352220,8,5081776,1270444,4553734,1126831,3133.2739451397024,3189.2915664786715,0.8451685865923177,0.9121849262497472,1.0,1.0094674374323296
1310,10,药品费,6352220,8,5081776,1270444,4363756,1083372,3059.378510871505,3097.6401925278756,0.851568382613191,0.9008440399345733,1.0,1.0060233666437408
1311,15,药品费,6352220,8,5081776,1270444,4232388,1051792,3008.025483602569,3040.5702641737635,0.8547376025601634,0.8961662145238074,0.9999999999999998,1.0044011074323427
1312,20,药品费,6352220,8,5081776,1270444,4128168,1026977,2956.03261631166,2907.8790124230104,0.856838122321162,0.890079648552002,1.0000000000000004,1.0033129191948842
1313,30,药品费,6352220,8,5081776,1270444,3960598,986393,2891.4657215181196,2862.4375871816333,0.8592459238853576,0.8869818284464531,0.9999999999999997,1.0024423097031863
1314,50,药品费,6352220,8,5081776,1270444,3719562,927255,2765.996911697684,2772.4442537361715,0.8613249115520304,0.884094148551058,1.000000000000001,1.0010647950519187
1315,100,药品费,6352220,8,5081776,1270444,3346477,834688,2556.727802699192,2610.7402447994255,0.8628097922008581,0.8823184720456625,1.0000000000000002,1.0006624404544746
1316,5,药品费,6352220,9,5081776,1270444,4551701,1126275,3132.875109128349,3187.8760678279104,0.8448237071568364,0.9111703571271704,1.0000000000000002,1.0094582169767568
1317,10,药品费,6352220,9,5081776,1270444,4361387,1082758,3059.10679900003,3096.2860619190033,0.8512318130163118,0.9002139995313008,0.9999999999999993,1.0060582298423015
1318,15,药品费,6352220,9,5081776,1270444,4229825,1051143,3007.9527664458856,3039.395846874351,0.8544275573956648,0.8955234221380357,1.0,1.004426042857956
1319,20,药品费,6352220,9,5081776,1270444,4125327,1026253,2956.1146453061983,2906.6595775129595,0.8565373382519462,0.8894008897982745,1.0000000000000004,1.003329612488334
1320,30,药品费,6352220,9,5081776,1270444,3957454,985603,2891.5278471728266,2861.0656668456854,0.8589557265339037,0.8860318790306847,0.9999999999999989,1.0024251350014373
1321,50,药品费,6352220,9,5081776,1270444,3715933,926374,2766.0263705106563,2770.7830669975438,0.8610596109157683,0.8830974866051318,0.9999999999999998,1.0010585032330053
1322,100,药品费,6352220,9,5081776,1270444,3343174,833847,2556.3106379057017,2608.354436488438,0.8625477765723251,0.8812242525870213,1.0000000000000007,1.000642544074244
1323,5,总费用,7051435,3,5641148,1410287,5559195,1387152,11160.105069988886,10891.052901967005,0.716498613707936,0.7314329381303656,1.0000000000000002,1.0029330891858188
1324,10,总费用,7051435,3,5641148,1410287,5508831,1375158,11095.622420214571,10814.611028993751,0.7174466192023251,0.7284368766544328,1.0000000000000009,1.0022985416134402
1325,15,总费用,7051435,3,5641148,1410287,5468111,1365298,11035.26730450381,10747.23696597193,0.7178350500376132,0.7266399565277167,0.999999999999999,1.0020013191039607
1326,20,总费用,7051435,3,5641148,1410287,5431602,1356432,10986.457723707728,10688.858894951329,0.7179488433351172,0.7242072198300329,0.9999999999999994,1.0016122919145094
1327,30,总费用,7051435,3,5641148,1410287,5369270,1341074,10924.446971448617,10636.336466462342,0.7179782028703138,0.7222408375020979,1.0000000000000016,1.0013514892689326
1328,50,总费用,7051435,3,5641148,1410287,5267128,1315604,10798.449364861102,10551.92438270177,0.7172135161202798,0.7205978777717144,0.9999999999999998,1.0012016622302984
1329,100,总费用,7051435,3,5641148,1410287,5073979,1267942,10634.473712019242,10358.057135764728,0.715672364767005,0.717474320793773,1.0000000000000007,1.0008614178221193
1330,5,总费用,7051435,4,5641148,1410287,5500106,1370978,10102.258277035284,9926.177872550967,0.6752296057628933,0.689796805598411,1.0000000000000002,1.0028513583368739
1331,10,总费用,7051435,4,5641148,1410287,5426300,1353587,10028.131483088124,9771.90881082942,0.6767262610481954,0.6871277162083937,1.0000000000000002,1.002182754944902
1332,15,总费用,7051435,4,5641148,1410287,5369976,1340120,9930.916789463741,9668.943544558635,0.6773321798395419,0.6854135738665567,0.9999999999999991,1.0018302360144624
1333,20,总费用,7051435,4,5641148,1410287,5321100,1328357,9835.976459221556,9606.81730877918,0.6777179686386043,0.6841822181117594,0.999999999999999,1.0015741217550245
1334,30,总费用,7051435,4,5641148,1410287,5241352,1308734,9699.214745922387,9505.806594470827,0.6781582253278683,0.6825668951666387,1.0000000000000018,1.0012588879492752
1335,50,总费用,7051435,4,5641148,1410287,5111855,1276576,9545.032825778475,9330.308755811542,0.6784194313876113,0.6808330454287846,0.9999999999999994,1.000830864763392
1336,100,总费用,7051435,4,5641148,1410287,4884279,1220163,9366.993243933623,9174.487042168084,0.6781496556103277,0.6784772103981356,0.9999999999999994,1.0006024539935385
1337,5,总费用,7051435,5,5641148,1410287,5329008,1324571,9227.471669338302,9168.865811497004,0.6115692240225773,0.6293989814318296,1.0000000000000007,1.0038979814850675
1338,10,总费用,7051435,5,5641148,1410287,5196234,1293798,9062.13803957048,8948.992092769855,0.6137599321128226,0.6242459827545159,0.9999999999999997,1.0028426602733083
1339,15,总费用,7051435,5,5641148,1410287,5097521,1270143,8914.049704539964,8787.705758585702,0.6147672849124441,0.6220815026508232,1.0000000000000009,1.0022705892591348
1340,20,总费用,7051435,5,5641148,1410287,5016781,1250559,8809.908863621338,8668.091844817573,0.6151880371036881,0.6200100835211242,0.9999999999999997,1.0016914402188126
1341,30,总费用,7051435,5,5641148,1410287,4886804,1218877,8683.011066049821,8479.978356545238,0.6156061319702584,0.6179476054766563,1.0,1.0012072554152462
1342,50,总费用,7051435,5,5641148,1410287,4691474,1170694,8473.88913988372,8286.295500090382,0.6159641655399646,0.6167018344219961,1.0000000000000007,1.0010120498632995
1343,100,总费用,7051435,5,5641148,1410287,4357344,1087658,8057.164606859802,7799.556148991284,0.6155566792570103,0.6137938198309045,1.0000000000000004,1.0008056906897191
1344,5,总费用,7051435,6,5641148,1410287,5313235,1320300,9164.56637853989,9111.806301853487,0.6095464430918721,0.6290941408200249,1.0,1.0039696341573123
1345,10,总费用,7051435,6,5641148,1410287,5175521,1288374,8991.594882235906,8883.980247989552,0.6118178610957563,0.6235837154222104,0.9999999999999994,1.002896993176806
1346,15,总费用,7051435,6,5641148,1410287,5074138,1264147,8853.495335574255,8722.827113648593,0.6128353536257026,0.6215484521890166,0.9999999999999992,1.0023303560998125
1347,20,总费用,7051435,6,5641148,1410287,4990945,1243845,8744.87830683307,8598.280459194659,0.6133554685118598,0.6196814869813977,1.0000000000000007,1.001759559457756
1348,30,总费用,7051435,6,5641148,1410287,4857206,1211488,8589.668968649154,8403.392005678123,0.6137973000609096,0.6176354197120141,1.0,1.0012640284002525
1349,50,总费用,7051435,6,5641148,1410287,4658218,1162333,8376.014931281787,8198.10449212769,0.6141226729129088,0.6161473589143172,1.0,1.0011167945573312
1350,100,总费用,7051435,6,5641148,1410287,4317988,1077894,7950.629143459753,7724.465581531609,0.613512687809092,0.611903359331018,0.9999999999999996,1.000872432214561
1351,5,总费用,7051435,7,5641148,1410287,5144855,1275087,8677.851350559884,8621.08840334309,0.584314506817026,0.6070474043568745,1.0000000000000009,1.0046795141993439
1352,10,总费用,7051435,7,5641148,1410287,4958305,1232154,8432.680285963197,8337.771555149731,0.5874026287147961,0.6012805932726536,1.000000000000001,1.003268234710979
1353,15,总费用,7051435,7,5641148,1410287,4825455,1200496,8312.524439225881,8143.123464573364,0.5890179375310705,0.5984634371512317,0.9999999999999979,1.0025151118821876
1354,20,总费用,7051435,7,5641148,1410287,4721026,1175276,8147.733093492233,7989.283230869609,0.5899305670354211,0.5971991608260836,1.0000000000000009,1.0019024993821404
1355,30,总费用,7051435,7,5641148,1410287,4555892,1135252,7939.7969854227795,7805.377021535339,0.590741989392403,0.5959644999011434,1.0000000000000004,1.0015067198819232
1356,50,总费用,7051435,7,5641148,1410287,4312466,1075114,7640.569545662653,7438.8209943753955,0.5914557658111812,0.5947371732774658,1.0000000000000007,1.001362371170582
1357,100,总费用,7051435,7,5641148,1410287,3919461,977698,7261.285132003567,7038.290948229862,0.5918961566959691,0.5928582995581269,1.0000000000000004,1.0010255984520897
1358,5,总费用,7051435,8,5641148,1410287,5083195,1258439,8497.66602114229,8510.072927524778,0.5770169533355656,0.6044292755551606,1.0000000000000004,1.0051238165245096
1359,10,总费用,7051435,8,5641148,1410287,4879323,1211657,8285.570208720159,8218.115585795947,0.5804237702748849,0.5977885931742013,1.0000000000000002,1.0036125692103597
1360,15,总费用,7051435,8,5641148,1410287,4737635,1177941,8144.012213357106,8012.537804419849,0.5821621690654949,0.5955388013920212,0.9999999999999996,1.002855634218766
1361,20,总费用,7051435,8,5641148,1410287,4625054,1151013,7963.853526459769,7870.782026156056,0.5830376829323228,0.5945384794214259,1.0000000000000004,1.0023149927542905
1362,30,总费用,7051435,8,5641148,1410287,4447179,1107871,7750.984697248414,7652.734968810481,0.5841068184773318,0.5931327628255121,1.0000000000000004,1.0018372805536913
1363,50,总费用,7051435,8,5641148,1410287,4186182,1043500,7458.140642057115,7268.820135335807,0.5849048502867569,0.5910802854909419,0.9999999999999997,1.0014911555275718
1364,100,总费用,7051435,8,5641148,1410287,3777153,942223,6969.590873837177,6852.3815282124515,0.5854285365842282,0.5887513062508032,1.0000000000000009,1.0011001307918492
1365,5,总费用,7051435,9,5641148,1410287,5080989,1257863,8494.447932620196,8505.687141133994,0.5764910477190134,0.6037779089437821,1.0000000000000004,1.0051096455696706
1366,10,总费用,7051435,9,5641148,1410287,4876678,1210972,8284.161487057887,8213.275014992698,0.5798876345508844,0.5971544513048264,1.0,1.0036083849644388
1367,15,总费用,7051435,9,5641148,1410287,4734626,1177134,8142.940536828593,8007.645890339522,0.5816546444020402,0.5948907455206327,1.0,1.0028419362354037
1368,20,总费用,7051435,9,5641148,1410287,4621854,1150145,7963.419362182357,7865.224418780842,0.5825275066134502,0.593855908821872,1.0000000000000009,1.0022895762117472
1369,30,总费用,7051435,9,5641148,1410287,4443505,1106902,7750.117469570361,7648.119607357331,0.583570284600959,0.5924394511457951,0.9999999999999993,1.0018124693240047
1370,50,总费用,7051435,9,5641148,1410287,4182172,1042459,7457.900516693377,7265.155578548362,0.5843098965610733,0.5904590593572042,1.0000000000000007,1.001478394586532
1371,100,总费用,7051435,9,5641148,1410287,3773183,941214,6970.106588449561,6847.595055146169,0.5849000412300077,0.5880698200100857,1.0000000000000007,1.0010891525834253
1372,5,耗材费,3187134,3,2549707,637427,2488437,620438,6609.0002632290725,6633.6916880377,1.2221764325870526,1.4740371943144561,1.0000000000000009,1.0137698473734607
1373,10,耗材费,3187134,3,2549707,637427,2453740,612136,6613.4258005037855,6625.1106674361,1.2266978586958088,1.4229634064937926,0.9999999999999998,1.0106843777059036
1374,15,耗材费,3187134,3,2549707,637427,2426765,605676,6618.779850339715,6623.507318984837,1.2292370381400364,1.4040034385862241,0.9999999999999998,1.0092811352164566
1375,20,耗材费,3187134,3,2549707,637427,2403472,600048,6614.093415748948,6615.391365686755,1.2308511666993789,1.4001708185983277,1.0000000000000004,1.0086286462342884
1376,30,耗材费,3187134,3,2549707,637427,2363803,590434,6606.525493072103,6621.3117335701245,1.2330046981199643,1.370648043939261,1.0000000000000002,1.007553177584249
1377,50,耗材费,3187134,3,2549707,637427,2301407,575149,6613.380745810819,6585.2431037420965,1.2342037876490137,1.3539715754387232,1.0000000000000007,1.0065555742146342
1378,100,耗材费,3187134,3,2549707,637427,2189451,547147,6597.950639367882,6575.37558861053,1.233700408882203,1.3345331607943378,1.0000000000000002,1.0049975628915757
1379,5,耗材费,3187134,4,2549707,637427,2446270,608997,5900.739431738378,6049.36980932513,1.115874432200624,1.3731366524134834,1.0000000000000002,1.0135484605070748
1380,10,耗材费,3187134,4,2549707,637427,2396802,597552,5907.346773483415,6018.598732130403,1.121721080280105,1.2893151392803053,0.9999999999999994,1.0097851360770782
1381,15,耗材费,3187134,4,2549707,637427,2359901,588764,5905.696385059053,6012.807078747214,1.1248516353832758,1.2788660829626484,0.9999999999999998,1.0085284973624513
1382,20,耗材费,3187134,4,2549707,637427,2329448,581443,5877.69001652974,5978.720549754246,1.1268632034375643,1.277148629447398,1.0000000000000007,1.0079770520544875
1383,30,耗材费,3187134,4,2549707,637427,2277799,568895,5849.608005260331,5952.499197436044,1.1289104371457896,1.2389193513208407,1.0,1.007126174127044
1384,50,耗材费,3187134,4,2549707,637427,2202495,550199,5766.621236731997,5825.445353489774,1.1303504513226095,1.2225539467787567,1.0,1.0062201601600995
1385,100,耗材费,3187134,4,2549707,637427,2070648,517388,5694.485689339899,5714.352442883995,1.1307505628560912,1.2149486174207247,0.9999999999999999,1.00469560002557
1386,5,耗材费,3187134,5,2549707,637427,2337706,579759,5521.639908610184,5673.437109766114,0.9980159646249465,1.2486304629330003,1.0,1.0169771267768135
1387,10,耗材费,3187134,5,2549707,637427,2255849,560837,5501.592458017797,5632.352187905595,1.0063314836716186,1.1707887963354533,0.9999999999999998,1.0121047460623023
1388,15,耗材费,3187134,5,2549707,637427,2195905,546533,5445.190962865328,5584.349281277769,1.0105080444532755,1.1559027988343875,0.9999999999999993,1.0104430110841032
1389,20,耗材费,3187134,5,2549707,637427,2149147,535387,5406.843495321699,5549.422688228355,1.0134572872135763,1.1418377657196916,1.0,1.009199642472247
1390,30,耗材费,3187134,5,2549707,637427,2071450,516281,5342.710874968458,5455.097692228012,1.017387439917222,1.0959211117233791,0.9999999999999993,1.0071680200231088
1391,50,耗材费,3187134,5,2549707,637427,1964492,490011,5233.074590014193,5258.356826709477,1.0199609360654145,1.0768970464965744,1.0000000000000007,1.0056391806260239
1392,100,耗材费,3187134,5,2549707,637427,1786514,445858,5085.980824441219,5099.538973432032,1.0227921417712946,1.061839523471942,0.9999999999999993,1.004486477739742
1393,5,耗材费,3187134,6,2549707,637427,2329592,577587,5482.73902409036,5617.80422858823,0.991302612603085,1.2281222227813917,0.9999999999999996,1.0166851253340108
1394,10,耗材费,3187134,6,2549707,637427,2245639,558112,5462.967763081774,5566.04166378608,0.9997665204440508,1.1510509029549703,0.9999999999999996,1.0115122563070262
1395,15,耗材费,3187134,6,2549707,637427,2184158,543449,5404.943246417342,5523.972447716109,1.0040573604929333,1.1393297992497096,1.0000000000000007,1.0100254886749656
1396,20,耗材费,3187134,6,2549707,637427,2136472,532077,5354.308129255301,5476.308652424264,1.0070322319060716,1.1281449322701633,0.9999999999999998,1.0088675111796253
1397,30,耗材费,3187134,6,2549707,637427,2056588,512474,5293.486858989007,5402.879959461972,1.011217186782308,1.0917046166180167,1.0000000000000002,1.006972693580978
1398,50,耗材费,3187134,6,2549707,637427,1948129,485768,5178.208417041655,5186.503669633046,1.0136052118669112,1.071094805657976,0.9999999999999996,1.0053626265081874
1399,100,耗材费,3187134,6,2549707,637427,1769207,441423,5006.491868568153,5021.579084940583,1.0168032662769595,1.0569906942432354,1.0000000000000007,1.0042312899312131
1400,5,耗材费,3187134,7,2549707,637427,2223370,548907,5120.23678987284,5298.75432498042,0.927413936433345,1.1996636919142234,0.9999999999999998,1.0181006578743
1401,10,耗材费,3187134,7,2549707,637427,2110946,523412,5060.421286089933,5203.104170244778,0.9385165142989133,1.091208975439391,1.0,1.0119762800488685
1402,15,耗材费,3187134,7,2549707,637427,2034637,505447,4954.6496427421935,5041.137850073869,0.9439495367916176,1.0739257447709651,1.0000000000000004,1.0097542610571206
1403,20,耗材费,3187134,7,2549707,637427,1974562,491082,4917.631440823924,5011.886191255511,0.9476332606886948,1.0534391235477567,0.9999999999999997,1.0080933918322905
1404,30,耗材费,3187134,7,2549707,637427,1878100,467888,4818.608090659352,4891.79403388082,0.9529019628386922,1.0396081093915899,1.0000000000000007,1.0062913390940762
1405,50,耗材费,3187134,7,2549707,637427,1746068,435602,4610.841869893578,4682.868043655554,0.9567539658398814,1.0391680769072627,1.0,1.005446318024523
1406,100,耗材费,3187134,7,2549707,637427,1540575,384201,4354.227192681854,4390.581212739167,0.9576274190878987,1.02460147137509,1.0000000000000002,1.0047031630210066
1407,5,耗材费,3187134,8,2549707,637427,2186911,539112,5026.101281728578,5201.879148893626,0.9060878588299073,1.1930399501281437,1.0000000000000004,1.0191937737215053
1408,10,耗材费,3187134,8,2549707,637427,2065032,511527,4956.615756403457,5044.144066538958,0.9178179286191728,1.0769249737767914,1.0000000000000009,1.0126161667929416
1409,15,耗材费,3187134,8,2549707,637427,1984067,492553,4868.831982608082,4915.634292230812,0.9236173891779825,1.0689835124407392,1.0,1.010732514704448
1410,20,耗材费,3187134,8,2549707,637427,1919268,476959,4824.515770146537,4849.459764446324,0.9276252149225376,1.047877101161876,1.0000000000000004,1.0090543503666947
1411,30,耗材费,3187134,8,2549707,637427,1817899,452618,4693.843014262306,4724.053016851031,0.93249903415696,1.0389292000846493,0.9999999999999994,1.007511585736086
1412,50,耗材费,3187134,8,2549707,637427,1680975,418884,4499.635317121048,4532.893617940128,0.9363119157833631,1.035702439148633,1.0000000000000002,1.006276633437821
1413,100,耗材费,3187134,8,2549707,637427,1464286,365089,4182.238159046753,4215.075708999918,0.9366352009510928,1.0176666659661227,0.9999999999999996,1.0054684923792059
1414,5,耗材费,3187134,9,2549707,637427,2185648,538788,5024.818390817823,5200.187468901242,0.9058398193852027,1.1892714092331766,0.9999999999999996,1.0190460856380894
1415,10,耗材费,3187134,9,2549707,637427,2063733,511215,4954.192223601613,5042.410635479696,0.9176108696679767,1.0762825263522264,0.9999999999999999,1.0126243916733983
1416,15,耗材费,3187134,9,2549707,637427,1982592,492191,4869.0121169771055,4915.308971939672,0.9234084435933521,1.068301322669593,1.0000000000000004,1.0107228949519822
1417,20,耗材费,3187134,9,2549707,637427,1917633,476551,4824.000276532197,4849.179337591591,0.9274829653044369,1.0471144032819435,0.9999999999999999,1.0090374711227013
1418,30,耗材费,3187134,9,2549707,637427,1816203,452191,4694.7727405151445,4724.847733129222,0.9324062979006045,1.0378526156547208,1.0,1.007436890965843
1419,50,耗材费,3187134,9,2549707,637427,1678873,418384,4501.040185698781,4534.235616865153,0.9361782300981233,1.0347673085879168,1.0000000000000002,1.0062249502877125
1420,100,耗材费,3187134,9,2549707,637427,1462336,364619,4183.293909041392,4216.29593026935,0.9366437331212969,1.0175014065801886,1.0000000000000002,1.0054296353377346
1421,5,检查检验费,7696407,3,6157125,1539282,6072586,1515324,2491.4422073538794,2515.5414091234043,0.7048787502703255,0.7130185937282452,1.0000000000000013,1.001467339830986
1422,10,检查检验费,7696407,3,6157125,1539282,6020141,1503105,2482.601554770747,2504.775066088148,0.7059936241298025,0.7122098983322541,1.000000000000001,1.001109639390577
1423,15,检查检验费,7696407,3,6157125,1539282,5977149,1492903,2477.11688804786,2475.6220184075883,0.706737029388529,0.7103759061244522,1.000000000000001,1.0009133955555156
1424,20,检查检验费,7696407,3,6157125,1539282,5939926,1483862,2468.347506113997,2468.0595499480396,0.7071766365639451,0.7100991126451102,0.9999999999999999,1.0007102248680362
1425,30,检查检验费,7696407,3,6157125,1539282,5873706,1467643,2453.398323961681,2459.2682618558947,0.7077879526469707,0.7085902148036889,1.0000000000000004,1.0004442026587026
1426,50,检查检验费,7696407,3,6157125,1539282,5767118,1441549,2440.673898007095,2420.0568104185736,0.7086410507995619,0.7061484987032804,0.9999999999999996,1.000079463087212
1427,100,检查检验费,7696407,3,6157125,1539282,5565193,1391361,2415.7114816884455,2393.127398073803,0.7099121038744874,0.7055038564986987,1.0000000000000004,1.0000064202870267
1428,5,检查检验费,7696407,4,6157125,1539282,6009997,1498319,2389.27280233946,2419.1604620113562,0.6855768442565902,0.6925710964724465,1.0000000000000002,1.002082164713473
1429,10,检查检验费,7696407,4,6157125,1539282,5932555,1480263,2375.522377460689,2400.9482605439352,0.6872983279111177,0.6919782342990345,1.0000000000000009,1.0015921829097008
1430,15,检查检验费,7696407,4,6157125,1539282,5871499,1465831,2367.8192899496357,2367.707770033628,0.6883816182297727,0.690089736788569,0.9999999999999996,1.0012856778494665
1431,20,检查检验费,7696407,4,6157125,1539282,5822756,1453989,2357.795674438643,2362.8878170835833,0.6890488236662087,0.6899609387106682,0.9999999999999982,1.0011099177444778
1432,30,检查检验费,7696407,4,6157125,1539282,5738203,1433470,2339.534842277121,2318.667002360756,0.6901235356628617,0.6878136964046953,1.0,1.00076817815517
1433,50,检查检验费,7696407,4,6157125,1539282,5602374,1399712,2317.354592299737,2293.9464925329353,0.6917715046119193,0.6866749501461954,0.999999999999999,1.0004617398396811
1434,100,检查检验费,7696407,4,6157125,1539282,5356924,1338953,2287.7468345157963,2260.83967157428,0.6942175712572956,0.6881317469884548,1.0000000000000013,1.0002633594838093
1435,5,检查检验费,7696407,5,6157125,1539282,5828756,1449035,2244.720085153744,2267.759846932105,0.6379021932641645,0.6460715902127933,1.0000000000000009,1.002937784760884
1436,10,检查检验费,7696407,5,6157125,1539282,5686467,1416575,2219.8142557733922,2209.245047521894,0.6407076111894768,0.6431274618887645,1.0000000000000004,1.0019741543538674
1437,15,检查检验费,7696407,5,6157125,1539282,5582441,1391848,2204.141470953614,2183.3808645989757,0.6422190519986335,0.6420667024754737,1.000000000000001,1.0014012749311696
1438,20,检查检验费,7696407,5,6157125,1539282,5497509,1371138,2188.7685328153184,2159.687038315199,0.6433232046373746,0.6414144361717097,1.0000000000000013,1.001242644015645
1439,30,检查检验费,7696407,5,6157125,1539282,5358218,1337303,2159.545012784952,2132.414371575264,0.6448187130654369,0.6411869508135644,1.0000000000000004,1.0007510653406642
1440,50,检查检验费,7696407,5,6157125,1539282,5148571,1285473,2125.466598215663,2105.3988571860923,0.6468987456033972,0.6413641393380932,1.0000000000000004,1.0005635125153158
1441,100,检查检验费,7696407,5,6157125,1539282,4794990,1197861,2071.813664429854,2057.2778097182004,0.649903123506795,0.642601710834948,0.9999999999999987,1.0002244494720844
1442,5,检查检验费,7696407,6,6157125,1539282,5811994,1444658,2237.056576083094,2262.0977233984354,0.6368400479302988,0.6455945651988545,1.0000000000000004,1.0030488441122736
1443,10,检查检验费,7696407,6,6157125,1539282,5664949,1411114,2211.7488859084788,2202.045012659792,0.6397261240375158,0.642345562717701,1.0000000000000009,1.0020231547465352
1444,15,检查检验费,7696407,6,6157125,1539282,5557500,1385516,2195.555931791177,2177.0755949658105,0.6413239967186855,0.6413638892032637,1.0000000000000009,1.0014808224634952
1445,20,检查检验费,7696407,6,6157125,1539282,5469714,1364128,2179.9894382944703,2151.951732721991,0.6424693168440676,0.64051187200197,1.0000000000000002,1.0012170474477255
1446,30,检查检验费,7696407,6,6157125,1539282,5326142,1329311,2147.3092331320545,2125.7045168486075,0.644046185702663,0.6404243767400233,1.000000000000001,1.0008024920068248
1447,50,检查检验费,7696407,6,6157125,1539282,5112073,1276362,2113.0180610480315,2097.306709852002,0.6461299225697272,0.6404352284537053,1.0000000000000007,1.000519245817857
1448,100,检查检验费,7696407,6,6157125,1539282,4754024,1187561,2060.9107475948954,2051.8145674356006,0.648900549752762,0.6422127145038362,1.0000000000000002,1.0003667504053901
1449,5,检查检验费,7696407,7,6157125,1539282,5630554,1396533,2159.8227145129704,2203.1879427458534,0.6228020479283581,0.6353575251171331,0.9999999999999989,1.0040738584948434
1450,10,检查检验费,7696407,7,6157125,1539282,5431745,1351092,2125.6407555483775,2126.92416618676,0.6267854283600685,0.6318709409564506,1.0000000000000009,1.0027147275504218
1451,15,检查检验费,7696407,7,6157125,1539282,5290982,1317587,2104.0660037140333,2108.263819198245,0.6290729260177517,0.6314160139721338,1.0000000000000007,1.0021339816203512
1452,20,检查检验费,7696407,7,6157125,1539282,5178105,1290206,2083.413373257562,2078.3568197360423,0.6307597418943501,0.6314016437031306,0.9999999999999993,1.001693388423564
1453,30,检查检验费,7696407,7,6157125,1539282,5002083,1247564,2054.042731100051,2041.485914001641,0.6330280447862214,0.6313825211516205,1.0,1.0012445021608694
1454,50,检查检验费,7696407,7,6157125,1539282,4739636,1182530,2010.4303303610286,1996.6527750141279,0.6360753619038267,0.632168892472688,1.0000000000000009,1.0009388902165302
1455,100,检查检验费,7696407,7,6157125,1539282,4323116,1079413,1953.3839371307952,1915.125067333442,0.6409415931977691,0.6339994104229977,1.0,1.0003753337667434
1456,5,检查检验费,7696407,8,6157125,1539282,5564296,1378951,2129.3392300420705,2157.718548806462,0.6168295084081948,0.6308692727194393,0.9999999999999997,1.0043033243273045
1457,10,检查检验费,7696407,8,6157125,1539282,5347392,1329508,2092.1817587595847,2111.7647098631783,0.6211490879713226,0.628209337411764,1.0000000000000004,1.002997034500526
1458,15,检查检验费,7696407,8,6157125,1539282,5195685,1293562,2065.4408364146634,2086.886130926536,0.6236299745885238,0.627759678405579,1.0000000000000004,1.0023913309836667
1459,20,检查检验费,7696407,8,6157125,1539282,5073109,1263708,2042.3694350103026,2037.8884822550583,0.6254541152449448,0.6269590084279623,0.9999999999999994,1.0017549293641423
1460,30,检查检验费,7696407,8,6157125,1539282,4884457,1217563,2010.1611638012876,1994.3201823932422,0.6280261522949785,0.626949021798033,0.9999999999999998,1.001321346977766
1461,50,检查检验费,7696407,8,6157125,1539282,4607803,1149466,1966.6569614894872,1959.6492328950815,0.6312752612995525,0.6287867499576887,1.0000000000000004,1.0010059604687755
1462,100,检查检验费,7696407,8,6157125,1539282,4167693,1040405,1906.2592111236538,1879.0149809689917,0.6363789557242336,0.6306572510012733,1.0000000000000004,1.0004797785801005
1463,5,检查检验费,7696407,9,6157125,1539282,5561969,1378310,2128.7312174927984,2157.591749197784,0.6167011103532027,0.6308570690512192,1.0000000000000009,1.0043491160178033
1464,10,检查检验费,7696407,9,6157125,1539282,5344655,1328831,2091.6589813874075,2111.5557876765715,0.6210435893229058,0.6281606506173607,1.0000000000000004,1.0030343907591757
1465,15,检查检验费,7696407,9,6157125,1539282,5192514,1292809,2064.994995348439,2086.7466176598036,0.6235452697296389,0.6277467743960404,1.0000000000000004,1.002428484733994
1466,20,检查检验费,7696407,9,6157125,1539282,5069716,1262883,2041.846428622218,2037.7978155547885,0.6253727377038762,0.62696454075224,1.0,1.001797976992252
1467,30,检查检验费,7696407,9,6157125,1539282,4880680,1216602,2009.730391946392,1994.242385473983,0.6279668063266153,0.6269716231369796,1.0000000000000009,1.0013573827178257
1468,50,检查检验费,7696407,9,6157125,1539282,4603185,1148219,1966.2765533471943,1959.6448740561466,0.6312214118790241,0.6288108470965007,1.0,1.001047601270405
1469,100,检查检验费,7696407,9,6157125,1539282,4163366,1039288,1906.039994933401,1879.0675646697339,0.636332040143818,0.6305721882564773,0.9999999999999997,1.000520018652162
1470,5,药品费,7098972,3,5679177,1419795,5597115,1396456,3915.7022526324263,4009.843504361356,1.0256852157983243,1.1868499575114746,0.9999999999999996,1.0065348728687387
1471,10,药品费,7098972,3,5679177,1419795,5546194,1384515,3893.06504029365,3993.5552875938533,1.0276587860615092,1.1826018574833996,1.0,1.0053300845827815
1472,15,药品费,7098972,3,5679177,1419795,5505685,1374686,3874.658873392161,3971.1295153298724,1.0287431370885078,1.1814536550548318,1.0000000000000004,1.0048731395940966
1473,20,药品费,7098972,3,5679177,1419795,5470062,1365941,3858.1530336107,3962.8777175870473,1.0295443508514588,1.1816414099649268,0.9999999999999984,1.0045229499436368
1474,30,药品费,7098972,3,5679177,1419795,5406462,1350306,3820.204580149812,3890.4027504998576,1.0305291041131417,1.1794997226349238,1.0000000000000002,1.0039959387011332
1475,50,药品费,7098972,3,5679177,1419795,5303294,1324571,3787.720614704068,3817.44846170532,1.0316098833896397,1.1799553025383702,1.0000000000000002,1.003424228894013
1476,100,药品费,7098972,3,5679177,1419795,5110819,1276162,3706.9081922087985,3755.9394590938236,1.0315333130709332,1.1816000634845247,1.000000000000001,1.003046312022173
1477,5,药品费,7098972,4,5679177,1419795,5536306,1379814,3693.8740954942505,3694.6202140920286,0.9740529534076091,1.0094721563323363,0.9999999999999998,1.0064122583278374
1478,10,药品费,7098972,4,5679177,1419795,5462386,1362426,3657.6690222158422,3646.843419984081,0.9767447855878317,1.003458766633193,1.0000000000000004,1.0047775954808906
1479,15,药品费,7098972,4,5679177,1419795,5405783,1348893,3638.857143998247,3615.9166312199536,0.9781588402547596,0.9989441990648209,1.0000000000000004,1.0040641717772247
1480,20,药品费,7098972,4,5679177,1419795,5357647,1337082,3614.825776897142,3522.5219959578217,0.979186590556989,0.9975858562820775,1.0000000000000004,1.0035588050350301
1481,30,药品费,7098972,4,5679177,1419795,5277045,1317336,3562.7852495832612,3464.6250560891795,0.9804470692034747,0.9960732088008896,1.0000000000000004,1.0030985612920449
1482,50,药品费,7098972,4,5679177,1419795,5146392,1285223,3491.033574927343,3391.2491751535495,0.9819329967737115,0.9942279003656403,1.0000000000000002,1.0028195446716741
1483,100,药品费,7098972,4,5679177,1419795,4917130,1227978,3413.723366638178,3322.287975307119,0.9830332089895165,0.9887085292178477,0.9999999999999994,1.00215197938151
1484,5,药品费,7098972,5,5679177,1419795,5363471,1333488,3448.562117321305,3419.1787601799074,0.8960835169775108,0.9457063298418846,0.9999999999999991,1.0086214299529388
1485,10,药品费,7098972,5,5679177,1419795,5229706,1302454,3387.7685563610244,3348.758329173193,0.9002372675683062,0.9380139903804324,0.9999999999999991,1.0061878019323793
1486,15,药品费,7098972,5,5679177,1419795,5129864,1278287,3350.5890852089083,3286.7883012344314,0.9023731602820606,0.9338165320184381,0.9999999999999991,1.0048851061974753
1487,20,药品费,7098972,5,5679177,1419795,5049965,1258984,3322.379048987713,3229.9767694991338,0.9036481953438915,0.9309961600434147,0.9999999999999987,1.0042243605330314
1488,30,药品费,7098972,5,5679177,1419795,4918353,1227115,3265.757988128219,3182.0663643265198,0.9052277238508023,0.9269679828583166,1.0000000000000018,1.003379300151364
1489,50,药品费,7098972,5,5679177,1419795,4723644,1179193,3204.2886768306284,3110.8295636650073,0.9067828593757402,0.9223696551348947,1.0000000000000009,1.002661280344539
1490,100,药品费,7098972,5,5679177,1419795,4391186,1096037,3019.0147870187157,2975.810824302639,0.9075516874435632,0.9173065215246189,1.0000000000000009,1.0019803512372156
1491,5,药品费,7098972,6,5679177,1419795,5347330,1329178,3435.310352336466,3409.2455191567715,0.8932756927715517,0.9435720470398572,1.0000000000000016,1.0088263262791375
1492,10,药品费,7098972,6,5679177,1419795,5208890,1297014,3371.3113613382243,3336.671427775333,0.8975566810434894,0.9347200849145418,0.9999999999999991,1.0064041747983028
1493,15,药品费,7098972,6,5679177,1419795,5105666,1272205,3329.5094936340306,3277.9399404654127,0.8997004596236686,0.9312384352518394,1.000000000000001,1.0051611593189935
1494,20,药品费,7098972,6,5679177,1419795,5023825,1252369,3294.884041743693,3203.989738282609,0.9010403917487755,0.9284700386312391,1.0000000000000007,1.0044817022015997
1495,30,药品费,7098972,6,5679177,1419795,4888293,1219514,3233.1808194657156,3167.4731954530407,0.9026353385996418,0.9241983431843583,1.0,1.0035689727387314
1496,50,药品费,7098972,6,5679177,1419795,4689545,1170564,3174.1631298190077,3094.3436576217773,0.9042364135733562,0.9200694045776016,0.9999999999999998,1.0027928758009212
1497,100,药品费,7098972,6,5679177,1419795,4351178,1085970,2997.6428617482984,2956.745452441013,0.9050267455222039,0.9105904542267151,1.0,1.0019489856918924
1498,5,药品费,7098972,7,5679177,1419795,5175751,1282572,3292.689887374442,3257.5284918765815,0.8641568085341664,0.9215017489203556,1.0000000000000002,1.0103252841252701
1499,10,药品费,7098972,7,5679177,1419795,4987349,1239576,3198.731331884031,3156.5014519904576,0.8699346513464842,0.910960384079786,1.0,1.007221733607368
1500,15,药品费,7098972,7,5679177,1419795,4854781,1207852,3158.001527358377,3118.77459494653,0.8728426947903609,0.9043882634330139,0.9999999999999997,1.0056105918661615
1501,20,药品费,7098972,7,5679177,1419795,4750299,1182378,3119.466626620125,3008.6988738560567,0.8748212441175832,0.8998711834127975,1.0,1.0047666598466571
1502,30,药品费,7098972,7,5679177,1419795,4583596,1142004,3047.2015102261826,2928.7467210511663,0.8771978202695196,0.8936336286770599,0.9999999999999996,1.0035086104931399
1503,50,药品费,7098972,7,5679177,1419795,4336932,1081607,2945.2299810474447,2820.721955607564,0.8794898659307312,0.8915072203287754,0.9999999999999998,1.0026589636191974
1504,100,药品费,7098972,7,5679177,1419795,3946477,984900,2780.5197215924204,2698.145929569673,0.8816491223272211,0.8846308211634349,0.9999999999999998,1.001953419575402
1505,5,药品费,7098972,8,5679177,1419795,5113353,1265667,3238.2789461919283,3195.7001969332473,0.8545843874479584,0.9158468647711906,0.9999999999999998,1.0106391207886296
1506,10,药品费,7098972,8,5679177,1419795,4908042,1218697,3159.3079449541383,3082.739587110357,0.8608498318675409,0.9060707738715597,0.9999999999999994,1.0074689482191643
1507,15,药品费,7098972,8,5679177,1419795,4766404,1185041,3124.62910085404,2999.1129671409003,0.8640185930643896,0.8971213091124747,0.9999999999999996,1.0058075128177053
1508,20,药品费,7098972,8,5679177,1419795,4651259,1157228,3066.9795767257483,2918.3351790848196,0.8662444482616218,0.8923755472965743,0.9999999999999998,1.0049368693280412
1509,30,药品费,7098972,8,5679177,1419795,4474373,1114235,2983.1518967660722,2869.6419089915444,0.8687553197493383,0.8883737408656392,1.0,1.0039551000873015
1510,50,药品费,7098972,8,5679177,1419795,4211435,1049805,2869.4875359313214,2754.013236438279,0.870968669029719,0.8851932890034209,0.9999999999999993,1.0030027414434959
1511,100,药品费,7098972,8,5679177,1419795,3803174,948824,2691.662169518556,2624.1878479087127,0.8732020292763022,0.8790201437543937,1.0000000000000002,1.0021390765031608
1512,5,药品费,7098972,9,5679177,1419795,5111212,1265073,3237.123884165044,3195.0846543694743,0.8542653929138742,0.9149822430265288,1.000000000000001,1.010651042529157
1513,10,药品费,7098972,9,5679177,1419795,4905651,1218019,3159.11186533258,3082.6960926505985,0.8605430405864829,0.9051878477268641,0.9999999999999987,1.007480842876667
1514,15,药品费,7098972,9,5679177,1419795,4763632,1184266,3124.5663286621575,2997.8250328884033,0.8637500927918779,0.8962285579002247,0.9999999999999998,1.005816544881031
1515,20,药品费,7098972,9,5679177,1419795,4648345,1156436,3067.0778112555486,2917.271750722721,0.865983215786194,0.8914533316899381,1.0000000000000007,1.0049431935921338
1516,30,药品费,7098972,9,5679177,1419795,4470957,1113301,2983.3023586785207,2868.6311598733037,0.8685124382094537,0.8874613871444358,1.0000000000000007,1.0039569217778175
1517,50,药品费,7098972,9,5679177,1419795,4207367,1048741,2869.6777013483365,2752.4734200387047,0.8707705286863121,0.8839331297996451,0.9999999999999996,1.0029664753496055
1518,100,药品费,7098972,9,5679177,1419795,3799544,947887,2691.4807066592853,2621.55765274356,0.8730201628308313,0.8775884924309688,1.0,1.0020922143924762
1519,5,总费用,7885258,3,6308206,1577052,6222807,1553073,11251.377641271642,11307.51509430002,0.7207348001320244,0.7478338603760888,0.9999999999999997,1.003334079910998
1520,10,总费用,7885258,3,6308206,1577052,6170432,1540753,11202.79442741328,11246.92684530826,0.7216013384156323,0.7440836739273607,1.0,1.0027588129371003
1521,15,总费用,7885258,3,6308206,1577052,6126943,1530276,11155.314023213625,11220.96363963972,0.7219794818997913,0.7420716609629412,0.9999999999999988,1.0024654207483061
1522,20,总费用,7885258,3,6308206,1577052,6088973,1520957,11100.352937138001,11156.530260910038,0.7221487436151429,0.7407564646574447,1.0000000000000009,1.0021801082861692
1523,30,总费用,7885258,3,6308206,1577052,6023864,1504981,11027.294753121056,11048.770044287725,0.7220768800949164,0.7385588271523132,1.0,1.001967520365524
1524,50,总费用,7885258,3,6308206,1577052,5914884,1478149,10900.55225035158,10919.892928637548,0.721598306453744,0.7346558295089533,1.0000000000000002,1.0016735923459001
1525,100,总费用,7885258,3,6308206,1577052,5711818,1427416,10753.673977188691,10776.535867131815,0.7202738882248947,0.7312741861144915,1.0000000000000002,1.0014730497997784
1526,5,总费用,7885258,4,6308206,1577052,6159541,1535740,10174.007162309821,10374.420479237648,0.6793384680760995,0.7089750120145576,0.9999999999999982,1.003199899420189
1527,10,总费用,7885258,4,6308206,1577052,6081954,1517579,10102.080265574485,10270.06637345918,0.6807147786452579,0.704358172848514,1.0000000000000004,1.002419490475754
1528,15,总费用,7885258,4,6308206,1577052,6020919,1503027,10019.627518287369,10179.071517231818,0.6813225992563026,0.7027334328039069,1.0000000000000002,1.0020582768607422
1529,20,总费用,7885258,4,6308206,1577052,5970484,1490589,9945.279559719687,9972.389133846631,0.6816545186021388,0.7014281595957408,1.0,1.0018781929753044
1530,30,总费用,7885258,4,6308206,1577052,5885947,1470228,9824.114624173115,9878.39888146106,0.6819688720929382,0.6996385978596278,1.0000000000000002,1.0017057350253484
1531,50,总费用,7885258,4,6308206,1577052,5746491,1435611,9644.89228426596,9708.147048738592,0.6824442286618341,0.6975982740528155,1.0000000000000013,1.0012967940314832
1532,100,总费用,7885258,4,6308206,1577052,5501720,1374585,9459.568225035258,9485.549862299553,0.6821928940630609,0.6944799970372424,1.0000000000000002,1.0009552697206243
1533,5,总费用,7885258,5,6308206,1577052,5975040,1485943,9319.129430896031,9617.23216339302,0.6171472029300393,0.6454968629388775,1.0000000000000007,1.0039167749258597
1534,10,总费用,7885258,5,6308206,1577052,5834084,1452820,9153.392613964868,9427.455112757025,0.6192599502213817,0.6384654204589053,1.0000000000000002,1.0027564216846059
1535,15,总费用,7885258,5,6308206,1577052,5729375,1427853,9066.502932723237,9159.563931487692,0.6201711328553708,0.6369526953101791,1.0000000000000009,1.0023384516139997
1536,20,总费用,7885258,5,6308206,1577052,5642606,1406884,8936.271787837877,9039.229290862148,0.620572027370803,0.6351775596667693,1.0000000000000009,1.0019414905972797
1537,30,总费用,7885258,5,6308206,1577052,5500929,1372639,8786.22791021735,8886.977901398584,0.6211014816365121,0.6332733248397319,0.9999999999999997,1.0015844219172834
1538,50,总费用,7885258,5,6308206,1577052,5289407,1320153,8589.189168808145,8709.308681176035,0.6216550359850058,0.6318882573938722,1.0000000000000004,1.0012376403667664
1539,100,总费用,7885258,5,6308206,1577052,4933298,1231662,8162.934811674934,8193.920956061842,0.6213055230721625,0.627030237209484,0.9999999999999992,1.0009887065292227
1540,5,总费用,7885258,6,6308206,1577052,5958075,1481371,9263.511443814125,9561.009727582092,0.6152586438153821,0.6441368640816416,0.9999999999999989,1.003955892569673
1541,10,总费用,7885258,6,6308206,1577052,5812320,1447187,9084.34041555663,9361.330713006011,0.6174255221478728,0.6370664615662813,1.0000000000000007,1.0027488408297442
1542,15,总费用,7885258,6,6308206,1577052,5704304,1421559,8998.349029847202,9081.546767040738,0.6183791101433408,0.6351765913382443,1.0000000000000016,1.0023315821900463
1543,20,总费用,7885258,6,6308206,1577052,5614775,1399973,8866.689817525348,8971.126653916821,0.6188082978217696,0.6335883682255837,1.0000000000000007,1.0019617168835377
1544,30,总费用,7885258,6,6308206,1577052,5467652,1364335,8695.554548734324,8807.322497492041,0.6193997373686108,0.6318126084942076,1.0000000000000004,1.0016157546327566
1545,50,总费用,7885258,6,6308206,1577052,5252635,1310803,8492.140764378792,8594.640642860806,0.6199313000727799,0.6305272873889614,0.9999999999999993,1.0012846688712778
1546,100,总费用,7885258,6,6308206,1577052,4890975,1221328,8080.847193013867,8115.8664701540865,0.6194953631629884,0.6239106484896142,1.0000000000000009,1.0008572048809024
1547,5,总费用,7885258,7,6308206,1577052,5777417,1432564,8802.997579876583,9039.383841748924,0.5896911096766116,0.625595955957706,0.9999999999999996,1.0048776708117528
1548,10,总费用,7885258,7,6308206,1577052,5576154,1386171,8548.436729108345,8790.969202071416,0.5927027992831818,0.615243442806147,1.0000000000000002,1.003393371823201
1549,15,总费用,7885258,7,6308206,1577052,5434627,1352567,8421.053344686605,8583.775528809107,0.5942210347173329,0.6133344730466399,1.0000000000000004,1.0026580533358125
1550,20,总费用,7885258,7,6308206,1577052,5320565,1325258,8308.95480293632,8460.196799667401,0.5950986778878653,0.6106073591160374,1.0000000000000009,1.0021870341414298
1551,30,总费用,7885258,7,6308206,1577052,5141950,1281966,8081.768798178015,8153.140099546902,0.5961144236976592,0.6096656431865072,1.0000000000000009,1.0018429606133334
1552,50,总费用,7885258,7,6308206,1577052,4876499,1216570,7781.147147832794,7872.200895218272,0.5969943476928029,0.6082759359429026,1.0000000000000009,1.0014772210168963
1553,100,总费用,7885258,7,6308206,1577052,4451424,1110943,7273.014764763362,7384.562007200655,0.5978559769790581,0.6055435187028805,1.0000000000000004,1.000965847920575
1554,5,总费用,7885258,8,6308206,1577052,5710304,1414554,8636.807806691253,8896.801385278664,0.5827223418481621,0.6160795518566291,0.9999999999999997,1.0050321488660203
1555,10,总费用,7885258,8,6308206,1577052,5491586,1364050,8388.115288609319,8622.617870331016,0.5859794991856989,0.6091756822627499,0.9999999999999978,1.0035206357903248
1556,15,总费用,7885258,8,6308206,1577052,5338876,1327940,8274.092608597823,8395.623768231575,0.5876367408132861,0.6066501017982469,1.0000000000000013,1.0027087024826846
1557,20,总费用,7885258,8,6308206,1577052,5216312,1298576,8121.467482232796,8272.136967087803,0.5886145681959344,0.6056622255841907,1.000000000000001,1.0024201979574612
1558,30,总费用,7885258,8,6308206,1577052,5022399,1251701,7881.971631381037,7974.104497785136,0.5897821253829073,0.6039307557475997,0.9999999999999992,1.001842450657117
1559,50,总费用,7885258,8,6308206,1577052,4739601,1182077,7528.370349350923,7652.308299819668,0.5908012784801548,0.6023283786070257,1.0,1.001475736703248
1560,100,总费用,7885258,8,6308206,1577052,4293535,1071165,7028.961089357215,7156.104701834012,0.5915898353659256,0.5992378350724855,0.9999999999999996,1.001137701488914
1561,5,总费用,7885258,9,6308206,1577052,5707908,1413907,8634.28024724665,8894.512009549133,0.5823275717511796,0.6158882864856579,1.0000000000000002,1.0050486982811462
1562,10,总费用,7885258,9,6308206,1577052,5488799,1363301,8385.606382941309,8619.529186184294,0.5855874717702436,0.6089293532975407,0.9999999999999997,1.0035253726047964
1563,15,总费用,7885258,9,6308206,1577052,5335554,1327049,8272.837544534428,8393.007893824331,0.587265571598417,0.6064387634302773,0.9999999999999994,1.002715470908986
1564,20,总费用,7885258,9,6308206,1577052,5212931,1297712,8120.36520261556,8270.221532146996,0.5882577657161162,0.6055139134515422,1.0000000000000007,1.0024402165763382
1565,30,总费用,7885258,9,6308206,1577052,5018703,1250730,7880.756784279963,7972.353418081356,0.58939673200418,0.603781626795234,1.0000000000000009,1.0018560796723646
1566,50,总费用,7885258,9,6308206,1577052,4735260,1180937,7527.731618452238,7651.915773259383,0.5904134034263135,0.6021464023738496,1.0000000000000002,1.0014835847734038
1567,100,总费用,7885258,9,6308206,1577052,4288818,1069951,7028.824836747459,7156.488416188957,0.5912097160682531,0.599168266428536,1.0000000000000002,1.0011745068199858
1568,5,耗材费,3554646,3,2843716,710930,2779861,692990,6581.530927663157,6734.428593282294,1.2276681971729524,1.4469143016127142,0.9999999999999998,1.0118488306976379
1569,10,耗材费,3554646,3,2843716,710930,2743889,684436,6581.7019320019335,6738.933785668478,1.2317949808740503,1.3999612938457078,1.0000000000000007,1.0089129805417643
1570,15,耗材费,3554646,3,2843716,710930,2715408,677540,6581.973992653544,6735.066101347723,1.2342310952298923,1.3938507482719174,0.9999999999999988,1.0078203415974525
1571,20,耗材费,3554646,3,2843716,710930,2690718,671600,6586.440539773598,6739.761979401125,1.2358671243657573,1.3796443371224114,1.0000000000000002,1.0070025506527214
1572,30,耗材费,3554646,3,2843716,710930,2649678,661345,6565.660502562838,6720.349409687468,1.2376187279266362,1.3743912939727336,1.0000000000000004,1.0059845573467843
1573,50,耗材费,3554646,3,2843716,710930,2582747,644820,6570.741091269594,6722.251596920968,1.238602611509466,1.3392115481490228,0.9999999999999998,1.0044918531351472
1574,100,耗材费,3554646,3,2843716,710930,2463447,615364,6560.392512446996,6713.24868124433,1.237786531892787,1.3213177812181418,0.9999999999999994,1.0032248117122178
1575,5,耗材费,3554646,4,2843716,710930,2735043,680703,5888.947380711481,6114.321018763565,1.1208543816506218,1.3482101411544247,0.9999999999999998,1.0119351832476084
1576,10,耗材费,3554646,4,2843716,710930,2682891,668530,5887.688939665179,6114.825094623166,1.1263462462913951,1.2815207963440187,1.0000000000000004,1.0081728679060846
1577,15,耗材费,3554646,4,2843716,710930,2644233,659357,5883.147678526558,6099.8499591034815,1.1295084439490957,1.2754916127152869,0.9999999999999997,1.0068883637688095
1578,20,耗材费,3554646,4,2843716,710930,2611237,651510,5856.188354232038,6072.03159242686,1.1316127523021124,1.2623687583433507,1.0000000000000002,1.0058692718245903
1579,30,耗材费,3554646,4,2843716,710930,2556995,638272,5825.267977886501,6051.93013291645,1.1332696170497596,1.2598024227638929,1.0000000000000004,1.0051955359160911
1580,50,耗材费,3554646,4,2843716,710930,2475392,618172,5732.155183850049,5969.381367505093,1.1349504016671617,1.2174096179964353,0.9999999999999997,1.0038760038578542
1581,100,耗材费,3554646,4,2843716,710930,2335262,582990,5678.026265817006,5806.995883553622,1.135062884812604,1.2040358739453547,0.9999999999999994,1.0027590436192653
1582,5,耗材费,3554646,5,2843716,710930,2619154,649642,5502.358453091252,5788.220073606904,0.9981870626418321,1.2033964229953285,0.9999999999999998,1.0136521969332208
1583,10,耗材费,3554646,5,2843716,710930,2532005,629354,5479.577725919037,5732.048717082126,1.006211629868304,1.1717155549187044,1.0000000000000004,1.0098401329619668
1584,15,耗材费,3554646,5,2843716,710930,2467907,614299,5440.634292672897,5679.921641518322,1.0101042269409073,1.147894386857323,0.9999999999999998,1.00731795827712
1585,20,耗材费,3554646,5,2843716,710930,2416517,602042,5388.970417582161,5629.603035407824,1.0126023023107196,1.141711191428334,0.9999999999999998,1.006340996283608
1586,30,耗材费,3554646,5,2843716,710930,2333754,581686,5337.284263464745,5598.783117295759,1.0151744385801544,1.138971645397124,1.0000000000000002,1.0055889023797577
1587,50,耗材费,3554646,5,2843716,710930,2216058,552886,5250.749680798667,5353.811330538452,1.0173546976932712,1.0989860995486316,0.9999999999999998,1.003556216697627
1588,100,耗材费,3554646,5,2843716,710930,2027310,505511,5130.059497963048,5207.593518947044,1.0188872926525825,1.0821209044809172,1.0000000000000002,1.0026588074509655
1589,5,耗材费,3554646,6,2843716,710930,2610437,647310,5466.224482551911,5743.501275914453,0.9907430714516158,1.2161190019743289,1.000000000000001,1.0139843525115808
1590,10,耗材费,3554646,6,2843716,710930,2520811,626490,5441.138024744237,5685.360237058225,0.9988219838070713,1.1674248985342714,1.0000000000000007,1.0100334080880569
1591,15,耗材费,3554646,6,2843716,710930,2454829,610979,5401.111408400347,5642.132774553488,1.0028581306339468,1.1471341453007942,0.9999999999999997,1.0077063102919699
1592,20,耗材费,3554646,6,2843716,710930,2402549,598415,5347.51144659043,5585.770604203828,1.0053982296454302,1.1385517561404603,1.0000000000000004,1.006543872853223
1593,30,耗材费,3554646,6,2843716,710930,2318225,577760,5292.726494030738,5544.892493703964,1.0084883491452543,1.1334416525631965,1.0000000000000004,1.0055428741994599
1594,50,耗材费,3554646,6,2843716,710930,2198582,548385,5202.514220375721,5305.014985789187,1.0109827178722426,1.0972538124742006,0.9999999999999998,1.0035167993019156
1595,100,耗材费,3554646,6,2843716,710930,2008254,500733,5044.192803717692,5120.628063094485,1.0123058309818667,1.0796687092386894,1.0,1.0026858778404375
1596,5,耗材费,3554646,7,2843716,710930,2495779,616547,5119.6413915630865,5438.730504359655,0.9245339656603031,1.176510856708562,0.9999999999999991,1.0157874201371768
1597,10,耗材费,3554646,7,2843716,710930,2375725,589125,5052.655899402612,5359.77187766231,0.9345859752358536,1.1206889338732942,1.0,1.010588984049344
1598,15,耗材费,3554646,7,2843716,710930,2291197,569312,4965.857286498156,5137.509865219227,0.9398768790185895,1.0837769375431712,0.9999999999999998,1.0073194862427346
1599,20,耗材费,3554646,7,2843716,710930,2227114,553773,4916.562699500342,5068.022584599394,0.9430494276850155,1.0791471642402743,1.0,1.0063152316244564
1600,30,耗材费,3554646,7,2843716,710930,2124022,528534,4824.351923716269,4950.0747851727665,0.9471619803700467,1.0645780829797273,1.0000000000000004,1.0046189337995517
1601,50,耗材费,3554646,7,2843716,710930,1979529,492739,4647.4857085471995,4739.3333223199215,0.950535885814811,1.061604288579162,0.9999999999999989,1.0037460836754966
1602,100,耗材费,3554646,7,2843716,710930,1756940,437615,4444.811746258543,4527.646021770032,0.9517647418051438,1.0336615731668837,0.9999999999999999,1.0019319389613677
1603,5,耗材费,3554646,8,2843716,710930,2456291,605994,5036.125668079996,5328.51422558777,0.9046317353112381,1.1730442809513182,1.0000000000000004,1.016497541493685
1604,10,耗材费,3554646,8,2843716,710930,2326495,576564,4961.144434769594,5127.759374755399,0.9151287412539286,1.1190898430008263,0.9999999999999996,1.0112973452697216
1605,15,耗材费,3554646,8,2843716,710930,2235792,555104,4865.671858912582,4979.646476605249,0.9208968051483761,1.0837450750158504,1.0000000000000002,1.0080988214741888
1606,20,耗材费,3554646,8,2843716,710930,2167232,538413,4829.716804177093,4935.145621517113,0.9245917741576211,1.08399861816311,1.0000000000000007,1.0071199363385512
1607,30,耗材费,3554646,8,2843716,710930,2059166,511951,4723.9040132438595,4817.737581979503,0.9282780568788208,1.0701135904828978,1.0000000000000004,1.0053449478973622
1608,50,耗材费,3554646,8,2843716,710930,1908689,474973,4506.581618687701,4607.373170809503,0.9316308484849463,1.0604294207765608,1.0000000000000002,1.0042999695785357
1609,100,耗材费,3554646,8,2843716,710930,1675750,417382,4222.428837190443,4311.2123988928315,0.9340947946716092,0.994998348271143,1.0000000000000002,1.0020569818671587
1610,5,耗材费,3554646,9,2843716,710930,2454994,605655,5035.191562156637,5325.565214527389,0.9043101966578525,1.1689621347927097,1.000000000000001,1.01622124023386
1611,10,耗材费,3554646,9,2843716,710930,2325060,576215,4959.2302560432145,5126.507226353894,0.9148369205983415,1.1185826520493742,0.9999999999999998,1.0112878964126546
1612,15,耗材费,3554646,9,2843716,710930,2234314,554746,4866.089203508553,4979.230745171037,0.9206404653414819,1.083256566174053,0.9999999999999998,1.0080826010625534
1613,20,耗材费,3554646,9,2843716,710930,2165658,538032,4830.035663258273,4935.21807824102,0.9243128699103661,1.0835438757865237,1.0000000000000007,1.007103901344283
1614,30,耗材费,3554646,9,2843716,710930,2057578,511568,4724.51193041908,4818.386004485944,0.9280344640930224,1.0696078866516865,0.9999999999999997,1.005294359257926
1615,50,耗材费,3554646,9,2843716,710930,1906752,474506,4507.192755951501,4607.902780072655,0.9313508177048923,1.0601045879551496,0.9999999999999997,1.0042725580291139
1616,100,耗材费,3554646,9,2843716,710930,1674158,416994,4223.048560056567,4312.124842156413,0.9340279122239464,0.9950868847297283,0.9999999999999997,1.0021315301098166
1617,5,检查检验费,8555066,3,6844052,1711014,6756057,1686096,2488.969230930841,2521.272791725967,0.7023685855222774,0.7259138949034587,0.9999999999999987,1.0017298925473972
1618,10,检查检验费,8555066,3,6844052,1711014,6702122,1673282,2481.2352405295596,2508.1099050697912,0.7033893649101621,0.724863851629845,0.9999999999999993,1.00127073469392
1619,15,检查检验费,8555066,3,6844052,1711014,6657397,1662454,2472.261857299116,2497.5676338695625,0.7040525750367773,0.7237093434802884,1.0000000000000009,1.000979728072191
1620,20,检查检验费,8555066,3,6844052,1711014,6617470,1652917,2465.090096428904,2488.8216633582238,0.7044983813310859,0.7233976842892069,1.0000000000000007,1.000802044864079
1621,30,检查检验费,8555066,3,6844052,1711014,6549747,1636182,2452.0137867257286,2470.3394862847827,0.7051209110843376,0.7223843541262313,0.9999999999999986,1.0006253082515195
1622,50,检查检验费,8555066,3,6844052,1711014,6435714,1607819,2440.256338323193,2439.812003863853,0.7058461932385133,0.7204487718067177,0.9999999999999991,1.000403958903581
1623,100,检查检验费,8555066,3,6844052,1711014,6226829,1556041,2412.044850484693,2415.0559613298537,0.707038720831526,0.7195515140950146,0.9999999999999986,1.0002159451512869
1624,5,检查检验费,8555066,4,6844052,1711014,6689641,1667854,2386.2312183349645,2436.741658662081,0.6825188462963391,0.7092843635881564,0.9999999999999986,1.0023829498928918
1625,10,检查检验费,8555066,4,6844052,1711014,6609479,1649081,2372.878218314108,2418.844884319733,0.6840940353019096,0.7086606077722527,0.9999999999999996,1.0017927856863071
1626,15,检查检验费,8555066,4,6844052,1711014,6545130,1633772,2357.5479470671075,2404.6956435887173,0.6850447094829654,0.7076598525847952,1.0000000000000007,1.0014220892069379
1627,20,检查检验费,8555066,4,6844052,1711014,6492732,1621030,2352.234264385266,2391.906968126926,0.6857248991060834,0.7072597328194209,1.0000000000000007,1.0012046309596587
1628,30,检查检验费,8555066,4,6844052,1711014,6403560,1598945,2334.154797728108,2350.39752577691,0.6866471637651321,0.7057827865214036,1.0000000000000007,1.0010044429690583
1629,50,检查检验费,8555066,4,6844052,1711014,6258129,1563195,2312.302510890722,2326.3992978422425,0.68818322252865,0.7052583670242517,1.0000000000000002,1.0006741425644412
1630,100,检查检验费,8555066,4,6844052,1711014,5999256,1498958,2282.250936961164,2300.9153202903894,0.6904830002207443,0.705650084604148,1.0000000000000002,1.0005368605329972
1631,5,检查检验费,8555066,5,6844052,1711014,6496993,1615609,2239.722689090578,2313.023213697185,0.6339092781271399,0.6657577236822565,1.0000000000000002,1.003612074581177
1632,10,检查检验费,8555066,5,6844052,1711014,6347599,1581359,2215.0000114844934,2259.7125716323517,0.6364557448055644,0.6632569683201746,0.9999999999999991,1.0026108638243572
1633,15,检查检验费,8555066,5,6844052,1711014,6236023,1554782,2200.0325606561073,2245.094755600341,0.637900024451907,0.662762311072281,1.0000000000000004,1.0022107341846656
1634,20,检查检验费,8555066,5,6844052,1711014,6145373,1532691,2182.7740266385827,2218.764753945047,0.6389140279259486,0.6624514157952648,1.0,1.0019251138516843
1635,30,检查检验费,8555066,5,6844052,1711014,5996636,1496486,2155.128942780514,2187.801491508027,0.6401910738864119,0.6615803376173914,0.9999999999999997,1.001506583066627
1636,50,检查检验费,8555066,5,6844052,1711014,5770959,1441180,2120.7751243075763,2154.386524762605,0.6420519475414578,0.6621766720992309,1.0000000000000002,1.0012139107102542
1637,100,检查检验费,8555066,5,6844052,1711014,5390616,1346446,2066.7280191269283,2092.215216011429,0.6444908161693017,0.6638514809284058,1.0000000000000018,1.0006685083640279
1638,5,检查检验费,8555066,6,6844052,1711014,6478597,1610788,2232.042031719281,2307.6452460100945,0.6326855726164429,0.6660832336588853,1.0000000000000013,1.0036979028927664
1639,10,检查检验费,8555066,6,6844052,1711014,6323824,1575095,2206.9261148085016,2253.9738319979797,0.6353080465006995,0.6632619793280274,0.9999999999999992,1.0026233320553481
1640,15,检查检验费,8555066,6,6844052,1711014,6208878,1547779,2190.545177147356,2236.3120895170005,0.6367899951527203,0.6628072075696347,1.0000000000000009,1.0022509535175728
1641,20,检查检验费,8555066,6,6844052,1711014,6115713,1525144,2172.449324804404,2206.2569172352237,0.6378302075845476,0.6624901931943591,0.9999999999999999,1.0019328248971644
1642,30,检查检验费,8555066,6,6844052,1711014,5961018,1487460,2141.3356697671375,2179.7790960912016,0.6391868682638234,0.6616585199088455,1.0000000000000013,1.0015508700523126
1643,50,检查检验费,8555066,6,6844052,1711014,5732422,1431483,2108.836688231528,2147.559333465166,0.6410879035281299,0.6623366853493019,0.999999999999999,1.0012518400648203
1644,100,检查检验费,8555066,6,6844052,1711014,5345184,1335001,2056.260029189071,2087.6697396829713,0.6432726817300001,0.6640821106836168,1.0,1.0008011297722021
1645,5,检查检验费,8555066,7,6844052,1711014,6284959,1559109,2156.1641947689886,2246.266243075174,0.6183188570024052,0.6553050627839647,1.0000000000000007,1.0045480342867972
1646,10,检查检验费,8555066,7,6844052,1711014,6072513,1510506,2117.9712284773454,2179.7016114212925,0.6219396836705998,0.6523469850900525,1.0000000000000002,1.0032329705477816
1647,15,检查检验费,8555066,7,6844052,1711014,5921114,1474383,2098.9741558490855,2155.403262997101,0.6240738501405333,0.6516904412724239,0.9999999999999984,1.002635860310638
1648,20,检查检验费,8555066,7,6844052,1711014,5800289,1445340,2080.3609803307554,2136.43355045412,0.625703826748521,0.6522735202459695,1.0000000000000004,1.0022235570800766
1649,30,检查检验费,8555066,7,6844052,1711014,5609965,1398931,2045.6986808815636,2097.2990932348107,0.6276005491310649,0.6520032875733746,1.0000000000000002,1.001930262176687
1650,50,检查检验费,8555066,7,6844052,1711014,5330337,1329935,2003.9478394038933,2052.599123135752,0.63032147389687,0.6529832589285427,0.999999999999999,1.001382739147746
1651,100,检查检验费,8555066,7,6844052,1711014,4876426,1217131,1950.0482197152708,1997.4919064841451,0.6342147183098492,0.6570097772343702,0.9999999999999998,1.0010169030678766
1652,5,检查检验费,8555066,8,6844052,1711014,6214440,1540255,2123.2765018514897,2203.161354470235,0.6124587916531992,0.6510146198823402,0.9999999999999997,1.0048717158568328
1653,10,检查检验费,8555066,8,6844052,1711014,5981325,1486985,2087.330964161241,2155.8654225335813,0.6164385892843242,0.6487835132646963,1.000000000000001,1.0034959412539575
1654,15,检查检验费,8555066,8,6844052,1711014,5818306,1448399,2064.612068674102,2131.0456232082493,0.6187014803461818,0.6485816345909496,1.0000000000000009,1.002757460169948
1655,20,检查检验费,8555066,8,6844052,1711014,5686305,1416346,2044.299992072825,2109.6089626706053,0.6204409792533251,0.6481524308000077,1.0000000000000016,1.0022860190148384
1656,30,检查检验费,8555066,8,6844052,1711014,5483602,1367041,2005.9044733476603,2055.588121944355,0.6225526498517474,0.6475676470750462,0.9999999999999991,1.0018656286696073
1657,50,检查检验费,8555066,8,6844052,1711014,5184999,1293283,1967.15636373694,2019.1322647201043,0.6255693115632235,0.6500443557694167,1.0000000000000004,1.0015408138626587
1658,100,检查检验费,8555066,8,6844052,1711014,4711623,1175763,1906.4067258743419,1967.8338133368354,0.6297325240678481,0.6545186506528143,1.000000000000001,1.001151911385236
1659,5,检查检验费,8555066,9,6844052,1711014,6211963,1539572,2122.8292080049673,2202.2797646443482,0.6123568422688305,0.6504043952404533,1.0000000000000007,1.0048461232538743
1660,10,检查检验费,8555066,9,6844052,1711014,5978282,1486200,2086.805134464665,2154.9250124593364,0.6163555487820757,0.6485137121782604,1.0000000000000007,1.0034755851586894
1661,15,检查检验费,8555066,9,6844052,1711014,5815104,1447595,2064.254354865564,2130.238043010589,0.6186203831787211,0.6484017348328479,1.0000000000000009,1.0027549838075878
1662,20,检查检验费,8555066,9,6844052,1711014,5682710,1415436,2044.073466999147,2108.8758221927374,0.6203794519635739,0.647986522592918,0.9999999999999993,1.002262735468709
1663,30,检查检验费,8555066,9,6844052,1711014,5479717,1366069,2005.656044262612,2054.7982021854,0.6225126428039643,0.647415712394076,0.999999999999999,1.0018575569740606
1664,50,检查检验费,8555066,9,6844052,1711014,5180515,1292145,1966.5897226729776,2018.3428177166022,0.6255203179146681,0.6499151582887268,1.0000000000000004,1.0015392737536912
1665,100,检查检验费,8555066,9,6844052,1711014,4706187,1174336,1906.3772332151932,1967.479502959747,0.6297244904406669,0.6543297047457909,1.0000000000000002,1.001128117310612
1666,5,药品费,7887117,3,6309693,1577424,6224213,1553332,3989.5942831667476,3867.5311733544754,1.0341950096430426,1.078019176602193,0.9999999999999992,1.0040212391256171
1667,10,药品费,7887117,3,6309693,1577424,6171959,1540981,3962.6417282348402,3844.65695616002,1.0360525629255533,1.0744933080178063,1.0000000000000002,1.0029714656156712
1668,15,药品费,7887117,3,6309693,1577424,6129328,1530716,3946.305193042581,3828.9057716238035,1.0371883909091493,1.0729703268181539,0.9999999999999996,1.0025010288236933
1669,20,药品费,7887117,3,6309693,1577424,6092026,1521839,3931.7244786290457,3793.817585666121,1.0378811751079453,1.0704957337222587,1.0000000000000007,1.0021436390085088
1670,30,药品费,7887117,3,6309693,1577424,6025369,1505632,3916.727146778042,3753.6207460937167,1.0390573335834903,1.0671630585464504,0.9999999999999993,1.0015425430927278
1671,50,药品费,7887117,3,6309693,1577424,5916864,1478423,3867.2855847420915,3714.1682740126425,1.0399939312810937,1.0625275646069745,1.0000000000000002,1.000978261185698
1672,100,药品费,7887117,3,6309693,1577424,5716895,1428717,3774.3685234562404,3650.303815436026,1.0402696326362604,1.054894136462603,1.0000000000000007,1.00048528903228
1673,5,药品费,7887117,4,6309693,1577424,6160324,1536125,3739.2482356245064,3611.2553451435806,0.9747056544347251,1.0188133423510732,0.9999999999999997,1.0050396947154832
1674,10,药品费,7887117,4,6309693,1577424,6082343,1517781,3706.7514865352696,3553.2367520053513,0.9772699200707086,1.0135761381171786,1.0,1.003690120263082
1675,15,药品费,7887117,4,6309693,1577424,6022431,1503469,3691.8861402031625,3521.6267540175213,0.978660375646348,1.00715213153249,0.9999999999999997,1.0029397312417436
1676,20,药品费,7887117,4,6309693,1577424,5971559,1491252,3674.896928306465,3478.8563416089714,0.9796047641451423,1.0019620544011685,1.0000000000000013,1.0023659306889414
1677,30,药品费,7887117,4,6309693,1577424,5886004,1470346,3602.695025879238,3428.5162939534985,0.9807338603421571,0.9996069617903969,0.9999999999999992,1.0018387311591181
1678,50,药品费,7887117,4,6309693,1577424,5748228,1436125,3542.6563827847444,3354.89716544301,0.9822225946673917,0.9960914699446973,1.0000000000000004,1.0013635183023446
1679,100,药品费,7887117,4,6309693,1577424,5506255,1376131,3459.7158830458898,3268.3453373952884,0.9830874463705905,0.987719895355873,0.9999999999999994,1.000804562295294
1680,5,药品费,7887117,5,6309693,1577424,5976683,1486040,3504.1109463913863,3377.686394526794,0.8973282345639455,0.9556411571998207,0.9999999999999999,1.0072737107730436
1681,10,药品费,7887117,5,6309693,1577424,5834533,1453520,3441.8382133889954,3305.6411411057857,0.9012823447614992,0.94119168388032,0.9999999999999999,1.0047197772938765
1682,15,药品费,7887117,5,6309693,1577424,5729200,1428375,3413.081945683668,3267.555498962695,0.9032809524923006,0.9338465491046565,1.0000000000000009,1.0037697070317613
1683,20,药品费,7887117,5,6309693,1577424,5641113,1407223,3373.7053055652564,3235.455252865427,0.9045118085643011,0.9318461843561268,1.0000000000000004,1.0031904162910839
1684,30,药品费,7887117,5,6309693,1577424,5499897,1372605,3314.4808126176335,3170.7836639780858,0.9059692036837462,0.9292571672314108,1.000000000000001,1.002642248432529
1685,50,药品费,7887117,5,6309693,1577424,5292259,1321503,3242.843147377956,3103.6326458032154,0.907178617925368,0.92563282891995,1.0000000000000009,1.00192270792315
1686,100,药品费,7887117,5,6309693,1577424,4937195,1233739,3061.595002841547,2978.116722381156,0.9070874530530015,0.9167773300775125,1.0,1.0008461386532947
1687,5,药品费,7887117,6,6309693,1577424,5959204,1481481,3490.013606160679,3371.7361913023756,0.8942804461104896,0.955670414107625,0.9999999999999996,1.007661825124508
1688,10,药品费,7887117,6,6309693,1577424,5811507,1447660,3425.190972957031,3299.2927928873883,0.8983494790354567,0.9411526884843376,0.9999999999999999,1.0050741179908527
1689,15,药品费,7887117,6,6309693,1577424,5702834,1421709,3394.5195374611076,3260.986281034893,0.9003923442520629,0.9320189787358789,1.0000000000000004,1.0039759119654539
1690,20,药品费,7887117,6,6309693,1577424,5613101,1400086,3349.1039108954405,3225.1383898345857,0.901595388357249,0.9302111350100711,0.9999999999999993,1.0033979115764717
1691,30,药品费,7887117,6,6309693,1577424,5467329,1364261,3285.1651367671716,3154.5984064259715,0.9031188418253789,0.9271374347123762,1.0000000000000002,1.002679046313626
1692,50,药品费,7887117,6,6309693,1577424,5255279,1312145,3216.3663663297943,3085.938261058457,0.9043410981631431,0.9243354715139852,1.0000000000000004,1.0020015580229011
1693,100,药品费,7887117,6,6309693,1577424,4894029,1222852,3039.6027093692983,2965.9417560268816,0.9037470126096431,0.9151017725825725,0.9999999999999992,1.001087231362586
1694,5,药品费,7887117,7,6309693,1577424,5774153,1431614,3343.775022933371,3225.2889353893543,0.8644243405385873,0.9370768916761236,0.9999999999999987,1.0090138567134819
1695,10,药品费,7887117,7,6309693,1577424,5573437,1385714,3254.8127492522067,3156.277794469749,0.869859148542289,0.9215662150352014,1.000000000000001,1.0058725737414134
1696,15,药品费,7887117,7,6309693,1577424,5430777,1352112,3198.1550373966115,3113.010537026863,0.8725810534659512,0.9135285144433886,1.0,1.0044705778286067
1697,20,药品费,7887117,7,6309693,1577424,5317495,1324969,3173.526138471293,3076.0045660193255,0.8745221438386859,0.9127099308391373,0.9999999999999997,1.0038195078403966
1698,30,药品费,7887117,7,6309693,1577424,5136650,1280553,3084.9717279677334,2926.1482033610346,0.8767330752427577,0.9083762761759557,0.9999999999999989,1.0028171788080635
1699,50,药品费,7887117,7,6309693,1577424,4872609,1215623,2995.177479128497,2858.1776182252834,0.8787555914610956,0.9064897860497974,1.0000000000000007,1.0020766007721353
1700,100,药品费,7887117,7,6309693,1577424,4451849,1111735,2840.3925592034934,2707.0483780138616,0.8798230792742288,0.8961000391663596,1.0000000000000002,1.0010371103328135
1701,5,药品费,7887117,8,6309693,1577424,5707111,1413646,3281.912431570659,3180.7812506467535,0.8553940010517537,0.9303637542439193,1.0000000000000002,1.0094681285543314
1702,10,药品费,7887117,8,6309693,1577424,5487736,1363581,3205.9642217497844,3108.6048081634995,0.8613576465963659,0.9144634738541516,1.000000000000001,1.0062497038164784
1703,15,药品费,7887117,8,6309693,1577424,5333534,1327328,3161.7393525644147,3057.154608500295,0.8643981947220326,0.9067861246245896,0.9999999999999986,1.004796899516225
1704,20,药品费,7887117,8,6309693,1577424,5211670,1297999,3117.399362493898,3016.877398301831,0.8664519622982791,0.9057866325130113,1.0000000000000002,1.0039555312942412
1705,30,药品费,7887117,8,6309693,1577424,5019410,1251081,3042.052853411199,2873.479677567059,0.8687642748371114,0.9012804148835726,1.0000000000000002,1.0029588267813219
1706,50,药品费,7887117,8,6309693,1577424,4737096,1181780,2922.81199516665,2787.701766020246,0.871186949371662,0.8933075129512276,1.0000000000000007,1.001890422065899
1707,100,药品费,7887117,8,6309693,1577424,4295049,1072806,2756.3737208634952,2619.1980041856464,0.8720653369995366,0.8874408753275285,1.0000000000000009,1.000924303545002
1708,5,药品费,7887117,9,6309693,1577424,5704698,1413011,3280.737972157602,3180.6174426877055,0.8549631843508083,0.9304771515227918,1.0000000000000009,1.009529351633473
1709,10,药品费,7887117,9,6309693,1577424,5484965,1362899,3205.5351687210486,3108.502413167066,0.8609298028796166,0.9145190059311481,1.0000000000000009,1.0062954537199007
1710,15,药品费,7887117,9,6309693,1577424,5330616,1326602,3161.354674648921,3057.305391393362,0.8639924126835407,0.9069000858806291,1.0,1.0048554491604107
1711,20,药品费,7887117,9,6309693,1577424,5208434,1297192,3117.196300438595,3017.187215799415,0.8660554959343059,0.9058675187915898,0.9999999999999989,1.0039786494097804
1712,30,药品费,7887117,9,6309693,1577424,5015814,1250164,3041.887895015531,2873.8907998210825,0.8683793207353523,0.9014363031990251,1.0,1.0029917885515356
1713,50,药品费,7887117,9,6309693,1577424,4732899,1180694,2922.5594548901217,2787.907709010139,0.8707693882741496,0.8931835914608576,0.9999999999999998,1.001894559901779
1714,100,药品费,7887117,9,6309693,1577424,4291062,1071818,2755.819174947581,2618.9763752553554,0.8717248109124828,0.887310067225447,1.0,1.0009215151985695
1715,5,总费用,8766445,3,7013156,1753289,6924683,1728083,11322.96222357641,11279.04302103294,0.7228419362415025,0.7529592095066727,1.0,1.0023490562180133
1716,10,总费用,8766445,3,7013156,1753289,6870249,1714968,11275.062825705136,11199.351913345345,0.7236956977717544,0.7493313160574596,1.0,1.0017913216297147
1717,15,总费用,8766445,3,7013156,1753289,6825460,1704044,11222.993049092503,11165.45090587603,0.7239815334364752,0.7474296394806679,1.0,1.0014459699564209
1718,20,总费用,8766445,3,7013156,1753289,6785837,1694313,11179.600255141457,11128.084770662661,0.7240736087923725,0.747044736836285,1.0,1.0013708631606972
1719,30,总费用,8766445,3,7013156,1753289,6717426,1677589,11096.430138412255,11065.629810550095,0.72414327670806,0.7420248189995048,0.9999999999999999,1.0009946173328144
1720,50,总费用,8766445,3,7013156,1753289,6602815,1649264,11010.552822956039,10977.598857533352,0.7238198815127656,0.7385109059801153,1.0000000000000002,1.0006581642991488
1721,100,总费用,8766445,3,7013156,1753289,6389593,1596239,10823.384848012121,10776.866625666,0.7224227572955182,0.7313335763758745,1.0000000000000009,1.000225366435535
1722,5,总费用,8766445,4,7013156,1753289,6857905,1709652,10292.675219657505,10267.270885755272,0.682020297977688,0.7041723109392699,0.9999999999999987,1.0022364182283219
1723,10,总费用,8766445,4,7013156,1753289,6776464,1690444,10219.588966075067,10109.371134626124,0.6833650993692032,0.699583091209636,1.0000000000000009,1.0014066252059426
1724,15,总费用,8766445,4,7013156,1753289,6712290,1674891,10143.160763077225,10014.99476355866,0.6839501687134923,0.6980387425649841,1.0000000000000009,1.0010640487727518
1725,20,总费用,8766445,4,7013156,1753289,6659580,1662074,10079.985150473603,9870.711858667288,0.6842193955209565,0.6978318886104146,0.9999999999999997,1.0010203588647437
1726,30,总费用,8766445,4,7013156,1753289,6570012,1640092,9974.714513449182,9768.829042450046,0.6845388973328813,0.6924584610724257,0.9999999999999994,1.0007000812568774
1727,50,总费用,8766445,4,7013156,1753289,6423078,1603815,9795.435582281283,9635.65214452043,0.6850146224239606,0.6909281179035929,1.0000000000000004,1.000389997134467
1728,100,总费用,8766445,4,7013156,1753289,6162708,1539166,9533.493152105419,9406.227047946297,0.6846916020229986,0.6881552566844105,0.9999999999999996,1.000150550652374
1729,5,总费用,8766445,5,7013156,1753289,6663443,1656836,9442.64781478438,9538.477382018646,0.6188693503875509,0.6452035799258141,1.0000000000000009,1.0031933120519316
1730,10,总费用,8766445,5,7013156,1753289,6511758,1621513,9297.675959138982,9363.471754814704,0.6209650280499805,0.6380713801333421,0.9999999999999999,1.0020250378695976
1731,15,总费用,8766445,5,7013156,1753289,6400667,1594754,9199.003754660183,9124.55836232265,0.6217617549220585,0.6360107661712623,0.9999999999999991,1.0016269757997334
1732,20,总费用,8766445,5,7013156,1753289,6309341,1572462,9101.340856536983,9032.01905797529,0.6222038528873545,0.6346806307174279,0.9999999999999996,1.0013512395941662
1733,30,总费用,8766445,5,7013156,1753289,6158404,1535731,8920.01678707354,8848.403163148174,0.6227310377363431,0.6316217691001955,0.9999999999999988,1.0009714890694383
1734,50,总费用,8766445,5,7013156,1753289,5932779,1480144,8678.849517437584,8642.209882800744,0.6228709202990125,0.6286742206462808,1.0000000000000009,1.0004537761421268
1735,100,总费用,8766445,5,7013156,1753289,5550881,1386053,8295.305807142817,8210.931693426297,0.6226962465217754,0.6241725308876351,1.0000000000000004,1.0002949157174348
1736,5,总费用,8766445,6,7013156,1753289,6645118,1651801,9386.35763611121,9489.328395333107,0.6168815172716793,0.6440342226455629,1.000000000000001,1.0031589844516529
1737,10,总费用,8766445,6,7013156,1753289,6488438,1615383,9233.658854000887,9312.703114554144,0.6190396409464841,0.6368091672971161,1.0,1.0020274826722522
1738,15,总费用,8766445,6,7013156,1753289,6372605,1587451,9131.211935060766,9065.030602227602,0.619898995279447,0.6347394994084561,1.0000000000000002,1.0016021005940052
1739,20,总费用,8766445,6,7013156,1753289,6279390,1564711,9020.337747934556,8964.41665617817,0.620336702630829,0.6333776981944821,0.9999999999999986,1.001313502458263
1740,30,总费用,8766445,6,7013156,1753289,6122814,1526702,8830.383829910088,8776.495061833952,0.6209414744129624,0.6296498954503267,1.0000000000000016,1.00084284432704
1741,50,总费用,8766445,6,7013156,1753289,5893173,1470122,8588.948846281342,8543.715730365166,0.6211009876995554,0.6271770431358212,0.9999999999999999,1.000389893321768
1742,100,总费用,8766445,6,7013156,1753289,5504719,1374534,8215.944551146004,8144.144747291534,0.6207646150108823,0.6225922043185985,1.0000000000000004,1.000286043698369
1743,5,总费用,8766445,7,7013156,1753289,6449874,1599426,8944.825579212347,8986.081339271157,0.5921567719833769,0.623788301323638,0.999999999999999,1.00408955679619
1744,10,总费用,8766445,7,7013156,1753289,6235351,1549915,8716.489132364935,8736.085209446528,0.5950408722766094,0.6127734775037926,1.0,1.002681346873929
1745,15,总费用,8766445,7,7013156,1753289,6082607,1513546,8515.559923771862,8561.913530649847,0.5963778365882506,0.6096523865901458,0.9999999999999992,1.0019715135370326
1746,20,总费用,8766445,7,7013156,1753289,5959892,1484267,8409.662196641077,8454.758491266211,0.5973320371819479,0.608656715547042,1.0000000000000013,1.0015691587161297
1747,30,总费用,8766445,7,7013156,1753289,5765902,1437025,8176.725719414065,8167.435388294857,0.5983303196796778,0.6068517448473327,1.0000000000000004,1.001143263599537
1748,50,总费用,8766445,7,7013156,1753289,5482874,1367940,7914.829392940554,7831.1705927126095,0.5991903115289232,0.6045777382119887,0.9999999999999993,1.000777101389049
1749,100,总费用,8766445,7,7013156,1753289,5026204,1254881,7498.340573099451,7440.033215424666,0.5999680331354794,0.6017072757981745,1.0000000000000002,1.0006640555932491
1750,5,总费用,8766445,8,7013156,1753289,6378189,1580107,8743.87518835435,8825.515256832114,0.5852421285490089,0.6181716579939859,1.000000000000001,1.004298142990442
1751,10,总费用,8766445,8,7013156,1753289,6143187,1525931,8522.207338041639,8591.937138139663,0.588401513701252,0.6089188338158854,1.0000000000000002,1.0027688356133733
1752,15,总费用,8766445,8,7013156,1753289,5978391,1487004,8362.300108589612,8438.54649517649,0.5899737370286601,0.606531415619241,1.000000000000001,1.0020152340759019
1753,20,总费用,8766445,8,7013156,1753289,5846242,1455131,8230.656766637008,8280.405494910035,0.5909143982557357,0.6057473936732151,1.0000000000000013,1.0017245464244164
1754,30,总费用,8766445,8,7013156,1753289,5637882,1404591,7988.6079163227405,8039.537706216487,0.5921398472432697,0.6030794898667424,0.9999999999999987,1.0012130653637388
1755,50,总费用,8766445,8,7013156,1753289,5334398,1330521,7714.275933613484,7658.5437410114,0.5932516590409452,0.6016261453402085,1.0000000000000004,1.000771778391665
1756,100,总费用,8766445,8,7013156,1753289,4857513,1212562,7262.67784816996,7126.775199712386,0.5938281795095622,0.5959175404477608,1.0000000000000002,1.0003475472133585
1757,5,总费用,8766445,9,7013156,1753289,6375681,1579462,8741.486167248848,8819.204228002704,0.5848283825410194,0.6166319015420356,1.000000000000001,1.0042524396975376
1758,10,总费用,8766445,9,7013156,1753289,6140015,1525156,8520.481123754735,8587.900987826015,0.5879930150073418,0.6081610189886807,0.9999999999999999,1.0027483166748539
1759,15,总费用,8766445,9,7013156,1753289,5974963,1486177,8360.827367082875,8434.304516317083,0.5895638527525137,0.6057723735595019,1.000000000000001,1.0020029039546763
1760,20,总费用,8766445,9,7013156,1753289,5842595,1454235,8230.279375015869,8276.779618568446,0.5905268064768872,0.6052975402977194,0.9999999999999988,1.0017345515967149
1761,30,总费用,8766445,9,7013156,1753289,5633899,1403621,7988.190764661576,8037.114495196835,0.5917372362511981,0.6026894701732697,1.0,1.0012064543464925
1762,50,总费用,8766445,9,7013156,1753289,5329972,1329426,7713.525678332179,7656.185302738275,0.5928491380006662,0.6012374010394472,0.9999999999999988,1.0007746642090924
1763,100,总费用,8766445,9,7013156,1753289,4852136,1211296,7263.00190717444,7126.401808775551,0.5933264571117499,0.5958237243134601,0.9999999999999998,1.0003780232359492
1764,5,耗材费,3933264,3,3146611,786653,3080411,767954,6611.921526936016,6761.868355575394,1.2325155003070456,1.660177359171294,0.9999999999999997,1.013498182584729
1765,10,耗材费,3933264,3,3146611,786653,3042616,759061,6611.494190487817,6748.961004258492,1.2364932140170084,1.6148812384038675,0.9999999999999999,1.0101557141672866
1766,15,耗材费,3933264,3,3146611,786653,3013277,752029,6609.633929441767,6747.024165464962,1.2386377356762368,1.601086934729746,1.0000000000000004,1.0087938953489717
1767,20,耗材费,3933264,3,3146611,786653,2987462,745745,6614.624524774715,6740.1117575846565,1.240350910160896,1.5516137312845633,1.0000000000000002,1.0073348787005185
1768,30,耗材费,3933264,3,3146611,786653,2943307,734868,6602.453605241512,6718.877169660239,1.2422086255466245,1.544921472488333,1.0,1.0061292457459963
1769,50,耗材费,3933264,3,3146611,786653,2873124,717557,6599.281863267553,6718.371820182666,1.2432161680613054,1.540517400856779,0.9999999999999999,1.0052684069602063
1770,100,耗材费,3933264,3,3146611,786653,2748729,686455,6597.567214449495,6711.884818603106,1.2425161155544635,1.5416642083400884,1.0000000000000004,1.0047952812650556
1771,5,耗材费,3933264,4,3146611,786653,3033049,755121,5931.177394261295,6129.354952003672,1.1263001961515977,1.454099403326082,1.0,1.012755596228685
1772,10,耗材费,3933264,4,3146611,786653,2977805,742221,5936.337632354489,6118.666445888099,1.1316495997001075,1.39526336192862,1.0000000000000007,1.008926902945238
1773,15,耗材费,3933264,4,3146611,786653,2936230,732218,5924.855663374653,6110.662686720714,1.1346292164685616,1.3849319063871608,1.0,1.0072515168952598
1774,20,耗材费,3933264,4,3146611,786653,2902206,723971,5914.8431246548,6088.847154547293,1.1366907764144818,1.3837044480758973,0.9999999999999996,1.0063814303635061
1775,30,耗材费,3933264,4,3146611,786653,2845231,710214,5874.908047993755,6066.6255422952645,1.1387397783743305,1.3773708299413874,1.0000000000000002,1.005036860454249
1776,50,耗材费,3933264,4,3146611,786653,2757863,688651,5789.98167191858,5902.126017475393,1.1401045064062645,1.3770915182195231,1.0000000000000002,1.004523954725517
1777,100,耗材费,3933264,4,3146611,786653,2607327,651045,5713.460415270137,5807.499331265822,1.1401217854549062,1.3781355550604497,0.9999999999999993,1.0030797763507238
1778,5,耗材费,3933264,5,3146611,786653,2909427,721945,5567.549985508874,5728.693282421056,1.0064454625282395,1.302650367077581,0.9999999999999997,1.015267073756595
1779,10,耗材费,3933264,5,3146611,786653,2815655,700178,5537.263169212217,5632.249628871703,1.0143905204334962,1.2751756157110017,1.0000000000000002,1.010597133669139
1780,15,耗材费,3933264,5,3146611,786653,2747471,683822,5504.637717591076,5575.710133601799,1.018292834832115,1.2631080461742559,1.000000000000001,1.008542134672363
1781,20,耗材费,3933264,5,3146611,786653,2692781,670578,5487.575369544548,5561.943974806885,1.0208646159208778,1.2593277078623912,0.9999999999999994,1.0072982237144708
1782,30,耗材费,3933264,5,3146611,786653,2605961,649366,5399.628732656778,5477.082537215504,1.0237351640278685,1.2572882650203878,1.0000000000000004,1.006260057699671
1783,50,耗材费,3933264,5,3146611,786653,2478620,618012,5303.200339080697,5412.992451681891,1.0256394175215935,1.2409913279896148,0.9999999999999998,1.0049263698872701
1784,100,耗材费,3933264,5,3146611,786653,2276070,567716,5150.241054526856,5233.998313921048,1.0264625431978465,1.2430576291074997,1.0000000000000002,1.0038947643209482
1785,5,耗材费,3933264,6,3146611,786653,2899850,719360,5533.2584668734635,5683.7676676520805,0.9994699956526325,1.2993526533812132,1.0,1.015338734341583
1786,10,耗材费,3933264,6,3146611,786653,2803612,697012,5501.7082529597055,5590.639677827339,1.007489288154289,1.2739877478256345,1.0000000000000009,1.0106564796535027
1787,15,耗材费,3933264,6,3146611,786653,2733643,680175,5467.271137387428,5537.616635588152,1.011479997363186,1.2630305784877929,0.9999999999999997,1.0085750513757936
1788,20,耗材费,3933264,6,3146611,786653,2677932,666703,5435.165775404615,5510.366659007862,1.0141464888103384,1.2564808806466372,1.0000000000000002,1.0072045205489628
1789,30,耗材费,3933264,6,3146611,786653,2589241,645068,5354.439840863766,5426.879520960317,1.0170018777259648,1.255207990299288,0.9999999999999994,1.0062452348532924
1790,50,耗材费,3933264,6,3146611,786653,2460048,613380,5255.257587872369,5363.61085144538,1.019200279885036,1.239897887839961,0.9999999999999994,1.0047377648338
1791,100,耗材费,3933264,6,3146611,786653,2255470,562578,5077.365121597602,5162.243487297986,1.0200697668030416,1.2425594946962693,1.0000000000000004,1.0038499201518556
1792,5,耗材费,3933264,7,3146611,786653,2777104,686265,5195.300950671927,5393.783896602369,0.9335545106014245,1.3019450060585336,1.0000000000000013,1.0175998291696493
1793,10,耗材费,3933264,7,3146611,786653,2647511,656355,5122.869369092781,5228.893525088429,0.9437571603082621,1.255311606352938,1.0000000000000002,1.011816625459061
1794,15,耗材费,3933264,7,3146611,786653,2559380,635694,5044.329794928612,5158.949963812844,0.9488092902093811,1.229609439202514,0.9999999999999998,1.0089594591925868
1795,20,耗材费,3933264,7,3146611,786653,2489097,618866,4967.193880976589,5080.928852890654,0.9517791836603147,1.230143312931438,1.0000000000000004,1.0080215871305949
1796,30,耗材费,3933264,7,3146611,786653,2379893,592292,4872.436160984816,4961.542321451363,0.955856676696897,1.2253989435117971,1.0000000000000007,1.0064906440468349
1797,50,耗材费,3933264,7,3146611,786653,2221126,553547,4719.485970309813,4791.505149784569,0.959569795390484,1.2279878490525769,0.9999999999999991,1.0055400530615228
1798,100,耗材费,3933264,7,3146611,786653,1981600,493721,4531.401267335504,4594.370277335583,0.9613144117877408,1.2351284981747144,0.9999999999999998,1.0039878043246115
1799,5,耗材费,3933264,8,3146611,786653,2735014,675227,5103.606377818233,5332.303331764442,0.9127901327657562,1.3029591446890951,1.0000000000000004,1.018766777634566
1800,10,耗材费,3933264,8,3146611,786653,2594503,642798,4997.033729250505,5135.911782435281,0.9233863623922485,1.2478784626314186,0.9999999999999994,1.012287690206752
1801,15,耗材费,3933264,8,3146611,786653,2499175,620318,4917.977659415227,5045.44636028795,0.9288531145123602,1.229189542087045,1.0000000000000007,1.0096757243141
1802,20,耗材费,3933264,8,3146611,786653,2424336,602367,4856.144893153756,4971.0543286100165,0.9323410929873714,1.234283271476404,1.0000000000000004,1.0091401469851402
1803,30,耗材费,3933264,8,3146611,786653,2308772,574099,4757.812450233319,4852.835522223119,0.936523224363474,1.2252937229442755,0.9999999999999996,1.0071172144362648
1804,50,耗材费,3933264,8,3146611,786653,2143640,534045,4566.534505843997,4649.32916796892,0.9390475516830822,1.2331388528548963,0.9999999999999993,1.0063454844385284
1805,100,耗材费,3933264,8,3146611,786653,1895316,472311,4307.159284417468,4437.482323722585,0.9405800141471359,1.2452978924628761,1.0000000000000002,1.0049018386946116
1806,5,耗材费,3933264,9,3146611,786653,2733634,674836,5102.670621240808,5332.434324979734,0.9124191236222061,1.3026260232286788,0.9999999999999997,1.0186821173995493
1807,10,耗材费,3933264,9,3146611,786653,2593010,642394,4994.7755820223565,5135.381736262469,0.9230190285397822,1.2478960401127612,1.0000000000000002,1.0123430574132013
1808,15,耗材费,3933264,9,3146611,786653,2497455,619887,4916.456714003668,5045.393940301412,0.9285579105586981,1.2292377338301959,0.9999999999999997,1.0096841733318884
1809,20,耗材费,3933264,9,3146611,786653,2422629,601926,4856.218104067939,4971.588613776048,0.9320653673819493,1.23438532667268,1.0000000000000004,1.0091735563104447
1810,30,耗材费,3933264,9,3146611,786653,2307005,573639,4758.414477447094,4853.830385920598,0.9362896946655865,1.2253455318293482,1.0000000000000002,1.0071156894215147
1811,50,耗材费,3933264,9,3146611,786653,2141217,533417,4566.917261537454,4647.232039774599,0.9389083961824367,1.2326905830874901,0.9999999999999996,1.006293822252618
1812,100,耗材费,3933264,9,3146611,786653,1893352,471857,4307.617632154489,4438.426015111515,0.9405772701373116,1.245509075613721,0.9999999999999997,1.0048717778708887
1813,5,检查检验费,9449035,3,7559228,1889807,7468720,1863937,2493.355160148514,2548.8986146906564,0.704653378365687,0.7326477473162685,1.000000000000001,1.0029108540115288
1814,10,检查检验费,9449035,3,7559228,1889807,7412366,1850492,2485.270270387169,2532.1819702488233,0.7056426703224686,0.7313018142971808,1.0000000000000002,1.0024155502393528
1815,15,检查检验费,9449035,3,7559228,1889807,7365244,1839246,2476.3916358867245,2526.592050972414,0.7062554523040577,0.7311152550410942,0.9999999999999999,1.002206874412358
1816,20,检查检验费,9449035,3,7559228,1889807,7325598,1829636,2469.776780896202,2522.1609557905554,0.7066803293847074,0.731091858844124,1.0000000000000007,1.0021378625070578
1817,30,检查检验费,9449035,3,7559228,1889807,7253870,1811988,2457.8658395197626,2513.4681705900603,0.7072669881260568,0.7299032507161921,1.0000000000000002,1.0019489078890769
1818,50,检查检验费,9449035,3,7559228,1889807,7135014,1782464,2440.764014214089,2499.820839756957,0.7079940237119301,0.7293213266121947,0.9999999999999998,1.0017037924822194
1819,100,检查检验费,9449035,3,7559228,1889807,6912353,1727003,2414.947156699853,2467.017258230625,0.709234826005439,0.7279061243825502,0.9999999999999989,1.001357822313601
1820,5,检查检验费,9449035,4,7559228,1889807,7398654,1844582,2394.4938109704244,2453.820755223003,0.6853852654117576,0.7119606562005479,0.9999999999999997,1.00325344051371
1821,10,检查检验费,9449035,4,7559228,1889807,7314523,1824928,2380.2330900647385,2435.0645589576643,0.6869190573916523,0.711377680165511,1.0000000000000002,1.0027469599310486
1822,15,检查检验费,9449035,4,7559228,1889807,7246780,1809031,2369.9422532677286,2423.6926109833125,0.6878490632623999,0.7111366267840483,1.000000000000001,1.0024507415781478
1823,20,检查检验费,9449035,4,7559228,1889807,7191708,1795747,2363.2835463244573,2416.5220257879464,0.688508756602103,0.7110298344329854,1.0,1.0022934044774634
1824,30,检查检验费,9449035,4,7559228,1889807,7096693,1772516,2341.6540508278863,2395.7950627859454,0.6894198683812492,0.7097110343917643,1.0000000000000002,1.0020161377376589
1825,50,检查检验费,9449035,4,7559228,1889807,6945827,1734976,2321.2679496229143,2362.935318711832,0.690876233852147,0.7101827087290477,0.9999999999999996,1.0018694751720651
1826,100,检查检验费,9449035,4,7559228,1889807,6669432,1665849,2290.7850251995633,2335.455225014665,0.6931006088137823,0.7102810226155901,1.0000000000000004,1.0015425376112166
1827,5,检查检验费,9449035,5,7559228,1889807,7193750,1788896,2254.90870070843,2317.459785708404,0.6360476593114976,0.6712215099205853,1.000000000000001,1.0047828718505096
1828,10,检查检验费,9449035,5,7559228,1889807,7034134,1751850,2227.4700179862607,2275.122342789959,0.6385647984409517,0.6674703150818123,0.9999999999999996,1.0036626026575128
1829,15,检查检验费,9449035,5,7559228,1889807,6918262,1724432,2214.6451480324927,2260.9404523766193,0.6399356504266639,0.6671175898263096,1.0000000000000004,1.0032914370341444
1830,20,检查检验费,9449035,5,7559228,1889807,6821523,1700972,2200.5204158315305,2241.5512961935246,0.6408503221185367,0.666411533397334,0.9999999999999993,1.0030084895042448
1831,30,检查检验费,9449035,5,7559228,1889807,6662724,1662040,2168.9943629704067,2212.8861488284333,0.6421811991671992,0.6662269571915324,0.9999999999999996,1.0027056655448414
1832,50,检查检验费,9449035,5,7559228,1889807,6425441,1603429,2136.1075918608976,2182.770770993457,0.6438610600093938,0.6672957980962383,1.0000000000000004,1.002450738681764
1833,100,检查检验费,9449035,5,7559228,1889807,6020583,1502657,2078.4341919928406,2137.146437843899,0.6459833616573113,0.6690009905240645,1.0000000000000007,1.0019983504762853
1834,5,检查检验费,9449035,6,7559228,1889807,7174215,1783576,2247.621492017771,2311.5394502528206,0.6349595182266483,0.6710237038894571,1.0000000000000002,1.0048849910654534
1835,10,检查检验费,9449035,6,7559228,1889807,7009045,1745296,2219.382467104878,2268.0260000765516,0.6375507474837182,0.6670065117118971,1.0000000000000016,1.0036708325267623
1836,15,检查检验费,9449035,6,7559228,1889807,6888523,1716769,2206.5088093488453,2252.1014243068444,0.6389986777296504,0.6664945701229137,0.9999999999999999,1.0032720991631
1837,20,检查检验费,9449035,6,7559228,1889807,6789033,1692572,2189.704687733017,2229.9127256877637,0.6398992912962829,0.6659263292872099,0.9999999999999994,1.0029965133003909
1838,30,检查检验费,9449035,6,7559228,1889807,6624995,1652424,2159.0240183316355,2206.2432432593528,0.6412945685169381,0.6660521829537253,0.9999999999999997,1.002733033060334
1839,50,检查检验费,9449035,6,7559228,1889807,6382494,1592714,2124.9152128031315,2170.679944710492,0.6430257951096271,0.6668909266251832,1.0000000000000002,1.0024158230921505
1840,100,检查检验费,9449035,6,7559228,1889807,5969506,1489872,2068.1160516100626,2126.406207591842,0.6449707052868638,0.6687547216853753,0.9999999999999999,1.0020047382355066
1841,5,检查检验费,9449035,7,7559228,1889807,6967220,1728050,2171.793344020031,2238.4583414461526,0.62106635621741,0.6578711969431429,1.0000000000000004,1.0053211489357474
1842,10,检查检验费,9449035,7,7559228,1889807,6740520,1676085,2136.5313639886285,2194.336744541291,0.6246880971434879,0.6553919207147736,1.0,1.0039296058204632
1843,15,检查检验费,9449035,7,7559228,1889807,6578745,1637689,2116.150593298536,2174.0915175246428,0.6266429515636024,0.6549057333701116,1.0000000000000009,1.0034252241895283
1844,20,检查检验费,9449035,7,7559228,1889807,6449520,1606319,2099.40738117155,2155.6681508399142,0.6281565011897344,0.6549029445682667,0.9999999999999999,1.0029977936495833
1845,30,检查检验费,9449035,7,7559228,1889807,6244428,1556282,2063.222438763307,2114.77057080751,0.6300691873583443,0.6562242511714785,0.9999999999999991,1.002758961534128
1846,50,检查检验费,9449035,7,7559228,1889807,5946610,1482851,2022.9814802915805,2083.2538927246856,0.6328001702051654,0.6581382174422928,1.0000000000000002,1.0023418318581607
1847,100,检查检验费,9449035,7,7559228,1889807,5456322,1360972,1961.5218270914477,2039.5399127595774,0.6364275182958045,0.662092147010233,1.0000000000000002,1.0019266910361078
1848,5,检查检验费,9449035,8,7559228,1889807,6891241,1707787,2135.9564380509123,2214.944832514852,0.6153151394148819,0.6534010823388394,0.9999999999999993,1.0056234176979368
1849,10,检查检验费,9449035,8,7559228,1889807,6643563,1650961,2107.736253153687,2171.7533280997586,0.6192598637195422,0.6511609535540107,1.000000000000002,1.0040520745458905
1850,15,检查检验费,9449035,8,7559228,1889807,6470065,1610062,2087.044726674653,2144.437185171677,0.6213964119880533,0.6506611345171541,0.9999999999999994,1.0034866668821594
1851,20,检查检验费,9449035,8,7559228,1889807,6328438,1575767,2064.4156570600726,2125.567321104155,0.6229502812466381,0.6506731344763959,0.9999999999999991,1.0030360115959989
1852,30,检查检验费,9449035,8,7559228,1889807,6108656,1522310,2025.8264785507201,2091.315579266598,0.625090466844611,0.6523223483372252,1.0000000000000004,1.002802604974623
1853,50,检查检验费,9449035,8,7559228,1889807,5789869,1443807,1982.4037852576853,2059.8075965051025,0.628022543482235,0.6543481412314451,0.9999999999999993,1.0024372142383022
1854,100,检查检验费,9449035,8,7559228,1889807,5278353,1316503,1923.01857457506,2013.234484723846,0.6320739718448619,0.6584754431319622,1.0000000000000016,1.0019986174872249
1855,5,检查检验费,9449035,9,7559228,1889807,6888589,1707135,2135.1580148772,2214.4207219023133,0.6151840857792341,0.6533185433025646,1.0000000000000016,1.0056267778660923
1856,10,检查检验费,9449035,9,7559228,1889807,6640224,1650132,2107.012354955328,2171.275377836349,0.6191461253474007,0.6510920015775047,0.9999999999999994,1.0040508412145963
1857,15,检查检验费,9449035,9,7559228,1889807,6466672,1609241,2086.375986769367,2144.1131548660414,0.6212871326058864,0.6506199241132746,0.9999999999999989,1.003500694062255
1858,20,检查检验费,9449035,9,7559228,1889807,6324505,1574811,2063.90407354137,2125.2691756988543,0.6228740893612316,0.6506272205327954,0.9999999999999987,1.0030401033225689
1859,30,检查检验费,9449035,9,7559228,1889807,6104203,1521229,2025.3490297697954,2091.0258753154576,0.6250268791575868,0.6523059864011806,1.0000000000000009,1.0028120021777165
1860,50,检查检验费,9449035,9,7559228,1889807,5784911,1442573,1981.9267707851977,2059.5656698103808,0.627964093033263,0.6543475749040798,1.0000000000000004,1.002438778937977
1861,100,检查检验费,9449035,9,7559228,1889807,5273039,1315144,1922.8180673164204,2013.5686287062435,0.6320073602927255,0.6584695048945931,1.0000000000000004,1.0020140480719115
1862,5,药品费,8709841,3,6967872,1741969,6879550,1716980,3988.5392772006094,4055.111380151385,1.027905141049984,1.1865422509321082,1.0000000000000029,1.0053116295819335
1863,10,药品费,8709841,3,6967872,1741969,6824777,1704150,3963.94754852566,4017.481349165857,1.0296216816741532,1.1812637180607373,0.9999999999999998,1.0040720114198693
1864,15,药品费,8709841,3,6967872,1741969,6780044,1693136,3948.5350985522086,4007.094126012295,1.0306317536298046,1.1791200317807673,0.9999999999999999,1.0035718189245428
1865,20,药品费,8709841,3,6967872,1741969,6741249,1683550,3931.5305034586013,3993.306172391309,1.0313112051589035,1.1787061347868264,0.9999999999999989,1.0032776132328491
1866,30,药品费,8709841,3,6967872,1741969,6673604,1667011,3913.403829225843,3943.3012053284247,1.0321345008569387,1.1773698351554462,0.9999999999999999,1.0029343194619682
1867,50,药品费,8709841,3,6967872,1741969,6559454,1638921,3858.092454847209,3911.650682558981,1.0330119806577824,1.171538667844348,0.9999999999999997,1.0022667618709167
1868,100,药品费,8709841,3,6967872,1741969,6348244,1586255,3778.380685844996,3816.84015893944,1.0329047406218261,1.1700626352908332,0.9999999999999996,1.0020174495575966
1869,5,药品费,8709841,4,6967872,1741969,6812475,1698917,3756.6854703427807,3770.6870723509896,0.9768134096741503,1.0184722892760583,0.9999999999999996,1.004963680015917
1870,10,药品费,8709841,4,6967872,1741969,6730443,1679457,3721.4829641270617,3709.590918770954,0.9792976508582253,1.0080291890094573,1.0000000000000009,1.003431898357697
1871,15,药品费,8709841,4,6967872,1741969,6666926,1664222,3700.56027708241,3681.124316055559,0.9806115419763817,1.0065665784250708,1.0000000000000002,1.0028329808002328
1872,20,药品费,8709841,4,6967872,1741969,6613704,1651179,3683.3116095202386,3636.4142896107355,0.981506622572493,1.0040476069068986,0.9999999999999999,1.002354468633794
1873,30,药品费,8709841,4,6967872,1741969,6522173,1628700,3612.1440059276642,3572.5850763144776,0.9826485632104162,0.9990516147237142,0.9999999999999989,1.0017773652206672
1874,50,药品费,8709841,4,6967872,1741969,6378693,1593138,3565.866294212908,3530.637144952684,0.9841354505262447,0.9957667435745995,0.999999999999999,1.0013353687507973
1875,100,药品费,8709841,4,6967872,1741969,6120312,1528964,3449.349546285837,3438.4408677927845,0.9847393090501001,0.9905745196579538,0.9999999999999996,1.000843763905327
1876,5,药品费,8709841,5,6967872,1741969,6617657,1645759,3500.8518135279614,3531.6996798194323,0.8984361450649085,0.9653528562347233,1.0000000000000007,1.0075486571459111
1877,10,药品费,8709841,5,6967872,1741969,6465175,1610621,3426.4040952474975,3451.6239213100553,0.9023561833492381,0.9455299581733514,0.9999999999999999,1.0051677991159431
1878,15,药品费,8709841,5,6967872,1741969,6353625,1583885,3391.3926575730784,3415.759096517856,0.9043129434946242,0.9413250822429354,1.0000000000000004,1.0042661737149514
1879,20,药品费,8709841,5,6967872,1741969,6262244,1561735,3355.965392945718,3396.427131943205,0.9053638705420819,0.93840586122729,1.0000000000000007,1.003598003030684
1880,30,药品费,8709841,5,6967872,1741969,6112965,1525115,3295.703160496084,3307.94409392084,0.9069432961616666,0.9319036780113127,0.999999999999998,1.0026933528325315
1881,50,药品费,8709841,5,6967872,1741969,5889106,1469817,3235.9701068922113,3260.4862676421694,0.9082865726605931,0.9276505271301356,1.0000000000000002,1.0017822712055233
1882,100,药品费,8709841,5,6967872,1741969,5507185,1375325,3062.8431578622053,3052.0649604951373,0.9074319204805797,0.9242947092254133,0.9999999999999994,1.0013721486751073
1883,5,药品费,8709841,6,6967872,1741969,6598799,1640737,3488.9197186316355,3518.982277020508,0.8955943215891443,0.9638295026674554,0.9999999999999996,1.0078384635494675
1884,10,药品费,8709841,6,6967872,1741969,6441079,1604359,3410.9037196413838,3440.9763797498067,0.8996060463482953,0.9442926674696679,1.0000000000000007,1.0054180129418158
1885,15,药品费,8709841,6,6967872,1741969,6325235,1576742,3373.647288766262,3402.5875497854427,0.901617913818732,0.939750252761377,0.9999999999999996,1.0044379625159006
1886,20,药品费,8709841,6,6967872,1741969,6230935,1553927,3330.04010544707,3384.1941335167726,0.9026952586511587,0.9372623139511974,0.9999999999999992,1.003762761997824
1887,30,药品费,8709841,6,6967872,1741969,6076380,1515692,3268.925491618356,3284.6753139888897,0.9042961452842984,0.9294139623123677,1.0000000000000002,1.002794610084677
1888,50,药品费,8709841,6,6967872,1741969,5848444,1459429,3203.2165022164163,3234.594619560196,0.905674788452458,0.9252428815412186,1.0000000000000009,1.0018071946147618
1889,100,药品费,8709841,6,6967872,1741969,5458554,1363064,3031.315812175538,3037.8697314180536,0.9044088302639685,0.9222110843608701,0.9999999999999997,1.0015241536219572
1890,5,药品费,8709841,7,6967872,1741969,6401183,1587496,3337.4446382798687,3384.8486884358767,0.8664610729313516,0.9460914293209945,0.9999999999999999,1.0097232180253444
1891,10,药品费,8709841,7,6967872,1741969,6185638,1538184,3249.32390153249,3296.873725960767,0.8718321789270986,0.9241021903525033,1.0000000000000002,1.006639565558415
1892,15,药品费,8709841,7,6967872,1741969,6033009,1501809,3184.3461419804703,3254.567313692317,0.8745890373706579,0.9183553636119305,1.0,1.0052040047547168
1893,20,药品费,8709841,7,6967872,1741969,5912679,1472516,3158.0586914153682,3230.449524787172,0.8763325427279189,0.914669012157935,0.9999999999999993,1.0042381822973354
1894,30,药品费,8709841,7,6967872,1741969,5720334,1425664,3067.0648208666944,3075.292856572266,0.8785051748070718,0.908684080813291,0.9999999999999997,1.00317272537907
1895,50,药品费,8709841,7,6967872,1741969,5436810,1355898,2994.502939882817,3000.454753750346,0.8803680902618993,0.9051675611263045,0.9999999999999997,1.0023446783914955
1896,100,药品费,8709841,7,6967872,1741969,4982505,1243209,2833.9097186261192,2748.757060133503,0.8809449167762405,0.9017001409613379,0.9999999999999997,1.0018064451545428
1897,5,药品费,8709841,8,6967872,1741969,6329054,1568175,3264.858658431135,3343.2251873086116,0.8574198678109004,0.9421162119575841,0.9999999999999997,1.0104069607258417
1898,10,药品费,8709841,8,6967872,1741969,6093305,1514119,3191.8134730805477,3247.430141762147,0.8633394578569595,0.9167381656668673,1.0000000000000007,1.0069244189353215
1899,15,药品费,8709841,8,6967872,1741969,5930566,1475523,3143.52267927734,3217.874547117856,0.8662943648487519,0.9116501931685107,0.9999999999999984,1.0054189181286082
1900,20,药品费,8709841,8,6967872,1741969,5798880,1443646,3113.2455693537963,3182.966035084326,0.8682238225157591,0.9086424865507297,1.0000000000000004,1.0044115021448168
1901,30,药品费,8709841,8,6967872,1741969,5592091,1393105,3023.9379529606335,3018.9067176410304,0.8705672020324637,0.9004275580030148,1.0000000000000009,1.0032752805989589
1902,50,药品费,8709841,8,6967872,1741969,5288975,1318775,2937.8691857772474,2842.6630153835667,0.8728970035187053,0.8974590089229819,1.0,1.0024363969361185
1903,100,药品费,8709841,8,6967872,1741969,4810319,1200148,2757.704346124003,2678.8733168961644,0.8732475518797308,0.8925211412997028,0.9999999999999992,1.001895657699523
1904,5,药品费,8709841,9,6967872,1741969,6326603,1567497,3264.374629569909,3340.1081884890486,0.8571501268529687,0.9332879834302064,1.0000000000000002,1.0103008112591385
1905,10,药品费,8709841,9,6967872,1741969,6090341,1513347,3191.4289298870713,3245.8527580305963,0.8630835178069188,0.9159624665471501,1.0000000000000013,1.0068959927013645
1906,15,药品费,8709841,9,6967872,1741969,5927337,1474656,3143.351625019842,3216.816592149509,0.866060633890745,0.9108663722239498,1.0000000000000004,1.0053904015619068
1907,20,药品费,8709841,9,6967872,1741969,5795557,1442765,3113.309455640873,3182.214601366533,0.8680136264079765,0.9078625988112099,1.0000000000000004,1.0043742072386566
1908,30,药品费,8709841,9,6967872,1741969,5588121,1392113,3024.011336479922,3018.0745884123876,0.8703657037130992,0.8996390675858501,1.0000000000000002,1.0032329176622776
1909,50,药品费,8709841,9,6967872,1741969,5284771,1317656,2938.057155823683,2841.6048178920955,0.8726993415275635,0.8964833722345805,1.0000000000000004,1.0023780275944454
1910,100,药品费,8709841,9,6967872,1741969,4805696,1198930,2757.698145638067,2677.194279181759,0.8730687882835834,0.8914850975318854,0.9999999999999994,1.0018225215525747
1911,5,总费用,9682761,3,7746208,1936553,7655352,1910624,11352.564840676969,11521.598266249466,0.724654714192248,0.758444498084538,1.0000000000000004,1.002149025273769
1912,10,总费用,9682761,3,7746208,1936553,7598819,1897136,11299.29863587888,11446.816742520392,0.7254330423358357,0.7558456123035324,1.0000000000000004,1.0016601474769824
1913,15,总费用,9682761,3,7746208,1936553,7550981,1885525,11248.248354256166,11374.021955357568,0.7257632579252642,0.7538293260237602,0.9999999999999998,1.0012822930469563
1914,20,总费用,9682761,3,7746208,1936553,7510621,1875616,11216.20890871089,11345.700678053867,0.7258732379291608,0.7521844730682743,0.9999999999999996,1.001208089976867
1915,30,总费用,9682761,3,7746208,1936553,7438814,1857814,11152.30317238092,11252.429510875081,0.7259452533261966,0.7507398130209811,1.000000000000001,1.0009489449474296
1916,50,总费用,9682761,3,7746208,1936553,7321608,1829328,11053.864585934301,11150.046276528765,0.7255770280707301,0.7454698001876848,0.9999999999999999,1.0006144424229424
1917,100,总费用,9682761,3,7746208,1936553,7095625,1773043,10901.265780304824,10973.806268342993,0.7239841082499642,0.740448888484682,0.9999999999999994,1.0003372152559091
1918,5,总费用,9682761,4,7746208,1936553,7584260,1891261,10308.667048224106,10533.098315944297,0.6838180247744899,0.7113673683247794,0.9999999999999996,1.00221849899848
1919,10,总费用,9682761,4,7746208,1936553,7499498,1871139,10241.322146517847,10382.616130854049,0.6851019978905727,0.7075604435785557,1.0,1.0014462603833325
1920,15,总费用,9682761,4,7746208,1936553,7430802,1854596,10181.491204970482,10300.207360497341,0.6857096143070542,0.7042022375924604,1.0000000000000007,1.000959839542323
1921,20,总费用,9682761,4,7746208,1936553,7376077,1841073,10138.479336663357,10156.490391811712,0.6860029295929692,0.7037184242386677,1.0000000000000016,1.0008745495498321
1922,30,总费用,9682761,4,7746208,1936553,7280723,1817817,10006.695560048178,10063.644257194203,0.6862253449974316,0.702522837364493,1.0000000000000002,1.0006385083975746
1923,50,总费用,9682761,4,7746208,1936553,7129909,1781081,9819.092843230208,9872.277111965419,0.6866965180106949,0.6982078278362736,0.9999999999999993,1.0002859219867892
1924,100,总费用,9682761,4,7746208,1936553,6849756,1711501,9546.758094104529,9660.129919827225,0.6863517279084274,0.6949943806746043,1.0000000000000002,0.999997863034231
1925,5,总费用,9682761,5,7746208,1936553,7378016,1835072,9472.150904074299,9761.716020658625,0.6189583952984171,0.656668991844737,1.0000000000000002,1.00324392718158
1926,10,总费用,9682761,5,7746208,1936553,7216696,1797871,9304.588767460142,9558.457379102281,0.6209171523652347,0.6515626935209738,0.9999999999999994,1.0020681068982886
1927,15,总费用,9682761,5,7746208,1936553,7098401,1769673,9215.822757387381,9356.510502392779,0.6217786997310698,0.6487319799707991,1.0000000000000013,1.0016365927753617
1928,20,总费用,9682761,5,7746208,1936553,7001339,1746047,9129.07127118015,9269.998942266822,0.6220927960321798,0.6475079739388137,0.9999999999999998,1.001364681300488
1929,30,总费用,9682761,5,7746208,1936553,6841798,1707009,8948.249751537545,9108.111562752907,0.622631315874536,0.6457021274287511,1.0000000000000007,1.0010308155969363
1930,50,总费用,9682761,5,7746208,1936553,6600188,1647748,8720.040257508846,8923.24522485333,0.6226313724843542,0.643817726963474,0.9999999999999989,1.0006491770668047
1931,100,总费用,9682761,5,7746208,1936553,6192269,1546565,8353.268898431452,8501.635014090001,0.6220888699862821,0.6413571402885743,0.9999999999999987,1.0002006801764012
1932,5,总费用,9682761,6,7746208,1936553,7358222,1829819,9419.863210332316,9705.02814167905,0.6170264367095669,0.6556259802420389,0.9999999999999991,1.0032390615572944
1933,10,总费用,9682761,6,7746208,1936553,7191246,1791389,9244.831658138164,9510.532296774156,0.6190260138052378,0.6508797525003597,0.999999999999999,1.0020802186156814
1934,15,总费用,9682761,6,7746208,1936553,7068313,1761976,9150.369052188322,9297.865467156174,0.6199320399183738,0.6477609295157806,0.9999999999999994,1.0015684772089997
1935,20,总费用,9682761,6,7746208,1936553,6968984,1737781,9051.924889766487,9210.283095146302,0.6202642347573216,0.6462059473489233,1.0000000000000002,1.0012363056833968
1936,30,总费用,9682761,6,7746208,1936553,6804195,1697552,8866.972739069523,9042.543686175972,0.6208095817327134,0.644640425830825,1.0000000000000004,1.0009742827035506
1937,50,总费用,9682761,6,7746208,1936553,6557275,1636919,8626.792069847106,8842.081139341792,0.6208886043241012,0.6429710192862943,0.9999999999999997,1.0006091529270713
1938,100,总费用,9682761,6,7746208,1936553,6140179,1533594,8254.158861610607,8418.091788649434,0.6201826308140117,0.639631817347451,0.9999999999999999,1.0001588880547323
1939,5,总费用,9682761,7,7746208,1936553,7150000,1774049,8959.951985204436,9206.850356001649,0.5925841545246731,0.6398699598033412,1.0000000000000009,1.0039844243540947
1940,10,总费用,9682761,7,7746208,1936553,6919990,1721446,8757.433648898928,8945.10709752149,0.5953350250399373,0.6302367962349783,1.0000000000000002,1.0024031094799393
1941,15,总费用,9682761,7,7746208,1936553,6756415,1682589,8614.386212555266,8777.02440569355,0.5966975900473269,0.6279183974324064,0.9999999999999992,1.0017258080031342
1942,20,总费用,9682761,7,7746208,1936553,6626470,1651381,8472.160212002651,8673.921879276932,0.5975016381563208,0.6262560464355441,0.999999999999999,1.0012702238899733
1943,30,总费用,9682761,7,7746208,1936553,6416851,1600498,8241.189812857046,8405.544840351955,0.598414099784106,0.6253194638094572,1.0000000000000004,1.0008824339163729
1944,50,总费用,9682761,7,7746208,1936553,6115465,1526281,8003.357876711041,8201.658424012501,0.5991403608387921,0.6256698076998338,1.000000000000001,1.0006924323470805
1945,100,总费用,9682761,7,7746208,1936553,5622183,1404103,7560.025628987039,7644.204776573046,0.5998167890227849,0.6245610581532388,0.9999999999999992,1.0002707676303204
1946,5,总费用,9682761,8,7746208,1936553,7072542,1753754,8801.884835765684,9079.166502271813,0.5858910083553476,0.635840957087987,0.9999999999999999,1.0043310885085517
1947,10,总费用,9682761,8,7746208,1936553,6820410,1695723,8561.927768101541,8829.395487796482,0.5889163862310633,0.6271043477218503,0.999999999999999,1.0026917384348746
1948,15,总费用,9682761,8,7746208,1936553,6644680,1654166,8424.518017936538,8649.464473881486,0.5903725109562612,0.6254969011022306,1.000000000000001,1.0019988634771304
1949,20,总费用,9682761,8,7746208,1936553,6503698,1620086,8318.637896337694,8544.985765178824,0.5913017860375444,0.6239497681848329,1.0,1.0015259164087609
1950,30,总费用,9682761,8,7746208,1936553,6279146,1565707,8087.02808044147,8239.277279710179,0.5923935157270073,0.6231787743516283,0.9999999999999987,1.0010712914509363
1951,50,总费用,9682761,8,7746208,1936553,5955226,1486357,7810.513132560663,7938.899255840681,0.5933768524689068,0.6226362664990298,0.9999999999999997,1.0007445485869695
1952,100,总费用,9682761,8,7746208,1936553,5437839,1358479,7345.157181631551,7358.323914479279,0.5938973334346813,0.6228012863000039,0.9999999999999994,1.000327642295569
1953,5,总费用,9682761,9,7746208,1936553,7069957,1753072,8799.713169049257,9073.464959238518,0.5855911321147482,0.6348514964326153,1.0000000000000009,1.0042639107400648
1954,10,总费用,9682761,9,7746208,1936553,6817134,1694876,8559.521982551894,8824.989714990641,0.5886190743051871,0.6271304856152118,0.9999999999999994,1.0026584333694601
1955,15,总费用,9682761,9,7746208,1936553,6641002,1653214,8423.317544637977,8645.859638871516,0.5900820771749526,0.6255265713568952,1.0000000000000016,1.0019663586269945
1956,20,总费用,9682761,9,7746208,1936553,6499970,1619111,8317.285928877534,8542.471414930138,0.5910096829961341,0.6239894040736294,1.0000000000000002,1.0014943347354797
1957,30,总费用,9682761,9,7746208,1936553,6274822,1564604,8086.288974222716,8236.670688995448,0.5921123921328934,0.6232002575916661,1.0000000000000009,1.0010150204096009
1958,50,总费用,9682761,9,7746208,1936553,5950555,1485174,7809.851867012052,7936.431827130254,0.5930779205700385,0.622732670008098,1.0000000000000004,1.0007201444033713
1959,100,总费用,9682761,9,7746208,1936553,5432255,1357066,7345.058585272623,7357.267040766367,0.5935541197063203,0.6228761915733797,1.0000000000000004,1.000312707485699
1960,5,耗材费,4266194,3,3412955,853239,3344909,833840,6666.852020161547,6738.321474080217,1.2668469674178195,1.4428837965696462,1.0000000000000009,1.0110559527442626
1961,10,耗材费,4266194,3,3412955,853239,3305554,824536,6660.763489951061,6735.393957633495,1.2709289151740824,1.422824139618759,0.9999999999999999,1.0086468250177407
1962,15,耗材费,4266194,3,3412955,853239,3275266,817239,6657.988210340009,6734.959094769927,1.2731148838967061,1.3901298062658256,1.0000000000000007,1.0070999439732653
1963,20,耗材费,4266194,3,3412955,853239,3248719,810847,6662.6751247562825,6735.973881161014,1.2747749530304124,1.327590779534195,0.9999999999999989,1.0058886633885895
1964,30,耗材费,4266194,3,3412955,853239,3202687,799679,6657.7806883757585,6725.0773357585085,1.2770065125573908,1.3127746853027598,0.9999999999999994,1.0048184804671605
1965,50,耗材费,4266194,3,3412955,853239,3131619,782157,6649.398928168231,6697.7137764024665,1.2781678631178153,1.3101819569111672,1.0000000000000004,1.0043293082189484
1966,100,耗材费,4266194,3,3412955,853239,2999419,749419,6660.176325072492,6689.198063195032,1.2785448553084544,1.297395919244808,1.0,1.002826364407103
1967,5,耗材费,4266194,4,3412955,853239,3295383,820354,5986.310043564789,6064.473711109334,1.1602040021816886,1.277267314426135,0.9999999999999996,1.011587361534349
1968,10,耗材费,4266194,4,3412955,853239,3237884,806881,5992.295042434698,6038.490135132365,1.1657044081937118,1.2502219168476172,1.0,1.0086100603409092
1969,15,耗材费,4266194,4,3412955,853239,3195213,796699,5985.697019394984,6027.7875286143235,1.1686725916544005,1.2115278178771365,0.9999999999999994,1.0065516806662718
1970,20,耗材费,4266194,4,3412955,853239,3158888,788011,5978.8336403998765,6017.72919172648,1.1710556430575538,1.2072993864802866,1.0000000000000009,1.005747193005865
1971,30,耗材费,4266194,4,3412955,853239,3098891,773283,5958.209090073343,6000.910961703856,1.1738919177067189,1.1931165662019347,1.0000000000000002,1.004595041224636
1972,50,耗材费,4266194,4,3412955,853239,3008192,750944,5892.46915048661,5951.656204574106,1.175613482313236,1.1905246951992041,0.9999999999999997,1.0042709716775875
1973,100,耗材费,4266194,4,3412955,853239,2848496,711412,5746.629883300134,5814.738053855062,1.1768446884924884,1.1746465768016399,0.9999999999999996,1.002591143570876
1974,5,耗材费,4266194,5,3412955,853239,3164542,785343,5616.466702854045,5737.703016377236,1.015345707161114,1.1830861862474544,1.0000000000000004,1.0146605035069847
1975,10,耗材费,4266194,5,3412955,853239,3066592,762684,5596.019481791648,5708.26594513544,1.0230214120406433,1.1640167000863069,1.0,1.0113759387665995
1976,15,耗材费,4266194,5,3412955,853239,2995763,745771,5574.331245547053,5667.228232788665,1.0270139941038088,1.1441355290346737,0.9999999999999999,1.0091412001013482
1977,20,耗材费,4266194,5,3412955,853239,2937408,731784,5535.9241774878565,5615.321530999985,1.029764627141596,1.1274064736015263,1.0000000000000004,1.0075181605223034
1978,30,耗材费,4266194,5,3412955,853239,2845668,709340,5478.628558598217,5543.609165738405,1.0323779238763997,1.1176279746596698,1.0,1.0061150226985744
1979,50,耗材费,4266194,5,3412955,853239,2713731,676965,5380.785924537702,5441.238620158698,1.0341245938697554,1.1043778039487944,1.0,1.0052031695480617
1980,100,耗材费,4266194,5,3412955,853239,2493727,622274,5188.550391850461,5267.018907128409,1.0337858031068063,1.0938932367457117,0.9999999999999998,1.004321692352782
1981,5,耗材费,4266194,6,3412955,853239,3154087,782564,5581.793671487609,5694.99643058806,1.0096389942909174,1.1756025120683906,0.9999999999999999,1.0145292381554805
1982,10,耗材费,4266194,6,3412955,853239,3053945,759455,5560.296096748777,5674.892173854514,1.0173826718473828,1.1578864809111122,0.9999999999999997,1.0114586678131325
1983,15,耗材费,4266194,6,3412955,853239,2981234,742120,5537.959801957981,5635.055411654504,1.0214729141382688,1.1383620035841506,0.9999999999999997,1.009142919411965
1984,20,耗材费,4266194,6,3412955,853239,2921414,727830,5494.890805432084,5574.354825480354,1.024405239045768,1.1212327975007885,1.0000000000000002,1.007408056623411
1985,30,耗材费,4266194,6,3412955,853239,2827577,704799,5437.303427538986,5493.906200320497,1.0270244512218478,1.109543157098757,1.0,1.0059701967281114
1986,50,耗材费,4266194,6,3412955,853239,2692485,671628,5336.352283378138,5402.688727310287,1.0290595201122046,1.098864829427435,0.9999999999999998,1.005221417722882
1987,100,耗材费,4266194,6,3412955,853239,2470724,616507,5121.178741918336,5197.806702597418,1.0298293268662368,1.092842470911902,0.9999999999999997,1.0045038814502352
1988,5,耗材费,4266194,7,3412955,853239,3025123,748283,5249.3492504508995,5404.125951260572,0.9456787597858695,1.1617600080618382,0.9999999999999999,1.016704787566016
1989,10,耗材费,4266194,7,3412955,853239,2888165,716899,5194.19897353371,5320.339381234158,0.9559205214924578,1.1349614238509869,1.0000000000000007,1.012488385135452
1990,15,耗材费,4266194,7,3412955,853239,2793123,694205,5113.280460990592,5225.014111301956,0.9610025224948211,1.0953153675257294,1.0000000000000002,1.0092360129046314
1991,20,耗材费,4266194,7,3412955,853239,2719604,676571,5050.250276461753,5128.759213213052,0.9644248430855736,1.0764272441773246,0.9999999999999997,1.0075915162050195
1992,30,耗材费,4266194,7,3412955,853239,2604080,648177,4954.581103461666,5013.072724552364,0.9684580916830599,1.0422768388040686,0.9999999999999991,1.0058837670373004
1993,50,耗材费,4266194,7,3412955,853239,2436574,607020,4760.111212383011,4805.233269970948,0.97223203336886,1.040428663998315,1.0,1.0053486138253775
1994,100,耗材费,4266194,7,3412955,853239,2180235,543241,4573.317311501061,4626.521634099313,0.9726091761414654,1.0191913138133772,0.9999999999999998,1.0035159841719874
1995,5,耗材费,4266194,8,3412955,853239,2980549,736454,5171.048825311987,5342.586898224501,0.9277346942878899,1.152875143427546,0.9999999999999996,1.0171903995436924
1996,10,耗材费,4266194,8,3412955,853239,2831793,702297,5078.027178114678,5237.763366181278,0.9386001747220142,1.126003948278509,0.9999999999999996,1.0128562389283713
1997,15,耗材费,4266194,8,3412955,853239,2729654,677861,4970.123365842239,5043.209502570395,0.9441534683406939,1.084752215723383,0.9999999999999998,1.0094943858181398
1998,20,耗材费,4266194,8,3412955,853239,2651910,659204,4925.040626281868,4982.001790239816,0.9478572545190839,1.0678725864109133,1.0000000000000002,1.0078820075706316
1999,30,耗材费,4266194,8,3412955,853239,2529295,629103,4834.255425360248,4874.689672948222,0.9524468003577203,1.0339116910328259,1.0000000000000007,1.0061217981824697
2000,50,耗材费,4266194,8,3412955,853239,2352226,585795,4599.779621459871,4607.2759967410075,0.9556925936691493,1.0323089866073947,1.0000000000000004,1.0057044955872887
2001,100,耗材费,4266194,8,3412955,853239,2088189,520164,4362.41611778832,4402.7728880425675,0.9568274309373691,1.0129927521964315,0.9999999999999999,1.0040565647655508
2002,5,耗材费,4266194,9,3412955,853239,2979104,736082,5170.123323617094,5341.778754082289,0.9273521421376322,1.1523300533218173,1.0000000000000002,1.0172216227730109
2003,10,耗材费,4266194,9,3412955,853239,2830190,701877,5075.805789347924,5236.568838347045,0.938234698406852,1.1260329306043007,1.0,1.0129693938988693
2004,15,耗材费,4266194,9,3412955,853239,2727899,677433,4968.519631109534,5042.502673089969,0.9438241454196615,1.0846387226101448,1.0000000000000004,1.009584879534123
2005,20,耗材费,4266194,9,3412955,853239,2649989,658739,4923.602639273557,4981.03527253881,0.9475555588082558,1.0676129172209459,0.9999999999999997,1.0079140978593666
2006,30,耗材费,4266194,9,3412955,853239,2527250,628599,4835.008626048646,4875.748887557117,0.9521770479455525,1.0337322169947305,0.9999999999999998,1.006141666352914
2007,50,耗材费,4266194,9,3412955,853239,2350014,585241,4600.799475848202,4608.521588259739,0.9554718093282497,1.0320885554581687,1.0000000000000007,1.0056754425674514
2008,100,耗材费,4266194,9,3412955,853239,2085528,519551,4363.569189853528,4404.159117591573,0.9568458860979769,1.0126392620052047,0.9999999999999994,1.0040127471452283
2009,5,检查检验费,10349151,3,8279320,2069831,8186182,2043247,2538.72904459137,2525.6314137573568,0.7106601120036243,0.7179557188077159,1.0000000000000002,1.0020713224852138
2010,10,检查检验费,10349151,3,8279320,2069831,8127848,2029348,2530.2074380549398,2512.075117451131,0.7116177085195358,0.7157496722198379,1.0000000000000007,1.0016047080411496
2011,15,检查检验费,10349151,3,8279320,2069831,8079824,2017610,2522.8737887317584,2506.410260796379,0.7122134080069253,0.7151116795298947,0.9999999999999996,1.0013418860183623
2012,20,检查检验费,10349151,3,8279320,2069831,8038090,2007434,2514.667978952621,2501.181947931954,0.7126118387384918,0.7143699000384104,1.0000000000000004,1.0012413630658903
2013,30,检查检验费,10349151,3,8279320,2069831,7964852,1989257,2501.115365934652,2494.615423194041,0.7131933671200813,0.7144139938063454,0.9999999999999996,1.0012043218535338
2014,50,检查检验费,10349151,3,8279320,2069831,7844160,1959134,2486.835364812143,2481.9978161520758,0.7138376987896506,0.7145571238094529,1.0000000000000007,1.0010552572465858
2015,100,检查检验费,10349151,3,8279320,2069831,7611190,1901371,2464.472346425867,2445.5264860858283,0.7149749875013633,0.7123998135582256,0.9999999999999996,1.0008333615333005
2016,5,检查检验费,10349151,4,8279320,2069831,8112623,2023148,2440.981823740443,2434.7852932942474,0.6909622603406582,0.6981405336140933,0.9999999999999991,1.0022753485489897
2017,10,检查检验费,10349151,4,8279320,2069831,8025475,2002684,2428.1199352282174,2423.370669149925,0.692466809662537,0.6978468689645327,1.0000000000000007,1.0018406323949574
2018,15,检查检验费,10349151,4,8279320,2069831,7954537,1985526,2414.032203096479,2412.8675744118277,0.6933696769585302,0.6974844823690027,1.0000000000000004,1.0015429671202674
2019,20,检查检验费,10349151,4,8279320,2069831,7897077,1971538,2403.2871557460526,2403.9151651134257,0.6939347520231148,0.6970480981899206,1.0000000000000009,1.0014272190310585
2020,30,检查检验费,10349151,4,8279320,2069831,7798732,1947220,2391.0779905197896,2388.298403341129,0.69489281192367,0.6968249616604184,0.9999999999999998,1.0011917254747171
2021,50,检查检验费,10349151,4,8279320,2069831,7644105,1908934,2364.578001517751,2365.5828908774406,0.6961537061495995,0.6967562165846116,1.0000000000000007,1.0010396830506239
2022,100,检查检验费,10349151,4,8279320,2069831,7352624,1836140,2337.562359692581,2323.8428772004972,0.6984202242497057,0.6962309838982592,1.0000000000000007,1.0008103985355639
2023,5,检查检验费,10349151,5,8279320,2069831,7898946,1964911,2295.4971328389,2308.592916554725,0.6422353930437357,0.6518091171940559,1.0000000000000002,1.0034877074854316
2024,10,检查检验费,10349151,5,8279320,2069831,7730832,1926250,2266.7033269270737,2263.2373507412,0.6447230204681833,0.6478692381467744,0.9999999999999998,1.002479337153925
2025,15,检查检验费,10349151,5,8279320,2069831,7608140,1896661,2254.4431882113395,2249.887316257808,0.6461415828144371,0.6475921946639004,0.9999999999999997,1.0021407784820635
2026,20,检查检验费,10349151,5,8279320,2069831,7506757,1872090,2241.642154274846,2234.093718975619,0.647029291779232,0.6471880811902658,1.0000000000000004,1.0018970504994824
2027,30,检查检验费,10349151,5,8279320,2069831,7341959,1831679,2215.8823780381344,2194.225827296548,0.6482725936519322,0.646394164378907,0.9999999999999989,1.0015450397447163
2028,50,检查检验费,10349151,5,8279320,2069831,7090467,1769786,2186.1413838668636,2156.478297000692,0.6501298186709727,0.6461037608374427,1.0000000000000002,1.0011546432483684
2029,100,检查检验费,10349151,5,8279320,2069831,6664583,1664381,2135.912440260034,2096.4349275448685,0.652669037661917,0.6464656698386848,0.9999999999999997,1.0008108066678583
2030,5,检查检验费,10349151,6,8279320,2069831,7877825,1959191,2288.4096191334356,2304.3000729162495,0.6412651747279714,0.6509522407171242,1.0000000000000002,1.0036268718708488
2031,10,检查检验费,10349151,6,8279320,2069831,7704121,1919283,2259.0010319216576,2254.874179754884,0.6438260761726152,0.6472438061146255,1.000000000000001,1.0025421247294686
2032,15,检查检验费,10349151,6,8279320,2069831,7577071,1888738,2246.1796833546123,2239.541902478845,0.645306746391996,0.6469565051344185,1.0,1.0022487922968282
2033,20,检查检验费,10349151,6,8279320,2069831,7471739,1863140,2232.2293831733764,2222.7050018795753,0.6462072232499375,0.6465607723267832,0.9999999999999989,1.001982333252024
2034,30,检查检验费,10349151,6,8279320,2069831,7302382,1821694,2207.0563716247016,2176.1111628431045,0.6475484103075517,0.6455864708904977,0.9999999999999977,1.001573910673397
2035,50,检查检验费,10349151,6,8279320,2069831,7043905,1758071,2174.1247693204486,2140.6527431362897,0.6494645292062401,0.6453253507843179,0.9999999999999994,1.0011978119071867
2036,100,检查检验费,10349151,6,8279320,2069831,6608742,1650303,2125.740118485121,2083.9039661097527,0.6520461485214356,0.6456135141083762,0.9999999999999996,1.000803731511499
2037,5,检查检验费,10349151,7,8279320,2069831,7659601,1900703,2220.4104367241966,2211.237018535184,0.6275781202924368,0.637351859919306,1.0000000000000002,1.0040882012011818
2038,10,检查检验费,10349151,7,8279320,2069831,7419652,1845538,2182.4878734210974,2163.5321541802728,0.6311549812469794,0.6341484203215864,1.0000000000000022,1.0026695531878034
2039,15,检查检验费,10349151,7,8279320,2069831,7250184,1805270,2162.966896475125,2146.133306079346,0.6331195128044469,0.6337597615846973,0.9999999999999998,1.0022301751237683
2040,20,检查检验费,10349151,7,8279320,2069831,7113523,1772200,2149.6185924622396,2128.9058066700027,0.6346136692745021,0.6336657587537103,1.0000000000000007,1.0019824512900286
2041,30,检查检验费,10349151,7,8279320,2069831,6897405,1719388,2120.821856861229,2086.6183131364487,0.63659202931923,0.6335144115513278,1.0000000000000009,1.0015434264672831
2042,50,检查检验费,10349151,7,8279320,2069831,6579763,1641029,2077.7649997120257,2041.3207879076886,0.6393758007914868,0.634262672626604,1.0000000000000004,1.0011271074939214
2043,100,检查检验费,10349151,7,8279320,2069831,6062872,1513022,2028.3606856772435,1986.1086976481186,0.6433277698717929,0.6361944370327146,0.9999999999999991,1.000768795192609
2044,5,检查检验费,10349151,8,8279320,2069831,7579468,1879218,2186.06121417937,2189.111002175477,0.6218715007057946,0.6340646314083715,0.9999999999999993,1.0043623331507157
2045,10,检查检验费,10349151,8,8279320,2069831,7317791,1818966,2153.8787392886106,2142.7778466432255,0.6257991879066217,0.6308025764458737,0.9999999999999984,1.00288537945454
2046,15,检查检验费,10349151,8,8279320,2069831,7133876,1775747,2135.018087512985,2119.2168473181205,0.6279128514669311,0.6296873964953175,1.0,1.0022864666660485
2047,20,检查检验费,10349151,8,8279320,2069831,6984724,1739456,2120.279737422074,2098.1263573813167,0.6295565984863762,0.6293161208264343,0.9999999999999994,1.0019338011562053
2048,30,检查检验费,10349151,8,8279320,2069831,6753622,1682966,2084.149119640282,2052.292255873709,0.6317848216550269,0.6291897507764735,0.9999999999999987,1.0014777996594884
2049,50,检查检验费,10349151,8,8279320,2069831,6412354,1599000,2040.384221532367,2002.815438145715,0.6346765408541432,0.6303096458816256,0.9999999999999997,1.0011990483785491
2050,100,检查检验费,10349151,8,8279320,2069831,5867549,1464006,1993.8489044957503,1951.0175027680714,0.6391679156380071,0.6311526749616119,1.0000000000000002,1.0006519589775686
2051,5,检查检验费,10349151,9,8279320,2069831,7576711,1878520,2185.3567782541327,2188.7621432265155,0.6217315585879518,0.6340759569962363,1.0,1.0043743538197436
2052,10,检查检验费,10349151,9,8279320,2069831,7314316,1818081,2153.2007067320214,2142.5361875647955,0.625674957607684,0.6308003922403937,0.9999999999999994,1.0028879042253556
2053,15,检查检验费,10349151,9,8279320,2069831,7130066,1774811,2134.307499371483,2118.9184017360303,0.6277937859848227,0.6296887413973661,0.9999999999999994,1.0022943412548537
2054,20,检查检验费,10349151,9,8279320,2069831,6980733,1738497,2119.627701111518,2097.8963177976834,0.6294452953377222,0.6293233438550145,1.0000000000000002,1.0019425743786958
2055,30,检查检验费,10349151,9,8279320,2069831,6748796,1681733,2083.711498044949,2052.110287084622,0.6317156482743547,0.6292180150311507,1.0000000000000013,1.0015021849949044
2056,50,检查检验费,10349151,9,8279320,2069831,6407324,1597711,2040.0019591651485,2002.5977860393537,0.634609853716476,0.6303325645693595,1.0000000000000013,1.0012172250002025
2057,100,检查检验费,10349151,9,8279320,2069831,5862339,1462657,1993.7449555122882,1951.034496370104,0.6390994973041628,0.6311715042450289,1.0000000000000013,1.0006699521522793
2058,5,药品费,9541032,3,7632825,1908207,7542058,1882556,4035.663101455893,4254.3160699195005,1.0506704448694515,1.1860173038338326,0.9999999999999991,1.005045784907899
2059,10,药品费,9541032,3,7632825,1908207,7485900,1869327,4003.7688519414514,4221.638635580338,1.0524027995151848,1.1809831721293138,0.9999999999999992,1.0038109564960593
2060,15,药品费,9541032,3,7632825,1908207,7440225,1858390,3986.0793974710077,4204.738659253375,1.053401982289216,1.1788328318217653,1.0000000000000002,1.0032893146743103
2061,20,药品费,9541032,3,7632825,1908207,7399769,1848557,3973.8460135542787,4181.842652279973,1.0541306140396622,1.1744223561159801,0.9999999999999999,1.0028922794436024
2062,30,药品费,9541032,3,7632825,1908207,7329291,1831070,3948.944221314284,4135.024840145495,1.0551319898027949,1.1728010158798154,1.0000000000000007,1.002323864602276
2063,50,药品费,9541032,3,7632825,1908207,7213436,1802311,3917.3629884141606,4079.9976427706765,1.0561557442682088,1.1716263326105707,0.9999999999999991,1.0020124246976565
2064,100,药品费,9541032,3,7632825,1908207,6990514,1746887,3846.688344857651,4010.5276381390486,1.05667334473499,1.1639292373275791,0.9999999999999999,1.0017974673091112
2065,5,药品费,9541032,4,7632825,1908207,7471564,1863570,3809.9089168597156,3936.991954325476,0.9973348968689547,1.0259369276472732,1.0000000000000002,1.0049855930864153
2066,10,药品费,9541032,4,7632825,1908207,7386940,1843448,3776.891031397277,3889.3940490522673,0.9998033392727634,1.0198716867415962,1.0000000000000004,1.0035738422116087
2067,15,药品费,9541032,4,7632825,1908207,7320860,1827529,3752.8923720371095,3863.3451798896504,1.0012287916152272,1.0173663260005055,0.9999999999999984,1.0028424018485085
2068,20,药品费,9541032,4,7632825,1908207,7265687,1814098,3733.092212461438,3831.828561850586,1.0020820605581258,1.014708452207971,1.0000000000000013,1.0023798076393815
2069,30,药品费,9541032,4,7632825,1908207,7170300,1790674,3687.8662367953652,3787.5728104007367,1.0033806154939033,1.0127932329943825,0.9999999999999999,1.001916014655821
2070,50,药品费,9541032,4,7632825,1908207,7022013,1753946,3622.4110518492394,3715.139540391854,1.0048453679845786,1.0118679963204258,0.9999999999999988,1.0017037254374508
2071,100,药品费,9541032,4,7632825,1908207,6745811,1685565,3517.5813595531104,3596.431704071946,1.006451721105395,1.0027003546819235,0.9999999999999996,1.0011670703776743
2072,5,药品费,9541032,5,7632825,1908207,7267163,1807808,3587.7697180810483,3608.3105193452107,0.923466825001844,0.9637376975596793,1.0000000000000002,1.0075566470680182
2073,10,药品费,9541032,5,7632825,1908207,7107198,1770482,3508.0984169303556,3521.8396489081842,0.9275470823783267,0.9542071426895593,1.0000000000000002,1.0052694280429961
2074,15,药品费,9541032,5,7632825,1908207,6991621,1742827,3480.8487287319917,3497.619805224822,0.9297032772658519,0.9509045966527243,0.9999999999999993,1.0044129691161265
2075,20,药品费,9541032,5,7632825,1908207,6894821,1718948,3439.3968820229225,3472.8394254053615,0.9311321385740849,0.9483275772055539,0.999999999999999,1.0036325935503496
2076,30,药品费,9541032,5,7632825,1908207,6737961,1680487,3396.726702681151,3379.474957865578,0.9330507961684404,0.9435109395034269,1.0000000000000002,1.0028333559848843
2077,50,药品费,9541032,5,7632825,1908207,6503097,1622083,3331.2265678514336,3282.6339912680364,0.934971546781284,0.9404697685647826,1.0,1.002182991233815
2078,100,药品费,9541032,5,7632825,1908207,6098935,1522578,3195.8290082339886,3176.3301199087077,0.9359631401173505,0.930750493870682,0.9999999999999992,1.0012767669366074
2079,5,药品费,9541032,6,7632825,1908207,7247032,1802367,3575.488868593794,3601.2744219705864,0.9209246037625918,0.9625216516870492,0.9999999999999982,1.007796028553779
2080,10,药品费,9541032,6,7632825,1908207,7081691,1763801,3491.5289264644834,3512.360603635662,0.9251258943683697,0.9528053493645222,0.9999999999999994,1.0054820282816839
2081,15,药品费,9541032,6,7632825,1908207,6961353,1735080,3464.5853306322533,3488.296440246195,0.9273637412155036,0.9496268078753695,0.9999999999999993,1.0045973146585527
2082,20,药品费,9541032,6,7632825,1908207,6862308,1710767,3418.0553093003637,3461.3724791913405,0.928764254960066,0.9470452829271105,0.9999999999999996,1.0038101278123959
2083,30,药品费,9541032,6,7632825,1908207,6699572,1670711,3364.2116170274267,3343.9075283385137,0.9307395205917006,0.9412304013602933,1.0000000000000007,1.002996771773237
2084,50,药品费,9541032,6,7632825,1908207,6459068,1610892,3300.5725653004793,3253.159910355042,0.9327977731850918,0.9381345077256328,1.000000000000001,1.0022283015280777
2085,100,药品费,9541032,6,7632825,1908207,6045966,1509254,3161.074557100597,3159.7172436830083,0.9336421394725601,0.9289578205904968,1.0000000000000007,1.001377986884575
2086,5,药品费,9541032,7,7632825,1908207,7038837,1745867,3428.225001493673,3449.3842857209575,0.8965677352736584,0.9394984508094544,0.9999999999999994,1.0096019759714239
2087,10,药品费,9541032,7,7632825,1908207,6811812,1693323,3347.3128795297034,3321.89563888701,0.902404793691073,0.9277903563765869,1.0000000000000007,1.00650786164308
2088,15,药品费,9541032,7,7632825,1908207,6651547,1655069,3291.0997857358825,3266.0178590243163,0.9054824418797337,0.922429141927851,0.9999999999999982,1.0051089383022296
2089,20,药品费,9541032,7,7632825,1908207,6523741,1624261,3254.568648358693,3239.3303509064012,0.9076757372885355,0.9213446980495873,1.0000000000000013,1.0043355083217396
2090,30,药品费,9541032,7,7632825,1908207,6318621,1574296,3191.2812410799943,3167.096341246517,0.910705965822504,0.9157909290936685,1.0000000000000002,1.003544534422359
2091,50,药品费,9541032,7,7632825,1908207,6019557,1500152,3095.710471846291,3064.12590181764,0.9138890949443921,0.9112172057161584,1.0000000000000004,1.0025852883219766
2092,100,药品费,9541032,7,7632825,1908207,5536389,1381573,2920.992759622792,2932.6742071255367,0.9168020035497724,0.9052260749779237,0.9999999999999998,1.0019021838075188
2093,5,药品费,9541032,8,7632825,1908207,6962905,1725381,3370.667072146787,3389.2987636981397,0.887934385363816,0.9367380140706214,0.9999999999999999,1.0101701317711864
2094,10,药品费,9541032,8,7632825,1908207,6715611,1668311,3294.6146989417603,3285.7327089861233,0.8943977695717827,0.9229709801990871,0.9999999999999999,1.006755431497376
2095,15,药品费,9541032,8,7632825,1908207,6541307,1626953,3244.6233808290226,3225.961787821776,0.89782806822474,0.9182388588341303,0.9999999999999997,1.005274165706301
2096,20,药品费,9541032,8,7632825,1908207,6402592,1593520,3212.7307295341097,3205.043214336234,0.9002009870108971,0.9167958107501296,1.0000000000000002,1.0044122336727004
2097,30,药品费,9541032,8,7632825,1908207,6184104,1540170,3134.090025151332,3090.25735674651,0.9032798690334215,0.9096035024069331,1.0000000000000002,1.0035194586666158
2098,50,药品费,9541032,8,7632825,1908207,5864554,1461451,3022.7358160706053,2998.1364632055916,0.9070201508636664,0.9049649885464358,0.9999999999999999,1.0026153340904096
2099,100,药品费,9541032,8,7632825,1908207,5350782,1334995,2873.6917843085016,2884.4766958017744,0.9104585857067525,0.8955800853503338,1.0,1.0016173362188414
2100,5,药品费,9541032,9,7632825,1908207,6960336,1724655,3369.7636241653327,3388.58207816151,0.887008615636946,0.9363246986595771,1.0000000000000004,1.01019903928557
2101,10,药品费,9541032,9,7632825,1908207,6712379,1667486,3294.4229510165546,3285.0527874481513,0.893472136152167,0.9226821115680117,1.0,1.0067597696843242
2102,15,药品费,9541032,9,7632825,1908207,6537950,1626072,3244.271449299852,3225.994899675334,0.896903559758126,0.9180128004053706,0.999999999999999,1.005316170042455
2103,20,药品费,9541032,9,7632825,1908207,6399062,1592565,3212.488916209905,3205.180742449163,0.8992673203313255,0.916610590633106,1.0000000000000002,1.0044493396827245
2104,30,药品费,9541032,9,7632825,1908207,6180054,1539126,3133.960440022711,3090.3628310402287,0.9023374636219506,0.9093922140572986,1.0000000000000004,1.0035417679171248
2105,50,药品费,9541032,9,7632825,1908207,5859765,1460225,3022.6568702716136,2998.3357028275027,0.9059974457353972,0.9047465676945393,1.0000000000000013,1.0026443360596584
2106,100,药品费,9541032,9,7632825,1908207,5345678,1333685,2873.575873090119,2884.0721999667244,0.9093947097531746,0.8952336908578892,1.0000000000000004,1.0016221297037764
2107,5,总费用,10607095,3,8485676,2121419,8392240,2094649,11571.29867934992,11686.237023148895,0.7347898762243977,0.7793921210610579,1.0,1.0024554098092142
2108,10,总费用,10607095,3,8485676,2121419,8333819,2080756,11513.849716403178,11588.072288411591,0.7355300771309284,0.7763931935113106,1.0000000000000009,1.001953049093036
2109,15,总费用,10607095,3,8485676,2121419,8285059,2068862,11482.15197596544,11541.47995489729,0.7359188165989667,0.7746502576732408,0.9999999999999997,1.0016219250011844
2110,20,总费用,10607095,3,8485676,2121419,8243353,2058638,11427.855603037147,11510.246884457894,0.7359472816544629,0.7736320404311372,1.0000000000000004,1.00149350946747
2111,30,总费用,10607095,3,8485676,2121419,8170480,2040722,11345.905448250984,11464.421829119234,0.7360396097931509,0.7719052993039298,0.9999999999999987,1.0012696509044452
2112,50,总费用,10607095,3,8485676,2121419,8047902,2010631,11266.968019311142,11401.176885542503,0.7357399789367414,0.7681456093296289,1.0000000000000002,1.0009587885649653
2113,100,总费用,10607095,3,8485676,2121419,7814528,1952682,11107.849994912569,11238.812996966075,0.7340524195275915,0.7649685974383008,0.9999999999999994,1.0006497687107143
2114,5,总费用,10607095,4,8485676,2121419,8318054,2074451,10526.888394966718,10747.096502382012,0.6936556971651625,0.7364844155026439,0.9999999999999999,1.0028361530863155
2115,10,总费用,10607095,4,8485676,2121419,8229619,2053561,10445.431416335228,10629.610697064276,0.6949152423160567,0.733479928590781,1.0000000000000007,1.002152789760263
2116,15,总费用,10607095,4,8485676,2121419,8159445,2036576,10370.662798609472,10550.752981786616,0.6955741563701887,0.7306365235480049,1.0,1.001690045955617
2117,20,总费用,10607095,4,8485676,2121419,8100904,2022322,10331.778699596158,10419.42123294565,0.6958269996891581,0.728883331686521,0.9999999999999994,1.0014951952243127
2118,30,总费用,10607095,4,8485676,2121419,8002788,1998164,10213.926445508114,10269.187268923051,0.6961652179528438,0.7280748127386829,1.0000000000000002,1.0012407476361171
2119,50,总费用,10607095,4,8485676,2121419,7846219,1959697,10081.708317976249,10151.937199117927,0.6967317224994055,0.7245547065644377,0.9999999999999999,1.0008887258061239
2120,100,总费用,10607095,4,8485676,2121419,7552834,1887236,9772.37389095811,9930.715192217664,0.6964733362317912,0.7226943520463099,0.9999999999999991,1.0005743566474379
2121,5,总费用,10607095,5,8485676,2121419,8103223,2015525,9690.24535589675,9917.842480451733,0.6260115763515852,0.6886164031842091,1.0,1.0036223708437864
2122,10,总费用,10607095,5,8485676,2121419,7932843,1975841,9535.176503610493,9747.967754388901,0.6279923800641816,0.6848978955955288,0.9999999999999996,1.0025186437758975
2123,15,总费用,10607095,5,8485676,2121419,7809564,1946243,9440.673724091059,9559.229376432068,0.6288890085342336,0.682763892229224,1.0000000000000013,1.0020572550778526
2124,20,总费用,10607095,5,8485676,2121419,7708757,1921917,9359.655118431026,9450.356385582938,0.6292591411037433,0.6808686034387383,1.0,1.0017846902848642
2125,30,总费用,10607095,5,8485676,2121419,7538381,1880525,9204.560067136634,9309.300484111924,0.629656979635654,0.6808724331608941,1.0000000000000004,1.0015531279879988
2126,50,总费用,10607095,5,8485676,2121419,7285780,1818495,8964.842741568633,9086.893423480942,0.6298357084939846,0.6795702727760528,0.9999999999999998,1.0011490293436087
2127,100,总费用,10607095,5,8485676,2121419,6851687,1711147,8627.444539716713,8799.370598636382,0.6292750960305245,0.6792279541449566,0.9999999999999994,1.0006199453776197
2128,5,总费用,10607095,6,8485676,2121419,8082079,2009996,9640.315956377783,9862.957373630437,0.6239767120773415,0.6878821045350061,1.0000000000000007,1.003643059782534
2129,10,总费用,10607095,6,8485676,2121419,7905511,1968891,9479.554858229256,9695.48104887919,0.6260358770106156,0.6842179511331005,0.9999999999999998,1.0025668048569512
2130,15,总费用,10607095,6,8485676,2121419,7778012,1938253,9375.633258837808,9499.968879325785,0.6269415265722235,0.6817869431131868,1.0000000000000002,1.002042313665678
2131,20,总费用,10607095,6,8485676,2121419,7673440,1913034,9288.64192219585,9390.976859208085,0.6273138399915976,0.680165186632135,1.0000000000000002,1.001805197062091
2132,30,总费用,10607095,6,8485676,2121419,7498616,1870557,9118.834584532322,9238.032144813747,0.6277534024550964,0.6801220829923769,1.0000000000000004,1.0015436836065186
2133,50,总费用,10607095,6,8485676,2121419,7239388,1806839,8880.11401500893,8979.474021579372,0.6279958377566709,0.678746100267263,1.0000000000000007,1.0010551961431249
2134,100,总费用,10607095,6,8485676,2121419,6795548,1696904,8540.64616743271,8657.32941069194,0.6274839102486242,0.6778050643063408,1.0000000000000007,1.0005767185252774
2135,5,总费用,10607095,7,8485676,2121419,7862078,1950713,9190.662712767871,9388.212944177865,0.5990873222060152,0.6727722880758742,1.0000000000000007,1.0043237302276822
2136,10,总费用,10607095,7,8485676,2121419,7617738,1894641,8993.241863335414,9168.120410901034,0.6018828732060523,0.6680793295567728,0.9999999999999998,1.0028712209757322
2137,15,总费用,10607095,7,8485676,2121419,7446758,1853803,8809.692205500012,9000.50748627609,0.6031921571002893,0.666415553151742,0.9999999999999993,1.0022954881856
2138,20,总费用,10607095,7,8485676,2121419,7308755,1820633,8709.745029399899,8887.092311146638,0.60390546140453,0.6651903923397922,1.0000000000000002,1.001926417358453
2139,30,总费用,10607095,7,8485676,2121419,7088269,1766824,8523.147397800505,8661.145227555928,0.6049865892789731,0.6648801678283415,1.0000000000000002,1.001510457326359
2140,50,总费用,10607095,7,8485676,2121419,6768499,1688318,8250.960519987451,8374.020616093674,0.6057836140478313,0.6656865588901757,1.0000000000000002,1.0011048252941046
2141,100,总费用,10607095,7,8485676,2121419,6242085,1558247,7843.9477121488835,7997.51693924357,0.6062443330251478,0.6686957274141546,0.9999999999999991,1.0007412866966447
2142,5,总费用,10607095,8,8485676,2121419,7780390,1929046,9037.461723773573,9277.241654125755,0.5927220068649541,0.6697608088655849,1.0000000000000004,1.0044969776031303
2143,10,总费用,10607095,8,8485676,2121419,7513752,1867790,8809.034836883257,9035.369382039726,0.5957791352725739,0.6642747931060637,0.9999999999999998,1.0029064096384535
2144,15,总费用,10607095,8,8485676,2121419,7327670,1823505,8665.971572463286,8882.446036489326,0.5972544451650483,0.66350160875872,1.0000000000000002,1.0023262180793906
2145,20,总费用,10607095,8,8485676,2121419,7178420,1787545,8566.835163255722,8713.373841149858,0.5980528087994396,0.6626379040316545,1.0000000000000004,1.0019506565469256
2146,30,总费用,10607095,8,8485676,2121419,6943498,1730141,8378.57848619478,8540.376258608614,0.5993034541852531,0.6624594747165344,0.9999999999999989,1.0015130227979077
2147,50,总费用,10607095,8,8485676,2121419,6599109,1645748,8049.130560334949,8213.616790696065,0.6001728904964542,0.6639014096401276,0.9999999999999999,1.001207765189862
2148,100,总费用,10607095,8,8485676,2121419,6045785,1508863,7635.79838838009,7804.815635108841,0.6008053219518734,0.6676060780153041,0.9999999999999997,1.0007068266575214
2149,5,总费用,10607095,9,8485676,2121419,7777552,1928319,9035.261270950063,9273.363530912266,0.5924264579598123,0.6698250763855884,1.0000000000000004,1.0044842752375933
2150,10,总费用,10607095,9,8485676,2121419,7510264,1866872,8807.09628623735,9031.132163128867,0.595484827749179,0.6643373333599754,0.999999999999999,1.0028836735356106
2151,15,总费用,10607095,9,8485676,2121419,7323818,1822512,8664.201285560086,8877.489835539103,0.5969702305014825,0.663571398199313,1.0000000000000007,1.0023024182454237
2152,20,总费用,10607095,9,8485676,2121419,7174349,1786481,8565.855425835947,8711.07452513715,0.5977797392630227,0.6627700521791672,1.0,1.0019309299266614
2153,30,总费用,10607095,9,8485676,2121419,6938847,1728932,8378.01833425729,8539.434127566077,0.5990199980978133,0.6626774587901554,1.0,1.0015207608915069
2154,50,总费用,10607095,9,8485676,2121419,6593979,1644475,8048.696293380108,8212.562053562231,0.5998997817131114,0.6641586889245527,0.9999999999999996,1.0012138506184374
2155,100,总费用,10607095,9,8485676,2121419,6040173,1507462,7635.060093315004,7805.50812277471,0.6004761133837877,0.6679128478121047,1.0000000000000004,1.0007125444956828
