,basy_yydj,basy_ssjczbm1_for_str_6,age_group,AGE-HAOCAI-only_operation-6-E,AGE-JCJY-only_operation-6-E,AGE-YP-only_operation-6-E,AGE-ZFY-only_operation-6-E,记录条数-only_operation-6
0,1,,0,187.98836222355052,784.9848953974895,1025.0807232516438,4656.237704722056,1673
1,1,,1,54.55159944367176,823.7817802503477,1254.0273296244784,3796.744993045897,719
2,1,,2,68.03422198041349,957.5582480957563,1606.4928182807398,5251.803264417846,919
3,1,,3,75.44241588156123,1012.4015006729476,1864.7855181695827,5397.970323014805,1486
4,1,,4,102.16995928338763,1000.5455985342021,1970.8008957654722,5648.942548859935,2456
5,1,,5,87.50125172890733,1034.9276953665283,1926.6871732365144,5343.49851659751,5784
6,1,,6,60.38920769230769,1085.3737711538463,2022.911326923077,4850.929996153846,5200
7,1,,8,57.42080094576622,1157.0798817792227,2074.7276015959806,4885.76182207773,6767
8,1,,9,71.14013741833746,1325.4721896823607,2369.592203198919,5934.111581437261,4439
96,1,04.490,5,229.99545454545452,1392.5545454545454,2838.3645454545454,10129.311818181817,22
110,1,04.810,4,84.18,826.4621276595745,834.9248936170213,3942.0842553191487,47
111,1,04.810,5,79.15941860465117,888.6989534883721,820.5532558139535,4524.731279069768,86
112,1,04.810,6,97.34553571428572,894.4180357142858,1027.4089285714285,4561.885,56
113,1,04.810,8,76.45258064516128,1055.8654838709676,1117.1319354838708,4316.96806451613,62
127,1,06.110,4,10272.2875,1754.8285714285714,2223.522142857143,19368.28107142857,28
128,1,06.110,5,11674.771515151515,1843.2121212121212,2528.197272727273,22036.98393939394,33
168,1,08.490,8,131.22642857142856,589.6616071428572,311.26982142857145,1902.2364285714286,56
191,1,09.810,5,612.7695833333333,670.80625,909.0233333333332,3832.8212499999995,24
222,1,11.320,5,410.7392857142857,676.6254761904762,347.95500000000004,2496.7107142857144,42
223,1,11.320,6,402.81844827586207,608.2518965517241,224.3991379310345,2169.718448275862,58
224,1,11.320,8,555.6111320754717,546.9707547169811,175.36037735849058,2120.9,53
229,1,11.390,4,279.6903333333333,432.4633333333333,177.57000000000002,2073.6933333333336,30
230,1,11.390,5,273.2286206896552,468.3043103448276,222.23120689655173,2375.176724137931,58
231,1,11.390,6,295.8540860215054,550.8655913978495,184.98172043010752,2104.5182795698925,93
232,1,11.390,8,333.8678823529412,591.5130588235294,172.72211764705884,2196.6716470588235,85
258,1,13.410,4,2987.4722950819673,679.191475409836,193.01622950819672,7191.867540983606,61
259,1,13.410,5,2948.0538315789477,687.2278736842105,172.71496842105265,6675.359789473684,475
260,1,13.410,6,2209.232070063694,720.2244458598727,171.07738853503184,5350.787025477707,1570
261,1,13.410,8,1990.1851132075471,699.4029094339622,165.18818490566036,5043.378279245283,2650
262,1,13.410,9,1899.0060956790123,694.9224537037037,171.1803240740741,4993.196296296296,648
269,1,13.700,6,2533.7761379310346,644.1862068965518,295.07724137931035,4786.081655172414,145
270,1,13.700,8,2598.2892063492063,625.1984126984127,293.88698412698415,4837.116666666666,126
271,1,13.700,9,2624.2400000000002,621.725,292.43224999999995,4847.11725,40
274,1,13.710,5,2347.4021296296296,600.8833333333333,190.14981481481482,4872.120277777778,108
275,1,13.710,6,2078.5425872093024,567.4997093023255,151.8442441860465,4575.721598837209,344
276,1,13.710,8,1870.719107505071,542.1529411764707,147.42851926977687,4356.920385395538,493
277,1,13.710,9,1754.7385039370079,540.4574803149607,127.8359842519685,4384.421102362205,127
310,1,14.740,5,3449.928181818182,831.0636363636363,385.7184848484848,9702.59303030303,33
311,1,14.740,6,3688.1473333333333,688.1133333333333,373.173,11702.010666666667,30
312,1,14.740,8,4975.928333333333,711.4708333333333,299.17875,10367.70375,24
318,1,14.790,5,1.216,579.872,178.6636,1824.9979999999998,25
319,1,14.790,6,1.5199999999999998,565.2181818181817,355.5531818181818,1781.5445454545456,22
352,1,17.912,4,181.94371428571426,665.87,1232.474,4251.644857142857,35
353,1,17.912,5,51.3944776119403,587.4373134328358,1102.840447761194,3661.9744776119405,67
354,1,17.912,6,30.28255319148936,808.4595744680851,1293.769574468085,4371.636170212766,47
355,1,17.912,8,53.18627450980392,734.2313725490196,1535.5398039215686,4770.776666666667,51
363,1,17.920,5,63.895833333333336,1317.3999999999999,1991.1666666666667,5205.92875,24
377,1,17.950,4,30.493793103448272,679.4241379310345,1828.0213793103446,3908.3837931034486,29
378,1,17.950,5,25.99326530612245,725.645918367347,2022.807244897959,4006.9405102040814,98
379,1,17.950,6,32.644603174603176,777.5936507936508,1847.9571428571428,3989.408095238095,63
380,1,17.950,8,31.85322033898305,959.7728813559322,2001.0683050847458,4311.722372881356,59
381,1,17.950,9,84.58380952380952,932.695238095238,1817.7038095238095,4459.120952380952,21
408,1,17.970,8,139.77904761904762,646.9047619047619,1716.61,3247.99,21
427,1,17.983,1,3457.9325,451.6714285714285,5301.520357142857,11131.915714285715,28
428,1,17.983,2,4177.604444444445,435.51111111111106,5143.007777777778,11403.36888888889,54
429,1,17.983,3,4181.384285714285,475.2392857142857,5658.732857142857,12063.161785714285,28
430,1,17.983,4,3739.445,493.68333333333334,5680.220476190477,11624.498095238096,42
431,1,17.983,5,3938.6678378378374,558.7972972972973,5196.689189189189,11647.15891891892,37
545,1,22.530,4,1272.940769230769,1385.0,3285.6319230769227,10425.850384615384,26
546,1,22.530,5,1183.16,1154.1655172413793,2961.5886206896553,9667.113793103448,29
606,1,30.090,5,1033.4090476190477,953.104761904762,1720.411904761905,6113.983333333333,21
685,1,38.590,4,694.6328,1369.754,2373.2332,15015.393999999998,50
686,1,38.590,5,1066.8089333333332,1452.1926666666666,2533.772,16578.0898,150
687,1,38.590,6,980.9357142857143,1509.4290476190474,2515.1382857142858,15881.210380952381,105
688,1,38.590,8,1260.3801851851852,1569.6729629629629,2516.8168518518523,16151.107592592594,54
742,1,39.500,5,7423.784054054055,979.0864864864864,637.2005405405406,12340.901351351351,37
755,1,39.790,4,9144.14,2039.5,4986.559310344827,21986.475172413793,29
756,1,39.790,5,8855.22744680851,1990.6382978723404,3879.3025531914896,19619.65765957447,47
757,1,39.790,6,9385.67125,1995.1666666666667,3807.2395833333335,21621.806666666667,24
764,1,39.950,4,618.7043749999999,992.2716666666666,3245.3700000000003,8416.917916666667,48
765,1,39.950,5,433.2027678571429,1049.116875,3195.6154464285714,9092.550803571428,112
766,1,39.950,6,370.92,1133.1711267605633,2122.2676056338028,6384.215492957746,71
767,1,39.950,8,700.4535483870968,1558.6409677419356,3206.198225806452,10388.742096774195,62
768,1,39.950,9,663.1371428571429,1972.3761904761905,5758.400952380953,17101.29,21
779,1,39.970,5,22.49709677419355,1523.0851612903225,4022.737741935484,18510.12225806452,31
809,1,43.410,2,340.72214285714284,413.47499999999997,4056.207142857143,5892.911428571429,28
810,1,43.410,3,288.5267857142857,578.4892857142856,4045.433571428571,6078.606785714285,28
811,1,43.410,4,255.20227848101266,644.3740506329115,2784.512405063291,5140.149873417722,79
812,1,43.410,5,325.1700625,739.5766249999999,2570.8540625,5163.907,160
813,1,43.410,6,276.53945205479454,869.1897260273972,2348.742328767123,5059.4841095890415,73
814,1,43.410,8,296.4559523809524,1034.990476190476,1777.8647619047617,4588.770476190476,42
826,1,44.130,3,36.96142857142858,1346.4704761904763,1031.7857142857142,3556.688571428571,21
827,1,44.130,4,98.48702702702703,1302.8791891891892,1569.375135135135,4640.67054054054,37
828,1,44.130,5,85.65545454545455,1125.8186868686869,1252.2354545454546,3659.722929292929,99
829,1,44.130,6,91.53055555555555,1302.5626666666667,1720.7888888888888,4177.024888888889,90
830,1,44.130,8,80.20902777777778,1472.23875,1933.117638888889,4687.286944444444,72
841,1,45.130,5,96.15935483870967,1499.2425806451613,801.1787096774194,2983.381935483871,31
868,1,45.420,4,787.1314705882353,741.6176470588235,2381.3032352941177,5583.9976470588235,34
869,1,45.420,5,805.4014516129032,730.3,2089.527258064516,5764.476774193548,62
870,1,45.420,6,611.9725,750.13125,2727.5950000000003,6151.015,32
876,1,45.430,5,442.8285714285714,1281.6228571428571,1058.8462857142858,4481.825428571428,35
916,1,48.360,5,957.5037037037038,805.9814814814815,3117.7551851851854,6963.084074074074,27
933,1,49.040,2,3570.50696969697,415.71515151515155,4238.23,10863.55696969697,33
934,1,49.040,3,2737.0359259259258,536.5251851851853,4677.087777777778,10561.069259259259,27
959,1,49.450,1,3067.1753333333336,551.0733333333334,2463.7696666666666,7931.902,30
960,1,49.450,2,3162.149047619048,606.9261904761905,3062.139285714286,8926.619523809524,42
961,1,49.450,3,3524.1755555555555,627.1548148148148,3151.94037037037,10345.85074074074,27
962,1,49.450,4,2606.2856,691.6432,4119.284000000001,13457.444,25
963,1,49.450,5,1885.3753846153847,681.3230769230769,2743.93,7619.415384615385,26
968,1,49.460,3,1538.235,412.1318181818182,2905.101818181818,6636.004999999999,22
969,1,49.460,4,2117.7880952380956,496.99047619047616,3588.4083333333333,9437.128333333334,42
970,1,49.460,5,1663.8612280701755,460.1061403508772,2978.2328070175436,7202.638596491229,57
977,1,49.490,2,8582.515833333333,666.5333333333333,3050.1783333333333,14521.050833333335,36
978,1,49.490,3,7614.4165625000005,587.34375,3886.600625,14363.2703125,32
979,1,49.490,4,7844.792777777777,630.7427777777777,4120.765555555556,14706.829722222223,36
980,1,49.490,5,6922.596071428571,638.1692857142856,3658.980892857143,13273.790714285715,56
1009,1,51.040,5,3427.655925925926,2203.0851851851853,7749.09888888889,18410.905925925927,27
1025,1,51.230,3,1820.0925000000002,1632.9454545454546,4035.0143181818185,10751.78,44
1026,1,51.230,4,1629.3345283018866,1418.8681132075471,2904.1884905660377,8768.066226415094,53
1027,1,51.230,5,1372.075172413793,1371.0685344827587,3104.174396551724,9052.869655172415,116
1028,1,51.230,6,1403.360925925926,1441.9492592592592,2703.58,8676.85925925926,54
1029,1,51.230,8,1461.5936666666666,1274.4540000000002,2618.248,8281.612333333333,30
1107,1,54.510,2,1346.4223076923076,611.243076923077,1078.07,16985.972923076923,65
1108,1,54.510,3,1493.3513095238095,608.7690476190476,1044.8882142857142,17246.87523809524,84
1109,1,54.510,4,1246.6166666666666,698.6416666666668,1130.1154166666668,15692.270416666666,24
1149,1,56.0x0,2,4669.851304347826,2054.8826086956524,4105.266956521739,14302.523043478262,23
1150,1,56.0x0,3,5863.293214285714,1993.2964285714286,4852.385714285714,17065.882142857143,56
1151,1,56.0x0,4,6046.084852941177,2067.9732352941173,4579.754852941177,16867.043529411763,68
1152,1,56.0x0,5,5356.2375,1939.9416666666668,4318.651944444444,15841.980185185186,108
1153,1,56.0x0,6,5454.6114705882355,2086.3029411764705,4191.638823529412,15573.254411764707,34
1184,1,57.940,8,655.0150000000001,2340.792857142857,3059.692857142857,7777.186428571428,28
1185,1,57.940,9,830.0003703703703,3114.9333333333334,3481.4114814814816,9968.476296296296,27
1206,1,59.8x0,4,3116.6431818181823,1823.6454545454544,3320.490909090909,10051.887272727272,22
1207,1,59.8x0,5,5082.019047619047,1442.5714285714287,3430.6042857142857,11915.151904761904,21
1220,1,60.290,8,1483.7304545454544,1741.3272727272727,3829.3936363636367,11590.751818181818,22
1296,1,66.790,2,89.94863636363635,629.3590909090909,1866.0140909090908,15694.677045454546,44
1297,1,66.790,3,106.59727272727272,664.4424242424242,1723.4445454545455,15620.122424242423,33
1395,1,71.710,2,647.1397435897436,2081.7479487179485,659.5899999999999,17115.166153846152,39
1396,1,71.710,3,806.7985714285714,2099.9089285714285,583.74,19686.63357142857,28
1412,1,73.6x0,2,659.6935714285714,1721.162857142857,739.5645238095237,13321.168333333331,42
1422,1,74.1x0,2,845.4603157894737,1378.7919298245615,1183.029087719298,15215.515543859648,285
1423,1,74.1x0,3,1062.3032882882883,1899.9935585585586,1433.1960810810813,20799.45644144144,222
1433,1,75.690,2,638.6363636363636,1845.737121212121,635.5489393939393,12827.906666666666,66
1434,1,75.690,3,736.6734426229508,2981.1680327868853,651.5447540983607,20545.541311475412,61
1553,1,78.610,5,501.85923076923075,677.0480769230769,1127.5996153846154,3958.108846153846,26
1593,1,78.670,5,928.5831481481481,842.442962962963,1106.1148148148147,4936.926666666666,54
1600,1,78.680,5,608.7234782608696,777.1613043478261,1197.3847826086956,4437.932608695652,23
1605,1,78.690,5,572.5233333333333,856.0457142857142,1460.817142857143,5537.863333333334,21
1711,1,79.360,4,9280.261904761905,1601.3576190476192,4182.275714285714,18656.125714285714,21
1712,1,79.360,5,7037.28,1654.8058620689656,3621.6377586206895,16525.67896551724,58
1713,1,79.360,6,7724.016785714286,2165.9392857142857,3746.785,18244.526785714286,28
1731,1,79.390,5,5849.613888888889,1778.6308333333334,3085.9025,15437.971666666666,36
1732,1,79.390,6,4760.401818181818,1448.6786363636363,2803.623181818182,11875.904545454545,22
1780,1,80.160,4,103.81785714285715,1465.0714285714287,5566.0775,34786.07214285714,28
1781,1,80.160,5,74.3014,1358.116,5242.2634,22802.6964,50
1807,1,80.410,1,0.0,719.7666666666665,540.1091666666666,16727.2425,24
1822,1,80.450,1,280.6896551724138,858.1482758620689,1757.646551724138,14174.105172413792,29
1823,1,80.450,2,0.0,885.7516129032258,2503.513870967742,14696.47193548387,31
1824,1,80.450,3,203.5,932.0799999999999,2866.607,15903.492000000002,40
1825,1,80.450,4,1356.6666666666667,920.3249999999999,3002.99875,17460.269583333335,24
1853,1,80.520,4,334.86619047619047,760.6904761904761,823.8904761904762,4419.700952380952,21
1854,1,80.520,5,222.02208333333337,842.0833333333334,927.8229166666666,4897.452916666666,24
1861,1,80.590,4,1328.4572727272728,1128.8053030303029,2533.521060606061,8171.360151515152,66
1862,1,80.590,5,1484.334765625,1186.638515625,2174.681640625,7775.290390625,128
1863,1,80.590,6,828.3902040816328,1169.9004081632652,2176.6369387755103,6329.664489795919,49
1864,1,80.590,8,1075.122,1283.7551428571428,2352.016285714286,7626.5371428571425,35
1937,1,81.510,6,19871.3412,2200.804,3850.1112,32458.886400000003,25
1938,1,81.510,8,22890.820869565217,2485.6782608695653,4647.3026086956515,37327.74260869565,23
1942,1,81.520,9,13414.390000000001,2751.0730769230768,4169.6884615384615,29801.405384615387,26
1945,1,81.540,6,20308.739583333332,2262.7374999999997,4611.64,35114.722916666666,24
1946,1,81.540,8,18724.047142857144,2178.882857142857,3275.603809523809,29595.477142857144,21
1955,1,81.660,8,6845.854146341464,1737.9309756097562,1638.0685365853658,12988.577560975611,41
1956,1,81.660,9,6149.364545454545,1658.1340909090907,1729.598181818182,12311.441363636364,22
1966,1,81.910,5,86.34391304347827,956.5749999999999,1584.378260869565,4474.470869565217,46
1967,1,81.910,6,85.73428571428572,1020.2175,2131.005357142857,5411.413214285714,28
1968,1,81.910,8,85.26277777777779,1221.0166666666667,1981.6538888888888,4919.783888888889,36
1972,1,81.920,3,232.42526315789473,1303.4923684210526,2708.096052631579,10300.73605263158,38
1973,1,81.920,4,199.98717391304348,1302.0989130434782,2593.8038043478264,10242.067065217392,92
1974,1,81.920,5,155.12795620437956,1229.4817518248176,2086.744817518248,8591.502481751826,137
1975,1,81.920,6,248.61055555555555,990.5291666666667,1915.819722222222,6870.394444444445,72
1976,1,81.920,8,220.60863636363638,960.5166666666667,1729.394090909091,6470.922575757576,66
2077,1,83.910,3,45.800555555555555,1050.3694444444445,2001.9144444444444,6718.325277777778,36
2078,1,83.910,4,38.24341666666667,875.3970833333333,1484.18575,5564.2685833333335,120
2079,1,83.910,5,43.93116379310345,878.852801724138,1531.5163362068965,5477.01198275862,232
2080,1,83.910,6,37.106814159292036,846.5065486725664,1403.2707079646018,4981.029734513274,113
2081,1,83.910,8,41.647909090909096,879.5868181818182,1346.9746363636364,4740.308454545455,110
2082,1,83.910,9,61.72652173913043,1007.5647826086957,1944.6421739130433,5484.339130434782,23
2160,1,86.220,5,8579.960000000001,1105.88,5283.795333333333,21020.536,30
2184,1,86.3x0,5,438.0027027027027,1264.7243243243245,3523.764864864865,15386.601621621621,37
2185,1,86.3x0,6,131.02761904761905,1188.3242857142857,2207.997619047619,12809.717142857142,21
2295,1,89.540,8,28.57861111111111,2443.0180555555553,1989.747222222222,8242.806666666665,36
2296,1,89.540,9,15.751724137931035,3208.3275862068967,2531.6655172413793,9367.322413793103,29
2306,1,92.240,5,596.75,2183.5875,2820.6783333333333,24401.87166666667,24
2314,1,92.270,5,5016.09,1661.5304347826086,25540.511304347827,37177.39695652174,23
2315,1,92.270,6,2745.343043478261,1459.5521739130434,25041.51826086957,34741.01695652174,23
2360,1,93.350,5,42.69260869565217,867.2565217391304,1874.4619565217392,3862.8404347826086,46
2361,1,93.350,6,153.12545454545455,1134.331818181818,2276.180909090909,4879.191818181818,44
2362,1,93.350,8,45.80391304347826,1141.5152173913043,1713.6078260869567,4446.460869565218,46
2389,1,93.390,5,1.8846153846153846,1066.5923076923077,1386.616923076923,4994.91923076923,26
2422,1,93.540,5,178.57384615384615,850.0282051282051,1424.7035897435899,3338.6402564102564,39
2423,1,93.540,6,394.8188461538461,1032.8234615384615,1739.4146153846154,4396.098076923077,26
2424,1,93.540,8,317.85166666666663,1208.3333333333333,2164.0925,5257.211666666667,24
2449,1,93.940,6,34.0558064516129,954.2951612903227,1895.1635483870969,3726.621935483871,31
2450,1,93.940,8,45.326578947368425,1409.5815789473684,2420.984736842105,4820.866578947368,38
2456,1,93.960,5,54.89769230769231,1082.6461538461538,1753.0561538461538,3556.1969230769228,39
2457,1,93.960,6,73.16279069767442,1424.1116279069765,2154.4368604651163,5023.335,86
2458,1,93.960,8,81.3084375,1481.5362499999999,2102.045,4892.046375,160
2459,1,93.960,9,74.65390410958904,1591.1859589041096,2246.922328767123,5644.20705479452,146
2486,1,97.620,3,249.58692307692309,693.3461538461538,1522.253076923077,3591.3399999999997,26
2487,1,97.620,4,652.0648,693.1832,1427.388,4031.722,25
2488,1,97.620,5,233.85761904761907,673.7095238095238,1476.297619047619,3672.535238095238,21
2512,1,98.510,2,39.55027777777778,599.8391666666666,1054.02875,2650.988611111111,72
2513,1,98.510,3,29.6165625,623.9578125,1212.826328125,2880.213125,128
2514,1,98.510,4,66.856375,672.4399999999999,1204.550125,3003.6100625,160
2515,1,98.510,5,44.06012711864406,672.6040677966101,1222.8438559322035,2997.2691949152545,236
2516,1,98.510,6,16.644651162790698,711.2581395348836,1166.9301162790698,3100.240465116279,86
2536,1,99.250,4,7050.216111111111,1967.9166666666667,3667.3652777777775,17039.053333333333,36
2537,1,99.250,5,7557.063373493976,1850.4240963855423,2457.4191566265063,16068.206265060242,83
2538,1,99.250,6,5221.7020779220775,1612.0493506493508,2437.348441558441,13152.041168831169,77
2539,1,99.250,8,8412.878372093024,1979.9511627906975,2678.1253488372095,17823.627209302325,43
2552,1,99.290,5,138.7,784.6252380952382,1692.385238095238,5597.840476190476,21
2580,1,99.920,2,32.51032258064516,774.5999999999999,1724.0012903225806,4753.808064516129,31
2581,1,99.920,3,55.516639344262295,735.0987704918033,1873.6660655737705,4938.7807377049185,122
2582,1,99.920,4,39.467090301003346,815.8423076923077,1911.024849498328,5105.155518394648,299
2583,1,99.920,5,33.51808759124088,908.7517226277373,1896.5435328467154,5042.695474452555,685
2584,1,99.920,6,30.44953346855984,1006.2060649087222,1708.891196754564,4950.035801217038,493
2585,1,99.920,8,31.914958506224067,1126.594398340249,1764.3092323651454,5423.118734439834,482
2586,1,99.920,9,62.832960526315794,1696.0017763157894,2207.940789473684,8958.458552631579,152
2587,2,,0,70.36917404972849,534.0871248928265,698.3880280080023,1941.5944955701627,3499
2588,2,,1,38.949381933438985,664.3398679344956,748.9682197569995,2092.612614896989,1893
2589,2,,2,36.02244152880776,765.8983228750714,809.568014831717,2378.654848830576,1753
2590,2,,3,41.032376873661676,909.1352334047109,1102.8139914346896,2948.646548179872,2335
2591,2,,4,40.94102526866106,1068.3673482428114,1416.1443857101365,3909.304353761255,3443
2592,2,,5,50.905540983606556,1212.247262295082,1566.8909275956285,4229.643049180328,7320
2593,2,,6,51.8028998940678,1313.7452767478815,1792.8503138241526,4432.357534427966,7552
2594,2,,8,55.18438610662359,1401.8241983037155,1958.531784127625,4731.823205775444,9904
2595,2,,9,64.30822358630952,1474.8660267857142,1966.5403236607142,4990.691569940476,5376
2643,2,03.530,5,12638.208846153846,3125.8123076923075,4382.923461538461,27868.34076923077,26
2705,2,04.810,3,21.74909090909091,726.190909090909,1162.8677272727273,4272.152272727273,22
2706,2,04.810,4,24.139914529914527,993.4547008547008,1038.4251282051282,4616.469658119658,117
2707,2,04.810,5,33.56378151260504,1046.0306722689074,1116.936554621849,5086.835210084034,238
2708,2,04.810,6,35.95984126984127,1092.3603174603174,1225.0217989417988,5126.516455026455,189
2709,2,04.810,8,38.636,1139.0275,1247.7573125000001,5227.3718125,160
2710,2,04.810,9,27.18128205128205,1277.179487179487,1347.474871794872,5222.6453846153845,39
2810,2,13.410,4,4172.868965517241,613.4931034482759,181.85275862068963,7754.609655172413,29
2811,2,13.410,5,3183.850838323353,609.6449101796406,174.46634730538923,6701.946886227544,167
2812,2,13.410,6,2555.416625310174,652.8645161290323,156.94007444168733,5658.905955334988,403
2813,2,13.410,8,2406.6502044293015,635.6555366269165,159.2698807495741,5383.387291311755,587
2814,2,13.410,9,2260.1222857142857,610.7185714285715,161.93935714285712,5166.295428571429,140
2823,2,13.710,5,2469.210714285714,811.1357142857142,219.31714285714287,5192.420714285714,28
2824,2,13.710,6,1886.951686746988,827.9963855421687,183.3101204819277,4450.198554216867,83
2825,2,13.710,8,1845.6877586206895,814.0466091954022,198.38758620689657,4469.186896551724,174
2826,2,13.710,9,1819.1628,805.26,188.49419999999998,4377.8009999999995,50
2906,2,17.920,4,29.794999999999998,901.8739130434782,1282.1941304347827,4415.707826086957,46
2907,2,17.920,5,26.795263157894738,953.8065789473685,1487.8009210526316,4893.001315789474,76
2908,2,17.920,6,22.177704918032784,1093.9098360655737,1335.4768852459015,4659.117868852459,61
2909,2,17.920,8,41.45463414634147,1436.4512195121952,1380.3534146341462,5022.630975609756,41
2929,2,17.950,3,25.953142857142858,715.7885714285713,1197.5511428571428,3401.978,35
2930,2,17.950,4,28.151739130434784,805.8985507246376,1300.813188405797,3925.8223188405796,69
2931,2,17.950,5,31.8564880952381,985.4708333333334,1475.166488095238,4262.933095238095,168
2932,2,17.950,6,50.714222222222226,1221.5970370370371,1644.6531111111112,5150.198296296297,135
2933,2,17.950,8,54.32,1525.0939393939393,1883.5075,5401.954545454545,132
2934,2,17.950,9,72.37871794871795,1913.9820512820513,2011.5096153846155,5891.465128205128,78
2948,2,17.970,5,222.41,936.1581081081081,1503.9232432432434,4300.305270270271,74
2949,2,17.970,6,102.19552631578948,998.7368421052631,1347.3097368421054,3854.6128947368425,38
2950,2,17.970,8,148.57711111111112,1119.9266666666665,1363.6044444444444,4085.828666666667,45
3209,2,30.090,5,741.2633333333333,1061.6761904761904,1330.8871428571429,6040.644285714286,21
3253,2,33.220,5,50.94379310344827,2886.1689655172413,2305.8458620689653,9137.645517241379,29
3254,2,33.220,6,51.823750000000004,3830.546875,2202.864375,10738.130625,32
3255,2,33.220,8,121.77304347826087,4944.904347826087,3208.793913043478,12813.677391304345,23
3267,2,33.240,8,172.4480769230769,2503.25,2824.670384615385,8071.114615384616,26
3278,2,34.040,8,465.48625,2416.5291666666667,2837.7570833333334,8701.541666666666,24
3293,2,34.910,6,361.78238095238095,2229.1190476190477,2893.7766666666666,7373.214285714285,21
3294,2,34.910,8,277.2951219512195,2578.0853658536585,2976.308780487805,8615.388292682926,41
3320,2,38.590,5,896.5954838709678,1589.0048387096774,1504.1641935483872,7340.339354838709,31
3321,2,38.590,6,919.5607692307693,1500.853846153846,1252.0996153846154,6825.455384615385,26
3388,2,39.950,4,2462.54875,1591.5783333333331,4345.095833333334,17275.568750000002,24
3389,2,39.950,5,837.0531818181819,1343.2257575757576,2311.945909090909,9256.756666666666,66
3390,2,39.950,6,475.4751428571429,1449.7745714285713,3113.665428571429,9401.411142857141,35
3391,2,39.950,8,476.30699999999996,1338.61375,2260.3650000000002,7086.28075,40
3439,2,43.410,4,244.57491803278688,1222.22131147541,1219.8967213114754,4893.482131147542,61
3440,2,43.410,5,208.1856886227545,1243.8383233532934,1065.1154491017965,4818.024910179641,167
3441,2,43.410,6,305.54161616161616,1534.329292929293,1184.310707070707,4969.583333333333,99
3442,2,43.410,8,289.5866,1414.852,1308.3524,4819.8502,50
3455,2,44.130,3,57.28720930232558,1206.5511627906976,1205.4825581395348,3524.167209302326,43
3456,2,44.130,4,67.94308270676692,1382.9172932330828,1193.657969924812,3664.004962406015,133
3457,2,44.130,5,70.29405594405594,1590.9025524475524,1418.3705594405594,4123.182902097902,286
3458,2,44.130,6,58.10153256704981,1589.1127969348659,1570.9799233716476,4399.300996168583,261
3459,2,44.130,8,78.55716101694917,1759.4275423728814,1762.0588559322034,4922.65813559322,236
3460,2,44.130,9,85.36148936170213,2049.51914893617,2138.752765957447,5952.441063829787,47
3465,2,44.140,6,113.59304347826087,1747.6521739130435,1658.4308695652176,4887.703478260869,23
3466,2,44.140,8,82.87870967741937,1795.7516129032258,1257.0783870967741,4442.829032258065,31
3488,2,45.130,5,59.69207547169811,1730.0575471698114,1505.4939622641512,4240.242452830189,53
3489,2,45.130,6,86.9782857142857,1836.5314285714285,1541.5639999999999,4603.63,35
3490,2,45.130,8,86.93459459459459,2083.7783783783784,1507.2305405405405,4716.925675675676,37
3502,2,45.230,4,336.2442307692308,1488.0653846153846,1072.9007692307691,4245.225384615384,26
3503,2,45.230,5,62.942807017543856,1495.4142105263159,946.7271929824561,3540.504385964912,57
3504,2,45.230,6,96.24371428571428,1631.7257142857143,1424.1168571428573,4517.792571428571,35
3505,2,45.230,8,77.17551724137931,1635.9689655172413,1364.213793103448,4128.919310344828,29
3530,2,45.420,4,472.60117647058826,1351.6960784313726,952.4080392156862,4481.146078431373,51
3531,2,45.420,5,408.6362727272727,1448.3418181818183,1049.3156363636365,4949.620818181818,110
3532,2,45.420,6,386.5188405797101,1614.4478260869564,1439.7130434782607,5504.121014492754,69
3533,2,45.420,8,506.314,1586.6,1252.1592500000002,5401.664,40
3536,2,45.430,4,864.8785714285715,1200.661904761905,1049.6557142857143,5584.953333333334,21
3537,2,45.430,5,608.4625714285714,1463.0258571428571,1064.6114285714286,5245.740857142857,70
3538,2,45.430,6,585.0379069767442,1569.6953488372092,1167.763023255814,5751.560697674418,43
3539,2,45.430,8,595.9350000000001,1933.08125,1540.836875,6292.500625,32
3570,2,47.010,0,1300.8804,1005.596,1117.0548000000001,6379.9816,25
3571,2,47.010,1,1004.9025274725275,1114.5592307692307,1347.6321978021979,6248.026813186814,91
3572,2,47.010,2,1176.0872727272726,1083.0669696969696,1592.391212121212,6594.8154545454545,33
3573,2,47.010,3,1134.1614285714286,1274.7097619047618,1805.5402380952382,7131.2978571428575,42
3574,2,47.010,4,1153.0484057971014,1596.231884057971,2059.34115942029,7907.263623188405,69
3575,2,47.010,5,1214.5602150537636,1455.1327956989248,1577.9140860215055,7144.449892473118,93
3576,2,47.010,6,1122.0678048780487,1812.5139024390246,1953.17,8122.157804878048,41
3577,2,47.010,8,1205.3076923076924,1793.1153846153845,1676.7923076923075,7554.808461538461,26
3610,2,48.360,4,299.9814285714286,1322.4547619047619,820.0459523809524,4958.0723809523815,42
3611,2,48.360,5,223.82433333333333,1310.7077777777777,1045.9969999999998,5142.847,90
3612,2,48.360,6,269.11673076923074,1311.7634615384616,1033.2503846153847,4764.211346153846,52
3613,2,48.360,8,279.3476923076923,1589.0076923076922,1283.1465384615383,6291.626538461539,26
3669,2,49.390,5,304.01238095238097,900.9952380952382,521.6390476190476,4860.675714285714,21
3682,2,49.450,3,1128.1628125,832.06125,1131.943125,5623.9990625,32
3683,2,49.450,4,962.8643902439024,892.1829268292682,2282.630731707317,8761.180731707316,41
3684,2,49.450,5,1004.9079245283019,920.066037735849,1286.7483018867924,5879.449056603773,53
3689,2,49.460,2,894.9347222222223,943.9499999999999,2025.3055555555557,6302.098333333333,36
3690,2,49.460,3,513.3136170212766,1026.4851063829788,1923.3302127659576,5736.971702127659,47
3691,2,49.460,4,797.2523170731707,1055.7341463414634,1658.49,6615.925121951219,82
3692,2,49.460,5,555.945775862069,1047.0077586206896,1519.6355172413794,5984.7814655172415,116
3693,2,49.460,6,435.38521739130437,1106.7010869565217,1811.8882608695653,6065.631304347826,46
3694,2,49.460,8,397.78173913043474,1162.047391304348,2438.0491304347825,6880.2047826086955,23
3702,2,49.490,3,3585.838666666667,847.3833333333333,1650.8509999999999,9843.047666666667,30
3703,2,49.490,4,3429.311818181818,891.5113636363636,1760.5011363636365,9992.050909090909,44
3704,2,49.490,5,3860.0842857142857,851.630612244898,1744.9189795918367,10383.99306122449,49
3756,2,51.230,2,1445.9662790697676,1317.356046511628,2082.7599999999998,8213.54976744186,43
3757,2,51.230,3,1199.599898989899,1500.8553535353535,1847.111616161616,8037.246262626262,99
3758,2,51.230,4,1186.9298076923076,1348.7530128205128,1866.8314102564104,7790.829166666667,156
3759,2,51.230,5,1237.7692673992674,1558.4480586080585,2036.2569597069598,8162.740805860807,273
3760,2,51.230,6,1300.2075625,1626.518875,1975.1819375,8236.273875,160
3761,2,51.230,8,1340.721170212766,1844.3932978723403,2396.037553191489,9051.780106382977,94
3824,2,53.050,6,1577.1008333333332,1108.2666666666667,1033.5704166666667,6077.173750000001,24
3825,2,53.050,8,1447.6964285714287,920.6953571428572,1273.3739285714287,6016.53,28
3906,2,55.040,5,4698.918461538462,2229.4488461538463,2821.825961538462,16015.295384615385,52
3921,2,56.0x0,2,2998.199696969697,1294.379090909091,1377.4942424242424,8806.280303030304,33
3922,2,56.0x0,3,2798.134285714286,1481.0182857142856,1523.3318571428572,9377.077142857142,70
3923,2,56.0x0,4,3100.786489361702,1521.757340425532,1538.1241489361703,9352.433085106382,94
3924,2,56.0x0,5,2575.959005524862,1534.985359116022,1756.429281767956,9501.13955801105,181
3925,2,56.0x0,6,2269.0901754385964,1992.8501754385966,1765.1566666666665,9624.071754385965,57
3926,2,56.0x0,8,2450.3234375,1693.7962499999999,1787.5503125,9186.0596875,32
3979,2,57.940,5,211.60782608695655,2046.378260869565,3910.2543478260873,8157.962608695651,23
3980,2,57.940,6,229.78980769230768,2176.1980769230768,4225.296730769231,9045.598076923077,52
3981,2,57.940,8,187.17984962406015,1913.1447368421052,4269.759323308271,8868.836691729324,133
3982,2,57.940,9,194.4152032520325,1968.4254471544714,3533.6632520325206,7962.248861788617,123
4009,2,59.8x0,5,1620.624722222222,1344.7680555555555,1312.8433333333332,6200.931666666667,36
4026,2,60.290,6,1282.9284615384615,1444.7584615384617,2997.194358974359,9521.794102564101,39
4027,2,60.290,8,1216.625135135135,1903.7518918918918,2920.9781081081082,9871.428918918918,74
4070,2,65.250,3,1137.452142857143,1697.582142857143,1916.2242857142858,9100.935357142856,28
4153,2,67.320,3,83.93404761904762,969.2819047619047,1278.6535714285715,3529.434761904762,42
4154,2,67.320,4,132.43571428571428,1037.3755714285714,1231.946,3695.7275714285715,70
4155,2,67.320,5,107.63250000000001,1045.6338461538462,916.9944230769231,3343.7725,52
4171,2,68.120,4,434.86551724137934,1369.7206896551725,1088.2,4431.598275862069,29
4193,2,68.291,3,451.49057692307696,1269.4978846153847,981.3023076923077,5624.570769230769,52
4194,2,68.291,4,662.8609677419355,1289.5954838709679,1194.2186021505377,6254.541397849463,93
4195,2,68.291,5,422.6754,1284.8792,1040.588,5943.0616,50
4227,2,69.010,2,75.06333333333333,542.6622222222222,403.2786111111111,2115.3794444444447,36
4228,2,69.010,3,50.134750000000004,576.2755,282.78425000000004,1707.1825000000001,40
4230,2,69.020,1,46.098684210526315,644.9321052631578,612.1234210526316,2406.1323684210524,38
4231,2,69.020,2,56.99060402684564,577.2329530201342,436.9658389261745,2156.988322147651,149
4232,2,69.020,3,47.20331081081081,636.4947297297298,438.5901351351351,2085.8644594594593,148
4233,2,69.020,4,32.15478260869565,662.0173913043478,264.51608695652175,1831.0147826086954,23
4236,2,69.090,3,89.78722222222223,1072.7862962962963,784.3025925925925,2976.462222222222,54
4237,2,69.090,4,71.2766,1139.0069999999998,839.7919333333333,3002.0870666666665,150
4238,2,69.090,5,82.92399999999999,1262.4912727272729,690.5192727272727,3063.3676363636364,55
4248,2,69.510,2,47.308684210526316,572.9026315789473,305.22973684210524,1804.3907894736844,38
4249,2,69.510,3,112.01951612903225,669.9403225806452,359.2829032258065,1979.5970967741937,62
4295,2,70.710,2,110.60450980392157,691.9039215686274,365.14941176470586,3334.4939215686277,51
4332,2,71.710,2,125.07,644.8844155844156,413.8206493506493,2812.7305194805194,77
4333,2,71.710,3,198.40291666666667,723.1166666666667,421.825,3306.2883333333334,24
4362,2,73.590,2,104.36,867.7,582.9938709677419,3169.2832258064514,31
4366,2,73.6x0,2,154.0891891891892,829.9472972972973,715.4848648648648,3743.722972972973,74
4376,2,74.1x0,1,450.625306122449,720.0551020408162,1002.3308163265306,5091.996530612245,49
4377,2,74.1x0,2,426.5170062370062,903.7421413721413,1236.1966735966735,5711.934033264033,481
4378,2,74.1x0,3,443.04591269841274,941.5133333333333,1275.2921031746032,5907.621507936508,252
4386,2,75.0x0,2,67.30514285714287,499.68,606.0531428571429,2563.766857142857,35
4387,2,75.0x0,3,78.26387096774194,585.167741935484,694.2864516129033,2767.971935483871,31
4394,2,75.4x0,2,145.5809090909091,529.3727272727273,391.30499999999995,3075.7218181818184,22
4398,2,75.690,2,146.14632352941177,863.8752941176471,465.00250000000005,3528.450220588235,136
4399,2,75.690,3,183.63358490566037,951.7483018867925,424.7769811320755,3351.9060377358487,53
4523,2,78.610,5,715.044347826087,849.0278260869565,924.778695652174,4901.235652173913,46
4524,2,78.610,6,575.0433333333333,835.7095238095238,1091.7533333333333,4659.810476190476,21
4531,2,78.620,5,656.4387096774193,924.6451612903226,1420.4629032258065,5341.536774193549,31
4538,2,78.630,4,714.785,962.4819230769231,1160.2273076923077,5847.392307692308,26
4539,2,78.630,5,1164.2394594594596,961.857027027027,976.8348648648648,5502.047027027027,37
4562,2,78.660,5,370.4118181818182,897.825,710.2981818181818,4259.143636363637,22
4569,2,78.670,3,828.9392592592593,886.5366666666667,1403.7692592592593,5361.2818518518525,27
4570,2,78.670,4,512.8513725490196,861.4482352941177,1077.1760784313726,4971.6370588235295,51
4571,2,78.670,5,542.8283529411764,820.2968235294118,1009.7361176470589,4949.614235294118,85
4572,2,78.670,6,905.4838888888888,917.2283333333334,1594.2580555555555,5751.593055555556,36
4584,2,78.690,4,1237.814090909091,948.954090909091,1324.01,6463.302272727273,22
4585,2,78.690,5,1022.7963461538462,893.2321153846153,1473.8142307692308,6033.4400000000005,52
4663,2,79.310,5,6892.2,1989.1236363636365,3599.740303030303,18277.46515151515,33
4664,2,79.310,6,5770.576538461538,1954.5842307692308,2916.066153846154,16541.07423076923,26
4665,2,79.310,8,6893.322592592593,2487.213333333333,3494.74962962963,17968.87851851852,27
4672,2,79.320,5,6904.114782608696,1658.2445652173913,2528.292391304348,15668.308695652173,46
4673,2,79.320,6,6233.562142857142,1707.7724999999998,3265.715,14590.584285714285,28
4674,2,79.320,8,5574.965217391305,1818.1847826086957,2703.2404347826086,13646.685217391305,23
4687,2,79.340,4,8580.073548387098,979.2341935483871,3721.548387096774,22346.72741935484,31
4688,2,79.340,5,4865.100697674419,881.5418604651163,2465.8567441860464,13605.471860465117,43
4697,2,79.350,5,9237.357727272727,2458.4763636363637,4388.524545454546,20803.181363636362,22
4698,2,79.350,6,9407.089545454546,2642.4081818181817,4049.848636363636,20781.939545454545,22
4699,2,79.350,8,8502.419130434782,2828.2004347826087,3722.8991304347824,20698.104130434782,46
4700,2,79.350,9,6650.30275,2370.44125,3140.57075,17401.944,40
4704,2,79.360,3,9405.220606060608,1820.0954545454547,5143.901515151515,22162.71181818182,33
4705,2,79.360,4,8059.525000000001,1977.4170833333335,4203.801875,20648.944166666664,48
4706,2,79.360,5,7485.3949999999995,2158.9984782608694,5416.749673913043,21577.222282608695,92
4707,2,79.360,6,6482.195178571428,2416.796607142857,4202.360892857143,18686.12714285714,56
4708,2,79.360,8,7776.0380000000005,2607.6839999999997,3795.8612,19583.012,25
4715,2,79.370,5,7926.514074074074,1664.7459259259258,3532.665185185185,17007.496296296296,27
4727,2,79.390,3,5951.702857142857,1397.8157142857144,3443.8019047619046,14159.993333333332,21
4728,2,79.390,4,6586.056666666667,2206.3791666666666,3163.6000000000004,18332.568750000002,24
4729,2,79.390,5,6998.491304347826,1945.366231884058,3236.967536231884,16559.155507246378,69
4730,2,79.390,6,5330.124666666667,2431.012666666667,3312.237,15125.754333333334,30
4731,2,79.390,8,5901.756666666667,2146.733333333333,2646.5208333333335,14421.470833333333,24
4827,2,80.590,5,588.5082608695652,992.9136956521739,1416.1680434782609,5899.158043478261,46
4828,2,80.590,6,392.3074285714286,1065.0828571428572,1967.963714285714,6642.197142857142,35
4898,2,81.510,5,14815.355555555554,2468.7922222222223,4760.771111111111,30702.729259259257,27
4899,2,81.510,6,14643.850344827588,2312.7737931034485,3603.6055172413794,27065.559310344826,29
4900,2,81.510,8,11320.341600000002,2789.96,3511.4856,26540.952,25
4904,2,81.520,8,12912.192173913043,3210.791304347826,4090.339130434783,26472.084782608694,23
4905,2,81.520,9,14977.35864864865,3404.276756756757,3906.3224324324324,28320.36594594595,37
4908,2,81.540,6,15053.053103448276,2126.488275862069,3760.0086206896553,26426.021034482757,29
4914,2,81.650,6,5527.472682926829,2080.9300000000003,1946.5321951219514,12509.239024390243,41
4915,2,81.650,8,5884.67347826087,2182.674347826087,1983.8633333333335,13039.873043478261,69
4916,2,81.650,9,6303.697741935484,2249.9387096774194,2099.507419354839,13216.696451612905,31
4918,2,81.660,6,7547.158055555556,1999.4208333333331,1464.9058333333332,14504.83888888889,36
4919,2,81.660,8,7356.126538461539,2186.775576923077,1618.0086538461537,14149.593461538461,52
4920,2,81.660,9,6731.88,1981.1076923076923,1254.3465384615383,13301.561538461538,26
4934,2,81.910,5,73.80151515151515,1151.769696969697,1314.6536363636365,4533.055151515152,33
4935,2,81.910,6,36.548787878787884,1142.6393939393938,1496.7,4498.47606060606,33
4936,2,81.910,8,100.08026315789475,1229.110263157895,2134.0894736842106,5090.505526315789,38
4940,2,81.920,4,109.93291666666669,750.4291666666667,1107.9725,3723.505416666667,24
4941,2,81.920,5,171.09207792207792,902.6844155844155,1218.5625974025975,4977.5883116883115,77
4942,2,81.920,6,67.87074626865672,1012.0007462686567,1593.2011940298507,4894.11,67
4943,2,81.920,8,51.294179104477614,1042.297014925373,1607.34223880597,4908.18,67
5037,2,83.390,5,561.7487878787879,1152.6887878787877,784.540606060606,4283.516666666666,33
5038,2,83.390,6,249.305,1110.382142857143,749.3632142857142,3664.190357142857,28
5066,2,83.910,3,5.604516129032258,806.0122580645161,950.406129032258,3827.693225806451,31
5067,2,83.910,4,17.523548387096774,880.582258064516,1236.6529032258065,4770.33623655914,93
5068,2,83.910,5,47.471004784689,907.8772727272727,1191.3898564593303,4306.435741626794,209
5069,2,83.910,6,69.75442528735633,952.1172413793103,1421.9751149425288,4577.21183908046,174
5070,2,83.910,8,43.074596273291924,1003.5601242236024,1341.3635403726707,4472.72950310559,161
5071,2,83.910,9,27.33268292682927,997.619512195122,1471.1560975609757,4423.194634146342,41
5146,2,86.040,5,595.8673913043478,1096.0560869565218,1697.8708695652174,6195.6391304347835,23
5168,2,86.220,5,514.9007692307692,1413.8715384615386,1728.72,6299.916153846154,26
5170,2,86.220,8,289.1080952380952,1692.3761904761905,2450.615238095238,7902.280476190477,21
5186,2,86.280,5,354.2469444444444,1299.7580555555555,1726.9325,5517.2555555555555,36
5187,2,86.280,6,495.7491304347826,1413.5565217391304,2189.5565217391304,6212.7043478260875,23
5193,2,86.3x0,4,242.75261904761902,1019.992857142857,528.8966666666666,2858.912619047619,42
5194,2,86.3x0,5,311.19588235294117,994.7223529411764,1139.9236470588235,3820.9917647058824,85
5195,2,86.3x0,6,107.32771428571428,1021.0002857142857,1087.4622857142858,3484.052285714286,35
5196,2,86.3x0,8,85.83515151515151,1054.1454545454546,754.3481818181817,2781.04696969697,33
5212,2,86.590,4,249.61772727272728,1265.7454545454545,1901.1236363636365,4710.474090909091,22
5213,2,86.590,5,425.64514285714284,1494.7068571428572,1827.3637142857144,5841.306,35
5214,2,86.590,6,605.0991666666667,1916.7166666666665,1965.8870833333333,6367.789583333334,24
5277,2,87.410,6,37.93681818181818,1351.090909090909,905.8863636363636,3013.9309090909087,22
5278,2,87.410,8,49.957499999999996,1519.25,779.973125,3112.9871875,32
5360,2,89.370,5,70.2625,1093.9166666666667,1380.6812499999999,3536.8145833333333,24
5361,2,89.370,6,121.13181818181819,1367.659090909091,1849.8327272727272,4632.841818181818,22
5378,2,89.540,5,107.681875,1877.125625,1603.294375,4881.85125,32
5379,2,89.540,6,164.9805357142857,2276.1767857142854,2347.4160714285713,6453.395357142857,56
5380,2,89.540,8,168.34763636363638,2125.832818181818,2108.5874545454544,5948.1269999999995,110
5381,2,89.540,9,190.3194318181818,1866.8876136363638,2091.645681818182,5866.576477272727,88
5384,2,89.600,0,58.25927710843374,704.0240963855422,338.12409638554215,1622.9322891566267,83
5387,2,89.600,9,81.10285714285715,1219.0238095238096,608.6514285714286,2993.555714285714,21
5398,2,89.650,6,74.37739130434782,1581.9565217391305,1196.3865217391303,3714.5173913043477,23
5399,2,89.650,8,83.48457142857143,1628.6314285714286,938.7874285714284,3414.028,35
5400,2,89.650,9,96.31039999999999,1834.668,1355.5872,4305.19,25
5437,2,93.350,0,31.569876543209876,684.6098765432099,481.24629629629624,2250.938888888889,81
5438,2,93.350,1,27.034000000000002,735.908,688.2436,2420.7068,25
5440,2,93.350,3,19.754285714285714,672.8785714285714,1001.2067857142856,2824.175714285714,28
5441,2,93.350,4,19.661304347826086,843.8840579710145,1172.5960869565217,3455.1921739130435,69
5442,2,93.350,5,32.51725352112676,745.7485915492958,1350.3109154929577,3517.645281690141,142
5443,2,93.350,6,25.064814814814813,865.2506172839506,1606.4038271604936,4012.458024691358,81
5444,2,93.350,8,53.57738095238095,992.7964285714285,1552.1558333333332,4052.2311904761905,84
5445,2,93.350,9,69.48541666666667,1342.8875,2206.829166666667,5571.6325,24
5462,2,93.390,4,6.6464285714285705,1232.911904761905,1146.9888095238096,5114.566666666667,42
5463,2,93.390,5,10.877042253521127,1277.6835211267605,1145.0328169014085,5475.610845070422,71
5464,2,93.390,6,17.033636363636365,1464.7727272727273,1830.5336363636363,6499.646818181818,66
5465,2,93.390,8,23.613714285714288,1612.5614285714287,2269.7262857142855,6460.868714285714,70
5467,2,93.391,0,91.0035294117647,781.25,1382.8014705882354,3217.290294117647,34
5472,2,93.391,5,20.970416666666665,599.8583333333333,1204.0683333333334,2881.7095833333333,24
5473,2,93.391,6,33.176,784.08,1667.31,3824.4660000000003,25
5474,2,93.391,8,38.95766666666667,1038.9433333333334,1892.2293333333332,4497.600333333334,30
5475,2,93.391,9,12.937619047619048,807.9714285714286,2149.5185714285712,4920.828571428571,21
5504,2,93.540,4,108.40499999999999,1209.9045454545455,984.3886363636364,3576.7163636363634,22
5505,2,93.540,5,170.70092307692306,1215.4584615384615,1462.3492307692306,4478.973692307692,65
5506,2,93.540,6,112.5530303030303,1109.6030303030304,956.6245454545456,3668.3993939393936,33
5507,2,93.540,8,149.75260869565219,1494.7739130434784,1520.2543478260868,4666.700434782609,23
5528,2,93.900,6,314.70911764705886,2967.204117647059,3441.664117647059,10635.119705882353,34
5529,2,93.900,8,235.8319230769231,2800.8175,3145.0773076923074,8990.615576923077,52
5530,2,93.900,9,238.16432432432433,2823.844054054054,2756.243783783784,9227.667027027026,37
5531,2,93.940,0,75.90761388286334,582.7044143167028,985.9741648590023,2516.8867136659433,922
5532,2,93.940,1,52.31109489051095,606.755401459854,1111.09401459854,2448.357372262774,137
5534,2,93.940,3,53.11304347826086,807.6521739130435,1341.6391304347826,2798.0517391304347,23
5536,2,93.940,5,42.991351351351355,1239.7864864864864,1162.3754054054054,3266.902972972973,37
5537,2,93.940,6,66.19037037037037,1385.6851851851852,1394.784074074074,3727.4048148148145,27
5538,2,93.940,8,82.50854545454546,1648.8472727272729,1528.9845454545452,4483.362181818182,55
5539,2,93.940,9,106.2988,1010.4830400000001,1224.9445600000001,3719.0791200000003,125
5544,2,93.960,3,72.00086956521739,1308.1521739130435,1168.621304347826,3261.4439130434785,23
5545,2,93.960,4,76.3460606060606,1807.5333333333333,1955.7154545454546,4879.131818181819,33
5546,2,93.960,5,91.2568794326241,2077.631489361702,1805.7528368794326,5025.052836879432,141
5547,2,93.960,6,97.43452261306533,2040.141809045226,2206.9356783919598,5641.872211055277,199
5548,2,93.960,8,109.21126984126985,2171.9118095238096,2285.2926984126984,5893.818317460317,315
5549,2,93.960,9,101.19289361702128,2196.982042553191,2792.2810638297874,6473.987744680851,235
5617,2,96.720,8,739.1756521739131,6059.7956521739125,6892.732173913043,27270.815652173915,23
5626,2,97.620,3,50.64149999999999,602.6975,457.13149999999996,1865.5745,40
5627,2,97.620,4,43.005744680851066,606.8787234042553,360.216170212766,1709.9906382978722,47
5628,2,97.620,5,29.573246753246753,680.0051948051948,398.1453246753247,1866.7387012987015,77
5629,2,97.620,6,30.23542857142857,748.0828571428572,517.4951428571429,2023.0214285714285,35
5630,2,97.620,8,44.06913043478261,782.3917391304349,440.9730434782608,2035.4556521739132,23
5636,2,97.710,5,165.1709523809524,1141.838095238095,487.9428571428572,3128.7514285714287,21
5657,2,98.510,2,15.550769230769232,957.3335897435898,758.3608974358974,3023.0598717948715,78
5658,2,98.510,3,15.777712765957448,1067.7005319148936,850.7125000000001,3127.827659574468,188
5659,2,98.510,4,14.479802955665026,1084.5583743842365,839.1322660098523,3176.300935960591,203
5660,2,98.510,5,16.294999999999998,1090.2658387096774,812.6399032258064,3200.8315806451615,310
5661,2,98.510,6,20.327952755905514,1086.6531496062994,798.593779527559,3163.064881889764,127
5662,2,98.510,8,18.800476190476193,1212.8139682539681,1047.767619047619,3527.6431746031744,63
5668,2,99.030,8,77.67833333333333,2491.51,2159.458666666667,7678.98,30
5690,2,99.250,4,281.0785714285714,1936.6464285714285,5069.549642857143,8447.179642857143,28
5691,2,99.250,5,206.0287142857143,1680.2771428571427,3726.283,6695.998857142857,70
5692,2,99.250,6,233.3529166666667,1603.6041666666667,3315.9616666666666,6362.683125,48
5693,2,99.250,8,263.8355555555556,1760.8977777777777,2626.778666666667,5682.7191111111115,45
5702,2,99.290,3,1.907142857142857,4090.823809523809,2659.225238095238,11456.02619047619,21
5703,2,99.290,4,5.081333333333333,4023.2453333333337,2234.6662666666666,11113.627999999999,75
5704,2,99.290,5,9.00375,3767.644791666667,2706.6293229166668,10715.758020833333,192
5705,2,99.290,6,8.58845588235294,2791.6970588235295,2623.31625,8717.593235294116,136
5706,2,99.290,8,12.077456140350877,3088.3236842105266,2872.3500877192987,9194.693596491228,114
5707,2,99.290,9,24.1312,3256.488,2493.0628,8179.8412,25
5730,2,99.830,0,35.68705882352941,485.38147058823535,977.9288235294118,2148.054117647059,34
5738,2,99.830,9,41.46790697674418,1019.0883720930233,219.04023255813954,3051.7527906976743,43
5744,2,99.850,5,56.50285714285714,1682.917857142857,1767.8899999999999,4642.605357142857,28
5748,2,99.920,0,31.464782608695653,362.8695652173913,340.3934782608696,1344.681304347826,23
5749,2,99.920,1,13.725,451.48421052631585,699.8039473684211,2072.988157894737,38
5750,2,99.920,2,9.637093023255813,594.7116279069767,915.5640697674418,3010.263023255814,86
5751,2,99.920,3,12.007258064516128,699.5887096774194,984.8737634408601,3558.9129032258065,186
5752,2,99.920,4,16.00600472813239,743.8583924349881,1126.2713475177304,4049.8825531914895,423
5753,2,99.920,5,22.433803131991052,820.7856823266219,1285.632360178971,4164.099295302013,894
5754,2,99.920,6,18.984447949526814,934.0236593059936,1517.5178391167194,4665.714479495268,634
5755,2,99.920,8,26.445857142857143,995.4944642857143,1603.9624464285714,4706.669071428571,560
5756,2,99.920,9,32.448057142857145,1113.5828571428572,1901.2149714285713,5414.3826285714285,175
5760,3,,0,57.478827908010224,595.8062567122172,524.4382476021183,2045.145822686368,27003
5761,3,,1,41.05256715967401,790.9148415333535,531.0474977361908,2079.07087986719,6626
5762,3,,2,39.66647233510472,916.7859065332917,526.3108299468583,2321.319218505783,6398
5763,3,,3,46.85570537167661,1088.797921866522,754.5427170374389,2923.489476397179,7372
5764,3,,4,51.77533295647258,1304.2420870548333,898.9050141322781,3440.434693046919,8845
5765,3,,5,61.809563855273666,1488.205400208858,1083.7574267461146,3894.503355242951,16279
5766,3,,6,71.13784825010374,1716.641808687232,1370.1247586111497,4531.3305547101945,14458
5767,3,,8,82.09582766790277,1887.8499979398437,1552.1410810671612,5024.776994231562,19416
5768,3,,9,94.01608815258588,1663.7054804988386,1347.5913167868935,4780.3592260667565,16358
5870,3,03.310,9,313.8333333333333,2355.7619047619046,1165.5633333333333,7432.4,21
5876,3,03.530,5,8909.631818181819,3540.7712987012987,4225.329870129871,25165.766883116885,77
5877,3,03.530,6,7379.104583333334,3840.1366666666668,5161.138333333333,25330.955,24
5887,3,03.910,1,456.3326923076923,824.0807692307692,521.2476923076923,3879.9034615384617,26
5888,3,03.910,2,489.5521978021978,949.4901098901099,707.1546153846153,4836.825824175824,91
5889,3,03.910,3,291.0828571428571,872.7476190476191,683.8785714285715,5795.124285714286,21
5891,3,03.910,5,95.24395348837209,1475.0534883720932,840.4411627906977,6857.235116279069,43
5892,3,03.910,6,133.95250000000001,1238.8392857142858,1010.4310714285714,6522.361785714286,28
5893,3,03.910,8,137.00535714285712,1439.7964285714286,765.7314285714285,5919.377142857143,28
5917,3,04.2x0,4,1329.7309523809522,1043.3,567.0947619047619,6346.935238095238,21
5918,3,04.2x0,5,1147.668,1287.0085714285715,639.2822857142858,6224.916285714286,35
5919,3,04.2x0,6,1458.1075,1425.9222222222222,728.036111111111,7699.708611111111,36
5964,3,04.810,2,76.11,1089.7772727272727,800.4886363636364,4058.6322727272727,22
5965,3,04.810,3,46.87721311475409,1156.2596721311475,857.4459016393442,4673.879836065574,61
5966,3,04.810,4,54.34688888888889,1130.8779259259259,819.616,4656.348296296296,135
5967,3,04.810,5,53.89129909365559,1116.5167371601208,825.8292749244713,4831.906918429003,331
5968,3,04.810,6,73.65302405498281,1292.1981443298969,1232.9182474226805,5378.221718213059,291
5969,3,04.810,8,68.27918604651163,1469.0655038759692,1256.98503875969,5562.736705426357,258
5970,3,04.810,9,83.48682692307693,1462.098076923077,1125.571826923077,5336.530865384615,104
6129,3,11.320,4,130.0790476190476,609.5552380952381,171.4014285714286,2805.392380952381,21
6130,3,11.320,5,148.71263157894737,653.4215789473684,169.88078947368422,2865.411315789474,38
6131,3,11.320,6,155.33233333333334,779.4986666666666,202.84166666666667,2936.17,30
6132,3,11.320,8,151.94173913043477,743.4660869565217,159.39478260869564,2751.098260869565,23
6138,3,11.390,6,180.20580645161291,806.9935483870968,433.6764516129032,2793.221612903226,31
6160,3,13.410,5,2346.9674757281555,1107.264077669903,215.28650485436893,5855.617281553397,103
6161,3,13.410,6,2150.34004784689,1062.5903349282296,227.68105263157892,5762.548803827751,209
6162,3,13.410,8,2050.0738031914893,1024.4771276595745,205.61345744680852,5467.467819148936,376
6163,3,13.410,9,1902.340465116279,972.3337209302326,236.41906976744187,5428.540310077519,129
6166,3,13.430,8,384.2857142857143,801.047619047619,199.3347619047619,3643.9585714285718,21
6171,3,13.590,6,2155.961304347826,640.1634782608696,279.42434782608694,5000.357826086956,46
6172,3,13.590,8,1985.608205128205,645.6523076923077,260.4221794871795,4772.1032051282045,78
6184,3,13.710,5,1653.59125,977.20625,268.1275,5123.653125,32
6185,3,13.710,6,1652.9357407407408,937.9666666666666,226.3172222222222,4724.369722222222,108
6186,3,13.710,8,1809.8831088082902,1019.3689119170986,210.22937823834198,4770.146269430052,193
6187,3,13.710,9,1623.0568055555555,1139.8541666666667,274.37666666666667,4904.554305555555,72
6233,3,17.130,5,3222.16640625,1434.83109375,825.8265625,9406.320625,64
6234,3,17.130,6,3436.36234375,1566.2465625,966.67578125,9873.11328125,64
6235,3,17.130,8,3300.103018867924,1766.373962264151,922.7247169811321,9771.341698113207,53
6267,3,17.912,3,13.037714285714285,704.0857142857143,636.9414285714286,3775.8734285714286,35
6268,3,17.912,4,15.131234567901233,733.6135802469136,786.6372839506173,4093.9561728395065,81
6269,3,17.912,5,22.840677966101694,935.3050847457627,904.8026271186441,4267.56872881356,118
6270,3,17.912,6,18.800224719101124,989.8539325842696,961.7021348314607,4829.692247191011,89
6271,3,17.912,8,18.240574712643678,1089.819540229885,844.3852873563219,4199.856896551724,87
6272,3,17.912,9,45.25961538461539,1283.673076923077,892.035,4474.821538461539,26
6280,3,17.920,0,186.62724137931036,559.7813793103448,742.3761379310345,3693.974413793104,145
6284,3,17.920,4,17.471600000000002,1286.0,589.946,4914.5776000000005,25
6285,3,17.920,5,22.786756756756755,1256.0513513513513,774.755945945946,5452.877837837838,37
6286,3,17.920,6,32.52318181818182,1044.1454545454546,875.2177272727273,4625.504545454546,22
6287,3,17.920,8,59.093421052631584,1304.528947368421,1945.1302631578947,8396.156578947368,38
6288,3,17.920,9,146.9334693877551,1516.5648979591836,2657.9040816326533,11819.135102040816,49
6311,3,17.950,0,54.11359030837005,504.6705580029369,567.862268722467,2343.484287812041,1362
6312,3,17.950,1,34.367361111111116,629.5289351851852,539.2769212962963,2361.717175925926,432
6313,3,17.950,2,25.69918287937743,800.8541245136187,645.8758365758755,2771.612373540856,257
6314,3,17.950,3,46.698206521739124,906.3130434782609,737.4991032608696,3156.533125,368
6315,3,17.950,4,77.74175347222223,1064.4526909722222,872.4917708333334,3727.3925694444447,576
6316,3,17.950,5,38.8656534090909,1221.3173958333332,1041.2754734848484,4035.6487405303033,1056
6317,3,17.950,6,51.88906066536204,1395.3765362035226,1222.1628864970646,4472.890225048924,1022
6318,3,17.950,8,50.12564945226917,1505.8482942097028,1380.8684820031299,4870.149679186228,1278
6319,3,17.950,9,72.93262857142858,1603.3368571428573,1349.2865714285715,5156.594285714285,700
6340,3,17.957,5,97.51136363636364,946.5454545454545,1060.8404545454546,3110.8336363636363,22
6347,3,17.970,1,288.1236666666667,1105.07,440.52666666666664,3202.826333333333,30
6350,3,17.970,4,242.96814814814817,1386.2,1007.59,4880.522222222223,27
6351,3,17.970,5,462.93861111111113,1569.8030555555556,1049.1815277777778,5003.628472222223,72
6352,3,17.970,6,236.56064516129032,1463.7983870967741,818.2483870967742,4254.565483870968,62
6353,3,17.970,8,102.09943396226414,1747.6113207547169,809.8128301886793,4374.774528301887,53
6354,3,17.970,9,346.65444444444444,2198.2703703703705,1671.1396296296298,7422.570000000001,27
6391,3,18.110,0,109.94960784313726,794.3666666666666,439.0907843137255,2491.76431372549,51
6392,3,18.110,1,17.770454545454545,1064.6181818181817,383.11727272727273,2039.1245454545453,22
6396,3,18.110,5,63.586800000000004,1529.036,1180.1676,3734.808,25
6479,3,21.030,6,291.83464285714285,908.9499999999999,326.8525,2244.9110714285716,28
6480,3,21.030,8,163.89454545454544,978.9681818181817,361.84000000000003,2340.955454545455,22
6488,3,21.210,0,206.76214285714286,669.0285714285715,811.8519047619047,3836.2240476190477,42
6493,3,21.210,5,38.27346153846153,1207.263846153846,836.7926923076923,3379.3996153846156,26
6520,3,21.5x0,5,443.90346153846156,1042.0961538461538,701.0026923076923,4991.462692307692,26
6587,3,22.530,4,735.4060000000001,1132.1566666666665,1082.2723333333333,7468.978666666666,30
6588,3,22.530,5,593.2829166666667,1549.82625,1274.3872916666667,8338.629791666666,48
6589,3,22.530,6,468.3624137931034,1544.4103448275862,950.198275862069,7475.893793103449,29
6743,3,28.6x0,0,1171.204347826087,761.2969565217392,705.4052173913043,5756.844782608695,23
6750,3,29.110,0,62.10241379310345,822.7068965517242,585.6693103448276,2595.7765517241382,29
6753,3,29.110,3,23.883750000000003,1350.5,763.3783333333334,2804.215,24
6754,3,29.110,4,39.3912,1754.692,802.1924,3726.3268,25
6755,3,29.110,5,31.982571428571433,1691.7285714285715,836.9625714285714,3485.883142857143,35
6756,3,29.110,6,65.56071428571428,1825.5023809523811,1424.3764285714285,4467.0690476190475,42
6757,3,29.110,8,38.2459375,2631.0637500000003,1058.2075,4845.8875,32
6758,3,29.110,9,59.865199999999994,3338.52,1743.9624,6919.2116000000005,25
6776,3,30.090,4,503.61,1161.548275862069,776.91,5536.625862068965,29
6777,3,30.090,5,418.7158823529412,1153.995588235294,1066.7073529411766,5717.172941176471,34
6797,3,31.420,1,47.91173913043478,1117.4347826086957,668.6073913043477,2712.9991304347823,23
6798,3,31.420,2,26.715666666666667,1128.46,578.3456666666666,2598.7176666666664,30
6799,3,31.420,3,34.50863636363636,1261.4613636363638,695.3575,2829.1095454545457,44
6800,3,31.420,4,51.62792452830189,1369.8169811320756,823.9637735849057,3117.4337735849053,53
6801,3,31.420,5,42.02023255813953,1575.9739534883722,1003.4583720930233,3699.847790697674,86
6802,3,31.420,6,53.56703125,1774.478125,1230.9534375,4173.58640625,64
6803,3,31.420,8,106.1482,2632.4179999999997,1371.4776000000002,5584.482,50
6835,3,33.220,5,201.32181818181817,2548.1536363636365,2083.3245454545454,7168.78,22
6836,3,33.220,6,359.20074074074074,4224.748148148148,4273.645185185185,13512.443333333333,27
6837,3,33.220,8,217.69814814814816,3114.0251851851854,3091.965555555556,9121.563333333334,27
6848,3,33.240,1,278.4959322033898,1610.3711864406778,848.8686440677966,4695.170847457627,59
6849,3,33.240,2,247.47102040816327,1825.8197959183674,866.3095918367346,4571.79,49
6850,3,33.240,3,99.419375,1872.1614583333333,1002.1325,4585.852708333333,48
6851,3,33.240,4,206.56838235294117,2285.071323529412,1367.2026470588235,5928.421617647058,68
6852,3,33.240,5,176.50939393939393,2525.6024242424246,1600.4515757575757,6034.067818181818,165
6853,3,33.240,6,184.29898089171976,2839.500573248408,2056.8289808917198,7378.23331210191,157
6854,3,33.240,8,189.56038043478262,3308.958260869565,2405.7327173913045,8854.686902173913,184
6855,3,33.240,9,339.66030769230764,4819.734153846153,4714.754615384615,16018.682615384616,65
6874,3,34.040,1,868.8695454545453,1457.9727272727273,688.9386363636363,5079.257272727273,22
6877,3,34.040,4,1574.0752173913042,3190.4434782608696,2734.0973913043476,11106.494347826087,23
6878,3,34.040,5,337.76203389830505,2644.8376271186444,2275.651525423729,8277.55745762712,59
6879,3,34.040,6,790.128275862069,3277.210459770115,2854.9283908045977,10750.329195402299,87
6880,3,34.040,8,490.1113265306123,3420.872244897959,2942.2145918367346,10137.392959183673,98
6881,3,34.040,9,635.6207999999999,4136.673066666666,4557.706266666666,14846.318533333331,75
6906,3,34.910,5,502.13847826086965,3218.51847826087,2767.745,10072.763913043478,46
6907,3,34.910,6,490.64472727272727,2957.0716363636366,4234.711090909092,11294.773272727272,55
6908,3,34.910,8,329.8865753424658,3403.110547945206,2506.4557534246574,9104.351095890412,73
6909,3,34.910,9,477.5275384615385,3159.861846153846,2874.8246153846153,9852.87723076923,65
6920,3,36.070,8,10841.976923076923,4673.130769230769,2525.0757692307693,24771.25,26
6945,3,38.590,4,1447.9961904761903,1846.2523809523811,578.812380952381,7202.29,21
6946,3,38.590,5,1222.6142105263157,1685.6380263157896,858.9896052631578,7094.487763157894,76
6947,3,38.590,6,721.6321568627451,1635.6201960784315,868.821568627451,6679.28137254902,51
6948,3,38.590,8,1000.1196428571429,1868.685,1129.8957142857143,8093.740714285714,28
6972,3,38.930,3,1199.9128,3220.3867999999998,3572.384,12644.6308,25
6973,3,38.930,4,1838.845,4561.4236842105265,5430.091578947368,21536.45236842105,38
6974,3,38.930,5,410.80880952380954,3430.5845238095235,4900.385595238095,15098.901547619047,84
6975,3,38.930,6,998.3166292134831,5307.378314606742,7570.519325842696,21491.637078651685,89
6976,3,38.930,8,981.4601111111111,4900.000666666667,5622.226777777778,19464.869555555557,90
6977,3,38.930,9,1332.7021505376345,6533.285053763441,8174.834623655914,23183.900967741934,93
6998,3,38.980,8,385.9823529411765,3581.1229411764702,2626.4073529411767,11669.586470588236,34
7000,3,38.990,0,57.58603174603175,519.9293650793651,528.130634920635,2240.381507936508,126
7001,3,38.990,1,50.93846153846153,588.623076923077,589.9746153846154,2152.235769230769,26
7007,3,38.990,9,161.2956,1012.808,621.9492,3649.2336,25
7010,3,39.270,5,1628.1699999999998,1935.871739130435,1332.9321739130435,9097.88956521739,23
7033,3,39.500,5,13611.106153846154,1566.5930769230768,629.4965384615384,20473.599615384614,26
7049,3,39.790,6,5354.622916666666,1407.1383333333333,3207.01625,16564.173333333332,24
7050,3,39.790,8,5602.9076000000005,2420.656,3860.1084,18356.3348,25
7060,3,39.950,3,2282.0415384615385,6338.491538461539,5432.691538461539,29026.11153846154,26
7061,3,39.950,4,2047.2599999999998,5126.762000000001,6574.7813750000005,29585.657124999998,80
7062,3,39.950,5,2802.118304093567,7692.083976608188,8310.410994152047,38598.04122807017,171
7063,3,39.950,6,1738.977619047619,5932.683253968254,6012.257936507936,27020.243174603176,126
7064,3,39.950,8,2156.937480314961,9393.896377952757,7393.645118110236,32754.820551181103,127
7065,3,39.950,9,867.8592,4899.7202,4371.7242,18176.1136,50
7068,3,39.960,4,5210.837407407407,1189.5481481481481,7771.955555555555,33862.40666666667,27
7069,3,39.960,5,4576.184761904762,1554.957142857143,7728.873095238095,32602.282619047623,42
7134,3,42.330,5,382.5125806451613,1866.6999999999998,888.1580645161291,5220.586451612903,31
7155,3,43.410,3,323.78148936170214,1638.4472340425532,747.6655319148936,4550.652978723404,47
7156,3,43.410,4,258.46769911504424,1834.3253097345134,844.9230973451328,4747.059469026549,113
7157,3,43.410,5,312.97486842105263,1892.3882565789474,918.9301973684211,5197.547434210526,304
7158,3,43.410,6,309.6108108108108,1913.826,893.9348108108109,5421.071135135136,185
7159,3,43.410,8,590.6005319148936,2245.9717021276597,1398.1831914893617,6979.719468085106,94
7179,3,44.130,1,73.70145454545454,1184.9530909090909,536.3612727272728,2616.640727272727,55
7180,3,44.130,2,49.16719626168224,1338.2878504672897,775.4012149532709,3201.228130841121,107
7181,3,44.130,3,78.76811926605505,1525.0490825688073,836.2174770642202,3537.66880733945,218
7182,3,44.130,4,74.63655502392345,1792.6063157894735,927.1114832535885,4020.145669856459,418
7183,3,44.130,5,100.39280991735538,1968.2585123966942,1185.824746162928,4547.382018890201,847
7184,3,44.130,6,121.190538573508,2116.6874526928677,1280.8977438136826,4912.439941775838,687
7185,3,44.130,8,105.8116355140187,2175.93714953271,1481.1410124610593,5319.645514018692,642
7186,3,44.130,9,95.96299212598424,2423.9218897637797,1393.1988188976377,5600.877637795275,127
7190,3,44.140,5,125.75493150684932,2758.454794520548,1186.8968493150685,5411.362602739726,73
7191,3,44.140,6,132.37342465753426,2566.0769863013697,1108.1082191780822,5393.429589041096,73
7192,3,44.140,8,126.88478260869564,2512.3797101449277,1308.9513043478262,5447.681449275363,69
7226,3,45.130,3,59.431724137931035,1607.8600000000001,738.0486206896552,3220.1427586206896,29
7227,3,45.130,4,83.81510638297873,1411.936170212766,778.8587234042553,3180.2840425531917,47
7228,3,45.130,5,75.74953271028038,1955.5775700934578,898.9551401869159,4048.3384112149533,107
7229,3,45.130,6,77.52942028985507,2054.932608695652,1003.9523188405798,4503.965507246377,69
7230,3,45.130,8,85.28708860759494,2136.4759493670886,927.332405063291,4422.207594936709,79
7244,3,45.230,3,103.36071428571428,1744.2514285714287,771.4057142857143,3949.6510000000003,70
7245,3,45.230,4,94.74705357142857,1799.4533035714285,823.2893750000001,3937.0950000000003,112
7246,3,45.230,5,82.01729064039408,1927.5282266009851,974.7721182266009,4143.362906403941,203
7247,3,45.230,6,156.79825757575756,2296.615227272727,1202.3564393939394,5024.295303030303,132
7248,3,45.230,8,135.8941463414634,2246.6941463414632,1367.3847967479674,5391.356747967479,123
7280,3,45.420,3,415.74787234042554,1414.791914893617,570.1446808510639,4155.486595744681,47
7281,3,45.420,4,349.7086821705426,1602.5617054263566,725.5653488372093,4505.051162790697,129
7282,3,45.420,5,459.7043525179856,1711.3525539568345,767.7956834532374,4743.381654676259,278
7283,3,45.420,6,445.62179487179486,1833.9695512820513,862.3335897435898,5008.6260897435905,156
7284,3,45.420,8,541.7826470588235,2220.8448039215687,1091.7148039215688,5889.128431372549,102
7288,3,45.430,3,556.7942307692308,1589.083076923077,626.4426923076924,4970.689230769231,26
7289,3,45.430,4,562.5643518518518,1979.9957407407408,734.5416666666666,5219.7087037037045,108
7290,3,45.430,5,635.7931779661017,1967.9658050847456,684.4288559322033,5318.413855932203,236
7291,3,45.430,6,560.03,2109.2391549295776,812.2477464788732,5593.872605633803,142
7292,3,45.430,8,672.5762637362637,2337.9291208791205,989.2557142857144,6121.031648351648,91
7358,3,47.010,0,1093.5884946236558,1372.17,833.5978494623656,7207.553333333333,93
7359,3,47.010,1,1288.7144370860929,1400.3299337748344,1079.2446357615895,7217.6979801324505,302
7360,3,47.010,2,1198.632,1504.0365365853659,1311.2339024390244,7412.298292682926,205
7361,3,47.010,3,1202.23125,1522.6944642857143,1298.2391964285714,7349.715892857143,224
7362,3,47.010,4,1222.26562992126,1516.7725196850392,1364.6848818897638,7740.726811023623,254
7363,3,47.010,5,1245.8851063829786,1720.5201063829786,1397.8717021276595,7628.495354609929,282
7364,3,47.010,6,1310.9016428571429,1910.2355714285713,1518.3842857142856,8259.18,140
7365,3,47.010,8,1232.8772093023256,2185.484418604651,1698.8383720930233,9264.656395348837,86
7368,3,47.090,1,387.2603125,1266.603125,660.095625,5099.0778125,32
7399,3,48.350,4,630.5903846153846,1921.0969230769233,878.2173076923076,6154.567692307693,26
7400,3,48.350,5,820.2133823529412,1850.9388235294118,705.3366176470588,5561.0455882352935,68
7401,3,48.350,6,678.6137931034483,2182.2237931034483,903.7575862068966,6112.236551724138,29
7407,3,48.351,5,640.2251282051282,1575.6615384615386,676.2269230769231,5284.108205128206,39
7408,3,48.351,6,654.8148484848484,2163.0363636363636,646.2096969696969,5694.035454545455,33
7414,3,48.360,3,267.63941176470587,1426.3411764705882,654.1896078431372,4242.440196078432,51
7415,3,48.360,4,368.8267226890756,1668.8909243697478,687.2923529411764,4757.541848739495,119
7416,3,48.360,5,378.74243542435426,1812.9550922509225,682.0858302583026,5015.525239852399,271
7417,3,48.360,6,345.7623170731707,2270.0736585365853,916.5681097560977,5735.635548780488,164
7418,3,48.360,8,406.5064102564103,2281.276153846154,1098.371794871795,6091.282564102564,78
7424,3,48.410,5,597.8207692307692,1409.103076923077,1867.3342307692308,7158.259615384615,26
7460,3,49.010,2,233.88035714285712,1109.275,1329.9857142857143,5518.891071428572,28
7461,3,49.010,3,174.60414634146343,1168.6951219512196,1226.7468292682927,5287.920975609756,41
7462,3,49.010,4,201.78727272727272,1059.918181818182,899.5724242424242,4843.074242424243,33
7463,3,49.010,5,446.18825,2023.6675,3437.56175,12689.492499999998,40
7470,3,49.040,2,308.6161363636364,1129.669090909091,1069.7427272727273,5437.807727272728,44
7471,3,49.040,3,263.7005263157895,1069.0759210526317,857.5118421052632,5254.794868421052,76
7472,3,49.040,4,297.97074626865674,1144.1216417910448,1038.8967164179105,5458.02119402985,67
7473,3,49.040,5,320.544,1147.5392727272729,1153.5398181818182,5784.478181818182,55
7493,3,49.390,3,509.565,939.5699999999999,867.5576666666667,5144.754666666667,30
7494,3,49.390,4,766.4887878787879,997.4363636363637,1190.670606060606,6162.827272727272,33
7495,3,49.390,5,548.8059375,917.278125,1066.334375,5434.173125,32
7510,3,49.450,2,521.4541666666667,804.8377777777778,981.0895833333333,5984.04875,72
7511,3,49.450,3,438.6293827160494,957.7114814814815,1091.0262345679012,6203.536543209877,162
7512,3,49.450,4,539.0287777777778,973.6554444444445,1173.0445555555555,6625.331388888889,180
7513,3,49.450,5,426.42602620087337,1021.5685152838428,1174.5615283842797,6369.718995633188,229
7514,3,49.450,6,474.21325301204814,1125.7680722891566,1231.9409638554218,7017.07265060241,83
7515,3,49.450,8,714.2315909090909,1321.5013636363635,1285.4377272727272,7143.457045454546,44
7517,3,49.460,1,356.7166666666667,917.7704761904762,970.4047619047619,5493.84,21
7518,3,49.460,2,453.89180722891564,978.8281927710844,1175.3090361445782,6092.650722891566,83
7519,3,49.460,3,454.81060975609756,926.4130487804878,1148.2983536585366,5988.383658536585,164
7520,3,49.460,4,437.455321888412,1042.1624463519313,1214.1539055793992,6253.712575107296,233
7521,3,49.460,5,501.949718875502,996.2129718875502,1112.6657429718875,6029.084538152611,249
7522,3,49.460,6,494.3448514851485,1175.369900990099,1200.5230693069307,6360.145247524752,101
7523,3,49.460,8,262.303488372093,1146.1181395348838,1186.0804651162791,5908.599999999999,43
7534,3,49.490,3,1173.410357142857,1223.7535714285714,1093.615,6878.472500000001,28
7535,3,49.490,4,1058.7865909090908,1291.303409090909,1240.8963636363637,7283.478409090909,44
7536,3,49.490,5,1005.9244444444444,1337.5401851851852,1232.154814814815,6990.176851851852,54
7537,3,49.490,6,948.7304,1432.2120000000002,1581.7844,7395.178000000001,25
7550,3,49.730,2,241.3055172413793,1108.3379310344828,1055.4044827586206,6219.809655172414,29
7551,3,49.730,3,277.7277551020408,1057.8448979591838,1110.5977551020408,6738.578979591836,49
7552,3,49.730,4,309.1960975609756,1145.2658536585366,1307.3090243902438,7307.306341463414,41
7553,3,49.730,5,239.75596153846152,1219.0176923076922,1192.5861538461538,7220.0619230769225,52
7629,3,51.230,1,1551.3038095238096,1368.6676190476192,980.4409523809524,7303.020952380953,21
7630,3,51.230,2,1389.1319827586208,1533.9567241379311,1140.342672413793,7852.415948275862,116
7631,3,51.230,3,1383.895127118644,1737.334661016949,1291.2265254237288,8334.869449152542,236
7632,3,51.230,4,1359.4466959064328,1757.3412280701752,1310.3687134502923,8411.577573099414,342
7633,3,51.230,5,1445.554572425829,1861.422670157068,1369.1901221640487,8490.910191972076,573
7634,3,51.230,6,1519.5080780780781,2067.571801801802,1465.232792792793,9146.242942942943,333
7635,3,51.230,8,1421.0096728971962,2305.6068691588785,1752.4952803738317,9817.829953271028,214
7636,3,51.230,9,1937.4444117647058,2742.4479411764705,1968.6958823529412,11181.330588235294,34
7671,3,51.880,8,2778.8317857142856,4027.4446428571428,3441.1435714285717,18613.219642857144,28
7692,3,53.000,8,1986.8932,1551.6363999999999,758.6188000000001,7477.5732,25
7697,3,53.020,0,667.0667391304348,735.4508695652173,360.0334782608696,4281.798260869566,46
7716,3,53.040,5,1952.6813333333334,1170.3444444444444,719.5333333333333,6601.831333333333,45
7717,3,53.040,6,1718.5290243902439,1299.8134146341463,473.72804878048777,6036.826829268292,41
7718,3,53.040,8,2113.7211666666667,1640.6196666666667,749.7591666666667,7227.6575,60
7723,3,53.050,5,1733.4804347826089,1312.1245652173914,698.8073913043478,6694.068260869565,46
7724,3,53.050,6,1830.757105263158,1566.141052631579,1082.7165789473686,7534.417105263157,38
7725,3,53.050,8,1769.4896491228071,1522.4982456140349,913.6329824561403,7189.264035087719,57
7847,3,54.910,5,444.15465116279074,2674.460465116279,4374.993488372093,10103.462093023256,43
7848,3,54.910,6,388.82780487804877,2278.80243902439,2724.468292682927,7548.222682926829,41
7849,3,54.910,8,425.8535135135135,2865.6472972972974,3394.598918918919,10323.064864864866,37
7904,3,56.0x0,2,2795.5862195121954,1608.4620731707319,1173.414756097561,9185.925121951219,82
7905,3,56.0x0,3,2610.4241011235954,1593.1309550561798,1191.8363483146068,9377.522359550561,178
7906,3,56.0x0,4,2818.423469387755,1684.763306122449,1208.4134285714285,9551.178979591838,245
7907,3,56.0x0,5,2935.3258201058197,1930.1247883597885,1331.1119047619047,10106.991693121692,378
7908,3,56.0x0,6,2821.1097297297297,1978.5246621621623,1247.3469594594594,9825.764864864865,148
7909,3,56.0x0,8,2490.7267441860463,2327.9532558139535,1394.3648837209303,9988.843837209302,86
7934,3,57.0x0,5,1581.2215625000001,1403.9046875,1024.44125,6951.1659375,32
7935,3,57.0x0,6,815.315806451613,1893.3206451612905,1039.981935483871,6947.90064516129,31
7936,3,57.0x0,8,812.2509090909092,1923.142424242424,1332.0354545454545,7598.518484848485,33
7956,3,57.320,8,297.096,1791.616,919.9988000000001,4303.2444,25
7984,3,57.940,5,204.33439024390242,2579.5648780487804,2694.2363414634146,13270.577804878047,41
7985,3,57.940,6,313.00707070707074,3003.778080808081,2822.7069696969697,10713.372727272726,99
7986,3,57.940,8,181.55557046979865,2600.510134228188,2766.671677852349,9301.404832214766,149
7987,3,57.940,9,239.3691095890411,3112.2983561643837,3128.651575342466,11062.933561643837,146
8033,3,59.8x0,3,1996.6276315789476,1601.526842105263,1376.1923684210526,7441.307894736842,38
8034,3,59.8x0,4,1945.068125,1771.7814583333331,1000.521875,6740.737083333333,48
8035,3,59.8x0,5,1723.779255319149,1801.8237234042551,1173.9162765957446,6772.703829787234,94
8036,3,59.8x0,6,1451.1832000000002,2255.0861999999997,1170.786,7440.4248,50
8037,3,59.8x0,8,1502.0912903225808,2827.2274193548387,1819.2032258064517,9031.620967741936,31
8044,3,59.990,5,625.2220689655172,816.8000000000001,409.69,3021.011379310345,29
8056,3,60.290,5,1870.9708,2086.8912,2130.3,11167.688799999998,25
8057,3,60.290,6,1594.2577333333334,2118.4045333333333,1855.5994666666666,10517.098133333333,75
8058,3,60.290,8,1645.4754109589041,2438.9383561643835,2417.3029452054793,11663.227876712328,146
8059,3,60.290,9,1781.501956521739,2706.3465217391304,2384.018043478261,11859.58152173913,46
8150,3,65.250,2,962.2787096774193,1462.891935483871,935.9354838709677,7204.075806451613,31
8151,3,65.250,3,920.824347826087,1734.4926086956523,950.054347826087,7847.360724637681,69
8152,3,65.250,4,880.2245945945946,1876.9554054054056,1040.4945945945947,8906.389189189189,37
8194,3,66.010,2,841.8336363636364,981.3850000000001,871.1904545454545,6596.377272727273,22
8195,3,66.010,3,907.395238095238,1064.7047619047619,740.4399999999999,6125.872380952381,21
8212,3,66.4x0,2,756.3752777777777,1204.9722222222222,848.3397222222222,6682.0408333333335,36
8213,3,66.4x0,3,804.5356896551724,1193.5820689655172,1002.4708620689655,6697.333793103448,58
8227,3,66.620,2,713.9874285714286,1097.3474285714287,927.2728571428571,6787.525428571429,35
8228,3,66.620,3,849.7950704225352,1097.6669014084507,745.1052112676057,6223.22,71
8258,3,67.2x0,4,186.8777272727273,1030.509090909091,316.54272727272723,2980.789090909091,22
8263,3,67.320,3,104.62737704918034,1016.8796721311475,353.2650819672131,2972.0526229508196,61
8264,3,67.320,4,221.38466666666665,1160.5240000000001,416.3453333333334,3450.9657333333334,75
8265,3,67.320,5,106.27742857142857,1177.3397142857143,307.9718571428571,3036.6020000000003,70
8272,3,67.390,3,182.74478260869566,1070.2482608695652,342.48347826086956,3359.6734782608696,23
8273,3,67.390,4,279.12323529411765,1464.044411764706,626.8544117647059,4087.0741176470583,34
8274,3,67.390,5,161.89157894736843,1473.0726315789475,564.9318421052632,3865.1321052631574,38
8284,3,67.610,2,166.20657142857144,746.64,419.30028571428574,3156.9871428571428,35
8288,3,68.120,2,252.5152380952381,863.3333333333334,455.9757142857143,3360.3442857142854,21
8289,3,68.120,3,269.48395348837215,937.2465116279069,406.35558139534885,3272.4655813953486,43
8290,3,68.120,4,296.2807142857143,1217.2257142857143,473.36457142857137,3827.793714285714,70
8291,3,68.120,5,194.0452380952381,1241.7190476190476,307.6752380952381,3218.1457142857143,21
8301,3,68.210,3,394.6359574468085,906.864255319149,586.3644680851064,4312.04170212766,47
8309,3,68.230,4,411.30391304347825,1306.0869565217392,523.0334782608696,5361.546086956521,23
8310,3,68.230,5,479.8890909090909,1294.7681818181818,654.6213636363636,5618.424999999999,22
8315,3,68.290,3,705.5884615384615,1620.1653846153847,1214.07,7445.913461538462,26
8316,3,68.290,4,952.304,1878.8528571428574,1193.3557142857142,8689.852857142856,35
8320,3,68.291,2,335.42867924528304,1140.5852830188678,538.7592452830189,4912.610754716981,53
8321,3,68.291,3,369.74427777777777,1298.2144444444446,578.9661111111111,5298.9995,180
8322,3,68.291,4,490.052213740458,1406.2993129770991,649.2221755725191,5972.600458015268,262
8323,3,68.291,5,410.21058823529415,1527.939411764706,701.7511764705882,5935.345196078431,102
8333,3,68.410,4,1399.2338636363636,2289.052727272727,1459.4225,12080.171590909093,44
8334,3,68.410,5,1032.7972222222222,2302.856111111111,1311.8108333333334,11937.913055555555,36
8337,3,68.490,4,886.4977777777777,2638.392592592593,1456.1244444444444,10567.666296296296,27
8338,3,68.490,5,908.40375,2732.37375,1614.8384375,10638.4875,32
8353,3,69.010,2,54.69482758620689,656.6884482758621,344.57991379310346,1841.1678448275861,116
8354,3,69.010,3,34.65447552447552,736.715034965035,315.17713286713285,1880.4818181818184,143
8355,3,69.010,4,36.6573076923077,679.3538461538462,337.15500000000003,1907.4696153846153,26
8356,3,69.020,1,65.4959756097561,704.6543902439025,376.31951219512194,2260.675731707317,82
8357,3,69.020,2,82.68290526315789,698.9604842105263,339.4355789473684,2201.304505263158,475
8358,3,69.020,3,68.95598522167488,711.2865763546797,348.85,2102.4269211822657,406
8359,3,69.020,4,51.409749999999995,643.852375,302.940375,1816.359375,80
8362,3,69.090,2,171.26738095238093,1230.338095238095,532.4252380952381,3183.427619047619,42
8363,3,69.090,3,182.18252032520326,1095.9066666666665,512.2037398373983,3193.01162601626,123
8364,3,69.090,4,110.13325949367089,1175.0388607594937,463.38870253164555,2822.9299050632912,316
8365,3,69.090,5,105.28603305785124,1309.6673553719008,480.96727272727276,3151.983305785124,121
8379,3,69.510,2,121.25519230769231,699.1975961538462,373.32326923076926,2387.8503846153844,104
8380,3,69.510,3,130.58112903225805,667.0378225806452,333.7962903225806,2162.4116129032254,124
8381,3,69.510,4,94.83714285714285,667.5428571428571,285.4847619047619,2070.374761904762,21
8383,3,69.520,2,53.98875,611.2289583333333,276.90333333333336,1906.8822916666668,48
8384,3,69.520,3,42.014399999999995,766.0552,327.365,2113.843,50
8436,3,70.710,1,181.83333333333334,560.5555555555555,325.56481481481484,2673.387037037037,27
8437,3,70.710,2,212.5981132075472,664.904716981132,353.0008490566038,3086.6111320754712,106
8438,3,70.710,3,166.77090909090907,717.4909090909091,408.43666666666667,3043.0630303030302,33
8460,3,71.220,3,106.0529411764706,785.7794117647059,435.01441176470587,2585.715882352941,34
8461,3,71.220,4,84.92166666666667,829.5749999999999,316.97791666666666,2342.2495833333332,24
8487,3,71.710,1,148.49757575757576,576.1439393939394,248.9460606060606,2510.2525757575754,66
8488,3,71.710,2,170.5005637254902,586.6072794117647,240.6060294117647,2719.9180392156863,408
8489,3,71.710,3,174.55489208633094,742.1174100719425,292.045107913669,3281.681294964029,139
8514,3,73.090,2,97.35876543209876,679.4769135802469,377.27432098765433,2726.7996296296296,81
8515,3,73.090,3,86.36702127659575,738.791489361702,268.5904255319149,2442.8346808510637,47
8521,3,73.4x0,2,52.082142857142856,777.092380952381,347.77392857142854,2290.283214285714,84
8522,3,73.4x0,3,34.81934210526316,727.4657894736843,317.57421052631577,2035.611447368421,76
8527,3,73.590,1,147.7452380952381,659.4904761904762,381.5250793650794,3148.519047619048,63
8528,3,73.590,2,176.33826086956523,787.7048985507247,435.1510724637681,3389.363768115942,345
8529,3,73.590,3,167.04292993630574,900.7849681528662,455.58108280254777,3490.532484076433,157
8532,3,73.6x0,1,186.60569999999998,630.2207,342.52425000000005,2930.593,200
8533,3,73.6x0,2,225.01707720588234,823.7330330882353,426.7018933823529,3571.506231617647,544
8534,3,73.6x0,3,233.39275862068965,918.1555172413792,428.58620689655174,3913.829195402299,87
8536,3,73.8x0,1,99.76,496.1556896551724,189.5855172413793,2119.8046551724137,58
8537,3,73.8x0,2,83.87838709677419,462.58306451612907,187.76008064516128,1890.8725806451614,124
8538,3,73.8x0,3,107.0227027027027,871.9913513513513,517.667027027027,2882.4386486486487,37
8542,3,74.1x0,1,601.0337272727273,991.7424545454545,1035.6571363636365,5822.478409090909,220
8543,3,74.1x0,2,548.8724313569438,1037.7562793473935,1016.8606764822921,6209.594281734978,2513
8544,3,74.1x0,3,539.2518844984802,1102.597849544073,1063.5110790273557,6606.658229483283,1316
8545,3,74.1x0,4,607.1817567567567,1210.621891891892,1252.0885135135136,7806.815135135134,74
8548,3,74.3x0,3,366.46833333333336,1088.1466666666668,573.7996666666666,5114.180666666667,30
8556,3,75.0x0,2,91.43404255319147,880.7304255319149,673.0687234042554,2862.5363829787234,47
8557,3,75.0x0,3,65.75206896551724,784.451551724138,589.2875862068965,2744.5677586206893,58
8559,3,75.340,1,97.66103448275862,589.3103448275862,231.15931034482762,2220.0562068965514,29
8560,3,75.340,2,305.2178947368421,910.7728070175439,657.4315789473684,5127.236754385965,114
8561,3,75.340,3,306.9439705882353,1068.7911764705882,836.9958823529412,5871.8213235294115,68
8567,3,75.4x0,2,103.1313953488372,730.9202325581396,481.42465116279067,2869.9927906976745,43
8573,3,75.510,2,200.70384615384617,942.1538461538462,645.3415384615384,4001.7130769230766,26
8576,3,75.690,1,148.5853488372093,717.8112209302326,399.35069767441865,3030.8190697674418,172
8577,3,75.690,2,216.34574606116774,877.2500556070436,442.7423447636701,3643.9856904541243,1079
8578,3,75.690,3,206.41327586206896,912.0487715517241,479.1382543103448,3927.5155172413793,464
8579,3,75.690,4,157.39291666666665,1034.2450000000001,515.6283333333333,3321.8770833333333,24
8583,3,75.920,2,202.74242424242425,859.469696969697,403.6627272727273,3463.059696969697,33
8768,3,78.610,3,818.4256521739131,1124.1695652173914,818.7182608695653,5496.064782608695,23
8769,3,78.610,4,619.15046875,981.43515625,793.31125,5001.58375,64
8770,3,78.610,5,626.9110810810811,1131.0341441441442,879.4803603603605,5164.661441441442,111
8771,3,78.610,6,611.1064102564103,1114.6948717948717,807.3333333333334,4980.941025641026,39
8773,3,78.620,0,577.403,747.5455,245.502,3615.57425,40
8778,3,78.620,5,628.3746938775511,1086.603469387755,919.6583673469388,5387.615918367347,49
8779,3,78.620,6,571.9118181818181,1178.5718181818183,989.4224242424242,5510.548787878788,33
8785,3,78.630,3,347.92809523809524,922.7909523809524,842.9838095238096,4549.917619047619,21
8786,3,78.630,4,699.839375,1221.1458333333333,764.333125,5485.323333333334,48
8787,3,78.630,5,659.8388888888888,1126.9635802469136,741.7471604938271,5029.846049382716,81
8788,3,78.630,6,646.3182142857142,1146.8917857142858,1002.8160714285714,5516.9857142857145,28
8802,3,78.650,4,1001.9260869565217,1167.5647826086956,1361.9747826086955,7012.361304347826,23
8803,3,78.650,5,661.3713333333333,1208.7226666666668,1117.3776666666668,5869.127666666667,30
8804,3,78.650,6,617.1500000000001,1187.790909090909,1173.6154545454547,5851.000909090909,22
8810,3,78.660,5,473.8765306122449,1328.6363265306122,888.4708163265306,5553.361020408163,49
8811,3,78.660,6,466.18777777777774,1173.8355555555556,817.7970370370371,4922.325925925926,27
8816,3,78.670,2,941.0880487804878,992.8731707317074,827.4180487804878,5485.786585365854,41
8817,3,78.670,3,481.4226666666666,1049.5882666666666,720.5685333333333,4860.9001333333335,75
8818,3,78.670,4,543.0696739130435,1094.6389130434782,719.2503260869565,5290.33,92
8819,3,78.670,5,665.3968131868132,1190.947087912088,925.803846153846,5860.553681318682,182
8820,3,78.670,6,564.1164473684211,1224.9281578947368,1020.6643421052632,5846.944078947368,76
8821,3,78.670,8,749.3577777777778,1196.3837037037038,884.3951851851853,5575.645925925926,27
8826,3,78.680,4,431.7985185185185,876.6592592592592,542.3737037037037,4365.532962962963,27
8827,3,78.680,5,440.7397619047619,1037.411904761905,731.4571428571429,4732.677857142857,42
8833,3,78.690,4,685.054745762712,1304.6874576271186,1172.9264406779662,6491.558305084745,59
8834,3,78.690,5,838.6163247863248,1310.9098290598292,1465.5389743589744,7074.168717948718,117
8835,3,78.690,6,854.6303448275862,1427.8362068965516,1329.9551724137932,6625.951034482759,29
8856,3,79.020,5,119.545,1532.2166666666667,1417.6391666666668,4635.9675,36
8857,3,79.020,6,127.02,1118.6088,1016.9968000000001,3536.7515999999996,25
8914,3,79.150,6,3033.559090909091,3050.201363636363,2703.5872727272726,15481.483181818183,22
8915,3,79.150,8,4203.644318181819,3594.7065909090907,2695.1945454545453,17013.62068181818,44
8916,3,79.150,9,4372.100307692308,4433.050461538461,3287.258,19553.817846153845,65
8966,3,79.310,0,2366.0114285714285,1296.1064285714285,704.8842857142857,9670.318333333333,42
8967,3,79.310,1,3604.9566666666665,1641.2004761904761,1897.948095238095,13939.687142857143,21
8970,3,79.310,4,8252.6021875,2682.368125,4402.8846875,24118.41375,32
8971,3,79.310,5,4720.826767676767,2247.6690909090908,2735.578383838384,16853.292424242423,99
8972,3,79.310,6,5577.186949152543,3135.62813559322,3366.7530508474574,20536.17813559322,59
8973,3,79.310,8,4198.671341463414,2682.089512195122,2175.908292682927,16578.84487804878,82
8974,3,79.310,9,5014.202666666666,2665.8946666666666,2155.018333333333,16240.218333333332,30
8976,3,79.320,1,5432.2381081081085,1564.6327027027028,1602.7843243243242,13536.76918918919,37
8977,3,79.320,2,3882.66,2064.554166666667,3211.0145833333336,18045.330833333333,24
8979,3,79.320,4,4107.0056,2158.4882000000002,3219.9484,18753.8472,50
8980,3,79.320,5,4148.272380952381,2070.3326984126984,2795.1453174603175,15398.511428571428,126
8981,3,79.320,6,3652.415443037975,2210.1598734177214,2466.7456962025317,14672.541518987342,79
8982,3,79.320,8,5485.233018867924,2396.1890566037737,2715.962452830189,17881.651132075473,53
8988,3,79.330,5,2156.138,1829.2135999999998,2027.7828,10982.358,25
8994,3,79.340,3,2931.0509090909095,1129.1330303030302,2553.231818181818,13299.952727272728,33
8995,3,79.340,4,2139.69,1120.7787755102042,2119.8702040816324,10208.19081632653,49
8996,3,79.340,5,1065.8483582089552,1204.9988059701493,1989.7437313432833,8627.91328358209,67
9005,3,79.350,5,9596.103333333334,3939.9768253968255,5715.851587301588,28538.46523809524,63
9006,3,79.350,6,4678.961219512195,3606.6358536585367,3707.1221951219513,19628.700975609754,41
9007,3,79.350,8,6141.326292134832,4763.392584269663,4333.241573033708,24627.481011235956,89
9008,3,79.350,9,5336.241511627907,4695.658488372093,4242.5988372093025,24902.649186046514,86
9010,3,79.360,1,4099.11875,1992.06375,2209.496875,13469.435,32
9011,3,79.360,2,5101.20724137931,2458.0920689655172,2799.168620689655,19276.696551724137,29
9012,3,79.360,3,7548.299999999999,2448.805393258427,3362.1977528089883,22228.732022471908,89
9013,3,79.360,4,5704.856504854369,2632.9786407766987,3562.0690291262135,19683.47669902913,103
9014,3,79.360,5,6541.169816513761,2742.4393577981655,3878.6060550458715,21021.97779816514,218
9015,3,79.360,6,5353.652407407407,2883.6359259259257,3752.3578703703706,19977.527037037038,108
9016,3,79.360,8,4414.57675,3047.458125,2842.067625,17385.483625,80
9020,3,79.370,3,4774.955217391304,2204.6395652173915,3217.5447826086956,15752.640869565217,23
9021,3,79.370,4,5452.690930232558,2270.281395348837,3995.705581395349,20153.15023255814,43
9022,3,79.370,5,3153.443098591549,1959.8126760563382,2941.4378873239434,15292.971549295775,71
9034,3,79.390,1,2329.623846153846,1574.4076923076923,1990.7115384615386,12805.045,26
9035,3,79.390,2,3969.258333333333,1722.9683333333332,2536.982916666667,13936.34375,24
9036,3,79.390,3,4678.887179487179,1989.3776923076923,2678.777692307692,14855.536923076925,39
9037,3,79.390,4,4778.74493670886,2385.387594936709,2703.1364556962026,16208.721518987342,79
9038,3,79.390,5,6289.516815642458,2868.8879888268157,3597.3088826815642,19432.994748603352,179
9039,3,79.390,6,6080.651744186046,3252.2318604651164,3789.15,20606.386860465118,86
9040,3,79.390,8,3933.358387096774,2834.309516129032,2764.683387096774,16213.25629032258,62
9167,3,80.510,4,4020.129166666667,2803.366666666667,2556.7712500000002,15044.799583333333,24
9168,3,80.510,5,4288.484155844156,2791.6584415584416,2891.0755844155847,16780.603246753246,77
9169,3,80.510,6,5211.8,3290.3074074074075,3419.892962962963,18625.857407407406,54
9170,3,80.510,8,3452.686578947368,3197.2397368421052,3344.4976315789477,15934.16289473684,38
9176,3,80.511,5,3787.8914285714286,2308.024081632653,1998.712448979592,13237.235102040817,49
9181,3,80.520,3,96.20193548387097,1219.241935483871,958.501935483871,4835.952258064516,31
9182,3,80.520,4,143.37061728395062,1332.3604938271606,1144.6192592592593,5356.127530864198,81
9183,3,80.520,5,148.74353333333332,1382.7913333333333,1104.815,5425.320533333333,150
9184,3,80.520,6,133.48729411764705,1559.3294117647058,1148.872117647059,5872.6475294117645,85
9185,3,80.520,8,294.22707692307694,1656.2953846153846,1263.4987692307693,6453.453538461538,65
9186,3,80.520,9,139.02761904761905,1739.047619047619,1168.587619047619,6225.958095238095,21
9190,3,80.590,4,992.345,1366.06,1061.66725,7394.483749999999,40
9191,3,80.590,5,1022.7722807017543,1520.7105263157894,1351.7333333333333,7742.259649122807,114
9192,3,80.590,6,1024.7374647887325,1711.312676056338,1638.7308450704224,8415.555915492958,71
9193,3,80.590,8,1144.768431372549,1662.0666666666666,1736.4939215686275,8577.783529411765,51
9281,3,81.080,5,27307.749722222223,3789.744444444444,5541.8575,45684.72388888889,36
9282,3,81.080,6,32162.327058823532,4014.2029411764706,6490.1626470588235,52311.42088235294,34
9283,3,81.080,8,30815.704000000005,4373.5371428571425,6117.208571428571,51194.25342857143,35
9320,3,81.470,5,3904.8865384615387,2022.3432692307692,1665.1651923076922,13360.909230769232,52
9321,3,81.470,6,3311.0109523809524,1829.5690476190475,1294.1095238095238,11362.230476190476,21
9329,3,81.510,5,12820.373026315789,3344.7461842105263,4501.102105263158,31339.5425,76
9330,3,81.510,6,11783.226507936508,3511.6449206349207,3900.026349206349,31095.483333333334,63
9331,3,81.510,8,13498.128043478262,4185.196739130434,3743.793260869565,30841.426086956522,46
9335,3,81.520,8,11050.613513513514,3775.321891891892,3554.45,27667.46189189189,74
9336,3,81.520,9,13763.680714285714,4734.064183673469,4546.869285714286,32770.40255102041,98
9338,3,81.540,4,13102.045,3507.5535714285716,4305.457857142857,29880.93392857143,28
9339,3,81.540,5,13305.711571428572,3363.4860714285714,4805.875499999999,30649.08685714286,140
9340,3,81.540,6,13339.649709302326,3340.322965116279,4921.304476744186,30895.43738372093,172
9341,3,81.540,8,15443.90625,3496.876770833333,4891.394375,33430.9271875,96
9346,3,81.650,6,3967.233950617284,2181.676296296296,1704.0571604938273,11344.821234567902,81
9347,3,81.650,8,4252.648880597015,2604.063432835821,1950.1948507462687,12639.488059701493,134
9348,3,81.650,9,3071.407142857143,2477.035714285714,1666.3224675324675,12400.491168831168,77
9350,3,81.660,5,2915.491904761905,2453.0695238095236,1909.8938095238098,13470.533333333335,21
9351,3,81.660,6,3381.314903846154,2930.644230769231,1841.103076923077,14799.214903846154,104
9352,3,81.660,8,3991.0331818181817,2896.4404545454545,1609.1423295454545,14008.935170454544,176
9353,3,81.660,9,4395.065274725274,3396.4702197802194,1777.055054945055,16530.04626373626,91
9370,3,81.910,4,53.272380952380956,1032.509523809524,1406.0957142857144,4874.227142857143,21
9371,3,81.910,5,58.2790625,1296.0359375,1493.328125,5128.895625,64
9372,3,81.910,6,61.429420289855074,1297.4521739130435,1617.954927536232,5183.3459420289855,69
9373,3,81.910,8,61.098679245283016,1496.9075471698113,1785.8384905660378,5465.853773584906,53
9374,3,81.910,9,69.27857142857142,1509.5238095238096,949.5957142857142,4175.201904761905,21
9378,3,81.920,4,143.44279999999998,1229.9866666666667,1097.8756,5157.9716,75
9379,3,81.920,5,129.56524038461538,1317.2194230769232,1482.323701923077,5848.615192307692,208
9380,3,81.920,6,89.12392156862745,1481.0225490196078,1659.9284803921566,6105.37725490196,204
9381,3,81.920,8,92.40720430107528,1695.5450537634408,1694.8082795698926,6368.405322580645,186
9382,3,81.920,9,156.64890625,1920.334375,2096.45328125,6854.2378125,64
9422,3,82.210,5,167.94500000000002,941.7636363636364,338.195,2579.691363636364,22
9455,3,82.450,5,379.3162162162162,917.3756756756757,955.4056756756758,4562.981351351351,37
9519,3,83.310,5,280.1786956521739,1049.1108695652174,285.28826086956525,3048.9060869565214,23
9532,3,83.390,5,259.954,1145.7556,412.6562,3746.0526,50
9533,3,83.390,6,446.32848484848483,1291.100606060606,689.030606060606,4702.713333333333,33
9534,3,83.390,8,269.6027272727273,1792.6536363636362,623.0272727272727,5500.476363636363,22
9591,3,83.910,3,42.603846153846156,971.0076923076924,1388.1310256410256,5821.702820512821,39
9592,3,83.910,4,23.267049180327867,1191.1590163934425,1214.953606557377,5226.533114754098,61
9593,3,83.910,5,43.68532846715329,1116.9350364963504,1354.5097810218979,5947.326642335766,137
9594,3,83.910,6,107.64791208791208,1312.2848351648352,1683.5521978021977,6440.729780219781,91
9595,3,83.910,8,27.76026315789474,1354.3263157894737,1524.1994736842105,5725.508815789473,76
9596,3,83.910,9,679.2904347826087,1354.8,3073.062173913044,9213.843913043478,23
9600,3,83.980,4,32.7672,812.24,172.9788,4463.61,25
9601,3,83.980,5,39.964285714285715,1074.517857142857,1165.0757142857142,5931.795,28
9602,3,83.980,6,194.10733333333334,1297.3166666666666,1623.0066666666667,6372.156,30
9603,3,83.980,8,21.7388,1259.84,834.1139999999999,5220.8328,25
9633,3,84.3x0,5,1057.8792592592592,943.0925925925926,1646.1137037037038,6098.507037037037,27
9667,3,85.210,4,1716.1076923076923,1316.1628205128204,236.81717948717946,4634.879743589743,39
9668,3,85.210,5,1918.068,1612.236,391.32199999999995,5391.3808,25
9701,3,86.010,5,428.4213043478261,2303.357391304348,1617.893913043478,7447.535652173913,23
9709,3,86.040,4,1576.8444827586206,1277.451724137931,2032.6606896551723,8234.284137931034,29
9710,3,86.040,5,1194.9623076923076,1651.2553846153846,1256.7979487179489,6612.094102564102,39
9711,3,86.040,6,647.696,1376.72,1422.9460000000001,5693.784799999999,25
9712,3,86.040,8,1120.30125,2010.9541666666667,2299.7716666666665,9349.572916666666,24
9742,3,86.220,1,2649.1990476190476,1848.5076190476193,1958.2057142857143,10106.851428571428,21
9743,3,86.220,2,397.58818181818185,1071.5136363636364,1297.703181818182,4454.011818181818,22
9744,3,86.220,3,1134.9414705882355,1266.2373529411764,1802.0673529411765,7288.628823529412,34
9745,3,86.220,4,1017.50421875,1387.850625,1622.96703125,7540.76828125,64
9746,3,86.220,5,1359.371875,1566.1427083333335,1766.2441666666666,7647.458125,96
9747,3,86.220,6,1102.2874285714286,1748.6038571428571,2271.204,9067.121571428572,70
9748,3,86.220,8,927.6655999999999,1927.3838,2049.8794,8313.5314,50
9765,3,86.280,2,1691.025,1216.6045454545454,1116.810909090909,7169.436818181819,22
9766,3,86.280,3,176.99485714285714,1788.78,1201.0877142857144,4828.844,35
9767,3,86.280,4,1274.093043478261,1532.3695652173913,1328.2441304347826,6922.555869565217,46
9768,3,86.280,5,189.31988636363633,1777.8635227272725,1308.5214772727272,5284.039204545455,88
9769,3,86.280,6,307.1301612903226,1927.9491935483873,1869.4779032258066,6692.366612903225,62
9770,3,86.280,8,1046.919111111111,3086.8324444444443,1775.7904444444446,9235.543777777779,45
9771,3,86.280,9,173.60285714285715,2698.1475,1331.0142857142857,6948.285000000001,28
9774,3,86.3x0,2,145.595,785.8782608695652,252.80826086956523,2223.0621739130434,46
9775,3,86.3x0,3,181.48475000000002,1042.758875,290.0675,2884.8443749999997,80
9776,3,86.3x0,4,171.82643564356437,996.0582178217823,392.38811881188116,2622.763861386139,101
9777,3,86.3x0,5,156.04110429447854,981.961717791411,324.4168711656442,2561.0623926380367,163
9778,3,86.3x0,6,163.04273684210526,1287.5114736842104,417.4441052631579,3094.718947368421,95
9779,3,86.3x0,8,200.1113793103448,1233.0660344827586,587.4596551724138,3415.9644827586208,58
9798,3,86.590,2,212.68612903225807,1086.601612903226,1434.486129032258,4393.031612903226,31
9799,3,86.590,3,194.95379310344828,1292.0189655172414,797.6013793103448,3707.15275862069,29
9800,3,86.590,4,232.95098039215685,1483.873725490196,1374.5535294117647,5123.810588235294,51
9801,3,86.590,5,431.74790476190475,2272.3310476190477,2015.2527619047619,7458.358380952381,105
9802,3,86.590,6,199.64117647058825,1972.460294117647,1806.2186764705882,6016.0633823529415,68
9803,3,86.590,8,238.9840677966102,2097.397288135593,2288.4050847457625,7651.730508474576,59
9804,3,86.590,9,335.78499999999997,2399.5776470588235,1718.055,6535.838529411765,34
9848,3,86.750,5,334.6531818181818,1583.138181818182,2341.6536363636365,6473.606363636363,22
9881,3,87.030,5,43.01533333333334,1616.6966666666667,607.5116666666668,3191.673666666667,30
9882,3,87.030,6,83.87904761904763,2166.6333333333337,704.5314285714286,3926.834285714286,21
9883,3,87.030,8,123.80777777777777,2452.838888888889,821.9583333333334,4635.493888888889,36
9884,3,87.030,9,124.45551724137931,2711.7241379310344,923.3668965517242,4942.443103448276,29
9893,3,87.410,4,73.83714285714285,1852.8095238095239,763.6495238095238,3701.9866666666667,21
9894,3,87.410,5,54.19757142857143,1751.5442857142857,714.4764285714285,3581.8254285714283,70
9895,3,87.410,6,72.58796875,1993.815625,1004.3390625000001,4362.87234375,64
9896,3,87.410,8,88.235,2004.8096774193548,970.5714516129033,4418.677419354839,62
9897,3,87.410,9,76.46408163265306,1985.608163265306,913.2212244897959,4299.207755102041,49
9898,3,87.440,0,4.065616438356165,667.4876712328767,424.80904109589045,2046.1894520547944,73
9940,3,88.410,6,1525.1095454545457,2717.1436363636367,2978.833181818182,11257.721818181819,22
9941,3,88.410,8,3115.473428571429,3031.710285714286,3003.172,13126.808285714285,35
9965,3,88.550,4,882.7754545454546,2551.981818181818,1116.705909090909,7106.735000000001,22
9966,3,88.550,5,983.3382644628099,2534.7287603305786,1297.0829752066115,7400.427768595041,121
9967,3,88.550,6,1072.3783,2518.9489000000003,1681.5258999999999,8106.6938,100
9968,3,88.550,8,1130.6299193548389,2846.6981451612905,1822.3795161290323,8837.128548387096,124
9969,3,88.550,9,1572.7337499999999,3023.2200000000003,2368.58525,10370.383749999999,40
9974,3,88.560,8,1236.7138095238097,2664.7676190476186,1949.550476190476,10011.051904761905,21
10007,3,88.760,0,3.239375,652.30625,292.4184375,1605.61,32
10046,3,89.370,5,70.39914285714285,1469.2285714285715,816.3014285714286,4121.049142857143,35
10047,3,89.370,6,93.27914285714286,1811.3828571428571,1162.546285714286,5101.656857142857,35
10048,3,89.370,8,89.24428571428572,1811.9942857142858,1099.142285714286,5055.144285714286,35
10062,3,89.520,5,78.86766666666668,1333.48,1436.6446666666666,4335.449333333333,30
10063,3,89.520,6,80.34218750000001,1619.559375,1107.550625,3973.8696875,32
10064,3,89.520,8,83.61685714285714,1813.1342857142856,1420.1380000000001,4653.980571428571,35
10066,3,89.540,0,175.37759999999997,1024.184,429.1024,3018.2408,25
10068,3,89.540,2,197.6639130434783,1565.9747826086955,847.4686956521739,3903.410869565217,23
10069,3,89.540,3,120.87142857142858,1646.8185714285714,1215.2864285714284,4610.1046428571435,28
10070,3,89.540,4,144.36833333333334,1481.816111111111,981.8200000000002,3742.2269444444446,36
10071,3,89.540,5,135.774,1928.9816923076924,1389.8663076923076,5041.991538461539,65
10072,3,89.540,6,259.0649523809524,2128.448952380952,2262.096380952381,7621.2169523809525,105
10073,3,89.540,8,167.08033898305086,2091.0233898305087,2265.8624858757066,7249.375875706215,177
10074,3,89.540,9,241.38058823529414,2182.6598161764705,1787.2229779411766,7231.313492647059,272
10081,3,89.600,8,187.98289473684213,3328.095,3301.831052631579,10438.555789473685,38
10082,3,89.600,9,100.05783333333333,2120.371666666667,1535.0963333333334,6766.456166666667,60
10095,3,89.650,5,70.81447368421053,1910.845,1216.6363157894737,4642.167894736842,38
10096,3,89.650,6,110.13958333333333,2261.1045833333333,1563.0754166666666,5774.419166666667,24
10097,3,89.650,8,84.19384615384615,2518.5910256410257,1198.1507692307691,5338.3151282051285,39
10098,3,89.650,9,69.604,2525.3,1663.1166666666666,6332.802000000001,45
10114,3,92.240,5,869.466875,3304.215625,2858.940625,29293.4803125,32
10115,3,92.240,6,525.6057894736842,3010.9500000000003,2812.085789473684,30981.86078947368,38
10116,3,92.240,8,428.39099999999996,3217.575,2567.37425,33391.52175,40
10127,3,92.310,5,1709.7000000000003,3161.352380952381,4463.789523809524,37314.43714285715,21
10164,3,93.260,5,94.12206896551724,1198.3103448275863,1541.3489655172414,5495.746896551725,29
10165,3,93.260,6,101.58724137931034,1883.8241379310346,1816.0710344827585,7064.841034482758,29
10166,3,93.260,8,81.05545454545455,1281.359090909091,1946.8659090909093,7475.621363636365,22
10170,3,93.350,0,30.39075471698113,771.9490566037737,409.7898113207547,2118.062075471698,106
10171,3,93.350,1,37.76892156862745,788.0813725490196,522.1853921568628,2677.724117647059,102
10172,3,93.350,2,67.90439024390244,813.7207317073171,693.4982926829268,3504.73987804878,82
10173,3,93.350,3,37.20810810810811,1140.031081081081,962.8846621621622,4302.018445945946,148
10174,3,93.350,4,38.95608856088561,1119.5740959409595,873.1157195571956,4339.329741697417,271
10175,3,93.350,5,83.6667944250871,1278.955174216028,1282.767944250871,5018.43149825784,574
10176,3,93.350,6,53.7753514739229,1411.3151247165533,1428.5513832199547,5141.738299319728,441
10177,3,93.350,8,87.96837937384899,1545.427034990792,1704.546132596685,5771.480368324125,543
10178,3,93.350,9,80.71888888888888,1679.4352222222224,1649.1565925925927,6367.777703703704,270
10179,3,93.351,0,34.43838709677419,648.6741935483872,421.92806451612904,2170.532258064516,31
10181,3,93.351,2,78.14076923076924,1098.7123076923076,722.2923076923078,3347.5492307692307,26
10182,3,93.351,3,39.38204081632653,1185.0530612244897,860.7557142857142,4000.8030612244897,49
10183,3,93.351,4,50.1385,1352.476,1022.1685000000001,4605.3009999999995,100
10184,3,93.351,5,34.20008163265306,1519.6689387755102,1136.7559591836737,4792.9746938775515,245
10185,3,93.351,6,49.77304347826087,1554.5563975155278,1389.505341614907,5265.499689440993,161
10186,3,93.351,8,38.98763392857143,1537.8024107142858,1341.795089285714,4909.6789285714285,224
10187,3,93.351,9,72.6825,1693.6164285714287,1363.3671428571429,5423.042410714285,112
10188,3,93.352,0,34.99142857142857,609.4499999999999,349.17749999999995,1861.3725,28
10193,3,93.352,5,41.65027777777778,1287.7388888888888,699.7094444444444,4117.764722222222,36
10195,3,93.352,8,56.237692307692306,1387.8589743589744,1283.601794871795,4884.733846153846,39
10202,3,93.380,5,56.209583333333335,1531.3833333333332,1195.32,9793.70875,24
10204,3,93.380,8,108.48359999999998,2671.2464,2033.3424,14970.336400000002,25
10205,3,93.380,9,89.07518518518519,2047.8725925925926,2169.492962962963,13579.816296296296,27
10206,3,93.390,0,40.56078947368421,763.0631578947368,511.7194736842105,2366.593684210526,38
10209,3,93.390,3,175.31268292682927,1271.1743902439025,1091.3270731707316,5094.198536585365,41
10210,3,93.390,4,137.56344827586204,1211.965632183908,1067.6068965517243,4325.060919540229,87
10211,3,93.390,5,104.9539175257732,1414.5778350515463,1151.3809278350516,4750.192938144331,194
10212,3,93.390,6,70.15506097560976,1410.0880487804877,1166.125731707317,4566.944207317073,164
10213,3,93.390,8,212.55311688311687,1730.8023376623375,1310.6953896103896,5637.723571428572,154
10214,3,93.390,9,98.10209523809523,1669.8019047619048,1557.6849523809526,5942.42819047619,105
10215,3,93.391,0,36.82186170212766,622.4337765957447,419.1415691489362,2013.6343617021278,376
10216,3,93.391,1,22.903037974683542,647.920253164557,421.0156962025316,1834.6681012658228,79
10217,3,93.391,2,21.05,824.46,423.69419999999997,3209.947,50
10218,3,93.391,3,22.068703703703704,1026.4718518518519,615.3507407407408,3451.3698148148146,54
10219,3,93.391,4,43.32619718309859,1001.1394366197183,540.6060563380281,3578.2032394366197,71
10220,3,93.391,5,58.75519553072626,1184.5817877094973,916.007094972067,4247.964413407822,179
10221,3,93.391,6,72.65368421052631,1325.306947368421,1098.901842105263,4755.418789473684,190
10222,3,93.391,8,46.587500000000006,1506.425671641791,1233.8160447761195,4793.393432835821,268
10223,3,93.391,9,66.9890625,1541.45425,1158.3366250000001,5309.555375,160
10255,3,93.540,1,445.61622641509433,1152.945283018868,533.1347169811321,3170.449622641509,53
10256,3,93.540,2,639.7514814814815,1225.1185185185184,780.8659259259259,4252.4340740740745,27
10257,3,93.540,3,442.025303030303,1285.7739393939394,794.7151515151515,3776.353939393939,66
10258,3,93.540,4,419.01298076923075,1288.9346153846154,969.4823076923077,4146.328076923077,104
10259,3,93.540,5,476.88490196078436,1346.24931372549,1096.8786764705883,4452.757941176471,204
10260,3,93.540,6,402.5368,1622.4435999999998,1009.5378,4676.7246000000005,100
10261,3,93.540,8,329.8226595744681,1761.302340425532,1524.0568085106383,5596.9070212765955,94
10262,3,93.540,9,179.305,1894.429,1152.6622499999999,5843.74075,40
10305,3,93.900,5,329.55649350649355,3197.4453246753246,2369.6984415584416,10046.457662337662,77
10306,3,93.900,6,322.8322641509434,3247.695974842767,2683.161132075472,10531.958050314466,159
10307,3,93.900,8,340.2631318681319,3490.47282967033,3126.533076923077,12029.390302197802,364
10308,3,93.900,9,395.88936908517354,3799.4580126182964,3436.848895899054,13699.917034700316,317
10309,3,93.940,0,90.21761606022585,811.0323964868255,742.1204140526976,2577.1984065244665,797
10310,3,93.940,1,66.16897959183673,840.7738775510204,727.3261224489796,2403.9554081632655,98
10311,3,93.940,2,56.282051282051285,1123.123076923077,1007.512564102564,2986.6612820512823,39
10312,3,93.940,3,84.549375,1161.596875,892.2190625,2879.985,32
10313,3,93.940,4,72.09488372093023,1127.6697674418606,1280.5667441860467,3516.6220930232557,43
10314,3,93.940,5,98.17931034482758,1133.5386206896553,1330.2174137931036,3912.2956896551723,58
10315,3,93.940,6,80.81555555555555,1302.1577777777777,1469.351111111111,4266.101555555556,45
10316,3,93.940,8,91.84216666666666,1569.0366666666666,1773.7115000000001,5202.011833333334,60
10317,3,93.940,9,205.020490797546,1004.6071165644171,795.5906134969325,3332.503680981595,163
10322,3,93.960,0,66.45977777777777,835.38,474.73688888888887,2569.735333333333,45
10323,3,93.960,1,98.81555555555555,880.2333333333333,630.8381481481482,2528.578888888889,27
10324,3,93.960,2,60.7128125,1364.8643749999999,1008.5259374999999,3340.58875,32
10325,3,93.960,3,91.82300000000001,1607.592,807.7909999999999,4061.5823333333333,30
10326,3,93.960,4,86.50092307692307,1439.7532307692309,856.3896923076924,3542.28,65
10327,3,93.960,5,115.52284023668639,1896.7260355029587,1559.417573964497,5382.612544378699,169
10328,3,93.960,6,171.6296,1853.2088444444444,1567.354,5597.3676444444445,225
10329,3,93.960,8,106.04037142857142,2048.3276285714287,2000.2518,6494.855171428571,350
10330,3,93.960,9,119.75247648902821,2092.472946708464,1719.1486520376177,6288.580501567398,319
10333,3,93.980,8,98.52272727272727,1685.8045454545454,1749.919090909091,6060.291818181818,22
10334,3,93.980,9,114.12875000000001,1839.5125,1621.17875,6165.669999999999,24
10335,3,93.990,0,85.9675,1002.825,727.46175,3291.3442499999996,40
10337,3,93.990,9,103.60384615384615,1002.9615384615385,609.4130769230769,3179.5938461538462,26
10352,3,94.330,6,28.295714285714286,700.75,712.3985714285715,10642.872857142856,28
10353,3,94.330,8,29.674482758620687,763.5344827586207,648.3427586206897,9953.275862068966,29
10387,3,96.040,6,1565.1272222222221,4832.638611111111,5706.253611111111,19032.171944444446,36
10388,3,96.040,8,1203.4451562499999,5381.48515625,5689.04328125,19330.92765625,64
10389,3,96.040,9,933.5466,4877.8152,5470.5056,20501.106799999998,50
10401,3,96.140,2,131.4371875,640.71875,169.771875,1927.045,32
10470,3,96.710,5,679.3222857142857,3770.480285714286,2683.828,10785.853428571429,35
10471,3,96.710,6,1189.3932558139534,3851.526046511628,2902.717906976744,11558.413953488372,43
10472,3,96.710,8,771.8074626865672,3336.61,2414.1374626865672,9620.740298507462,67
10473,3,96.710,9,720.0996153846154,3957.4333333333334,2822.538846153846,11817.789102564104,78
10476,3,96.720,5,1039.2948,7049.7480000000005,9055.2164,30526.782400000004,25
10477,3,96.720,6,964.9857777777778,8759.034666666666,9916.321333333333,33404.28533333333,45
10478,3,96.720,8,1144.383717948718,9169.546153846153,10168.715641025641,34342.38923076923,78
10479,3,96.720,9,1582.09425,10566.5405,9236.227499999999,34456.345,80
10495,3,97.620,2,91.97857142857143,758.5971428571429,248.33742857142855,1968.0714285714287,35
10496,3,97.620,3,112.71561643835616,859.3426027397261,243.2086301369863,1998.4047945205477,73
10497,3,97.620,4,57.0681914893617,968.3411702127661,264.29648936170213,2129.0678723404258,94
10498,3,97.620,5,103.25801169590645,954.4597660818713,297.8671929824561,2169.191286549708,171
10499,3,97.620,6,64.09563829787234,919.2147872340425,281.94787234042553,2090.4915957446806,94
10500,3,97.620,8,37.42886363636364,830.2031818181819,235.40113636363637,1850.1156818181817,44
10505,3,97.710,3,201.69636363636363,861.7921212121212,353.32151515151514,2833.3115151515153,33
10506,3,97.710,4,198.7491891891892,1063.1398648648649,458.6712162162162,3388.712837837838,74
10507,3,97.710,5,146.5861224489796,1084.3114285714287,397.10571428571427,3149.5867346938776,49
10559,3,98.510,2,24.615757575757577,1041.528282828283,581.6409090909091,2823.0080808080806,99
10560,3,98.510,3,70.50442857142856,1053.961238095238,556.7615714285714,2960.041761904762,210
10561,3,98.510,4,23.638116591928252,1112.5666367713004,696.1789237668161,3238.540941704036,223
10562,3,98.510,5,45.48398791540785,1244.3639879154077,637.8235347432025,3295.2973716012084,331
10563,3,98.510,6,106.5171186440678,1361.192372881356,628.1213559322034,3417.652711864407,118
10564,3,98.510,8,28.03290322580645,1406.1624193548387,666.4830645161289,3315.2704838709674,62
10571,3,99.030,5,289.1119354838709,2581.490322580645,4404.1354838709685,11640.177741935484,31
10572,3,99.030,6,152.91794117647058,2348.770588235294,1834.1826470588235,7627.455588235294,34
10573,3,99.030,8,130.88777777777779,2566.867619047619,1562.0998412698411,7133.769047619048,63
10574,3,99.030,9,198.6551219512195,2624.1980487804876,2861.5031707317075,10305.459024390244,41
10580,3,99.040,5,79.93259259259258,2089.0925925925926,1482.681111111111,7608.872222222221,27
10581,3,99.040,6,50.92652173913043,2200.0456521739134,1137.5017391304348,6898.7917391304345,23
10582,3,99.040,8,85.4482,2205.5842000000002,1188.4688,6720.781999999999,50
10583,3,99.040,9,79.10478260869566,2333.875652173913,824.3443478260871,6118.886521739129,23
10597,3,99.100,8,451.4038095238095,4292.3909523809525,7280.11619047619,15826.865238095237,21
10609,3,99.210,0,25.55046979865772,716.7791946308726,435.0110738255034,1930.8416107382552,149
10621,3,99.250,1,500.49484848484855,2503.133333333333,6439.145454545454,11427.955454545454,33
10623,3,99.250,3,214.89520000000002,1572.92,4315.8715999999995,7438.214,25
10624,3,99.250,4,306.1180582524272,1456.0873786407767,2718.03213592233,5695.103883495145,103
10625,3,99.250,5,233.4863888888889,1340.5631944444444,2037.8065277777778,4605.211499999999,360
10626,3,99.250,6,299.93067055393584,1472.3443731778425,2125.851632653061,5051.870699708455,343
10627,3,99.250,8,269.0201369863014,1555.7812785388128,2064.9404566210046,5090.512557077625,219
10637,3,99.280,5,78.80422535211268,1426.5985915492959,1193.3053521126762,3188.025633802817,71
10638,3,99.280,6,62.46764705882353,1476.9235294117648,1144.3407843137254,3203.477254901961,51
10639,3,99.280,8,80.546,1216.154,1101.8416,2934.6124,50
10645,3,99.290,4,70.99074074074075,869.6407407407407,1012.7251851851853,4257.772222222223,27
10646,3,99.290,5,49.54275862068965,1091.251724137931,936.7162068965517,4017.3162068965516,58
10647,3,99.290,6,50.087555555555554,1123.6577777777777,1126.3446666666666,4974.324,45
10648,3,99.290,8,79.53148148148148,1323.7694444444444,1221.385925925926,5526.66925925926,54
10653,3,99.600,8,269.83714285714285,2806.802857142857,1974.39,7401.358571428571,21
10681,3,99.820,4,14.004146341463414,1104.3268292682926,1452.179756097561,4406.309512195122,41
10682,3,99.820,5,14.78359375,1126.8171875,1118.04609375,3610.6515625,64
10683,3,99.820,6,25.44965517241379,1385.3620689655172,1320.7241379310344,4439.937241379311,29
10690,3,99.830,5,19.399545454545457,1636.109090909091,664.4568181818181,4033.582727272727,22
10693,3,99.830,9,48.10711491442543,1346.9102689486554,141.72378973105134,3641.2484107579467,409
10694,3,99.850,0,65.8564,979.134,617.05732,2939.3397200000004,250
10699,3,99.850,5,36.68782608695652,1530.2173913043478,581.888695652174,4151.537826086957,23
10702,3,99.850,9,102.16666666666667,1008.0290598290597,659.7207692307693,3232.1070940170944,117
10703,3,99.920,0,29.116644823066842,539.3916120576671,520.7026605504587,2125.5173918741807,763
10704,3,99.920,1,32.71480099502487,759.685447761194,466.78300995024875,2594.5697512437814,402
10705,3,99.920,2,67.68117359413203,1002.2068459657701,661.6283129584351,3690.9672127139365,409
10706,3,99.920,3,26.339162011173183,1085.3998547486033,739.4563240223464,4076.687508379888,895
10707,3,99.920,4,34.38848822800495,1176.771920693928,845.1814436183396,4584.686809169764,1614
10708,3,99.920,5,36.19084815756035,1360.8260133418044,1040.980047649301,5106.639510800508,3148
10709,3,99.920,6,55.56736681222708,1515.2320087336243,1255.7603973799128,5625.934576419214,2290
10710,3,99.920,8,54.42880707527766,1718.9680049362403,1332.132303578774,5933.218967503085,2431
10711,3,99.920,9,73.02379002233805,2117.1369843633656,1525.219314966493,7095.624914370812,1343
10719,4,,0,76.43578585921648,715.4476603714687,606.3483221476511,2553.6135320742937,6407
10720,4,,1,59.936702649656524,983.6066830225711,666.6376398429833,2964.263052011776,2038
10721,4,,2,76.75780852241283,1174.3432816823465,803.3290647482015,3535.345213060321,1807
10722,4,,3,119.740115990058,1484.370874067937,1252.6861184755592,4674.436014913007,2414
10723,4,,4,104.79199547949628,1707.7962253793994,1213.105598966742,5013.066390054892,3097
10724,4,,5,133.45193738375698,1966.8237802231865,1459.4188158710476,5531.992369807812,6452
10725,4,,6,126.03577863362358,2165.345433690556,1596.4547203616878,5890.904601473543,5972
10726,4,,8,120.99305867075905,2269.3356675717155,1590.5944929760358,5993.477537480817,8471
10727,4,,9,158.61191201594534,2431.324363610478,1635.7753288724373,7202.015455580866,7024
10854,4,03.310,1,282.02809523809526,3561.098095238095,1119.324761904762,9191.770952380952,21
10856,4,03.310,3,1443.8200000000004,4888.7416,4288.3932,17681.1832,25
10858,4,03.310,5,650.2390625,5219.533125,5410.1259375,20477.57875,32
10872,4,03.530,5,9583.804545454546,3603.8981818181815,3846.5190909090907,25274.378181818178,22
10935,4,04.810,5,81.80193548387098,1846.8145161290322,1262.5787096774195,8161.454193548388,31
10936,4,04.810,6,181.1871875,1931.6984375,2166.1921875,11556.5496875,32
10937,4,04.810,8,190.29048780487804,1639.7707317073173,897.4985365853659,7077.050487804878,41
10962,4,06.2x0,2,350.32142857142856,3444.5714285714284,3757.67619047619,24525.315714285716,21
10963,4,06.2x0,3,995.4563636363637,3537.600909090909,3719.9968181818185,26462.368863636362,44
10964,4,06.2x0,4,1560.3032142857141,3270.4928571428572,2815.2425,22351.33357142857,28
10965,4,06.2x0,5,1457.2820689655173,3495.1793103448276,2451.9351724137928,19837.726206896554,29
11113,4,11.320,6,884.2855172413792,624.4224137931035,238.59172413793104,3459.6817241379313,29
11118,4,11.390,5,376.56428571428575,732.4147619047619,206.92333333333335,2592.2833333333333,21
11119,4,11.390,6,395.4697142857143,766.1085714285714,271.86,3053.4671428571432,35
11120,4,11.390,8,726.2543478260869,686.9569565217391,400.90478260869565,2978.1804347826082,23
11157,4,13.410,4,8938.445263157895,766.8097368421053,560.5242105263158,13325.77894736842,38
11158,4,13.410,5,7713.37131147541,868.7405327868853,426.5214344262295,11780.188032786884,244
11159,4,13.410,6,6713.207976190476,859.9946088435374,557.104574829932,10562.397125850339,588
11160,4,13.410,8,5432.240068493151,865.6907762557078,540.7186757990868,9119.518333333333,876
11161,4,13.410,9,4111.9857142857145,906.8256043956045,448.7560439560439,7876.340659340659,273
11168,4,13.710,6,3939.6389552238807,980.4237313432835,236.45820895522388,7942.260149253732,67
11169,4,13.710,8,3747.798717948718,1005.188376068376,248.34444444444443,7688.9260683760685,117
11170,4,13.710,9,2660.906571428571,1002.9088571428571,209.24142857142857,6509.535142857143,35
11223,4,15.3x0,0,305.56115384615384,566.6384615384616,410.1453846153846,6780.503461538461,26
11274,4,17.130,5,4733.721785714285,1411.9575,790.7089285714285,10213.742499999998,28
11275,4,17.130,6,5269.996551724138,1661.606896551724,840.0044827586207,11240.581379310344,29
11313,4,17.912,0,30.165569105691056,536.92418699187,353.5153252032521,1768.5889837398374,246
11314,4,17.912,1,20.865161290322582,590.6935483870968,440.0509677419355,1948.462580645161,31
11316,4,17.912,3,10.409032258064517,599.2483870967742,336.43806451612903,2616.814838709677,31
11317,4,17.912,4,15.3676,817.0024000000001,552.8162,3449.2902000000004,50
11318,4,17.912,5,20.272210526315792,970.0145263157896,854.525052631579,4096.2581052631585,95
11319,4,17.912,6,30.311333333333334,1163.8081333333334,868.3858666666667,4333.22,75
11320,4,17.912,8,40.65420289855072,1469.388695652174,1093.0466666666666,5546.753333333333,69
11321,4,17.912,9,51.608666666666664,1358.3642222222222,932.0422222222222,4300.991777777778,45
11327,4,17.913,5,28.626190476190477,1040.7238095238095,364.4371428571429,2408.172857142857,21
11355,4,17.950,0,65.1625806451613,629.7188940092166,749.621866359447,2499.2676267281104,434
11356,4,17.950,1,57.62936507936508,770.9619047619047,819.9926984126985,2577.945873015873,63
11357,4,17.950,2,35.729729729729726,1119.7513513513513,741.0983783783784,2938.5713513513515,37
11358,4,17.950,3,27.374615384615385,1218.6057692307693,673.6342307692308,3153.1867307692305,52
11359,4,17.950,4,38.503375,1464.9424999999999,900.2092500000001,3763.4318749999998,80
11360,4,17.950,5,42.87258426966292,1598.3269662921348,1066.0469662921348,4369.259831460674,178
11361,4,17.950,6,56.407910447761196,2031.5567164179106,1301.4711940298507,5134.633980099503,201
11362,4,17.950,8,55.63942965779468,2212.7003802281365,1376.0589353612168,5459.38524714829,263
11363,4,17.950,9,61.24711111111111,2494.061111111111,1727.7467777777777,6255.978611111111,180
11364,4,17.951,0,30.245212765957447,603.1047872340425,345.1887234042553,1826.958829787234,94
11365,4,17.951,1,24.277083333333334,672.8729166666667,385.1091666666667,1835.36125,24
11366,4,17.951,2,16.306774193548385,697.9145161290322,325.4861290322581,1696.688064516129,31
11367,4,17.951,3,19.0892,752.242,424.79760000000005,1932.2128,25
11368,4,17.951,4,26.820212765957447,1023.9531914893618,563.5212765957447,2652.932978723404,47
11369,4,17.951,5,23.626282051282054,1166.325,816.4910256410257,3213.251282051282,78
11370,4,17.951,6,42.645773195876295,1477.3025773195877,931.6298969072166,4182.92,97
11371,4,17.951,8,42.44282051282051,1580.2076923076922,838.3187179487179,4247.630128205128,78
11372,4,17.951,9,56.1177358490566,1470.0764150943396,959.3833962264151,4317.924716981132,53
11394,4,17.970,5,196.5517857142857,1330.7178571428572,923.6007142857143,3948.0103571428567,28
11396,4,17.970,8,81.15464285714286,1592.675,704.8310714285715,3943.569285714286,28
11420,4,18.110,5,28.29227272727273,1014.9681818181817,604.3431818181817,2703.846818181818,22
11633,4,22.530,4,779.02625,1392.2458333333334,999.9029166666666,9116.767916666666,24
11634,4,22.530,5,970.2690566037736,1310.4181132075473,1259.712641509434,8987.702264150943,53
11753,4,28.3x0,0,226.03450704225352,1797.86338028169,696.0856338028168,9079.67028169014,71
11762,4,28.6x0,0,1190.7066666666667,1339.260606060606,1071.4360606060607,10502.621515151515,33
11774,4,29.110,5,134.3044117647059,1604.2058823529412,839.7094117647058,5515.525588235294,34
11775,4,29.110,6,65.98451612903226,1823.9451612903226,1170.9341935483872,6466.97,31
11776,4,29.110,8,95.07333333333334,2191.237037037037,1176.507037037037,4954.05,27
11791,4,30.090,3,428.0426086956522,1075.0347826086957,1187.9891304347825,6828.65,23
11792,4,30.090,4,380.22029411764703,1159.4147058823528,1140.5255882352942,7599.433235294117,34
11793,4,30.090,5,520.8606,1345.642,854.5848,6577.397,50
11794,4,30.090,6,517.8,1525.7380952380952,1272.8638095238096,8304.806666666667,21
11822,4,31.420,2,65.22111111111111,999.8518518518518,489.26629629629633,2265.257037037037,27
11823,4,31.420,3,65.47681818181819,1344.08,827.4613636363637,3206.4695454545454,22
11824,4,31.420,4,57.1227027027027,1666.0486486486486,1010.994054054054,5279.35027027027,37
11825,4,31.420,5,136.10462686567163,1708.8626865671642,1102.121343283582,5712.342089552239,67
11826,4,31.420,6,82.85864864864865,1480.4216216216216,1002.8578378378378,4357.187567567567,37
11827,4,31.420,8,168.4668888888889,1993.8853333333332,1462.728888888889,6094.196,45
11845,4,32.200,3,2156.3013043478263,4978.399130434782,2206.4608695652173,39174.01260869565,23
11846,4,32.200,4,2133.572272727273,5220.361818181818,2686.1627272727274,41166.81909090909,22
11847,4,32.200,5,3099.1865306122445,5610.99918367347,2296.0769387755104,38927.16632653061,49
11848,4,32.200,6,3457.3195454545453,6421.321818181817,3100.679090909091,40054.939545454545,22
11860,4,32.300,5,7086.650000000001,6354.367142857142,3050.034285714286,50669.17178571429,28
11871,4,32.410,5,5762.713055555556,6603.525,3215.2997222222225,48811.477222222224,36
11872,4,32.410,6,1387.6664516129033,6983.166451612903,3006.103548387097,55292.83967741935,31
11901,4,33.240,1,56.99636363636364,1573.040909090909,1065.1327272727272,4282.920454545455,22
11902,4,33.240,2,457.7447826086957,2820.080869565217,3464.5221739130434,12458.475652173913,23
11903,4,33.240,3,209.3824193548387,2582.448225806452,2256.8254838709677,7601.931935483871,62
11904,4,33.240,4,227.89944444444447,2303.235416666667,1618.2444444444445,6224.348194444445,72
11905,4,33.240,5,236.029217877095,3006.6356983240225,2595.5977653631285,8811.774189944135,179
11906,4,33.240,6,293.10612716763006,3327.326069364162,2481.1497687861274,9613.072716763007,173
11907,4,33.240,8,454.0717475728155,3410.96859223301,3028.545825242719,11358.950388349514,206
11908,4,33.240,9,622.9072340425532,5156.720106382979,4284.867446808511,17289.674574468085,94
11912,4,33.260,6,1013.77875,3741.3212500000004,1689.53875,10061.095,24
11928,4,34.040,5,487.8402564102564,2520.076923076923,1678.9515384615386,7846.329230769232,39
11929,4,34.040,6,388.7542857142857,3277.8322857142857,2048.2805714285714,9244.724571428571,35
11930,4,34.040,8,589.2122222222223,3990.6977777777774,2720.466984126984,11222.330476190476,63
11931,4,34.040,9,709.416875,4682.216041666667,3673.5304166666665,14317.211041666667,48
11962,4,34.910,6,630.952,3714.6266666666666,5732.562000000001,14225.456,30
11963,4,34.910,8,672.2907894736842,3587.129736842105,2803.6805263157894,12507.216842105263,38
11964,4,34.910,9,588.4128301886792,4203.1801886792455,4285.548113207547,14095.434339622641,53
12008,4,36.070,5,9034.308085106384,3898.682978723404,2587.5982978723405,30501.888085106384,47
12009,4,36.070,6,9969.586507936507,3906.784761904762,2305.646031746032,30462.95,63
12010,4,36.070,8,10046.7808045977,3918.8847126436776,2332.5328735632183,28249.75735632184,87
12034,4,37.340,6,29377.821666666667,3905.0125000000003,1306.4979166666667,73536.87166666666,24
12066,4,38.590,4,735.8757142857144,1635.86,1152.2771428571427,11147.569047619048,21
12067,4,38.590,5,663.2427272727273,1697.8407272727275,1123.6129090909092,11428.325818181818,55
12068,4,38.590,6,859.8364444444444,1825.865777777778,1224.714,10411.76311111111,45
12069,4,38.590,8,650.8603333333334,1979.868,868.818,7712.540666666667,30
12090,4,38.930,5,993.0316949152543,4053.0877966101693,7044.623728813559,16537.54101694915,59
12091,4,38.930,6,893.7003508771929,4069.4300000000003,6030.908421052632,16283.890350877193,57
12092,4,38.930,8,1216.3941935483872,5165.292365591398,7578.631612903226,20280.21505376344,93
12093,4,38.930,9,1323.8322727272728,7427.890340909091,9436.231363636363,27086.556704545455,88
12116,4,38.980,9,495.0705555555556,3148.3888888888887,1464.0377777777778,8626.374722222223,36
12117,4,38.990,0,252.38241610738257,1657.7046979865772,872.9643624161074,4277.273624161074,149
12118,4,38.990,1,130.29478260869564,1618.9130434782608,830.593043478261,3296.8052173913047,23
12121,4,38.990,9,361.2087755102041,2499.5714285714284,1122.2755102040817,6782.880612244899,49
12189,4,39.790,5,6937.025750000001,3492.326,4251.4445,28453.82825,40
12190,4,39.790,6,3790.195416666667,3207.1124999999997,3574.129166666667,26967.55125,24
12191,4,39.790,8,7945.896521739131,4764.217391304348,7749.998695652174,37712.88434782608,23
12209,4,39.950,3,1251.246,4433.326,6432.910333333333,18365.258333333335,30
12210,4,39.950,4,683.9930357142857,2341.691071428572,3643.766607142857,12968.307857142858,56
12211,4,39.950,5,842.59992,2827.35664,2809.078,11496.72216,125
12212,4,39.950,6,1040.3779710144927,2997.2511594202897,3412.5376811594206,12450.779130434783,69
12213,4,39.950,8,839.0383333333333,3309.252291666666,2202.4696875,11642.095104166665,96
12269,4,41.380,5,243.445,3507.627272727273,2428.0299999999997,8755.718636363636,22
12292,4,42.330,5,440.83310344827584,3327.286551724138,990.7382758620689,9468.444827586207,29
12293,4,42.330,6,518.0477272727272,3302.300909090909,1682.3763636363635,12318.028636363637,22
12321,4,43.410,3,250.53615384615384,1929.489487179487,760.045641025641,5133.032307692308,39
12322,4,43.410,4,239.46447916666668,1896.9733333333334,850.3808333333333,5220.0242708333335,96
12323,4,43.410,5,466.5570422535211,2014.3707981220657,939.4927699530516,5660.419248826292,213
12324,4,43.410,6,492.32666666666665,2166.517547169811,1006.8544025157233,6423.650503144654,159
12325,4,43.410,8,293.9172916666667,2480.7629166666666,1107.4561458333335,6387.9728125,96
12344,4,44.130,1,66.21166666666666,1107.5291666666667,662.9270833333334,2730.17875,24
12345,4,44.130,2,88.11236842105264,1366.1018421052631,792.8223684210526,3257.2934210526314,38
12346,4,44.130,3,99.18141176470589,1576.0129411764706,1059.890588235294,4120.319058823529,85
12347,4,44.130,4,122.2889024390244,2044.7617073170732,1085.2781707317072,4610.86006097561,164
12348,4,44.130,5,119.89495867768596,2162.403305785124,1226.5734159779615,4986.108787878788,363
12349,4,44.130,6,117.86056939501779,2259.730818505338,1280.8139145907473,5238.845551601424,281
12350,4,44.130,8,133.3967870036101,2316.3396389891695,1209.6010108303249,5285.342599277978,277
12351,4,44.130,9,128.9652,2469.8202,1268.8002000000001,5739.475799999999,50
12355,4,44.140,5,186.30537037037035,2789.931851851852,1300.9083333333333,6149.6535185185185,54
12356,4,44.140,6,165.7196153846154,2965.3,1266.8761538461538,5705.5975,52
12357,4,44.140,8,180.85628571428572,3146.2028571428573,1400.156,6408.324285714286,70
12394,4,45.130,3,84.37428571428572,2139.149523809524,1581.08,5767.796428571428,42
12395,4,45.130,4,113.2284375,1843.449375,848.67203125,4239.39640625,64
12396,4,45.130,5,106.70490066225166,2150.0049006622517,1088.5856953642385,4914.9359602649,151
12397,4,45.130,6,183.76000000000002,2453.4435714285714,1189.0310317460319,5631.281269841269,126
12398,4,45.130,8,109.27657657657659,2192.118018018018,1218.5128828828829,5013.1706306306305,111
12399,4,45.130,9,97.43027777777779,2345.7655555555557,1404.246388888889,5670.873055555556,36
12406,4,45.160,4,144.5086956521739,3106.3869565217387,1402.29,6351.345652173914,23
12407,4,45.160,5,182.69377358490567,2942.9464150943395,1461.2375471698113,6097.3284905660375,53
12408,4,45.160,6,187.04857142857142,3249.5577142857146,1761.6171428571429,7326.193428571429,35
12409,4,45.160,8,175.00216216216216,2564.945945945946,1718.6599999999999,6100.112702702703,37
12414,4,45.230,4,55.20487804878049,2090.4024390243903,831.0460975609756,4192.306097560975,41
12415,4,45.230,5,88.06639175257733,2097.5459793814434,1094.6607216494845,5365.068969072165,97
12416,4,45.230,6,121.74875,2302.786111111111,1184.9129166666667,4910.969027777778,72
12417,4,45.230,8,133.12641025641025,2547.199358974359,1204.1960256410255,5312.494615384616,78
12427,4,45.250,5,339.56,3078.1991304347825,1181.5669565217393,6336.598260869566,23
12428,4,45.250,6,369.2734782608696,3027.9278260869564,1235.7647826086957,6493.147826086956,23
12447,4,45.420,3,489.34525,1560.3125,475.77700000000004,4297.4115,40
12448,4,45.420,4,483.11149253731344,1565.0856716417911,550.5038805970149,4357.928358208956,67
12449,4,45.420,5,464.0017816091954,1886.7148275862069,618.9560344827587,4784.834770114942,174
12450,4,45.420,6,402.6695604395604,2312.630989010989,1036.8326373626373,5729.771978021978,91
12451,4,45.420,8,460.98783783783784,2192.7832432432433,726.170945945946,5560.756756756757,74
12454,4,45.430,3,490.9666666666667,1627.5661538461538,626.268717948718,4596.204358974359,39
12455,4,45.430,4,580.9486915887851,1711.4280373831775,630.4848598130842,4834.102523364486,107
12456,4,45.430,5,590.2025855513308,2045.4477566539924,758.3176045627376,5451.702015209125,263
12457,4,45.430,6,746.8239884393064,2337.812543352601,932.3262427745665,6288.576763005781,173
12458,4,45.430,8,784.7990598290598,2558.3175213675217,973.148717948718,6562.273760683761,117
12525,4,47.010,0,1193.4808333333333,1514.1125,883.2520833333333,6793.3975,24
12526,4,47.010,1,1097.6025373134328,1395.2655223880597,938.2894029850746,6230.137985074627,134
12527,4,47.010,2,1407.4171604938272,1543.604814814815,1292.366790123457,7421.032592592593,81
12528,4,47.010,3,1374.788679245283,1645.0529245283021,1376.7567924528303,7704.763867924528,106
12529,4,47.010,4,1576.8015306122447,1744.162755102041,1481.2255102040817,7922.949387755102,98
12530,4,47.010,5,1352.5762204724408,1962.7618897637797,1493.8890551181103,8121.399291338583,127
12531,4,47.010,6,1249.7091666666668,2059.9816666666666,1400.5573333333334,8234.157666666668,60
12532,4,47.010,8,1371.4360465116279,2150.348372093023,1537.4048837209302,8842.113953488373,43
12554,4,48.350,5,591.4316,1928.3756,1215.2882,7212.245400000001,50
12555,4,48.350,6,722.5614705882354,2281.2752941176473,1101.6167647058824,6758.116764705883,34
12560,4,48.351,5,850.0534782608695,1784.4173913043478,455.79347826086956,4781.4947826086955,23
12567,4,48.360,3,373.50840000000005,1628.144,986.4476,4950.6903999999995,25
12568,4,48.360,4,396.4768965517241,1786.0293103448275,1022.8337931034483,5177.478620689655,58
12569,4,48.360,5,462.08540983606554,2052.945163934426,900.4087704918032,5436.709508196722,122
12570,4,48.360,6,462.1713414634146,2126.6099999999997,913.1317073170732,5504.881463414634,82
12571,4,48.360,8,515.5184444444445,2049.8622222222225,1055.7471111111113,5500.698444444444,45
12618,4,49.040,2,251.09809523809525,862.9352380952381,1057.080476190476,6028.262857142858,21
12619,4,49.040,3,197.3287878787879,1103.4557575757576,1148.1754545454546,6469.439090909091,33
12620,4,49.040,4,359.0556521739131,1132.5469565217393,1549.344347826087,6878.063913043478,23
12621,4,49.040,5,310.632,1257.464,1183.8297142857143,6875.053142857142,35
12650,4,49.450,2,708.4268181818181,1223.6918181818182,959.3968181818182,8000.022272727272,22
12651,4,49.450,3,761.4846511627907,1379.6386046511627,1122.5420930232558,8254.435581395348,43
12652,4,49.450,4,701.6994117647058,1256.6401960784315,1283.685294117647,8042.971176470588,51
12653,4,49.450,5,570.6757575757575,1076.985,1189.0319696969698,7305.991818181818,66
12654,4,49.450,6,591.0693548387097,1335.031612903226,1262.594193548387,8340.98935483871,31
12659,4,49.460,2,508.1902857142857,846.6797142857143,1382.9474285714284,6016.151142857143,35
12660,4,49.460,3,645.1498630136987,830.6216438356164,967.7012328767123,5985.719589041097,73
12661,4,49.460,4,652.5325,982.9755208333332,1003.4985416666667,6171.65625,96
12662,4,49.460,5,613.54375,895.961015625,1027.0965625,6216.45921875,128
12663,4,49.460,6,709.2559677419355,941.241935483871,1159.1691935483873,6578.161774193549,62
12664,4,49.460,8,706.1871428571428,1238.413142857143,1102.7594285714285,6797.760857142857,35
12670,4,49.490,3,1662.840416666667,1322.6916666666666,1824.9766666666667,9601.680416666666,24
12671,4,49.490,4,1766.36,1224.7739130434782,1890.6452173913042,9249.403478260869,23
12672,4,49.490,5,1621.1970270270272,1389.6378378378379,1532.4432432432434,8713.75918918919,37
12762,4,51.230,2,1355.7980952380951,1575.5996825396826,1250.8728571428571,8375.40619047619,63
12763,4,51.230,3,1331.4240259740259,1679.6228571428571,1330.0448051948051,9006.566883116884,154
12764,4,51.230,4,1470.073015075377,1754.6761306532662,1324.331608040201,8686.123919597989,199
12765,4,51.230,5,1301.21624,1900.27992,1187.14184,8580.025306666666,375
12766,4,51.230,6,1316.1927894736843,2212.6186315789473,1484.7047368421054,9494.56852631579,190
12767,4,51.230,8,1431.974962962963,2498.6085925925927,1463.277925925926,9786.496666666668,135
12768,4,51.230,9,1478.091923076923,3387.8030769230772,2040.4446153846152,12571.023461538462,26
12849,4,53.040,5,1360.3596296296296,1225.6488888888887,411.2881481481482,6659.362962962962,27
12850,4,53.040,6,1500.2015625,1317.128125,390.11375,6395.0221875,32
12851,4,53.040,8,1471.23046875,1411.51453125,401.768125,6836.6365625,64
12852,4,53.040,9,1050.9045833333332,1772.425,420.34291666666667,8173.763333333333,24
12856,4,53.050,8,2388.855357142857,1746.1499999999999,1050.6996428571429,8500.395357142857,28
12969,4,54.910,5,854.755,3507.802727272727,6406.807727272727,17038.353181818184,22
12970,4,54.910,6,1110.2666666666667,4588.970303030303,8953.257575757576,20737.781515151517,33
12971,4,54.910,8,529.7230434782608,3578.0373913043477,2752.018260869565,9689.280869565217,23
12986,4,55.010,5,1280.7468,2534.5288,1660.6984,13457.9876,25
12998,4,55.040,5,2864.8146666666667,2553.7543333333333,2150.355666666667,17951.482,30
13035,4,56.0x0,2,2880.2812765957447,1483.5668085106383,1184.3002127659574,10401.04595744681,47
13036,4,56.0x0,3,3398.0846,1552.2832,1406.6048999999998,11296.7973,100
13037,4,56.0x0,4,3130.521343283582,1573.5129104477612,1307.498432835821,10262.66880597015,134
13038,4,56.0x0,5,3449.8186497890297,1794.8608860759496,1341.3104641350212,11109.871983122364,237
13039,4,56.0x0,6,3661.33935483871,2065.354919354839,1476.4280645161289,12253.85806451613,124
13040,4,56.0x0,8,3312.240909090909,2674.143896103896,1895.196103896104,12901.633766233766,77
13098,4,57.490,6,1007.7764,3868.1104000000005,3087.9592,14420.6252,25
13130,4,57.940,6,392.5338709677419,2346.201612903226,2203.657096774193,9078.489032258063,31
13131,4,57.940,8,391.7977333333334,3270.195866666667,3020.9922666666666,9697.278133333333,75
13132,4,57.940,9,375.75759493670887,4290.212025316456,3454.935063291139,12687.858354430378,79
13180,4,59.8x0,4,1502.4331818181818,1927.7154545454543,1002.6322727272727,7429.811818181819,22
13181,4,59.8x0,5,1217.0135294117647,2319.330980392157,1574.6096078431372,8792.962549019609,51
13182,4,59.8x0,6,1336.0,2537.41125,1335.6903125,7610.999375,32
13183,4,59.8x0,8,2049.708888888889,3021.1600000000003,1984.1185185185186,9851.583703703704,27
13188,4,59.990,5,54.949999999999996,782.7091666666666,192.90625,2021.5258333333334,24
13200,4,60.290,6,1711.3037096774194,2701.819677419355,2292.422419354839,13206.916451612902,62
13201,4,60.290,8,1817.7175,3266.281212121212,2304.835606060606,13716.622727272726,132
13202,4,60.290,9,1851.2663157894735,3401.7942105263155,2966.0144736842108,15378.843684210524,38
13276,4,65.250,2,1109.2303846153848,1882.2976923076922,1406.19,12230.607307692308,26
13277,4,65.250,3,1276.0615625,2139.773125,1572.9259375,11363.3715625,32
13318,4,66.620,3,1067.123870967742,1132.1729032258065,967.848064516129,7085.040322580645,31
13343,4,67.320,5,108.0309090909091,1520.5727272727272,257.1872727272727,3511.484090909091,22
13362,4,68.120,4,136.1238095238095,805.2904761904762,566.79,3094.034761904762,21
13387,4,68.291,3,533.1157943925234,1581.1031775700935,833.76261682243,7809.615140186916,107
13388,4,68.291,4,531.3659146341463,1558.8324390243902,806.1373170731707,6935.352682926829,164
13389,4,68.291,5,425.485,1518.828064516129,602.5404838709678,6245.412096774194,62
13401,4,68.410,4,1376.9670731707317,2981.32487804878,1544.6853658536586,14643.916585365852,41
13402,4,68.410,5,1128.2297297297298,3025.424324324324,1770.7789189189189,16183.667567567567,37
13425,4,69.010,3,114.40272727272728,737.3484848484849,350.5439393939394,2327.3321212121214,33
13428,4,69.020,2,75.83378048780487,767.7390243902439,480.13609756097566,2399.573414634146,82
13429,4,69.020,3,101.77825,808.38625,443.425375,2803.352625,80
13434,4,69.090,3,167.5981081081081,1560.3621621621621,674.8843243243242,3852.0859459459457,37
13435,4,69.090,4,120.41817204301074,1332.344946236559,428.25827956989247,2950.8025806451615,93
13436,4,69.090,5,125.87285714285714,1476.3309523809523,487.06690476190477,3377.727619047619,42
13452,4,69.510,2,148.5656,774.2252000000001,420.084,2360.3251999999998,50
13453,4,69.510,3,210.03431818181818,860.325,397.2245454545455,2440.6654545454544,44
13530,4,71.710,2,616.7119047619047,1209.4633333333334,452.58761904761906,11458.60476190476,21
13545,4,73.4x0,2,49.044399999999996,753.028,281.19,1935.1276,25
13550,4,73.590,2,196.49146666666667,911.9093333333333,448.17319999999995,3534.2563999999998,75
13551,4,73.590,3,218.26486486486488,947.0378378378379,528.2818918918919,4548.947837837838,37
13553,4,73.6x0,1,170.76190476190476,714.7476190476191,378.60333333333335,2726.2942857142857,21
13554,4,73.6x0,2,348.51765765765765,828.5627027027027,437.6662162162162,4971.1507207207205,111
13555,4,73.6x0,3,322.05125,960.625,605.2475,7130.20875,32
13561,4,74.1x0,1,632.7772093023256,907.3688372093023,1102.0534883720932,5842.710930232558,43
13562,4,74.1x0,2,776.4477087378641,1012.8273203883496,1138.0080582524272,7999.563165048543,515
13563,4,74.1x0,3,863.1993506493508,1129.358474025974,1186.643116883117,9260.607110389612,308
13580,4,75.690,1,185.41837837837838,741.8621621621622,412.7756756756757,2768.149189189189,37
13581,4,75.690,2,226.72260504201682,840.2481512605042,518.6901680672269,4160.409243697479,238
13582,4,75.690,3,238.0055172413793,904.8540229885058,531.0132183908046,4008.673103448276,87
13666,4,78.610,5,524.05625,1089.0159375,611.4084375,5081.0534375,32
13705,4,78.670,4,464.69874999999996,1066.5875,607.37375,5187.259375,32
13706,4,78.670,5,409.58926470588233,1133.5073529411766,659.3372058823529,5000.065735294118,68
13720,4,78.690,5,621.9923684210526,1173.0102631578948,843.4215789473684,5975.941315789474,38
13761,4,79.150,9,2397.6617142857144,5763.826857142857,2500.822857142857,19769.496,35
13789,4,79.310,5,2688.6061904761905,1789.0214285714285,2038.6514285714286,12764.882380952382,21
13790,4,79.310,6,2897.4965217391305,2292.291304347826,1601.893043478261,12720.699130434783,23
13798,4,79.320,5,3380.727352941177,2738.5970588235296,2556.814117647059,18050.822058823527,34
13820,4,79.350,8,5754.578709677419,4711.8135483870965,3475.6983870967747,24632.587419354837,31
13821,4,79.350,9,8055.450571428572,5925.872857142856,3663.2528571428575,27762.390285714286,35
13825,4,79.360,3,9674.315217391304,2705.3495652173915,2555.784347826087,24689.74086956522,23
13826,4,79.360,4,3057.2775,2662.5885714285714,2115.3507142857143,14525.609642857144,28
13827,4,79.360,5,4937.547068965517,2948.598103448276,3062.254827586207,19139.79620689655,58
13828,4,79.360,6,3474.398205128205,3270.376153846154,1932.8402564102564,16202.259487179486,39
13829,4,79.360,8,7506.2148,3917.5544,2707.7456,22985.8316,25
13847,4,79.390,4,5044.6959375,2509.3990625,2606.684375,15427.031875,32
13848,4,79.390,5,4876.233382352941,3843.4673529411766,3952.518529411765,20783.149558823527,68
13849,4,79.390,6,5104.758,3001.813666666667,2045.475,16511.752666666667,30
13850,4,79.390,8,4081.3096153846154,3638.638461538462,2825.62,18620.917692307692,26
13999,4,81.470,5,3379.125,2261.64,1039.2070833333335,12884.275416666665,24
14007,4,81.510,8,11264.114761904762,4150.515238095239,3061.402380952381,28580.420000000002,21
14010,4,81.520,8,13691.179199999999,4293.4088,2705.4044,29821.658,25
14011,4,81.520,9,10904.353666666666,5122.735333333333,2404.9563333333335,26972.883333333335,30
14014,4,81.540,6,26669.805925925928,4589.043703703704,3546.2388888888886,44836.166296296295,27
14017,4,81.650,6,4427.993225806452,3191.4825806451613,2016.9087096774192,14901.178064516129,31
14018,4,81.650,8,2695.237692307692,3173.6759615384613,1135.456153846154,10883.041923076924,52
14019,4,81.650,9,4402.7880645161285,3183.6148387096773,1235.882258064516,12280.267741935484,31
14021,4,81.660,6,3212.8889361702127,2912.944680851064,1254.8653191489361,11837.28914893617,47
14022,4,81.660,8,3344.7525,3022.1072222222224,1316.2429166666668,11945.38111111111,72
14023,4,81.660,9,4933.359555555556,2928.4173333333333,1857.7317777777776,13978.751111111113,45
14043,4,81.920,5,239.63947368421054,1463.5377192982455,704.9519298245615,6267.098947368421,57
14044,4,81.920,6,37.17553846153846,1574.0827692307694,1283.3344615384617,6884.238461538462,65
14045,4,81.920,8,132.7982142857143,1967.0180357142856,1049.6405357142858,6287.532857142857,56
14046,4,81.920,9,484.3239130434783,3279.3921739130437,2946.473913043478,14938.908260869566,23
14185,4,83.910,4,4.7408,869.9,605.396,5014.4732,25
14186,4,83.910,5,27.44403846153846,1059.725,882.864423076923,6527.821538461539,52
14187,4,83.910,6,39.99161290322581,1195.8709677419354,1081.8725806451614,6971.067741935484,31
14237,4,85.210,2,974.3335897435898,1268.7533333333333,268.6123076923077,7678.51282051282,39
14238,4,85.210,3,922.8981578947368,1630.0126315789475,330.28973684210524,8329.684210526315,76
14239,4,85.210,4,908.5290476190477,2073.548888888889,360.76714285714286,8060.537301587301,63
14240,4,85.210,5,663.5746153846154,1762.316923076923,324.305641025641,7085.956153846153,39
14332,4,86.220,5,209.2960606060606,2079.498787878788,1243.5442424242424,7524.19303030303,33
14334,4,86.220,8,1565.5284615384614,2571.0326923076927,2172.855769230769,10616.656153846154,26
14348,4,86.280,4,154.28959999999998,1562.3656,1031.9336,4730.2508,25
14349,4,86.280,5,363.76829787234044,2047.9604255319148,1269.2470212765957,5868.565531914894,47
14350,4,86.280,6,324.4927777777778,2596.062592592593,1388.5916666666667,6926.950925925926,54
14351,4,86.280,8,298.5324390243902,4012.0258536585366,1827.882195121951,9487.072195121951,41
14355,4,86.3x0,2,191.28714285714284,842.3085714285714,193.18047619047618,2381.001904761905,21
14356,4,86.3x0,3,260.61375,965.2574999999999,281.9840625,3574.2549999999997,32
14357,4,86.3x0,4,268.00069767441863,1008.9911627906978,208.2906976744186,3120.354186046512,43
14358,4,86.3x0,5,235.12107692307694,1287.8953846153845,431.5629230769231,3618.288923076923,65
14359,4,86.3x0,6,262.55,1488.4032352941176,549.3514705882353,4224.371764705883,34
14383,4,86.590,5,249.27545454545452,2478.1136363636365,1607.551363636364,6495.088636363637,22
14384,4,86.590,6,312.61920000000003,2375.538,1740.5752,7095.1356000000005,25
14421,4,86.830,2,2489.102477876106,535.6283185840708,392.9609734513274,16051.351238938052,113
14422,4,86.830,3,2358.059308176101,538.6918238993711,410.6138993710692,15302.969874213837,159
14423,4,86.830,4,2446.2188571428574,554.1857142857143,483.3342857142857,15860.790285714287,70
14455,4,87.410,0,57.33217391304347,867.8478260869565,543.6076086956522,2340.6541304347825,46
14461,4,87.410,6,110.51559999999999,2093.152,1365.8064,4866.2552000000005,25
14462,4,87.410,8,109.7596551724138,2191.455172413793,1556.4710344827588,5271.3755172413785,29
14464,4,87.440,0,62.64545454545455,607.1,374.9207272727273,1855.616,55
14466,4,87.440,9,81.05571428571429,946.2142857142857,309.5332142857143,2734.624642857143,28
14491,4,88.410,4,1203.7076315789473,2861.165789473684,2160.6623684210526,10228.768421052631,38
14492,4,88.410,5,1064.5169064748202,2728.1129496402878,2342.932949640288,9918.98582733813,139
14493,4,88.410,6,1365.1871428571428,3218.900336134454,2607.350504201681,10908.438991596639,119
14494,4,88.410,8,1472.5666929133859,3547.5386614173226,2939.0173228346457,12025.307874015749,127
14495,4,88.410,9,1337.1586666666667,4516.7266666666665,3897.0926666666664,14419.886,30
14525,4,88.550,4,1296.8429824561404,2471.313333333333,930.5594736842105,7781.234210526315,57
14526,4,88.550,5,1290.4571063829787,2520.4833617021277,1208.3645531914892,8124.686340425532,235
14527,4,88.550,6,1100.1979820627803,2721.342152466368,1538.8129596412555,8829.057488789238,223
14528,4,88.550,8,1603.9588477366256,3031.5365432098765,1580.880205761317,9598.785185185185,243
14529,4,88.550,9,1161.050588235294,3277.66,2080.6001960784315,10119.54431372549,51
14606,4,89.370,5,55.18636363636363,1717.6622727272727,1534.8531818181816,4566.298181818182,22
14607,4,89.370,6,126.61129032258064,2081.86,1834.8112903225806,5549.26064516129,31
14608,4,89.370,8,79.4192,2340.1248,1818.5248000000001,5755.882,50
14609,4,89.370,9,99.64120000000001,2282.494,1676.9092,5578.799599999999,25
14623,4,89.540,0,242.138125,1700.625,1138.2990625,4531.56375,32
14631,4,89.540,9,105.8664705882353,2334.3382352941176,1177.5667647058822,6304.779411764706,34
14651,4,89.650,5,163.84347826086957,2241.830434782609,1514.923043478261,5329.474347826087,23
14652,4,89.650,6,243.95222222222222,2385.938888888889,2823.343703703704,7461.831481481482,27
14653,4,89.650,8,236.51064102564104,2587.869871794872,2125.603717948718,6911.7278205128205,78
14654,4,89.650,9,199.1751020408163,3111.961224489796,2949.906326530612,8996.201632653061,49
14667,4,92.240,5,1484.9985365853659,5864.39756097561,7607.682195121952,41973.733170731706,41
14668,4,92.240,6,1225.45625,5887.5575,8644.52375,39612.65475,40
14669,4,92.240,8,804.0729032258065,5105.387096774193,6874.8493548387105,37889.66580645161,31
14727,4,93.350,2,24.19871794871795,906.5205128205129,669.3358974358974,3141.9282051282053,39
14728,4,93.350,3,28.157857142857143,1035.9607142857144,799.058392857143,3611.9585714285713,56
14729,4,93.350,4,44.80659574468085,1287.5329787234043,856.7675531914895,4283.260531914893,94
14730,4,93.350,5,41.46406091370559,1499.8446700507616,1147.9890355329949,4543.59269035533,197
14731,4,93.350,6,56.660116959064325,1863.4573099415206,1223.1393567251462,5166.575730994152,171
14732,4,93.350,8,58.99890410958904,1912.5004566210046,1215.3269406392692,5178.975296803654,219
14733,4,93.350,9,76.43517766497462,1961.1522842639595,1310.6725888324872,5462.863299492386,197
14736,4,93.351,5,29.770370370370372,1146.6000000000001,584.2925925925925,3623.461111111111,27
14738,4,93.351,8,32.63896551724138,1373.9689655172413,1287.0693103448277,5271.201034482759,29
14752,4,93.380,5,1436.4135714285715,4862.4007142857145,10803.237142857144,49010.64785714285,28
14761,4,93.390,5,37.42431818181819,1497.9818181818182,531.7043181818182,4409.347954545455,44
14762,4,93.390,6,46.79565217391304,1795.908695652174,775.1121739130435,4441.178695652174,23
14763,4,93.390,8,68.66296296296296,1840.7259259259258,788.81,4806.941111111111,27
14770,4,93.391,5,14.108448275862068,1381.818103448276,652.5620689655173,3116.738103448276,58
14771,4,93.391,6,26.24475,1707.44775,1274.839,4397.35875,40
14772,4,93.391,8,27.877966101694913,1889.7940677966103,1234.1230508474575,4776.907966101695,59
14773,4,93.391,9,26.38695652173913,1756.5380434782608,1237.3441304347828,4799.912826086957,46
14795,4,93.540,4,99.10566666666666,1554.1833333333334,392.1573333333333,3585.7006666666666,30
14796,4,93.540,5,167.64981132075474,1497.022641509434,885.7173584905661,4688.607924528302,53
14797,4,93.540,6,224.46151515151516,1384.0787878787878,813.959696969697,3934.7669696969697,33
14798,4,93.540,8,143.74290322580643,2271.6499999999996,702.5451612903225,4864.937419354838,31
14799,4,93.540,9,283.2890476190476,2870.014285714286,966.5919047619047,7451.574761904762,21
14810,4,93.900,5,614.9144444444445,3937.3907936507935,4643.95253968254,14457.67984126984,63
14811,4,93.900,6,470.0080597014925,4056.436268656716,3536.4203731343287,12381.862985074626,134
14812,4,93.900,8,483.3202181818182,4173.012872727273,3208.6470181818186,12550.750763636364,275
14813,4,93.900,9,703.4110305343512,5442.7573282442745,4929.32358778626,17318.06396946565,262
14815,4,93.940,0,96.1271590909091,605.7397727272727,640.2053409090909,2612.379431818182,176
14821,4,93.940,6,121.72,1503.0619047619048,1774.0595238095239,4378.01380952381,21
14822,4,93.940,8,139.1404347826087,1795.0478260869565,1789.3,5008.760434782609,23
14823,4,93.940,9,132.92704918032788,902.8377049180327,1077.0368852459017,3251.4749180327867,61
14825,4,93.960,0,339.7689189189189,2339.0810810810813,1647.9943243243245,6549.484324324324,37
14830,4,93.960,5,84.19852941176471,2073.6470588235293,1633.1985294117646,5137.8629411764705,34
14831,4,93.960,6,92.15,1980.0639999999999,1769.0251999999998,5049.6424,25
14832,4,93.960,8,143.6355,2442.5775000000003,2295.32975,6513.5512499999995,40
14833,4,93.960,9,205.52162790697676,2356.297674418605,1753.740465116279,6157.2174418604645,43
14873,4,96.040,6,892.8890476190476,4853.731904761905,4667.002380952381,16333.021904761907,21
14874,4,96.040,8,1450.785909090909,5552.228863636363,9544.745909090909,23019.46659090909,44
14875,4,96.040,9,1575.883125,8105.44875,11898.004375,31448.9840625,32
14939,4,96.710,6,1177.5502040816327,4680.228775510204,3635.1048979591837,15243.952040816326,49
14940,4,96.710,8,769.5215492957747,3638.7325352112675,2990.0528169014083,10946.617605633803,71
14941,4,96.710,9,667.8013043478261,4000.774927536232,2955.622608695652,12485.279420289855,69
14947,4,96.720,5,6543.109200000001,21101.432399999998,30126.472800000003,97511.9148,25
14948,4,96.720,6,2767.7164285714284,15981.491666666667,18045.55619047619,65433.26833333333,42
14949,4,96.720,8,3319.3035384615387,13997.307076923076,18131.983846153846,60730.79215384615,65
14950,4,96.720,9,2887.6759210526316,15111.176184210524,13635.918684210526,51656.69157894737,76
14971,4,97.620,3,99.47485714285715,661.0228571428571,98.19028571428572,1623.8868571428573,35
14972,4,97.620,4,17.533125,686.8984375,123.92625,1576.37671875,64
14973,4,97.620,5,76.1955737704918,678.0618032786884,260.93073770491804,1825.9581147540985,122
14974,4,97.620,6,30.92739130434783,766.3478260869565,133.6341304347826,1660.8093478260869,46
14975,4,97.620,8,54.62296296296296,914.8851851851853,212.01962962962963,3414.437037037037,27
14982,4,97.710,4,214.63464285714286,1007.7607142857142,499.98357142857145,3402.105357142857,28
14983,4,97.710,5,195.2574074074074,1129.414814814815,457.5655555555556,3095.894074074074,27
15013,4,98.510,2,26.746363636363636,1066.4661363636365,487.8486363636364,2601.9375,44
15014,4,98.510,3,39.41097560975609,1223.9268292682927,535.0556097560975,2909.762195121951,82
15015,4,98.510,4,31.336330275229358,1215.4633027522937,510.88449541284405,2961.454862385321,109
15016,4,98.510,5,30.684685314685314,1320.4112587412587,425.10888111888113,2935.401888111888,143
15017,4,98.510,6,24.47072727272727,1282.2254545454543,372.69254545454544,2781.9163636363637,55
15018,4,98.510,8,37.809230769230766,1308.4346153846154,524.4915384615385,3036.0261538461536,26
15024,4,99.030,4,546.1856666666666,2906.2033333333334,8465.401333333333,18792.624666666667,30
15025,4,99.030,5,470.7537142857143,3919.3485714285716,10054.294857142857,21308.431428571428,35
15026,4,99.030,6,498.8878571428572,3833.4857142857145,6810.390714285714,16433.17142857143,28
15027,4,99.030,8,169.3875,3287.7083333333335,2389.491666666667,9643.58888888889,36
15035,4,99.040,8,184.37775000000002,2317.9275000000002,1383.38325,6906.8875,40
15036,4,99.040,9,331.46500000000003,3520.0535714285716,2686.4714285714285,11425.271666666667,42
15052,4,99.100,8,204.8095652173913,3568.703043478261,6027.973043478261,12824.47652173913,23
15053,4,99.100,9,141.42999999999998,3417.3533333333335,5674.322666666666,12306.376,30
15071,4,99.210,0,321.57451612903225,2059.7903225806454,747.9222580645162,4797.551935483871,93
15079,4,99.210,9,258.59967741935486,1642.483870967742,729.8667741935484,4231.601935483871,31
15083,4,99.250,0,323.00863636363636,635.3181818181819,2841.5468181818183,6183.628181818182,22
15085,4,99.250,2,701.3258333333333,3830.995833333333,9898.2175,18375.86,24
15086,4,99.250,3,389.808804347826,2922.5443478260872,5571.068043478261,11288.134565217391,92
15087,4,99.250,4,405.4729842931937,2283.248691099476,3814.323821989529,8472.589057591624,191
15088,4,99.250,5,356.370868852459,2267.4118524590162,3896.4131147540984,8117.195262295082,610
15089,4,99.250,6,408.26829113924055,2300.3036919831225,3237.157341772152,7709.164620253164,474
15090,4,99.250,8,362.1181412639405,2224.469219330855,3188.449256505576,7452.953717472119,269
15091,4,99.250,9,252.5544,2606.4092,4034.0964000000004,8566.083200000001,25
15096,4,99.280,4,141.31346153846155,1575.3346153846153,3286.5023076923076,5934.921923076923,26
15097,4,99.280,5,149.17752688172044,1788.2967741935483,3907.282688172043,7305.299569892473,93
15098,4,99.280,6,115.31810526315789,1943.2115789473685,1508.193052631579,4730.757473684211,95
15099,4,99.280,8,227.46476744186043,1980.8999999999999,2516.821976744186,5846.941976744186,86
15100,4,99.280,9,247.79846153846154,2400.4307692307693,3145.207692307692,7599.676538461538,26
15136,4,99.830,5,22.484166666666667,1134.7416666666666,930.0504166666666,3900.40375,24
15139,4,99.830,9,88.92936170212765,1445.1886524822696,191.18219858156027,4018.2219148936174,141
15149,4,99.850,6,90.995625,1447.296875,1736.4184375,5444.589375,32
15150,4,99.850,8,87.53387096774193,1491.1387096774195,1898.3883870967743,5808.4693548387095,31
15153,4,99.920,1,16.577555555555556,824.1777777777778,567.3737777777777,2838.3882222222223,45
15154,4,99.920,2,35.87850574712644,877.4908045977011,567.0172413793103,3515.6270114942527,87
15155,4,99.920,3,33.49322344322344,1002.8838827838828,728.9601098901098,4246.470439560439,273
15156,4,99.920,4,23.448983451536645,1195.330023640662,938.9439952718676,5157.7711347517725,423
15157,4,99.920,5,32.911850094876655,1317.033624288425,941.6487666034157,5133.218548387096,1054
15158,4,99.920,6,51.68443055555556,1699.9468472222222,1159.6092361111112,6099.375249999999,720
15159,4,99.920,8,75.44406429391503,1943.1554305396096,1330.136521239954,6449.798760045924,871
15160,4,99.920,9,105.53541666666668,2181.877037037037,1515.5993055555557,7008.963842592592,432
15164,5,,0,63.2793314829032,683.8049303135888,492.78395647552117,2187.150011220693,33866
15165,5,,1,42.71108785495267,961.3758072257032,457.15734702039725,2210.0902866284496,7501
15166,5,,2,45.86152297939778,1118.5329635499209,458.395264659271,2374.7971553090333,6310
15167,5,,3,55.2936803076078,1363.6899821477616,610.6521450151057,2949.6266822301563,7282
15168,5,,4,66.47668315301391,1644.0528438948995,782.9107223080886,3626.828092735703,9705
15169,5,,5,77.32337255628649,1852.050339571945,922.7355554526081,4111.1954716019645,21586
15170,5,,6,86.45331861918461,2053.304555599643,1100.8129431604007,4663.870347683762,20162
15171,5,,8,98.16068640219649,2218.9940814530605,1239.2386648597274,5160.591200675842,28409
15172,5,,9,113.56723904540061,1971.9327126093262,1095.9064976047114,4974.438197160814,22753
15218,5,00.660,5,13150.698333333332,3225.9488888888886,1792.1535185185185,24992.999259259257,54
15219,5,00.660,6,10348.295384615385,3198.9875,1852.0628846153847,22435.483653846153,52
15220,5,00.660,8,12182.532533333333,3470.6302666666666,2118.5909333333334,24981.079733333332,75
15221,5,00.660,9,13256.735161290322,3977.301935483871,2534.9464516129033,29228.572258064516,31
15251,5,01.240,5,11221.40346153846,12347.982692307693,12645.981923076924,62033.1123076923,26
15252,5,01.240,6,9124.342083333333,7294.1483333333335,8627.003333333332,43836.1275,24
15253,5,01.240,8,8578.143448275861,9174.867241379312,8368.106896551724,42895.115172413796,29
15267,5,01.310,5,7748.568709677419,8324.393870967742,9328.856774193548,45034.92419354838,31
15268,5,01.310,6,5322.7247727272725,5328.778863636363,4403.1375,25867.670227272727,44
15269,5,01.310,8,6777.850833333333,5639.6825,4136.2275,30575.376666666663,60
15270,5,01.310,9,6577.487083333333,4223.394166666666,3338.831666666667,22460.79625,24
15274,5,01.390,4,13972.482750000001,11475.825,12956.329249999999,66513.40675,40
15275,5,01.390,5,13192.864636363638,11405.391363636363,11376.363272727272,59693.97,110
15276,5,01.390,6,11887.551574074074,10832.183425925927,11472.303518518518,59418.97231481481,108
15277,5,01.390,8,11263.637378640777,11959.44213592233,11068.86436893204,59145.91873786408,103
15278,5,01.390,9,8794.3052,9241.243199999999,6737.9952,40708.9488,25
15352,5,03.310,1,90.93333333333334,2488.96,525.3666666666667,4528.878333333333,24
15355,5,03.310,4,531.8008333333333,4843.635277777777,4299.885277777777,15697.273333333333,36
15356,5,03.310,5,695.761590909091,4114.784318181818,2800.7643181818185,12160.160454545456,44
15357,5,03.310,6,740.3815555555556,5418.354666666666,4521.505777777777,16208.592222222223,45
15358,5,03.310,8,941.1104545454546,5530.853636363637,5553.805909090909,18521.50931818182,44
15359,5,03.310,9,764.0680952380952,3437.895,2458.3440476190476,11386.055,42
15363,5,03.530,3,7271.460416666666,3581.462916666667,3776.289166666667,26538.574583333335,24
15364,5,03.530,4,6616.065185185185,3528.7112962962965,2643.2244444444445,22412.227777777778,54
15365,5,03.530,5,6953.621523178808,3842.2958940397352,2697.376158940397,23136.388741721854,151
15366,5,03.530,6,7018.780689655172,3788.0087931034486,2526.166379310345,23239.58155172414,58
15382,5,03.910,1,423.8242857142857,836.9380952380952,331.73,3821.4066666666663,21
15383,5,03.910,2,356.46230769230766,902.2744615384615,491.96076923076924,4303.008307692307,65
15384,5,03.910,3,283.9552,1038.1424,598.0219999999999,4205.1796,25
15385,5,03.910,4,164.34130434782608,1830.0113043478261,1439.3256521739129,6763.01652173913,23
15386,5,03.910,5,299.7101886792453,2029.0662264150942,1225.16,7403.96320754717,53
15387,5,03.910,6,132.71413043478262,1704.411304347826,889.2932608695652,5702.6993478260865,46
15388,5,03.910,8,167.75731343283582,1630.8164179104476,1115.4802985074625,5676.035970149253,67
15389,5,03.910,9,109.71249999999999,1588.0979166666666,809.4975,4688.116666666667,24
15449,5,04.490,5,730.3780952380953,2282.790476190476,1102.3861904761904,7214.476666666667,21
15476,5,04.810,2,68.1228,1286.26,596.8188,5259.7576,25
15477,5,04.810,3,124.51676923076923,1112.9992307692307,787.0833846153846,6037.931846153846,65
15478,5,04.810,4,71.64973684210527,1155.9426315789474,648.6047368421052,5300.952736842105,190
15479,5,04.810,5,70.36237410071942,1301.8526618705037,728.4785131894483,5259.92376498801,417
15480,5,04.810,6,61.87146153846154,1461.0269615384616,863.6054230769231,5529.721730769231,260
15481,5,04.810,8,95.08496062992127,1549.2551968503938,1026.0323228346456,5786.549724409449,254
15482,5,04.810,9,82.50833333333333,1949.6476984126984,1082.6630952380951,6052.157301587301,126
15496,5,06.110,5,327.8781481481481,2023.812962962963,296.2422222222222,3337.040740740741,27
15506,5,06.2x0,4,1888.9485185185185,3070.8855555555556,1179.3500000000001,12973.752962962964,27
15507,5,06.2x0,5,1718.5118604651166,3124.391395348837,1002.5488372093023,11891.163720930232,43
15520,5,06.390,4,1241.9245454545455,2304.503181818182,950.864090909091,9878.188181818181,22
15521,5,06.390,5,1257.3827906976744,2611.4816279069764,936.0153488372093,10451.84023255814,43
15575,5,08.200,0,130.83916666666667,700.9187499999999,203.9679166666667,2364.6358333333333,24
15579,5,08.200,4,130.54235294117646,1020.7779411764704,184.59529411764706,2418.916764705882,34
15580,5,08.200,5,86.42529411764707,1166.9872549019608,155.4956862745098,2327.691960784314,51
15582,5,08.200,8,467.3079166666667,1082.2429166666668,460.5,3274.690416666667,24
15635,5,08.490,6,135.78162790697672,946.3546511627907,215.62604651162792,2354.216976744186,43
15636,5,08.490,8,115.0343181818182,954.4181818181819,231.5475,3504.1856818181814,44
15637,5,08.490,9,228.64148148148146,763.1962962962963,297.8562962962963,2404.866666666667,27
15708,5,09.810,5,938.6630555555556,841.906111111111,528.0286111111111,4814.155833333334,36
15709,5,09.810,6,1239.778275862069,976.4,563.0879310344828,5706.122068965517,29
15710,5,09.810,8,1532.9709090909091,1153.5636363636365,590.3009090909092,6436.461818181819,22
15721,5,10.310,5,112.15296296296297,1036.9322222222222,200.35407407407405,2536.5733333333333,27
15765,5,11.320,4,588.1949999999999,870.7334482758621,187.80086206896553,3632.0208620689655,58
15766,5,11.320,5,409.89986486486487,916.1452702702703,216.9618243243243,3444.186013513514,148
15767,5,11.320,6,312.87682242990655,1001.419906542056,225.08691588785047,3432.115140186916,107
15768,5,11.320,8,224.78302083333332,956.7489583333332,217.3528125,3220.6341666666667,96
15772,5,11.390,5,244.97123287671235,908.5632876712328,230.52424657534246,2920.7754794520547,73
15773,5,11.390,6,258.00083333333333,1003.4779761904762,188.85654761904763,2930.960952380952,84
15774,5,11.390,8,202.6163492063492,1005.4436507936507,201.94825396825397,2922.654603174603,63
15839,5,13.410,4,3044.0047761194032,929.4910447761195,267.23059701492537,7106.852835820896,67
15840,5,13.410,5,2742.9898547717844,988.8437344398341,270.17858921161826,6723.456867219917,482
15841,5,13.410,6,2147.258444632291,1006.382561284869,265.6918512256974,6094.090270498732,1183
15842,5,13.410,8,2029.4390391459076,1022.5052253855279,254.0270284697509,5923.532817319098,1686
15843,5,13.410,9,2133.6914426877474,1031.852371541502,260.9881818181818,6104.067865612648,506
15853,5,13.590,5,1653.39,1127.5304347826088,318.5604347826087,5090.556956521739,23
15854,5,13.590,6,1603.3003448275863,1113.4224137931035,347.3043103448276,5133.894655172414,58
15855,5,13.590,8,1593.0126804123713,1264.7074226804123,357.7780412371134,5105.292680412371,97
15856,5,13.590,9,1390.1711627906977,1152.1046511627908,311.20651162790693,4871.257441860465,43
15864,5,13.700,8,1451.1265384615385,830.8846153846154,662.6865384615384,5183.863076923077,26
15868,5,13.710,5,1950.191238938053,1063.6504424778761,213.25876106194693,5648.147876106194,113
15869,5,13.710,6,1829.9124041811847,1042.9043205574912,218.89714285714288,5423.182508710801,287
15870,5,13.710,8,1786.7550542299348,1051.783535791757,228.1781561822126,5454.913774403471,461
15871,5,13.710,9,1657.814220779221,1109.9133116883118,198.57292207792207,5384.257532467533,154
15904,5,14.720,5,10219.059090909092,661.6181818181818,686.7295454545455,20101.896818181816,22
15911,5,14.740,5,7097.650000000001,1048.7729166666666,589.0962499999999,15560.449166666665,24
15921,5,14.790,4,25.491153846153846,977.8903846153846,199.18,2117.778076923077,26
15922,5,14.790,5,26.850394736842105,840.0656578947368,371.86868421052634,2418.3409210526315,76
15923,5,14.790,6,22.171969696969697,898.0930303030303,220.07666666666665,2329.926515151515,66
15924,5,14.790,8,70.16603773584906,910.5956603773585,304.57698113207545,2446.484716981132,53
15925,5,14.790,9,12.577619047619047,705.8047619047619,118.04476190476191,1794.4509523809525,21
15952,5,16.210,9,100.89184210526315,2715.3355263157896,506.95368421052626,5604.886842105264,38
15992,5,17.110,6,3660.489565217391,1825.9352173913044,810.2973913043478,9816.651739130435,23
15999,5,17.120,4,4388.122352941176,1206.019411764706,842.6785294117647,10220.11882352941,34
16000,5,17.120,5,3920.58,1378.5925316455696,800.0717721518987,9544.495063291139,79
16001,5,17.120,6,4213.242314814815,1553.329537037037,902.9073148148149,10507.683981481481,108
16002,5,17.120,8,4210.355492957747,1675.1647887323943,873.8354929577465,10542.927042253521,71
16007,5,17.130,4,3513.550952380953,1247.9292857142857,650.8690476190476,9195.981904761904,42
16008,5,17.130,5,3943.527677419355,1225.082193548387,787.6094193548388,9468.802451612903,155
16009,5,17.130,6,3941.7627737226276,1590.3315328467154,917.5032846715328,10189.160218978102,137
16010,5,17.130,8,4124.329352517986,1754.1030215827338,826.5153237410073,10353.212805755396,139
16011,5,17.130,9,4939.189130434783,1769.5491304347825,847.3617391304348,11657.462173913043,23
16021,5,17.220,6,7323.728571428571,1571.5047619047618,1095.5528571428572,14515.7,21
16082,5,17.920,0,32.829324324324325,852.5527027027027,459.1581081081081,2512.0685135135136,74
16085,5,17.920,3,26.3771875,1100.5953125,592.849375,4166.2921875,32
16086,5,17.920,4,16.107555555555557,1472.2588888888888,703.7944444444445,5212.892888888889,45
16087,5,17.920,5,51.22720588235295,1694.2507352941177,602.0232352941176,6314.55455882353,68
16088,5,17.920,6,30.225254237288134,1780.0,950.5649152542373,5740.346440677966,59
16089,5,17.920,8,34.82333333333333,1868.2309523809522,1140.0709523809523,6743.770476190476,42
16090,5,17.920,9,64.72151515151515,1782.4666666666667,1163.2233333333334,7153.302424242424,33
16094,5,17.940,0,21.950000000000003,1006.5681818181819,554.2399999999999,2456.8581818181815,22
16099,5,17.940,5,39.13194444444444,2048.9972222222223,961.5144444444444,5204.204722222222,36
16100,5,17.940,6,72.895,2284.641666666667,1962.4437500000001,7181.834583333333,24
16101,5,17.940,8,55.88222222222222,2596.6296296296296,1430.5377777777778,7073.073703703703,27
16103,5,17.950,0,49.45643997445722,683.6578863346105,468.7832503192848,2305.2130523627075,3132
16104,5,17.950,1,33.246686567164176,818.204104477612,520.5365970149254,2346.0263880597013,670
16105,5,17.950,2,48.690988235294114,1006.352,641.0011294117646,2844.5221176470586,425
16106,5,17.950,3,39.07502407704655,1131.3754574638845,766.4512359550562,3234.8105617977526,623
16107,5,17.950,4,47.48059338521401,1307.4479377431906,956.2675778210117,3946.5505252918288,1028
16108,5,17.950,5,55.74382201203783,1460.040894239037,1049.8200816852968,4208.876134995701,2326
16109,5,17.950,6,78.95488331892827,1628.7468668971478,1291.8641573033708,4947.806914433881,2314
16110,5,17.950,8,82.34760804321728,1737.4055912364945,1375.3145828331333,5222.335111044417,3332
16111,5,17.950,9,86.41595359628771,1798.9177494199537,1381.923415313225,5414.874677494199,2155
16116,5,17.970,0,104.425,920.6541666666667,200.57916666666665,3220.4154166666667,24
16117,5,17.970,1,98.00840909090908,1083.9863636363636,394.1881818181818,3108.0454545454545,44
16119,5,17.970,3,164.56241379310342,2155.7644827586205,867.9227586206897,5713.582413793103,29
16120,5,17.970,4,144.66666666666666,1411.6847916666666,818.6445833333333,4629.314375,48
16121,5,17.970,5,255.28480263157894,1670.9359210526316,1099.6196052631578,5557.555065789474,152
16122,5,17.970,6,162.21807692307692,1528.2839230769232,892.7307692307693,4545.197076923077,130
16123,5,17.970,8,136.26709401709402,1652.198717948718,915.7136752136752,4606.957435897436,117
16124,5,17.970,9,219.57092307692307,1719.6707692307693,915.7696923076923,5400.672153846154,65
16143,5,18.110,0,54.545,887.4657692307693,321.8496153846154,2135.8003846153847,26
16148,5,18.110,5,68.20305555555555,1942.2172222222225,1063.0822222222223,5416.478888888889,36
16149,5,18.110,6,12.271739130434783,1734.2478260869564,804.9434782608696,3524.203913043478,23
16150,5,18.110,8,85.26388888888889,2068.713888888889,1265.483888888889,4818.317222222223,36
16165,5,18.290,4,124.2347619047619,1148.7142857142858,380.18904761904764,3003.9504761904764,21
16166,5,18.290,5,215.81079999999997,1295.9256,453.90880000000004,3598.5436,25
16214,5,20.090,5,33.19717948717949,1200.479487179487,728.7284615384615,3015.7605128205128,39
16253,5,21.010,5,107.34,1087.5269230769231,528.585,2469.753846153846,26
16254,5,21.010,6,122.4544,1026.188,246.6088,2048.7824,25
16255,5,21.010,8,145.7608695652174,1299.1095652173913,600.5604347826087,3029.4026086956524,23
16268,5,21.030,5,241.00041666666667,917.9364583333332,313.7858333333333,2404.9347916666666,48
16269,5,21.030,6,293.63714285714286,1016.4866071428571,314.4251785714286,2475.186607142857,56
16270,5,21.030,8,206.25666666666666,1242.4775,395.08479166666666,2805.865208333333,48
16300,5,21.210,5,58.79555555555555,1983.736111111111,768.5541666666667,3975.6777777777775,36
16325,5,21.5x0,3,825.9246153846154,1238.0442307692308,766.5007692307693,5630.583846153846,26
16327,5,21.5x0,5,878.3671428571429,1448.4185714285716,706.3059999999999,5896.106857142857,35
16342,5,21.710,1,266.09027777777777,1085.3394444444446,445.1980555555556,3840.2380555555555,36
16344,5,21.710,3,258.6077272727273,1312.7136363636364,1011.8222727272728,4718.911363636364,22
16397,5,22.2x0,5,899.2418181818182,1390.6742424242425,922.1378787878788,7667.6196969696975,33
16424,5,22.530,2,652.989,1167.4566666666665,946.8866666666667,7401.801333333334,30
16425,5,22.530,3,821.2047500000001,1217.4175,934.1092500000001,7661.356,40
16426,5,22.530,4,807.4446153846154,1350.9352564102564,1028.9582051282052,8044.130128205128,78
16427,5,22.530,5,820.0831677018634,1463.301552795031,957.0991925465838,8136.114596273292,161
16428,5,22.530,6,833.7358139534883,1519.7098837209303,972.197558139535,7840.563372093023,86
16429,5,22.530,8,989.5142857142857,1739.0621428571428,1101.897380952381,8840.415714285715,42
16617,5,27.990,5,127.0004347826087,1292.786956521739,325.77260869565214,3007.292608695652,23
16626,5,28.0x0,5,64.24545454545455,1245.45,808.605,3235.786818181818,22
16634,5,28.2x0,3,1326.4335714285714,1405.105357142857,965.5521428571428,6585.239642857143,28
16639,5,28.3x0,0,1642.1054098360657,1283.170819672131,644.3313114754098,6988.437868852459,61
16649,5,28.6x0,0,1806.5286842105263,1040.457105263158,596.3018421052632,5961.863947368421,38
16660,5,29.110,0,62.924800000000005,956.362,542.9133999999999,2814.6967999999997,50
16661,5,29.110,1,56.92936170212766,1160.7117021276595,537.880425531915,2601.3336170212765,47
16662,5,29.110,2,28.1425,1100.3500000000001,553.7866666666666,2424.3125,24
16663,5,29.110,3,94.02571428571429,1678.4397959183675,584.9810204081632,3364.135918367347,49
16664,5,29.110,4,46.898536585365854,1908.4512195121952,794.5934146341464,4286.985609756098,41
16665,5,29.110,5,57.334913793103446,1857.2396551724137,754.890172413793,3772.625603448276,116
16666,5,29.110,6,82.24445945945946,2295.0472972972975,966.3186486486487,4718.47945945946,74
16667,5,29.110,8,105.60615384615386,2653.701923076923,1173.2492307692307,5763.078846153846,52
16668,5,29.110,9,100.13380952380952,2501.723333333333,1149.022380952381,5296.121428571429,21
16685,5,29.390,4,798.5904,1443.8872000000001,397.41,5109.7752,25
16686,5,29.390,5,670.3,1283.818888888889,543.2355555555556,4764.4137037037035,27
16692,5,30.090,2,433.70909090909095,1254.0386363636362,789.4827272727272,5580.822727272727,22
16693,5,30.090,3,470.9957575757576,1230.2989393939392,794.6780303030303,5731.603939393939,66
16694,5,30.090,4,468.1488805970149,1266.9120149253731,766.0541791044776,5780.773507462687,134
16695,5,30.090,5,510.13456043956046,1280.0837912087911,756.2118131868132,5692.764505494506,182
16696,5,30.090,6,612.4143859649123,1334.5870175438597,746.467894736842,5805.634561403508,57
16702,5,30.091,5,840.5509523809524,1257.104761904762,797.4190476190475,6435.69619047619,21
16723,5,31.420,1,41.49727272727273,1287.7997727272727,470.18409090909086,2570.3811363636364,44
16724,5,31.420,2,45.93,1244.9255319148936,506.1478723404255,2526.058085106383,47
16725,5,31.420,3,51.27808510638298,1291.7957446808512,573.8789361702128,2810.601276595745,47
16726,5,31.420,4,75.16985714285715,1769.062857142857,816.1585714285715,3609.5015714285714,70
16727,5,31.420,5,67.8606993006993,1850.9169930069932,978.7246853146853,4157.380839160839,143
16728,5,31.420,6,66.09924050632911,1907.7088607594937,778.1288607594937,3865.6267088607597,79
16729,5,31.420,8,101.94318681318681,2329.6826373626373,1173.9616483516484,5165.221428571429,91
16730,5,31.420,9,156.33903225806452,2548.330967741935,1831.2451612903226,6792.467741935484,31
16749,5,32.200,1,9041.544761904763,2180.714285714286,1582.7495238095237,21338.470476190476,21
16752,5,32.200,4,14521.980416666667,4122.0775,2197.914166666667,28940.82083333333,24
16753,5,32.200,5,14320.114225352112,4976.445070422535,2592.027323943662,30351.60295774648,71
16754,5,32.200,6,14419.290588235293,5604.834705882353,3034.919019607843,32730.791960784318,51
16755,5,32.200,8,14846.661714285714,5884.1702857142855,3061.8894285714287,34608.48114285715,35
16769,5,32.300,5,20809.63425,6223.813749999999,2207.4092499999997,40515.348,40
16770,5,32.300,6,21234.265833333335,5370.41875,1914.1679166666665,38178.36,24
16777,5,32.410,5,21497.69,6947.545,2784.056,43857.474,30
16778,5,32.410,6,21382.89205128205,7694.398974358975,3332.868717948718,45600.731538461536,39
16791,5,33.220,4,179.2418181818182,3337.6,2337.04,8782.29909090909,22
16792,5,33.220,5,785.011346153846,3140.125576923077,2201.693846153846,9721.743653846153,52
16793,5,33.220,6,418.85615384615386,3814.993333333333,2312.8484615384614,9578.489487179488,39
16794,5,33.220,8,239.17199999999997,3138.88125,1624.7185,7326.21225,40
16798,5,33.230,3,182.61095238095237,2514.5533333333333,1006.0628571428572,5755.115714285714,21
16799,5,33.230,4,169.78333333333333,2289.54,1225.2936666666667,5802.069,30
16800,5,33.230,5,285.2374137931034,3229.5674137931037,2020.3737931034484,8486.61551724138,58
16801,5,33.230,6,300.6703225806452,3405.2166129032257,1787.212741935484,8445.718387096775,62
16802,5,33.230,8,252.05074626865675,3199.7201492537315,2240.3376119402983,8946.881194029851,67
16803,5,33.230,9,410.43727272727267,3490.9363636363637,2438.320909090909,10648.421818181818,22
16805,5,33.240,1,117.89607142857143,2091.2634523809525,947.0746428571429,5089.616547619047,84
16806,5,33.240,2,188.6909638554217,2326.190120481928,987.0673493975903,5543.374698795181,83
16807,5,33.240,3,163.8046923076923,2255.618076923077,1048.2303846153848,5420.073076923077,130
16808,5,33.240,4,228.10933673469387,2842.1635204081635,1683.5588775510203,7379.763673469388,196
16809,5,33.240,5,265.8358417849899,3045.131501014199,1794.0095740365111,7778.3772819472615,493
16810,5,33.240,6,340.31204453441296,3419.809817813765,2158.1127327935224,9245.6458097166,494
16811,5,33.240,8,342.22807157057656,3836.2264612326044,2437.650337972167,10280.966560636183,503
16812,5,33.240,9,426.48386861313867,4498.415912408759,3210.180802919708,16834.79810218978,137
16815,5,33.260,5,914.3331481481481,4776.0948148148145,1605.0818518518518,9766.11888888889,54
16816,5,33.260,6,1032.0975308641976,4710.554074074074,2139.51024691358,10748.529012345678,81
16817,5,33.260,8,1035.1368539325842,5066.3880898876405,2021.9791011235957,12052.942584269662,89
16818,5,33.260,9,1010.2473076923077,4598.7711538461535,2033.051923076923,11547.445,26
16854,5,34.040,1,259.91026315789475,1409.6792105263157,418.60263157894735,3773.7005263157894,38
16856,5,34.040,3,449.4430434782609,2651.9678260869564,3079.290434782609,9256.88956521739,23
16857,5,34.040,4,419.76880000000006,2820.4864000000002,1734.6689999999999,7922.1648,50
16858,5,34.040,5,531.9359171597633,3382.491124260355,1952.3616568047337,9301.247041420118,169
16859,5,34.040,6,441.6591603053435,3141.1300763358777,1859.1869847328244,9141.244694656489,262
16860,5,34.040,8,531.4219677419355,3534.149225806452,2071.9292580645165,10017.073225806453,310
16861,5,34.040,9,555.8565887850467,3954.248785046729,2427.5764953271027,10920.251728971964,214
16910,5,34.910,4,390.21342857142855,3002.9025714285713,1755.0748571428571,7709.042000000001,35
16911,5,34.910,5,384.8170588235294,3285.1105882352945,2372.3658823529413,9427.717176470587,85
16912,5,34.910,6,467.04375,3564.3875,2141.815625,9147.485703125,128
16913,5,34.910,8,522.8819553072625,3755.182011173184,2813.0906703910614,11109.849162011173,179
16914,5,34.910,9,604.25136,4354.76552,2891.44752,11861.54616,125
16927,5,36.060,4,9249.856086956523,3261.9256521739126,2029.18,22085.82434782609,23
16928,5,36.060,5,9076.695375,3303.8512499999997,1981.68925,22280.425125,80
16929,5,36.060,6,9161.507252747253,3611.7880219780222,2138.7887912087913,22936.087032967032,91
16930,5,36.060,8,9834.614485981308,3324.4667289719628,2082.5071028037382,23220.45,107
16931,5,36.060,9,12010.551000000001,3299.963333333333,2407.415,26863.393,30
16933,5,36.070,4,8630.395789473683,2397.411842105263,1240.1836842105265,21522.065,38
16934,5,36.070,5,7805.185076142132,2947.778223350254,1623.0655329949236,21488.962081218277,197
16935,5,36.070,6,9096.772410714286,3085.9833035714287,2107.1107589285716,23420.68200892857,224
16936,5,36.070,8,9091.14354477612,3190.1889925373134,2010.608619402985,23886.281082089554,268
16937,5,36.070,9,10639.737826086957,3533.1586956521737,2311.681195652174,25584.36260869565,92
16986,5,37.830,8,40728.10324324325,3089.491891891892,1206.563243243243,49597.01351351351,37
17010,5,38.590,4,802.1387755102041,1665.5138775510206,704.4391836734694,7235.604897959184,49
17011,5,38.590,5,878.4767452830189,1724.7350943396227,800.9773113207548,7483.762264150944,212
17012,5,38.590,6,865.5449295774648,1743.3192957746478,780.187323943662,7364.473802816901,142
17013,5,38.590,8,793.5600000000001,2015.3293670886076,932.7172151898735,7959.790886075949,79
17046,5,38.930,3,911.5126666666667,2611.46,3006.052666666667,8711.903666666667,30
17047,5,38.930,4,912.5826829268293,3223.9179268292687,3480.6951219512193,11008.074024390246,82
17048,5,38.930,5,1138.984311111111,3129.4124,3415.172711111111,11897.275599999999,225
17049,5,38.930,6,818.4033163265306,3184.8661224489797,2801.1299489795915,10148.970357142856,196
17050,5,38.930,8,959.7324423963133,4086.8405990783413,3699.9187096774194,13784.31331797235,217
17051,5,38.930,9,1023.4411206896551,5958.850862068965,4823.140862068965,19635.275344827587,116
17055,5,38.950,4,2002.5708695652172,3401.0639130434784,2129.810434782609,12684.468260869566,23
17056,5,38.950,5,1894.6168627450982,3891.1756862745096,2123.864705882353,13636.967843137254,51
17057,5,38.950,6,1854.6055357142857,3809.222142857143,2232.2028571428573,13463.116250000001,56
17058,5,38.950,8,1949.0989855072467,4882.97884057971,2648.50231884058,15922.230869565217,69
17064,5,38.970,5,949.8625925925926,3684.2766666666666,6348.197037037037,16069.899629629632,27
17065,5,38.970,6,640.5837931034483,2788.5137931034483,3109.813448275862,11272.720344827587,29
17066,5,38.970,8,1373.160243902439,5715.058048780488,6118.867317073171,20793.053170731706,41
17067,5,38.970,9,844.782380952381,4556.0461904761905,3661.0880952380953,13926.966666666665,21
17076,5,38.990,0,51.29953436807095,899.7282926829268,612.4731485587583,2799.309157427938,451
17077,5,38.990,1,35.4695652173913,851.1913043478262,454.6869565217391,2308.5852173913045,23
17081,5,38.990,5,423.78000000000003,2310.7291666666665,1871.4625000000003,7818.361250000001,24
17084,5,38.990,9,110.90577639751554,1355.057142857143,653.8332919254659,4421.876583850932,161
17089,5,39.270,4,1061.889375,3045.8853125,1699.6125,11304.3521875,32
17090,5,39.270,5,700.3186764705882,3035.359264705882,2137.466029411765,10481.976029411764,68
17091,5,39.270,6,572.9836206896553,2728.741551724138,1675.5375862068968,9507.368965517242,58
17092,5,39.270,8,652.5286274509804,2975.2923529411764,1795.024705882353,10759.83294117647,51
17123,5,39.500,4,7023.976666666667,1568.9476190476191,436.49619047619046,12741.468095238097,21
17124,5,39.500,5,8438.190416666666,2044.9927083333332,959.3877083333333,16349.238125000002,48
17125,5,39.500,6,7978.406818181818,1725.6120454545453,892.2002272727273,16232.614090909092,44
17126,5,39.500,8,19745.47088235294,2986.8620588235294,2005.1317647058822,30306.485294117647,34
17146,5,39.720,5,105728.06826086956,6351.1,5305.182173913044,136179.23652173913,23
17158,5,39.740,6,64615.34863636363,4828.347727272728,7589.932272727273,89466.145,22
17159,5,39.740,8,58928.248518518514,8105.35037037037,7655.350740740741,92046.89962962962,27
17160,5,39.740,9,59717.2988,6349.4236,5676.8888,82407.026,25
17171,5,39.790,4,7076.4144,3299.612,3199.1984,20852.2812,25
17172,5,39.790,5,7711.96922077922,3563.698181818182,3756.470649350649,23416.86077922078,77
17173,5,39.790,6,7649.348701298701,3600.1305194805195,3556.6993506493504,22173.8774025974,77
17174,5,39.790,8,9327.312333333333,3862.379,3541.552666666667,25581.76583333333,60
17175,5,39.790,9,13786.897272727272,5958.497727272727,4942.547727272727,34903.78954545454,22
17188,5,39.950,2,1973.725945945946,3258.572162162162,5451.193513513514,24808.433243243242,37
17189,5,39.950,3,2438.07,2815.2559,4683.8299,26738.335600000002,100
17190,5,39.950,4,1903.612032967033,2666.177197802198,3811.2113736263736,20766.32879120879,182
17191,5,39.950,5,2026.1543373493976,3347.42483935743,4643.597168674699,23392.057610441767,498
17192,5,39.950,6,1581.7804639175256,3582.612757731959,3915.7205927835053,20770.528273195876,388
17193,5,39.950,8,1590.741408450704,3844.3805915492962,3729.3838309859157,19481.525323943664,355
17194,5,39.950,9,1101.3741379310345,3855.2013793103447,2888.878879310345,16425.157413793102,116
17199,5,39.960,5,2316.9743750000002,2130.7625000000003,2322.710625,16599.1115625,32
17200,5,39.960,6,1748.1757692307692,2010.3076923076924,1603.1003846153847,12808.402307692308,26
17216,5,40.110,8,564.702,3897.0296000000003,797.3539999999999,6619.379599999999,25
17258,5,41.380,5,226.58309523809524,2988.905714285714,1644.129285714286,8410.328095238096,42
17259,5,41.380,6,121.56133333333334,2925.9477777777774,1048.2695555555556,6526.928222222223,45
17260,5,41.380,8,210.43228070175437,3248.2719298245615,1484.0012280701756,7859.170701754386,57
17261,5,41.380,9,156.28142857142856,3800.5880952380953,1760.2761904761905,10071.74142857143,21
17268,5,41.5x0,5,6917.84,7688.174705882353,5442.06705882353,33632.650882352944,34
17293,5,42.330,5,2953.6348717948717,2684.826666666667,2720.9184615384615,12902.155128205128,39
17294,5,42.330,6,2868.929512195122,3380.848536585366,1923.3929268292684,12735.149024390244,41
17335,5,43.410,3,422.0988888888889,1664.5953086419754,554.143086419753,4845.221975308642,81
17336,5,43.410,4,490.01587044534415,1673.1266396761134,617.5233603238865,4885.561740890688,247
17337,5,43.410,5,538.803468118196,1849.8332814930016,634.970933125972,5386.662814930016,643
17338,5,43.410,6,537.9958291457286,2058.9865326633167,803.8358793969849,5942.521457286432,398
17339,5,43.410,8,431.5553759398496,2211.291052631579,884.7902631578947,6017.547067669173,266
17356,5,43.7x0,6,17691.985714285714,9183.138095238095,7799.210952380952,49026.47571428571,21
17375,5,44.130,1,46.97059523809524,1203.3644047619048,504.34261904761905,2679.8848809523806,84
17376,5,44.130,2,68.24870689655172,1573.949224137931,664.2495689655173,3402.9783620689655,116
17377,5,44.130,3,81.89333333333335,2038.6898312236287,784.6173839662448,4182.408945147679,237
17378,5,44.130,4,83.36486652977413,1921.0616632443532,838.9890554414784,4190.81092402464,487
17379,5,44.130,5,101.56374605678234,2149.3434227129337,931.8983596214512,4715.121735015773,1268
17380,5,44.130,6,112.4957273559012,2351.345096065874,1100.3595333943274,5265.705123513267,1093
17381,5,44.130,8,123.07204737732657,2426.918367174281,1140.1532994923857,5539.148840947546,1182
17382,5,44.130,9,164.97490706319704,2601.8926765799256,1329.1812267657992,6401.753531598513,269
17386,5,44.140,4,174.10936170212764,2288.7682978723406,1054.4038297872341,5158.16255319149,47
17387,5,44.140,5,174.36432432432434,2467.7314189189187,1058.2420945945946,5470.544797297297,148
17388,5,44.140,6,189.44473170731706,2970.8139024390243,1338.148536585366,6537.98956097561,205
17389,5,44.140,8,176.79868725868727,3000.6185328185325,1256.566138996139,6544.89613899614,259
17390,5,44.140,9,202.12610169491526,3073.325423728814,1577.146779661017,7022.917966101694,59
17401,5,44.410,5,2116.2225806451615,3836.1048387096776,4032.1667741935485,17504.803225806452,31
17402,5,44.410,6,2222.218636363636,4988.596363636363,4802.515454545454,21327.222272727275,22
17403,5,44.410,8,3164.5271428571423,6076.7071428571435,7330.448333333334,27542.38619047619,42
17404,5,44.410,9,2490.4796153846155,8377.218076923078,7951.633076923076,30965.98153846154,26
17416,5,44.430,5,685.0024137931034,2680.423103448276,1552.4441379310344,7761.961724137932,29
17417,5,44.430,6,758.1788888888888,2894.11,1664.292222222222,8824.925185185186,27
17418,5,44.430,8,1076.8827272727272,3403.4245454545453,1984.9930303030305,9884.106363636363,33
17434,5,44.690,8,2093.568695652174,5990.91347826087,5677.957826086957,24443.916956521738,23
17442,5,45.130,1,207.8668888888889,1530.7477777777776,847.2375555555556,3995.054444444445,45
17443,5,45.130,2,56.21826086956521,1555.3045652173912,556.5995652173913,3131.5528260869564,46
17444,5,45.130,3,142.15841121495328,2033.984672897196,929.1490654205608,4483.268878504673,107
17445,5,45.130,4,99.6903813559322,2298.8061440677966,803.4913559322033,4559.986313559322,236
17446,5,45.130,5,123.85258064516128,2351.311311827957,926.3590322580645,4848.746473118279,465
17447,5,45.130,6,215.92677233429393,2440.9674351585013,977.7036599423631,5328.784092219021,347
17448,5,45.130,8,136.98062330623307,2623.9143360433604,1191.501138211382,5767.7770189701905,369
17449,5,45.130,9,154.17774193548388,2993.1693548387098,1380.5272043010752,6590.434623655914,93
17456,5,45.160,4,118.2912,2290.478,773.7924,4507.9768,50
17457,5,45.160,5,160.88950980392156,2497.5979411764706,947.9962745098039,5009.960588235294,102
17458,5,45.160,6,202.39157894736843,2999.5989473684212,1196.970842105263,6368.206526315789,95
17459,5,45.160,8,219.16122641509435,3069.644716981132,1326.5549056603775,6588.78320754717,106
17460,5,45.160,9,171.43806451612903,3290.456451612903,1327.034193548387,7143.1900000000005,31
17462,5,45.230,1,63.71,1430.6945945945945,525.4808108108108,2973.3413513513515,37
17463,5,45.230,2,64.12060606060606,1439.1487878787877,586.4972727272727,3306.920303030303,33
17464,5,45.230,3,79.87672413793103,1715.6474137931034,608.5846551724137,3581.555,58
17465,5,45.230,4,106.45132450331126,2121.294105960265,1052.7307947019867,4762.489139072847,151
17466,5,45.230,5,123.52788856304986,2219.856246334311,784.6003519061583,4639.7484457478,341
17467,5,45.230,6,141.63306818181817,2335.6697727272726,884.6154545454546,4799.400492424243,264
17468,5,45.230,8,138.09772727272727,2604.4115734265733,1028.0615034965035,5441.499545454546,286
17469,5,45.230,9,220.118,3224.338181818182,1465.3432727272727,6926.029090909091,55
17479,5,45.250,4,122.89590909090909,2951.7227272727273,858.6427272727273,5430.414545454545,22
17480,5,45.250,5,278.482,3259.7398,955.1433999999999,6164.6485999999995,50
17481,5,45.250,6,366.4162222222222,3232.228666666667,1153.7195555555554,6418.461333333334,45
17482,5,45.250,8,252.51742857142858,3342.4042857142854,1447.4164285714287,7261.017285714285,70
17483,5,45.250,9,337.18363636363637,3090.781818181818,1091.033181818182,6329.680454545454,22
17510,5,45.420,2,543.0179999999999,1526.7923999999998,416.13199999999995,4093.268,25
17511,5,45.420,3,358.5490909090909,1569.7696103896103,421.3312987012987,3998.8945454545456,77
17512,5,45.420,4,410.53489795918364,1669.0413265306122,450.6457142857143,4184.0075,196
17513,5,45.420,5,458.5423214285714,1668.0891071428573,508.3476984126984,4440.589583333333,504
17514,5,45.420,6,469.4203071672355,2028.6523890784983,650.7501706484642,5055.807030716724,293
17515,5,45.420,8,400.4226380368098,2022.747055214724,691.5661349693252,5274.463803680981,163
17518,5,45.430,3,565.7270297029703,1476.8762376237623,391.1008910891089,4046.238712871287,101
17519,5,45.430,4,705.4482828282829,1732.9514141414143,533.7051178451179,4834.237373737374,297
17520,5,45.430,5,774.2201578947368,1922.3166578947366,568.00325,5161.692907894737,760
17521,5,45.430,6,919.3434382022472,2231.0584494382024,693.9014382022473,5982.107213483146,445
17522,5,45.430,8,1007.0032343234323,2563.4940594059403,848.7526732673267,6787.4268316831685,303
17523,5,45.430,9,948.4521428571428,2615.882380952381,868.5259523809525,6674.7511904761905,42
17531,5,45.620,5,5989.766,7044.86,4677.646,29745.1512,25
17532,5,45.620,6,7179.048695652174,5293.380434782609,5006.233043478261,26940.3447826087,23
17533,5,45.620,8,6967.974666666666,6711.013333333333,5392.321666666667,31107.22266666667,30
17624,5,47.010,0,1152.438280254777,1537.6168152866242,776.8579617834395,6795.2768789808915,157
17625,5,47.010,1,1329.4990329670331,1577.7911648351649,1086.3426153846153,7264.487076923077,455
17626,5,47.010,2,1480.4097610921501,1644.1788737201364,1344.462491467577,7954.246416382253,293
17627,5,47.010,3,1394.413737113402,1707.7913917525775,1336.8659020618556,7933.2366494845355,388
17628,5,47.010,4,1414.9676530612244,1865.915586734694,1394.0654081632654,8298.764336734694,392
17629,5,47.010,5,1504.4531792975972,1947.7032532347505,1430.807707948244,8552.695674676526,541
17630,5,47.010,6,1522.0530036630037,2152.653772893773,1467.375238095238,8961.887912087912,273
17631,5,47.010,8,1479.8555208333335,2544.330572916667,1748.4328125,9816.97609375,192
17632,5,47.010,9,1597.4489655172415,3359.7351724137934,1965.4293103448274,11540.56275862069,58
17676,5,48.350,4,925.5296296296297,1728.6512962962963,477.75444444444446,5474.152037037037,54
17677,5,48.350,5,896.5570440251573,1855.756289308176,577.1850314465408,5815.218805031447,159
17678,5,48.350,6,904.0202469135802,2115.6546913580246,649.9558024691357,6481.4162962962955,81
17679,5,48.350,8,1458.7025925925927,2992.5390740740736,1034.585925925926,8504.763333333332,54
17683,5,48.351,4,780.7548888888889,1730.657777777778,597.7906666666667,5687.241333333333,45
17684,5,48.351,5,897.0379746835443,1888.721265822785,569.9493670886076,5871.935569620254,158
17685,5,48.351,6,981.1650704225352,2393.8642253521125,783.4964788732394,6872.7261971830985,71
17686,5,48.351,8,992.3438461538461,2412.685,725.1303846153846,7054.295576923077,52
17691,5,48.360,3,256.0311904761905,1230.9483333333333,535.9019047619048,3926.0090476190476,42
17692,5,48.360,4,331.58315384615383,1611.2688461538462,625.1555384615385,4890.558846153846,130
17693,5,48.360,5,380.47355491329483,1708.5965606936418,736.8467919075144,5238.830549132948,346
17694,5,48.360,6,537.4740963855421,1819.2681927710844,769.9266867469879,5679.289036144578,166
17695,5,48.360,8,501.48,2248.597745098039,949.5774509803921,6301.060882352941,102
17721,5,48.630,6,11283.36576923077,7811.732307692308,5880.787692307693,37800.28423076923,26
17726,5,48.690,8,11616.129047619048,7239.92,4670.584285714286,35673.94666666667,21
17733,5,48.760,4,977.0366666666665,1041.1166666666666,1154.7704166666665,8017.376666666667,24
17734,5,48.760,5,1233.217076923077,1502.7515384615385,1039.5595384615383,9199.379230769231,65
17735,5,48.760,6,1171.624761904762,1572.952380952381,1259.9085714285716,9402.135714285714,21
17751,5,49.010,1,293.9654545454545,993.6368181818181,574.1559090909091,4270.576363636364,22
17752,5,49.010,2,230.7719607843137,1153.3613725490195,907.0500000000001,5132.4815686274505,51
17753,5,49.010,3,293.2138461538462,1518.9638461538461,968.5027692307692,6069.286923076924,65
17754,5,49.010,4,260.56023809523805,1431.2152380952382,999.3495238095238,5654.617142857142,42
17755,5,49.010,5,273.6566666666667,1338.2223188405796,1077.351739130435,5967.93579710145,69
17756,5,49.010,6,331.2161904761905,1931.0938095238096,1299.8028571428572,7492.719523809525,21
17761,5,49.040,2,455.6509459459459,1084.5609459459458,1300.7497297297298,6278.4318918918925,74
17762,5,49.040,3,305.4409923664122,1296.6904580152673,1378.5767175572519,6690.273664122137,131
17763,5,49.040,4,384.4676923076923,1166.4245054945056,1450.9408791208791,6520.12065934066,91
17764,5,49.040,5,377.62245454545456,1313.360818181818,1346.1623636363638,7047.753727272728,110
17765,5,49.040,6,331.09433333333334,1900.5770000000002,1786.594,8704.66,30
17775,5,49.120,2,460.5879166666667,1114.4624999999999,1416.2612499999998,5915.922916666666,24
17776,5,49.120,3,413.54249999999996,1283.7875000000001,1500.7109090909091,6791.691363636363,44
17777,5,49.120,4,279.430625,1193.965625,1072.999375,6393.215,32
17778,5,49.120,5,252.5395,1419.3332500000001,1300.3827500000002,6518.334,40
17790,5,49.390,4,288.7509677419355,1345.8548387096773,1226.8070967741937,6666.271935483871,31
17791,5,49.390,5,208.39851851851853,1111.9666666666667,1232.071851851852,5915.778888888889,27
17805,5,49.450,2,483.0070909090909,998.0254545454545,1066.8752727272727,5748.897090909091,55
17806,5,49.450,3,671.0517500000001,987.0400000000001,1127.0356666666667,5860.8234999999995,120
17807,5,49.450,4,542.8285625000001,1062.958375,1160.0146875,5935.1537499999995,160
17808,5,49.450,5,570.4610697674419,1145.4180465116278,1227.5670232558139,6254.158139534884,215
17809,5,49.450,6,570.1737333333333,1244.8826666666666,1324.5848,6318.129333333333,75
17810,5,49.450,8,475.70486486486493,1453.5432432432433,1188.0027027027027,6681.9086486486485,37
17813,5,49.460,1,553.2185416666667,901.5056249999999,923.2095833333333,5378.417291666667,48
17814,5,49.460,2,582.2275,1047.9205303030303,1060.9878030303032,5884.980606060606,132
17815,5,49.460,3,539.4355830388693,1116.8299646643109,1046.4037102473499,6068.456749116608,283
17816,5,49.460,4,514.7483550913838,1125.9458224543082,1069.9087206266317,6221.925718015666,383
17817,5,49.460,5,577.6005646630238,1251.82072859745,1134.6391621129326,6429.992404371585,549
17818,5,49.460,6,706.5419318181819,1346.4351704545454,1220.9748863636362,6976.488181818181,176
17819,5,49.460,8,690.377520661157,1474.8181818181818,1144.408347107438,7146.328347107438,121
17828,5,49.490,2,1468.4942,1240.3483999999999,1290.3734,7788.2892,50
17829,5,49.490,3,1388.5342,1467.0916,1273.8763000000001,8143.2894,100
17830,5,49.490,4,1560.09304,1274.3254399999998,1401.38376,7834.2076,125
17831,5,49.490,5,1547.8458865248226,1333.0695035460992,1385.1502127659573,7721.220921985815,141
17832,5,49.490,6,1376.187441860465,1302.2813953488371,1378.6313953488373,7360.903023255814,43
17833,5,49.490,8,1794.3942105263156,1578.2768421052633,1695.5271052631579,8647.736842105263,38
17849,5,49.730,2,339.9318181818182,1330.1113636363636,937.5054545454545,6233.688181818183,22
17850,5,49.730,3,248.1623913043478,1268.3447826086956,1058.2841304347826,5943.656304347826,46
17851,5,49.730,4,367.9940625,1323.225,1402.0234375,6966.6578125,32
17852,5,49.730,5,319.50673913043477,1357.9369565217391,1172.601956521739,6801.979347826086,46
17938,5,51.230,1,1382.3277142857144,1782.0748571428571,1216.4174285714287,8490.922571428571,35
17939,5,51.230,2,1497.0584234234236,1722.654009009009,1107.5536936936937,8081.381846846847,222
17940,5,51.230,3,1561.5841401273885,1889.3080891719744,1230.6697452229298,8775.852271762207,471
17941,5,51.230,4,1619.874219178082,1959.6650273972602,1306.929890410959,8957.325356164383,730
17942,5,51.230,5,1589.65585572843,2118.6698514851487,1275.1887411598302,9149.170014144272,1414
17943,5,51.230,6,1665.524853333333,2405.3182933333333,1442.18368,9926.445813333334,750
17944,5,51.230,8,1696.0301035196687,2661.991055900621,1643.271469979296,10766.183084886128,483
17945,5,51.230,9,1631.8667741935483,3191.6525806451614,1832.391182795699,11655.127204301076,93
17995,5,51.880,4,5014.430975609756,3408.2292682926827,2743.1268292682926,18057.523170731707,41
17996,5,51.880,5,5135.595076923077,4233.9572307692315,3244.5235384615385,20927.601076923078,65
17997,5,51.880,6,4033.4883561643837,4072.34794520548,2774.5028767123285,18374.021232876712,73
17998,5,51.880,8,4666.712115384616,4499.929038461539,3152.358846153846,19862.642884615387,104
17999,5,51.880,9,5640.391176470588,5634.904411764706,4308.157941176471,25712.28411764706,34
18011,5,51.980,8,3919.7665217391304,3673.3739130434783,2084.068260869565,12474.643913043477,23
18041,5,53.000,6,2131.3325,1823.8841666666667,1059.0070833333332,8974.049583333333,24
18042,5,53.000,8,2188.1577272727272,1618.1913636363636,878.2536363636362,8748.855454545455,22
18050,5,53.020,0,790.433137254902,742.289705882353,295.65970588235297,4555.254509803922,102
18056,5,53.020,6,1725.071304347826,1601.6408695652174,1070.0208695652175,7877.139565217391,23
18062,5,53.030,6,1800.9580645161288,1398.5732258064515,761.9345161290323,7314.53193548387,31
18063,5,53.030,8,1924.8548387096773,1513.7893548387096,609.3948387096775,6936.242258064516,31
18068,5,53.040,4,1867.746153846154,976.1634615384615,675.141923076923,6606.1884615384615,26
18069,5,53.040,5,2102.270487804878,1264.2746341463414,603.3030487804878,7158.671341463415,82
18070,5,53.040,6,2214.055566037736,1399.0274528301886,572.271320754717,7266.476037735849,106
18071,5,53.040,8,2262.594628099174,1678.3871074380165,698.8105785123967,7936.485867768595,121
18072,5,53.040,9,2244.3834210526315,2039.8457894736841,828.7013157894736,8533.890789473684,38
18076,5,53.050,5,1834.6056756756757,1017.2310810810811,545.7162162162163,5892.311621621621,37
18077,5,53.050,6,1828.8967441860464,1322.5197674418605,494.9260465116279,6569.88976744186,43
18078,5,53.050,8,2059.7000000000003,1497.75,560.0151851851851,7126.477777777777,54
18085,5,53.120,0,766.3435294117647,780.4629411764705,319.7252941176471,5530.446470588235,34
18109,5,53.210,8,2874.385,1729.2479166666665,901.4579166666667,9095.945833333333,24
18196,5,54.3x0,3,356.03761904761905,1376.9357142857143,530.7923809523809,4143.846666666666,21
18219,5,54.510,3,1569.4204545454545,1650.775,1028.2295454545454,8908.22409090909,22
18241,5,54.910,4,524.0948275862069,2758.123275862069,2602.322413793104,9170.514482758621,58
18242,5,54.910,5,497.84384615384613,3305.035230769231,3291.2983846153843,10618.842615384616,130
18243,5,54.910,6,408.8030708661417,3055.9711811023626,2684.7830708661418,9336.833307086616,127
18244,5,54.910,8,467.4577777777778,3362.346148148148,2896.1313333333333,10195.550666666668,135
18245,5,54.910,9,463.71377777777775,4125.774444444444,2775.892888888889,11010.377333333334,45
18268,5,55.010,4,1209.8185714285714,2302.4928571428572,987.68,9839.239523809523,21
18269,5,55.010,5,1534.97125,2386.75375,1241.50890625,10613.0809375,64
18270,5,55.010,6,1505.6915873015873,2569.655873015873,1285.9730158730158,10973.476031746031,63
18271,5,55.010,8,1474.9034285714285,2979.730285714286,1452.648,11650.698,35
18288,5,55.040,3,3624.2315384615385,2548.834230769231,1937.6411538461539,15581.454615384615,26
18289,5,55.040,4,4120.799846153846,2811.787846153846,1977.4258461538461,15969.974615384615,65
18290,5,55.040,5,3958.1547272727275,2721.115272727273,1958.7603636363638,15454.095454545455,165
18291,5,55.040,6,4471.4961728395065,3143.8629629629627,2168.6009876543208,16763.875061728395,81
18292,5,55.040,8,5031.933888888889,3624.7825,2245.4605555555554,18487.910277777777,36
18323,5,55.510,6,4354.965217391305,4815.211304347826,3066.4799999999996,22529.907826086957,23
18351,5,56.0x0,2,3283.016285714286,1692.2514285714287,1047.5025,9872.945714285714,140
18352,5,56.0x0,3,2962.0879670329673,1610.607692307692,1059.1482142857144,9335.080357142857,364
18353,5,56.0x0,4,3275.569063670412,1707.0377715355805,1082.7506741573034,9838.692153558053,534
18354,5,56.0x0,5,3586.6883479105927,1823.1248493683188,1193.8092614188533,10599.719757045676,1029
18355,5,56.0x0,6,3554.2574292452828,2068.129363207547,1311.2799056603774,11030.95537735849,424
18356,5,56.0x0,8,3174.486255319149,2303.89714893617,1430.2725957446808,11034.879531914894,235
18357,5,56.0x0,9,4153.514318181818,3444.360909090909,2347.300227272727,15706.388636363636,44
18394,5,57.0x0,4,1252.7154545454543,2003.5559090909092,1597.895909090909,9021.242727272727,22
18395,5,57.0x0,5,789.7789393939395,1906.6636363636364,1072.7884848484848,7237.782727272727,66
18396,5,57.0x0,6,582.756862745098,1697.2454901960784,1242.1076470588234,7080.405294117647,51
18397,5,57.0x0,8,714.0567692307693,2107.694,1337.6635384615386,7860.566923076923,65
18398,5,57.0x0,9,679.917037037037,2429.9407407407407,1282.875925925926,8424.981481481482,27
18420,5,57.320,5,232.70117647058825,2145.3120588235292,875.6629411764707,4507.430588235295,34
18421,5,57.320,6,249.12714285714281,1827.88,652.3131428571428,3884.2639999999997,35
18422,5,57.320,8,231.56244444444442,1980.5953333333332,789.9673333333333,4217.467111111111,45
18423,5,57.320,9,172.1232,2305.5956,684.5140000000001,4013.28,25
18433,5,57.490,5,2473.938620689655,3128.189310344828,2222.115517241379,13492.589655172413,29
18434,5,57.490,6,2719.059512195122,3275.298048780488,2025.0756097560977,13255.528536585367,41
18435,5,57.490,8,2038.8895384615387,3433.0475384615384,2177.4233846153843,12822.143230769232,65
18436,5,57.490,9,2346.524,3636.801,2547.6673333333333,14034.212333333333,30
18469,5,57.940,4,321.3424242424243,3572.219696969697,2903.001212121212,13430.997575757576,33
18470,5,57.940,5,313.28068627450983,3897.467254901961,2873.6404901960786,11356.693431372549,102
18471,5,57.940,6,318.2660571428571,4032.108457142857,2385.0697142857143,10669.990800000001,175
18472,5,57.940,8,292.83061919504644,3550.8554179566563,2653.4605882352944,10359.758606811145,323
18473,5,57.940,9,323.5857567567567,3813.0437297297294,2470.2981081081084,10696.211216216216,370
18497,5,58.390,6,383.7613793103448,1787.3275862068965,1032.1179310344828,6354.311379310345,29
18498,5,58.390,8,375.80839999999995,1818.8756,828.7080000000001,5962.2104,25
18536,5,59.8x0,2,1719.2278787878788,1742.0142424242424,603.7178787878787,5681.6921212121215,33
18537,5,59.8x0,3,1460.224794520548,1677.1679452054793,709.2146575342465,5467.480410958904,73
18538,5,59.8x0,4,1531.3451754385965,1730.7515789473684,825.8576315789473,5920.660438596492,114
18539,5,59.8x0,5,1909.4937219730941,1972.417264573991,941.6089237668161,6759.160538116592,223
18540,5,59.8x0,6,1380.9251145038168,2677.5253435114505,1106.8263358778627,7446.10145038168,131
18541,5,59.8x0,8,1531.2651162790696,2764.411860465116,1276.148488372093,8267.940813953488,86
18542,5,59.8x0,9,1774.0885185185184,2733.55,1423.1877777777777,8279.088148148148,27
18549,5,59.990,4,991.5229629629631,1065.9814814814815,928.282962962963,4806.33074074074,27
18550,5,59.990,5,910.3792592592594,1053.2925925925927,666.1905555555555,4259.105,54
18551,5,59.990,6,593.5224999999999,896.7222222222222,306.4616666666667,2943.039166666667,36
18552,5,59.990,8,1161.5321875,2039.4015625,696.80375,5425.6900000000005,32
18559,5,60.110,6,745.2143243243244,3471.041891891892,1140.8348648648648,7108.986486486487,37
18560,5,60.110,8,800.4381538461539,4423.671538461539,1719.6458461538462,8946.636307692308,65
18561,5,60.110,9,862.5577777777778,4168.344722222222,1620.2238888888887,8690.171944444444,36
18566,5,60.210,8,2950.7390476190476,3490.17619047619,1283.4209523809525,13147.139523809523,21
18568,5,60.290,5,2232.6796666666664,2500.088666666667,1826.7036666666668,12057.5275,60
18569,5,60.290,6,2208.1670833333333,2621.8074107142857,2036.2469047619047,12597.940892857141,336
18570,5,60.290,8,2120.0469461077846,2803.1066666666666,2087.71628742515,12757.773453093812,501
18571,5,60.290,9,2289.006,3333.1282962962964,2251.8396296296296,13938.33111111111,135
18582,5,60.610,8,2576.5839130434783,4606.941304347826,2317.5817391304345,17539.654347826086,23
18613,5,61.490,0,701.7782608695652,889.4599999999999,282.92,4477.351304347826,23
18669,5,64.0x0,2,738.745,432.6318181818182,49.07181818181818,1592.6095454545457,22
18712,5,65.250,1,967.7165789473685,1674.2513157894737,787.6807894736842,7371.297631578947,38
18713,5,65.250,2,1306.1245081967213,1810.4921311475412,966.261393442623,8414.486721311476,122
18714,5,65.250,3,1312.9670238095237,2111.685654761905,1092.7232142857142,9621.403273809523,168
18715,5,65.250,4,1087.492804878049,2354.575487804878,1095.054756097561,9642.811951219512,82
18729,5,65.410,4,1035.2718181818182,2388.531818181818,1012.0474999999999,9134.644545454545,44
18730,5,65.410,5,1052.1655555555556,2486.735,971.4166666666666,9088.884444444446,36
18747,5,65.630,5,1505.6690322580644,3008.625806451613,993.6938709677419,11176.227419354838,31
18749,5,65.630,8,1031.1981818181819,3581.7204545454547,1175.105,10958.923181818182,22
18762,5,66.010,2,992.784375,1358.8546875,939.1965625,7388.19,32
18763,5,66.010,3,1322.5033333333336,1154.3648148148147,907.9366666666667,7778.272592592592,27
18765,5,66.020,2,1284.8189285714286,1352.0839285714285,982.0396428571429,8406.495,28
18775,5,66.4x0,2,1033.5280357142858,1269.4455357142856,896.0523214285714,7005.12625,56
18776,5,66.4x0,3,1011.3945977011495,1422.817816091954,925.3596551724137,7616.992988505747,87
18777,5,66.4x0,4,1046.7285185185185,1986.5262962962963,1122.3918518518517,9145.242962962962,27
18781,5,66.510,3,1468.769705882353,2214.6029411764707,1170.090294117647,10136.82794117647,34
18782,5,66.510,4,1103.6653658536586,2153.1146341463414,1567.2617073170732,9806.214146341463,41
18793,5,66.620,2,842.7524742268042,1206.1141237113402,807.1794845360826,6790.738144329896,97
18794,5,66.620,3,901.8705555555556,1299.9552314814816,849.4192129629629,7027.135231481481,216
18795,5,66.620,4,910.2428,1203.984,745.1328,6859.444,25
18821,5,67.120,5,73.75228571428572,2253.425714285714,403.5794285714286,3644.0334285714284,35
18830,5,67.2x0,3,352.366875,1591.225,550.048125,4772.290625,32
18831,5,67.2x0,4,264.0940909090909,1473.3306818181818,358.32522727272726,4212.602272727273,44
18832,5,67.2x0,5,212.63170731707316,1502.2073170731708,475.5685365853659,4271.685609756098,41
18836,5,67.320,2,169.18045454545455,1139.9613636363638,197.88363636363638,2630.3563636363633,22
18837,5,67.320,3,221.8983333333333,1252.3732142857143,327.75821428571425,3324.217857142857,84
18838,5,67.320,4,169.5926605504587,1159.544495412844,294.67623853211006,3174.774770642202,109
18839,5,67.320,5,175.67837662337664,1238.4444155844155,322.7506493506493,3170.483051948052,154
18847,5,67.390,3,386.9135714285714,1488.2124999999999,434.57000000000005,4356.833571428571,28
18848,5,67.390,4,270.39257142857144,1478.6744285714287,460.6134285714285,4144.411285714285,70
18849,5,67.390,5,426.45037037037036,1446.5494444444444,310.02629629629627,4084.4357407407406,54
18869,5,68.110,2,47.388000000000005,739.1528,145.8724,1487.0911999999998,25
18872,5,68.120,2,425.21999999999997,1078.1075862068965,453.40206896551723,3841.2655172413793,29
18873,5,68.120,3,297.01912280701754,1160.1371929824563,419.83736842105264,3476.6326315789474,57
18874,5,68.120,4,296.3567816091954,1610.8609195402298,466.673908045977,4139.608275862069,87
18875,5,68.120,5,340.305,1541.4176785714285,494.49910714285716,4208.190714285714,56
18889,5,68.210,2,518.818870967742,970.52,455.52403225806455,4093.345806451613,62
18890,5,68.210,3,567.0347933884298,1079.4547933884298,507.2809917355372,4469.7500826446285,121
18891,5,68.210,4,467.4158974358975,1244.3948717948717,485.42564102564097,4454.8528205128205,39
18900,5,68.230,4,486.53972972972974,1555.1351351351352,581.5472972972973,6284.872432432432,37
18910,5,68.290,3,833.5470370370371,2331.471111111111,1248.4662962962962,9273.198888888888,27
18911,5,68.290,4,1137.1913414634146,2153.709024390244,1278.7043902439025,9495.387926829268,82
18915,5,68.291,2,572.2724626865671,1366.6120149253732,539.7195522388059,5681.585597014925,134
18916,5,68.291,3,697.3985991379311,1422.4081681034484,575.7873491379311,6123.3934267241375,464
18917,5,68.291,4,655.1547136563877,1567.6882966226137,642.4196622613803,6434.392848751836,681
18918,5,68.291,5,616.0869548872181,1590.8503007518798,555.2431578947368,6056.56462406015,266
18919,5,68.291,6,858.3543333333333,2208.9700000000003,562.8323333333334,7174.558666666667,30
18930,5,68.410,4,1961.7421702127658,3029.3300000000004,1433.5362978723406,14145.098765957448,235
18931,5,68.410,5,1976.1338829787232,3348.1338829787237,1541.5527659574468,14698.16090425532,188
18932,5,68.410,6,2170.426034482759,3753.977586206897,1558.471896551724,15597.368448275862,58
18933,5,68.410,8,2187.0521739130436,4499.007826086956,1483.7517391304348,16111.728260869566,23
18936,5,68.490,4,1116.3174074074075,3264.8388888888885,1414.167037037037,12268.175925925925,54
18937,5,68.490,5,1456.29825,4389.9275,1832.4279999999999,15013.673749999998,40
18947,5,68.590,5,552.4040540540541,2173.0375675675677,1110.918918918919,9080.84,37
18948,5,68.590,6,744.248695652174,2825.560434782609,1201.2854347826087,10467.870869565217,46
18949,5,68.590,8,759.1264444444445,2734.5977777777775,1189.042888888889,9964.545333333333,45
18964,5,69.010,1,97.95115384615384,673.5076923076923,311.51384615384615,2027.2303846153845,26
18965,5,69.010,2,87.73481203007519,701.5516541353384,359.34496240601504,2161.705639097744,133
18966,5,69.010,3,104.13566929133857,802.3273228346457,350.6582677165354,2306.4834645669293,127
18968,5,69.020,1,112.63330188679245,761.5001886792453,418.79528301886796,2590.216886792453,106
18969,5,69.020,2,109.67764184397164,809.9268439716312,372.7387765957447,2576.541170212766,564
18970,5,69.020,3,104.46510683760684,794.2887606837608,365.72072649572647,2403.614123931624,468
18971,5,69.020,4,73.2752857142857,747.6142857142858,311.80614285714285,2142.136857142857,70
18973,5,69.090,2,134.65987804878048,1118.6825609756097,362.02280487804876,2715.7164634146343,82
18974,5,69.090,3,118.81557213930348,1294.436616915423,419.89114427860693,3002.2424378109454,201
18975,5,69.090,4,119.06260692464357,1310.5146843177188,399.5184521384929,3092.758615071283,491
18976,5,69.090,5,110.9411004784689,1477.6241626794258,367.0622009569378,3245.6108133971293,209
18977,5,69.090,6,99.4662857142857,2031.62,465.3708571428571,3995.011142857143,35
18999,5,69.510,1,262.6531818181818,656.4409090909091,438.07045454545454,2587.2277272727274,22
19000,5,69.510,2,205.98537383177572,709.6686915887851,359.11485981308414,2386.708551401869,214
19001,5,69.510,3,169.736553030303,713.259659090909,344.3925,2436.3333333333335,264
19002,5,69.510,4,109.55297872340425,835.8223404255319,361.7640425531915,2436.555744680851,47
19004,5,69.520,2,134.44436781609195,775.9149425287357,310.94310344827585,2217.0710344827585,87
19005,5,69.520,3,118.21630952380953,749.3970238095238,379.7688095238095,2366.748452380952,84
19023,5,70.0x0,2,24.26690476190476,1055.1630952380951,342.4838095238095,2214.5490476190475,42
19024,5,70.0x0,3,38.12444444444444,1269.9685185185185,509.63,2769.825185185185,27
19055,5,70.500,5,723.6744117647058,1625.8632352941177,753.8394117647059,7096.527941176471,34
19073,5,70.710,2,204.55378378378379,1055.354054054054,426.1527027027027,4265.2537837837845,37
19105,5,71.220,3,103.71033333333334,890.295,391.143,2768.1303333333335,30
19106,5,71.220,4,128.59970588235296,1081.464705882353,466.58735294117645,3016.991176470588,34
19107,5,71.220,5,129.9823076923077,1249.3403846153847,456.57153846153847,3278.2784615384617,26
19118,5,71.290,4,112.29500000000002,901.0945454545455,375.6040909090909,2423.3386363636364,22
19125,5,71.3x0,5,160.19166666666666,1329.0022222222224,331.2313888888889,3460.660277777778,36
19130,5,71.710,1,128.0926086956522,838.1521739130435,168.72434782608696,2083.716956521739,23
19131,5,71.710,2,162.6610769230769,913.6342307692307,586.8756153846153,3794.076153846154,130
19132,5,71.710,3,126.30184615384617,943.6538461538462,602.439076923077,3864.950923076923,65
19160,5,73.090,2,288.8431884057971,956.3089855072462,565.1411594202898,4069.6073913043474,69
19161,5,73.090,3,256.69176470588235,912.3926470588235,422.97941176470584,3516.8185294117648,34
19167,5,73.4x0,2,61.37229050279329,677.4865921787709,295.85391061452515,2101.8037430167597,179
19168,5,73.4x0,3,59.16869822485207,714.5591715976332,336.9167455621302,2084.015976331361,169
19169,5,73.4x0,4,20.950476190476188,704.552380952381,367.96142857142854,1921.2547619047618,21
19172,5,73.590,1,173.18128205128204,956.721282051282,487.7266666666667,3648.2584615384612,39
19173,5,73.590,2,206.20577981651374,1048.6962691131498,525.7136391437309,4140.210305810398,327
19174,5,73.590,3,210.48696629213484,1187.105,524.5712359550562,4220.493539325843,178
19176,5,73.6x0,1,319.9841346153846,1216.378846153846,566.4276923076924,4407.844807692308,104
19177,5,73.6x0,2,326.59911694510737,1106.8351789976134,554.9285799522673,4739.4276849642,838
19178,5,73.6x0,3,315.8391304347826,1217.6986473429952,599.1604347826087,4818.866956521739,207
19181,5,73.8x0,2,99.49333333333334,847.96875,471.04041666666666,2728.6108333333336,24
19190,5,74.1x0,1,632.013984375,1295.643125,1101.5158203125,6510.215625,256
19191,5,74.1x0,2,687.7458807644371,1213.2654071458246,1091.403346489406,7046.094796427088,4814
19192,5,74.1x0,3,720.4475413295814,1259.5001582835034,1141.3874498768905,7534.743394301793,2843
19193,5,74.1x0,4,691.6956296296297,1465.9321481481481,1240.6617037037036,8070.527407407407,135
19198,5,74.3x0,2,592.8263636363637,1177.7045454545455,714.3490909090909,5409.190606060606,33
19199,5,74.3x0,3,533.5169387755102,1238.6035714285713,686.8237755102041,5810.2284693877555,98
19202,5,74.4x0,2,814.7490476190476,1450.1904761904761,1146.2847619047618,7484.230952380953,21
19208,5,74.990,3,843.8647619047618,1826.6523809523808,1583.3890476190475,8746.082857142857,21
19210,5,75.0x0,1,75.76196428571428,839.2878571428572,685.6053571428572,3050.0007142857144,56
19211,5,75.0x0,2,79.78891891891891,1023.7483783783784,654.2668468468468,3323.05045045045,111
19212,5,75.0x0,3,89.18084112149533,923.0711214953271,676.3600934579439,3209.7641121495326,107
19215,5,75.340,2,193.21026315789473,978.6756578947369,415.1588157894737,3304.014342105263,76
19216,5,75.340,3,177.23405405405404,1041.431081081081,426.57972972972976,3314.09972972973,37
19222,5,75.4x0,2,164.9359090909091,890.3368181818182,483.1972727272727,3796.3495454545455,22
19226,5,75.510,2,259.4808333333333,1139.7269444444444,589.9797222222222,5026.547222222222,36
19227,5,75.510,3,184.91476190476192,1193.969523809524,649.3457142857143,4593.582380952381,21
19231,5,75.690,1,247.5209923664122,1160.8101526717558,488.3707633587786,4187.352442748092,131
19232,5,75.690,2,249.46612845138057,1118.5555702280913,494.5004321728691,4444.366644657864,1666
19233,5,75.690,3,231.7059929078014,1122.7305082742316,526.0278959810875,4393.3286643026,846
19234,5,75.690,4,281.2896666666667,1241.2116666666666,622.2303333333333,4802.4400000000005,30
19360,5,77.690,8,727.3743333333333,2048.3183333333336,1256.0023333333334,7888.122666666666,30
19448,5,78.610,2,372.3778571428571,968.75,520.4828571428571,4388.028571428572,28
19449,5,78.610,3,546.4926785714285,1093.0842857142857,714.8760714285714,5337.043928571429,56
19450,5,78.610,4,498.55883116883115,1058.3011688311688,576.3346753246752,4876.704675324675,77
19451,5,78.610,5,534.381775147929,1217.8768639053255,690.2749112426036,5220.14023668639,169
19452,5,78.610,6,647.7249019607843,1288.7474509803922,715.7939215686274,5763.946666666668,51
19455,5,78.620,0,457.6691304347826,740.9791304347826,341.28543478260866,3943.058260869565,46
19459,5,78.620,4,626.6781578947368,1109.2347368421051,1001.766052631579,5819.120263157895,38
19460,5,78.620,5,544.9422077922078,1233.4515584415585,719.387012987013,5576.438441558442,77
19461,5,78.620,6,683.1819512195121,1333.819756097561,975.8451219512195,5985.638292682927,41
19464,5,78.630,1,389.7960869565217,941.2456521739131,435.1813043478261,4462.689565217392,23
19465,5,78.630,2,694.0100000000001,1136.1879166666665,633.8070833333334,5040.947916666667,24
19466,5,78.630,3,478.03862068965515,1150.5344827586207,678.4544827586207,5062.388620689655,29
19467,5,78.630,4,428.2349230769231,1077.9312307692308,694.6567692307692,5102.941692307692,65
19468,5,78.630,5,500.97181818181815,1230.2360606060606,794.9229545454546,5500.576439393939,132
19469,5,78.630,6,531.7212499999999,1310.4610714285716,738.5839285714285,5518.779821428571,56
19475,5,78.640,5,300.64190476190475,1014.2152380952381,401.2485714285714,3940.079523809524,21
19481,5,78.650,3,803.395,1280.7549999999999,738.8891666666667,5886.849166666667,24
19482,5,78.650,4,644.41875,1279.315,769.233125,6306.9653124999995,32
19483,5,78.650,5,801.6568421052632,1298.847543859649,884.261403508772,6425.822807017545,57
19484,5,78.650,6,642.9044444444444,1565.6674074074074,923.3674074074074,6140.048148148147,27
19490,5,78.660,4,555.6365517241379,1313.3551724137933,556.8258620689655,5218.1551724137935,29
19491,5,78.660,5,463.6952,1239.9530666666667,707.7797333333334,5329.5372,75
19492,5,78.660,6,479.04449999999997,1250.905,688.0755,5259.7245,40
19495,5,78.670,1,583.5757142857143,962.469642857143,400.18642857142856,4512.692142857143,28
19496,5,78.670,2,488.39878787878786,1201.4716666666668,700.5828787878788,5586.817575757576,66
19497,5,78.670,3,518.624375,1164.8516071428571,661.5594642857143,5872.722321428571,112
19498,5,78.670,4,541.5123163841807,1224.445988700565,601.5902259887006,5463.342485875706,177
19499,5,78.670,5,776.4638227146814,1276.21108033241,858.0589473684212,6314.968199445983,361
19500,5,78.670,6,537.302962962963,1362.649851851852,821.7508148148148,6057.242148148148,135
19501,5,78.670,8,2568.545925925926,1991.0777777777778,1507.035925925926,10934.53925925926,27
19504,5,78.680,2,494.9945454545454,1099.0872727272729,589.2386363636364,5377.530909090909,22
19505,5,78.680,3,382.2227586206896,1162.5179310344827,674.6586206896551,5258.22724137931,29
19506,5,78.680,4,493.45476190476194,1115.2931746031745,604.3888888888889,5143.060476190476,63
19507,5,78.680,5,409.20089887640444,1146.0006741573034,767.2974157303371,5377.818988764045,89
19512,5,78.690,3,614.6731111111111,1125.5377777777778,872.9306666666666,6208.370000000001,45
19513,5,78.690,4,756.716,1171.9534117647058,876.0541176470589,6326.569647058824,85
19514,5,78.690,5,726.1503167420815,1268.9123076923076,1046.4812217194572,6706.601628959276,221
19515,5,78.690,6,707.3209836065574,1378.4744262295083,969.8024590163934,6458.33,61
19537,5,79.020,5,514.1848148148148,1612.4162962962962,1432.6307407407407,5859.412592592593,27
19538,5,79.020,6,156.89333333333335,1676.688095238095,1046.145238095238,5007.196666666667,21
19605,5,79.150,5,2310.328148148148,3024.0314814814815,2895.030740740741,16097.938148148149,54
19606,5,79.150,6,2492.254888888889,3713.224888888889,2521.174222222222,17327.901333333335,45
19607,5,79.150,8,2379.915037593985,4144.742180451128,2429.8127067669175,17648.913157894738,133
19608,5,79.150,9,2712.197540983607,4654.61,2452.2442076502734,18307.452240437156,183
19614,5,79.160,5,4223.9918181818175,3773.0163636363636,3380.329090909091,20286.365454545456,22
19653,5,79.310,0,1307.6516666666666,1539.0889583333335,852.83625,9872.004166666668,48
19654,5,79.310,1,1949.0251515151515,1409.311515151515,939.830303030303,9541.818484848485,33
19656,5,79.310,3,3782.2672413793102,2025.4362068965518,1888.828620689655,14189.098965517242,29
19657,5,79.310,4,3907.8902173913048,2721.146739130435,2392.6669565217394,16841.75934782609,46
19658,5,79.310,5,3765.2617419354833,2535.9539354838707,2216.3800645161286,15834.04464516129,155
19659,5,79.310,6,4466.069024390244,2986.881056910569,2161.7595121951217,17333.61512195122,123
19660,5,79.310,8,4667.68253968254,3250.7014285714286,2286.9792857142857,17807.255476190476,126
19661,5,79.310,9,4458.863541666667,3610.6427083333333,2678.7610416666666,19435.16083333333,48
19663,5,79.320,1,1656.934888888889,1738.0895555555555,942.7962222222222,9891.166888888889,45
19664,5,79.320,2,2462.367142857143,2008.3533333333332,1905.4314285714286,12812.240476190476,21
19665,5,79.320,3,3517.9782,2130.9251999999997,1822.7874,14088.1394,50
19666,5,79.320,4,3324.1708860759495,2371.0354430379743,2239.689240506329,15184.058227848103,79
19667,5,79.320,5,3445.2287301587303,2305.707989417989,2226.100582010582,14684.345925925925,189
19668,5,79.320,6,3201.22852173913,2379.336695652174,1945.0581739130434,13319.566695652173,115
19669,5,79.320,8,3206.5579032258065,2940.9425806451613,2166.185161290323,16051.205161290321,62
19674,5,79.330,3,1647.8531818181816,1601.8795454545455,1253.7081818181819,8534.997272727273,22
19676,5,79.330,5,2052.2323076923076,1942.4830769230769,2013.8233333333333,12313.711794871795,39
19682,5,79.340,3,848.8204347826087,1138.5478260869565,1113.4991304347825,6513.860434782609,23
19683,5,79.340,4,1140.8857777777778,1255.7162222222223,1705.2813333333334,8940.737111111112,45
19684,5,79.340,5,1290.7776119402986,1217.7510447761194,1471.3914925373133,9034.575074626866,67
19691,5,79.350,3,5770.983333333333,3385.077037037037,3481.355925925926,23699.07222222222,27
19692,5,79.350,4,5985.925909090909,3709.956818181818,3310.6825,23869.473181818183,44
19693,5,79.350,5,6239.934909090909,4357.589545454545,3423.4274545454546,25529.27890909091,110
19694,5,79.350,6,4827.767478260869,4467.941826086956,3224.619913043478,23289.160695652175,115
19695,5,79.350,8,4071.9285308056874,4243.1103791469195,2920.8774407582937,21447.875118483415,211
19696,5,79.350,9,3480.3369398907107,4934.490983606557,3198.341147540984,23075.27032786885,183
19698,5,79.360,1,4297.266962025316,2259.6162025316453,1723.6781012658228,15546.51101265823,79
19699,5,79.360,2,4890.392631578948,2174.2646052631576,2309.9971052631577,17718.20763157895,76
19700,5,79.360,3,4512.94953125,2834.928359375,2898.633203125,19974.28375,128
19701,5,79.360,4,4746.425555555556,2633.8088405797102,2757.19729468599,19141.565942028985,207
19702,5,79.360,5,4506.708159806295,2981.2154721549637,2888.5574818401938,19892.97769975787,413
19703,5,79.360,6,5470.4593956043955,4548.503186813186,3414.92010989011,24827.877967032968,182
19704,5,79.360,8,4705.169043478261,3341.6214782608695,2877.4779130434786,20402.488260869566,115
19708,5,79.370,2,3065.3604166666664,2173.9395833333333,2698.2608333333333,15732.711666666668,24
19709,5,79.370,3,2977.892380952381,2198.584523809524,2194.3445238095237,13898.833571428571,42
19710,5,79.370,4,3371.6745454545453,2271.413787878788,2750.5839393939395,15569.325151515151,66
19711,5,79.370,5,3093.3973469387756,2300.9995918367345,2394.2586734693878,15839.109897959184,98
19712,5,79.370,6,3036.884642857143,2119.869642857143,2585.406428571429,15957.593214285715,28
19722,5,79.390,1,2244.4688372093024,1450.656046511628,1172.6993023255814,10182.174651162792,43
19723,5,79.390,2,2866.4933333333333,2171.871025641026,1869.0553846153848,13502.455641025641,39
19724,5,79.390,3,3968.605483870968,2807.1874193548388,2404.9417741935486,16905.898870967743,62
19725,5,79.390,4,4888.45522875817,2981.4209803921567,2896.725816993464,18710.973986928104,153
19726,5,79.390,5,5397.851762917933,2949.7377203647416,2848.702462006079,18500.69905775076,329
19727,5,79.390,6,6810.737650273224,4336.288415300546,3320.5043715846996,23396.06169398907,183
19728,5,79.390,8,6822.11695652174,3646.0729565217393,2845.8101739130434,21187.389913043477,115
19752,5,79.640,5,230.3426923076923,771.9307692307692,910.5561538461538,4174.40076923077,26
19800,5,79.810,5,3985.3345833333333,2888.070416666667,2279.0045833333334,15861.070833333333,24
19867,5,80.510,5,5065.387272727273,3244.516,1951.1652727272726,19245.591090909093,55
19868,5,80.510,6,6403.27606060606,4094.2118181818178,2147.5566666666664,21004.884848484846,33
19872,5,80.511,3,3053.546363636364,2529.2936363636363,1283.3795454545455,13191.945454545454,22
19873,5,80.511,4,2131.3,2666.86,1286.3566666666666,11791.433333333332,30
19874,5,80.511,5,3124.4396610169492,3126.8966101694914,1460.896779661017,14635.67372881356,59
19875,5,80.511,6,2849.0569047619047,3107.019047619048,1521.8564285714285,14646.985714285714,42
19876,5,80.511,8,4410.335,3461.2406666666666,1342.7730000000001,17224.537333333334,30
19882,5,80.520,5,1646.961923076923,2886.005769230769,1582.1292307692308,9483.058461538461,26
19897,5,80.6x0,5,2281.559230769231,1983.0520512820513,1686.3625641025642,13642.85564102564,39
19898,5,80.6x0,6,2374.9347619047617,2375.609523809524,1592.6947619047621,13959.016666666666,21
19991,5,81.080,5,8847.432407407407,4517.001851851852,2968.6453703703705,27523.37037037037,54
19992,5,81.080,6,8822.402250000001,4846.24125,3221.38825,27905.69975,40
19993,5,81.080,8,10227.203095238096,4995.964285714285,2697.897380952381,29320.929285714286,42
20036,5,81.470,4,4820.560294117647,1509.5361764705883,981.2382352941177,12378.127647058822,34
20037,5,81.470,5,3965.336511627907,1656.1306976744186,1007.3809302325581,11802.146744186046,86
20038,5,81.470,6,3780.871351351351,2129.15027027027,1038.6875675675676,12328.361891891893,37
20039,5,81.470,8,4749.650952380953,2430.4666666666667,1100.999523809524,14728.587619047621,21
20046,5,81.510,4,11375.181724137932,3678.5727586206895,2613.8755172413794,26522.704137931032,29
20047,5,81.510,5,10347.936642335766,3312.668102189781,2803.2466423357664,26307.72474452555,137
20048,5,81.510,6,10387.062565789474,3644.0425657894734,2695.117697368421,26944.237828947367,152
20049,5,81.510,8,9818.033739837398,4043.614471544716,2750.1699186991873,27252.58268292683,123
20050,5,81.510,9,10476.461153846154,3678.7403846153848,2701.123846153846,26621.44807692308,26
20053,5,81.520,6,11211.023870967741,4970.244838709677,3195.4709677419355,29463.119032258062,31
20054,5,81.520,8,10942.801981981982,4550.558648648649,3248.724954954955,29700.488198198196,111
20055,5,81.520,9,11144.479191919192,4955.722474747475,3030.6466161616163,29577.9448989899,198
20057,5,81.540,5,10874.318823529413,4372.905441176471,3999.190882352941,29828.71779411765,68
20058,5,81.540,6,8904.11846153846,3622.1921301775146,2712.3659171597633,24769.080414201184,169
20059,5,81.540,8,8298.477153846154,3781.234076923077,2611.488076923077,24838.53407692308,130
20063,5,81.650,5,1929.4891666666665,2976.3591666666666,890.7245833333333,9407.06375,48
20064,5,81.650,6,2330.2687499999997,3411.2113636363633,1296.4931818181817,11207.0775,176
20065,5,81.650,8,2330.0235294117647,3473.4235026737965,1255.5667112299466,11211.015828877005,374
20066,5,81.650,9,2283.6857627118643,3662.4171751412428,1383.559209039548,11691.640790960451,177
20068,5,81.660,5,3819.447755102041,3209.4669387755102,1659.4287755102039,13268.066530612245,49
20069,5,81.660,6,3045.261920903955,3083.8857062146894,1300.8921468926553,11730.406327683615,177
20070,5,81.660,8,2954.7310979228487,3516.8216320474776,1444.190771513353,12731.435875370918,337
20071,5,81.660,9,3100.830427807487,3488.406524064171,1363.8427272727272,12446.785080213904,187
20084,5,81.830,5,8587.55263888889,2253.6394444444445,1798.7231944444445,22354.780555555553,72
20085,5,81.830,6,10394.488055555556,2934.5183333333334,1893.1558333333332,27244.67527777778,36
20094,5,81.910,4,52.48310344827586,1243.8899999999999,552.2837931034483,4605.556896551724,29
20095,5,81.910,5,125.36723076923077,1468.3710769230768,849.229076923077,5149.152923076923,65
20096,5,81.910,6,56.47846153846154,1652.7663461538464,834.0384615384615,4848.168653846154,52
20097,5,81.910,8,76.14999999999999,1628.4174242424242,1116.5321212121212,5401.931212121212,66
20098,5,81.910,9,91.52590909090908,2448.9995454545456,1118.7472727272727,6330.409090909091,22
20101,5,81.920,3,29.711904761904766,1159.8976190476192,401.6961904761905,5287.5347619047625,21
20102,5,81.920,4,83.21227848101265,1524.5121518987341,640.4245569620253,5362.481898734177,79
20103,5,81.920,5,46.61434977578475,1572.475515695067,778.6173542600898,5410.843766816143,223
20104,5,81.920,6,56.86103825136612,1726.8008196721312,936.3273224043716,6346.3615846994535,183
20105,5,81.920,8,66.60278350515465,1998.586494845361,951.6796391752578,6155.471958762887,194
20106,5,81.920,9,67.62478260869565,2056.753695652174,943.5678260869565,6096.925869565218,46
20150,5,82.210,5,243.09148148148148,1375.251851851852,405.47444444444443,3744.819259259259,27
20189,5,82.450,3,332.2733333333333,854.4380952380952,858.5195238095238,4374.284761904762,21
20190,5,82.450,4,509.9560714285714,914.2339285714286,631.2357142857143,4121.0375,28
20191,5,82.450,5,378.19288135593223,1052.4288135593222,817.2586440677967,5092.0876271186435,59
20192,5,82.450,6,298.81608695652176,1079.4565217391305,1064.8026086956522,5885.835217391304,23
20257,5,83.310,4,206.61297297297298,1129.2775675675675,402.402972972973,3488.2662162162164,37
20258,5,83.310,5,224.7554054054054,1277.5505405405406,507.40054054054053,3659.1805405405403,37
20259,5,83.310,6,223.39440000000002,1435.0288,402.84839999999997,3799.1403999999998,25
20265,5,83.320,5,221.10916666666665,1629.4125000000001,472.13208333333336,4922.374583333333,24
20273,5,83.390,4,587.7632258064516,1511.0512903225808,914.4912903225807,5971.015806451613,31
20274,5,83.390,5,505.91712643678164,1533.113448275862,605.3156321839081,5220.221954022988,87
20275,5,83.390,6,520.9432608695652,1703.9641304347826,657.2576086956522,5865.2952173913045,46
20276,5,83.390,8,389.3955555555556,1586.9308333333333,646.5913888888889,5379.448333333334,36
20299,5,83.640,5,1386.1770588235293,1194.7770588235294,1563.5926470588236,8094.867352941176,34
20331,5,83.910,3,44.76780487804878,970.8000000000001,675.1480487804878,5180.776829268293,41
20332,5,83.910,4,51.60554054054054,1003.3903378378378,661.4811486486487,5398.1960810810815,148
20333,5,83.910,5,65.15223367697594,1128.6270790378005,806.1330927835052,5695.900446735395,291
20334,5,83.910,6,40.961675977653634,1170.0415642458102,911.0495530726257,6037.181117318435,179
20335,5,83.910,8,59.559162011173186,1342.8731284916203,1006.6691061452514,6193.248994413409,179
20336,5,83.910,9,38.946888888888886,1421.025111111111,1042.7857777777779,6154.924444444444,45
20422,5,85.210,1,775.54125,1258.23,255.6428125,3795.69,32
20423,5,85.210,2,1721.0668235294117,1220.2644705882353,238.7701176470588,4561.965294117647,85
20424,5,85.210,3,1929.6699999999998,1358.4530833333333,257.31983333333335,4995.284666666667,120
20425,5,85.210,4,2262.143926380368,1391.4983435582824,205.46386503067484,5187.916564417178,163
20426,5,85.210,5,1921.8325000000002,1544.3345833333333,265.3873958333333,5286.076979166667,96
20458,5,85.430,5,1682.7716,4837.5923999999995,1671.5588,13932.3896,25
20476,5,86.010,5,541.2232,1899.05,1132.1424,6735.634,25
20483,5,86.040,1,98.23241379310345,1047.5796551724138,456.6079310344827,2955.754137931034,29
20484,5,86.040,2,345.41761904761904,1262.6690476190477,1396.4266666666667,5272.662380952381,21
20485,5,86.040,3,266.8813513513514,1230.1194594594594,1063.1002702702704,4177.676756756757,37
20486,5,86.040,4,690.7537142857143,1803.6542857142858,1813.4488571428572,7667.507428571429,35
20487,5,86.040,5,482.46560606060604,1666.4231818181818,1376.120909090909,6720.165,66
20488,5,86.040,6,1095.3519607843136,1916.0476470588237,1970.5139215686272,8555.61588235294,51
20489,5,86.040,8,957.4763157894737,2605.4218421052633,2821.0055263157897,11990.213157894737,38
20531,5,86.220,1,281.6181818181818,1255.2431818181817,831.9345454545455,4407.9577272727265,22
20532,5,86.220,2,1286.5420833333335,1426.8270833333333,1472.5520833333333,8989.742083333333,24
20533,5,86.220,3,641.1273469387754,1633.2663265306123,1765.0304081632655,7466.312040816328,49
20534,5,86.220,4,356.94,1666.1903296703297,1374.0404395604394,6454.9582417582415,91
20535,5,86.220,5,449.42799999999994,1894.4237837837838,1403.325081081081,7168.474486486487,185
20536,5,86.220,6,539.8982456140351,2210.404649122807,1587.015350877193,7779.021140350877,114
20537,5,86.220,8,876.2116666666667,3159.899722222222,2885.9058333333337,12318.484166666667,108
20538,5,86.220,9,468.05285714285714,2506.822857142857,1672.3880000000001,8108.859428571429,35
20553,5,86.280,0,110.93628571428572,1026.5985714285714,518.666,3759.434,35
20554,5,86.280,1,101.46264705882353,1032.4829411764706,595.3044117647058,3445.6079411764704,34
20555,5,86.280,2,83.88666666666667,1683.7377777777776,756.9148888888889,4464.427555555555,45
20556,5,86.280,3,139.55350515463917,1667.003092783505,1064.7328865979382,4740.020824742268,97
20557,5,86.280,4,126.415,1762.3800833333335,1255.85075,5953.077083333334,120
20558,5,86.280,5,162.62785714285715,1899.5794285714285,1325.5307142857143,5967.677642857143,280
20559,5,86.280,6,201.6576821192053,2252.756821192053,1413.7290728476821,6412.556953642384,151
20560,5,86.280,8,228.7425641025641,2480.254017094017,1925.9112820512821,8256.017521367521,117
20561,5,86.280,9,181.03,2631.9737499999997,1499.2069444444446,7392.847638888889,72
20563,5,86.3x0,1,164.7684375,881.8609375,198.31875,2321.314375,32
20564,5,86.3x0,2,149.25694444444446,988.9491666666667,252.84888888888887,2487.102361111111,72
20565,5,86.3x0,3,215.2590566037736,1062.4117924528302,283.01688679245285,3041.790283018868,106
20566,5,86.3x0,4,208.42606936416183,1160.0026011560694,284.37323699421967,2891.5548554913294,173
20567,5,86.3x0,5,163.40971326164873,1273.8218279569892,274.3764516129032,2929.31,279
20568,5,86.3x0,6,185.31532374100718,1400.1748920863308,296.34424460431654,3306.784604316547,139
20569,5,86.3x0,8,162.034,1669.0133333333335,378.48644444444443,3564.077111111111,90
20570,5,86.3x0,9,170.2942857142857,1411.997619047619,236.68666666666667,3367.1785714285716,21
20576,5,86.3x1,5,162.7233333333333,1328.5809523809523,319.15666666666664,3599.778095238095,21
20589,5,86.590,2,179.99653846153845,2119.3392307692307,1409.591153846154,5661.491538461539,26
20590,5,86.590,3,107.62,1236.239393939394,567.2521212121212,3155.25,33
20591,5,86.590,4,342.9873846153846,2681.2439999999997,1661.1892307692308,9142.967538461538,65
20592,5,86.590,5,206.31008403361346,2164.466050420168,1259.4297478991598,6073.234117647059,119
20593,5,86.590,6,188.38209302325583,2804.673720930233,1958.0253488372093,8173.905581395349,86
20594,5,86.590,8,202.6875641025641,2629.066282051282,1470.4297435897436,7333.785512820513,78
20595,5,86.590,9,178.68847826086957,3027.277608695652,1545.3882608695653,7770.053260869566,46
20649,5,86.750,4,226.93619047619046,1038.8190476190478,1594.2071428571428,5811.875238095238,21
20650,5,86.750,5,610.7038095238096,1687.7128571428573,921.9695238095238,6511.367142857142,21
20669,5,86.890,5,651.0332000000001,1017.6519999999999,1056.1552000000001,5084.448,25
20685,5,87.030,5,151.03088235294118,2964.533529411765,1418.359411764706,5988.026764705883,34
20686,5,87.030,6,151.3076315789474,3107.3602631578947,1520.9465789473684,6251.988157894736,38
20687,5,87.030,8,173.90383333333332,3318.6675,1617.6568333333335,7328.038166666666,60
20694,5,87.410,0,70.75857142857143,1180.0285714285715,630.8514285714286,2779.8861904761907,21
20695,5,87.410,1,32.64772727272727,1310.6045454545454,539.4597727272727,2481.0802272727274,44
20698,5,87.410,4,101.89095238095238,2127.285714285714,622.9085714285715,3726.813809523809,21
20699,5,87.410,5,100.2286,2348.249,1265.5498,4827.2994,50
20700,5,87.410,6,113.8039024390244,2657.359024390244,1188.259024390244,5420.065853658537,41
20701,5,87.410,8,122.32109090909091,2629.8754545454544,1488.8994545454545,5865.932727272727,55
20702,5,87.410,9,122.60791666666667,2450.2229166666666,1387.4345833333334,5675.200833333333,24
20703,5,87.440,0,33.693333333333335,740.2848484848486,528.8981818181818,1958.1763636363637,33
20747,5,88.410,4,1371.9628767123288,2482.623698630137,1711.225890410959,9104.07397260274,73
20748,5,88.410,5,1408.4757794676807,2777.9546007604563,1993.6072243346007,9698.949961977185,263
20749,5,88.410,6,1477.345731707317,3152.172032520325,2355.845365853658,11161.921869918699,246
20750,5,88.410,8,1740.8344406779663,3100.9338983050848,2343.712745762712,11636.845830508475,295
20751,5,88.410,9,1955.3976744186048,3166.0955813953483,2944.918372093023,13088.328139534884,43
20773,5,88.500,5,1037.2021686746987,2485.0178313253014,831.056626506024,6930.674819277108,83
20774,5,88.500,6,960.7481395348836,2505.1110465116276,860.6524418604652,6943.771279069767,86
20775,5,88.500,8,1020.5613402061855,2648.882680412371,1227.6703092783505,8087.084536082474,97
20776,5,88.500,9,1238.9813513513513,2931.6459459459456,1553.4183783783785,9317.38,37
20787,5,88.550,3,1142.4732653061226,2187.7214285714285,562.1808163265306,6917.815714285715,49
20788,5,88.550,4,1056.6003076923078,2181.0493846153845,692.0104615384615,7114.986923076923,195
20789,5,88.550,5,1176.811796482412,2317.0335050251256,828.958040201005,7462.140917085427,796
20790,5,88.550,6,1161.7465384615384,2493.8729102564103,1108.421141025641,8195.835474358973,780
20791,5,88.550,8,1269.8289533560865,2713.387076222981,1288.87164960182,8963.685358361774,879
20792,5,88.550,9,1374.8787351778656,2733.132213438735,1596.9260079051385,9835.13928853755,253
20795,5,88.560,4,1895.2496296296295,2388.201111111111,873.0025925925926,9195.747777777779,27
20796,5,88.560,5,1683.1626666666668,2153.3305555555557,750.3135555555556,7698.8223333333335,90
20797,5,88.560,6,1572.7566279069767,2359.1408139534888,1015.6262790697674,8372.407093023256,86
20798,5,88.560,8,1698.7718348623853,2584.340183486239,1195.3379816513761,9129.848348623853,109
20799,5,88.560,9,1574.4326923076924,2816.19,1386.2480769230772,9719.451538461539,26
20802,5,88.570,4,1592.674761904762,1734.9190476190477,638.5942857142857,6842.6671428571435,21
20803,5,88.570,5,1748.5403773584906,2066.711320754717,941.8283018867925,8222.169433962265,53
20804,5,88.570,6,2838.9996226415096,2506.6122641509437,1249.9224528301886,10182.797358490567,53
20805,5,88.570,8,1727.2777192982458,2799.6384210526317,1651.4040350877192,9647.934561403508,57
20821,5,88.710,5,88.99695652173914,2882.034782608696,565.2169565217391,4572.818260869565,23
20919,5,89.370,3,33.9753125,1701.3671875,935.6906250000001,3887.971875,32
20920,5,89.370,4,48.77363636363636,1958.392857142857,994.5867532467531,4219.963896103895,77
20921,5,89.370,5,59.497058823529414,2110.0597058823532,1249.7746470588236,4972.425058823529,170
20922,5,89.370,6,80.36747474747474,2330.5416666666665,1401.2496464646465,5694.644141414142,198
20923,5,89.370,8,111.52593750000001,2639.8691964285713,1560.8583035714287,6503.4628125,224
20924,5,89.370,9,123.6258,2730.1325,1554.86,6850.0552,100
20933,5,89.500,5,52.293703703703706,2231.6037037037036,719.9325925925926,3950.15037037037,54
20934,5,89.500,6,36.089687500000004,2225.784375,661.0434375,3901.17375,32
20935,5,89.500,8,86.44093333333333,2766.9893333333334,1121.9584,5407.628133333333,75
20936,5,89.500,9,90.22,2731.9382352941175,1344.5085294117648,5861.972647058824,34
20937,5,89.520,0,167.48846153846154,484.0,328.7111538461538,2790.3226923076923,26
20938,5,89.520,1,24.147916666666664,1154.2625,281.78375,1951.8566666666666,24
20939,5,89.520,2,33.817,1044.6487499999998,371.28975,1970.6380000000001,40
20941,5,89.520,4,39.535250000000005,1845.6200000000001,670.8545,3523.41475,40
20942,5,89.520,5,115.47151515151515,2057.177272727273,921.9845454545455,4376.524242424242,66
20943,5,89.520,6,58.254090909090905,2023.6386363636366,702.8854545454545,3856.4531818181817,44
20944,5,89.520,8,68.64196721311475,2113.8909836065573,785.1318032786885,4292.57131147541,61
20945,5,89.520,9,103.93516129032257,2360.708064516129,743.5093548387097,5149.800967741935,31
20946,5,89.540,0,279.19187500000004,610.6634615384615,367.9024519230769,2441.5105288461536,208
20947,5,89.540,1,84.13620689655171,1131.2896551724139,353.5706896551724,2909.2717241379314,29
20949,5,89.540,3,108.9803125,1857.866875,855.310625,4283.45125,32
20950,5,89.540,4,110.40816326530613,2109.9173469387756,867.0830612244898,4953.880408163265,49
20951,5,89.540,5,153.19195652173914,2481.2155072463765,1354.9121014492753,5974.515507246377,138
20952,5,89.540,6,162.3754748603352,2651.1502234636873,1539.2359217877095,6701.518603351956,179
20953,5,89.540,8,179.6539577039275,2660.1480362537764,1571.5697280966767,6867.571510574018,331
20954,5,89.540,9,163.6564918625678,1793.5266003616637,851.358390596745,5536.918462929476,553
20955,5,89.600,0,34.827865168539326,714.2,491.13168539325846,1778.5214606741574,89
20961,5,89.600,9,141.1612244897959,1126.2341836734693,269.96153061224487,5277.590918367347,98
20967,5,89.610,8,210.01423076923078,3448.446153846154,1926.18,9745.7,26
20974,5,89.650,1,38.067407407407416,1339.6333333333332,300.5292592592593,2270.7855555555557,27
20975,5,89.650,2,29.14878787878788,1414.1575757575756,357.2012121212121,2492.8257575757575,33
20976,5,89.650,3,38.06896551724138,1547.0689655172414,427.65275862068967,2754.583793103448,29
20977,5,89.650,4,51.1425641025641,1614.8602564102564,682.3251282051282,3502.4253846153847,39
20978,5,89.650,5,67.25365591397849,1782.3586021505378,892.0479569892474,4254.278064516129,93
20979,5,89.650,6,77.64644736842105,1967.661842105263,1011.8073684210526,4943.073815789474,76
20980,5,89.650,8,112.34612068965517,2270.801724137931,1377.1066379310344,6244.031379310345,116
20981,5,89.650,9,177.94619999999998,1910.1989999999998,864.585,6235.847,100
20982,5,89.7x0,0,46.23391061452514,740.3698324022347,411.9943016759776,2128.5050837988824,179
20987,5,89.7x0,9,45.511944444444445,1313.3902777777778,256.9086111111111,3415.101388888889,36
20995,5,90.5x0,0,32.54875,794.8874999999999,296.3979166666667,1653.4966666666667,24
21011,5,92.240,4,612.5547619047619,2707.419047619048,1431.7619047619048,26875.15952380952,21
21012,5,92.240,5,541.0454285714285,3511.5619047619048,2262.613142857143,27293.722666666665,105
21013,5,92.240,6,719.3999,3424.3990999999996,2326.3187,23993.2496,100
21014,5,92.240,8,639.3024528301887,4800.186509433963,2643.20820754717,26605.701226415094,106
21015,5,92.240,9,503.6543333333333,4899.613333333333,2838.389666666667,29191.67166666667,30
21022,5,92.310,5,487.3452380952381,3514.057142857143,1649.4023809523808,23277.15714285714,21
21035,5,93.070,9,77.77183673469388,2337.295918367347,311.2469387755102,5976.98306122449,49
21069,5,93.190,5,59.667692307692306,2529.7461538461534,1226.7046153846154,9977.776153846153,26
21070,5,93.190,6,130.0568181818182,2997.5136363636366,3100.4322727272734,18518.713636363635,22
21071,5,93.190,8,92.98285714285714,3517.0714285714284,2168.078095238095,16565.704761904763,21
21082,5,93.260,5,116.95071428571428,1255.4410714285714,571.8639285714286,6883.783571428571,28
21086,5,93.350,0,45.70680327868852,837.5313114754099,567.7709836065574,3302.1443852459015,244
21087,5,93.350,1,39.63669902912621,956.1554368932038,904.8714563106796,3789.9523300970877,103
21088,5,93.350,2,57.13686666666667,1040.2058,720.6942666666666,3964.6614,150
21089,5,93.350,3,37.373424657534244,1435.1922374429223,713.6201369863013,4056.4007305936075,219
21090,5,93.350,4,41.74283819628647,1429.9750663129973,888.9910344827587,4700.144535809019,377
21091,5,93.350,5,77.10528662420383,1613.4219872611466,1041.5525350318471,5167.444738853504,785
21092,5,93.350,6,64.04912897822446,1715.7346733668342,1230.2848743718591,5310.36864321608,597
21093,5,93.350,8,95.7641354292624,1867.259830713422,1235.9613059250303,5491.508295042322,827
21094,5,93.350,9,80.11503496503497,2073.440303030303,1393.6949184149184,6108.665501165501,429
21095,5,93.351,0,50.02857142857143,619.2266666666667,409.5335238095238,2107.499428571429,105
21096,5,93.351,1,24.123809523809523,924.5880952380952,396.1873809523809,2115.8259523809525,42
21097,5,93.351,2,81.58157894736841,1067.386842105263,542.8068421052632,4031.8018421052634,38
21098,5,93.351,3,28.126666666666665,1264.9324074074075,728.8768518518518,3601.818888888889,54
21099,5,93.351,4,62.60354330708661,1300.3645669291338,1084.6144094488188,4470.183543307086,127
21100,5,93.351,5,53.75447183098591,1449.6808098591548,1251.3378169014084,4604.787288732395,284
21101,5,93.351,6,56.05257692307692,1634.8159615384616,1400.3772692307693,5089.114230769231,260
21102,5,93.351,8,64.95782396088019,1735.5294621026896,1507.7079951100243,5411.039242053789,409
21103,5,93.351,9,71.1563436123348,1764.157488986784,1345.34281938326,5336.953920704846,227
21109,5,93.352,5,165.42311111111113,1834.6955555555555,1995.438,6990.31288888889,45
21110,5,93.352,6,178.49657894736842,2029.4526315789474,2174.302368421053,6625.401315789473,38
21111,5,93.352,8,206.36219512195123,2142.9560975609756,1820.6139024390243,6003.484146341463,41
21112,5,93.352,9,191.7544827586207,2096.631034482759,1348.8796551724138,6289.951724137931,29
21116,5,93.380,4,432.0305128205128,1888.682564102564,1721.5120512820513,17679.760256410256,39
21117,5,93.380,5,434.74379310344824,1643.7172413793105,1910.963275862069,17197.516896551722,58
21118,5,93.380,6,142.36703703703702,1724.8625925925926,1812.8272222222222,14468.801296296297,54
21119,5,93.380,8,265.2048717948718,2474.8423076923077,2395.147564102564,17405.90217948718,78
21120,5,93.380,9,233.17565217391305,2420.6958695652174,1849.175,16442.17043478261,46
21121,5,93.390,0,68.98177419354839,715.9044354838709,461.7192741935484,3111.7354032258063,124
21122,5,93.390,1,99.88033333333333,904.9933333333333,509.584,3265.326,30
21123,5,93.390,2,94.0170731707317,987.2780487804879,726.1392682926829,3449.931951219512,41
21124,5,93.390,3,100.38057142857143,1303.8421428571428,1041.184,5027.933285714286,70
21125,5,93.390,4,94.38859756097561,1523.9046951219511,972.2669512195122,5103.9208536585365,164
21126,5,93.390,5,125.33830687830687,1594.1287566137567,1209.4224338624338,5559.783624338625,378
21127,5,93.390,6,114.42273885350318,1801.7956687898088,1348.1952866242038,6161.951719745223,314
21128,5,93.390,8,112.91853904282117,2002.9304785894208,1526.1872795969773,6586.545591939547,397
21129,5,93.390,9,136.70306976744186,2115.632046511628,1536.5583255813951,6857.72976744186,215
21130,5,93.391,0,34.485015015015016,784.9947447447447,509.26564564564563,2704.6075375375376,333
21131,5,93.391,1,28.687558139534886,903.8290697674419,535.0537209302325,2399.0302325581397,86
21132,5,93.391,2,40.99236842105263,1186.7518421052632,705.13,2917.0621052631577,38
21133,5,93.391,3,41.086999999999996,1516.2160000000001,612.592,3557.388,50
21134,5,93.391,4,59.60043956043956,1758.7093406593406,1041.3203296703296,4351.779120879121,91
21135,5,93.391,5,72.8419801980198,1843.3243564356437,1212.9957425742575,4681.691254125412,303
21136,5,93.391,6,85.18860248447204,2116.3409627329193,1369.354751552795,5296.953105590062,322
21137,5,93.391,8,88.37055118110236,2191.5370866141734,1404.2519488188975,5499.118484251969,508
21138,5,93.391,9,87.6629411764706,2178.567091503268,1420.7810457516339,5578.754967320261,306
21167,5,93.460,9,218.0478947368421,3288.5213157894736,1146.4894736842105,7921.9281578947375,38
21179,5,93.530,5,116.59342857142857,2054.337142857143,697.4905714285715,4474.0142857142855,35
21180,5,93.530,6,200.7374074074074,2366.237037037037,587.8818518518518,5031.818518518518,27
21183,5,93.540,0,144.1609375,934.0609375,100.215,2161.081875,32
21184,5,93.540,1,167.86137254901962,1186.4960784313726,289.5886274509804,3325.166274509804,51
21185,5,93.540,2,153.13938775510204,1298.5163265306123,504.9608163265307,3553.825714285714,49
21186,5,93.540,3,206.19180722891568,1660.4049397590359,829.4799999999999,4917.143012048193,83
21187,5,93.540,4,196.4722340425532,1603.6867021276594,694.0528723404256,4378.241595744681,94
21188,5,93.540,5,200.5823430962343,1623.125481171548,812.2806694560669,4515.453430962343,239
21189,5,93.540,6,264.6482962962963,1873.576074074074,820.1691851851851,4985.2309629629635,135
21190,5,93.540,8,320.42855855855856,2143.596756756757,1106.3327027027028,6068.588018018018,111
21191,5,93.540,9,228.90169491525424,2247.287627118644,951.1493220338982,5400.988813559322,59
21227,5,93.900,4,748.9178787878789,4098.772727272727,3672.379393939394,14573.931515151515,33
21228,5,93.900,5,531.0234913793104,3736.341551724138,2616.5962499999996,11354.085387931034,232
21229,5,93.900,6,541.411992481203,3786.5731203007517,2841.111184210526,11879.052161654135,532
21230,5,93.900,8,521.9093318965517,3834.788512931035,2865.155905172414,11979.172618534481,928
21231,5,93.900,9,573.7307402597403,4147.351103896104,3198.2702467532467,13638.53657142857,770
21232,5,93.940,0,89.7406797192464,693.1489730328777,562.6794643516808,2497.478603620244,2707
21233,5,93.940,1,60.360765550239236,811.7766507177034,575.3545454545455,2457.7046889952153,209
21234,5,93.940,2,42.88740740740741,1214.45,567.5692592592593,2623.6214814814816,27
21235,5,93.940,3,41.483030303030304,1231.8196969696971,660.5203030303031,2689.4675757575756,33
21236,5,93.940,4,42.21675675675676,1340.704054054054,894.0954054054054,3368.1340540540536,37
21237,5,93.940,5,52.63732558139535,1548.8987209302327,1210.6179069767443,4056.34488372093,86
21238,5,93.940,6,76.84794392523364,1609.0173831775703,1779.9004672897197,5173.351588785046,107
21239,5,93.940,8,89.98050847457627,1778.4106779661017,1654.4885310734462,5481.908531073446,177
21240,5,93.940,9,99.49001851851853,1015.6847037037037,767.3991111111111,3508.173537037037,540
21246,5,93.960,0,99.88977777777778,1111.7346666666667,601.4731111111112,3150.738888888889,90
21247,5,93.960,1,52.22657142857143,1314.1142857142856,431.6477142857143,2775.806285714286,35
21248,5,93.960,2,80.21735849056603,1668.0735849056603,552.1494339622641,4304.42,53
21249,5,93.960,3,74.73764705882353,1695.5647058823529,730.6738235294117,3614.239411764706,34
21250,5,93.960,4,150.325,2113.0127777777775,1861.0387500000002,6328.279444444444,72
21251,5,93.960,5,122.24040178571428,2048.3525,1483.0789285714286,5393.4225,224
21252,5,93.960,6,129.91447674418606,2090.0837500000002,1736.8285174418604,6040.181947674419,344
21253,5,93.960,8,130.80148214285714,2124.2543035714284,1669.5503571428571,6068.088839285714,560
21254,5,93.960,9,147.26315689981098,1997.3506616257089,1388.6186389413988,6244.439035916825,529
21264,5,94.290,1,8.169166666666667,2051.3791666666666,203.33,7231.828333333334,24
21307,5,96.040,4,1069.921111111111,4493.928333333333,3811.2325,14585.799444444445,36
21308,5,96.040,5,1136.4771578947368,4180.905789473684,4197.082736842105,17085.24684210526,95
21309,5,96.040,6,1145.153492063492,5350.520634920635,4448.799920634921,16755.375634920634,126
21310,5,96.040,8,1143.287429906542,5164.521355140188,3848.3475700934578,16020.361168224299,214
21311,5,96.040,9,1116.482142857143,5747.930773809524,5001.0771428571425,19316.69601190476,168
21318,5,96.070,5,651.9384375,3484.491875,3560.4825,11458.2096875,32
21319,5,96.070,6,199.98862068965516,3192.053448275862,2692.7017241379313,8357.281034482758,29
21320,5,96.070,8,194.62897435897438,3232.326153846154,2018.0779487179489,7828.402820512821,39
21321,5,96.070,9,328.34723404255317,4152.008723404256,2685.8648936170216,11474.449787234043,47
21327,5,96.160,2,506.07972972972976,1128.4256756756756,417.79324324324324,4762.847297297298,37
21360,5,96.370,3,30.67409090909091,998.8772727272727,1817.3781818181817,4834.479545454546,22
21421,5,96.710,4,1149.3902380952381,3526.484047619048,2971.2709523809526,11341.285952380953,42
21422,5,96.710,5,1319.0674264705883,4539.516176470588,4273.83455882353,15500.746249999998,136
21423,5,96.710,6,1032.3047297297298,4537.749932432433,3705.401891891892,13524.891891891892,148
21424,5,96.710,8,1000.3708196721311,4385.041213114754,3094.783049180328,12942.377901639344,305
21425,5,96.710,9,834.3287962962962,4742.929259259259,3604.235462962963,14253.204305555555,216
21429,5,96.720,4,4322.062,12799.995,13519.715999999999,52165.12233333333,30
21430,5,96.720,5,2884.6956,12194.2518,13212.2481,48213.292700000005,100
21431,5,96.720,6,3507.68722972973,12540.349594594594,14511.13912162162,54705.50972972973,148
21432,5,96.720,8,3066.3668325791855,13124.568823529411,12053.570226244345,46885.29764705882,221
21433,5,96.720,9,2547.279285714286,13225.292559523808,12908.663749999998,46320.02845238095,168
21457,5,97.620,2,22.1575,611.9901785714285,133.81392857142856,1570.2369642857143,56
21458,5,97.620,3,54.98966101694915,692.2534745762712,261.77372881355933,1864.5634745762711,118
21459,5,97.620,4,36.31953367875648,627.2743523316062,183.94,1649.2139896373055,193
21460,5,97.620,5,44.367626666666666,653.90112,185.98274666666666,1665.6791733333332,375
21461,5,97.620,6,65.25412060301507,700.5190954773868,259.42919597989953,1766.8277386934672,199
21462,5,97.620,8,55.804310344827584,698.0409482758621,234.98741379310346,1829.6156896551724,116
21463,5,97.620,9,83.74115384615385,695.8346153846154,313.48115384615386,1947.7996153846154,26
21468,5,97.710,3,194.5566037735849,1025.452641509434,355.9347169811321,3017.844528301887,53
21469,5,97.710,4,198.46,1215.8250450450448,356.0782882882883,3357.7481081081078,111
21470,5,97.710,5,196.5922988505747,1087.8537931034482,305.13114942528733,3023.730344827586,87
21471,5,97.710,6,199.90857142857143,1125.5509523809524,385.3452380952381,3413.6414285714286,21
21489,5,98.020,5,230.12071428571429,1179.1707142857142,456.5885714285714,3279.785714285714,28
21542,5,98.510,1,21.66296296296296,916.2611111111111,414.3522222222222,2652.7225925925923,27
21543,5,98.510,2,23.05102857142857,982.5902857142856,460.3514285714286,2755.8732,175
21544,5,98.510,3,25.680291262135924,951.5729773462783,434.5027508090615,2730.244951456311,309
21545,5,98.510,4,24.019393063583816,1033.3368497109827,451.9850289017341,2858.6470809248553,346
21546,5,98.510,5,43.85119733924612,1089.659645232816,511.2074501108647,3020.010975609756,451
21547,5,98.510,6,56.678630952380956,1378.722619047619,618.9208928571429,3528.106369047619,168
21548,5,98.510,8,38.736956521739124,1212.982608695652,538.4153260869565,3258.3581521739134,92
21562,5,99.030,4,79.9890909090909,2009.3204545454546,1423.385,6971.629545454546,22
21563,5,99.030,5,107.25396825396825,2361.406349206349,1639.3053968253969,7713.116984126984,63
21564,5,99.030,6,175.72674999999998,2734.0085,1887.53075,9153.9835,80
21565,5,99.030,8,167.80374100719425,2640.423021582734,1320.0469064748202,8110.665539568346,139
21566,5,99.030,9,136.98640449438204,2692.057865168539,1331.0865168539326,8180.29202247191,89
21571,5,99.040,4,100.67892857142859,2347.470357142857,1946.7525,8955.92,28
21572,5,99.040,5,105.09142857142858,2163.0155102040817,1273.3324489795918,7312.571632653061,98
21573,5,99.040,6,162.69415929203538,2648.217522123894,1533.1825663716816,8507.820088495575,113
21574,5,99.040,8,123.46000000000001,2618.8885987261147,1347.4267515923566,8073.380445859872,157
21575,5,99.040,9,141.40194444444444,2671.8388888888885,1225.568611111111,8134.82212962963,108
21592,5,99.100,5,979.1605714285715,3727.6730000000002,6854.206571428572,15798.940571428573,70
21593,5,99.100,6,895.4438541666667,3868.5751041666667,6494.853854166667,15027.38375,96
21594,5,99.100,8,426.2033707865168,4066.380786516854,6308.125337078652,15166.897808988764,178
21595,5,99.100,9,484.44405660377356,4175.861132075472,6587.181509433962,15140.671698113207,106
21609,5,99.170,3,166.30913043478262,2150.9934782608693,640.4165217391304,4553.7008695652175,23
21610,5,99.170,4,167.36673469387753,2460.9089795918367,740.4206122448979,4801.665918367347,49
21611,5,99.170,5,171.13250000000002,2598.677583333333,898.881,5350.824833333333,120
21612,5,99.170,6,188.902625,3035.1605,1007.4685,6001.519875,80
21613,5,99.170,8,164.34022222222222,2956.690222222222,1408.9113333333335,6664.675222222222,90
21614,5,99.170,9,196.49699999999999,3059.991666666667,1360.239,7052.494333333334,30
21619,5,99.210,0,50.5450731261426,737.8487659963438,447.96940585009145,2143.8098171846436,1094
21620,5,99.210,1,33.25156862745098,815.3230392156862,466.7829411764706,2066.9216666666666,102
21624,5,99.210,5,44.81333333333333,1349.5285714285715,988.0285714285714,3286.008571428571,21
21626,5,99.210,8,61.269999999999996,2044.3232142857144,1442.0303571428572,5020.562142857142,28
21627,5,99.210,9,86.53407079646018,1100.986725663717,460.1586283185841,4044.303495575221,226
21628,5,99.220,0,24.8725,373.15625,369.1153125,1501.5315625,32
21637,5,99.250,3,239.63489130434783,1425.0326086956522,2032.5782608695654,5286.8375,92
21638,5,99.250,4,246.04518,1624.45254,1885.7878999999998,4904.78202,500
21639,5,99.250,5,255.90481714285713,1542.003737142857,1908.2214000000001,4950.034748571429,1750
21640,5,99.250,6,249.75109258194365,1641.4485106382979,1896.185169637723,5136.97062679701,1739
21641,5,99.250,8,289.21285843101896,1837.225329125338,1914.231163210099,5524.686871055004,1109
21642,5,99.250,9,256.3103883495146,1877.8698058252428,1739.0771844660196,5442.281650485437,103
21651,5,99.280,3,68.55653846153847,1674.4834615384616,597.5311538461539,2833.001923076923,26
21652,5,99.280,4,97.8138,1320.5096,1057.4550666666667,3406.6326666666664,150
21653,5,99.280,5,73.40750507099392,1381.8337119675457,927.2263894523327,3090.6279918864097,493
21654,5,99.280,6,85.57520518358531,1496.067645788337,881.8192008639309,3281.808401727862,463
21655,5,99.280,8,93.15434466019418,1563.4910679611648,932.5334708737863,3428.326601941748,412
21656,5,99.280,9,107.28506849315069,1685.0157534246575,969.1653424657535,3786.8183561643837,73
21659,5,99.290,3,68.20521739130434,1435.6847826086957,730.4782608695652,3589.2639130434786,23
21661,5,99.290,5,50.796825396825405,2129.038095238095,1395.7855555555557,5380.93253968254,63
21662,5,99.290,6,46.55375,2187.4160714285713,1608.7580357142856,5942.29875,56
21663,5,99.290,8,68.95135135135135,2449.4545045045047,2174.18981981982,6880.168918918919,111
21664,5,99.290,9,82.3108,2602.895,1964.0442,8068.1269999999995,50
21669,5,99.600,5,451.875,2421.596818181818,1613.6572727272726,7073.0254545454545,22
21670,5,99.600,6,210.93809523809523,2206.695238095238,1741.8795238095238,5787.912380952381,21
21671,5,99.600,8,461.4887804878049,3777.1068292682926,2448.671707317073,11224.113414634146,41
21672,5,99.600,9,355.6697142857143,2310.314571428571,1449.4208571428571,6148.911714285714,35
21699,5,99.820,5,19.31264705882353,850.2941176470588,521.9914705882353,4159.179117647059,34
21700,5,99.820,6,28.06888888888889,1008.7444444444444,559.3225925925926,3754.8577777777778,27
21701,5,99.820,8,39.83571428571428,1153.3809523809523,806.4752380952381,4042.847619047619,21
21703,5,99.830,0,68.09714285714286,498.3821428571428,468.3648979591837,1832.0452040816326,98
21704,5,99.830,1,29.63,652.0980000000001,353.5944,1832.8372,25
21707,5,99.830,4,48.408125000000005,1021.9979166666667,745.7891666666668,4250.326458333334,48
21708,5,99.830,5,54.21938775510204,936.4346938775511,777.8938775510205,3339.0967346938774,49
21709,5,99.830,6,36.45518518518519,1158.2324074074074,894.025,4052.8583333333336,54
21710,5,99.830,8,69.05296875,1446.6484375,884.46140625,4662.1525,64
21711,5,99.830,9,69.38188146754469,1416.5310818438381,177.8853433678269,4019.118419567262,1063
21718,5,99.850,4,48.61952380952381,1559.3809523809523,872.8009523809524,4143.325238095238,21
21719,5,99.850,5,66.15115384615385,1898.0423076923075,1119.2173076923077,5702.584230769231,52
21720,5,99.850,6,75.28916666666667,1652.4458333333332,1170.3702083333333,4898.510625,48
21721,5,99.850,8,83.23655172413794,2119.1672413793103,1159.1022413793103,5869.544482758621,58
21722,5,99.850,9,97.57764705882353,2103.9205882352944,1287.7973529411765,6525.224999999999,34
21724,5,99.920,0,45.058074204947,781.8667844522968,481.56234982332154,3301.4979328621907,566
21725,5,99.920,1,41.52152882205514,940.4339598997494,538.8139097744361,3103.9532832080204,399
21726,5,99.920,2,57.928688524590164,1061.521618852459,638.4971311475409,3933.388299180328,488
21727,5,99.920,3,33.24842155009452,1022.455595463138,695.3261153119092,4284.063194706995,1058
21728,5,99.920,4,37.959377394636014,1156.8505890804597,806.552954980843,5175.953960727969,2088
21729,5,99.920,5,44.671403781979976,1288.4768987764182,969.0170611790879,5643.918462736373,4495
21730,5,99.920,6,92.13942743417024,1624.7682394366198,1299.1991457440295,6493.96790569504,3266
21731,5,99.920,8,78.93015873015872,1730.151948051948,1433.6808345358345,6701.735651755652,4158
21732,5,99.920,9,90.85521827411168,2005.5037258883249,1557.4487817258885,6843.451375634519,1970
21744,6,,0,92.4671798503474,1035.4743399251736,561.7028268305719,2808.727744788883,37420
21745,6,,1,70.98320558556722,1819.8203832432985,615.141350524921,4015.8926001426967,9811
21746,6,,2,76.18091979906461,1794.2370275420058,710.271990299671,3697.7420344708125,11546
21747,6,,3,95.88937072125026,2116.6648350736464,950.9459055390361,4444.378543669179,14461
21748,6,,4,119.38141614831814,2594.9236004589648,1222.1444761157074,5522.491655897095,16559
21749,6,,5,124.79449747460416,2777.750217921798,1299.7503305714772,5896.367815958231,35242
21750,6,,6,141.29107769262833,3033.8419835187738,1480.4427479398466,6509.456284669895,31187
21751,6,,8,151.50497104798828,3216.9773977981563,1596.0091910832775,6986.653141479659,40239
21752,6,,9,166.33966614858562,3034.421311470314,1542.7916167236556,7325.681864159154,32170
21754,6,00.090,2,183.96965517241378,2386.7655172413793,801.2631034482758,10303.738275862068,29
21755,6,00.090,3,184.25489130434784,2893.279891304348,1025.8611956521738,12268.740108695652,92
21756,6,00.090,4,221.31622377622378,3147.6776923076923,1174.4546853146853,12432.590489510489,143
21757,6,00.090,5,178.77811594202896,2673.6257971014493,939.2698550724638,8249.450144927536,69
21758,6,00.090,6,49.40208333333334,3018.5866666666666,1033.4766666666667,6158.890833333334,24
21759,6,00.090,8,66.71657894736842,2982.1394736842108,1324.3765789473684,6804.036842105263,38
21771,6,00.180,0,156.62387096774194,1497.4516129032259,1533.018064516129,3673.564516129032,31
21772,6,00.180,1,134.1531884057971,1551.6882608695653,1519.8739130434783,3720.5336231884057,69
21775,6,00.180,4,63.41272727272728,1841.68,929.5849999999999,3264.1195454545455,22
21776,6,00.180,5,81.38964285714287,2215.091785714286,1299.0314285714285,4370.501428571429,28
21815,6,00.610,5,35278.21,8103.998571428571,7211.751428571429,90804.36428571428,21
21816,6,00.610,6,24620.2736,6148.180799999999,3606.8424,64086.41,25
21821,6,00.620,5,41453.05717948718,8641.273333333333,8314.187692307692,92715.90538461538,39
21822,6,00.620,6,44869.8164516129,10066.92129032258,8213.911612903226,101626.9735483871,31
21823,6,00.620,8,54955.485714285714,9692.655714285715,7517.100476190475,99493.39857142857,21
21827,6,00.630,5,46548.456190476194,5454.8223809523815,5291.827619047619,70784.8819047619,21
21828,6,00.630,6,43726.61561403509,6827.036842105263,4984.969999999999,68091.18912280702,57
21829,6,00.630,8,44574.13491525424,5470.4362711864405,3557.9796610169487,65922.69779661017,59
21833,6,00.640,5,35390.72,5379.081212121212,4154.015454545455,55934.921818181814,33
21834,6,00.640,6,46632.68633333334,5320.895,3992.6856666666667,67002.62566666667,60
21835,6,00.640,8,34518.85690909091,5064.491272727273,3349.391090909091,54062.906363636364,55
21839,6,00.650,5,82957.2623076923,5992.5211538461535,4975.63923076923,110296.15846153846,26
21844,6,00.660,3,17800.57875,3310.4545833333336,1730.335,33864.11208333333,24
21845,6,00.660,4,15764.047222222222,4153.694666666667,2221.7347777777777,34357.32488888889,90
21846,6,00.660,5,14787.008754863813,3456.5146303501947,1929.8845914396888,29902.32708171206,257
21847,6,00.660,6,15314.226005917159,3895.2050887573964,1959.8320118343195,31589.410177514794,338
21848,6,00.660,8,16113.137723577236,4423.360000000001,2395.1243089430895,32875.99756097561,369
21849,6,00.660,9,15561.341860465118,4345.1772093023255,2616.9929457364337,32415.572248062013,129
21918,6,01.240,4,15648.748,13791.714,15732.257666666666,74577.60766666666,30
21919,6,01.240,5,17377.106,12432.890666666666,14259.262222222223,75705.37822222222,45
21920,6,01.240,6,13283.702,12141.395142857144,13197.978571428572,64901.57628571428,35
21921,6,01.240,8,11737.274680851064,10153.338936170212,11735.64914893617,56636.62553191489,47
21944,6,01.310,4,15794.277272727271,12554.109090909093,14839.601818181818,65347.685454545455,22
21945,6,01.310,5,8589.00744680851,7957.915,7689.459680851063,41099.552127659575,94
21946,6,01.310,6,10014.059910714286,7607.981071428571,8376.474285714286,42017.83616071429,112
21947,6,01.310,8,6588.864593023256,6583.0957558139535,5806.119534883721,31306.11581395349,172
21948,6,01.310,9,5386.364196428572,6088.354821428571,4389.356160714286,26717.3075,112
21955,6,01.390,3,19998.220294117647,13836.677647058823,16176.976764705882,79035.12029411765,34
21956,6,01.390,4,20721.125588235296,16734.25862745098,19068.82539215686,90422.73480392156,102
21957,6,01.390,5,19699.049485530544,17033.266816720257,20211.772797427653,92654.30495176848,311
21958,6,01.390,6,19206.476000000002,14176.2185,14868.359950000002,78029.5309,200
21959,6,01.390,8,15435.546222222221,15842.567644444445,14933.923377777779,76638.75688888889,225
21960,6,01.390,9,13779.233611111113,15009.83388888889,16199.197777777777,73017.37027777778,36
21973,6,01.510,4,22984.76074074074,8991.514814814815,9572.116296296295,69877.33074074074,27
21974,6,01.510,5,20020.579193548387,9094.114838709678,7657.294354838709,66534.8206451613,62
21975,6,01.510,6,23194.87923076923,12913.276153846153,16652.253076923076,91358.78730769231,26
21982,6,01.590,2,17533.705,10254.238125,8701.291875,72188.9571875,32
21983,6,01.590,3,12660.377560975609,9293.702682926829,6875.837804878048,67283.81146341463,41
21984,6,01.590,4,14824.121896551724,10781.399482758621,7895.734137931035,62121.36827586206,58
21985,6,01.590,5,18053.988653846154,11791.590673076922,9898.525576923077,70035.55673076924,104
21986,6,01.590,6,18484.12814814815,12778.565061728395,10983.304814814815,73924.62814814814,81
21987,6,01.590,8,18340.449814814816,13527.479814814815,9360.177962962962,72291.51592592592,54
21993,6,01.591,5,16722.564418604652,11175.555581395349,9376.960930232559,69501.25953488372,43
21994,6,01.591,6,13357.358636363637,11856.058181818182,9271.566363636362,73086.60454545455,22
22010,6,01.593,5,14794.991212121213,13412.199696969697,8386.759696969697,62767.892424242425,33
22046,6,02.050,5,18916.25361111111,6696.610277777778,8144.594166666667,75723.00472222222,36
22120,6,03.090,5,8734.440625000001,7158.7434375,3173.0803125,38941.05625,32
22121,6,03.090,6,11009.960384615384,7839.533076923077,5209.762692307691,43634.23961538461,26
22122,6,03.090,8,7789.662727272726,7177.987727272728,5490.558636363636,37191.49090909091,22
22131,6,03.310,0,393.4654180602007,3371.1326086956524,2025.9229765886287,8294.024481605351,299
22132,6,03.310,1,298.74464566929134,4344.138188976378,2760.2996456692913,10086.546299212598,254
22133,6,03.310,2,373.2766666666667,5463.951731601732,2492.5369696969697,11644.861645021645,231
22134,6,03.310,3,372.01718146718144,5884.295405405405,3251.964555984556,13381.632586872587,259
22135,6,03.310,4,550.6988345864661,5939.177030075189,4139.701503759399,14934.723195488723,266
22136,6,03.310,5,505.13865771812084,6357.102718120806,3343.7894966442955,15421.668909395972,596
22137,6,03.310,6,571.0975568181818,6546.735284090909,3530.475880681818,15809.399517045455,352
22138,6,03.310,8,620.8551006711409,6876.330201342282,3736.6127852348995,16334.628020134229,298
22139,6,03.310,9,527.1459516616314,5328.807129909365,1654.7051359516618,12994.89734138973,331
22145,6,03.4x0,5,10063.408648648649,8871.677297297298,6142.923783783784,49752.74648648649,37
22150,6,03.530,2,10788.937037037036,6215.425555555556,3296.3862962962967,33108.18481481481,27
22151,6,03.530,3,15941.809347826087,8068.423478260869,6646.013695652174,50398.06239130435,46
22152,6,03.530,4,10918.511025641026,6159.76,5540.046495726497,36986.56299145299,117
22153,6,03.530,5,10745.146744966443,5856.507348993288,4549.978020134228,34240.27734899329,298
22154,6,03.530,6,10301.147560975609,5912.781056910569,4109.787967479675,33072.51804878049,123
22155,6,03.530,8,12705.491219512196,6909.2192682926825,4564.518780487804,37685.31414634146,41
22160,6,03.6x0,5,1661.8134375,3485.940625,1949.9959375,14968.844687499999,32
22161,6,03.6x0,6,2436.2725,2752.5,1310.0641666666668,14743.035833333333,24
22162,6,03.6x0,8,1427.1072,3679.9440000000004,1787.5911999999998,15050.513200000001,25
22173,6,03.900,5,250.96605263157898,3027.797368421053,935.2771052631579,7535.331052631579,38
22174,6,03.900,6,251.13136363636366,2430.418181818182,975.1818181818181,7119.569545454546,22
22175,6,03.900,8,262.14666666666665,3143.62380952381,1290.280476190476,7457.038095238095,21
22178,6,03.910,2,389.7184,1630.3794,724.1224000000001,6254.0736,50
22179,6,03.910,3,320.44306122448984,2128.9244897959184,802.1899999999999,6798.279795918368,49
22180,6,03.910,4,401.4094520547945,2613.3224657534247,833.4241095890411,7883.494246575342,73
22181,6,03.910,5,410.59497076023393,3197.329707602339,1059.5809356725147,8478.247368421053,171
22182,6,03.910,6,404.3009558823529,3271.215367647059,1312.90625,8535.893161764705,136
22183,6,03.910,8,235.3671844660194,3407.2898058252426,1210.3120388349514,8248.935145631067,103
22184,6,03.910,9,300.8178947368421,3778.6136842105266,1506.4207017543858,9373.548245614034,57
22185,6,03.920,0,488.31113924050635,1319.4350210970463,2346.2210970464134,6948.1337130801685,237
22186,6,03.920,1,435.0669642857143,1649.2124999999999,2571.9698214285713,6996.090178571429,56
22189,6,03.920,4,400.889,2905.0150000000003,3427.1695,11472.4505,40
22190,6,03.920,5,196.29545454545453,2503.2676363636365,4157.3060000000005,10854.246545454544,55
22191,6,03.920,6,232.7773076923077,2629.4184615384615,2387.6257692307695,7762.058461538461,26
22262,6,04.2x0,4,1730.2876923076924,3025.4841025641026,612.2915384615384,9468.904871794872,39
22263,6,04.2x0,5,1291.6574107142858,3386.750446428571,794.6379464285714,10435.710982142857,112
22264,6,04.2x0,6,1426.4764210526316,3386.837157894737,971.5463157894736,10606.362947368421,95
22265,6,04.2x0,8,1446.2987500000002,3532.6190909090906,884.5130681818181,10225.16840909091,88
22266,6,04.2x0,9,1687.8889655172413,4125.990689655172,1403.9399999999998,12076.323448275862,29
22282,6,04.3x1,3,3933.6200000000003,1267.1933333333334,2616.4785714285717,15856.671428571428,21
22290,6,04.410,5,14372.403600000001,3706.0215999999996,2658.6938,34083.7846,50
22291,6,04.410,6,14393.765957446809,4453.0538297872345,2945.3017021276596,33471.64723404255,47
22292,6,04.410,8,14991.244814814814,4017.647407407407,1944.7203703703703,29433.56240740741,54
22297,6,04.420,4,13302.288275862069,3598.1768965517244,2849.8093103448277,38929.22482758621,29
22298,6,04.420,5,14102.098111111112,4292.396777777778,3077.217,38802.12333333334,90
22299,6,04.420,6,15512.35,4205.609565217392,2826.741739130435,36092.60695652174,23
22308,6,04.430,5,1078.0520754716981,1777.4196226415095,900.7509433962265,7819.9550943396225,53
22312,6,04.490,2,905.1896774193549,1344.2032258064517,549.036129032258,6870.316129032258,31
22313,6,04.490,3,741.468,1462.328,506.2434666666667,7221.880133333333,75
22314,6,04.490,4,713.366186440678,1680.1561016949154,782.3192372881356,7856.146016949152,118
22315,6,04.490,5,978.9958256880734,1956.3055963302752,947.3359633027522,8515.967706422018,218
22316,6,04.490,6,969.9315,2215.1627142857146,1283.8384285714285,9652.133142857143,140
22317,6,04.490,8,1550.2096666666666,2432.7833333333333,1350.4591666666668,10696.139916666667,120
22318,6,04.490,9,1382.5897435897436,2893.769230769231,1162.996153846154,10383.615897435899,39
22354,6,04.810,2,63.84173913043478,1584.95,768.1502173913043,6374.099999999999,46
22355,6,04.810,3,55.838802816901406,1653.5261971830987,871.145352112676,6723.142746478873,142
22356,6,04.810,4,71.43773026315789,1600.53125,914.4078618421053,6799.194572368421,304
22357,6,04.810,5,102.32461285008237,1811.233261943987,970.0949917627678,6882.066457990115,607
22358,6,04.810,6,115.01236080178174,2383.2020489977726,1266.5814922048996,8105.589866369711,449
22359,6,04.810,8,180.24196721311478,2370.678899297424,1416.2330210772834,8374.448337236534,427
22360,6,04.810,9,224.7234782608696,2590.19099378882,1555.49950310559,8406.502049689441,161
22379,6,04.990,5,1975.5974074074072,2059.562962962963,1170.5622222222223,8600.062222222223,27
22380,6,04.990,6,2030.4245833333334,2336.0750000000003,2080.6716666666666,10708.160833333333,24
22381,6,04.990,8,2192.6734782608696,2742.2130434782607,1776.6591304347828,10682.339130434782,23
22392,6,05.310,4,229.06333333333333,2901.419047619048,833.5261904761904,8140.3680952380955,21
22393,6,05.310,5,228.50675,2737.215,974.6387500000001,9078.86075,40
22394,6,05.310,6,189.8136,2927.9359999999997,931.7932,8501.128,25
22411,6,06.110,2,242.72939393939393,1893.190909090909,350.1733333333333,3393.8090909090906,33
22412,6,06.110,3,150.45253968253968,2172.942857142857,243.57650793650794,3310.9203174603176,63
22413,6,06.110,4,331.7303076923077,2507.4449230769233,298.39861538461537,4073.7884615384614,65
22414,6,06.110,5,384.4426136363636,3431.0678409090906,627.0568181818181,6203.026136363637,88
22415,6,06.110,6,258.3392727272727,4436.6649090909095,855.1472727272727,7428.949818181818,55
22416,6,06.110,8,339.22163265306125,4421.2242857142855,988.3077551020408,8762.169387755102,49
22423,6,06.2x0,2,4122.156234309623,3827.895690376569,1861.5524267782428,19529.30192468619,239
22424,6,06.2x0,3,3900.207002188184,3883.3289496717725,1650.996761487965,19126.46024070022,457
22425,6,06.2x0,4,3700.792606837607,3786.6536538461537,1600.2489316239316,18236.023675213677,468
22426,6,06.2x0,5,3421.754051724138,3926.059517241379,1537.6286379310345,17498.72546551724,580
22427,6,06.2x0,6,3932.1788050314467,4252.677169811321,1748.1440880503144,18362.00213836478,159
22428,6,06.2x0,8,4101.109642857143,4468.472321428571,1483.107142857143,18476.94625,56
22431,6,06.310,2,5109.4257777777775,1857.6373333333331,625.292,13209.919777777777,45
22432,6,06.310,3,6396.547213114754,2001.897049180328,665.8009836065573,14108.735245901638,61
22433,6,06.310,4,6737.74652173913,2231.2817391304347,739.8859130434784,14573.468521739129,115
22434,6,06.310,5,6836.61351758794,2186.482010050251,673.1840703517588,14316.028592964823,199
22435,6,06.310,6,6745.621230769231,2162.3547692307693,660.1286153846154,14517.878153846154,65
22436,6,06.310,8,6844.698399999999,2910.3028000000004,610.1691999999999,13904.158000000001,25
22439,6,06.390,2,4960.935555555556,3554.0611111111107,1425.1351851851853,19484.513333333332,27
22440,6,06.390,3,4821.952068965517,3314.9793103448274,1371.9503448275862,19280.200689655172,29
22441,6,06.390,4,3786.388153846154,3323.912923076923,1220.2506153846152,16182.331384615385,65
22442,6,06.390,5,2933.572831858407,3295.518761061947,1194.6575221238936,14766.685132743361,113
22443,6,06.390,6,3351.566285714286,3831.809142857143,1289.3465714285715,15446.892857142857,35
22446,6,06.4x0,2,5786.010648148148,5084.861111111111,2566.386851851852,25250.03212962963,108
22447,6,06.4x0,3,5268.937665198238,5054.576651982378,2516.1726431718066,24139.92629955947,227
22448,6,06.4x0,4,4336.824734513274,4923.915796460177,2186.495575221239,22134.12703539823,226
22449,6,06.4x0,5,4198.954906367041,4993.609325842696,2165.057865168539,22073.063895131083,267
22450,6,06.4x0,6,4320.949069767442,5273.038139534884,2271.477441860465,21490.048488372093,86
22451,6,06.4x0,8,4827.102702702702,5824.534864864865,2382.2064864864865,24415.155405405407,37
22467,6,06.7x0,0,901.6410714285714,1558.3489285714284,736.3078571428571,7456.903214285715,28
22470,6,06.7x0,3,1557.58,1727.0617391304347,905.76,8831.608695652174,23
22472,6,06.7x0,5,1607.128695652174,2340.9160869565217,1447.8886956521737,10173.278695652174,23
22485,6,06.890,5,3139.5144,6224.344399999999,2039.9823999999999,21278.661200000002,25
22501,6,07.210,3,5370.578518518519,3659.8037037037034,1756.3155555555554,20947.93740740741,27
22502,6,07.210,4,4500.188048780487,4360.710731707318,2120.365609756098,22651.21487804878,41
22503,6,07.210,5,5124.722615384615,4449.985846153846,2183.918153846154,23538.302,65
22509,6,07.220,5,7227.467843137255,4410.669411764706,2353.3656862745097,26118.77764705882,51
22515,6,07.290,5,5933.461851851852,4492.944444444444,1881.638888888889,21332.77851851852,27
22531,6,07.620,4,8066.941578947369,9757.942894736843,5672.55052631579,42374.597368421055,38
22532,6,07.620,5,11622.363846153847,9875.559807692307,5708.283653846154,45267.63192307692,52
22533,6,07.620,6,11584.032727272728,11375.61090909091,6530.050909090909,47775.061515151516,33
22553,6,07.840,5,5126.041818181818,4908.6900000000005,1923.3631818181818,25136.672272727275,22
22569,6,08.200,0,383.61266666666666,848.4355555555555,317.714,3640.3251111111113,45
22570,6,08.200,1,69.04318181818182,976.6545454545455,233.045,2430.7231818181817,22
22571,6,08.200,2,72.66076923076923,977.4307692307692,121.6326923076923,2510.581153846154,26
22572,6,08.200,3,138.2319512195122,1138.1080487804877,173.53780487804877,2712.2641463414634,41
22573,6,08.200,4,121.2358064516129,1617.2393548387097,202.34887096774193,3247.9591935483872,62
22574,6,08.200,5,199.726625,1255.9625,185.168125,3065.612625,80
22575,6,08.200,6,130.40655737704918,1339.23868852459,202.39491803278688,3062.7577049180327,61
22576,6,08.200,8,140.4427777777778,1491.2666666666667,180.01944444444445,3982.6299999999997,36
22578,6,08.210,0,369.8968,759.6080000000001,303.6668,3227.9640000000004,25
22619,6,08.330,0,646.9826086956522,947.1347826086956,450.2278260869565,6909.782608695652,23
22642,6,08.420,0,514.4179166666667,806.5625,429.16124999999994,5813.96625,24
22648,6,08.420,6,87.235,953.6576923076924,105.89846153846155,2356.0826923076925,26
22649,6,08.420,8,142.22619047619048,856.3464285714286,104.01595238095238,2350.4992857142856,42
22661,6,08.440,6,120.60499999999999,1077.2684210526315,158.41263157894738,2633.463684210526,38
22662,6,08.440,8,98.0547619047619,1002.2863492063492,172.9531746031746,2799.3577777777778,63
22663,6,08.440,9,127.40566666666668,1031.72,155.29800000000003,2789.5429999999997,30
22669,6,08.490,6,108.15805555555556,979.6605555555556,297.8538888888889,2474.2541666666666,36
22670,6,08.490,8,147.7198,1009.2646000000001,179.34939999999997,2700.1897999999997,50
22705,6,08.810,5,258.210625,3046.235,1097.14375,7150.695937500001,32
22781,6,09.440,5,1506.3811904761906,1151.1571428571428,144.80547619047618,4043.7530952380953,42
22782,6,09.440,6,1644.127619047619,1299.3190476190478,173.60619047619048,4309.181904761905,21
22805,6,09.6x0,8,102.95750000000001,1437.7199999999998,354.75625,3479.47025,40
22815,6,09.730,5,1181.5069230769232,1705.7961538461536,787.8669230769231,6340.683846153846,26
22816,6,09.730,6,1352.5591304347827,1366.8817391304347,352.8286956521739,5186.893913043478,23
22822,6,09.810,3,1308.9381818181819,1132.9340909090909,802.3995454545455,7378.229090909092,22
22823,6,09.810,4,1007.2836666666666,1315.8149999999998,624.6088333333333,6127.391666666666,60
22824,6,09.810,5,816.37,1035.3758208955223,524.3829104477612,5302.245149253731,134
22825,6,09.810,6,1165.936,1267.8355999999999,660.9653333333333,6238.045733333333,75
22826,6,09.810,8,882.7001587301587,1286.050476190476,454.6403174603175,5136.970793650793,63
22846,6,10.310,4,121.23911764705883,1239.956470588235,141.17,2594.309705882353,34
22847,6,10.310,5,119.93275862068967,1170.356896551724,125.14068965517241,2476.732068965517,58
22848,6,10.310,6,137.72925925925927,1076.4222222222222,129.67925925925925,2466.4574074074076,27
22849,6,10.310,8,431.79720000000003,1081.948,104.4428,2837.4903999999997,25
22921,6,11.320,4,218.86742857142858,1018.0380952380953,204.60085714285714,3282.95,105
22922,6,11.320,5,233.6686349206349,1055.4857142857143,182.9962222222222,3193.9666666666667,315
22923,6,11.320,6,331.51865306122454,1062.521224489796,198.58514285714287,3358.3584489795917,245
22924,6,11.320,8,382.7620212765957,1009.080585106383,181.253085106383,3444.123191489362,188
22925,6,11.320,9,235.64814814814815,980.2629629629629,163.35111111111112,3185.003703703704,27
22928,6,11.390,4,205.0442,1236.8196,179.0736,3213.0262,50
22929,6,11.390,5,210.2652222222222,1244.4028888888888,198.94572222222223,3315.7716111111113,180
22930,6,11.390,6,178.34693251533741,1226.2280981595093,183.75398773006137,3435.654110429448,163
22931,6,11.390,8,202.5401986754967,1122.2370860927151,222.82973509933777,3211.643907284768,151
22932,6,11.390,9,482.48285714285714,1313.6833333333332,331.6719047619047,3864.0633333333335,21
22951,6,11.510,5,835.5651851851851,1396.4814814814815,677.1751851851851,5570.006296296297,27
23040,6,12.640,5,408.0621428571429,1211.5267857142858,415.92625,4515.850714285714,56
23041,6,12.640,6,1382.5800000000002,1519.2403846153845,552.5736538461539,6791.629807692308,104
23042,6,12.640,8,987.7679310344828,1292.7424137931034,524.433275862069,5877.048965517241,58
23096,6,12.910,6,162.01541666666665,1218.8733333333332,450.69,3293.181666666667,24
23119,6,13.410,3,3460.4074647887323,1171.4197183098593,212.67535211267608,8081.977605633803,71
23120,6,13.410,4,3204.113670886076,1222.7119620253163,227.13860759493673,7678.134367088607,316
23121,6,13.410,5,3074.6979374708353,1211.3264442370507,215.53969668688754,7382.7175454969665,2143
23122,6,13.410,6,2661.003925609449,1213.7115807991956,216.67070620758983,6899.209429504901,3979
23123,6,13.410,8,2412.4528110070705,1225.6536250716606,228.23203325052552,6627.486223963309,5233
23124,6,13.410,9,2339.585718157182,1231.7336205962058,236.38243360433606,6596.579864498644,1845
23135,6,13.590,5,2243.202580645161,1134.483870967742,182.30903225806452,5781.422903225807,31
23136,6,13.590,6,1845.7536111111112,1215.2805555555556,223.2238888888889,5436.876111111112,36
23137,6,13.590,8,1935.5597938144329,1268.6113402061856,234.9243298969072,5582.7354639175255,97
23138,6,13.590,9,1886.3646666666668,1203.131111111111,232.88622222222222,5422.943333333334,45
23155,6,13.710,4,2974.823829787234,992.5670212765958,216.0294680851064,8088.124042553191,94
23156,6,13.710,5,2798.798036363636,1005.4622909090909,247.76472727272727,7829.1749272727275,550
23157,6,13.710,6,2472.421426978818,967.5107134894091,217.80267558528428,6844.902385730213,897
23158,6,13.710,8,2287.57423510467,943.0053623188405,212.15335748792268,6367.866417069243,1242
23159,6,13.710,9,2160.3638127853883,987.2395433789954,225.24194063926942,6169.261255707763,438
23165,6,13.720,5,1780.6159090909093,1236.6636363636362,246.50954545454545,5963.958181818181,22
23183,6,13.910,2,350.56333333333333,828.7375000000001,425.6383333333333,5695.369166666667,24
23194,6,14.240,4,454.93136363636364,1661.7590909090907,356.7677272727273,4042.1886363636363,22
23195,6,14.240,5,214.00416666666666,2254.2633333333333,673.6731666666667,5305.091,60
23196,6,14.240,6,197.5271794871795,2129.484615384615,1016.6910256410257,5557.544615384615,39
23197,6,14.240,8,242.27615384615385,2425.357692307692,1006.2234615384616,6591.502692307693,26
23250,6,14.6x0,3,1864.4732608695654,1106.295652173913,287.105,6960.841739130434,46
23251,6,14.6x0,4,1784.3488764044941,1216.3977528089888,370.8411235955056,6644.592247191011,89
23252,6,14.6x0,5,1615.7663677130047,1244.2681614349776,331.922466367713,6431.653049327354,223
23253,6,14.6x0,6,1791.592125984252,1191.1653543307086,312.74787401574804,6298.510708661417,127
23254,6,14.6x0,8,1549.9502,1176.026,309.2574,5753.7134,50
23265,6,14.720,3,5462.27,1640.496,433.5892,14724.1376,25
23266,6,14.720,4,5375.325106382978,1473.2723404255319,407.25659574468085,14382.32574468085,47
23267,6,14.720,5,4917.541161290323,1505.854193548387,394.2123225806452,14781.323096774195,155
23268,6,14.720,6,5609.543962264152,1278.3981132075473,473.0980188679245,14603.178301886792,106
23269,6,14.720,8,5751.399787234042,1481.6808510638298,630.5251063829787,15309.171914893615,47
23280,6,14.740,2,5602.275384615385,1310.4589743589745,1052.4505128205128,15009.178205128204,39
23281,6,14.740,3,6273.545945945946,1428.1937837837838,1067.3971621621622,15253.734729729731,74
23282,6,14.740,4,5963.924316939891,1350.5502732240438,766.8069398907104,14818.909890710382,183
23283,6,14.740,5,5794.760991150442,1304.9974513274337,662.7506548672567,14145.058584070795,565
23284,6,14.740,6,5715.035096952908,1398.2181717451524,646.8370360110804,14332.56404432133,361
23285,6,14.740,8,5480.5071259842525,1462.8767716535433,571.9520078740157,14419.832165354332,254
23286,6,14.740,9,4862.591219512195,1299.4756097560976,532.0412195121951,13982.983170731708,41
23292,6,14.790,2,26.92304347826087,1154.3478260869565,489.3369565217391,3160.429565217391,23
23293,6,14.790,3,25.497164179104477,1093.7149253731343,679.7208955223881,3222.358805970149,67
23294,6,14.790,4,29.18166666666667,1058.3215104166668,531.6004166666667,2984.6205208333336,192
23295,6,14.790,5,132.15175438596492,1064.8688771929824,559.5082807017543,3192.4773684210527,570
23296,6,14.790,6,66.80719512195122,1013.5147154471545,522.7785569105691,2932.033963414634,492
23297,6,14.790,8,51.48019512195122,977.9576097560976,453.6963414634146,2794.9744390243904,410
23298,6,14.790,9,75.36455026455026,923.0945502645502,596.5403174603174,2860.2656084656082,189
23300,6,15.110,0,605.9920000000001,993.3824000000001,380.0292,5368.4016,25
23302,6,15.110,2,469.1085185185185,1031.6777777777777,346.72407407407405,4771.717777777778,27
23321,6,15.3x0,0,795.2653773584906,872.2556603773586,384.70924528301884,7355.559716981132,106
23323,6,15.3x0,2,525.4992857142857,1001.3142857142857,381.67214285714283,5864.3625,28
23343,6,16.090,3,1346.4569230769232,2662.5923076923073,1342.8707692307692,11161.214615384615,26
23344,6,16.090,4,1246.3040740740742,2485.703703703704,1180.8533333333335,9763.602962962965,27
23345,6,16.090,5,1269.486,2656.5685714285714,1336.2357142857143,10401.961714285713,35
23358,6,16.210,5,87.26911764705882,3349.078235294118,908.1888235294118,5961.006176470588,34
23360,6,16.210,8,82.19575757575758,3289.445151515152,1076.8769696969698,5924.999090909091,33
23361,6,16.210,9,196.31407894736844,4622.225789473684,703.583552631579,9306.94894736842,76
23431,6,16.920,4,255.0195238095238,1851.3000000000002,386.9352380952381,4679.464761904762,21
23432,6,16.920,5,542.9773333333334,1927.2986666666666,441.4266666666667,5603.992,30
23433,6,16.920,6,243.465,1791.3884615384616,268.9173076923077,4752.572692307693,26
23452,6,17.110,4,5458.995,1460.4472727272728,932.5063636363636,11908.508636363636,22
23453,6,17.110,5,5366.917323943662,1738.9139436619719,795.9022535211267,11613.476338028167,71
23454,6,17.110,6,5369.034736842105,1791.3725,986.4914473684212,12104.198289473683,76
23455,6,17.110,8,5341.508679245283,1795.112075471698,925.9273584905661,11959.003396226417,53
23459,6,17.120,2,6093.9425,1342.371111111111,888.4433333333333,12118.573888888888,36
23460,6,17.120,3,5687.3438297872335,1242.2957446808512,872.5225531914894,11974.75085106383,47
23461,6,17.120,4,5394.390307692308,1529.7124615384614,980.8018461538462,12032.305076923076,65
23462,6,17.120,5,5169.713640776699,1651.4682524271846,836.2210194174758,11393.60063106796,206
23463,6,17.120,6,5282.2610101010105,1786.1622727272727,964.0431818181818,12204.995050505051,198
23464,6,17.120,8,5502.932832369942,2096.5676878612717,1042.1823699421964,12899.780231213872,173
23465,6,17.120,9,5206.24,2295.395806451613,951.9422580645161,12902.386451612903,31
23469,6,17.130,4,4848.7234285714285,1309.1962857142858,836.5757142857143,11193.634857142857,35
23470,6,17.130,5,4971.95304964539,1443.9595035460993,888.528865248227,11448.117730496455,141
23471,6,17.130,6,5145.738701298701,1688.581883116883,961.0944805194805,12165.437922077921,154
23472,6,17.130,8,5557.398414634146,1962.875,1098.3405487804878,13303.546524390244,164
23473,6,17.130,9,5223.180465116279,2464.844651162791,1343.536046511628,13856.611860465118,43
23476,6,17.210,5,9875.168,1774.4268571428572,1066.2762857142857,17729.814285714285,35
23477,6,17.210,6,9454.238139534884,2058.8323255813953,1006.463023255814,17089.36093023256,43
23478,6,17.210,8,9434.762826086957,2217.544347826087,1010.9367391304347,17583.51,46
23485,6,17.220,5,10004.821714285714,1691.631142857143,1147.2777142857144,18235.944285714286,35
23486,6,17.220,6,9352.831351351351,2051.3689189189186,1352.968918918919,18162.508108108108,37
23487,6,17.220,8,10048.826875,2579.6375,1184.5515625,19422.4725,32
23491,6,17.230,6,9638.242692307693,1737.2846153846153,1098.5857692307693,17619.10423076923,26
23513,6,17.330,4,17892.98,8606.795333333333,7202.229333333334,48019.939666666665,30
23514,6,17.330,5,16495.932533333333,9084.838666666667,6776.064666666666,47725.2328,75
23515,6,17.330,6,13825.189449541283,9758.724678899083,6633.013944954128,46904.751100917434,109
23516,6,17.330,8,14546.912941176472,10327.574705882354,7668.839215686275,49635.785,102
23517,6,17.330,9,13279.352592592593,11395.545185185185,8834.907407407407,50855.693703703706,27
23528,6,17.350,5,14259.425384615384,9458.906923076922,6560.527692307693,46028.24038461538,26
23529,6,17.350,6,14707.368799999998,9474.9484,7334.756799999999,47587.905199999994,25
23530,6,17.350,8,13316.044615384615,9157.531538461539,7015.153461538461,46521.02923076923,26
23534,6,17.360,5,12917.098166666667,7970.222,5694.9811666666665,42454.7105,60
23535,6,17.360,6,14483.421509433962,8908.618867924528,7148.34962264151,47490.38415094339,53
23536,6,17.360,8,13557.291923076924,11237.495576923076,8890.807307692306,53158.304615384615,52
23559,6,17.912,0,91.73828125,842.6953125,1071.1734375,4852.70859375,64
23560,6,17.912,1,113.20428571428572,1356.1183673469388,924.435918367347,4828.16306122449,49
23561,6,17.912,2,81.0004716981132,1694.9226415094338,1236.480283018868,5947.163773584905,106
23562,6,17.912,3,76.05906735751296,1897.5732124352332,973.2507772020725,5946.033834196891,193
23563,6,17.912,4,80.90037542662117,2079.2098976109214,1346.923447098976,7066.73228668942,293
23564,6,17.912,5,96.70987654320987,2223.161552028219,1410.7303880070547,7129.266119929453,567
23565,6,17.912,6,139.85825520833333,2635.74796875,2031.1296875,8276.751666666667,384
23566,6,17.912,8,156.82297777777777,3018.0502222222226,2150.702377777778,8408.162644444445,450
23567,6,17.912,9,257.9433793103448,3432.244482758621,2997.3817586206897,10992.307551724138,290
23571,6,17.913,3,70.37838709677419,1653.1870967741936,935.4287096774194,4644.729677419355,31
23572,6,17.913,4,124.52386363636364,1914.5886363636362,2087.709318181818,6539.215,44
23573,6,17.913,5,132.20055555555555,2210.012962962963,2132.099074074074,7021.864444444444,54
23574,6,17.913,6,128.9864,2602.4339999999997,2208.1438,7749.9952,50
23575,6,17.913,8,175.8191891891892,3274.2324324324327,2495.0708108108106,8561.069459459459,37
23576,6,17.913,9,208.68446808510637,3082.31914893617,2561.0487234042553,8941.804255319148,47
23577,6,17.920,0,60.03376811594203,888.908,732.3239130434782,3155.114550724638,345
23579,6,17.920,2,71.42038461538462,1474.710769230769,750.073846153846,5305.266538461538,26
23580,6,17.920,3,43.202982456140354,1289.2280701754387,556.4512280701755,4895.434035087719,57
23581,6,17.920,4,43.597868852459015,1551.069344262295,864.7691803278689,6193.43737704918,122
23582,6,17.920,5,92.28955056179775,1911.358988764045,1574.2930898876405,8133.556516853933,178
23583,6,17.920,6,78.72929824561403,2105.8852631578948,1461.5806140350878,7976.598771929825,114
23584,6,17.920,8,134.9715294117647,2450.588,1926.0917647058823,9284.72294117647,85
23585,6,17.920,9,135.09752941176473,1393.7385882352942,1330.613411764706,5878.165294117647,85
23615,6,17.940,5,20.562272727272727,1190.4036363636365,846.6868181818182,5020.429999999999,22
23620,6,17.950,0,93.06962398373983,766.1606991869919,694.4273434959349,2863.220733739837,4920
23621,6,17.950,1,92.71998968008256,1036.626346749226,858.5573993808049,3389.591238390093,969
23622,6,17.950,2,86.57939759036144,1358.570469879518,920.4083012048193,3743.5495542168674,830
23623,6,17.950,3,147.40600638977637,1609.0190575079873,1159.1500399361023,4590.338538338658,1252
23624,6,17.950,4,133.47417701863353,1954.5066071428569,1507.9462577639752,5866.717911490683,1288
23625,6,17.950,5,145.51534840622685,2152.3662601927354,1683.4570570793178,6278.411356560415,2698
23626,6,17.950,6,133.08951821862348,2405.309902834008,2037.493125506073,7076.704214574899,2470
23627,6,17.950,8,158.04899575242717,2594.6059071601944,2218.5123088592236,7615.613024878641,3296
23628,6,17.950,9,165.23282677521485,2673.597408412483,2279.6162008141114,8060.44578923564,2211
23629,6,17.951,0,142.55314102564103,737.498076923077,1035.9508974358973,3258.3783974358976,156
23630,6,17.951,1,117.7860606060606,786.1939393939394,993.53,2837.791818181818,33
23632,6,17.951,3,78.76227272727273,1558.059090909091,982.8395454545455,3626.414545454545,22
23633,6,17.951,4,146.89818181818183,1496.4818181818182,2735.5845454545456,7447.819090909091,22
23634,6,17.951,5,123.47788461538462,1844.0076923076922,2102.647692307692,5643.705384615385,52
23635,6,17.951,6,185.00657142857142,2407.868571428571,2473.292857142857,7153.500571428572,35
23636,6,17.951,8,230.51577777777777,3051.526666666667,2445.6833333333334,8067.574222222222,45
23637,6,17.951,9,252.76186046511629,2573.613953488372,2305.865813953488,7607.9667441860465,43
23644,6,17.952,8,177.85954545454544,2201.163636363636,2163.8281818181817,6432.046818181818,22
23645,6,17.952,9,228.47238095238095,2720.404761904762,2174.5619047619048,7630.679523809524,21
23654,6,17.954,4,103.78904761904762,1556.7238095238095,1438.9609523809524,4265.678571428572,21
23655,6,17.954,5,113.08763157894737,1703.9368421052632,2253.6718421052633,5828.896842105263,38
23656,6,17.954,6,150.7464705882353,1995.0617647058825,1981.800882352941,6059.8708823529405,34
23657,6,17.954,8,233.99527272727272,2680.7181818181816,3027.7900000000004,8638.530727272728,55
23658,6,17.954,9,200.4937037037037,2479.7925925925924,2490.861851851852,7753.103703703703,27
23664,6,17.955,5,105.133125,1887.296875,2358.4362499999997,5921.550625,32
23665,6,17.955,6,162.80742857142857,2072.4657142857145,2568.4717142857144,6399.102,35
23666,6,17.955,8,158.7408333333333,2282.954166666667,2603.2970833333334,7001.333750000001,24
23667,6,17.955,9,179.49875,2424.7958333333336,2402.6245833333337,6776.019166666666,24
23670,6,17.957,2,100.71555555555557,1805.711111111111,1232.37,5246.244814814815,27
23671,6,17.957,3,83.50808510638298,2476.336170212766,1172.1159574468084,5671.853829787234,47
23672,6,17.957,4,115.60506493506493,2315.0324675324673,1337.0336363636363,6152.408961038961,77
23673,6,17.957,5,78.61979797979798,2505.3040404040403,1507.0380808080806,6079.203838383839,99
23674,6,17.957,6,103.90009523809525,3094.6047619047617,1859.4885714285715,7428.782380952382,105
23675,6,17.957,8,97.30504854368932,3054.1009708737865,1731.4217475728155,7215.047281553398,103
23676,6,17.957,9,148.94725490196078,3924.1039215686274,2040.28,8423.018627450982,51
23678,6,17.961,4,31.040243902439027,2447.9317073170732,826.2848780487805,6709.951951219513,41
23679,6,17.961,5,34.168124999999996,2801.52625,1195.83375,8782.751875,80
23680,6,17.961,6,28.062272727272727,2869.768181818182,1000.1768181818181,7758.92090909091,44
23681,6,17.961,8,30.185714285714287,3139.594285714286,937.2537142857142,8187.0551428571425,35
23687,6,17.970,0,183.92000000000002,846.8623529411765,869.1128235294117,5604.411294117647,85
23688,6,17.970,1,119.29378378378378,1075.2814864864865,1031.056891891892,5362.973378378378,74
23689,6,17.970,2,172.6871875,1513.4778125,1816.901875,6714.2890625,32
23690,6,17.970,3,170.7527118644068,1588.2628813559322,1740.2255932203389,7342.017288135594,59
23691,6,17.970,4,333.18481012658225,1672.3122784810128,2001.7460759493672,8547.094303797468,79
23692,6,17.970,5,135.7609223300971,1653.329708737864,2076.63286407767,7622.235097087379,206
23693,6,17.970,6,155.1165100671141,1850.876845637584,1873.714630872483,7129.494161073825,149
23694,6,17.970,8,344.83366666666666,2136.9906666666666,1607.4591111111113,7362.940666666667,180
23695,6,17.970,9,188.30809523809523,2265.6535714285715,1684.315357142857,7737.438928571429,84
23719,6,17.983,4,941.2529629629629,1090.4777777777779,1885.0414814814815,8563.883333333333,27
23720,6,17.983,5,1405.3633333333335,1324.4285714285713,1981.7523809523811,9354.12380952381,21
23748,6,18.110,0,104.6688679245283,1108.2641509433963,474.60188679245283,2744.71,53
23750,6,18.110,2,107.54947368421053,1306.2026315789474,1323.4915789473685,3975.4134210526313,38
23751,6,18.110,3,101.19769230769231,2064.188923076923,1648.1913846153845,5395.4463076923075,65
23752,6,18.110,4,112.7335593220339,1848.7384745762713,1229.88593220339,4880.220169491526,59
23753,6,18.110,5,83.66088607594936,2644.2037974683544,998.3416455696204,4995.648354430379,79
23754,6,18.110,6,140.73098591549297,2895.7894366197183,2107.9211267605633,7078.587323943662,71
23755,6,18.110,8,105.60239130434783,2959.904347826087,1089.6532608695652,6549.9152173913035,46
23756,6,18.110,9,450.8970833333333,6362.070833333332,3170.525416666667,18626.81625,24
23762,6,18.210,0,709.1724528301887,1252.0803773584905,485.02188679245285,5623.0449056603775,53
23763,6,18.210,1,589.8740909090909,1132.8999999999999,634.5968181818181,4482.371818181818,22
23764,6,18.210,2,426.68487804878055,1022.7875609756097,398.9370731707317,3816.6221951219513,41
23765,6,18.210,3,480.42391304347825,1324.767391304348,453.87913043478255,3917.141304347826,23
23771,6,18.290,0,719.0697368421053,1153.2152631578947,387.2323684210526,5528.509210526316,38
23772,6,18.290,1,389.32666666666665,1264.8842857142856,420.12071428571426,4128.915952380952,42
23773,6,18.290,2,342.1167073170732,1151.9809756097561,193.16768292682926,3251.865243902439,82
23774,6,18.290,3,466.12890625,1312.53765625,376.158125,4146.33265625,64
23775,6,18.290,4,492.6836363636363,1401.2259090909092,433.69931818181817,4571.609772727273,44
23776,6,18.290,5,404.6798795180723,1585.7014457831326,481.9649397590361,4780.385421686747,83
23777,6,18.290,6,530.1178260869565,1853.262391304348,613.7091304347825,5894.147391304347,46
23778,6,18.290,8,495.1666666666667,1700.715925925926,432.5611111111111,5043.895555555555,27
23836,6,19.4x0,2,1008.8258695652173,1445.9347826086957,907.5069565217391,9486.738260869566,46
23837,6,19.4x0,3,1363.5570689655171,1357.5229310344828,929.9125862068965,9670.67448275862,58
23838,6,19.4x0,4,1005.9178160919541,1421.5797701149424,958.163448275862,9806.464137931034,87
23839,6,19.4x0,5,1108.1746341463415,1658.2783739837398,1040.151138211382,10146.799512195123,123
23840,6,19.4x0,6,1287.4784210526316,1848.8386842105263,1120.709210526316,10511.803684210527,38
23847,6,19.520,5,1869.1296,1537.496,851.0704000000001,10880.961200000002,25
23856,6,19.530,5,3484.903043478261,2024.2043478260869,1301.1265217391303,16282.57304347826,23
23867,6,20.010,0,2522.459696969697,1149.7978787878787,609.178787878788,7445.3663636363635,33
23872,6,20.010,5,1104.16,1733.545294117647,725.2152941176471,5542.151176470587,34
23875,6,20.090,0,161.69773584905658,490.5207547169811,286.88132075471697,3375.4639622641507,53
23876,6,20.090,1,45.14913043478261,1041.0621739130436,597.6804347826087,3509.8282608695654,23
23877,6,20.090,2,119.32846153846154,1634.603846153846,999.321923076923,5409.951923076923,26
23878,6,20.090,3,59.40304347826087,1298.0847826086956,997.8715217391306,4212.741304347826,46
23879,6,20.090,4,56.53225,1396.669,652.7797499999999,4278.1305,40
23880,6,20.090,5,68.54157894736842,1525.2228947368421,940.71,4588.425921052632,76
23881,6,20.090,6,87.02333333333334,2056.307777777778,857.8413333333333,4810.216888888889,45
23882,6,20.090,8,63.803870967741936,1884.0516129032258,1047.5777419354838,5227.706774193549,31
23901,6,20.490,2,3284.1278260869567,1992.1547826086955,1485.3060869565218,18327.506956521738,23
23902,6,20.490,3,3084.637272727273,1909.963181818182,1385.851818181818,16636.14136363636,22
23903,6,20.490,4,2357.163260869565,1920.243695652174,1272.3810869565218,16002.784782608695,46
23904,6,20.490,5,1682.2419402985076,2350.3080597014928,1291.2474626865671,15290.148208955223,67
23905,6,20.490,6,1809.9655555555555,2812.5244444444447,1379.210740740741,16472.355555555554,27
23937,6,20.940,4,72.49304347826087,1973.3304347826086,847.2904347826087,4248.9508695652175,23
23938,6,20.940,5,119.2360606060606,2729.6606060606064,1462.8542424242426,6437.413030303031,33
23961,6,21.030,1,593.0145833333333,843.0958333333333,329.9683333333333,2555.6745833333334,24
23964,6,21.030,4,631.3864864864864,1050.1413513513514,611.2781081081081,3955.662162162162,37
23965,6,21.030,5,574.1968181818181,1197.208787878788,549.7171212121212,3484.7007575757575,66
23966,6,21.030,6,584.8971875,1326.51546875,472.45109375,3552.4431250000002,64
23967,6,21.030,8,462.4037037037037,1283.1368518518518,519.757962962963,3645.0851851851853,54
23968,6,21.030,9,531.15,1615.0608695652174,649.5591304347826,4204.721304347826,23
23974,6,21.040,5,1019.836,1115.48,673.0942857142857,4894.096285714286,35
23995,6,21.210,0,182.59566666666666,1148.1633333333334,703.5826666666667,3607.1726666666664,30
23996,6,21.210,1,129.09739130434784,2220.681739130435,975.6786956521739,4536.527826086956,23
23998,6,21.210,3,102.84846153846154,2155.8115384615385,832.5615384615384,4196.243076923077,26
23999,6,21.210,4,109.09645161290322,3151.1277419354838,1377.6906451612904,6126.662580645161,31
24000,6,21.210,5,114.3555172413793,3403.5456896551723,1117.7593103448276,6230.939310344827,58
24001,6,21.210,6,112.07000000000001,2997.175,922.6897499999999,5455.694,40
24002,6,21.210,8,127.50307692307692,2627.9049999999997,1410.2969230769231,6073.4780769230765,26
24021,6,21.310,3,904.3324,1727.2844,682.1103999999999,7144.3252,25
24022,6,21.310,4,1258.7814285714285,2248.5382857142854,1031.2982857142858,9551.106285714286,35
24023,6,21.310,5,992.4644705882353,2241.2905882352943,873.4852941176471,8326.421411764706,85
24024,6,21.310,6,1163.895,2276.696842105263,1048.5857894736844,8799.928157894738,38
24031,6,21.320,4,670.3529629629629,1342.4548148148149,669.338888888889,4831.021111111111,27
24032,6,21.320,5,576.7852380952381,1710.1080952380953,666.2636507936508,5362.008253968254,63
24033,6,21.320,6,667.9277500000001,2287.85975,708.86425,6655.172500000001,40
24034,6,21.320,8,500.14468750000003,1992.9725,650.07125,5437.5528125,32
24041,6,21.5x0,1,2069.8554545454544,1595.9763636363634,988.1936363636364,7976.408181818182,22
24042,6,21.5x0,2,1565.758,1507.7752,1023.0606666666667,7767.478533333334,75
24043,6,21.5x0,3,1491.7926829268292,1540.2606097560974,1009.574512195122,8116.974756097562,82
24044,6,21.5x0,4,1424.6044776119404,1683.1097014925374,1015.9176119402985,7494.205074626865,67
24045,6,21.5x0,5,1392.1904210526316,1666.1054736842104,931.104,7521.416526315789,95
24046,6,21.5x0,6,1645.1985714285713,1967.69,920.1789285714285,8408.133214285715,28
24055,6,21.690,2,1677.3213157894736,1500.7218421052632,863.2463157894737,7148.173947368421,38
24056,6,21.690,3,1707.904761904762,1569.502619047619,806.4057142857143,6725.47119047619,42
24057,6,21.690,4,1861.4517142857142,1607.4414285714286,942.7288571428572,7172.882,35
24058,6,21.690,5,1821.5864516129031,1673.6987096774194,960.4003225806451,7549.823870967743,31
24061,6,21.710,0,730.232,1065.402,663.9465714285715,4953.050857142857,35
24062,6,21.710,1,540.1220454545455,1045.2454545454545,652.2019696969697,4151.57159090909,132
24063,6,21.710,2,701.5947887323944,1239.8418309859155,1076.6040845070422,5181.00971830986,71
24064,6,21.710,3,537.4094827586207,1200.2922413793103,600.6891379310345,4504.978275862069,58
24065,6,21.710,4,710.8616666666667,1959.0859523809524,1940.7097619047618,7861.13380952381,42
24066,6,21.710,5,664.5083999999999,1442.4188000000001,910.51,5419.213199999999,50
24085,6,21.840,1,1151.0977272727273,1510.959090909091,936.1077272727272,8423.930454545454,22
24086,6,21.840,2,1289.7176470588236,1462.1200000000001,1252.8976470588234,7951.825882352941,34
24087,6,21.840,3,1100.8434782608697,1437.1178260869565,1016.2071739130434,7138.711956521739,46
24088,6,21.840,4,1096.911081081081,1677.7908108108109,1272.4027027027028,7675.717297297297,37
24089,6,21.840,5,1196.8884444444445,1740.622,1327.1317777777779,8203.575555555555,45
24141,6,22.2x0,2,1314.2097058823529,1747.3411764705882,948.5961764705883,10883.225882352941,34
24142,6,22.2x0,3,1169.2444444444445,1480.7686666666666,1019.6215555555556,9928.851777777778,45
24143,6,22.2x0,4,1246.2048717948717,1721.8328205128205,1045.8123076923077,10793.059230769231,78
24144,6,22.2x0,5,1050.7058558558558,1728.5736036036037,1012.6200900900901,9959.097387387388,111
24145,6,22.2x0,6,1195.6976923076923,1695.3790384615386,1025.2321153846153,9774.678076923077,52
24179,6,22.520,5,1070.5028571428572,1949.0785714285714,867.2457142857143,10063.277619047618,21
24184,6,22.530,1,1852.8710638297873,1551.8972340425532,1311.3855319148936,11253.551702127661,47
24185,6,22.530,2,1643.7617391304348,1513.9194927536232,1241.740579710145,10776.987826086957,138
24186,6,22.530,3,1888.8352112676057,1727.6910328638498,1329.3934741784037,11787.421549295776,213
24187,6,22.530,4,1826.9076538461538,1747.3859615384615,1326.138576923077,11547.366807692308,260
24188,6,22.530,5,1664.69911308204,1835.2582926829268,1289.8854988913524,11343.099290465632,451
24189,6,22.530,6,1491.816238938053,1977.4393805309735,1316.3780088495575,11624.793849557524,226
24190,6,22.530,8,1582.0761616161617,2194.5556565656566,1379.0233333333333,11783.66101010101,99
24197,6,22.600,5,1917.0186486486487,1718.2864864864864,1309.8375675675675,10413.676756756757,37
24203,6,22.620,2,1427.4554545454546,1623.9636363636362,990.6513636363637,11705.779545454545,22
24204,6,22.620,3,1588.755652173913,1711.8652173913044,1028.64,10345.946956521739,23
24205,6,22.620,4,1502.00375,2062.809375,990.7843750000001,11337.095,32
24206,6,22.620,5,1658.3814285714286,2161.1608928571427,1220.2728571428572,12331.919642857143,56
24207,6,22.620,6,1175.0396551724139,2315.5841379310345,1072.9706896551725,10653.198275862069,29
24243,6,23.190,5,268.63666666666666,2444.186666666667,1062.05625,7538.045000000001,24
24244,6,23.190,6,288.13916666666665,2406.8370833333333,1005.2854166666666,6182.01875,24
24245,6,23.190,8,332.3530769230769,2794.3561538461536,1225.4180769230768,7693.3542307692305,26
24319,6,25.1x0,4,2687.507419354839,2588.02,1571.1335483870967,12084.663225806451,31
24320,6,25.1x0,5,1110.4319117647058,1936.9594117647057,986.5169117647058,7206.167205882353,68
24321,6,25.1x0,6,3143.1034375000004,2752.870625,1512.249375,12324.97875,32
24339,6,25.910,0,354.97322580645164,753.0425806451613,247.39096774193547,3320.926774193548,31
24367,6,26.290,2,1121.1652173913044,2271.336956521739,925.9417391304348,8677.570869565217,23
24368,6,26.290,3,1851.161176470588,2857.2317647058826,1003.5420588235294,11084.733529411766,34
24369,6,26.290,4,1769.3702380952382,3020.3083333333334,1507.0238095238096,13115.31404761905,42
24370,6,26.290,5,2333.2046153846154,2755.996153846154,1278.6626153846155,12107.968,65
24371,6,26.290,6,1803.4705405405407,2828.2064864864865,1133.5324324324324,10874.351621621621,37
24372,6,26.290,8,2658.674761904762,3121.42619047619,1273.1571428571428,13233.634761904763,21
24377,6,26.310,3,2066.1021875,2358.20375,1091.08,10142.2640625,32
24378,6,26.310,4,3124.69875,3297.2784375,1531.2415625,13602.3065625,32
24379,6,26.310,5,2722.934210526316,2576.645394736842,1348.1701315789473,11872.08144736842,76
24380,6,26.310,6,2571.8997142857143,3050.597142857143,1241.8045714285715,12075.856,35
24381,6,26.310,8,2724.8615151515155,3046.4372727272726,1236.5751515151517,12230.551212121212,33
24386,6,26.320,3,1832.0361290322583,2876.534193548387,1356.0896774193548,11591.38129032258,31
24387,6,26.320,4,1563.4722727272726,2389.712727272727,1354.8136363636365,9435.23181818182,22
24388,6,26.320,5,1957.3330555555558,3054.616388888889,1320.9169444444444,11336.362777777778,36
24400,6,27.0x0,5,1170.3119565217391,4648.0941304347825,3469.335869565217,16180.374565217391,46
24401,6,27.0x0,6,971.1366666666668,4354.646,3310.2616666666668,15023.599666666667,30
24419,6,27.230,4,178.06285714285715,5259.875357142858,1293.6764285714287,8529.139642857142,28
24420,6,27.230,5,175.74,6478.547045454546,1635.7870454545455,10095.597045454546,44
24421,6,27.230,6,248.81045454545458,5825.963636363636,1465.2686363636365,9397.374090909092,22
24452,6,27.430,5,595.6175999999999,1783.0167999999999,852.1064,5757.4980000000005,25
24460,6,27.490,4,4025.5851282051285,3110.164358974359,1592.7453846153846,18840.781794871793,39
24461,6,27.490,5,7538.670392156862,4018.3023529411767,2265.232941176471,26986.499607843136,51
24462,6,27.490,6,7756.363015873016,5379.287777777778,2352.839365079365,33342.746984126985,63
24463,6,27.490,8,10030.475263157894,4909.688421052631,2645.3947368421054,35199.31078947368,38
24483,6,27.540,9,900.76,887.751,537.346,15614.237,30
24495,6,27.620,0,701.0923255813954,887.443488372093,488.4972093023256,11020.986511627907,43
24505,6,27.690,0,1109.4051333333332,2513.853533333333,687.9794,9388.861466666667,150
24507,6,27.690,2,1910.7779166666667,2246.88125,1521.8091666666667,11003.072083333333,24
24508,6,27.690,3,2132.919069767442,2422.247441860465,1561.9411627906977,12516.312325581397,43
24509,6,27.690,4,2295.988108108108,2508.2572972972976,2237.250810810811,12378.497297297297,37
24510,6,27.690,5,2342.157619047619,2052.4090476190477,1558.6395238095238,10878.39619047619,21
24532,6,27.990,3,2329.785416666667,1629.3333333333333,973.4399999999999,8397.53125,24
24533,6,27.990,4,3018.9341379310345,3315.5931034482755,1745.9768965517242,12833.60448275862,29
24534,6,27.990,5,460.36631578947373,1833.2328947368424,606.0515789473684,5389.053421052631,38
24535,6,27.990,6,546.8904166666667,2682.9158333333335,889.4370833333334,7789.282916666667,24
24536,6,27.990,8,2207.2038461538464,3258.7007692307693,1629.14358974359,12100.406153846154,39
24540,6,28.0x0,2,162.81666666666666,1053.351851851852,742.0718518518518,2987.84962962963,27
24541,6,28.0x0,3,99.95744186046512,1243.4983720930234,696.959534883721,3071.6744186046512,43
24542,6,28.0x0,4,213.82805555555558,1636.5333333333333,922.4563888888889,4000.4849999999997,36
24543,6,28.0x0,5,336.48897435897436,1603.1307692307691,764.3728205128206,4026.193846153846,39
24550,6,28.2x0,0,2103.864457831325,1498.6426506024095,986.1261445783133,8278.590722891566,83
24551,6,28.2x0,1,1902.5186046511628,1508.3679069767443,1246.3406976744186,8042.227441860465,43
24552,6,28.2x0,2,2218.656434782609,1532.4244347826086,1191.039652173913,8228.48695652174,115
24553,6,28.2x0,3,1969.9549152542372,1654.9647457627118,1158.638220338983,8351.712372881357,118
24554,6,28.2x0,4,2399.872142857143,2121.766964285714,1397.9585714285713,9673.376071428573,56
24555,6,28.2x0,5,2551.5398507462687,2479.5183582089553,1697.6826865671642,12134.478208955225,67
24558,6,28.3x0,0,2210.8671848739496,1596.6859663865546,775.9949789915966,8671.8256302521,476
24559,6,28.3x0,1,2522.377,1864.3876666666667,971.5503333333334,10078.274,30
24568,6,28.6x0,0,1795.396247582205,1524.0288201160542,654.8563829787234,7136.526692456479,517
24569,6,28.6x0,1,1805.7697058823528,1400.0364705882353,923.5123529411765,7248.903823529412,34
24577,6,28.920,5,1219.5309523809524,1756.78,721.5166666666667,6604.552857142857,21
24584,6,29.110,0,144.37785714285715,1498.8826530612246,630.4461224489796,3644.435816326531,98
24585,6,29.110,1,89.01791666666666,1518.885625,790.3236458333334,3488.2727083333334,96
24586,6,29.110,2,81.72263736263737,1612.8999999999999,800.453956043956,3532.6031868131868,91
24587,6,29.110,3,84.07387755102042,1915.1197278911563,919.3927891156462,3930.3022448979596,147
24588,6,29.110,4,99.74131386861313,2410.3535766423356,947.3214598540146,4536.742846715329,137
24589,6,29.110,5,163.50610778443115,2868.9381736526943,1241.733473053892,5841.705568862275,334
24590,6,29.110,6,129.8139344262295,2989.671256830601,1169.7124043715846,5761.7724590163925,183
24591,6,29.110,8,162.8308496732026,3524.3129411764708,1483.5354901960784,7169.877189542483,153
24592,6,29.110,9,172.6618,4265.1308,1895.539,9023.8912,50
24596,6,29.120,4,492.0269565217392,4479.741304347826,944.7995652173913,7552.881739130435,23
24597,6,29.120,5,720.9944230769231,5346.056346153846,1536.0909615384614,9335.263653846154,52
24598,6,29.120,6,633.8065517241379,5332.103793103449,1324.5962068965518,10322.003103448276,29
24619,6,29.390,2,966.7043636363636,1588.3685454545455,780.1981818181819,6012.908545454545,55
24620,6,29.390,3,1115.0517073170731,1533.2969512195123,619.0659756097562,6126.537439024391,82
24621,6,29.390,4,964.2223529411765,1572.4471568627453,686.6066666666667,6424.04362745098,102
24622,6,29.390,5,1184.6424852071007,2106.770828402367,1070.3298816568047,7683.297396449704,169
24623,6,29.390,6,2212.6159701492534,3587.81776119403,1982.9453731343283,14098.689402985076,67
24624,6,29.390,8,1637.5175,3010.332142857143,1197.7117857142857,10493.202142857142,28
24634,6,30.090,2,742.8479746835443,1406.7507594936708,782.3206329113924,6802.197088607594,79
24635,6,30.090,3,633.4622402597403,1428.9790584415584,778.6934090909091,6389.833636363636,308
24636,6,30.090,4,685.959328358209,1468.1836007462687,814.3411380597014,6514.890223880598,536
24637,6,30.090,5,775.4963011889035,1608.605535006605,859.9317701453105,6899.922245706736,757
24638,6,30.090,6,835.2308835341365,1958.6789156626505,893.7918473895583,7496.758232931727,249
24639,6,30.090,8,859.9832989690722,2114.0044329896905,911.9557731958763,8057.2624742268035,97
24644,6,30.091,4,806.9859375,1657.88625,918.3165625,7218.274375,32
24645,6,30.091,5,1065.1734782608696,2058.6702898550725,1125.6927536231885,8260.731739130435,69
24646,6,30.091,6,1066.662162162162,2193.3510810810812,1136.4378378378378,8413.887837837838,37
24658,6,30.290,5,2895.9417857142857,4912.415357142857,2815.2078571428574,22723.69785714286,28
24682,6,31.1x0,5,2993.0521428571424,19231.92214285714,16763.944642857143,63321.36607142857,28
24683,6,31.1x0,6,3275.66,13995.955862068964,18673.753448275864,55769.73551724138,29
24684,6,31.1x0,8,3053.950344827586,17132.528620689656,15801.40551724138,62325.62517241379,29
24695,6,31.420,0,115.91577777777778,1261.7377777777776,501.1291111111111,3237.684,45
24696,6,31.420,1,92.63241379310345,1349.4954022988506,690.3841379310345,3181.8694252873565,87
24697,6,31.420,2,104.17562913907285,1562.8423841059603,829.0032450331126,3577.899072847682,151
24698,6,31.420,3,98.86614457831324,1702.7923493975904,952.5826506024097,4071.593253012048,166
24699,6,31.420,4,91.20067567567567,2132.4364864864865,1060.7041441441443,4878.002927927928,222
24700,6,31.420,5,110.21107734806631,2507.9098066298343,1093.0622099447514,5303.124779005525,362
24701,6,31.420,6,157.43492822966508,2823.316028708134,1364.3744976076555,5976.653923444976,209
24702,6,31.420,8,164.98086734693877,3171.663163265306,1534.2385204081634,6837.768367346939,196
24703,6,31.420,9,184.8213043478261,3265.5875362318843,1678.9210144927536,7750.959710144927,69
24756,6,31.940,0,546.1849572649572,3662.290598290598,971.0839316239317,10276.497094017093,117
24763,6,31.940,8,164.4688461538462,5397.596153846154,1544.1788461538463,9904.882307692307,26
24778,6,32.010,5,1736.6686956521737,6558.495652173913,4885.960869565217,38965.706521739135,23
24783,6,32.200,1,12191.133189655173,2515.8264655172416,1695.5641379310346,24997.6025,116
24784,6,32.200,2,12954.448750000001,4077.4942708333333,2293.442395833333,30322.70708333333,96
24785,6,32.200,3,14061.774740259742,4831.202922077922,2386.3175324675326,35841.59811688312,154
24786,6,32.200,4,15289.903483870969,5423.117870967742,2337.8087096774193,35072.75177419355,310
24787,6,32.200,5,14654.465051724139,5979.548637931034,2607.4549827586206,35995.615620689656,580
24788,6,32.200,6,16199.125240641712,6993.18820855615,3075.1487433155085,39582.646203208555,374
24789,6,32.200,8,17055.104278350515,7873.4293814432995,3311.716237113402,40607.126907216494,194
24790,6,32.200,9,7275.211025641025,4548.984358974359,3274.9,33971.20641025641,39
24800,6,32.240,5,9643.660975609755,4957.997073170732,977.3924390243903,19647.433414634146,41
24801,6,32.240,6,8401.314864864866,5251.243243243243,1494.474054054054,22921.673783783786,37
24802,6,32.240,8,8294.825135135135,5305.623243243243,2390.993783783784,25721.463513513514,37
24824,6,32.300,2,19229.212682926827,5500.271463414634,2949.6143902439026,39484.854634146344,41
24825,6,32.300,3,20982.143402061854,5695.167525773196,2930.292164948454,42740.10453608248,97
24826,6,32.300,4,20358.498078602617,6460.826812227075,2708.3828820960703,43564.9196069869,229
24827,6,32.300,5,19937.37973831776,6839.828728971963,2813.250504672897,44186.4088411215,535
24828,6,32.300,6,20299.98105263158,7746.720098684211,3513.6224013157894,45924.47638157895,304
24829,6,32.300,8,21374.58274074074,8416.169111111112,3507.5905185185184,45966.631185185186,135
24839,6,32.410,3,22966.23258064516,6413.312258064516,2938.170967741936,46216.157419354844,31
24840,6,32.410,4,22403.085142857144,7855.472857142857,3395.2636428571427,47199.50578571428,140
24841,6,32.410,5,22102.328870431895,8296.419518272425,3348.054069767442,48077.79332225913,602
24842,6,32.410,6,23013.904799107142,8777.536696428571,3719.7005580357145,50269.63426339285,448
24843,6,32.410,8,24073.267149321266,10274.280090497738,4544.083800904978,54662.331538461534,221
24849,6,32.490,5,22750.443333333336,9534.517,5769.657333333334,55200.200666666664,30
24850,6,32.490,6,23851.788095238095,11010.93,6214.041428571429,57612.967619047624,21
24874,6,33.220,0,353.91764705882355,2931.928529411765,1363.920588235294,8177.343235294117,34
24875,6,33.220,1,274.83342857142856,4493.317142857143,1767.9045714285714,8432.48857142857,35
24876,6,33.220,2,280.73580645161286,4960.087096774194,1899.063870967742,9304.841290322582,31
24877,6,33.220,3,353.87071428571426,4279.435714285714,1635.3678571428572,8419.795,28
24878,6,33.220,4,342.93208333333337,5247.725625,4060.89,12662.936041666668,48
24879,6,33.220,5,365.6058865248227,4947.812340425532,2310.6692907801416,10334.183404255318,141
24880,6,33.220,6,402.10091836734694,5315.518163265307,2508.7585714285715,11500.254387755102,98
24881,6,33.220,8,955.8532183908045,5252.419310344827,3055.8201149425286,12878.485057471264,87
24883,6,33.230,0,461.67007874015746,2243.04937007874,786.1537007874016,7125.041023622047,127
24884,6,33.230,1,259.66,2600.9538235294117,1112.0035294117647,6400.188529411765,34
24885,6,33.230,2,224.75214285714284,3145.5964285714285,1649.1614285714284,7307.295357142857,28
24886,6,33.230,3,283.23757575757577,3399.706060606061,1371.27,7227.366666666667,33
24887,6,33.230,4,273.3735135135135,3500.7808108108106,1644.1645945945945,8206.796486486486,37
24888,6,33.230,5,363.49778761061947,4212.73203539823,2105.7365486725666,9227.323185840709,113
24889,6,33.230,6,439.95009803921573,4693.452156862745,2488.5533333333333,11069.565294117647,102
24890,6,33.230,8,404.9941964285714,4558.2943749999995,2648.2091964285714,11149.037142857142,112
24891,6,33.230,9,548.2273913043479,5507.492173913044,3513.4165217391305,14444.701739130436,23
24892,6,33.240,0,296.626804835924,2760.1928065630395,1317.0261139896372,8132.383143350604,1158
24893,6,33.240,1,254.1204519774011,3927.4864218455746,1556.727551789077,8257.838229755178,531
24894,6,33.240,2,296.0908823529412,4374.650422794118,1965.3196139705885,9058.186838235293,544
24895,6,33.240,3,252.36640891218875,4187.538217562254,1851.8554390563563,8821.805203145479,763
24896,6,33.240,4,378.1893293413174,4828.549748502994,2510.34645508982,10984.189892215569,835
24897,6,33.240,5,389.18514870794735,4836.143213066797,2493.3879473427596,11037.36385177962,2051
24898,6,33.240,6,476.1620269541779,5265.161584905661,2971.898706199461,12516.267153638813,1855
24899,6,33.240,8,444.79086678301337,5586.642798138453,3278.6058173356605,13572.043147178594,1719
24900,6,33.240,9,755.1323136645963,6846.173276397515,5005.732080745342,20067.669751552796,644
24904,6,33.260,3,997.2895833333333,5818.51125,1660.8445833333333,11902.72375,24
24905,6,33.260,4,1117.3766666666666,6179.90987654321,1671.303827160494,11153.083950617285,81
24906,6,33.260,5,1185.9193523316062,6652.283886010363,2028.6249222797926,12758.430647668394,386
24907,6,33.260,6,1219.8236653386455,6953.761235059761,2006.2507569721115,13090.572868525896,502
24908,6,33.260,8,1232.6737474541753,6570.606639511201,2052.638268839104,12769.184582484724,491
24909,6,33.260,9,1289.1587735849055,7509.675943396227,2793.000566037736,15206.277547169811,106
24911,6,33.270,2,254.4371875,4247.1715625,1493.54125,8183.778125,32
24912,6,33.270,3,408.72383561643835,3863.343561643836,1559.7439726027396,8374.438493150685,73
24913,6,33.270,4,872.5516363636365,6427.16,2471.1058181818184,13015.698363636364,55
24914,6,33.270,5,762.6312621359224,6461.998640776699,2566.02859223301,13141.969854368932,206
24915,6,33.270,6,698.7883829787233,6595.629531914893,2893.644170212766,13920.720638297873,235
24916,6,33.270,8,1005.4561413043477,7366.7366304347825,3007.0484782608696,15429.295978260869,184
24917,6,33.270,9,675.6414,6799.227800000001,3049.5412,14249.75,50
24980,6,34.040,1,581.2225675675676,3934.2817567567563,1630.6333783783782,8914.054324324325,74
24981,6,34.040,2,568.5085074626866,4191.887910447761,2046.9164179104478,9413.300895522389,67
24982,6,34.040,3,644.8473333333334,4826.845066666667,3334.593733333333,12916.1996,75
24983,6,34.040,4,818.4544525547445,5099.348832116789,3863.7295620437962,14049.021240875913,137
24984,6,34.040,5,799.3887826086957,4909.760869565217,2985.64747826087,12794.120840579712,345
24985,6,34.040,6,849.7862,5127.285555555555,3380.801711111111,13995.922977777778,450
24986,6,34.040,8,739.4014545454545,5258.809509090909,3238.6974727272727,14050.6564,550
24987,6,34.040,9,772.4076884422111,6255.983316582914,3638.6207286432164,16367.172110552763,398
25009,6,34.200,5,1334.6178571428572,7202.162142857143,1997.3610714285714,15264.033928571429,28
25010,6,34.200,6,1168.8736363636365,7870.60590909091,2189.0440909090908,16540.879545454543,22
25011,6,34.200,8,852.9260606060607,8545.120606060605,2948.387272727273,17720.92818181818,33
25046,6,34.3x0,3,4706.225384615384,4727.418846153846,2292.6326923076927,21618.48,26
25047,6,34.3x0,4,5032.830000000001,4922.8609090909085,2151.9190909090908,22260.387454545456,55
25048,6,34.3x0,5,6058.597619047619,5181.519904761904,2497.6998095238096,25813.852476190474,105
25049,6,34.3x0,6,7107.304444444445,6044.951333333333,2708.3302222222223,30289.604444444445,45
25056,6,34.4x0,4,1998.4166666666667,3022.0645833333333,1333.5775,11636.569583333332,24
25057,6,34.4x0,5,2330.6948780487805,3975.5719512195124,2603.571951219512,14760.724146341461,41
25093,6,34.910,1,455.5857142857143,5022.458571428571,1956.4932142857142,9730.278571428571,28
25094,6,34.910,2,479.0721951219512,5025.507804878049,2618.907804878049,11328.291951219511,41
25095,6,34.910,3,797.9214583333334,4811.315208333333,2319.0902083333335,11551.796041666666,48
25096,6,34.910,4,679.428829787234,4845.819468085107,3568.222659574468,13091.365638297873,94
25097,6,34.910,5,905.9911111111111,5471.869094650206,4219.71695473251,15592.919794238682,243
25098,6,34.910,6,761.08046875,5013.88434375,3232.466875,12774.536,320
25099,6,34.910,8,761.3394312796208,5369.651161137441,3239.671232227488,13777.621516587678,422
25100,6,34.910,9,783.7390969899665,6214.528963210702,3612.8975919732447,15951.460033444815,299
25108,6,35.050,6,135170.58128205128,14697.104358974359,3947.6792307692303,232002.63179487182,39
25109,6,35.050,8,116357.08057971013,14217.919420289856,4299.398260869565,200044.76275362316,69
25144,6,35.220,5,54113.533124999994,23380.584375000002,20252.776875,145289.26958333334,48
25149,6,35.230,6,65945.12571428572,20699.273214285717,13727.423214285716,168488.875,28
25155,6,35.240,5,42664.98861538461,16649.541692307692,12645.72446153846,116327.64646153846,65
25186,6,35.520,0,19610.92243243243,3983.5702702702706,576.112972972973,35403.85081081081,37
25187,6,35.520,1,20425.7945,3339.3550000000005,545.19625,33327.696,40
25188,6,35.520,2,17775.317333333332,3546.032444444444,427.99355555555553,30283.08977777778,45
25189,6,35.520,3,16679.416029411765,3743.6889705882354,478.6583823529412,30055.89838235294,68
25190,6,35.520,4,21095.867708333335,3677.7064583333336,734.88375,33597.668020833335,96
25191,6,35.520,5,21537.811724137933,6693.694413793104,4254.298482758621,45248.42593103448,145
25192,6,35.520,6,20818.730487804878,4362.6641463414635,852.870243902439,34161.056341463416,41
25201,6,35.550,0,26412.596250000002,4293.358333333334,551.6983333333334,46239.37375,24
25252,6,36.060,3,11269.212727272727,4199.773181818182,2090.348636363636,28355.090909090908,22
25253,6,36.060,4,10015.298636363637,3407.420113636363,1694.4934090909092,23833.409772727275,88
25254,6,36.060,5,11698.478297213624,4024.278142414861,2011.233746130031,27159.0513003096,323
25255,6,36.060,6,12420.369374999998,4459.115516304348,2123.803913043478,28974.73336956522,368
25256,6,36.060,8,12393.820051282051,4879.386538461538,2456.2985897435897,29799.18141025641,390
25257,6,36.060,9,12822.878106060605,5250.589696969697,3101.636515151515,31352.880303030306,132
25259,6,36.070,3,9344.277222222221,4224.484722222222,2634.453472222222,27738.116111111114,72
25260,6,36.070,4,10858.11993006993,4208.253426573427,2440.1691258741257,28305.566188811186,286
25261,6,36.070,5,11310.395477064221,4091.55647706422,2098.3477247706423,29068.668972477062,1090
25262,6,36.070,6,11780.62272888889,4145.289715555556,2059.8114133333333,29088.46663111111,1125
25263,6,36.070,8,12653.718509119746,4659.938279143536,2444.2433068992864,31650.863592386995,1261
25264,6,36.070,9,11804.911563981042,5221.7300000000005,2830.2750236966826,31313.315924170616,422
25296,6,37.0x0,4,882.297142857143,7638.017142857142,2513.8342857142857,14600.322380952382,21
25297,6,37.0x0,5,1126.9428205128204,8128.34,4396.179743589744,18197.566666666666,39
25298,6,37.0x0,6,865.2983333333334,6274.681,2844.7423333333336,14413.703333333333,30
25299,6,37.0x0,8,760.3070588235294,7462.39794117647,2835.1091176470586,14258.910294117648,34
25300,6,37.0x0,9,1252.2461904761903,9848.314285714287,5612.988095238095,26110.716190476192,21
25321,6,37.220,5,1132.1693548387098,2397.8025806451615,1556.0987096774195,9424.205806451613,31
25323,6,37.220,8,2189.3121621621617,4016.1567567567563,3192.225405405405,15228.265945945945,37
25340,6,37.260,5,7300.633913043478,2807.514347826087,418.0321739130435,12996.78304347826,23
25357,6,37.330,5,33782.191249999996,9358.581250000001,4993.730416666666,67922.89708333333,24
25358,6,37.330,6,44096.62434782609,7019.409565217392,2831.320434782609,65578.51173913044,23
25362,6,37.340,1,31380.480540540542,3630.623243243243,271.2935135135135,45587.39972972973,37
25363,6,37.340,2,25486.299879518076,2307.5983132530123,224.9879518072289,39761.592048192775,83
25364,6,37.340,3,27641.33703125,2971.5759375000002,426.322890625,42957.296875,128
25365,6,37.340,4,32844.65174358974,3485.5520512820513,598.0454871794872,49915.07466666667,195
25366,6,37.340,5,37782.62763392857,3801.910446428571,823.8431026785714,56307.86832589286,448
25367,6,37.340,6,48354.29769014085,4457.390845070423,1413.231971830986,71037.26332394367,355
25368,6,37.340,8,52959.39872586873,5027.898185328186,1484.9888416988417,76388.18857142857,259
25369,6,37.340,9,52780.335,5493.424038461539,1861.4175,81260.47326923077,52
25402,6,37.780,8,4376.716363636363,5368.335,2453.600909090909,17088.820909090908,22
25416,6,37.810,8,29545.713437500002,4131.1634375,1976.95,41209.59625,32
25417,6,37.810,9,42973.261379310345,5496.46724137931,2466.9268965517244,71433.91586206897,29
25424,6,37.820,9,59527.7875,7248.221666666667,3638.5262499999994,127123.51250000001,24
25428,6,37.830,5,38468.90053333333,4373.964266666667,1360.0176,57663.70613333333,75
25429,6,37.830,6,37883.03640522876,4422.436535947712,1403.19,55960.26209150327,153
25430,6,37.830,8,37312.535104895105,4331.42548951049,1296.342062937063,52670.46835664335,286
25431,6,37.830,9,38053.4428,4758.516066666667,1555.4647333333332,55105.5898,150
25443,6,37.870,8,26065.820588235296,2633.5780392156867,613.3272549019607,37391.30450980392,51
25444,6,37.870,9,26383.996521739133,3007.7091304347823,828.885,38403.21695652174,46
25451,6,37.900,6,88203.81583333334,9170.912083333333,3326.509583333334,126051.90291666666,24
25452,6,37.900,8,93919.6721875,8678.29625,3059.6103125,125849.2090625,32
25538,6,38.450,4,97299.0880952381,27239.42714285714,35398.089523809525,267811.21952380956,21
25539,6,38.450,5,81627.43984848485,26545.55090909091,27564.06106060606,208989.5456060606,66
25540,6,38.450,6,79525.56653846154,28326.65846153846,22736.68115384615,211137.80230769233,26
25551,6,38.590,3,3753.3525757575762,1773.9098484848485,1231.8730303030302,12957.108787878788,66
25552,6,38.590,4,3418.441611111111,1796.4435555555558,1284.0671666666667,12761.636111111111,180
25553,6,38.590,5,2552.901430594901,2025.3417705382437,1320.7293767705382,12244.679886685552,706
25554,6,38.590,6,2460.9861111111113,2229.5627777777777,1397.3253148148149,12201.716222222221,540
25555,6,38.590,8,2521.310950819672,2370.353737704918,1428.8643606557378,12701.560459016393,305
25556,6,38.590,9,2455.238076923077,2352.6876923076925,1292.0765384615383,12417.301153846154,26
25594,6,38.690,5,10222.488717948718,903.7435897435897,1806.9151282051282,19815.047948717947,39
25595,6,38.690,6,8726.623125,1216.34375,1746.1399999999999,18948.663125,32
25602,6,38.7x0,5,25040.62770491803,6651.241967213115,5419.022131147541,49364.225409836065,61
25603,6,38.7x0,6,26286.126800000002,9221.5444,7838.6162,59677.492999999995,50
25604,6,38.7x0,8,24483.67325,7100.018375,6767.392125,54156.745125,80
25605,6,38.7x0,9,20628.560425531916,7917.635957446809,5761.273617021277,48081.80744680852,47
25631,6,38.910,5,4101.486818181817,5576.186363636364,4984.6559090909095,22689.541818181817,22
25634,6,38.910,9,1539.6248,18131.66,9800.838,49474.783200000005,25
25636,6,38.930,0,3439.6899999999996,8910.062173913044,8075.717391304348,28730.32913043478,23
25637,6,38.930,1,3361.1940740740743,5322.502222222222,7482.6551851851855,21993.988888888885,27
25638,6,38.930,2,2145.1826923076924,6795.945961538461,6169.250576923077,21067.726153846153,52
25639,6,38.930,3,1885.3817525773195,6246.891134020618,6330.602577319587,20866.313505154638,97
25640,6,38.930,4,1444.1287570621469,4751.984802259886,4454.502768361582,15891.10293785311,177
25641,6,38.930,5,1839.4037115384615,5782.542711538462,5745.484538461538,19801.061096153844,520
25642,6,38.930,6,1258.0381532416504,5529.768939096268,5779.411218074656,17680.569115913557,509
25643,6,38.930,8,1441.556129597198,7171.274063047285,6396.420262697023,22001.586742556916,571
25644,6,38.930,9,1577.6423980815348,9168.738393285372,7596.7153237410075,28529.248225419662,417
25648,6,38.950,3,3909.5346875,4973.5378125,2627.1653125,18807.6171875,32
25649,6,38.950,4,2870.560727272727,5433.534,3431.1047272727274,19655.04690909091,55
25650,6,38.950,5,3174.320763888889,4856.022013888889,2730.230972222222,18400.126111111113,144
25651,6,38.950,6,2932.6643835616437,5475.70602739726,3355.522876712329,20399.688219178082,146
25652,6,38.950,8,3666.9410695187166,5609.119518716578,3651.9810695187166,22747.511604278076,187
25653,6,38.950,9,3766.8080246913582,6617.783703703703,4765.7418518518525,25022.0812345679,81
25657,6,38.970,3,966.6657142857142,5158.35619047619,5263.583333333333,14929.528571428571,21
25658,6,38.970,4,1215.903125,3957.0375,5654.75,15278.1346875,32
25659,6,38.970,5,1486.722448979592,6065.006734693878,6210.797653061225,19774.789387755103,98
25660,6,38.970,6,1432.7315584415585,5643.565584415584,5291.146233766234,16424.10103896104,77
25661,6,38.970,8,1381.3119318181818,6282.211704545454,4856.376363636364,18306.997159090908,88
25662,6,38.970,9,1603.523829787234,9508.298723404256,6912.8482978723405,29136.739787234044,47
25667,6,38.980,4,800.6113636363636,6258.451818181818,5339.644090909091,19267.901363636363,22
25668,6,38.980,5,846.6137777777778,6155.044444444445,5475.66,17709.99511111111,45
25669,6,38.980,6,359.76910714285714,4822.020178571429,3742.252857142857,12332.696607142858,56
25670,6,38.980,8,759.9848571428572,5925.293857142858,4351.887857142858,15244.282714285715,70
25671,6,38.980,9,389.05335849056604,3512.6098490566037,1254.6420754716983,9779.581358490566,265
25672,6,38.990,0,161.00213417855255,997.9909033280508,693.1618383518226,3164.0953935552034,1893
25673,6,38.990,1,180.0337951807229,1495.062048192771,831.5270481927711,3756.3783132530125,166
25675,6,38.990,3,280.1667857142857,2209.8375,1446.570714285714,5805.846428571429,28
25676,6,38.990,4,393.6293548387097,4311.98064516129,1975.1706451612904,10035.082903225806,31
25677,6,38.990,5,338.2691176470588,4310.9622058823525,2376.6276470588236,9569.942205882353,68
25678,6,38.990,6,564.064375,4781.9296875,2844.17359375,11573.224375,64
25679,6,38.990,8,441.5446153846153,5030.547435897436,2633.0833333333335,11179.653717948719,78
25680,6,38.990,9,314.09054794520546,2392.0310176125245,1219.3309393346378,7369.931115459882,511
25688,6,39.1x1,4,51239.399523809516,7339.620952380953,8197.724761904761,101108.23904761905,21
25689,6,39.1x1,5,50293.79111111111,6390.381666666666,7189.850833333334,88348.96555555555,36
25699,6,39.270,2,1374.6345714285715,3878.4108571428574,2701.7954285714286,14726.020857142857,35
25700,6,39.270,3,1431.3822352941177,3785.8396470588236,2550.5714117647058,14561.920941176471,85
25701,6,39.270,4,1320.5530303030303,4585.779696969697,2456.0180606060603,13873.259393939394,165
25702,6,39.270,5,1401.138679775281,4390.702162921349,2657.507359550562,14553.661320224719,356
25703,6,39.270,6,1348.3703827751194,4162.907607655502,2581.5185167464115,13686.780813397128,209
25704,6,39.270,8,1833.3418390804597,4752.767183908046,2659.3739655172412,15213.716954022988,174
25705,6,39.270,9,1886.038275862069,4566.820689655172,3029.587931034483,18035.251724137932,29
25718,6,39.310,0,4464.029230769231,1203.7269230769232,1466.1865384615385,17167.722307692307,26
25720,6,39.310,2,6372.774137931035,1843.8495402298852,5989.696321839081,29795.220919540232,87
25721,6,39.310,3,4537.271415929204,1611.5578761061947,4894.211946902655,23313.627876106195,113
25722,6,39.310,4,6894.612384615384,2148.7335384615385,5959.915923076923,28852.865230769232,130
25723,6,39.310,5,5592.862796208531,2038.2128909952605,5905.8336966824645,28074.965260663506,211
25724,6,39.310,6,6722.028936170213,2871.165106382979,5911.284468085107,33764.13,47
25731,6,39.311,5,6776.787619047618,3014.0466666666666,6409.387619047619,33426.78047619048,21
25757,6,39.490,4,7224.3828125,2330.0921875,1154.8603125,16898.575,32
25758,6,39.490,5,8116.988101265823,2417.771392405063,1020.7084810126582,17748.440379746837,79
25759,6,39.490,6,8139.832926829267,2072.5068292682927,679.7848780487805,15778.51024390244,41
25760,6,39.490,8,8556.4022,2479.548,942.5578,17155.656,50
25761,6,39.490,9,8501.4724,2541.868,1210.8512,17981.1584,25
25764,6,39.500,3,7766.407636363636,1883.3763636363635,978.0347272727273,18564.504727272728,55
25765,6,39.500,4,9655.425503875967,2363.401240310078,1540.6273643410852,21706.28945736434,129
25766,6,39.500,5,8496.667716262977,2502.665294117647,1241.474186851211,20560.244948096886,289
25767,6,39.500,6,12350.578241206029,2923.9542211055277,1919.91783919598,26261.841507537687,199
25768,6,39.500,8,17252.643127572017,4013.1320576131684,2438.0881481481483,33695.34975308642,243
25769,6,39.500,9,29075.19714285714,5170.605306122449,4728.012857142858,49543.443469387756,49
25778,6,39.510,4,26667.59,10868.325675675675,13540.222432432432,88734.84108108109,37
25779,6,39.510,5,28001.8777,13507.6515,15620.9574,93937.2417,100
25780,6,39.510,6,26875.075324675327,14410.195584415585,15897.732597402597,91132.4596103896,77
25781,6,39.510,8,29034.9575,13700.28638888889,13536.286944444444,84454.15722222223,36
25813,6,39.710,6,93384.45705882354,7210.274411764706,2810.9064705882356,162471.8544117647,34
25814,6,39.710,8,134334.01,10035.30388888889,4358.2877777777785,206821.0275,36
25820,6,39.720,4,100197.794375,7283.222708333334,8991.415625,170403.28270833334,48
25821,6,39.720,5,89227.9390909091,5711.862954545455,5457.150833333333,140615.5877272727,132
25822,6,39.720,6,103055.93872340425,7717.698510638298,6188.423829787233,150279.90223404256,94
25823,6,39.720,8,99800.21855072463,8719.984782608695,8443.16043478261,149290.9279710145,69
25835,6,39.730,4,75037.77857142857,12342.288571428571,7333.771904761905,155551.72666666665,21
25836,6,39.730,5,83874.47163265306,9387.90693877551,5225.139591836734,152046.37346938776,49
25837,6,39.730,6,69063.77720930232,9725.464186046513,5202.819534883721,139485.17674418603,43
25838,6,39.730,8,74724.20666666667,10830.539696969698,5989.113939393939,134145.85272727272,33
25843,6,39.740,4,63734.73259259259,9662.824814814816,10038.485185185184,103577.50777777778,27
25844,6,39.740,5,60068.31318681319,10940.815824175825,10137.198571428571,105313.70439560439,91
25845,6,39.740,6,62855.8402,9765.4115,9605.9962,103575.55099999999,100
25846,6,39.740,8,65903.93810055866,9784.58810055866,9482.026033519553,104720.58770949721,179
25847,6,39.740,9,62267.23446428571,11203.19375,10484.544910714287,106155.62848214286,112
25850,6,39.750,4,78318.57763157896,5936.521315789473,7037.790526315789,121857.27631578948,38
25851,6,39.750,5,87688.91787234043,6217.642340425532,6696.756382978723,130087.04117021276,94
25852,6,39.750,6,92147.40586666667,6608.432666666667,6566.419066666666,138553.2124,75
25853,6,39.750,8,93772.78434782609,7984.317391304347,8110.233913043478,139497.72369565218,46
25864,6,39.790,0,18838.011627906977,4136.88511627907,920.9046511627907,36906.25465116279,43
25866,6,39.790,2,9366.345689655172,4911.970172413793,3219.8915517241376,30481.560172413792,58
25867,6,39.790,3,7263.991013513513,3874.4864864864867,4141.844797297297,28961.416351351352,148
25868,6,39.790,4,7829.1958,4098.083733333334,3811.9638333333332,26718.945333333333,300
25869,6,39.790,5,9050.794940282301,4418.7304668838215,3999.077111834962,28152.642801302933,921
25870,6,39.790,6,9058.55479015919,4601.159985528219,4075.627756874095,27714.943386396524,691
25871,6,39.790,8,10379.151920903954,5334.227683615819,4425.483370998117,31014.203653483994,531
25872,6,39.790,9,14857.157083333334,6508.587750000001,4145.244333333333,37977.181833333336,120
25889,6,39.900,5,39899.17636363637,4910.491818181818,3029.804,64902.408909090904,55
25890,6,39.900,6,47337.35855072464,5668.407391304348,3153.5024637681163,69395.11492753623,69
25891,6,39.900,8,44553.53768292683,6070.171341463414,4133.465975609756,69065.58353658536,82
25892,6,39.900,9,55904.630769230775,7325.28,4403.8953846153845,83732.03512820513,39
25902,6,39.920,0,519.26,1390.4285714285713,1168.0219047619048,8756.104761904762,21
25907,6,39.920,5,470.803947368421,1727.6513157894738,1753.2315789473685,7150.87052631579,38
25908,6,39.920,6,330.5761904761905,1833.561904761905,1390.8995238095238,6552.938571428571,21
25913,6,39.950,1,4321.795151515151,6666.353939393939,4600.614242424243,24402.242121212123,33
25914,6,39.950,2,2423.40523364486,3818.2615887850466,4070.8504672897197,24667.775046728973,107
25915,6,39.950,3,2879.190655737705,4372.9931967213115,6754.429508196721,35857.265040983606,244
25916,6,39.950,4,2728.7021442885775,4517.924468937876,5830.619799599198,31669.628857715434,499
25917,6,39.950,5,2262.457187230371,4473.251371872304,5411.668421052632,29334.285849870575,1159
25918,6,39.950,6,2628.9991470588234,4976.582284313725,5469.685921568627,29772.607352941177,1020
25919,6,39.950,8,2726.2539508506616,5557.677466918714,5625.703695652173,30743.479130434785,1058
25920,6,39.950,9,3288.845308924485,6626.476132723112,6479.089839816934,32686.666887871852,437
25922,6,39.960,1,4669.637727272727,4160.6163636363635,1018.7590909090909,13710.176363636363,22
25924,6,39.960,3,4777.054242424243,3340.760909090909,7541.498787878788,48301.49424242425,33
25925,6,39.960,4,3466.8486666666668,3654.826666666667,5059.731,29021.74366666667,30
25926,6,39.960,5,4214.84641025641,3696.5630769230766,7676.2734615384625,40425.42551282051,78
25927,6,39.960,6,2419.417419354839,3514.887741935484,3812.9809677419357,22642.231612903226,62
25928,6,39.960,8,1942.4448936170213,4096.751489361703,4047.5695744680847,22861.153617021275,47
25929,6,39.960,9,1417.8564285714288,2892.2685714285717,2957.7717857142857,14246.266428571427,28
25950,6,40.110,2,655.2747999999999,6194.755999999999,1381.61,10941.730800000001,25
25951,6,40.110,3,1312.8539024390245,5716.182195121951,1704.6943902439025,12291.320975609755,41
25952,6,40.110,4,1086.3622222222223,5587.493827160494,1387.9527160493826,10377.454691358023,81
25953,6,40.110,5,1358.22493902439,7103.585426829269,2161.3101219512196,13195.17018292683,164
25954,6,40.110,6,1176.2631125827816,7256.390397350993,2316.1819867549666,14161.399536423842,151
25955,6,40.110,8,1100.1845689655172,7559.287586206897,2298.9517241379313,13874.146465517242,116
25985,6,40.290,5,1060.1917142857142,3979.0034285714282,1212.74,10536.859714285714,35
25986,6,40.290,6,1546.339,5594.9186666666665,1919.9203333333332,14164.427666666666,30
26031,6,40.9x0,0,422.7062068965517,1608.2220689655173,935.1386206896552,7361.606206896551,29
26044,6,41.040,5,2269.6059090909093,13921.888181818182,31913.042272727274,120531.66772727272,22
26056,6,41.310,1,1100.39875,10796.1,8340.039166666667,28096.135,24
26057,6,41.310,2,758.2823529411764,10045.914117647058,4774.816764705882,19061.24294117647,34
26058,6,41.310,3,1263.731111111111,10465.74537037037,6949.563333333333,25307.957592592593,54
26059,6,41.310,4,586.7106666666666,7862.496666666666,3567.3342222222223,16374.027222222221,90
26060,6,41.310,5,685.9042408376964,8288.928638743457,3589.2985340314135,17405.021832460734,191
26061,6,41.310,6,651.5118396226416,8342.22570754717,3759.8505660377355,16952.12962264151,212
26062,6,41.310,8,649.5084020618557,8091.2421134020615,3420.1993814432994,16981.103041237115,194
26063,6,41.310,9,473.7968,8408.2536,4163.5688,18105.7882,50
26065,6,41.380,0,507.6279,4657.5504,3180.5482,11835.5556,100
26066,6,41.380,1,521.0669047619048,5194.137142857143,4893.111428571428,14822.146785714287,84
26067,6,41.380,2,617.3644262295082,4589.607213114754,5411.164262295082,16192.90393442623,61
26068,6,41.380,3,463.1181481481482,5424.777407407407,4858.505,14947.30287037037,108
26069,6,41.380,4,437.44195530726256,4736.988994413408,5545.47156424581,16554.091843575417,179
26070,6,41.380,5,467.27092592592595,5013.199375,3995.8378935185183,14083.00087962963,432
26071,6,41.380,6,411.23117647058825,5392.5208123249295,3758.623893557423,14201.454817927171,357
26072,6,41.380,8,405.0473821989529,5648.892408376963,3203.582094240838,14145.987931937172,382
26073,6,41.380,9,385.92380952380955,6099.423968253968,3377.1341269841273,14963.055158730158,126
26083,6,41.5x0,3,13235.269583333335,8738.145,7106.855833333334,44149.47708333333,24
26084,6,41.5x0,4,10640.152432432433,7095.481891891893,6390.0,39702.03351351351,37
26085,6,41.5x0,5,10564.56609375,9478.33421875,6976.78609375,43910.210781249996,64
26086,6,41.5x0,6,10791.68896551724,10133.624827586207,7390.261379310345,46140.418275862074,29
26103,6,42.230,5,177.6378125,2570.626875,924.3834375,5231.0709375,32
26105,6,42.230,8,231.3096,3173.7796000000003,1032.1648,6322.236800000001,25
26111,6,42.240,5,1010.16,4705.085357142858,1537.9850000000001,9424.568214285713,28
26112,6,42.240,6,412.4946511627907,4868.496511627907,1452.9044186046513,9549.67395348837,43
26113,6,42.240,8,367.9768888888889,4356.875555555555,1564.8855555555556,8206.175333333334,45
26122,6,42.330,2,1993.832380952381,3239.8942857142856,2205.110476190476,11687.530476190477,21
26123,6,42.330,3,2244.508947368421,2695.2150877192985,1806.6245614035088,10832.600701754385,57
26124,6,42.330,4,2770.300126582278,3245.767911392405,2767.5296835443037,13299.625949367088,158
26125,6,42.330,5,3316.7582933333338,3671.8108533333334,2504.6036,14685.88976,375
26126,6,42.330,6,4064.3881007751934,4266.4096124031,2966.388488372093,17093.703100775194,258
26127,6,42.330,8,3674.106644295302,4414.525436241611,2627.2,16988.787248322147,149
26140,6,42.410,5,25502.5444,10939.211599999999,11716.1814,73095.76980000001,100
26141,6,42.410,6,26465.867655172413,11640.579724137931,13431.558344827587,74709.93324137932,145
26142,6,42.410,8,26185.28162601626,11729.304715447155,13823.658536585366,76341.67243902439,123
26157,6,42.810,6,4298.9803999999995,3125.7208,1716.098,11773.1044,25
26158,6,42.810,8,5388.718717948718,3554.613846153846,3035.6384615384613,15729.821282051284,39
26177,6,42.920,5,1424.0023076923076,1799.7038461538464,840.0507692307692,5701.091923076923,26
26178,6,42.920,6,1144.6279166666666,2373.2152083333335,1647.8977083333332,8366.22625,48
26179,6,42.920,8,1285.9025925925928,1967.125185185185,1097.1807407407407,6633.917962962963,54
26200,6,43.410,2,744.8933333333333,1703.3661333333334,789.7507999999999,5476.4545333333335,75
26201,6,43.410,3,1038.0274132492113,1886.492902208202,768.3282018927445,6199.733406940063,317
26202,6,43.410,4,1167.788885976409,2184.115792922674,947.4938663171691,7185.45625163827,763
26203,6,43.410,5,1315.3460245901638,2530.1457611241217,1057.5035772833724,7816.12162763466,1708
26204,6,43.410,6,1353.8762916188289,2908.0423880597014,1254.4927554535016,8774.738392652123,871
26205,6,43.410,8,1452.2526003824091,3218.9153537284897,1285.8043212237094,9459.362925430209,523
26206,6,43.410,9,1018.8961666666668,3272.398833333333,1916.6280000000002,9912.383833333333,60
26216,6,43.420,6,13993.343333333332,6595.741904761904,3974.89619047619,34121.19142857143,21
26222,6,43.5x0,5,18935.79739130435,12618.411304347825,9763.714782608697,61408.483043478256,23
26223,6,43.5x0,6,19213.167142857143,10577.170952380951,8214.377142857144,57940.60523809524,21
26233,6,43.7x0,4,24462.275185185183,10125.13111111111,7994.045185185185,62786.194814814815,27
26234,6,43.7x0,5,23476.288163265308,10450.180714285714,8956.842959183674,62037.93765306122,98
26235,6,43.7x0,6,24875.10794871795,12007.237435897436,9420.492905982905,66875.04444444444,117
26236,6,43.7x0,8,24768.067671232875,12867.366575342467,11459.191232876712,69598.63575342466,73
26241,6,43.820,2,21645.080317460317,6867.615238095238,3120.9609523809527,44613.10555555556,63
26242,6,43.820,3,22553.879275362317,7057.345797101449,3914.8800000000006,46854.95492753624,69
26243,6,43.820,4,20354.977727272726,6655.84,3658.440909090909,43485.91136363637,22
26244,6,43.820,5,17838.972,7199.661714285714,5439.534857142858,44637.125714285714,35
26245,6,43.820,6,17458.784583333334,7152.722916666667,4020.6708333333336,40032.3075,24
26258,6,43.990,5,22899.789574468086,11638.35085106383,9301.08319148936,68095.29319148937,47
26259,6,43.990,6,21772.26895522388,12176.31686567164,10813.27776119403,66749.03611940298,67
26260,6,43.990,8,21932.015254237285,12569.250677966102,9958.447288135594,64454.28542372881,59
26266,6,44.130,0,124.81822784810126,1700.4488607594935,325.67696202531647,3290.9749367088607,79
26267,6,44.130,1,110.36080717488788,2005.157533632287,648.7719282511212,3969.3652914798204,223
26268,6,44.130,2,121.70749049429658,2361.1407224334603,1136.4489353612169,5079.334296577947,263
26269,6,44.130,3,143.03866184448464,2636.106130198915,1185.784068716094,5525.313978300181,553
26270,6,44.130,4,164.71806484295848,2879.216565349544,1263.238399189463,5973.206433637285,987
26271,6,44.130,5,185.8720699568759,3144.79945376138,1361.0250119789173,6470.392400574988,2087
26272,6,44.130,6,219.48754751686081,3340.4164377682405,1639.5774126302883,7158.225843041079,1631
26273,6,44.130,8,212.5065375,3325.96924375,1575.29053125,7292.344343749999,1600
26274,6,44.130,9,242.42304568527922,3715.642385786802,1725.48730964467,8267.154416243655,394
26278,6,44.140,3,193.48698412698414,2675.4538095238095,994.8014285714286,5378.234285714286,63
26279,6,44.140,4,267.1968604651163,3717.578255813953,1140.149476744186,6942.708546511629,172
26280,6,44.140,5,312.3947757847534,3670.4650448430493,1301.6779596412555,7142.529349775785,446
26281,6,44.140,6,345.8185168539326,3938.9075056179777,1500.4962921348315,8059.077146067416,445
26282,6,44.140,8,322.76431965442765,4157.5181209503235,1596.9792656587474,8335.248336933046,463
26283,6,44.140,9,294.50474137931036,4284.25775862069,1617.539827586207,9312.826810344826,116
26289,6,44.190,8,81.99777777777778,2396.948148148148,951.9096296296296,5192.211111111112,27
26290,6,44.190,9,122.08319999999999,3258.0159999999996,1070.1748,6397.254,25
26312,6,44.410,5,2535.0056250000002,4496.691458333334,4138.506666666667,19616.539791666666,48
26313,6,44.410,6,3127.0103448275863,8948.266206896551,8548.774482758621,35591.723103448276,29
26314,6,44.410,8,3751.271296296296,8668.93425925926,9919.187962962964,35261.628333333334,54
26315,6,44.410,9,3664.5282352941176,12979.136176470589,9987.812058823529,43319.08794117647,34
26326,6,44.430,3,1269.4543999999999,3344.4328000000005,4617.344,13923.760400000001,25
26327,6,44.430,4,1250.144375,3520.9240625,2682.669375,12265.311875,32
26328,6,44.430,5,1058.6632941176472,4413.476352941177,2840.3568235294115,13243.96694117647,85
26329,6,44.430,6,980.6937878787879,4727.096363636363,2775.7909090909093,13435.775151515152,66
26330,6,44.430,8,1546.2575000000002,5645.28075,3987.0,18790.18275,80
26331,6,44.430,9,1992.1640625,7832.045625,4343.3928125,22146.1171875,32
26355,6,44.690,6,3472.4490322580646,8015.728064516129,9581.38129032258,35078.59451612903,31
26356,6,44.690,8,3930.787083333333,7714.2925,9426.984999999999,35424.27333333334,24
26373,6,45.130,0,470.94608695652175,1872.6347826086956,358.46869565217395,4214.025652173913,23
26374,6,45.130,1,135.1771590909091,1919.487159090909,667.65375,4095.2581818181816,88
26375,6,45.130,2,214.50803418803417,2454.356752136752,1143.6212820512822,5336.275299145299,117
26376,6,45.130,3,196.51572881355932,3022.6982033898303,1189.3128813559322,6387.464983050847,295
26377,6,45.130,4,206.63873333333336,3274.331022222222,1223.8659111111112,6606.617066666667,450
26378,6,45.130,5,193.0971096345515,3403.5890919158364,1246.487320044297,6647.852081949059,903
26379,6,45.130,6,241.2349607535322,3568.6353532182106,1551.3621664050236,7612.818147566719,637
26380,6,45.130,8,284.6789015151515,3834.778106060606,1672.181875,7970.536837121213,528
26381,6,45.130,9,436.77804054054053,4154.715202702702,2239.40277027027,10423.515608108108,148
26391,6,45.160,0,990.2971186440677,4082.669491525424,1030.6416949152542,9098.561355932203,59
26392,6,45.160,1,1126.0076923076924,4587.076153846154,1392.3142307692308,10081.944615384615,52
26394,6,45.160,3,239.2932558139535,3807.307906976744,1241.2451162790699,7058.153255813954,43
26395,6,45.160,4,259.1066336633663,3532.4023762376237,1156.2041584158414,6927.01792079208,101
26396,6,45.160,5,334.39989966555186,4243.379531772575,1325.0478595317725,7897.080301003344,299
26397,6,45.160,6,389.2181016949152,4321.791186440678,1639.5773220338983,8776.100881355933,295
26398,6,45.160,8,322.59227272727276,4437.899504132231,1590.0597107438016,8675.817603305784,242
26399,6,45.160,9,352.69886075949364,4798.552025316456,1657.8686075949367,9323.167088607594,79
26400,6,45.230,0,1104.3178260869565,3858.871739130435,1691.3865217391303,10074.119565217392,23
26401,6,45.230,1,669.0311320754718,2907.7773584905663,1553.3447169811323,7312.473396226415,53
26402,6,45.230,2,143.42606382978724,2111.292234042553,1075.4040425531914,4724.088617021277,94
26403,6,45.230,3,161.41470588235293,2552.7752450980392,1078.521568627451,5369.957156862745,204
26404,6,45.230,4,153.8856388888889,2661.742166666667,970.8554166666667,5231.108527777778,360
26405,6,45.230,5,143.3840129032258,2893.7386064516127,1112.3240387096773,5587.852580645162,775
26406,6,45.230,6,203.6298580121704,3103.2430020283978,1228.04,6249.645963488843,493
26407,6,45.230,8,247.5439121338912,3258.9883054393304,1360.282259414226,6654.820585774059,478
26408,6,45.230,9,232.4575,3857.2685,1508.072,7775.7420833333335,120
26418,6,45.250,1,611.721304347826,5397.875652173913,1813.0421739130436,10334.043913043479,23
26419,6,45.250,2,332.54448275862075,4234.652413793104,1950.623448275862,9081.93896551724,29
26420,6,45.250,3,280.911875,4458.056250000001,1615.5358333333334,8236.378125000001,48
26421,6,45.250,4,293.99068493150685,3773.102328767123,1331.5835616438358,7101.74493150685,73
26422,6,45.250,5,347.93735449735453,3969.7474603174605,1282.4003703703704,7373.28328042328,189
26423,6,45.250,6,349.4532278481013,4445.50670886076,1481.0322151898733,8168.672784810127,158
26424,6,45.250,8,352.71748538011695,4424.827426900585,1541.0585964912282,8390.546432748537,171
26425,6,45.250,9,551.0074242424243,4990.145151515152,1823.214696969697,9987.949393939394,66
26433,6,45.300,5,1366.6656097560976,2192.12243902439,920.7829268292683,7078.315121951219,41
26434,6,45.300,6,2252.270303030303,3329.689696969697,1858.5618181818181,11050.937272727273,33
26463,6,45.420,2,417.3176923076923,1292.4786538461537,540.2205769230769,4018.926346153846,52
26464,6,45.420,3,428.22336206896557,1896.105474137931,710.0606465517242,4976.489956896551,232
26465,6,45.420,4,439.6961622807018,1928.955350877193,676.8979385964913,5008.850723684211,456
26466,6,45.420,5,493.56476234003657,2153.4455941499086,694.5437294332723,5402.9429890310785,1094
26467,6,45.420,6,537.0497557003257,2480.41,834.2407491856677,6087.9291368078175,614
26468,6,45.420,8,631.8572307692308,2898.206123076923,1023.3329230769231,6756.875353846154,325
26469,6,45.420,9,631.7226086956522,2674.634782608696,1080.7919565217392,6685.0778260869565,46
26472,6,45.430,2,814.5784615384615,1579.6506153846155,480.33784615384616,4322.860461538461,130
26473,6,45.430,3,725.2490017513135,1725.1209281961471,528.8076707530648,4620.879877408056,571
26474,6,45.430,4,823.5083346872461,1962.4096100731113,618.8695288383428,5324.151543460601,1231
26475,6,45.430,5,959.8292854822995,2161.3251932445596,681.1267976615785,5911.658356609289,3079
26476,6,45.430,6,1069.1523846581433,2501.3691217342966,739.4217954419122,6623.852256809339,1799
26477,6,45.430,8,1185.4760105820108,3094.1353121693123,967.7397566137565,7813.6111005291,945
26478,6,45.430,9,1237.6063934426231,3880.5596721311476,1333.7662295081968,9385.039016393443,122
26486,6,45.620,4,15879.4996,13238.7096,13921.7252,67462.4908,25
26487,6,45.620,5,9265.273116883118,9336.767012987013,9382.622467532467,45579.9025974026,77
26488,6,45.620,6,11505.522063492064,9968.280317460318,9821.312222222223,49482.09777777778,63
26489,6,45.620,8,9746.391685393259,9372.335168539325,8192.170449438203,41878.86539325843,89
26490,6,45.620,9,10056.268032786886,16785.202459016393,13487.802786885246,68764.88540983606,61
26504,6,45.730,5,13036.390512820512,10581.627435897435,8568.362820512819,48324.08897435897,39
26505,6,45.730,6,12503.577037037037,12629.812962962964,9884.384444444444,54013.22,27
26506,6,45.730,8,12449.343076923076,12085.726538461538,10217.700192307693,53591.58269230769,52
26507,6,45.730,9,10903.735862068965,12135.361379310345,8727.334827586206,50622.27206896551,29
26524,6,45.760,5,11516.08761904762,10594.383333333333,9214.168571428572,49652.20238095238,21
26526,6,45.760,8,11902.080303030303,13104.184848484847,11756.305454545452,56946.402727272725,33
26527,6,45.760,9,13935.381904761905,16830.460952380952,17938.37476190476,75464.74571428572,21
26621,6,46.510,4,6927.684444444445,4367.6900000000005,3744.668518518519,23747.588518518518,27
26622,6,46.510,5,7320.934444444444,5029.922,4605.579222222223,27124.88311111111,90
26623,6,46.510,6,7028.947619047619,5439.299404761905,4418.108452380952,26380.264523809525,84
26624,6,46.510,8,7330.979027777777,4828.479027777777,4378.21,25083.037777777776,72
26631,6,46.520,5,8348.648095238095,4931.048571428571,5201.1809523809525,29561.782380952383,21
26633,6,46.520,8,7105.4195238095235,6481.2242857142855,5080.517142857143,30779.963809523808,21
26666,6,46.790,5,2718.0881481481483,4872.531851851852,4748.818888888889,20241.957777777778,27
26668,6,46.790,8,3899.0575000000003,6194.529166666667,6247.666249999999,26166.542083333334,24
26706,6,46.960,0,218.03770833333337,1017.69625,124.37770833333333,2132.2068750000003,48
26715,6,47.010,0,1895.6887726358148,1871.8403420523139,1305.8950905432596,9948.487907444669,497
26716,6,47.010,1,1744.7791976047904,1859.0472694610778,1329.518,9013.538610778443,835
26717,6,47.010,2,1899.0512973760933,1964.4441982507287,1518.7142419825072,9365.339737609329,686
26718,6,47.010,3,1753.0595662949195,2041.29990086741,1472.4099256505576,9284.883048327138,807
26719,6,47.010,4,1806.4982857142857,2164.140380952381,1545.0771269841268,9737.586,630
26720,6,47.010,5,1806.1976569506728,2307.022230941704,1659.4022197309416,10045.120997757847,892
26721,6,47.010,6,1866.5579818594103,2572.7883219954647,1804.3684807256236,10862.71217687075,441
26722,6,47.010,8,1886.139608540925,2890.0564768683275,2002.951459074733,11933.547046263346,281
26723,6,47.010,9,2060.9614606741575,3705.43988764045,2186.092134831461,13877.686516853933,89
26724,6,47.090,0,1450.7763636363636,2563.1727272727276,1515.9795454545456,11430.146818181818,22
26727,6,47.090,3,1767.4657142857143,3183.795238095238,2399.942857142857,12391.619523809524,21
26729,6,47.090,5,1878.9,3635.0940909090905,3162.967727272727,14164.032727272728,22
26761,6,48.240,5,641.2724999999999,5599.617916666667,1797.8645833333333,10059.027916666668,48
26762,6,48.240,6,454.32785714285717,5007.7326785714295,1582.8682142857142,9549.971964285713,56
26763,6,48.240,8,586.8358695652174,5761.427173913044,1858.7749999999999,11922.131521739131,46
26764,6,48.240,9,620.8120833333334,4790.055833333333,1501.8633333333335,11548.832916666666,24
26771,6,48.320,5,568.3072,1686.184,444.12559999999996,5286.7204,25
26778,6,48.350,3,1267.0061538461537,2101.8590384615386,803.3409615384616,7120.248557692307,104
26779,6,48.350,4,1488.1498979591836,2632.1554081632653,878.5013265306123,8178.394285714286,196
26780,6,48.350,5,1491.826495049505,2529.353089108911,791.615405940594,7898.471128712871,505
26781,6,48.350,6,1739.2310580204778,2890.8942320819115,907.2027645051194,8958.464607508533,293
26782,6,48.350,8,1863.226022727273,3402.3746590909086,1165.6746022727273,10131.178579545454,176
26783,6,48.350,9,2800.5323529411767,4606.5023529411765,1588.1008823529412,13276.526470588236,34
26786,6,48.351,2,785.4524,2012.2408000000003,507.02,5662.2564,25
26787,6,48.351,3,906.1489130434783,1762.9461956521739,456.1038043478261,5491.088586956522,92
26788,6,48.351,4,832.4737442922375,1902.0661187214612,626.0062557077625,5960.029497716895,219
26789,6,48.351,5,951.1103725490195,2256.5693333333334,681.0488235294118,6678.0181764705885,510
26790,6,48.351,6,990.8144947735192,2552.141881533101,739.4324738675958,7102.9377003484315,287
26791,6,48.351,8,1109.346294117647,3006.8909411764707,984.5810588235294,8237.116705882354,170
26792,6,48.351,9,1159.7845454545454,3320.8686363636366,1130.76,8955.546363636364,22
26795,6,48.360,2,428.8193333333333,1253.408888888889,608.8406666666667,4988.384444444444,45
26796,6,48.360,3,442.74742857142854,1746.4892857142856,716.6039285714286,5552.547214285714,140
26797,6,48.360,4,396.9858359621451,1873.1787697160885,762.015331230284,5654.554195583596,317
26798,6,48.360,5,490.55481428571426,1966.9113,724.5974142857143,5817.617071428572,700
26799,6,48.360,6,438.8399746835443,2296.803493670886,983.6181012658227,6623.440050632911,395
26800,6,48.360,8,510.3455066079295,2500.9569162995595,1041.0932158590308,7165.592202643172,227
26801,6,48.360,9,584.2125,2461.3633333333332,1211.141111111111,7651.86888888889,36
26805,6,48.410,4,640.109393939394,1714.8066666666668,1484.111515151515,9717.205151515152,33
26806,6,48.410,5,679.9629629629629,1622.764074074074,1693.5977777777778,9627.798148148147,54
26807,6,48.410,6,851.19625,2264.213333333333,1871.8129166666668,10975.70375,24
26819,6,48.510,5,13278.726538461538,8790.259615384615,5527.791538461539,44002.08730769231,26
26820,6,48.510,6,14046.7768,8720.1016,6594.8576,45605.084800000004,25
26834,6,48.630,4,16365.645396825397,8934.617301587301,7162.545555555555,48469.14476190476,63
26835,6,48.630,5,13759.017609756096,9128.997658536586,6621.79312195122,45424.79121951219,205
26836,6,48.630,6,14252.36585,8858.90705,6472.659349999999,46258.151849999995,200
26837,6,48.630,8,16123.72179245283,10528.13683962264,7312.892830188679,51256.01929245283,212
26838,6,48.630,9,15499.755714285715,10313.025952380951,7123.0788095238095,50029.552142857145,42
26842,6,48.690,3,884.3128571428572,1957.9261904761904,2186.269523809524,9443.29523809524,21
26843,6,48.690,4,4813.093461538462,4641.569230769231,3864.175,21395.018846153846,26
26844,6,48.690,5,9787.685,5842.469285714286,4713.265714285714,33301.54285714286,28
26845,6,48.690,6,12410.929756097561,6863.828780487805,5130.382926829268,37188.87512195122,41
26846,6,48.690,8,12297.009574468084,8212.156382978723,6700.727659574468,42244.51361702128,47
26860,6,48.760,2,1568.7730555555556,1205.3175,2879.806111111111,10787.862916666667,72
26861,6,48.760,3,1556.9691525423727,1274.798418079096,2635.6870621468925,10606.634802259887,177
26862,6,48.760,4,1354.7867804878047,1421.1023902439024,2279.7568780487804,10376.508682926828,205
26863,6,48.760,5,1168.7877351916377,1514.5949477351917,2175.302473867596,10247.086515679443,287
26864,6,48.760,6,1128.2308333333333,1595.1489814814815,2046.4276851851853,10275.724629629629,108
26865,6,48.760,8,1582.0067142857142,1864.5392857142858,2287.6411428571428,11599.719285714285,70
26874,6,48.810,3,491.6952173913043,1410.5652173913043,2145.5391304347827,8454.99347826087,23
26890,6,49.010,1,299.36466666666666,1251.7793333333332,1497.429,6648.4619999999995,30
26891,6,49.010,2,388.4027559055118,1317.3113385826773,1310.0885039370078,6868.905354330708,127
26892,6,49.010,3,398.93125000000003,1413.435,1345.114144736842,7021.946184210527,152
26893,6,49.010,4,351.30758928571424,1442.1769642857143,1432.5077678571429,7145.3664285714285,112
26894,6,49.010,5,409.38381355932205,1825.6771186440678,1757.7621186440676,7784.322711864406,118
26895,6,49.010,6,392.46026315789476,2023.472105263158,1582.8231578947368,7923.537368421053,38
26897,6,49.010,9,229.22193548387096,1336.0045161290323,350.59967741935486,4139.2590322580645,31
26906,6,49.040,1,614.5649999999999,1285.846551724138,1818.436551724138,7807.940172413793,58
26907,6,49.040,2,642.1671724137932,1368.366344827586,2030.244551724138,8979.361827586208,290
26908,6,49.040,3,592.5330670103092,1453.361417525773,1952.377293814433,8725.879845360825,388
26909,6,49.040,4,583.0945374449338,1459.3285903083702,2092.602026431718,8925.174845814978,227
26910,6,49.040,5,575.1672850678733,1601.0033484162896,2070.1578733031674,9210.187013574661,221
26911,6,49.040,6,446.68062499999996,1768.5220000000002,1937.8556250000001,8848.265,80
26912,6,49.040,8,670.5713793103448,1638.0455172413792,1830.4241379310347,8382.13724137931,29
26919,6,49.120,1,616.5495238095239,1581.8628571428574,2525.003333333333,9656.909047619047,21
26920,6,49.120,2,794.2883431952663,1574.9523668639054,2305.9510650887573,9708.356094674557,169
26921,6,49.120,3,758.6686153846154,1530.644576923077,2280.7786153846155,9723.364653846154,260
26922,6,49.120,4,643.1079581151832,1544.0592670157068,2174.312984293194,9116.740942408376,191
26923,6,49.120,5,565.7562874251497,1703.258982035928,2047.2577844311377,8962.198203592814,167
26924,6,49.120,6,853.1395348837209,1670.87511627907,2543.639767441861,10675.837209302326,43
26930,6,49.210,5,60.38590909090909,1382.344090909091,1530.7677272727271,4189.375,22
26939,6,49.390,2,389.81515625,1164.115625,1324.6734375,6770.655,64
26940,6,49.390,3,421.11693181818185,1228.6286363636364,1447.232159090909,7197.109886363637,88
26941,6,49.390,4,384.8417582417582,1452.8115384615385,1468.4952747252748,7336.886593406594,91
26942,6,49.390,5,519.30796460177,1724.2013274336284,1683.1289380530975,8402.016106194691,113
26943,6,49.390,6,589.5719047619048,2075.0388095238095,2441.0428571428574,9610.176904761905,42
26949,6,49.420,2,203.67999999999998,1009.7142857142857,1088.8799999999999,4416.355238095239,21
26950,6,49.420,3,518.1545161290322,1663.173870967742,1451.8029032258064,6561.456774193549,31
26951,6,49.420,4,488.0660606060606,1560.2454545454545,1332.1351515151514,6697.735454545455,33
26952,6,49.420,5,445.0006666666667,1912.966,1285.0441666666666,6353.6033333333335,60
26954,6,49.420,8,548.8309523809525,1948.338095238095,1058.0566666666668,6679.900952380952,21
26956,6,49.450,1,610.4633333333333,1112.2740740740742,1387.9007407407407,6896.15111111111,54
26957,6,49.450,2,739.0140174672489,1210.6276419213973,1421.1770305676855,7869.677379912664,229
26958,6,49.450,3,784.1587523992323,1255.2563339731287,1432.1116314779272,8199.492034548945,521
26959,6,49.450,4,704.2720872865275,1244.551973434535,1493.903282732448,8194.721195445922,527
26960,6,49.450,5,811.7488725490196,1329.0045098039216,1412.2796241830065,8143.052859477124,612
26961,6,49.450,6,815.9818106995886,1528.7793827160494,1469.7562139917695,8515.928559670781,243
26962,6,49.450,8,835.6857843137254,1506.4765686274511,1385.8091176470589,8002.99774509804,102
26965,6,49.460,1,476.19750000000005,1091.1051785714285,1476.829107142857,7014.478392857142,56
26966,6,49.460,2,726.8561633663367,1221.7725990099011,1790.0233168316834,8345.372524752474,404
26967,6,49.460,3,751.094342291372,1232.5839603960396,1756.3763649222067,8424.511301272985,707
26968,6,49.460,4,671.2203129074315,1308.0465449804433,1765.3575880052151,8339.896584093873,767
26969,6,49.460,5,686.1984150156413,1359.9237226277373,1771.9445255474452,8392.023753910324,959
26970,6,49.460,6,708.2751052631578,1530.242,1830.5029210526316,8682.366157894738,380
26971,6,49.460,8,630.3832947976879,1570.571098265896,1689.9801156069364,8449.565375722545,173
26972,6,49.460,9,707.9319230769231,1510.9126923076924,1770.5296153846152,8477.394615384615,26
26977,6,49.470,4,70.38875,824.4499999999999,554.3208333333333,2838.169583333333,24
26978,6,49.470,5,104.89038461538462,926.2630769230769,798.8315384615385,3369.411153846154,26
26983,6,49.490,2,1822.8617272727274,1753.4244545454546,2270.5684545454546,10603.242454545454,110
26984,6,49.490,3,1794.9859401709402,1601.8106837606838,2222.028846153846,10424.509700854702,234
26985,6,49.490,4,1592.8775454545455,1741.9122272727273,2092.6580454545456,10232.132136363636,220
26986,6,49.490,5,1665.3464000000001,1962.8011272727274,2127.2362909090907,10406.199454545455,275
26987,6,49.490,6,1703.1530681818183,2185.1082954545454,2240.320681818182,11157.070568181818,88
26988,6,49.490,8,1489.9470454545453,2416.8204545454546,2576.9575,11837.04590909091,44
27007,6,49.730,2,630.6202752293578,1323.793394495413,1616.434128440367,8651.281926605505,109
27008,6,49.730,3,589.6782608695652,1334.3078881987578,1533.3298136645963,9090.618819875775,161
27009,6,49.730,4,486.06685039370075,1363.202283464567,1514.5130708661418,8649.552834645669,127
27010,6,49.730,5,494.6821929824562,1468.9374561403508,1599.9102631578946,9396.077280701755,114
27035,6,50.0x0,5,2463.6965384615387,2888.3384615384616,1736.982435897436,13388.992435897437,78
27036,6,50.0x0,6,2620.8224,2845.2547999999997,1947.7476000000001,14174.5398,50
27037,6,50.0x0,8,2650.4023333333334,3643.7303333333334,1826.5233333333335,14620.247333333333,30
27042,6,50.110,3,802.8439130434782,3555.383043478261,1426.0808695652174,8180.9760869565225,23
27043,6,50.110,4,1006.1846666666667,4643.469555555555,1611.597111111111,9336.206888888888,45
27044,6,50.110,5,1125.8235652173914,5660.488869565217,2034.2928695652174,11310.125913043477,115
27045,6,50.110,6,1341.5911458333333,6478.177083333333,3183.1127083333336,14474.571354166668,96
27046,6,50.110,8,1159.7025609756097,6590.919390243903,3438.4308536585368,15057.003292682926,82
27065,6,50.220,3,9953.093333333332,5528.930476190476,5750.516666666667,38527.4230952381,42
27066,6,50.220,4,10170.46275862069,6967.066551724139,5881.465057471265,40862.715172413795,87
27067,6,50.220,5,10879.51117370892,7866.221408450704,7034.69352112676,44868.08666666667,213
27068,6,50.220,6,10097.23720338983,8234.280169491525,6148.131864406781,43534.22059322034,118
27069,6,50.220,8,13137.68888888889,9413.692857142858,7547.436349206349,50048.68603174604,63
27080,6,50.240,5,7422.34488888889,3242.3140000000003,2054.6915555555556,19471.146666666667,45
27081,6,50.240,6,4977.581842105264,4362.662631578947,3528.126842105263,22247.550263157897,38
27087,6,50.250,5,12727.677826086958,6926.042608695652,9978.48391304348,40306.857826086954,23
27095,6,50.290,5,9983.797428571428,6469.286857142857,4921.413714285714,32185.897999999997,35
27096,6,50.290,6,9096.895416666666,5907.104166666667,4336.3845833333335,29335.64125,24
27102,6,50.3x0,3,17537.980333333333,7790.778666666666,11865.508333333333,59970.60433333333,30
27103,6,50.3x0,4,14441.099615384615,7779.609230769231,7547.21923076923,52049.26512820513,78
27104,6,50.3x0,5,16605.57226744186,9586.632674418604,9154.462383720931,58173.27447674419,172
27105,6,50.3x0,6,16070.421512605042,9039.825294117647,8624.015714285715,54817.06546218487,119
27106,6,50.3x0,8,16764.183466666665,11263.603466666667,11913.3184,62422.109599999996,75
27133,6,50.910,5,1689.0610416666666,5289.733125,4762.788125,15597.431041666669,48
27134,6,50.910,6,3541.8595348837216,7007.193720930233,8695.561860465115,23902.74465116279,43
27135,6,50.910,8,2532.8335294117646,7786.911470588235,6552.335294117647,24633.825294117647,34
27140,6,50.920,4,18120.915806451612,12366.63806451613,12429.254516129033,68294.35903225806,31
27141,6,50.920,5,18901.860943396227,12135.930377358492,12034.146037735849,70619.9562264151,53
27142,6,50.920,6,17882.938636363633,11191.98,11149.081818181818,60670.46409090909,22
27148,6,50.930,5,3638.4622727272726,4167.635454545454,3871.2154545454546,18294.429545454546,22
27161,6,51.010,6,3308.016818181818,6394.597272727274,4354.418636363636,19384.230454545454,22
27162,6,51.010,8,1856.2636111111112,5795.115000000001,3592.3027777777775,14861.378055555555,36
27163,6,51.010,9,2161.9625806451613,6278.725806451613,3639.1335483870967,16120.999354838708,31
27177,6,51.100,5,7308.009999999999,5605.910833333334,3925.4154166666667,23264.110416666666,24
27179,6,51.100,8,10502.705600000001,5613.6804,3712.548,26182.5784,25
27213,6,51.230,1,2238.6543846153845,2084.5583076923076,1386.9779999999998,10113.575692307693,130
27214,6,51.230,2,2230.4924878640777,1995.1311529126215,1405.177463592233,10144.780898058252,824
27215,6,51.230,3,2243.223436046512,2059.323680232558,1351.6868837209302,10188.544994186046,1720
27216,6,51.230,4,2207.2872399445214,2246.7380490060104,1453.3043781784559,10495.509976883957,2163
27217,6,51.230,5,2183.846094432314,2446.8962308951964,1499.8000791484717,10802.381129912665,3664
27218,6,51.230,6,2329.9971716554674,2890.910946854001,1713.864520464264,11945.351728772144,1637
27219,6,51.230,8,2343.5156886227546,3402.522724550898,1870.1351696606787,12839.902185628744,1002
27220,6,51.230,9,2757.502692307692,4240.8492857142855,2648.199285714286,15768.224835164834,182
27247,6,51.410,6,4833.591904761905,5295.565714285714,5977.570952380953,26840.758571428574,21
27248,6,51.410,8,6135.974571428571,8066.324571428571,7793.766857142856,36730.38257142857,35
27324,6,51.850,3,8212.196129032258,4965.297419354839,3037.451935483871,25101.17064516129,31
27325,6,51.850,4,8153.250999999999,4766.438,2704.9175,23002.9745,40
27326,6,51.850,5,8732.205833333333,5412.174583333333,3512.5663541666668,26565.788125000003,96
27327,6,51.850,6,8700.856329113923,6132.425189873418,3972.4272151898736,28374.74835443038,79
27328,6,51.850,8,9269.885060240964,6037.5496385542165,4009.9368674698794,28058.01951807229,83
27329,6,51.850,9,8794.962105263157,6083.601315789474,3984.9097368421053,27584.215263157897,38
27339,6,51.870,5,8301.344333333333,4747.601333333334,4550.934666666667,24682.051333333333,30
27340,6,51.870,6,8655.115217391303,5474.263478260869,5621.20347826087,26643.541304347826,23
27341,6,51.870,8,9928.969189189189,7115.037837837838,4621.657837837838,29515.912702702703,37
27344,6,51.880,2,5348.420322580645,3522.966290322581,3288.7867741935484,20908.725,62
27345,6,51.880,3,5886.891111111111,4309.901111111111,4229.28873015873,23797.04142857143,63
27346,6,51.880,4,5847.166833333334,4433.931666666667,3872.8645833333335,22613.517083333332,120
27347,6,51.880,5,6408.348369565217,4552.6847101449275,3659.4578985507246,23614.759673913042,276
27348,6,51.880,6,5874.629962825279,4913.291895910781,3959.5487732342012,23729.87501858736,269
27349,6,51.880,8,6404.101947565543,5499.59138576779,3937.697078651686,25572.803295880152,267
27350,6,51.880,9,6852.715272727273,6024.701181818182,4283.319454545454,26503.308727272728,110
27360,6,51.960,5,381.7520833333333,932.49125,315.28458333333333,2502.469583333333,24
27362,6,51.960,8,1350.8196551724138,1354.705172413793,778.1,6680.755172413793,29
27367,6,51.980,4,2733.1910256410256,4886.147948717949,4092.8933333333334,16225.60435897436,39
27368,6,51.980,5,2711.3430188679245,4277.395566037736,3567.77,14321.241603773584,106
27369,6,51.980,6,3380.8721904761906,4775.636285714286,4031.6663809523807,16427.533428571427,105
27370,6,51.980,8,3038.105365853659,5746.104878048781,4530.606910569106,18241.990650406504,123
27371,6,51.980,9,3070.2869863013702,6669.893150684931,4715.787397260274,19640.66780821918,73
27381,6,52.110,5,3361.63875,6472.428333333333,2661.0758333333333,21071.184583333332,24
27382,6,52.110,6,3089.9973076923075,6206.168461538462,2415.8888461538463,14942.259615384615,26
27393,6,52.190,3,308.13461538461536,3991.4115384615384,2419.499230769231,8746.151153846153,26
27395,6,52.190,5,312.8967441860465,4725.195348837209,2739.22,10336.523023255813,43
27396,6,52.190,6,381.87928571428574,5336.336428571429,2329.6407142857142,10489.906071428572,28
27424,6,52.520,5,14707.212608695652,12945.966086956523,15621.39652173913,69065.15347826087,23
27437,6,52.590,4,21044.86086956522,22625.523478260868,49890.901304347826,150930.53217391303,23
27438,6,52.590,5,11617.47,10018.18448275862,11270.918620689656,59561.76310344827,29
27447,6,52.7x0,4,23377.81695652174,15002.22,20598.25347826087,97410.74130434782,23
27448,6,52.7x0,5,21778.25078125,13353.41609375,17713.5525,89088.45734375,64
27449,6,52.7x0,6,24389.415802469135,15957.314814814816,23122.44148148148,101735.1424691358,81
27450,6,52.7x0,8,23038.29818181818,14798.76393939394,18077.327575757576,89977.19212121212,33
27477,6,53.000,6,4013.2486363636363,2201.291818181818,1436.894090909091,12111.22318181818,22
27478,6,53.000,8,3492.8656666666666,2066.0333333333333,1333.9360000000001,11833.674,30
27485,6,53.020,0,1331.6126124197,951.8168308351178,447.39426124197,6180.532569593148,467
27492,6,53.020,8,2301.3821739130435,2719.4682608695653,1496.3760869565217,10634.044347826086,23
27493,6,53.020,9,1381.8154545454545,2240.1481818181815,1151.5227272727273,8832.300000000001,22
27496,6,53.030,5,3111.1148387096773,1617.8477419354838,673.4606451612902,8725.497096774192,31
27497,6,53.030,6,3107.0329545454547,1906.4345454545453,748.8409090909091,8828.879318181818,44
27498,6,53.030,8,3121.5890384615386,2093.8265384615383,792.1632692307692,9563.112500000001,52
27499,6,53.030,9,3317.2820689655173,3001.883448275862,941.2006896551724,11184.589655172413,29
27504,6,53.040,5,3179.931494252873,1722.7457471264368,718.1159770114942,9036.47724137931,87
27505,6,53.040,6,3111.596129032258,1918.5460215053763,779.6155913978495,9255.797849462366,93
27506,6,53.040,8,3087.2335795454546,2265.9975568181817,705.5442613636363,9388.227897727273,176
27507,6,53.040,9,3246.0317567567567,2325.320945945946,761.3339189189189,9862.03391891892,74
27513,6,53.050,5,2664.4221875,1750.835625,738.580625,8767.575,32
27514,6,53.050,6,2835.9986363636363,2194.1604545454543,1050.5427272727272,9944.232272727271,22
27515,6,53.050,8,3178.4069811320755,1964.2754716981133,784.0203773584906,9335.799622641509,53
27516,6,53.050,9,4542.578214285714,3042.3739285714287,1247.6757142857143,13575.730714285715,28
27525,6,53.120,0,1505.8746700507613,931.7148477157361,475.79180203045684,7517.612664974619,394
27534,6,53.140,8,6185.826818181818,2542.8495454545455,842.3390909090908,14729.435454545455,22
27553,6,53.210,6,4930.151363636363,1950.2536363636364,931.4781818181818,11757.123181818182,22
27554,6,53.210,8,4761.712608695652,2654.390869565217,1043.567391304348,12602.438260869565,23
27611,6,53.630,5,13120.540689655172,2435.8979310344826,1741.4872413793103,24273.86724137931,29
27612,6,53.630,6,10955.655666666666,2850.0716666666663,1976.330333333333,22885.962,30
27613,6,53.630,8,16609.382962962965,4097.158518518519,2256.252962962963,30113.237777777777,27
27657,6,54.0x0,5,1716.2541666666666,3865.0341666666664,3157.626666666667,13011.322916666666,24
27665,6,54.110,5,7151.268636363637,8133.133181818182,9503.47,35255.19090909091,22
27683,6,54.210,5,4984.759210526316,6969.75947368421,4802.731052631579,25477.633684210527,38
27684,6,54.210,6,1836.105357142857,6530.562142857142,5268.373214285714,21281.039642857144,28
27685,6,54.210,8,3227.732727272727,8730.564545454545,5795.043181818181,25770.717727272728,22
27705,6,54.240,8,1032.491923076923,6454.474615384615,1071.4103846153846,11050.172307692306,26
27709,6,54.3x0,2,808.5986666666666,1804.7356666666667,981.8076666666667,7349.53,30
27710,6,54.3x0,3,741.982857142857,1847.272857142857,954.2277551020409,7018.367551020408,49
27712,6,54.3x0,5,1637.5922727272728,3613.8668181818184,2870.215909090909,12516.587727272727,22
27718,6,54.4x0,2,5360.625,6897.430454545454,4720.588636363636,30698.655000000002,22
27720,6,54.4x0,4,8244.091428571428,8949.091428571428,5059.449642857143,39198.51178571429,28
27721,6,54.4x0,5,8944.021509433962,9729.569811320755,6852.848867924528,45289.75754716981,53
27722,6,54.4x0,6,12498.411666666667,11502.868333333334,9133.127916666666,55092.3025,24
27723,6,54.4x0,8,9500.2,11443.717916666666,6946.134166666667,47005.729583333334,24
27728,6,54.4x1,3,3370.1977272727277,4159.156818181818,2194.312272727273,19540.468636363636,22
27730,6,54.4x1,5,6066.3966666666665,7190.115000000001,3749.4541666666664,30299.815000000002,24
27735,6,54.510,2,2089.58,2067.7053333333333,1695.4313333333334,12379.385666666667,30
27736,6,54.510,3,2215.449393939394,1916.4136363636364,1860.567575757576,11585.806363636364,33
27737,6,54.510,4,2519.415,2934.957857142857,3115.323928571429,15928.398214285715,28
27738,6,54.510,5,2852.084571428571,3840.7862857142854,3867.1137142857147,18683.45,35
27747,6,54.590,5,4655.851724137931,5803.23448275862,6170.6168965517245,26878.208620689657,29
27748,6,54.590,6,2969.985833333333,5158.1866666666665,5492.351111111111,24702.88666666667,36
27749,6,54.590,8,3640.262258064516,7120.820967741935,7143.392580645162,30354.271612903227,31
27769,6,54.910,2,891.5426315789474,5669.748421052632,3777.0302631578948,14171.867368421052,38
27770,6,54.910,3,842.6011842105263,4597.511578947368,4394.770131578948,13703.478815789475,76
27771,6,54.910,4,831.3163063063063,5035.495810810811,5908.379414414414,16671.46310810811,222
27772,6,54.910,5,849.8353424657535,4919.951894977169,5051.565593607306,15625.610776255708,438
27773,6,54.910,6,765.5069679300292,5175.119854227406,4862.283935860058,15442.638513119533,343
27774,6,54.910,8,679.675,5033.354347826087,4106.43134057971,14258.613550724636,276
27775,6,54.910,9,941.7327049180328,6294.03631147541,4672.965655737706,18010.135327868855,122
27796,6,54.980,3,257.65515151515154,1950.260909090909,1307.4424242424243,4804.756666666667,66
27797,6,54.980,4,318.204875,2303.344,1686.710125,6021.513,80
27798,6,54.980,5,306.2240476190476,2679.816904761905,2013.7933333333333,6741.157380952381,126
27799,6,54.980,6,203.60029411764705,2533.205882352941,1793.8529411764705,5977.454117647059,34
27800,6,54.980,8,338.0269565217391,3649.4921739130436,2849.680434782609,10105.207826086957,23
27806,6,54.990,4,3016.734827586207,4245.539310344828,2596.549310344828,18027.40448275862,29
27807,6,54.990,5,7327.538846153847,6831.716153846153,4847.426923076923,34061.998076923075,26
27813,6,55.010,3,3942.0071428571428,2885.686190476191,1538.4233333333334,15377.736190476191,21
27814,6,55.010,4,2615.3474137931034,2724.2484482758623,1335.6986206896552,13415.932068965518,58
27815,6,55.010,5,2947.245147679325,2916.3881012658226,1480.432616033755,14351.054135021097,237
27816,6,55.010,6,3030.159488636363,3047.5942045454544,1459.9919318181817,14509.781079545455,176
27817,6,55.010,8,2817.967261904762,3295.1139285714285,1545.5008333333335,14956.75011904762,84
27829,6,55.030,5,4745.921612903226,4465.76935483871,3797.1348387096773,19465.85064516129,31
27830,6,55.030,6,4766.355238095239,5092.351428571429,3002.5090476190476,19093.427142857145,21
27836,6,55.040,3,4963.33523076923,2754.3483076923076,2215.393538461539,18726.221692307692,65
27837,6,55.040,4,5296.262411347518,2833.1812765957447,2288.2248226950355,17753.857872340424,141
27838,6,55.040,5,5282.3460000000005,3008.0561935483875,2352.559322580645,18553.421032258066,310
27839,6,55.040,6,5440.402125984251,3560.5392913385826,2571.658267716535,20101.913070866143,127
27840,6,55.040,8,4895.140144927536,4106.774782608696,2732.5439130434784,20332.06231884058,69
27856,6,55.230,0,2842.323636363636,7418.818181818182,6369.236818181817,22081.725454545456,22
27857,6,55.230,1,726.554406779661,5303.459661016949,1954.6593220338984,10903.665084745762,59
27858,6,55.230,2,415.4070588235294,4908.990588235294,971.8576470588235,8735.774117647059,102
27859,6,55.230,3,339.9652941176471,5273.224537815126,874.866806722689,8191.480672268907,119
27860,6,55.230,4,628.76515625,5607.581171875,1261.5259375,10072.43109375,128
27861,6,55.230,5,561.9926666666667,6222.519025641025,1434.3189743589744,10396.687692307692,195
27862,6,55.230,6,574.1561052631579,6252.329052631579,1714.635684210526,11146.805157894736,95
27863,6,55.230,8,676.5260465116279,6856.133023255813,1685.6237209302328,11597.618139534885,43
27876,6,55.4x0,3,6258.267826086957,5202.610869565217,2440.703913043478,34715.95739130435,23
27877,6,55.4x0,4,6437.178028169014,5079.447464788733,2965.271126760563,33376.998873239434,71
27878,6,55.4x0,5,5716.592747252747,5833.618681318681,3086.2754945054944,34874.63846153846,91
27879,6,55.4x0,6,6153.968000000001,5867.8369999999995,2829.5524,35752.052,50
27885,6,55.510,3,6494.430476190477,4531.907619047619,2726.3619047619045,27975.99095238095,21
27886,6,55.510,4,5115.975737704918,5082.296721311476,2800.510655737705,28247.577213114753,61
27887,6,55.510,5,6099.376524064171,5134.249786096257,3374.4590909090907,28762.687700534756,187
27888,6,55.510,6,7508.845204081632,6978.232448979592,4589.7555102040815,33158.98173469388,98
27889,6,55.510,8,7573.360277777777,7308.864305555555,4225.023472222222,35887.61194444445,72
27892,6,55.690,2,11215.367272727271,10116.572727272727,22476.324545454547,95277.6509090909,22
27893,6,55.690,3,11007.271282051282,8066.902564102565,21296.100512820514,126930.69128205128,39
27894,6,55.690,4,11821.387272727274,9740.705454545454,19585.307272727274,143307.2427272727,22
27903,6,55.870,5,6288.984285714285,2929.15619047619,2626.134761904762,26383.23619047619,21
27912,6,55.920,5,1782.072093023256,4711.8095348837205,2615.6658139534884,12507.806976744185,43
27913,6,55.920,6,1398.1192857142855,4199.585714285714,1517.655,9357.488928571429,28
27914,6,55.920,8,1786.8296666666668,5143.175,2150.2593333333334,12473.798999999999,30
27931,6,56.0x0,1,3466.525277777778,2101.958888888889,1208.216111111111,11120.21611111111,36
27932,6,56.0x0,2,4497.269802631579,2090.414375,1362.5498684210525,12993.565493421052,304
27933,6,56.0x0,3,4401.141411451398,2081.428482023968,1324.3949800266312,12776.416324900134,751
27934,6,56.0x0,4,4436.98448390677,2162.5031964483906,1442.2187902330745,13029.815738068814,901
27935,6,56.0x0,5,4634.42802946593,2392.631141804788,1546.9872068753837,13731.949957028852,1629
27936,6,56.0x0,6,4833.665726141078,2671.609377593361,1662.023734439834,14616.296943291838,723
27937,6,56.0x0,8,4200.461887254902,2937.3851715686274,1711.77806372549,14167.605490196078,408
27938,6,56.0x0,9,4638.043424657534,3967.935342465754,2511.0969863013697,17654.971506849313,73
27944,6,56.2x0,4,3560.240909090909,2534.8736363636363,2096.7963636363634,14787.274545454544,22
27945,6,56.2x0,5,3316.9403333333335,3564.2565000000004,3579.3281666666667,18855.381,60
27946,6,56.2x0,6,3440.367307692308,2485.415,1831.7223076923076,14068.443076923078,26
27964,6,56.410,4,9213.639583333332,3445.5441666666666,2185.145,26436.030416666665,24
27965,6,56.410,5,6523.487608695652,3561.094782608696,2122.039565217391,34488.739347826086,46
27966,6,56.410,6,9625.517083333334,4392.784166666667,2616.8995833333333,36978.73458333333,24
27995,6,57.0x0,3,2075.5555555555557,1880.1877777777777,1569.6277777777777,9532.464444444444,27
27996,6,57.0x0,4,1868.6046938775512,1822.5397959183672,1080.9779591836734,8224.535918367346,49
27997,6,57.0x0,5,1557.7972131147542,2339.882213114754,1759.3603278688524,9787.996147540984,122
27998,6,57.0x0,6,1262.0905555555555,2496.6506666666664,1443.9984444444444,9280.489666666668,90
27999,6,57.0x0,8,1188.13,3258.807157894737,1817.7973684210526,10866.645894736843,95
28000,6,57.0x0,9,1988.4975609756095,5030.611951219512,3002.7029268292686,16509.155853658536,41
28030,6,57.320,4,252.64615384615385,2465.166153846154,551.1903846153847,4104.1865384615385,26
28031,6,57.320,5,254.59275862068964,2650.031724137931,887.8194827586207,5238.776379310344,58
28032,6,57.320,6,335.33,2533.848428571429,746.6904285714286,4703.893571428572,70
28033,6,57.320,8,364.2384090909091,2974.71125,1139.2446590909092,5977.346022727273,88
28034,6,57.320,9,358.6017777777778,3949.0506666666665,1593.9720000000002,8483.410666666667,45
28046,6,57.490,3,2071.375238095238,2440.612857142857,1451.1180952380953,11277.740476190476,21
28047,6,57.490,4,2345.82125,3137.94,2125.6160416666667,13048.648125,48
28048,6,57.490,5,1919.9769879518071,3324.9275301204816,2052.9597590361445,13143.256746987952,166
28049,6,57.490,6,2095.2838709677417,3785.187634408602,2413.8787634408604,14420.127043010752,186
28050,6,57.490,8,2116.4851082251084,3841.315974025974,2266.8552813852816,14138.167922077922,231
28051,6,57.490,9,2238.7746938775513,4536.616836734694,2613.20306122449,16363.425102040816,98
28074,6,57.710,8,13653.844285714285,11199.573928571428,9512.208571428573,64278.10928571429,28
28106,6,57.940,4,439.36,3973.825961538462,4564.989615384615,12343.913269230768,52
28107,6,57.940,5,449.14311475409835,5138.059672131148,3831.7796721311474,13671.628360655737,122
28108,6,57.940,6,446.90953488372094,5197.28,3416.9877325581397,13480.139186046512,172
28109,6,57.940,8,384.2320489296636,5067.059418960244,3023.1716513761467,12146.003639143732,327
28110,6,57.940,9,463.0789090909091,5472.659060606061,3158.9820303030306,13614.525696969698,330
28147,6,58.390,5,541.0805128205128,1781.6492307692306,874.0089743589743,6841.893076923077,39
28148,6,58.390,6,578.9770967741936,1989.9093548387098,1159.9751612903226,6815.0596774193555,31
28149,6,58.390,8,646.6957894736842,2694.309210526316,1045.293947368421,8056.126315789474,38
28153,6,58.450,0,1736.5434693877553,920.6363265306122,1238.0418367346938,15664.672653061223,49
28183,6,58.6x0,8,735.196,2884.8772,1414.2795999999998,6969.1116,25
28212,6,59.790,4,9298.16111111111,1715.4933333333333,920.3662962962962,17260.64185185185,27
28213,6,59.790,5,8079.644,2203.0092,1019.1672,16837.5276,50
28219,6,59.8x0,2,1944.624347826087,1891.521847826087,816.2319565217391,6558.625760869565,92
28220,6,59.8x0,3,2079.140410958904,2199.94801369863,1040.4391095890412,7668.579315068494,146
28221,6,59.8x0,4,1902.4811538461538,2322.0574175824177,1332.5418681318681,8000.408956043956,182
28222,6,59.8x0,5,2151.7386153846155,2456.822430769231,1259.5862769230769,8387.51643076923,325
28223,6,59.8x0,6,2302.7531395348838,3596.120174418605,1927.6676162790698,11135.932325581394,172
28224,6,59.8x0,8,2542.9233103448278,4011.1495172413797,2097.073448275862,12165.782689655172,145
28225,6,59.8x0,9,2205.6177500000003,4885.54875,2661.79275,14204.384750000001,40
28235,6,59.990,3,1379.9017391304346,1209.1878260869564,838.6034782608696,6508.007391304348,23
28236,6,59.990,4,1483.3662790697674,1432.7144186046512,729.9548837209303,5474.459534883721,43
28237,6,59.990,5,1250.4764835164835,1486.73,813.977032967033,6228.6648351648355,91
28238,6,59.990,6,1893.0235593220339,1775.0401694915254,807.826779661017,6806.841186440678,59
28239,6,59.990,8,2173.8783720930232,3152.358604651163,1690.4988372093023,10866.837906976743,43
28243,6,60.110,5,694.73,4169.873246753246,867.8503896103896,6745.461688311688,77
28244,6,60.110,6,697.0491981132075,4566.998867924528,954.8994811320755,7680.340283018867,212
28245,6,60.110,8,754.2155714285715,4967.284257142857,1351.7028,8719.935114285714,350
28246,6,60.110,9,801.6538461538462,5083.489370629371,1953.3473426573426,9919.616923076923,143
28251,6,60.210,5,1906.187843137255,3430.3890196078432,1928.5847058823529,14067.19254901961,51
28252,6,60.210,6,1980.7466990291261,3754.4356796116504,2130.337766990291,14841.669271844661,206
28253,6,60.210,8,2096.377522123894,3981.671150442478,2184.097610619469,15145.04721238938,226
28254,6,60.210,9,2194.6156565656565,4441.623030303031,2572.7103030303033,16216.33727272727,99
28256,6,60.290,5,3431.2432236842105,3118.2359868421054,2130.189934210526,14803.31736842105,152
28257,6,60.290,6,3144.843745583039,3351.0529681978796,2219.688833922262,15147.448462897526,566
28258,6,60.290,8,3037.689972565158,3805.8627983539095,2493.714060356653,15953.439821673526,729
28259,6,60.290,9,3686.039678899083,4183.019541284404,2735.725733944954,17663.82339449541,218
28263,6,60.5x0,5,5313.328222222222,6010.533555555556,3026.4128888888886,44164.32044444444,45
28264,6,60.5x0,6,6879.99112244898,6535.030102040816,3441.6343877551017,44465.09244897959,98
28265,6,60.5x0,8,6949.788205128205,7389.338888888889,3804.267094017094,42777.16504273504,117
28269,6,60.610,6,1790.408181818182,4406.538181818181,2162.5327272727272,14964.045454545454,22
28270,6,60.610,8,1949.3176,4281.5516,2423.3072,16475.026400000002,25
28311,6,61.2x0,6,641.95,2601.8542857142857,853.417619047619,7201.926190476191,21
28327,6,61.490,0,1514.4333774834438,951.3832450331125,491.28801324503314,6403.9109933774835,151
28332,6,61.490,5,530.5996875,1760.7159375,744.9696875,5648.3025,32
28334,6,61.490,8,617.41125,2075.773333333333,1312.7250000000001,7785.328333333334,24
28345,6,62.2x0,0,523.0696875,1066.6675,813.756875,5645.179375,32
28363,6,62.5x0,0,1157.0428930817611,927.8094339622643,543.3457232704402,7330.9606918239,159
28364,6,62.5x0,1,850.025,1222.7163636363637,675.6404545454545,6691.3322727272725,22
28380,6,63.1x0,0,650.1103846153845,1009.4473076923077,326.2603846153846,4858.929230769231,26
28381,6,63.1x0,1,1522.1876363636366,1268.3870909090908,871.4865454545455,7333.954363636363,55
28382,6,63.1x0,2,1510.9928571428572,1289.1451190476191,842.3057142857142,7515.587380952381,84
28383,6,63.1x0,3,1899.2058974358974,1206.249487179487,950.5982051282052,8135.8982051282055,39
28456,6,64.490,0,1258.7443589743589,812.0358974358975,1571.428205128205,12883.99,39
28489,6,65.250,1,2444.4621296296295,2341.9776851851852,1008.2517592592593,11609.351851851852,108
28490,6,65.250,2,2706.2841925465837,2486.9316614906834,1049.070698757764,12867.455714285716,644
28491,6,65.250,3,2422.4553678929765,2560.2465551839464,1136.5996655518395,12981.64051839465,598
28492,6,65.250,4,2456.4104642857146,2825.2823571428576,1167.8360714285714,13654.299071428572,280
28499,6,65.290,2,2087.1882608695655,4367.160869565218,1472.2169565217391,15260.16347826087,23
28517,6,65.410,3,3223.429090909091,4327.191818181818,1895.3218181818183,19285.85818181818,22
28518,6,65.410,4,2576.6800819672135,3525.1562295081967,1346.8758196721312,14425.117049180328,122
28519,6,65.410,5,2248.832530120482,2930.2946987951805,1184.920361445783,12297.993734939759,83
28520,6,65.410,6,1925.7533333333333,4074.792380952381,1222.2657142857142,12968.509523809524,21
28544,6,65.630,4,2554.3953571428574,3603.499107142857,1400.3803571428573,14995.862321428573,56
28545,6,65.630,5,2496.19385,3742.17505,1205.6377,14669.723600000001,200
28546,6,65.630,6,2276.0794666666666,4174.8171999999995,1195.7074666666667,14724.2532,75
28547,6,65.630,8,2154.817962962963,5072.100185185184,1383.4594444444444,15739.678703703705,54
28562,6,66.010,2,2030.4555172413793,1743.1875862068966,1061.6096551724138,10509.285431034483,116
28563,6,66.010,3,1915.4970588235294,1654.6158823529413,1091.9692156862745,10206.408627450981,51
28566,6,66.020,2,2086.9655737704916,1535.6875409836066,1136.4701639344262,10786.88918032787,61
28567,6,66.020,3,2072.3757142857144,1559.2292063492064,957.5387301587302,11012.960634920635,63
28578,6,66.4x0,2,2234.202976190476,1662.3054761904762,1215.517857142857,10383.279880952381,84
28579,6,66.4x0,3,2195.176129032258,1930.7476774193549,1343.5805806451613,11040.033677419355,155
28580,6,66.4x0,4,2094.754090909091,2490.2021212121213,1318.109393939394,12323.028636363637,66
28583,6,66.510,3,2566.9052112676054,2290.3204225352115,1341.243661971831,12581.652112676056,71
28584,6,66.510,4,1915.8166666666666,2950.0781578947367,1515.077192982456,13474.142807017544,114
28585,6,66.510,5,1838.0666666666666,3104.097666666667,1190.6943333333334,12763.516333333333,30
28592,6,66.610,2,2001.9666666666667,2012.3043333333333,1089.8643333333334,10729.011,30
28593,6,66.610,3,1680.0664000000002,2159.7232,1220.542,11232.6852,25
28597,6,66.620,2,2010.194344262295,1515.183442622951,1020.6197950819673,9363.250532786884,244
28598,6,66.620,3,1871.9969565217393,1649.4857800511506,962.2356265984655,9544.15273657289,391
28599,6,66.620,4,1968.2607894736843,2316.5731578947366,1339.778947368421,11034.847894736842,38
28608,6,66.790,2,2357.6299999999997,1846.5131067961165,667.5920388349514,14624.909805825242,103
28609,6,66.790,3,2742.664166666667,1766.2222916666667,813.0640625,15135.565833333334,96
28611,6,66.8x0,2,1865.484705882353,1776.8382352941176,1043.8670588235295,10352.040294117647,34
28638,6,67.120,4,257.4812,2829.3788,664.5972,5515.3612,25
28639,6,67.120,5,294.028,5083.445777777778,724.6395555555555,7669.889555555556,45
28640,6,67.120,6,88.76666666666667,3155.1996296296297,376.70037037037036,4688.449629629629,27
28641,6,67.120,8,185.10619047619048,4610.777142857143,625.015238095238,8236.597619047618,21
28648,6,67.2x0,2,485.9194871794872,2366.6107692307696,616.8230769230769,6136.215641025641,39
28649,6,67.2x0,3,633.5768907563026,2484.3968907563026,679.569243697479,6729.481848739496,119
28650,6,67.2x0,4,527.775294117647,2313.844285714286,667.7355462184873,6300.5498319327735,119
28651,6,67.2x0,5,618.4438095238095,2338.721785714286,575.8025,6382.75880952381,84
28655,6,67.320,2,310.2504651162791,1362.0903488372094,275.0856976744186,3564.5693023255817,86
28656,6,67.320,3,338.82088235294117,1425.9184033613446,339.1017647058824,3909.415294117647,238
28657,6,67.320,4,315.418417721519,1489.6671202531645,317.3430696202532,4037.6814556962026,316
28658,6,67.320,5,310.78301369863016,1500.5433219178083,319.96893835616436,4062.0800000000004,292
28659,6,67.320,6,205.88666666666666,1571.5552083333332,287.7814583333333,3915.0275,48
28668,6,67.390,2,249.09347826086955,1187.091304347826,356.8517391304348,3234.1417391304344,23
28669,6,67.390,3,543.5154639175257,1330.4702061855671,449.96226804123717,4621.993917525773,97
28670,6,67.390,4,558.7987619047619,1571.3007619047619,542.846380952381,5231.153047619047,105
28671,6,67.390,5,322.86172043010754,1581.1849462365592,461.3586021505376,4449.666666666667,93
28683,6,67.590,2,449.01675000000006,1698.4125,1600.3645000000001,6604.049249999999,40
28684,6,67.590,3,462.06754716981135,1828.4464150943397,1226.6784905660377,6162.454150943397,53
28695,6,68.120,2,350.055,1125.9880952380952,412.8311904761905,3850.167619047619,42
28696,6,68.120,3,344.438625,1234.07925,489.68675,3913.252625,80
28697,6,68.120,4,377.132875,1417.6945,654.114125,4435.82425,80
28698,6,68.120,5,325.7792,1441.1084,446.99300000000005,4210.7716,50
28701,6,68.160,2,672.6263636363636,1309.590909090909,395.4072727272727,5042.792272727273,22
28702,6,68.160,3,602.978,1592.87725,547.33,5560.38275,40
28703,6,68.160,4,347.9628571428571,1403.3714285714286,525.9271428571428,3926.741785714286,28
28709,6,68.210,2,788.0203243243244,1162.2145405405406,547.4889189189189,5051.3547027027025,185
28710,6,68.210,3,761.4853235294117,1079.833382352941,515.8881470588235,4860.286794117647,340
28711,6,68.210,4,709.6585882352941,1276.0921176470588,517.8889411764706,5026.445411764706,85
28712,6,68.210,5,394.84228070175436,1661.5540350877193,430.4475438596491,4625.695263157895,57
28719,6,68.230,3,880.9312121212121,1394.1506060606062,632.8190909090908,6324.698484848484,33
28720,6,68.230,4,805.0134722222223,1667.1897222222224,663.5601388888889,6730.465,72
28721,6,68.230,5,705.0018181818182,1490.7060606060606,543.5442424242424,6112.022727272727,33
28731,6,68.290,2,1978.0542105263157,3166.747894736842,1467.9215789473685,13394.865789473684,38
28732,6,68.290,3,2133.2205755395685,3610.1591366906473,1615.913381294964,14972.351079136692,139
28733,6,68.290,4,1431.0643362831856,3215.581460176991,1448.3386283185841,13187.40871681416,226
28734,6,68.290,5,963.0717073170732,3152.631707317073,1319.7285365853659,12120.89268292683,41
28738,6,68.291,2,1025.1956209150328,1547.7046666666668,587.9897254901961,7081.291934640523,765
28739,6,68.291,3,1144.525697375193,1713.8769171384458,676.8215903242409,7991.078080288215,1943
28740,6,68.291,4,1182.6786994219653,1873.0753179190751,780.01,8473.250717726396,2076
28741,6,68.291,5,747.602134292566,1772.2851318944845,613.2498201438849,7069.335731414868,834
28742,6,68.291,6,639.1536428571428,2104.9169285714283,605.6717142857142,7160.258785714285,140
28743,6,68.291,8,820.7957142857142,2642.945918367347,782.5504081632653,8253.543061224489,49
28746,6,68.310,4,2366.0725806451615,3418.7290322580648,1003.4412903225807,15713.336774193549,31
28750,6,68.390,4,1981.9978260869564,3940.8765217391306,1833.5682608695652,15938.62347826087,23
28754,6,68.410,3,3487.6226881720427,4616.199569892473,1882.2709677419357,22194.82623655914,93
28755,6,68.410,4,3264.975992366412,4012.4529103053437,1572.8999713740457,19432.180028625957,1048
28756,6,68.410,5,3394.4922941822174,4555.7487486278815,1608.996234906696,20064.71295279912,911
28757,6,68.410,6,3954.6545604395606,5505.470879120879,1754.489120879121,21878.82291208791,182
28758,6,68.410,8,4058.240224719101,5662.971235955056,1709.4329213483145,22857.68438202247,89
28762,6,68.490,3,5970.120416666668,7492.088333333333,4316.84375,33210.305,24
28763,6,68.490,4,3561.4734507042253,6063.490352112676,3127.249295774648,24483.156830985914,142
28764,6,68.490,5,4860.382122905028,7914.2697206703915,3611.0246368715084,28550.293016759777,179
28765,6,68.490,6,4852.133235294117,8760.006617647057,4497.180882352941,30919.158970588236,68
28766,6,68.490,8,3817.468333333333,7905.706666666667,4210.342777777778,26954.965,36
28770,6,68.510,5,4200.034583333333,3510.85,1453.1829166666666,23083.89791666667,24
28776,6,68.590,5,1896.3363414634146,3295.2065853658537,1336.7570731707317,17512.308780487805,41
28777,6,68.590,6,1682.3896078431371,3737.240392156863,1260.1250980392156,15912.284901960786,51
28778,6,68.590,8,2292.7008474576273,3868.9554237288135,1440.8745762711865,14848.68508474576,59
28781,6,68.610,3,6507.967333333333,6415.932333333333,2754.0416666666665,36955.735,30
28782,6,68.610,4,6030.652542372882,6827.864576271187,2871.708813559322,32371.35813559322,59
28783,6,68.610,5,6389.384615384615,8021.161057692308,3030.3424038461535,33050.313365384616,104
28784,6,68.610,6,5944.050263157895,8407.158421052633,3366.3523684210527,33253.80947368421,38
28789,6,68.690,4,5730.121428571429,7886.547619047619,4011.3293650793653,33557.67380952381,63
28790,6,68.690,5,4914.132584269662,8224.93606741573,4031.6059550561795,32358.502247191012,89
28791,6,68.690,6,5490.659473684211,9076.86789473684,4569.505263157895,34631.16684210527,38
28799,6,69.010,2,128.7447674418605,924.2596511627908,452.35930232558144,2745.95011627907,86
28800,6,69.010,3,198.86049504950495,913.9036633663367,466.2181188118812,2793.568811881188,101
28802,6,69.020,1,103.14778846153847,881.4075961538462,406.47865384615386,2774.276634615385,104
28803,6,69.020,2,170.30185983827494,1114.9269946091645,539.4222102425877,3441.4215633423178,742
28804,6,69.020,3,168.6312,1130.5001846153846,500.0450615384615,3435.5199384615385,650
28805,6,69.020,4,146.69285714285715,1183.041038961039,451.46220779220783,3090.7396103896103,77
28807,6,69.090,2,246.46315789473684,1345.7812030075188,543.7867669172932,3731.663834586466,133
28808,6,69.090,3,258.5642307692308,1466.5168639053254,496.77366863905326,3862.039230769231,338
28809,6,69.090,4,213.08111581920903,1693.3908333333334,529.1659039548023,4108.532005649718,708
28810,6,69.090,5,220.27412587412587,1830.3945104895106,432.4773776223776,4133.995804195804,286
28811,6,69.090,6,152.13701754385963,2494.379298245614,617.6050877192982,5067.127719298246,57
28812,6,69.090,8,259.1204347826087,2826.302173913043,629.5213043478261,5660.049565217391,46
28822,6,69.220,5,6850.5019354838705,2873.7270967741933,995.3903225806453,17685.817096774193,31
28833,6,69.490,3,1378.602380952381,1670.2533333333333,1211.8904761904762,9793.18761904762,21
28836,6,69.510,1,288.6046,811.658,466.7088,2693.9647999999997,50
28837,6,69.510,2,321.30676716917924,900.4893132328308,538.1382747068676,3291.007453936348,597
28838,6,69.510,3,412.444047267356,965.2333973412112,579.8684933530282,3565.6218020679466,677
28839,6,69.510,4,457.61715686274505,972.9323529411765,536.0903921568628,3745.0542156862743,102
28841,6,69.520,1,136.7444827586207,965.7458620689656,508.6696551724138,2777.6110344827584,29
28842,6,69.520,2,185.5258091286307,1016.4487966804979,493.3198340248963,3018.5860580912863,241
28843,6,69.520,3,198.08755760368663,1073.7462211981567,516.5464976958525,3239.3769124423966,217
28844,6,69.520,4,186.85848484848484,1279.5545454545456,563.4642424242425,3503.6330303030304,33
28847,6,69.590,2,168.0,1109.9259259259259,590.1233333333333,3081.4381481481482,27
28848,6,69.590,3,216.3191304347826,1307.9565217391305,540.0295652173913,3397.9073913043476,23
28857,6,69.910,8,91.91272727272728,2445.4963636363636,589.3559090909091,4577.278636363637,22
28862,6,70.0x0,2,33.03909090909091,1206.3381818181817,336.1906818181818,2182.2593181818183,44
28863,6,70.0x0,3,50.58414634146341,1456.0585365853658,504.630487804878,2816.3953658536584,41
28909,6,70.330,5,1129.652,1871.3167999999998,803.5888,7251.9331999999995,25
28937,6,70.530,6,14484.772592592592,3969.0585185185187,1476.214074074074,29034.266296296293,27
28978,6,71.090,2,237.22,1444.6084615384616,908.0792307692308,4444.428076923077,26
28996,6,71.220,2,175.63931034482758,970.4510344827587,406.7958620689655,3006.7255172413793,29
28997,6,71.220,3,181.73767857142857,1189.3037499999998,625.4307142857143,3472.7051785714284,56
28998,6,71.220,4,176.70876712328766,1253.6780821917807,499.7580821917808,3402.1968493150684,73
28999,6,71.220,5,233.78363636363636,1222.855909090909,586.9586363636364,3509.7586363636365,22
29013,6,71.290,3,130.2316129032258,978.5025806451614,259.73322580645157,2461.9425806451613,31
29014,6,71.290,4,148.09535714285715,1259.7671428571427,505.6446428571429,3434.3760714285713,28
29018,6,71.3x0,2,343.0504,1415.1368,587.2436,4880.4428,25
29019,6,71.3x0,3,220.75257142857143,1319.7514285714287,400.05657142857143,4066.0780000000004,35
29020,6,71.3x0,4,182.42508771929823,1397.0231578947369,443.0484210526316,4548.033333333333,57
29021,6,71.3x0,5,260.95428571428573,1528.5728571428572,356.5266666666667,4346.639047619047,42
29022,6,71.3x0,6,479.69045454545454,1500.7554545454548,601.3709090909091,5155.7186363636365,22
29035,6,71.710,2,231.696,1152.358,598.6136363636364,4323.04,55
29036,6,71.710,3,202.6858064516129,1271.16,623.9429032258064,3988.9625806451613,31
29049,6,72.1x0,2,626.0284848484848,1519.2402272727272,990.8294696969697,10218.495909090909,132
29050,6,72.1x0,3,689.6787301587302,1557.3336507936508,1087.6422222222222,11391.07015873016,63
29056,6,72.710,2,628.5965625,1539.0153125,625.613125,6874.666875,32
29063,6,73.090,2,196.1614285714286,1256.2452380952382,768.7852380952381,4885.248571428571,21
29069,6,73.4x0,1,71.65434782608695,893.2260869565217,358.03739130434786,2425.7565217391307,23
29070,6,73.4x0,2,65.79614213197969,1108.3578680203045,468.6515228426396,2888.212994923858,197
29071,6,73.4x0,3,105.69293193717277,1167.6087434554972,551.5885863874346,3327.3305759162304,191
29075,6,73.590,1,402.930625,1865.719375,683.5475,6178.511875,32
29076,6,73.590,2,322.58090909090913,1663.8170261941448,605.8367334360554,6110.921294298922,649
29077,6,73.590,3,286.75,1572.7336666666667,658.497358974359,5921.747564102564,390
29079,6,73.6x0,1,390.9735897435898,1339.4446153846152,938.63,5676.9382051282055,39
29080,6,73.6x0,2,481.3272423398329,1403.9190807799444,813.7997075208913,7615.376079387187,1436
29081,6,73.6x0,3,516.2725314183124,1477.0980430879713,885.2852064631957,8317.72750448833,557
29084,6,73.8x0,2,552.091875,1302.83375,715.961875,4952.586875,32
29085,6,73.8x0,3,999.9355555555555,1817.1144444444444,769.6444444444445,6362.494722222222,36
29094,6,74.1x0,1,1069.745759493671,1757.308670886076,1415.0467721518987,8740.362341772152,158
29095,6,74.1x0,2,1178.1465226956923,1656.4584483557203,1415.1559055118112,9726.799507874015,8636
29096,6,74.1x0,3,1318.0525886470857,1767.3372728656218,1540.2636006696086,10946.849933039111,6571
29097,6,74.1x0,4,1349.7566911764707,2017.5464338235295,1586.9075367647058,11466.75981617647,272
29103,6,74.3x0,2,852.2995238095237,1357.3739999999998,641.2715238095237,6569.788571428572,105
29104,6,74.3x0,3,1074.4807234042553,1508.1101276595746,743.018,7662.750808510638,235
29105,6,74.3x0,4,617.8821739130434,1536.5060869565218,683.7365217391305,6444.349999999999,23
29113,6,75.0x0,1,124.23214285714286,1067.385,695.0783928571428,3624.4166071428567,56
29114,6,75.0x0,2,188.5885496183206,1304.605038167939,794.9193511450381,4324.435267175572,262
29115,6,75.0x0,3,183.12576719576717,1430.404074074074,838.3425925925926,4614.36925925926,189
29116,6,75.0x0,4,447.96580645161293,1420.5232258064516,870.4983870967742,5249.402258064516,31
29120,6,75.340,2,49.5753807106599,1159.8068020304568,298.6930964467005,2505.6497969543148,197
29121,6,75.340,3,65.69815384615384,1359.1255384615386,547.4261538461539,3214.757230769231,130
29127,6,75.4x0,2,378.0514285714286,1510.162142857143,1157.3771428571429,6692.787857142857,28
29128,6,75.4x0,3,703.89,2594.382692307692,1984.0515384615383,10348.18423076923,26
29130,6,75.510,2,485.1290816326531,1642.7777551020408,712.9241836734694,7127.848367346939,98
29131,6,75.510,3,396.8572413793104,1555.5793103448277,783.1520689655173,6323.100689655173,29
29135,6,75.690,1,329.026265060241,1198.2924096385543,616.3997590361446,5321.3603614457825,83
29136,6,75.690,2,416.06464207564864,1289.0013785557987,704.6585214129415,7088.688643326039,3199
29137,6,75.690,3,388.85586504312533,1299.2095788939625,739.6288077118213,7148.19636732623,1971
29138,6,75.690,4,424.6265517241379,1287.8944827586208,753.3324137931035,7169.248275862069,29
29144,6,75.920,2,441.7822891566265,1466.8219277108433,754.0156626506024,7889.579036144579,83
29145,6,75.920,3,292.4882051282051,1318.3476923076923,644.8771794871794,6557.025897435898,39
29178,6,76.2x0,1,2302.8503125,1751.1525,1262.3040625,12115.1953125,32
29179,6,76.2x0,2,1957.9146666666668,1388.729,1029.6978333333334,10914.831666666667,60
29180,6,76.2x0,3,3820.0345901639344,2002.9678688524589,1611.2896721311474,15384.01,61
29181,6,76.2x0,4,3019.7179310344827,2010.6106896551723,1588.0658620689655,14374.842413793103,58
29182,6,76.2x0,5,2502.259111111111,1960.1928888888888,1530.1236666666666,12626.12511111111,90
29183,6,76.2x0,6,2228.9605555555554,2456.101666666667,1462.3416666666667,13964.976666666667,36
29184,6,76.2x0,8,1350.5803333333336,3430.0306666666665,1733.3703333333333,14354.594666666668,30
29222,6,76.650,2,22658.376818181816,12894.16909090909,1442.4940909090908,73419.96636363637,22
29261,6,76.760,5,19003.579583333332,4947.4608333333335,3397.2904166666667,43934.79083333333,24
29286,6,76.950,2,7286.6286956521735,7813.94,762.4152173913043,26045.840434782607,23
29297,6,76.970,2,1051.0732142857144,1705.605357142857,864.1821428571428,9953.324642857142,28
29412,6,77.490,5,2913.7752,6464.134400000001,2060.8948,15253.2556,25
29476,6,77.670,5,8507.748181818182,4071.299090909091,4598.314545454546,29309.495,22
29483,6,77.680,5,2849.432558139535,2721.1344186046513,2637.993023255814,14998.847906976744,43
29492,6,77.690,5,5974.492,4636.452909090909,2979.5036363636364,22402.725818181818,55
29493,6,77.690,6,3663.136923076923,4351.0605128205125,3652.918974358974,20180.353333333333,39
29494,6,77.690,8,4906.808275862069,4785.704137931034,3616.8382758620687,22300.682413793103,29
29663,6,78.610,2,965.1411904761904,1315.1785714285713,1099.645,6868.606190476191,42
29664,6,78.610,3,808.6028169014085,1428.3345070422536,931.7511267605634,6425.958028169014,71
29665,6,78.610,4,863.3702941176471,1407.0878431372548,957.5904901960783,6632.121078431373,102
29666,6,78.610,5,930.6601428571429,1707.224857142857,1132.8412380952382,7489.256238095239,210
29667,6,78.610,6,894.6673333333333,1676.5714666666668,896.6670666666666,7156.4477333333325,75
29670,6,78.620,0,836.6702564102563,856.3271794871796,437.5602564102564,5040.709487179488,39
29673,6,78.620,3,1323.4775,1443.7620000000002,1162.01975,7703.267750000001,40
29674,6,78.620,4,854.7270454545454,1320.5420454545454,1193.3879545454545,7146.438409090909,44
29675,6,78.620,5,1042.6215533980583,1699.2300970873787,1150.3703883495145,8195.949999999999,103
29676,6,78.620,6,1226.0855263157894,1820.9292105263157,1133.3636842105263,8221.276052631578,38
29677,6,78.620,8,767.5664,2061.8088000000002,935.824,7609.885200000001,25
29679,6,78.630,0,458.99285714285713,1035.247619047619,439.84285714285716,4969.411428571429,21
29680,6,78.630,1,621.704375,1139.761875,512.9590625,5540.778125,32
29681,6,78.630,2,733.9597777777778,1315.1275555555555,834.9095555555556,6436.954888888889,45
29682,6,78.630,3,920.1934065934066,1428.6043956043957,831.0204395604395,6923.347142857143,91
29683,6,78.630,4,783.9912359550561,1411.4011235955056,891.1956179775282,6695.925168539326,89
29684,6,78.630,5,798.8199371069182,1482.234968553459,946.7566666666667,6715.545660377358,159
29685,6,78.630,6,764.7230555555556,1765.6973611111111,1060.4736111111113,7546.5256944444445,72
29691,6,78.640,3,479.3296551724138,1354.1737931034484,736.1031034482758,5859.167586206896,29
29692,6,78.640,4,557.2804347826087,1264.655652173913,646.94,5457.88347826087,23
29693,6,78.640,5,539.4144736842105,1316.8968421052632,823.3557894736842,5965.068684210526,38
29696,6,78.650,0,1016.7669230769231,1194.75,387.64653846153846,6465.826538461538,26
29698,6,78.650,2,1203.4958620689654,1761.1096551724138,1107.3486206896553,8670.149655172414,29
29699,6,78.650,3,1218.6416363636363,1743.4647272727273,1054.302,8551.385818181818,55
29700,6,78.650,4,1345.6943636363637,1797.3358181818182,1268.4156363636364,8719.30490909091,55
29701,6,78.650,5,888.0134848484848,1788.3048484848484,1125.9616666666666,8080.037121212121,66
29702,6,78.650,6,962.1578260869566,1649.8021739130434,1009.9304347826088,7386.64,23
29707,6,78.660,3,755.5010714285714,1445.1785714285713,901.0971428571429,6277.960357142857,28
29708,6,78.660,4,882.2526530612245,1537.7257142857143,818.2616326530613,6939.863469387755,49
29709,6,78.660,5,609.1865,1485.8107857142859,813.0092857142857,6307.485142857143,140
29710,6,78.660,6,710.9359999999999,1644.221,741.8672857142857,6854.813999999999,70
29711,6,78.660,8,613.6312,2094.4296,1052.5048,7960.640799999999,25
29714,6,78.670,1,615.9587037037038,1195.5466666666666,629.3148148148148,5735.256851851852,54
29715,6,78.670,2,746.3160483870968,1275.2149193548387,748.2239516129033,6383.82814516129,124
29716,6,78.670,3,932.7209051724138,1411.2410775862068,884.6373706896552,7041.609956896552,232
29717,6,78.670,4,803.716714801444,1519.715451263538,969.6635018050541,7234.825306859206,277
29718,6,78.670,5,831.5974831460675,1561.5715505617977,963.0493932584269,7176.304966292135,445
29719,6,78.670,6,663.9216025641026,1606.0678205128206,970.0590384615384,7155.335,156
29720,6,78.670,8,544.5288888888889,2141.060222222222,1278.4531111111112,8422.461333333333,45
29723,6,78.680,2,645.1456666666667,1383.7373333333335,689.8116666666666,6353.473666666667,30
29724,6,78.680,3,538.096779661017,1361.3391525423729,790.6376271186441,6125.705593220339,59
29725,6,78.680,4,627.2165060240964,1289.56421686747,693.9678313253012,6697.876024096385,83
29726,6,78.680,5,644.3802205882354,1456.6311029411763,944.2347794117647,6786.238014705882,136
29727,6,78.680,6,689.0572727272728,1713.3545454545456,879.0109090909092,7879.781818181818,22
29732,6,78.690,2,1131.0641818181819,1535.2647272727272,1156.2281818181818,8205.305636363637,55
29733,6,78.690,3,1273.4917346938776,1867.037857142857,1924.3958163265306,9732.67918367347,98
29734,6,78.690,4,1207.8739884393065,1710.7326589595375,1450.459190751445,8565.516358381503,173
29735,6,78.690,5,1250.057594936709,1749.6955189873418,1354.219012658228,8566.686379746836,395
29736,6,78.690,6,1422.725806451613,2150.170322580645,1411.7020430107527,9645.238172043011,93
29776,6,79.020,5,425.67128205128205,1347.648717948718,846.461794871795,4971.538205128205,39
29778,6,79.020,8,959.3161538461538,2578.5007692307695,1319.4776923076922,7665.350384615384,26
29810,6,79.110,0,4300.0526,1793.2812,647.4540000000001,12317.7766,50
29818,6,79.120,0,3162.783076923077,1574.7134615384616,707.9992307692307,11355.181923076922,26
29846,6,79.150,4,5408.733,4720.03075,3822.2394999999997,25324.0685,40
29847,6,79.150,5,3774.648611111111,4429.911944444444,3197.043425925926,22048.47175925926,108
29848,6,79.150,6,3859.793944954128,5380.746146788991,2912.3254128440362,22884.59651376147,109
29849,6,79.150,8,4035.1692537313434,5594.456865671642,3123.502935323383,23544.742935323382,201
29850,6,79.150,9,3725.998634812287,7012.526348122867,3326.7070648464164,25837.632832764506,293
29854,6,79.160,3,5603.959666666667,4758.725,3916.6796666666664,27691.769333333337,30
29855,6,79.160,4,6245.7851515151515,4639.66696969697,3414.6666666666665,28095.342424242426,33
29856,6,79.160,5,6173.650476190476,4596.380476190477,3357.2335714285714,27799.949761904765,42
29910,6,79.310,0,3168.458579881657,1705.8631952662722,779.7217751479291,13449.937041420118,169
29911,6,79.310,1,4448.55115942029,3572.3171014492755,2133.0817391304345,21395.521449275362,69
29912,6,79.310,2,7488.954054054054,4226.338918918919,3398.575675675676,27576.233243243245,37
29913,6,79.310,3,6729.891707317073,3245.426463414634,3038.1976829268297,23559.114268292684,82
29914,6,79.310,4,6493.720833333333,3536.490625,3488.043125,22849.679999999997,96
29915,6,79.310,5,5745.466450381679,3515.354809160305,3105.7915648854964,21820.124541984733,262
29916,6,79.310,6,6573.090277777777,3912.7396296296297,2803.0744444444445,22479.668425925924,216
29917,6,79.310,8,6880.299731182796,4400.201827956989,2870.597956989247,23730.154784946237,186
29918,6,79.310,9,8029.437272727272,5789.087272727273,3783.3023636363637,28713.140545454546,55
29919,6,79.320,0,3959.116551724138,1780.698103448276,831.096724137931,13635.633103448276,58
29920,6,79.320,1,4051.072169811321,2081.341886792453,1265.727075471698,14067.24037735849,106
29921,6,79.320,2,6394.417228915663,2935.0761445783132,2782.4072289156625,21704.08626506024,83
29922,6,79.320,3,4803.404487179487,2774.306217948718,2490.871346153846,18412.941410256408,156
29923,6,79.320,4,5186.127631578947,3097.8494736842104,2804.0459210526315,20309.813157894736,152
29924,6,79.320,5,4639.1248961424335,3136.334866468843,2834.6323145400593,19225.074035608308,337
29925,6,79.320,6,5532.453381294964,3197.205395683453,2864.9303597122303,19907.491294964027,139
29926,6,79.320,8,6215.153950617284,4095.114074074074,2609.1917283950615,21742.92740740741,81
29927,6,79.320,9,5444.2404166666665,4902.797083333334,3306.0725,22613.201666666664,24
29929,6,79.330,1,2788.8302702702704,1803.636216216216,1233.3105405405404,10427.924324324325,37
29930,6,79.330,2,3582.903958333334,2209.4835416666665,1636.385625,13414.750833333334,48
29931,6,79.330,3,2423.1507142857145,2343.578095238095,1563.6261904761905,12359.64619047619,42
29932,6,79.330,4,3090.6075,2148.5244444444447,1843.079722222222,13244.306666666665,36
29933,6,79.330,5,3908.746862745098,2590.0533333333333,2022.2978431372549,15677.220784313726,51
29937,6,79.340,1,1766.635925925926,1399.6925925925925,782.8981481481482,8605.646666666666,27
29938,6,79.340,2,1438.0434782608695,1273.533260869565,1098.1632608695652,8346.424565217392,46
29939,6,79.340,3,1988.8914606741573,1470.6042696629213,1074.860224719101,8863.959325842698,89
29940,6,79.340,4,2198.747976190476,1415.8814285714284,1584.3200000000002,10540.562976190477,84
29941,6,79.340,5,2386.623918918919,1730.910337837838,1757.0357432432434,11477.857162162163,148
29942,6,79.340,6,1486.6170588235293,1405.4020588235294,1234.3876470588236,8520.42,34
29945,6,79.350,0,4449.61275,3142.20975,1717.10225,19241.99825,40
29946,6,79.350,1,8326.521395348836,5111.674651162791,3037.1420930232557,29564.03441860465,43
29947,6,79.350,2,8855.10975,6304.908,5846.034000000001,41001.576,40
29948,6,79.350,3,9589.32693877551,7796.95387755102,7382.563469387755,47422.64489795919,49
29949,6,79.350,4,8935.472823529413,5860.83905882353,5718.641882352941,36287.341411764704,85
29950,6,79.350,5,7876.194444444444,5368.575797101449,4412.839710144928,32015.49198067633,207
29951,6,79.350,6,6944.224347826088,6075.426273291925,4524.775776397516,31561.02906832298,161
29952,6,79.350,8,6814.840739299611,6845.427003891051,4475.864708171206,30985.415953307394,257
29953,6,79.350,9,5275.1205351170565,7580.238829431439,4280.1927424749165,29823.2143812709,299
29954,6,79.360,0,5632.57696969697,2799.3893939393943,1348.8221212121211,18669.13121212121,33
29955,6,79.360,1,5735.142929936306,2779.428152866242,1872.6289808917197,19791.46025477707,157
29956,6,79.360,2,6377.8950828729285,3579.928508287293,3075.385856353591,23951.08651933702,181
29957,6,79.360,3,6612.245261437909,3762.531470588235,3274.106078431372,24982.669673202614,306
29958,6,79.360,4,7592.151569086652,3984.3904215456673,3553.6604918032785,27177.002693208433,427
29959,6,79.360,5,7191.08793150685,4237.160630136986,3646.370917808219,26669.6148630137,730
29960,6,79.360,6,6881.403721590908,4488.462443181818,3953.063380681818,27441.203664772725,352
29961,6,79.360,8,7857.777379679145,4802.703155080214,4015.739946524064,28331.54550802139,187
29962,6,79.360,9,6229.866756756757,6160.834864864865,3512.064054054054,28348.477027027024,37
29965,6,79.370,2,5590.233953488372,3149.4055813953487,2248.946976744186,20523.194186046512,43
29966,6,79.370,3,5346.008777777777,3185.9359999999997,2455.0023333333334,20121.226333333336,90
29967,6,79.370,4,5159.88432,3205.73904,3169.55104,20642.58264,125
29968,6,79.370,5,5034.167035175879,3114.309095477387,3466.4515577889447,21681.87537688442,199
29969,6,79.370,6,6416.7195,3522.2005,3795.83125,23957.29375,40
29976,6,79.380,4,6415.462380952381,1629.4542857142858,2012.8838095238093,19438.58142857143,21
29977,6,79.380,5,2382.975357142857,1531.4535714285714,2578.987857142857,13722.13107142857,28
29982,6,79.390,1,3587.069381443299,2339.355670103093,1719.786494845361,14576.763711340207,97
29983,6,79.390,2,4164.738461538462,3112.433846153846,2530.0424175824173,18410.99197802198,91
29984,6,79.390,3,6824.431899441341,4621.143910614525,5582.837039106145,28943.791564245814,179
29985,6,79.390,4,6134.769126984127,4200.635833333333,3506.378888888889,24154.561944444446,252
29986,6,79.390,5,7759.467517482517,4861.753024475524,4135.981118881119,27585.528706293706,572
29987,6,79.390,6,6977.552226720647,5171.349999999999,4018.257165991903,27084.31983805668,247
29988,6,79.390,8,6232.450535714286,4810.174702380952,3283.2535119047616,23577.533214285715,168
29989,6,79.390,9,9636.789999999999,6500.578709677419,4241.053870967742,31203.997096774194,31
30011,6,79.640,3,829.8975,842.755,914.07875,6467.712916666666,24
30012,6,79.640,4,774.3911428571429,1188.5234285714287,1296.5034285714287,7112.308,35
30013,6,79.640,5,610.121568627451,1123.7986274509803,999.8019607843138,6424.877647058824,51
30085,6,79.810,5,6399.471794871794,2941.390512820513,2810.220512820513,19943.361025641025,39
30105,6,79.850,0,3584.3869565217387,2664.9008695652174,1134.5465217391304,24812.538260869565,23
30150,6,80.160,5,2566.8017391304347,3962.7782608695647,2734.373043478261,17898.09956521739,23
30186,6,80.410,5,1000.5401639344262,2040.1190163934425,723.4403278688525,10795.216885245902,61
30216,6,80.460,5,159.10428571428574,1517.230612244898,826.9197959183673,9293.65775510204,49
30217,6,80.460,6,680.6997619047619,2068.9380952380952,1005.0490476190475,11165.884523809524,42
30234,6,80.510,3,5527.798163265305,3811.451224489796,2073.1479591836733,19378.931020408163,49
30235,6,80.510,4,10689.704337349398,4629.822530120482,2721.0326506024094,28434.216385542168,83
30236,6,80.510,5,11595.714594594596,4976.869135135135,3108.098432432432,30497.053405405404,185
30237,6,80.510,6,14499.563979591838,5962.745408163266,3522.2760204081633,35134.51928571429,98
30238,6,80.510,8,12264.964084507043,6404.852112676056,3848.8038028169017,33201.42028169014,71
30241,6,80.511,2,4250.256603773585,3486.054716981132,1602.5996226415093,15964.945849056603,53
30242,6,80.511,3,4482.326642857142,3430.1315714285715,1582.8742142857143,16593.618285714285,140
30243,6,80.511,4,4013.6520588235294,3672.239068627451,1632.5136274509805,16590.330392156862,204
30244,6,80.511,5,4841.7942,3870.3864,1962.2549,18237.616266666668,300
30245,6,80.511,6,4436.083606557378,4232.501803278688,2025.0669945355191,18793.44,183
30246,6,80.511,8,4585.405873015873,4748.872380952382,2143.9492857142855,20143.045634920636,126
30250,6,80.520,3,1108.3678125000001,2457.0321875,745.2821875000001,8312.4946875,32
30251,6,80.520,4,1127.519152542373,2743.7467796610167,1119.4515254237288,9107.811186440678,59
30252,6,80.520,5,1306.5521014492754,2731.3442028985505,1141.9828260869565,9694.36304347826,138
30253,6,80.520,6,1460.2796202531645,3023.5256962025314,1331.6056962025318,11098.023417721519,79
30254,6,80.520,8,1102.5177464788733,3388.687605633803,1561.0712676056337,10868.239014084507,71
30255,6,80.520,9,1439.5648484848484,3465.981818181818,1873.0487878787878,12019.997272727273,33
30259,6,80.590,4,1777.3796153846156,3254.923076923077,741.3930769230769,9762.146153846154,26
30260,6,80.590,5,1761.159777777778,2437.3506666666667,978.8919999999999,9532.92088888889,45
30267,6,80.6x0,3,2274.437551020408,2582.0428571428574,770.0302040816327,13121.975510204082,49
30268,6,80.6x0,4,2604.077590361446,2585.6345783132533,910.9425301204819,13480.265903614458,83
30269,6,80.6x0,5,2582.512045454546,2542.064393939394,907.6993181818182,13317.115757575757,132
30270,6,80.6x0,6,2573.944761904762,2765.4192063492064,1165.186507936508,14485.520317460318,63
30300,6,80.760,4,3834.397894736842,3501.991842105263,1622.862105263158,17409.450263157894,38
30301,6,80.760,5,3984.4001886792453,3219.345849056604,1362.9845283018867,16855.323962264152,53
30351,6,80.860,3,2407.04,2988.7284615384615,1579.9257692307692,14608.365,26
30352,6,80.860,4,4099.458461538461,3094.9584615384615,2157.6961538461537,16420.96,26
30353,6,80.860,5,3633.6344444444444,3454.8913888888887,1875.4211111111113,16710.938333333335,36
30354,6,80.860,6,2459.2110344827584,4502.921034482759,3971.785172413793,20417.962068965517,29
30388,6,81.020,4,11993.664827586208,7945.095,7555.936034482758,48283.47844827586,58
30389,6,81.020,5,10136.05408,6569.897599999999,2838.84504,37857.91648,125
30390,6,81.020,6,8536.619777777778,7626.824888888888,2661.924222222222,38600.351111111115,45
30391,6,81.020,8,11264.984999999999,7938.046153846154,3667.933846153846,45754.88615384616,26
30404,6,81.050,1,15816.5604,12580.586399999998,5020.4768,74359.4612,25
30405,6,81.050,2,11869.606153846154,11716.962692307694,5724.974615384615,66950.14846153845,26
30406,6,81.050,3,15141.315714285713,13719.679642857143,8290.49892857143,81859.91214285714,28
30407,6,81.050,4,14663.435277777779,10888.83388888889,6080.636388888889,58168.25194444445,36
30408,6,81.050,5,14166.502432432433,7581.764999999999,4555.590135135135,44435.09027027027,74
30409,6,81.050,6,15895.432608695653,9946.533260869564,4418.084565217391,49789.01260869565,46
30410,6,81.050,8,14214.102499999999,9751.403214285714,4949.5650000000005,47850.07214285714,28
30415,6,81.060,5,14112.433333333332,7049.988666666667,3239.6780000000003,40175.98833333333,30
30416,6,81.060,6,14117.927586206897,7103.366206896551,1893.2975862068965,39353.527931034485,29
30423,6,81.070,5,13562.035918367346,6585.658163265306,3198.6067346938776,38460.50265306122,49
30424,6,81.070,6,14600.846,7073.3051428571425,3618.972,40627.23685714286,35
30429,6,81.080,3,12150.868918918919,4758.75972972973,3033.1864864864865,32187.90756756757,37
30430,6,81.080,4,11274.810000000001,4752.834557823129,2960.833469387755,31919.285850340133,147
30431,6,81.080,5,11489.110892448512,5329.1875286041195,3315.4529748283753,33061.29171624714,437
30432,6,81.080,6,12054.229583333334,6027.7054761904765,3642.661964285714,36083.076101190476,336
30433,6,81.080,8,12491.876679841896,6358.185928853755,3711.4325691699605,37364.14505928854,253
30434,6,81.080,9,15806.652272727271,6247.609090909091,5648.737727272727,42022.862727272724,22
30438,6,81.110,5,8760.11619047619,3136.0295238095237,2122.6471428571426,23828.025714285715,21
30502,6,81.450,1,18481.331506849314,3464.3583561643836,1540.2686301369863,36028.882328767126,73
30503,6,81.450,2,20026.786428571428,3450.4278571428567,1541.6081746031746,36764.12150793651,126
30504,6,81.450,3,18713.916446280993,3617.7176859504134,1569.3787603305784,36668.116115702476,121
30505,6,81.450,4,18138.68719512195,3562.875731707317,1857.3286585365854,37191.416707317076,82
30506,6,81.450,5,19961.863076923077,3763.4066666666663,1914.6770512820513,37241.31256410256,78
30513,6,81.460,5,10092.54238095238,4051.5885714285714,2275.3719047619047,27403.32761904762,21
30516,6,81.470,1,6507.189032258064,1797.337741935484,914.2790322580645,16170.832580645161,31
30517,6,81.470,2,5232.856086956522,2123.9997826086956,1216.725652173913,17566.819130434782,46
30518,6,81.470,3,6805.083670886076,2389.0721518987343,1146.0817721518988,18569.819746835445,79
30519,6,81.470,4,5207.398429319372,2286.9532984293196,1326.9394240837696,16148.949319371726,191
30520,6,81.470,5,4867.532071823205,2420.2921270718234,1498.1816298342542,16582.49546961326,362
30521,6,81.470,6,4322.36694214876,2736.7469421487604,1626.4042975206612,16406.86289256198,121
30522,6,81.470,8,3623.879787234043,3459.084893617021,2278.068936170213,17935.94595744681,47
30532,6,81.510,3,8345.031636363636,3818.7987272727273,2281.766181818182,30226.478,55
30533,6,81.510,4,10143.393461538462,4345.452499999999,2482.3541666666665,29511.50282051282,156
30534,6,81.510,5,9890.271290322582,4461.243179723502,2601.5341013824886,29043.063594470044,434
30535,6,81.510,6,10578.488197183098,4968.207577464788,2791.6838309859154,30097.528253521126,355
30536,6,81.510,8,11047.861623931625,5748.4931623931625,3070.338376068376,32398.306866096867,351
30537,6,81.510,9,12542.365342465753,6918.40712328767,4205.336575342466,37546.65616438356,73
30541,6,81.520,6,11875.22057142857,5360.422857142857,3570.7657142857142,31812.592857142856,35
30542,6,81.520,8,12002.26556818182,5954.001136363636,3374.4542613636363,31763.112897727275,176
30543,6,81.520,9,12192.279174041298,6612.617463126843,4156.717758112095,35513.40471976401,339
30547,6,81.540,4,7917.82435897436,4275.631282051282,2775.134358974359,25144.255384615382,39
30548,6,81.540,5,9276.229870967742,4373.178580645162,2345.2431612903224,26208.85122580645,310
30549,6,81.540,6,8410.32449752883,4554.845485996705,2619.806441515651,26063.89583196046,607
30550,6,81.540,8,8380.847103448277,4703.685172413793,2704.007333333333,27151.603862068965,435
30551,6,81.540,9,8143.2560465116285,5508.479069767442,2657.61,27774.050930232555,43
30560,6,81.650,5,3083.614938271605,5036.962962962963,1545.167901234568,15309.733333333332,81
30561,6,81.650,6,2593.328565891473,4396.607441860465,1371.0667441860467,13271.224999999999,258
30562,6,81.650,8,2534.88574610245,4418.8704899777285,1376.8198886414255,12989.638908685969,449
30563,6,81.650,9,2428.9306589147286,4399.912403100775,1368.299379844961,12807.58996124031,258
30566,6,81.660,5,4318.6891428571425,4449.9915,1745.2169285714285,17106.876642857143,140
30567,6,81.660,6,4191.383221153846,4455.142307692307,1779.1321394230768,15312.485288461537,416
30568,6,81.660,8,3699.191771501926,4520.236148908857,1939.1866495507059,15132.85323491656,779
30569,6,81.660,9,3593.8766267942583,4604.423133971292,1722.277248803828,14806.867990430623,418
30589,6,81.830,4,15643.964925373135,2645.51947761194,1663.1820149253733,28889.86917910448,134
30590,6,81.830,5,18285.680575757575,2763.492878787879,1774.8050606060608,32085.813272727275,330
30591,6,81.830,6,20201.48251121076,3091.386995515695,1760.8208071748877,35088.841704035876,223
30592,6,81.830,8,18103.61987341772,3338.1082278481013,2031.2167088607594,33239.225696202535,79
30605,6,81.910,3,105.25741935483872,2302.1838709677418,1370.9061290322581,6595.24,31
30606,6,81.910,4,165.97073170731707,2991.4212195121954,1314.840243902439,7298.864878048781,41
30607,6,81.910,5,102.20701612903225,3013.7332258064516,1701.0915322580645,7888.679596774194,124
30608,6,81.910,6,136.9252380952381,3453.389714285714,1969.2850476190476,8533.090952380953,105
30609,6,81.910,8,157.78447916666667,3224.159791666667,2091.404270833333,8887.597604166667,96
30610,6,81.910,9,124.99575757575757,3103.8742424242428,1870.3760606060607,7636.268787878787,33
30613,6,81.920,2,144.93999999999997,2252.251612903226,586.0564516129032,6593.876129032258,31
30614,6,81.920,3,117.69278481012658,2082.9664556962025,700.546075949367,5979.792025316456,79
30615,6,81.920,4,106.95058139534883,2284.498565891473,978.0633720930233,7620.113178294573,258
30616,6,81.920,5,174.09949565217389,2458.4456173913045,1170.5999826086957,7608.721756521739,575
30617,6,81.920,6,171.10158018867926,2585.1938443396225,1500.1395754716982,8015.861132075472,424
30618,6,81.920,8,154.98725440806047,3001.7985138539043,1620.5407808564232,8710.812670025189,397
30619,6,81.920,9,122.66034722222223,3049.3993055555557,1806.3520833333334,9106.247500000001,144
30629,6,81.940,1,9318.536176470589,2022.6626470588235,1167.0779411764706,20762.259705882352,34
30630,6,81.940,2,9732.435833333333,1992.871666666667,978.1780555555556,22354.48,36
30631,6,81.940,3,8824.898333333333,2289.6891666666666,1055.5183333333332,20978.522916666665,24
30644,6,81.960,1,10678.54590909091,2912.212727272727,1559.6672727272728,25617.304545454543,22
30653,6,82.010,0,653.198076923077,852.9961538461539,570.1446153846153,4788.488076923077,26
30657,6,82.010,5,524.5482926829268,1250.9868292682927,486.20317073170725,4149.249512195122,41
30675,6,82.210,3,360.84999999999997,1260.8536363636363,289.8836363636364,3712.010454545454,22
30676,6,82.210,4,492.4167741935484,1552.2016129032259,294.50451612903225,4030.141612903226,31
30677,6,82.210,5,381.5588888888889,1499.3057407407407,456.5503703703704,4314.87962962963,54
30693,6,82.290,5,554.2291304347826,1658.371304347826,476.5460869565217,4780.0017391304345,23
30712,6,82.360,5,3013.0917391304342,1269.3034782608695,2602.8347826086956,11172.377826086955,23
30728,6,82.440,5,1264.9066666666668,1185.740476190476,1483.9938095238094,7977.0290476190485,21
30733,6,82.450,1,1794.37,1110.435,714.0259090909091,6494.954545454545,22
30734,6,82.450,2,833.1052777777777,921.2275000000001,778.5788888888889,5303.175277777777,36
30735,6,82.450,3,998.5159615384616,1064.833076923077,847.8226923076923,5960.133269230769,52
30736,6,82.450,4,1094.4925352112675,1121.4380281690142,1076.6154929577465,6485.610704225352,71
30737,6,82.450,5,871.6131730769231,1136.1924038461539,1094.0441346153846,6765.582596153846,104
30738,6,82.450,6,1034.0223076923075,1755.8176923076924,995.8646153846154,7683.824230769231,26
30739,6,82.450,8,2215.1739130434785,1773.8734782608694,1366.2069565217391,9878.668260869565,23
30806,6,83.090,5,415.4604545454545,2194.812727272727,3954.320909090909,11459.127727272727,22
30824,6,83.190,0,1763.4534782608696,1040.7895652173913,532.5260869565218,7329.7626086956525,23
30836,6,83.210,5,1036.3236363636365,7006.186363636364,1807.4513636363636,14211.755,22
30837,6,83.210,6,975.265238095238,6522.638571428572,1546.8038095238094,13263.136666666667,21
30851,6,83.310,4,362.00586206896554,1728.6172413793104,444.7248275862069,4588.838620689656,29
30852,6,83.310,5,590.1875806451612,1569.4287096774194,393.7270967741935,4678.01,62
30853,6,83.310,6,381.26521739130436,1571.9217391304346,548.1878260869565,5137.278695652174,23
30859,6,83.320,3,1467.5608695652174,1780.1017391304347,675.5539130434782,7757.589130434782,23
30860,6,83.320,4,1038.105172413793,2001.0148275862068,989.4986206896551,8394.013448275862,29
30861,6,83.320,5,1012.2769135802469,2651.0507407407404,1079.5402469135802,9063.199999999999,81
30862,6,83.320,6,1338.1644444444444,2720.485111111111,802.8117777777777,8858.786222222223,45
30865,6,83.390,0,1249.801111111111,1242.891851851852,649.6222222222221,6940.327407407407,27
30867,6,83.390,2,715.4962162162162,1999.622972972973,497.2648648648648,6764.98945945946,37
30868,6,83.390,3,918.73,1906.0248863636364,858.0113636363636,7187.511022727273,88
30869,6,83.390,4,1290.579043478261,2229.1403478260872,1123.7584347826087,8991.264,115
30870,6,83.390,5,1205.9766666666667,2258.8166183574876,977.7889855072464,7900.886231884057,207
30871,6,83.390,6,1296.1616541353383,2405.1123308270676,1359.3179699248121,8978.488120300752,133
30872,6,83.390,8,1124.1015584415586,2529.0781818181817,1227.3407792207793,8451.351948051948,77
30885,6,83.450,4,4913.971428571429,3863.5490476190475,2817.2738095238096,20473.581904761904,21
30886,6,83.450,5,2330.124318181818,2803.6059090909093,2172.7554545454545,13914.672272727272,44
30887,6,83.450,6,3437.41125,4080.6643750000003,3011.61,17619.82,32
30898,6,83.640,2,1285.0111764705882,1491.2244117647058,1182.704411764706,8443.28205882353,34
30899,6,83.640,3,2217.495853658537,1780.2034146341462,1308.9843902439025,10623.044146341463,41
30900,6,83.640,4,2806.264390243902,1787.0114634146341,1169.1819512195123,11801.918292682927,41
30901,6,83.640,5,1348.5198181818182,1636.0325454545452,1220.502909090909,8369.33709090909,55
30910,6,83.650,5,2098.241,2761.2803333333336,2071.473,13648.267666666668,30
30959,6,83.910,3,419.93125,1157.0339285714285,557.4705357142858,6740.109642857143,56
30960,6,83.910,4,38.21039682539683,1460.9055555555556,755.7993650793651,6875.562063492064,126
30961,6,83.910,5,87.62444444444445,1484.557288888889,825.2612444444444,6779.530444444445,225
30962,6,83.910,6,66.8818320610687,1793.0687022900763,1069.542824427481,7585.304885496183,131
30963,6,83.910,8,65.92528846153846,1889.864423076923,1399.131730769231,8184.961538461538,104
30964,6,83.910,9,116.68714285714286,1387.732142857143,993.2135714285714,7687.1507142857145,28
30980,6,83.980,3,17.502903225806453,1188.0870967741935,430.32645161290327,6466.152258064516,31
30981,6,83.980,4,56.214047619047626,1387.588095238095,777.7330952380953,7164.401904761905,42
30982,6,83.980,5,46.68557142857143,1768.7171428571428,831.8387142857142,6914.264714285715,70
30983,6,83.980,6,78.52644067796611,2079.5745762711863,1440.1586440677966,7457.790847457627,59
30984,6,83.980,8,105.28717948717949,1885.6976923076925,1256.1294871794873,7126.42923076923,39
30990,6,84.010,4,569.0925,1100.9475,1536.42875,7180.2108333333335,24
30991,6,84.010,5,2666.2170370370372,2121.75,2552.685925925926,15196.414074074073,27
31052,6,84.220,3,8695.907857142856,1468.1957142857143,4288.969285714285,26458.98285714286,28
31053,6,84.220,4,10101.939615384616,2055.0938461538462,6732.196923076923,35117.01346153846,26
31054,6,84.220,5,6769.29375,1662.1725,5472.74,27229.3385,40
31103,6,84.820,5,9313.055681818181,4643.532272727273,2859.98,25330.067272727272,44
31109,6,85.0x0,2,426.46590909090907,1219.5022727272726,762.8797727272727,4403.327954545454,44
31110,6,85.0x0,3,382.9752941176471,1439.569705882353,681.3267647058824,4414.921764705882,34
31115,6,85.110,2,438.3472,1609.464,287.87559999999996,3238.9840000000004,25
31116,6,85.110,3,858.3892753623188,3005.4773913043477,883.8901449275362,5825.976956521738,69
31117,6,85.110,4,1889.5487356321837,5305.169885057471,1402.4064367816093,10234.735747126437,87
31118,6,85.110,5,1912.041923076923,5357.1560576923075,1990.8141346153848,10685.159326923078,104
31119,6,85.110,6,1328.1037142857142,4554.062857142858,1256.2428571428572,8421.861142857144,35
31134,6,85.200,3,683.0142857142857,1911.3071428571427,2163.0157142857142,11908.795,28
31138,6,85.210,1,1596.4537888198759,1379.1096894409939,243.40863354037268,4923.44850931677,161
31139,6,85.210,2,2575.146517467249,1387.9939737991267,225.75481441048035,5917.271855895196,916
31140,6,85.210,3,2891.3168828125,1535.768265625,214.88404687500002,6399.706734375,1280
31141,6,85.210,4,2983.168271857923,1742.248517759563,226.62245218579235,6661.043463114755,1464
31142,6,85.210,5,2889.046051401869,1788.875011682243,224.96741822429905,6578.325946261682,856
31143,6,85.210,6,2605.830687830688,2172.703703703704,287.56703703703704,7178.067724867725,189
31144,6,85.210,8,1956.2951851851851,2751.2555555555555,466.21074074074073,7377.321481481481,27
31147,6,85.220,2,879.7089285714285,1872.5607142857145,718.3021428571428,6327.880714285714,28
31148,6,85.220,3,1694.6005405405406,2508.972972972973,949.134054054054,8462.598918918919,37
31149,6,85.220,4,930.8418867924529,2324.515094339623,768.5324528301887,7029.631320754717,53
31150,6,85.220,5,1010.9030769230769,2254.4307692307693,825.5534615384615,7071.412307692308,26
31155,6,85.230,2,1683.1361538461538,2594.1676923076925,1102.4573076923077,7996.868461538461,26
31156,6,85.230,3,2347.762033898305,4334.405593220339,1865.0049152542374,12706.106779661017,59
31157,6,85.230,4,2276.3224418604655,4779.902441860465,1812.3652325581395,13942.227558139535,86
31158,6,85.230,5,2316.781772151899,6570.121898734177,2059.323670886076,16288.105696202532,79
31159,6,85.230,6,3873.790909090909,8538.373636363636,3287.009545454545,22044.70772727273,22
31162,6,85.240,3,666.3100000000001,1473.7833333333335,439.7083333333333,5392.525000000001,24
31177,6,85.330,3,18914.042083333334,6864.069166666667,2044.7179166666667,44402.60999999999,24
31178,6,85.330,4,16950.056666666667,6215.044814814814,1734.9885185185185,42810.054444444446,27
31198,6,85.410,4,2403.5794285714287,7325.925428571429,2024.8028571428574,18410.488857142856,35
31199,6,85.410,5,2912.035178571429,8679.973571428573,2281.1662499999998,21790.73392857143,56
31200,6,85.410,6,1729.0933333333335,8339.48606060606,1631.348181818182,18268.668484848487,33
31211,6,85.430,3,3875.443559322034,6934.71186440678,2316.945254237288,21061.85949152542,59
31212,6,85.430,4,2699.457282051282,6676.2026153846155,2498.0429743589743,19168.795948717947,195
31213,6,85.430,5,2894.1015238095238,6488.704031746031,2156.1106666666665,18751.153174603176,315
31214,6,85.430,6,2741.8105925925925,7121.304074074074,2000.1265925925927,19178.892444444446,135
31215,6,85.430,8,2725.3108695652177,7073.835217391304,2197.3152173913045,19627.46,46
31223,6,85.450,4,5746.812857142857,6815.248571428571,1748.177619047619,21337.20095238095,21
31224,6,85.450,5,4131.309444444445,6864.293333333333,2534.2633333333333,21529.3025,36
31251,6,85.940,5,1659.8814285714286,2310.0476190476193,1155.655238095238,14055.680000000002,21
31262,6,86.010,4,649.8557142857143,3131.5799999999995,2240.9171428571426,9006.657142857144,21
31263,6,86.010,5,399.74107142857144,2726.005,1664.1032142857143,7745.141785714286,28
31265,6,86.010,8,361.19624999999996,3100.6241666666665,1560.1179166666668,8289.695,24
31266,6,86.010,9,159.0194736842105,2449.6552631578948,840.6044736842106,6509.518157894737,38
31270,6,86.040,0,390.6737777777778,1191.830888888889,791.266888888889,4823.6288888888885,45
31271,6,86.040,1,424.60535714285714,1360.810714285714,831.6685714285715,4646.592142857143,28
31272,6,86.040,2,821.3293548387096,1450.09,1530.3480645161292,6738.5,31
31273,6,86.040,3,835.3807017543859,1986.1156140350877,2001.867543859649,8772.933157894737,57
31274,6,86.040,4,801.0792307692308,1856.072307692308,1609.3161538461538,8092.236666666666,39
31275,6,86.040,5,779.1574193548387,2255.6772043010756,1901.1081720430107,8614.841505376344,93
31276,6,86.040,6,813.8028333333333,3084.0346666666665,2251.6715,11162.025333333333,60
31277,6,86.040,8,950.7845833333332,3972.773333333333,2084.9445833333334,11729.850833333332,48
31278,6,86.040,9,676.165652173913,2987.1247826086956,1904.1252173913042,10564.251739130435,23
31284,6,86.050,5,194.73394736842107,1974.7610526315789,459.08157894736837,4163.178684210527,38
31285,6,86.050,6,154.1859090909091,2481.9563636363637,728.72,5352.878636363636,22
31290,6,86.060,5,670.3385294117646,3620.375,1031.510588235294,6886.5344117647055,34
31291,6,86.060,6,1563.2028,3971.312,1613.9892000000002,9989.699200000001,25
31297,6,86.070,3,4727.1184,3271.9288,4603.6776,14762.5128,25
31298,6,86.070,4,4972.305211267605,4689.145633802817,3576.4121126760565,16400.218028169013,71
31299,6,86.070,5,4847.000839694656,4353.016183206107,4051.8421374045797,16626.472671755724,131
31300,6,86.070,6,5172.350547945206,4828.959178082192,3833.010684931507,18678.66397260274,73
31301,6,86.070,8,4871.29875,4191.21875,3153.0454166666664,15677.633125,48
31316,6,86.110,4,134.8605,3665.07225,1419.7865,7770.69375,40
31317,6,86.110,5,390.34159420289853,4159.040579710145,2388.664492753623,10282.64115942029,69
31318,6,86.110,6,318.54148936170213,3141.6817021276597,1611.4610638297872,7434.962553191489,47
31319,6,86.110,8,198.6369230769231,3467.685576923077,1314.8348076923078,8060.117884615384,52
31320,6,86.110,9,304.54785714285714,4270.652142857142,2167.3885714285716,10620.898214285715,28
31327,6,86.210,2,443.04782608695655,1587.806956521739,1416.58,7646.962608695653,23
31332,6,86.220,0,1318.4547619047619,1306.6574603174604,790.4644444444444,7284.3073015873015,63
31333,6,86.220,1,1498.4202631578949,2113.5873684210524,1731.3884210526314,10521.60105263158,38
31334,6,86.220,2,1023.6918947368421,2042.9664210526316,2201.602105263158,10577.661894736842,95
31335,6,86.220,3,2479.400303030303,2069.950202020202,2044.321212121212,12978.769595959595,99
31336,6,86.220,4,4180.079662162162,2278.63722972973,2634.7350675675675,15997.030878378377,148
31337,6,86.220,5,2085.1777742946706,3052.1941065830724,2806.191410658307,15041.760219435737,319
31338,6,86.220,6,2445.4296858638745,3297.885759162304,2835.920366492147,15816.852984293193,191
31339,6,86.220,8,2122.5131884057973,4178.429782608695,3901.7443478260866,18343.696811594204,138
31340,6,86.220,9,1055.4652542372883,4625.356779661017,2861.1042372881357,14877.693559322035,59
31366,6,86.280,0,1084.4675471698113,1077.42,1068.3737735849056,6779.929811320754,53
31367,6,86.280,1,387.32722222222225,1734.6341666666667,1576.5122222222224,6958.860833333333,36
31368,6,86.280,2,629.2305660377359,1488.8116981132075,1394.7135849056606,6300.062641509434,53
31369,6,86.280,3,888.1406999999999,1964.3410000000001,1285.5642,7481.6754,100
31370,6,86.280,4,284.62452631578947,2533.1933684210526,2050.0617894736843,7964.481052631579,95
31371,6,86.280,5,453.39990697674415,2572.713441860465,2121.845162790698,8811.969674418604,215
31372,6,86.280,6,420.9973417721519,2987.4835443037978,2293.4646835443036,10128.826518987342,158
31373,6,86.280,8,470.77301470588236,3703.8236029411764,2518.7768382352942,10810.558161764706,136
31374,6,86.280,9,395.85721153846157,4050.1134615384613,2629.987211538462,11788.882211538461,104
31375,6,86.3x0,0,952.4852941176471,1304.4381176470588,503.1509411764706,7502.790352941177,85
31376,6,86.3x0,1,630.5857142857143,1341.1473015873016,360.5442857142857,5240.908253968254,63
31377,6,86.3x0,2,411.69898989898985,1087.024797979798,284.6873737373737,4143.8957070707065,198
31378,6,86.3x0,3,431.8154362416107,1278.8523825503355,311.3015100671141,4287.036812080537,298
31379,6,86.3x0,4,401.2691812865497,1797.0566374269006,583.2343859649122,5531.981783625731,342
31380,6,86.3x0,5,425.2056691449814,1606.1543308550185,448.2146840148699,4735.484144981413,538
31381,6,86.3x0,6,441.59925000000004,2005.9705714285715,549.6565714285714,5814.063857142857,280
31382,6,86.3x0,8,455.9361621621622,2171.5243783783785,592.364,5891.891837837838,185
31383,6,86.3x0,9,951.7539130434783,2907.5699999999997,1353.0560869565218,9627.716376811595,69
31384,6,86.3x1,0,864.2851063829787,1259.4476595744682,425.04276595744676,7026.191063829787,47
31386,6,86.3x1,2,591.046779661017,1312.9459322033897,488.85491525423726,5021.331186440678,59
31387,6,86.3x1,3,613.862641509434,1404.448113207547,562.0643396226415,6920.833773584905,53
31388,6,86.3x1,4,586.0141379310345,1762.3929310344827,897.5058620689656,5624.02448275862,58
31389,6,86.3x1,5,558.2970588235294,1724.5166176470589,494.81029411764706,5251.755735294118,68
31390,6,86.3x1,6,616.024,1911.97075,725.9745,5938.1445,40
31391,6,86.3x1,8,978.3071428571428,3415.758214285714,867.8685714285714,8477.594285714285,28
31397,6,86.4x0,4,978.5573076923077,2566.242307692308,925.9638461538462,11086.922692307691,26
31398,6,86.4x0,5,876.8911627906976,2755.2632558139535,1289.4688372093024,10572.32604651163,43
31399,6,86.4x0,6,655.8702083333334,2797.5604166666667,780.59875,9512.792083333334,48
31400,6,86.4x0,8,875.1517647058823,2905.7310294117647,801.6110294117648,9588.348823529412,68
31401,6,86.4x0,9,893.7095238095238,3546.2452380952377,1115.8007142857143,10957.954285714286,42
31404,6,86.590,2,438.0602941176471,2054.983823529412,1361.6961764705882,6744.671470588235,34
31405,6,86.590,3,236.98538461538462,2713.419230769231,1217.0815384615385,7586.446666666666,39
31406,6,86.590,4,482.02060606060604,3164.6104545454546,1917.8207575757576,9939.468787878788,66
31407,6,86.590,5,330.12330097087374,3738.566699029126,2123.27213592233,9693.15640776699,103
31408,6,86.590,6,244.24425925925928,3222.272037037037,1218.9537037037037,7748.601481481481,54
31409,6,86.590,8,874.323064516129,4217.626774193549,2843.5350000000003,12251.225161290322,62
31410,6,86.590,9,229.42375,3554.886875,1245.0828125,8545.8078125,32
31449,6,86.690,4,15665.29205882353,3317.406176470588,5722.6755882352945,47059.895,34
31450,6,86.690,5,22319.997297297297,4594.440810810811,7682.370945945947,57660.63202702704,74
31451,6,86.690,6,7344.593181818182,5295.521590909091,5948.192272727272,34521.97386363637,44
31452,6,86.690,8,4999.819512195121,4175.3358536585365,3973.6360975609755,26267.06756097561,41
31477,6,86.730,4,2355.150277777778,1381.072222222222,3925.5238888888894,17880.409444444445,36
31478,6,86.730,5,3305.403055555556,1741.3358333333335,4073.0919444444444,19635.063333333335,36
31484,6,86.740,3,4091.9647222222225,1234.6333333333334,1912.4766666666667,14517.084166666667,36
31485,6,86.740,4,3524.7033333333334,1991.7719444444442,2766.3825,17116.163055555557,36
31486,6,86.740,5,5486.494929577465,3112.31338028169,4089.770281690141,24809.0223943662,71
31487,6,86.740,6,3782.991785714286,3127.785714285714,3164.3253571428572,19727.711785714284,28
31488,6,86.740,8,5600.879259259259,3653.672962962963,2909.0603703703705,24046.396666666664,27
31492,6,86.750,2,1994.4759090909088,1428.6886363636365,1394.713181818182,10756.39090909091,22
31494,6,86.750,4,890.242,1983.9512,1137.7144,7775.8272,25
31495,6,86.750,5,924.8977500000001,2634.1099999999997,1501.77825,10102.02675,40
31552,6,87.030,0,99.27911111111112,1726.121111111111,491.31044444444444,3357.6993333333335,45
31556,6,87.030,4,375.01458333333335,3638.6395833333336,2472.4947916666665,9946.401041666666,48
31557,6,87.030,5,230.8612359550562,3506.4370786516856,1501.3731460674157,7690.709213483146,89
31558,6,87.030,6,628.7087804878049,4513.408536585366,2403.5104878048783,10983.027926829269,82
31559,6,87.030,8,320.54617647058825,3948.355098039216,1882.171568627451,9109.719607843137,102
31560,6,87.030,9,481.1084931506849,5233.560273972603,2375.0260273972603,11588.709589041096,73
31577,6,87.410,0,114.07544642857142,1671.8609523809525,781.3052976190477,4218.848898809524,336
31578,6,87.410,1,124.40255813953489,2149.3627906976744,774.0560465116279,4379.5848837209305,43
31580,6,87.410,3,131.38351351351352,2644.0108108108107,616.3005405405405,4242.434594594594,37
31581,6,87.410,4,343.21555555555557,3138.9684444444442,1236.7968888888888,5945.803777777777,45
31582,6,87.410,5,242.8556923076923,3140.3146153846155,1067.1317692307694,5542.135,130
31583,6,87.410,6,188.82018518518518,3761.285185185185,1776.970277777778,7301.435092592593,108
31584,6,87.410,8,233.54111111111112,3594.0248366013075,1476.3591503267974,6835.010784313726,153
31585,6,87.410,9,203.43662921348314,3346.2865168539324,1276.9552808988765,6791.61606741573,89
31586,6,87.440,0,107.64907975460122,1323.8184662576687,771.7549693251534,3685.408957055215,163
31593,6,87.440,9,200.315,2243.574,322.8198,5418.3652,50
31636,6,88.010,5,291.32478260869567,3003.4717391304353,1142.4910869565217,5494.272608695653,46
31637,6,88.010,6,345.0675555555556,2929.0944444444444,1626.6648888888888,6174.198666666667,45
31638,6,88.010,8,340.89025000000004,3334.72125,1355.5877500000001,6348.777749999999,40
31639,6,88.010,9,211.06884615384615,4008.8192307692307,1619.8484615384614,7613.280384615385,26
31659,6,88.410,2,1380.7138095238097,3434.8202380952384,1313.7552380952382,10710.258095238094,42
31660,6,88.410,3,1428.67152,3778.30576,1953.9451999999999,10767.62784,125
31661,6,88.410,4,1548.631410891089,3484.219183168317,2237.9222277227723,11399.211089108912,404
31662,6,88.410,5,1594.7208678343948,3838.1822531847133,2474.66400477707,12256.02789808917,1256
31663,6,88.410,6,1554.359151119403,4150.266781716418,2493.860447761194,12653.937649253732,1072
31664,6,88.410,8,1871.7622741116752,4443.349868020305,2818.777441624365,14037.537959390864,985
31665,6,88.410,9,1986.971358695652,4861.488804347826,3201.4535869565216,15755.88570652174,184
31669,6,88.420,5,1578.4157142857143,4824.8247619047615,4279.670952380952,17560.711904761905,21
31711,6,88.500,4,1060.04,2015.9360000000001,1152.448,7159.744000000001,25
31712,6,88.500,5,1300.1704411764706,2027.333823529412,1162.3848529411764,7364.597352941177,68
31713,6,88.500,6,1279.2036486486488,2408.7675675675673,1463.7085135135137,8348.944459459459,74
31714,6,88.500,8,1230.528932038835,2336.6967961165046,1655.9436893203886,8421.223106796117,103
31730,6,88.550,2,985.9462962962963,4015.875925925926,972.617037037037,9725.123333333335,27
31731,6,88.550,3,1115.2703781512605,2912.569285714286,808.6092857142858,8256.558193277311,238
31732,6,88.550,4,1107.1699529633113,2917.2693320790213,780.48347130762,8197.336152398871,1063
31733,6,88.550,5,1064.7547407851364,3010.567386874438,795.7708990110879,8216.704617920288,3337
31734,6,88.550,6,1119.1111312938176,3200.2935627788397,941.9882568514978,8810.86712555768,3138
31735,6,88.550,8,1131.9732423957353,3514.872185638131,1274.0945562872373,9772.570116023833,3189
31736,6,88.550,9,1279.9906828703704,3849.584259259259,1709.3969560185185,11185.316689814814,864
31739,6,88.560,4,1340.940985915493,3376.055915492958,1165.9374647887323,9899.289014084507,71
31740,6,88.560,5,1190.590424528302,2969.3590566037738,1130.529103773585,9412.460518867923,212
31741,6,88.560,6,1441.3555882352941,3290.0233193277313,1272.8926470588235,10331.253613445379,238
31742,6,88.560,8,1257.6131174089069,3517.5624696356276,1571.2236437246963,10727.076113360323,247
31743,6,88.560,9,1404.064487179487,4497.3553846153845,2453.987051282051,13638.553846153845,78
31746,6,88.570,4,1799.6863888888888,2656.5188888888893,1030.556111111111,9672.313888888888,36
31747,6,88.570,5,1759.2765680473372,3185.939940828402,1049.9156804733727,10613.781124260355,169
31748,6,88.570,6,1483.0435087719297,3434.424152046784,1223.6294736842106,10717.906725146198,171
31749,6,88.570,8,2835.582837209302,3665.3,1487.4416279069767,12783.942558139535,215
31750,6,88.570,9,1515.7615254237287,3941.84,1844.5257627118644,12185.791016949153,59
31767,6,88.660,5,1181.2841666666668,2922.5208333333335,1207.75875,8461.275416666667,24
31769,6,88.660,8,2777.0443478260872,3167.328695652174,966.8265217391304,9984.412608695651,23
31786,6,88.720,0,116.49450980392157,2144.8517647058825,1351.011176470588,5817.362549019607,51
31791,6,88.720,5,1149.718,3347.111,1211.4571666666666,7759.4945,60
31792,6,88.720,6,189.17775,3589.8025000000002,917.6665,6074.37475,40
31793,6,88.720,8,823.8157352941176,3432.3161764705883,1183.275294117647,7152.650000000001,68
31794,6,88.720,9,248.05441558441558,3479.4467532467534,967.1855844155846,6860.545194805194,77
31795,6,88.730,0,98.08054794520548,1115.245205479452,707.1601369863014,3260.1324657534246,73
31799,6,88.730,9,93.2454054054054,2227.25,439.31,5037.747567567568,37
31814,6,88.760,0,126.0928346456693,1582.5850393700787,642.4417322834646,3428.4385826771654,127
31815,6,88.760,1,84.32115384615385,1687.4423076923076,727.8234615384615,3560.8307692307694,26
31822,6,88.760,9,149.1645945945946,1949.7629729729729,622.8189189189189,4657.501351351351,37
31848,6,88.910,0,173.78061224489795,2918.4497959183677,698.028775510204,4915.139591836734,49
31852,6,88.910,4,96.65152173913044,3611.1804347826082,888.7763043478261,5663.13152173913,46
31853,6,88.910,5,78.3865909090909,3559.3379545454545,920.0135227272727,5840.376818181818,88
31854,6,88.910,6,65.58945652173912,3448.220652173913,1217.8285869565218,6369.8740217391305,92
31855,6,88.910,8,103.61353982300885,3758.1743362831858,1246.4580530973453,6679.885486725663,113
31856,6,88.910,9,177.86275,3983.3949999999995,1445.31425,7264.982000000001,40
31892,6,89.020,0,306.1435483870968,2575.1451612903224,943.5640322580646,4846.557580645162,62
31895,6,89.030,0,82.54890410958903,706.1232876712329,459.0261643835617,1851.6504109589043,73
31927,6,89.140,0,124.53775510204082,1735.9408163265307,546.9828571428573,3216.6042857142857,49
31933,6,89.140,8,86.84285714285714,3796.9114285714286,1043.0790476190475,6177.385714285714,21
31934,6,89.140,9,72.78711111111112,2564.1859999999997,301.9108888888889,4856.002444444444,45
31956,6,89.190,0,44.46465909090909,1117.283125,250.8502840909091,1789.085,352
31957,6,89.190,1,19.016162790697674,1259.2488372093023,76.85046511627907,1681.2852325581396,86
31964,6,89.190,9,197.13815384615384,2023.325230769231,858.1587692307693,5906.503076923077,65
31973,6,89.260,2,42.37142857142857,1064.4819047619046,319.0361904761905,2218.922857142857,21
31989,6,89.370,0,87.34481343283582,1688.2149253731343,671.0132835820896,4154.59567164179,268
31990,6,89.370,1,80.40475,1880.6924999999999,668.0519999999999,3835.0427499999996,40
31991,6,89.370,2,64.7264864864865,2152.0675675675675,837.7278378378378,4075.367837837838,37
31992,6,89.370,3,77.42530612244899,2252.6479591836733,939.6476530612244,4370.29,98
31993,6,89.370,4,69.03630769230769,2510.557846153846,1045.4769230769232,4921.263076923076,65
31994,6,89.370,5,106.05941798941798,2881.571216931217,1451.603650793651,5934.012380952381,189
31995,6,89.370,6,150.58022900763356,3235.584847328244,1809.660572519084,7020.168320610687,262
31996,6,89.370,8,177.99131274131275,3698.562972972973,2043.2995752895752,8035.232084942086,259
31997,6,89.370,9,180.90328431372546,3410.888921568627,1914.3603431372549,7840.217450980393,204
32018,6,89.500,4,319.21791666666667,2652.5208333333335,514.2266666666666,4468.2091666666665,24
32019,6,89.500,5,329.85977272727274,2999.4298863636363,1018.7378409090908,5473.914204545455,88
32020,6,89.500,6,275.65296875,3281.06453125,1046.951875,5880.28453125,64
32021,6,89.500,8,236.50979797979798,3527.6309090909094,1570.3157575757577,7147.075050505051,99
32022,6,89.500,9,360.7393506493506,3560.211818181818,1544.8361038961039,7714.477402597403,77
32023,6,89.520,0,156.44467741935483,1556.0272580645162,787.7874193548387,3922.7826774193554,310
32024,6,89.520,1,129.9609677419355,1892.1817204301074,668.4305376344087,3758.558387096774,93
32025,6,89.520,2,67.80531914893616,1661.795744680851,577.8051063829787,3021.488297872341,47
32026,6,89.520,3,109.61344827586207,2423.439655172414,788.1987931034482,4350.751379310344,58
32027,6,89.520,4,78.59727272727272,2138.5081818181816,836.7581818181818,4111.866181818182,55
32028,6,89.520,5,143.0158139534884,2719.752170542635,1161.4316279069767,5462.353720930232,129
32029,6,89.520,6,187.80573913043477,2777.2478260869566,1166.2161739130436,5592.729652173914,115
32030,6,89.520,8,188.46644927536232,2869.3257971014496,1554.309492753623,6454.447826086956,138
32031,6,89.520,9,192.5132558139535,2935.4790697674416,1675.4680620155038,7450.4591472868215,129
32032,6,89.540,0,88.31139830508475,1694.2208050847457,813.8646610169492,4127.286610169492,236
32033,6,89.540,1,148.02152777777778,2219.229444444444,925.4594444444444,4532.219027777778,72
32034,6,89.540,2,143.68333333333334,2770.3386274509803,1970.2958823529411,6478.206666666666,51
32035,6,89.540,3,455.857808219178,3210.3735616438357,2511.0898630136985,9249.671095890411,73
32036,6,89.540,4,161.11860869565217,3356.5148695652174,2020.7626956521738,7943.7771304347825,115
32037,6,89.540,5,259.35714788732395,4010.8759507042255,2918.3518661971834,9884.98985915493,284
32038,6,89.540,6,235.45723118279568,4142.458010752688,2745.810483870968,9910.070860215053,372
32039,6,89.540,8,214.6149131121643,4000.6163507109004,2490.880157977883,9221.471737756714,633
32040,6,89.540,9,177.48636509207367,3514.2570136108884,1452.3340512409927,8015.8318014411525,1249
32047,6,89.600,0,76.13179775280898,1412.856179775281,536.6061797752809,3780.584719101124,89
32052,6,89.600,5,268.4482608695652,3375.3804347826085,1954.888043478261,7479.751304347826,46
32053,6,89.600,6,252.10185185185185,3278.6003703703705,2295.447037037037,8347.032222222222,27
32054,6,89.600,8,188.62041666666667,3934.164583333333,2518.0347916666665,9262.4175,48
32055,6,89.600,9,172.11862637362637,3402.982087912088,996.678021978022,7697.487472527472,182
32061,6,89.610,5,237.8725,3821.6035714285713,1712.3978571428572,8400.5025,28
32062,6,89.610,6,433.1515384615385,5010.58076923077,2958.1907692307695,11544.063846153847,26
32063,6,89.610,8,171.5533333333333,3193.9208333333336,1244.0883333333334,7012.299583333333,24
32071,6,89.650,0,122.39076923076922,1565.2692307692307,575.2294871794873,3909.469914529914,117
32072,6,89.650,1,107.74434782608695,2218.1521739130435,900.9078260869566,4438.213043478261,23
32074,6,89.650,3,138.00416666666666,2460.0694444444443,1173.0575,4740.236111111111,36
32075,6,89.650,4,174.3821052631579,2686.134210526316,2298.822894736842,6504.797105263158,38
32076,6,89.650,5,186.43412371134022,3124.262886597938,2266.434742268041,7386.282371134021,97
32077,6,89.650,6,269.6357894736842,3174.0035087719302,2709.8687719298246,8323.295350877193,114
32078,6,89.650,8,327.3686516853933,3758.578651685393,3397.292359550562,9985.648370786517,178
32079,6,89.650,9,260.6392216981132,3979.6872877358487,1425.742358490566,8691.853891509434,424
32089,6,89.7x0,0,160.88421052631577,817.4511278195489,754.2912781954888,3464.719454887218,532
32090,6,89.7x0,1,227.1834375,1084.175,1084.2884375,4266.058125,32
32097,6,89.7x0,9,276.2404166666667,1414.875,644.4497222222221,4417.394583333333,72
32168,6,90.6x0,4,511.0568181818182,6097.640909090909,3028.3345454545456,12512.486818181818,22
32169,6,90.6x0,5,393.09051282051286,7129.617948717948,1728.8597435897436,12796.029743589745,39
32170,6,90.6x0,6,458.253,6876.093333333333,4393.542,14288.741666666667,30
32171,6,90.6x0,8,565.7161538461539,7957.069230769231,2566.4076923076927,14659.063846153847,26
32228,6,92.240,2,622.5612820512821,3079.264102564103,1675.7415384615383,28849.35230769231,39
32229,6,92.240,3,687.3726623376623,5499.29,3008.937857142857,31393.66727272727,154
32230,6,92.240,4,687.6148222222222,4924.3052,2719.0312,28709.408844444446,450
32231,6,92.240,5,721.0196021840874,4618.791216848674,2927.2709750390018,27933.897527301095,1282
32232,6,92.240,6,735.3521818181819,4823.662780748663,2689.7436577540107,27007.32694117647,935
32233,6,92.240,8,701.7318870523416,5469.728168044077,2794.725771349862,28847.930179063358,726
32234,6,92.240,9,723.7088429752066,5500.409338842976,2874.5948760330575,31077.069008264465,121
32242,6,92.270,5,4286.272702702702,3458.2481081081078,6705.757027027027,26967.614054054055,37
32243,6,92.270,6,3189.310952380952,4358.848095238095,17347.780476190477,35832.62238095238,21
32247,6,92.280,2,11.459375,3410.186875,4260.286875,11736.339375,32
32248,6,92.280,3,15.83843137254902,2823.712941176471,6492.9862745098035,12952.729803921568,51
32249,6,92.280,4,24.110555555555557,3145.315555555556,5426.468703703704,14748.932592592593,54
32250,6,92.280,5,71.46704225352113,3496.752957746479,5245.694647887324,12216.068450704226,71
32251,6,92.280,6,49.92310344827586,2613.4965517241376,4884.215862068966,19061.114827586207,29
32256,6,92.290,3,405.35425,2965.9,5512.166,15198.78025,40
32257,6,92.290,4,784.8047191011235,4193.94988764045,5013.032584269663,19932.26516853933,89
32258,6,92.290,5,1016.796505376344,3538.7510752688167,3990.3528494623656,17855.724838709677,186
32259,6,92.290,6,884.5463414634146,3528.6471544715446,3032.677967479675,18430.805853658538,123
32260,6,92.290,8,710.8293103448276,4597.002586206897,3163.613620689655,18986.267931034483,58
32264,6,92.310,3,671.9374074074075,3594.334074074074,1889.805925925926,18406.618148148147,27
32265,6,92.310,4,626.9204545454545,3188.3496969696967,3031.1398484848487,22914.623636363634,66
32266,6,92.310,5,684.8566013071895,4066.197124183007,3014.776470588235,25417.97980392157,153
32267,6,92.310,6,613.9244375000001,3792.5738750000005,2499.643125,25246.8090625,160
32268,6,92.310,8,639.2149572649572,3711.8996581196584,3065.014786324786,26311.520512820513,117
32269,6,92.310,9,463.44875,3289.865625,2502.688125,25020.784375,32
32273,6,92.320,3,144.41030303030303,1878.8557575757575,926.1224242424242,24797.153333333332,33
32274,6,92.320,4,189.5883076923077,2107.7876923076924,1059.6935384615385,22332.54353846154,65
32275,6,92.320,5,323.2603658536585,2130.17743902439,1305.8425,21679.752987804877,164
32276,6,92.320,6,303.8407070707071,2294.952525252525,1304.429494949495,20986.266363636365,99
32277,6,92.320,8,749.3555555555555,2727.7722222222224,1891.6266666666666,22400.840972222224,72
32284,6,93.010,5,132.65681818181818,2940.818181818182,1664.1963636363637,13928.739545454546,22
32286,6,93.010,8,166.39384615384614,3617.886923076923,2312.209615384615,16736.43192307692,26
32287,6,93.010,9,210.12260869565216,4284.595652173913,1307.004347826087,12306.727391304346,23
32288,6,93.070,9,281.71659574468083,2161.468085106383,302.41021276595745,6455.324680851064,47
32294,6,93.080,5,75.37423076923076,3312.279230769231,775.9819230769231,5666.781538461539,26
32326,6,93.140,5,42.86451612903225,1572.125806451613,540.8022580645161,6305.913870967743,31
32335,6,93.160,5,284.38444444444445,3617.285185185185,3316.4296296296297,20650.33222222222,27
32337,6,93.160,8,149.9724,3540.688,1768.0288,12668.3252,25
32350,6,93.190,5,220.03239999999997,2806.1144,3144.5804,17223.3296,25
32352,6,93.190,8,306.3339285714286,3945.942857142857,3953.519642857143,17327.16607142857,28
32365,6,93.260,3,68.72190476190475,1331.3780952380953,1062.171904761905,7552.648571428571,21
32366,6,93.260,4,61.98552631578947,1248.5294736842106,603.1163157894737,6011.082894736842,38
32367,6,93.260,5,85.59458333333333,1697.5638888888889,850.5059722222222,7111.461388888889,72
32368,6,93.260,6,102.40647058823528,1842.0352941176473,911.6882352941177,8873.267647058823,34
32384,6,93.350,0,143.52365539452495,1359.0595974235105,918.5038325281804,4793.496360708535,621
32385,6,93.350,1,100.13252459016394,1180.344393442623,810.5999016393442,4244.204852459016,305
32386,6,93.350,2,96.72672566371682,1320.6840265486726,954.2215265486726,4633.550553097345,452
32387,6,93.350,3,105.79842318059298,1505.801347708895,994.9746495956874,5062.3492991913745,742
32388,6,93.350,4,152.7801333333333,1873.335980952381,1497.446657142857,6616.782980952381,1050
32389,6,93.350,5,93.95116481391976,1988.7579120347996,1581.157327211213,6723.336027066216,2069
32390,6,93.350,6,124.00850125944585,2167.8261586901763,1669.1868450881611,6936.402789672545,1588
32391,6,93.350,8,178.40656281920326,2477.6627477017364,1913.65006639428,7689.018335035751,1958
32392,6,93.350,9,178.7459513830679,2740.0071919530596,2150.860544844929,8529.624719195304,1193
32393,6,93.351,0,26.45952380952381,1034.8566666666668,420.45095238095234,3227.9283333333333,42
32394,6,93.351,1,38.91461538461538,1159.5321153846153,600.8603846153846,3161.1998076923073,52
32395,6,93.351,2,40.603291139240504,1369.9179746835443,878.9044303797468,4306.403037974684,79
32396,6,93.351,3,44.36748148148148,1571.0607407407408,978.4038518518518,4982.096962962963,135
32397,6,93.351,4,46.67572916666666,1857.1325,1154.7961458333332,6104.47,192
32398,6,93.351,5,61.07593471810089,2077.4028486646885,1437.892997032641,6454.929643916914,337
32399,6,93.351,6,87.42416666666666,2256.7004333333334,1528.4505333333334,6793.9773,300
32400,6,93.351,8,100.83700483091786,2544.837584541063,1946.7665700483092,7725.032149758455,414
32401,6,93.351,9,124.03414096916299,2641.2686343612336,1996.848370044053,7728.376299559471,227
32411,6,93.380,0,18.75565217391304,1160.9521739130435,452.2026086956521,20462.466956521737,23
32415,6,93.380,4,137.2354761904762,2440.2019047619046,2780.450714285714,19223.487857142856,42
32416,6,93.380,5,308.5683529411765,3008.574,2491.4989411764705,19547.062588235294,85
32417,6,93.380,6,256.20698113207544,3166.13820754717,2997.4906603773584,18916.124150943397,106
32418,6,93.380,8,236.7296376811594,3761.189057971015,3021.290507246377,19034.57782608696,138
32419,6,93.380,9,357.93327586206897,4304.684310344827,3689.0398275862067,18813.23517241379,58
32420,6,93.390,0,125.79979487179487,635.9976666666666,686.0737435897436,2839.755435897436,390
32421,6,93.390,1,75.445375,1171.38075,624.14275,3876.531,80
32422,6,93.390,2,51.79794520547945,1381.041917808219,788.6936301369864,4461.841780821918,146
32423,6,93.390,3,81.88150684931506,1837.2989497716894,1177.8274885844748,6425.142237442922,219
32424,6,93.390,4,71.18422492401216,2020.6742553191489,1298.300972644377,6451.327355623101,329
32425,6,93.390,5,89.830406162465,2210.000476190476,1439.4245098039216,7052.876610644258,714
32426,6,93.390,6,126.05998050682263,2544.298050682261,1687.421013645224,8315.386315789474,513
32427,6,93.390,8,86.22827258320127,2656.7479239302693,1967.3837876386688,8157.9542630744845,631
32428,6,93.390,9,119.93451025056947,2716.9856719817767,1723.311138952164,7913.7170615034165,439
32429,6,93.391,0,89.88288288288288,918.3283783783784,781.2902702702703,3185.250630630631,222
32430,6,93.391,1,38.18895833333333,976.5625,787.1052083333334,3548.054791666667,48
32431,6,93.391,2,48.527692307692305,1544.8292307692307,907.6643589743591,3646.245384615385,39
32432,6,93.391,3,77.99137931034483,1515.3875862068965,1581.1670689655173,4854.927413793103,58
32433,6,93.391,4,290.05139534883716,2174.0096511627908,1822.5875581395348,6455.313372093023,86
32434,6,93.391,5,114.77646258503401,2136.2938095238096,1560.288843537415,6072.4769387755105,147
32435,6,93.391,6,112.40805031446541,2273.5069182389934,1764.90786163522,6408.63389937107,159
32436,6,93.391,8,234.5795294117647,2886.512588235294,2830.065294117647,9242.191176470587,170
32437,6,93.391,9,410.15257575757573,2488.4889393939393,1736.446515151515,7372.919015151516,132
32442,6,93.420,0,41.82366666666667,911.9166666666666,253.78433333333334,2977.2746666666667,30
32447,6,93.420,5,36.096666666666664,1389.9254166666667,1217.085,5374.61625,24
32459,6,93.440,8,543.2795454545454,3832.0327272727272,2263.268181818182,16998.264545454545,22
32460,6,93.440,9,274.9404761904762,4150.135238095238,1873.1509523809523,8921.698571428573,21
32461,6,93.460,0,61.91777777777778,1048.49987654321,356.4137037037037,3099.9517283950618,81
32468,6,93.460,9,256.24875000000003,4330.460416666667,1460.5791666666667,10076.589583333332,24
32479,6,93.530,5,171.24733333333333,1884.7773333333332,1096.7386666666669,5273.496666666667,30
32480,6,93.530,6,442.1661904761905,2219.3714285714286,1727.352380952381,6563.63380952381,21
32481,6,93.530,8,390.8057142857143,3345.039047619048,1503.7457142857143,8112.2847619047625,21
32483,6,93.540,0,178.66023255813954,1252.0444186046514,344.25674418604655,3658.957441860465,43
32484,6,93.540,1,196.739587628866,1294.2129896907218,624.6535051546392,3945.9268041237115,97
32485,6,93.540,2,219.1988888888889,1745.4555555555555,1147.0501388888888,5733.273611111112,72
32486,6,93.540,3,217.05407407407407,1780.1562037037036,1235.1573148148148,6317.400462962963,108
32487,6,93.540,4,202.88383561643838,1885.0425342465755,1369.6642465753425,6153.733150684931,146
32488,6,93.540,5,210.44014925373133,1994.8939925373134,1530.1744402985075,6299.297835820896,268
32489,6,93.540,6,202.85660493827157,2185.7393827160495,1475.4754938271606,6918.875061728395,162
32490,6,93.540,8,252.82414285714285,2576.9745714285714,1680.7211428571427,7778.180357142857,140
32491,6,93.540,9,291.49329268292684,2762.2467073170733,1575.2765853658536,8354.772804878048,82
32541,6,93.890,1,5.2446874999999995,2029.4906250000001,360.1696875,8263.264375,32
32549,6,93.900,0,1228.889417989418,5996.0975132275125,2823.787195767196,16222.248095238096,189
32551,6,93.900,2,1155.4958620689656,10654.018620689654,9430.108275862069,29656.399999999998,29
32552,6,93.900,3,1650.685849056604,9665.080566037735,8359.056981132077,28097.235849056604,53
32553,6,93.900,4,1195.7865384615384,7325.100384615385,6108.967884615385,22854.983653846153,104
32554,6,93.900,5,882.5848648648648,5642.235333333333,4555.717441441442,16869.63771171171,555
32555,6,93.900,6,720.4896202531646,5511.358092224231,3923.416699819168,15391.167603978301,1106
32556,6,93.900,8,724.3274577114428,5826.984970149253,4076.1182089552235,16241.19355721393,2010
32557,6,93.900,9,882.6679918337045,6593.350267260579,3961.630207869339,20004.05062731997,2694
32562,6,93.940,0,127.12399248826291,1068.6901427230046,778.6928018779342,3481.19499342723,5325
32563,6,93.940,1,114.29924078091106,1189.2316919739696,894.5732971800434,3545.393882863341,461
32564,6,93.940,2,80.56409836065573,1584.2360655737705,1061.2562295081966,3889.301967213115,61
32565,6,93.940,3,87.8726923076923,1568.7284615384617,1257.7842307692308,4137.308717948718,78
32566,6,93.940,4,117.52266666666668,2186.924222222222,1328.1433333333332,5132.6577777777775,45
32567,6,93.940,5,142.86487341772153,2501.397911392405,1691.7127848101265,6268.496455696202,158
32568,6,93.940,6,151.92817518248174,2730.567810218978,1669.3956934306568,6676.528175182481,137
32569,6,93.940,8,175.72227272727272,3245.216,2128.0842272727273,7929.521772727273,220
32570,6,93.940,9,200.29703354297695,1731.343354297694,831.2554612159329,4935.913406708595,954
32574,6,93.950,3,3132.4923809523807,4912.004761904762,4616.628571428572,25567.84,21
32576,6,93.950,5,101.02230769230769,2754.814358974359,1720.2589743589745,8422.437692307692,39
32577,6,93.950,6,143.87048780487805,3093.3126829268294,1968.061219512195,8594.525121951221,41
32578,6,93.950,8,128.7580769230769,3400.523076923077,2524.652692307692,9819.972307692307,26
32580,6,93.960,0,201.45058585858584,1823.624606060606,783.9410909090909,4815.081313131313,495
32581,6,93.960,1,97.21813559322034,1958.464406779661,674.6185593220339,3744.2518644067795,118
32582,6,93.960,2,87.44490683229813,1956.2777018633542,819.3635403726709,3911.479751552795,161
32583,6,93.960,3,110.89227488151658,2421.9696682464455,1275.3075355450237,5023.859763033175,211
32584,6,93.960,4,132.99791489361704,2906.379361702128,1431.6868085106385,6093.214042553192,235
32585,6,93.960,5,156.68292259083728,3117.3757187993683,1813.4415955766194,7124.728830963664,633
32586,6,93.960,6,185.6525283018868,3279.90386163522,2158.153496855346,7928.251358490566,795
32587,6,93.960,8,180.00855555555555,3349.385777777778,2096.506134920635,7882.431333333334,1260
32588,6,93.960,9,232.52461206896552,3499.202456896552,1805.7321767241378,8611.07878591954,1392
32593,6,93.980,8,160.11904761904762,3753.244285714286,3253.975714285714,11178.09142857143,21
32595,6,93.990,0,48.32550847457627,972.3855932203389,722.5896610169492,3535.260084745763,118
32604,6,94.020,8,76.57272727272728,3600.7968181818183,1105.6518181818183,6206.617272727272,22
32612,6,94.230,1,4.944444444444445,2522.8777777777777,258.6244444444444,5574.185555555556,36
32614,6,94.230,3,3.1156521739130434,1985.391304347826,280.2921739130435,4664.581739130435,23
32615,6,94.230,4,0.9794444444444446,2367.8055555555557,283.4552777777778,4974.281944444444,36
32616,6,94.230,5,7.42,2196.027037037037,359.235925925926,5022.742222222222,54
32617,6,94.230,6,15.860357142857143,2275.214285714286,598.9125,7038.183571428572,28
32618,6,94.230,8,9.744074074074073,2648.385185185185,520.1548148148148,8728.42111111111,27
32621,6,94.260,1,409.9102469135803,5241.248395061728,2166.413209876543,18690.7612345679,81
32622,6,94.260,2,365.07800000000003,5822.21309090909,2645.223636363636,19795.090909090908,55
32628,6,94.270,1,221.89859154929576,5307.394366197183,1469.2930985915493,18734.164788732392,71
32629,6,94.270,2,297.5336,5660.34,1542.1404,20736.1472,25
32636,6,94.290,1,19.764676258992804,2393.069064748201,531.0985611510791,11072.869712230215,139
32637,6,94.290,2,60.77645833333333,2824.658541666666,1251.0935416666669,12461.198750000001,48
32638,6,94.290,3,72.44244444444445,2669.222222222222,1069.5124444444446,11721.039333333334,45
32639,6,94.290,4,45.37821428571429,2765.3296428571425,1188.9398214285716,10232.581607142856,56
32640,6,94.290,5,110.11794392523365,3645.134579439253,2066.8546728971965,14110.17,107
32641,6,94.290,6,59.212363636363634,4233.904545454546,1592.1181818181817,12716.418727272729,55
32642,6,94.290,8,119.32333333333334,4448.980208333333,2414.8997916666667,13939.249166666666,48
32643,6,94.290,9,274.02708333333334,4992.40125,3113.5429166666668,19416.962916666667,24
32653,6,94.330,1,2.5900000000000003,2720.866666666667,235.31733333333332,5715.707333333334,30
32662,6,94.390,1,18.739764705882354,2936.06,474.46905882352945,11724.504117647059,85
32666,6,94.390,5,32.9947619047619,3851.657142857143,776.0304761904762,10044.52619047619,21
32671,6,94.440,1,37.78235294117647,3285.485294117647,500.0176470588235,13274.417647058825,34
32712,6,95.110,9,113.09066666666666,2885.6901904761903,422.98209523809527,7861.609809523809,105
32755,6,95.460,5,117.47341463414634,1924.5,717.8146341463415,4434.824634146342,41
32756,6,95.460,6,135.35039215686274,2159.035294117647,771.7119607843136,4917.820196078431,51
32757,6,95.460,8,130.42174603174604,1976.8841269841269,794.7603174603175,4751.56619047619,63
32758,6,95.460,9,183.5347619047619,2236.352380952381,920.6028571428571,5195.418571428572,21
32766,6,96.040,3,1051.2366666666667,6057.871904761904,3638.971904761905,17186.78380952381,21
32767,6,96.040,4,2312.5197674418605,8743.125813953488,10377.1988372093,33139.2311627907,43
32768,6,96.040,5,2007.9679365079364,10272.737619047619,10261.655714285713,34166.758253968255,126
32769,6,96.040,6,1840.0682978723405,9655.188085106383,7668.916312056737,31253.522553191488,141
32770,6,96.040,8,1966.3556387665196,10120.617268722468,7814.655462555066,31529.818149779734,227
32771,6,96.040,9,1572.4603971119134,10496.24249097473,7847.282310469314,34450.7423465704,277
32778,6,96.070,3,497.9764,4524.3112,3925.3628000000003,11907.6756,25
32779,6,96.070,4,273.5651724137931,3795.973103448276,2849.1634482758623,9269.165862068965,29
32780,6,96.070,5,358.9737096774193,4669.392580645162,3222.6983870967747,11675.349677419355,62
32781,6,96.070,6,349.5,4246.443620689655,3381.355862068965,11265.939655172413,58
32782,6,96.070,8,282.7826153846154,4206.185538461538,2237.973230769231,9909.047692307691,65
32783,6,96.070,9,456.00357142857143,5407.807857142857,3004.987767857143,14688.24232142857,112
32804,6,96.290,0,821.325125,1417.551375,195.62625,4242.389625,80
32813,6,96.330,9,137.76307692307694,3011.7846153846153,417.0861538461538,7336.466923076923,26
32826,6,96.370,0,155.48542857142857,972.192,603.8625714285714,3120.785428571429,35
32829,6,96.370,3,282.64696969696973,1902.0121212121212,1785.2430303030303,6724.263939393939,33
32830,6,96.370,4,371.956875,2063.94375,2457.5221875,7277.86875,32
32831,6,96.370,5,253.59131578947367,2543.0868421052633,2862.9363157894736,7946.993421052632,38
32832,6,96.370,6,226.02,2728.141666666667,2372.9891666666667,7950.6170833333335,24
32833,6,96.370,8,263.4780769230769,3126.3423076923073,2842.3746153846155,8777.512307692308,26
32841,6,96.390,3,201.81612903225806,2642.181935483871,2407.5525806451615,7104.68935483871,31
32842,6,96.390,4,332.45909090909095,3146.6163636363635,3025.821818181818,9122.328181818182,33
32843,6,96.390,5,237.38883720930232,2959.7118604651164,2946.7032558139535,8432.262790697674,43
32844,6,96.390,6,289.32757575757574,2940.1545454545458,2533.0593939393943,8025.021818181817,33
32845,6,96.390,8,284.06714285714287,3854.421428571429,2118.8060714285716,9852.289285714285,28
32846,6,96.390,9,237.9093103448276,3129.2689655172417,1802.9996551724137,7698.037586206897,29
32870,6,96.510,5,49.80615384615385,2215.169230769231,1432.0179487179487,4806.641794871794,39
32871,6,96.510,6,68.22555555555556,2587.5694444444443,768.7205555555556,4485.645277777778,36
32872,6,96.510,8,72.3095,2642.8575,1109.8407499999998,4997.42125,40
32873,6,96.510,9,151.16291666666666,3432.9583333333335,877.9445833333333,6552.611666666667,24
32895,6,96.560,0,526.7879591836735,3678.04693877551,1063.6379591836735,10208.063469387755,49
32911,6,96.6x0,6,1459.8623333333333,5069.192,6749.655,17623.754,30
32914,6,96.710,0,1875.2878048780487,7487.716829268293,4002.5753658536582,20054.24780487805,41
32915,6,96.710,1,3352.723181818182,8983.89340909091,7450.65,29923.77090909091,44
32916,6,96.710,2,3066.5072413793105,7278.641379310345,5965.604827586207,24726.21068965517,29
32917,6,96.710,3,2914.285869565217,7498.3278260869565,7917.07347826087,28929.212608695652,46
32918,6,96.710,4,1873.1863235294118,6743.269264705882,5092.413823529412,20837.269779411763,136
32919,6,96.710,5,2068.222921686747,7102.392831325301,6684.072439759036,22967.017168674698,332
32920,6,96.710,6,1526.5631887755103,6317.083596938775,5426.091479591836,19549.28244897959,392
32921,6,96.710,8,1409.3690052356021,6643.661623036649,5543.180017452007,19307.34069808028,573
32922,6,96.710,9,1421.95568369028,7564.883624382208,5362.008879736409,23442.27507413509,607
32923,6,96.720,0,4449.836153846154,20270.996153846154,17883.87307692308,63820.143333333326,39
32925,6,96.720,2,12495.386333333332,25962.227333333336,41624.817,128618.41566666665,30
32926,6,96.720,3,8248.20403508772,26863.378421052632,44342.39754385965,120378.94491228071,57
32927,6,96.720,4,10665.02951923077,27518.448653846157,32841.91365384615,113409.91134615384,104
32928,6,96.720,5,7674.576050955414,23198.856910828028,24996.47627388535,90619.1974522293,314
32929,6,96.720,6,6900.788136645962,22208.5699689441,27580.08357142857,89150.85720496894,322
32930,6,96.720,8,4949.882482269504,20945.213776595745,22906.619024822696,77406.53125886526,564
32931,6,96.720,9,5053.334344729345,23058.759658119656,22084.83279202279,84547.14427350428,702
32977,6,97.550,5,72.28766666666667,900.8666666666667,181.11533333333333,1880.3693333333333,30
32978,6,97.550,6,363.8633333333334,969.8333333333334,261.8162962962963,2410.887037037037,27
32979,6,97.550,8,383.10264705882355,1104.326176470588,266.85323529411767,2565.622058823529,34
32988,6,97.620,0,397.3969230769231,896.9749999999999,538.6153846153846,3650.248461538462,26
32990,6,97.620,2,89.31177215189874,824.3005063291139,340.0164556962025,2394.4572151898733,79
32991,6,97.620,3,96.68344086021504,770.1626881720431,247.42602150537633,2206.6748924731182,186
32992,6,97.620,4,60.355458167330674,679.8162549800797,261.86027888446216,1968.650358565737,251
32993,6,97.620,5,61.55843537414966,661.5234013605442,251.80816326530612,1892.3075736961453,441
32994,6,97.620,6,99.13748691099475,755.5265445026179,334.2257591623037,2198.750104712042,191
32995,6,97.620,8,142.92,934.9557142857143,438.68278571428567,2791.161857142857,140
32996,6,97.620,9,234.82567567567565,1094.2256756756756,638.3164864864865,3592.425405405405,37
33005,6,97.710,3,384.04822222222225,1301.8783333333333,487.85100000000006,4357.793555555555,90
33006,6,97.710,4,349.21402298850575,1395.7991379310345,474.3653448275862,4276.192126436782,174
33007,6,97.710,5,315.8411801242236,1293.6870186335404,487.0617391304348,4154.595962732919,161
33008,6,97.710,6,516.5927586206897,1331.7103448275861,464.9162068965517,4439.224827586207,29
33028,6,97.890,4,530.5633333333334,1678.0796296296296,766.907037037037,4582.32,27
33029,6,97.890,5,404.8336842105263,2150.002105263158,1524.175789473684,6880.376052631579,38
33030,6,97.890,6,253.74903225806452,2193.738709677419,905.9667741935484,5605.363870967742,31
33031,6,97.890,8,489.4725,2385.8795833333334,2577.1291666666666,7922.542916666666,24
33036,6,98.020,0,441.2569696969697,1629.9539393939392,576.75,4641.423939393939,33
33040,6,98.020,4,459.3968,1095.7072,608.6752,3789.986,25
33041,6,98.020,5,379.9940350877193,1344.6140350877192,866.7463157894737,4372.476315789474,57
33042,6,98.020,6,564.2453333333334,1647.37,906.6764444444445,5268.502444444444,45
33043,6,98.020,8,359.034,1362.96,766.2036363636363,4367.2778181818185,55
33064,6,98.110,0,230.65814814814814,852.574074074074,196.23481481481483,2338.3714814814816,27
33081,6,98.150,0,1873.4861904761904,1606.6892857142857,539.765,8591.692142857142,42
33120,6,98.510,1,67.77652173913043,1169.6173913043478,443.57652173913044,3081.485652173913,23
33121,6,98.510,2,54.12298507462686,1369.3362189054726,613.3351741293532,3548.2032835820896,201
33122,6,98.510,3,56.13648484848485,1385.7170606060606,655.2028787878788,3691.6437575757573,330
33123,6,98.510,4,60.41098939929329,1404.5608127208482,693.368480565371,3727.5643462897524,283
33124,6,98.510,5,71.20469914040115,1439.047306590258,761.7442979942693,3984.938595988539,349
33125,6,98.510,6,84.46943548387098,1656.7050000000002,779.3212903225806,4228.598951612903,124
33126,6,98.510,8,177.455625,2064.31421875,1054.89765625,5862.7659375,64
33134,6,99.030,0,75.42370370370371,1479.3892592592592,157.43555555555557,3764.309259259259,27
33135,6,99.030,1,52.13677419354839,1496.7451612903226,236.75806451612902,4628.9945161290325,31
33137,6,99.030,3,459.0957142857143,3031.802857142857,2318.8819047619045,10362.696666666667,21
33138,6,99.030,4,214.74363636363637,3003.406,3528.203818181818,11279.008,55
33139,6,99.030,5,227.58618320610688,3135.740152671756,2161.054198473282,10292.923893129771,131
33140,6,99.030,6,218.0475,3333.7038636363636,2684.2460606060604,11029.041212121212,132
33141,6,99.030,8,270.46365979381443,3980.8900000000003,2889.951701030928,12198.012731958765,194
33142,6,99.030,9,266.86253623188406,4086.022971014493,2097.338188405797,11468.445869565217,138
33143,6,99.040,0,100.45295454545455,970.1613636363636,386.4984090909091,3248.7490909090907,44
33144,6,99.040,1,113.77567567567567,1500.961081081081,813.0164864864864,5868.004729729731,74
33145,6,99.040,2,171.10333333333332,2008.8511111111109,929.9966666666667,6463.822592592593,27
33146,6,99.040,3,229.09525,2707.0665,1930.94475,9226.4915,40
33147,6,99.040,4,219.2394366197183,2523.749014084507,1576.5356338028168,7991.425915492958,71
33148,6,99.040,5,255.76126373626374,3502.954505494505,3014.3293956043954,11757.422527472527,182
33149,6,99.040,6,231.46452941176472,3543.3104705882356,2429.1103529411766,10971.309235294118,170
33150,6,99.040,8,241.09215151515153,3598.664212121212,2311.216484848485,10556.965363636364,330
33151,6,99.040,9,288.1867298578199,4071.2372511848343,2438.275402843602,11712.744834123223,211
33157,6,99.050,5,248.70756756756757,4000.1513513513514,3557.102162162162,15110.114594594594,37
33158,6,99.050,6,419.652,3287.5466666666666,3626.6836666666663,13503.868666666667,30
33159,6,99.050,8,369.04314285714287,4526.231714285714,3318.6422857142857,16417.630285714284,35
33171,6,99.070,5,912.7747619047619,4730.804761904762,3867.2438095238094,16776.151904761904,21
33173,6,99.070,8,3220.1557142857146,6672.747619047618,6469.717619047619,27250.09857142857,21
33180,6,99.100,4,351.37382352941177,4584.4767647058825,6399.255294117647,14055.886764705883,34
33181,6,99.100,5,2375.8113907284765,5033.362450331126,7073.157814569537,19916.613377483445,151
33182,6,99.100,6,1560.4991954022987,5449.371379310345,7080.252931034483,18682.399022988506,174
33183,6,99.100,8,1256.01880866426,5093.628736462094,6583.8060288808665,17607.80880866426,277
33184,6,99.100,9,884.4775690607735,6353.356629834255,7328.75132596685,19779.65635359116,181
33196,6,99.140,0,240.7880555555556,2548.2902777777776,6521.203888888889,11209.0325,72
33203,6,99.140,9,370.2936363636364,3840.8545454545456,3401.634545454546,11034.468636363636,22
33208,6,99.150,9,273.0556,2392.7448,794.4302,7976.1138,50
33216,6,99.170,2,179.53780487804877,2992.3341463414636,778.7385365853659,5201.378048780488,41
33217,6,99.170,3,161.42827586206897,3173.4572413793107,710.0618390804598,5354.361724137931,87
33218,6,99.170,4,175.09041666666664,3411.9760833333335,742.39825,5774.9885,120
33219,6,99.170,5,182.32659793814435,3922.2459106529213,974.0842955326461,6543.587835051547,291
33220,6,99.170,6,177.46060465116278,4051.2603720930233,1084.4682790697675,6877.237488372093,215
33221,6,99.170,8,220.83946078431373,4755.767401960785,1410.3053431372548,8184.579509803922,204
33222,6,99.170,9,231.19987500000002,4918.3945,1673.8951250000002,9277.856,80
33237,6,99.210,0,162.73463354799142,1476.8377982214045,1160.5426924256365,4731.3552683226,3261
33238,6,99.210,1,155.96188405797102,1758.0700483091787,1303.2539613526571,4965.361835748792,207
33239,6,99.210,2,103.95793103448277,1499.1862068965518,1243.3934482758623,3923.968620689655,29
33240,6,99.210,3,129.93363636363637,1783.8272727272729,1386.8909090909092,4386.232727272727,33
33241,6,99.210,4,125.92096774193548,2210.6838709677418,1381.9774193548385,5354.312903225807,31
33242,6,99.210,5,212.90305555555557,2343.8408333333336,2054.540138888889,6927.4302777777775,72
33243,6,99.210,6,166.65882978723405,2050.9563829787235,1987.8301063829788,6049.759468085106,94
33244,6,99.210,8,142.30604477611942,2241.718582089552,1824.4797014925373,6141.420149253731,134
33245,6,99.210,9,195.7126424361493,2103.325913555992,749.4253438113949,5868.956365422397,1018
33246,6,99.220,0,39.88136,400.30559999999997,433.51216,1763.1745600000002,125
33254,6,99.220,9,82.0936956521739,1344.945652173913,360.16347826086957,3086.7102173913045,46
33265,6,99.240,4,89.60578947368421,1539.3447368421052,1696.2047368421051,3841.3965789473687,38
33266,6,99.240,5,39.997021276595746,1481.98085106383,1647.3070212765956,3801.5972340425533,47
33267,6,99.240,6,59.60974683544304,1048.206329113924,1522.837088607595,3291.8764556962024,79
33268,6,99.240,8,6.311383928571429,501.1098214285715,1503.0577232142857,2401.9239285714284,224
33269,6,99.240,9,9.359428571428571,471.98285714285714,1559.301942857143,2330.3824,175
33270,6,99.250,0,724.8157142857143,2297.5460714285714,3581.9170408163263,11055.085408163266,196
33271,6,99.250,1,464.93030303030304,2851.604848484849,6008.714924242424,13047.391931818183,264
33272,6,99.250,2,452.2696808510638,2206.7913829787235,3618.4419148936167,8468.715021276596,470
33273,6,99.250,3,488.45834107498337,2113.901274054413,3549.678891838089,8278.42800265428,1507
33274,6,99.250,4,436.78972855591746,1879.4174918566778,2641.789270358306,6374.288412595006,4605
33275,6,99.250,5,403.19161643622806,1902.7965550722388,2527.6688830200405,6220.544886593134,12874
33276,6,99.250,6,388.6757181097498,2053.1811572119836,2478.091448574076,6422.398920004119,9713
33277,6,99.250,8,360.4449240065922,2060.9289635597875,2378.9018970884454,6285.77674235488,5461
33278,6,99.250,9,324.4110845986985,2175.338785249458,2147.7539045553144,6480.428221258135,461
33279,6,99.260,1,154.31351351351353,3436.9027027027028,1119.1113513513515,11726.516756756757,37
33291,6,99.280,0,763.7431818181817,2574.0454545454545,12081.105454545455,18854.32590909091,22
33292,6,99.280,1,337.54139534883717,2779.3402325581396,4076.711860465116,10269.81534883721,43
33293,6,99.280,2,245.288024691358,2364.4038271604936,5105.877777777778,11765.78938271605,81
33294,6,99.280,3,164.72043165467625,1796.7077338129495,3211.6292805755397,6916.983776978417,278
33295,6,99.280,4,169.82234800838575,1676.8964150943395,2054.21428721174,5274.938008385745,954
33296,6,99.280,5,162.92953379110952,1810.5237079869894,1696.4606071557644,4568.499407300325,2767
33297,6,99.280,6,140.8770455570591,1932.9387460532253,1559.1056923770861,4532.198894903022,2217
33298,6,99.280,8,146.1031608478803,1901.4178304239404,1642.4097755610971,4724.874102244389,1604
33299,6,99.280,9,149.33223837209303,2030.6859302325581,1713.5231395348835,4998.045523255813,344
33300,6,99.290,0,431.586347826087,938.1022608695652,816.6601739130434,4151.897478260869,115
33301,6,99.290,1,85.26375,1314.5328124999999,1279.8409374999999,5659.7540625,32
33302,6,99.290,2,151.3568656716418,1142.476119402985,916.1085074626866,4174.875820895522,67
33303,6,99.290,3,184.2785,1695.3662499999998,1160.337125,6499.25625,80
33304,6,99.290,4,142.58729411764705,2014.3654117647059,1311.6088235294117,7222.382352941177,85
33305,6,99.290,5,107.99108280254777,2413.179617834395,1611.6492993630573,7378.020636942675,157
33306,6,99.290,6,140.3873202614379,2658.3184313725487,2472.425882352941,8912.566666666666,153
33307,6,99.290,8,295.6462658227848,3126.6633544303795,2649.7161392405064,10039.56924050633,158
33308,6,99.290,9,188.8014371257485,2366.9843113772454,2128.4877844311377,7775.949760479042,167
33319,6,99.600,5,1793.6019230769232,7186.123846153846,7900.6050000000005,26816.947692307695,26
33320,6,99.600,6,424.7058333333333,3432.7497222222223,2111.71,8897.405277777776,36
33321,6,99.600,8,356.59346938775514,3881.668367346939,1715.675306122449,8366.374489795919,49
33322,6,99.600,9,502.61754098360655,4261.181639344262,3283.57737704918,12166.335409836065,61
33381,6,99.820,3,79.88380952380952,1415.847619047619,1012.897619047619,4601.823333333333,21
33382,6,99.820,4,148.6665625,1853.731875,1319.7975,7677.8790625,32
33383,6,99.820,5,98.38765625,2289.86046875,1451.31515625,7285.0096875,64
33384,6,99.820,6,84.50847457627118,2588.3599999999997,1438.722881355932,6766.976779661017,59
33385,6,99.820,8,104.27177777777777,2540.199111111111,1633.6588888888887,8479.189777777778,45
33386,6,99.820,9,141.4919230769231,3030.5215384615385,2365.8634615384613,9127.11923076923,26
33389,6,99.830,2,85.60833333333333,1157.969761904762,901.424761904762,4512.2797619047615,42
33390,6,99.830,3,42.24821428571429,1263.26375,952.2375000000001,3958.5460714285714,56
33391,6,99.830,4,42.85636363636364,1378.4125000000001,1180.3436363636365,4438.623863636363,44
33392,6,99.830,5,66.02873873873874,1673.831081081081,1243.000810810811,5134.71972972973,111
33393,6,99.830,6,75.88518518518518,1785.5835802469135,1478.3779012345678,5620.317037037037,81
33394,6,99.830,8,59.9315625,1928.1259375,1249.0003125,5477.03125,64
33395,6,99.830,9,133.25110046537094,2243.345636463181,237.1189926088147,5660.658861209965,3653
33398,6,99.850,0,131.22371287128712,901.8554455445544,497.07044554455445,2545.4525742574256,202
33399,6,99.850,1,122.43622222222223,990.8488888888888,705.8197777777777,3120.382666666667,45
33400,6,99.850,2,67.75514285714286,1547.8191428571429,626.5248571428571,5499.470857142857,35
33401,6,99.850,3,213.45641221374044,2460.1911450381676,1093.2141984732825,9285.248167938931,131
33402,6,99.850,4,140.32246323529412,2557.572757352941,1429.687463235294,9672.065514705882,272
33403,6,99.850,5,140.24642857142857,1993.580782312925,1369.644761904762,6341.189931972789,294
33404,6,99.850,6,172.08196153846154,2171.204846153846,1742.8360384615385,6684.522307692308,260
33405,6,99.850,8,224.21440366972476,2259.8115137614677,1940.7909633027523,7330.824908256881,218
33406,6,99.850,9,160.28009708737864,2404.398834951456,1837.3966990291265,7211.4207766990285,103
33414,6,99.920,0,56.65145510835914,689.6043859649124,578.942858617131,2686.5270072239423,969
33415,6,99.920,1,83.73531981279251,1161.4821372854915,772.9642589703589,4000.5515132605306,641
33416,6,99.920,2,63.61937728937729,1299.0828296703296,896.73576007326,4636.245833333333,1092
33417,6,99.920,3,62.422734793187345,1463.0859416058393,1103.782121654501,5441.017581508516,2055
33418,6,99.920,4,91.64290701816886,1725.2025044531526,1276.027331670823,6469.043110081939,2807
33419,6,99.920,5,106.21692559577953,1946.649939967255,1515.7096052392214,7039.782448608331,5497
33420,6,99.920,6,103.93446674727933,2261.072353083434,1848.9582950423217,7652.8432696493355,4135
33421,6,99.920,8,137.6497529682114,2547.0766851780927,2086.253946763692,8318.872621600918,5222
33422,6,99.920,9,181.82646853146852,2878.8583312142405,2334.2316369993646,9248.864567705023,3146
33443,7,,0,31.653785994764398,456.0025406694091,433.9643871540763,1409.4977594427824,21392
33444,7,,1,19.441467726323296,440.9552498853737,478.1103484640073,1317.6238616332978,19629
33445,7,,2,20.414488468361917,501.2102649319929,645.4505487876995,1673.0186457717327,8455
33446,7,,3,19.716266186171513,519.3024480820914,693.4906376740778,1823.5057757146346,16372
33447,7,,4,17.312658057657433,553.7859386529923,712.3632487023951,1989.1199981239447,31982
33448,7,,5,16.277707097302674,593.3176243637002,745.3894553858756,2091.9233945351357,85455
33449,7,,6,19.471711015162164,648.9178954714329,846.8039786123105,2249.939605884125,99590
33450,7,,8,22.228591614930178,688.4839796010402,892.4142436450551,2331.841205297416,133046
33451,7,,9,29.40297108655617,753.8531550644567,939.3009928176795,2496.354054696132,54300
33509,7,03.910,5,148.2321875,1454.846875,964.3790625,5256.6646875,32
33551,7,04.810,4,45.72985714285714,748.7252857142856,910.2042857142858,3551.1252857142854,70
33552,7,04.810,5,53.233149171270725,921.3246961325966,1002.4556353591161,4058.7058011049726,181
33553,7,04.810,6,60.80746153846154,916.5183076923078,902.8864615384616,3668.104923076923,130
33554,7,04.810,8,53.1309022556391,916.916015037594,949.3883458646617,4002.7393984962405,133
33555,7,04.810,9,63.8,1199.4365384615385,1089.2673076923077,4682.053846153846,26
33688,7,11.390,6,583.1693548387096,487.08096774193547,277.0906451612903,2190.1061290322577,31
33689,7,11.390,8,742.5510344827586,450.4724137931035,234.79206896551725,2188.4327586206896,29
33717,7,13.410,5,3183.4570108695652,585.8483695652175,181.02027173913046,5963.339510869565,184
33718,7,13.410,6,2154.5971749598716,551.4389727126805,189.40308186195827,4834.060529695024,623
33719,7,13.410,8,2059.7986459286367,538.0165324794145,178.18363220494052,4658.2708417200365,1093
33720,7,13.410,9,1886.5271886120997,545.022206405694,176.29402135231317,4505.375373665481,281
33722,7,13.590,6,915.5714285714286,791.0809523809525,161.21238095238095,3653.84380952381,21
33723,7,13.590,8,1472.5249999999999,946.7541666666666,432.19875,4828.6137499999995,24
33735,7,13.700,5,3244.4632558139538,322.82,41.600697674418605,5595.535581395349,43
33736,7,13.700,6,2160.6986259541986,324.2271755725191,45.1569465648855,4548.325190839694,131
33737,7,13.700,8,1943.118281938326,336.4683700440529,47.477533039647575,4459.689162995594,227
33738,7,13.700,9,2002.1177358490568,339.6381132075472,46.67905660377359,4468.000943396226,53
33740,7,13.710,5,1824.4353125,644.9565625,129.5490625,4159.5528125,32
33741,7,13.710,6,1741.8476785714288,690.9614880952381,134.8354761904762,4155.293333333333,168
33742,7,13.710,8,1527.4425255972697,683.1741296928327,148.54262798634812,3918.035767918089,293
33743,7,13.710,9,1505.7767164179106,623.8217910447761,117.77119402985075,3655.157014925373,67
33827,7,17.912,3,10.396666666666667,449.50755555555554,347.5262222222222,2314.012888888889,45
33828,7,17.912,4,7.031383647798743,463.8061635220125,507.3998742138365,2432.1928930817608,159
33829,7,17.912,5,8.174714285714286,494.312380952381,539.9684047619048,2442.3475952380954,420
33830,7,17.912,6,7.675573333333333,503.8919466666667,629.4960266666667,2532.51136,375
33831,7,17.912,8,9.359340909090909,526.386590909091,638.8272272727272,2520.8533636363636,440
33832,7,17.912,9,11.340909090909092,583.5389393939394,759.9716666666666,2590.0550000000003,132
33838,7,17.913,5,13.315625,543.17375,767.07375,2408.0503125,32
33839,7,17.913,6,228.011,540.8273333333333,964.0006666666667,2978.8186666666666,30
33840,7,17.913,8,11.881481481481481,511.4648148148149,884.9251851851851,2850.8322222222223,27
33845,7,17.920,4,9.791842105263157,648.9042105263158,412.7165789473684,2812.5442105263155,38
33846,7,17.920,5,24.700581395348838,623.0367441860466,447.808488372093,2621.8237209302324,86
33847,7,17.920,6,40.334736842105265,746.921052631579,478.03578947368425,2805.994210526316,38
33848,7,17.920,8,41.99765957446808,796.8765957446808,549.3740425531915,2937.2887234042555,47
33870,7,17.926,5,7.644782608695652,552.0182608695652,300.0234782608696,2268.8995652173912,23
33872,7,17.926,8,5.302727272727273,658.7977272727272,347.18363636363637,2313.162272727273,22
33886,7,17.950,0,42.9084,479.42800000000005,412.202,1565.4723999999999,25
33889,7,17.950,3,50.11418604651163,629.2841860465116,417.20488372093024,1982.5137209302325,43
33890,7,17.950,4,32.46629032258065,614.4209677419354,501.39322580645165,2146.1109677419354,62
33891,7,17.950,5,34.46661870503597,647.6525179856114,569.6481294964028,2375.2759712230213,139
33892,7,17.950,6,56.04810256410256,712.2453333333333,798.4297435897436,2791.5895384615383,195
33893,7,17.950,8,64.01150406504065,802.5666260162601,731.7774390243902,2825.988861788618,246
33894,7,17.950,9,69.20882352941176,845.196705882353,823.8075294117647,2884.9476470588233,85
33895,7,17.951,0,22.76811320754717,357.8409433962264,443.44264150943394,1474.3681132075471,106
33896,7,17.951,1,6.686176470588236,384.7930392156863,454.0453921568627,1377.798823529412,102
33897,7,17.951,2,5.629032258064516,468.33838709677417,461.0554838709678,1495.2596774193548,31
33898,7,17.951,3,9.497551020408164,478.5289795918367,598.18,1698.783469387755,49
33899,7,17.951,4,6.599666666666667,519.4284444444444,605.4053333333334,1912.9644444444443,90
33900,7,17.951,5,8.972568093385213,547.3761089494163,670.1986770428016,1978.746692607004,257
33901,7,17.951,6,11.651818181818182,649.8477575757576,772.6801818181818,2263.1684848484847,330
33902,7,17.951,8,14.41509977827051,693.2143237250554,788.3462305986696,2336.9193126385812,451
33903,7,17.951,9,22.112944785276074,819.1292024539877,844.0753374233129,2637.0823926380367,163
33911,7,17.957,4,7.495116279069768,675.6588372093023,667.4016279069767,2617.052093023256,43
33912,7,17.957,5,72.15063829787233,561.2236170212766,743.1723404255318,2764.4062765957447,94
33913,7,17.957,6,12.273939393939393,636.319898989899,689.5766666666666,2707.0856565656563,99
33914,7,17.957,8,16.74240740740741,735.001574074074,766.2146296296297,2788.968888888889,108
33915,7,17.957,9,19.776346153846156,859.1575,825.6173076923077,2688.514038461539,52
33921,7,17.961,4,9.71,531.7818181818182,611.31,3621.865909090909,22
33922,7,17.961,5,14.469545454545454,519.0119318181819,610.1401136363637,3065.505,88
33923,7,17.961,6,10.16,529.3717857142857,659.0182142857142,2861.325714285714,56
33924,7,17.961,8,16.981525423728815,578.1703389830509,649.2413559322033,3218.9142372881356,59
33931,7,17.970,5,107.07757575757576,754.6939393939394,754.4157575757577,3224.308484848485,33
33932,7,17.970,6,403.9132558139535,763.053488372093,741.5418604651163,3039.10488372093,43
33933,7,17.970,8,134.64999999999998,760.8945945945945,537.3251351351352,2566.572972972973,37
33947,7,17.972,5,44.334242424242426,615.9530303030303,790.8766666666667,2355.3657575757575,33
33948,7,17.972,6,47.808888888888895,802.3744444444445,672.7337037037038,2520.990370370371,27
33949,7,17.972,8,45.88903225806452,876.2074193548387,609.9529032258065,2475.7454838709677,31
33959,7,17.974,5,3.0692592592592596,406.3074074074074,367.47444444444443,3227.543703703704,27
33960,7,17.974,6,4.173636363636363,373.87272727272733,233.44636363636363,2699.683636363636,22
33977,7,17.983,3,330.1774074074074,665.6666666666666,830.0592592592592,3439.65037037037,27
33978,7,17.983,4,278.7957142857143,597.7428571428571,793.7173015873017,3329.2387301587305,63
33979,7,17.983,5,177.4712658227848,634.6069620253164,821.2641772151898,3195.9082278481014,79
33980,7,17.983,6,147.67725000000002,640.7715000000001,665.38525,2970.86375,40
33981,7,17.983,8,255.81954545454545,577.2345454545455,732.3818181818182,2930.384090909091,22
34108,7,21.850,2,6079.51,1094.17,817.1475,30088.1745,40
34282,7,31.420,5,29.15909090909091,1053.729696969697,882.7557575757577,2865.348181818182,33
34283,7,31.420,6,27.5175,895.0833333333334,921.1104166666668,2649.9725,24
34284,7,31.420,8,54.64448275862069,1268.6655172413793,1171.4244827586206,4403.577931034482,29
34300,7,33.240,0,81.29020408163265,2164.204081632653,499.7580612244898,5253.48806122449,98
34305,7,33.240,5,124.09096774193549,1916.3322580645163,1313.0838709677419,5084.737741935483,31
34306,7,33.240,6,156.15027777777777,2375.411111111111,1750.111111111111,6789.194166666666,36
34307,7,33.240,8,209.54216216216219,2625.7837837837837,1745.5202702702702,6981.905675675676,37
34320,7,34.040,6,286.02564102564105,1922.959487179487,1410.8853846153845,5678.025641025641,39
34321,7,34.040,8,279.3346511627907,1741.8204651162791,1719.9983720930231,5860.30534883721,43
34322,7,34.040,9,233.59727272727275,2149.5636363636363,1926.7972727272727,6242.917272727273,22
34338,7,34.910,6,151.27296296296296,1338.9018518518517,1117.1996296296295,3970.2255555555553,27
34339,7,34.910,8,211.75372549019608,1435.2090196078432,1579.0364705882353,5077.133137254902,51
34340,7,34.910,9,165.61979591836734,1573.72693877551,1448.6661224489796,5259.507551020408,49
34353,7,38.590,5,312.7503389830509,1077.1732203389831,813.021186440678,4713.340847457627,59
34354,7,38.590,6,255.0589285714286,1234.0008928571428,891.8044642857143,4886.616071428572,56
34355,7,38.590,8,410.04675675675674,1449.0094594594593,732.24,5501.87945945946,37
34372,7,38.930,8,251.3188,3127.0820000000003,2247.4108,9052.4848,25
34373,7,38.930,9,173.38260869565218,7026.660869565217,12064.223043478261,30888.41304347826,23
34423,7,39.950,5,523.3535555555555,1205.9377777777777,1724.0175555555554,7619.8495555555555,45
34468,7,43.410,4,336.46818181818185,1210.825909090909,768.5154545454545,4076.4868181818183,22
34469,7,43.410,5,319.086393442623,1349.5709836065573,769.0827868852459,4346.988196721311,61
34470,7,43.410,6,229.36745098039216,1290.2498039215686,842.5047058823529,4452.154705882353,51
34471,7,43.410,8,194.61962962962966,1370.8644444444444,853.804074074074,4226.774814814815,27
34482,7,44.130,2,44.579523809523806,760.7342857142858,997.3199999999999,2885.571904761905,21
34483,7,44.130,3,71.88686567164179,1082.1644776119404,673.4432835820895,2686.1141791044774,67
34484,7,44.130,4,90.20890510948904,1083.0140145985401,749.1740875912409,2925.4149635036497,137
34485,7,44.130,5,72.78083333333333,1104.5694791666667,720.481875,2848.2775520833334,384
34486,7,44.130,6,77.53509036144578,1164.7603614457832,885.2485240963856,3176.2893072289157,332
34487,7,44.130,8,70.65863070539419,1270.3882987551867,916.9491286307053,3336.057468879668,241
34488,7,44.130,9,53.14025641025642,1516.5410256410255,1106.9148717948717,3873.6789743589748,39
34492,7,44.140,5,75.83857142857144,1593.9614285714288,728.0095238095239,3390.4895238095237,21
34494,7,44.140,8,127.43318181818181,1774.195909090909,1307.515909090909,4995.512272727273,22
34514,7,45.130,5,47.3909756097561,1312.2243902439025,935.7829268292683,3787.902195121951,41
34515,7,45.130,6,38.63441176470588,1285.9485294117646,948.3335294117647,3394.5326470588234,34
34516,7,45.130,8,63.189130434782605,1306.4943478260868,957.6326086956522,3728.452173913043,23
34526,7,45.230,4,107.36233333333332,957.1396666666666,797.6196666666667,3103.588666666667,30
34527,7,45.230,5,184.6944927536232,1212.8484057971013,860.7247826086957,3401.490289855072,69
34528,7,45.230,6,104.66391304347826,1148.929347826087,995.4915217391305,3482.378043478261,46
34529,7,45.230,8,73.07048780487804,1185.8458536585365,860.1678048780487,3314.6241463414635,41
34550,7,45.420,5,535.2662711864407,889.567627118644,666.2079661016949,3895.22593220339,59
34551,7,45.420,6,406.8113333333333,1126.6076666666665,995.4456666666666,4211.518333333333,30
34555,7,45.430,5,538.0797222222222,1243.3777777777777,817.8827777777777,4454.0280555555555,36
34556,7,45.430,6,589.8310714285715,1916.4714285714285,957.8839285714286,5279.243214285714,28
34575,7,47.010,1,803.8581578947369,1079.193947368421,921.881052631579,5191.9580263157895,76
34576,7,47.010,2,977.9554545454545,1162.0824242424242,966.8039393939393,5764.048181818182,33
34577,7,47.010,3,826.7431578947368,1088.9205263157894,1048.868157894737,5598.175526315789,38
34578,7,47.010,4,824.083448275862,1373.1865517241379,1236.5277586206896,6304.702068965516,58
34579,7,47.010,5,1088.4953086419753,1347.174938271605,1278.556790123457,6494.361111111111,81
34580,7,47.010,6,883.0302040816327,1335.6995918367347,1111.9326530612245,5982.825510204082,49
34581,7,47.010,8,866.431935483871,1469.3258064516128,1242.284193548387,6392.422580645161,31
34584,7,47.090,1,231.8960975609756,931.5317073170733,727.0621951219512,3625.1043902439023,41
34586,7,47.090,3,213.50185185185185,1044.2985185185187,932.7918518518519,4106.748148148148,27
34587,7,47.090,4,246.1544736842105,951.5992105263157,1192.2228947368421,4277.651052631579,38
34588,7,47.090,5,216.56941176470588,973.4508823529412,1020.7660294117646,4162.856029411765,68
34589,7,47.090,6,246.04475000000002,1134.4485,1117.799,4659.122,40
34590,7,47.090,8,337.3322580645161,1324.8854838709676,1410.015806451613,5629.534193548387,31
34622,7,48.360,4,315.9030769230769,938.3615384615385,957.6692307692307,4242.298076923077,26
34623,7,48.360,5,353.75307692307695,961.7143076923077,870.5084615384615,4165.779692307692,65
34624,7,48.360,6,385.968,1146.0652,834.2408,4459.2936,25
34629,7,48.410,4,240.325625,394.284375,2290.5359375000003,5511.3421875,32
34630,7,48.410,5,544.8061702127659,422.9851063829787,2060.7540425531915,5306.806595744681,47
34652,7,49.010,3,75.28391304347826,802.6086956521739,983.7047826086956,3299.915652173913,23
34653,7,49.010,4,73.68833333333333,790.3009999999999,738.3713333333333,3142.010333333333,30
34654,7,49.010,5,66.30853658536586,756.3782926829268,816.709268292683,3266.6585365853657,41
34662,7,49.040,3,112.89033333333333,550.4766666666667,1041.1783333333333,3586.496,30
34663,7,49.040,4,153.10806451612905,709.2409677419355,903.84,3539.3616129032257,31
34664,7,49.040,5,127.41636363636363,589.1704545454545,836.6559090909091,3204.402727272727,44
34684,7,49.390,5,82.08772727272728,600.0340909090909,687.71,3439.6177272727273,22
34691,7,49.420,4,270.34043478260867,568.5217391304348,945.1730434782609,3715.0404347826084,23
34692,7,49.420,5,103.26729729729729,475.6243243243243,948.4716216216216,3905.0051351351353,37
34699,7,49.450,3,325.14469387755105,596.9938775510204,1287.255918367347,4166.711428571429,49
34700,7,49.450,4,299.49149253731343,607.274776119403,1350.4719402985074,4069.178208955224,67
34701,7,49.450,5,334.7134677419355,624.5028225806452,1289.1718548387096,4046.426935483871,124
34702,7,49.450,6,217.41425531914894,654.6729787234043,1106.4946808510638,3683.1272340425535,47
34703,7,49.450,8,318.8696296296296,648.0166666666667,1241.0585185185187,3988.0774074074075,27
34707,7,49.460,2,265.78,584.0063888888889,1045.493611111111,3686.051111111111,36
34708,7,49.460,3,335.6520895522388,666.7601492537314,818.5588059701493,3813.6805970149253,67
34709,7,49.460,4,188.35167832167832,661.0996503496503,987.3304195804196,3825.415944055944,143
34710,7,49.460,5,198.55117647058825,748.1802521008403,817.0965546218488,3648.7109243697478,238
34711,7,49.460,6,270.72810810810813,707.5921621621621,813.0492792792793,3785.274864864865,111
34712,7,49.460,8,219.17089552238807,741.3892537313433,1012.0859701492536,3891.425671641791,67
34722,7,49.490,3,1371.8428571428572,550.4876190476191,1478.0152380952381,6192.288571428571,21
34723,7,49.490,4,1930.230476190476,603.0957142857143,1141.8671428571429,6071.660952380952,21
34724,7,49.490,5,1531.2625,630.0214285714285,830.0892857142857,5197.905,28
34757,7,51.230,2,1064.2641379310344,1089.4537931034483,1099.1958620689654,6460.270689655173,29
34758,7,51.230,3,999.4007575757576,1101.5972727272726,1113.0922727272728,6334.327272727272,66
34759,7,51.230,4,1027.556806722689,1208.8017647058823,1103.7034453781512,6345.690924369747,119
34760,7,51.230,5,947.1252264808362,1234.6217770034843,1260.4166898954704,6487.032891986062,287
34761,7,51.230,6,1076.3016560509554,1337.522101910828,1205.4554777070064,6857.9670063694275,157
34762,7,51.230,8,1183.1084615384616,1386.384358974359,1178.8010256410255,6930.353846153846,78
34782,7,53.000,5,1138.699433962264,872.2298113207547,735.9518867924528,4920.948301886792,53
34783,7,53.000,6,776.3590625,785.08640625,764.7503125,4292.5040625,64
34784,7,53.000,8,1113.1712727272727,925.8005454545454,829.988909090909,5000.3961818181815,55
34796,7,53.020,6,977.2669999999999,720.179,716.443,4740.847333333334,30
34797,7,53.020,8,688.8996428571429,914.4982142857143,656.2446428571428,4461.146785714286,28
34802,7,53.030,6,1213.8891176470588,882.1470588235294,778.5255882352941,4852.587058823529,34
34803,7,53.030,8,1163.5486842105263,932.8986842105263,622.3092105263158,5026.762894736842,38
34809,7,53.040,5,1073.3217543859648,869.6735087719298,587.5443859649123,4978.5177192982455,57
34810,7,53.040,6,1249.3145454545454,936.9904545454546,707.4710227272727,5130.053522727273,88
34811,7,53.040,8,1125.1668085106385,993.8851063829787,626.4597872340426,5112.542021276596,94
34815,7,53.050,5,1158.8219642857143,1062.7914285714285,560.0849999999999,4935.975535714286,56
34816,7,53.050,6,1159.6306521739132,1004.6028260869566,587.6067391304348,4938.026521739131,92
34817,7,53.050,8,1064.255657894737,1091.5102631578948,715.562105263158,5120.734868421052,76
34898,7,54.510,2,816.4709090909091,666.5181818181818,640.23,15141.170606060607,33
34899,7,54.510,3,872.782564102564,683.2358974358974,645.481282051282,14169.82282051282,39
34942,7,56.0x0,3,3103.76,1073.759,1367.8146666666667,9019.930666666665,30
34943,7,56.0x0,4,1988.5290909090909,1050.1922727272727,1304.8597727272727,7803.4375,44
34944,7,56.0x0,5,2832.619365079365,1178.6296825396826,1342.923968253968,8600.849206349207,63
34945,7,56.0x0,6,2786.5215384615385,1245.5334615384616,1244.4011538461539,8247.26923076923,26
34992,7,57.940,5,106.95173913043477,974.2782608695653,6947.791304347827,10066.04956521739,23
34993,7,57.940,6,96.43758241758242,1269.6765934065934,5176.454505494506,8773.286373626373,91
34994,7,57.940,8,99.76444444444445,1100.3948366013071,4960.087647058824,8082.330980392157,153
34995,7,57.940,9,94.65991666666667,1238.89375,5325.6748333333335,8819.02075,120
35037,7,60.290,6,1684.0282051282052,1438.5871794871796,2186.2333333333336,9113.276153846155,39
35038,7,60.290,8,1583.89359375,1490.0453125,2192.8715625,9012.4671875,64
35184,7,67.320,2,52.854571428571425,766.2508571428571,840.2342857142858,2985.2722857142858,35
35185,7,67.320,3,41.71741176470588,729.8455294117647,866.0243529411765,2851.7069411764705,85
35186,7,67.320,4,52.83992424242424,738.193106060606,654.9425,2623.520303030303,132
35187,7,67.320,5,29.988235294117647,778.2863235294118,513.5389705882353,2443.7114705882354,68
35194,7,67.390,4,78.98862068965518,751.9,360.7410344827586,2110.0510344827585,29
35195,7,67.390,5,48.67090909090909,1012.2113636363637,281.61545454545455,2080.744090909091,22
35217,7,68.230,4,127.93318181818182,853.9772727272727,1226.5654545454545,4855.493636363636,22
35228,7,68.291,3,387.9590322580645,1017.788064516129,802.4545161290323,4687.6145161290315,31
35229,7,68.291,4,503.19461538461536,1204.4666666666667,652.214358974359,4712.855641025641,39
35230,7,68.291,5,369.626,1224.954,904.6308,5411.1704,25
35254,7,69.010,2,25.107931034482757,599.0493103448276,429.1234482758621,1802.002068965517,29
35255,7,69.010,3,48.07470588235294,555.353137254902,364.5927450980392,1639.6321568627452,51
35259,7,69.020,2,65.1959574468085,679.4091489361703,406.86638297872344,2205.3748936170214,47
35260,7,69.020,3,48.45855263157895,604.4715789473685,382.2053947368421,1767.1040789473684,76
35263,7,69.090,2,17.368571428571432,1109.967142857143,521.7125,2396.6121428571428,28
35264,7,69.090,3,23.71682926829268,854.2249999999999,461.909512195122,2053.2191463414633,82
35265,7,69.090,4,23.64222772277228,892.159504950495,443.1547524752475,2100.071881188119,202
35266,7,69.090,5,52.9772619047619,994.4264285714287,508.71773809523813,2204.8616666666667,84
35275,7,69.510,2,34.041875,574.5210416666666,243.87395833333335,1519.2720833333333,48
35276,7,69.510,3,42.29025641025641,629.2271794871795,284.8380769230769,1780.6998717948718,78
35300,7,70.210,3,8.602068965517242,552.8172413793104,2815.3724137931035,4221.257586206897,29
35301,7,70.210,4,1.9782352941176473,560.5558823529412,3176.4500000000003,4575.6226470588235,34
35355,7,71.710,2,107.33754716981133,882.714716981132,327.69150943396227,2958.312830188679,53
35379,7,73.590,2,131.5953846153846,832.4476923076923,391.8453846153846,2563.554230769231,26
35382,7,73.6x0,2,159.5838888888889,954.2272222222222,477.1538888888889,3579.3718518518517,54
35383,7,73.6x0,3,111.4584375,809.55625,400.0928125,2740.9059374999997,32
35391,7,74.1x0,1,394.21125,977.3896875,1021.9859375,4808.8025,32
35392,7,74.1x0,2,432.6056611570248,1095.23347107438,1010.2128099173553,5571.799380165289,242
35393,7,74.1x0,3,403.0290857142857,1090.3684,978.9780571428572,5481.508685714286,175
35408,7,75.690,2,120.7625,1879.117794117647,391.84558823529414,9768.08794117647,68
35409,7,75.690,3,140.8849152542373,2245.143898305085,525.1708474576271,11087.28593220339,59
35546,7,78.610,4,385.2921875,730.10875,818.3521875,3947.3396875,32
35547,7,78.610,5,259.33390625,817.7075,592.47734375,3455.72734375,64
35548,7,78.610,6,251.42357142857145,868.4730952380953,607.2042857142858,3482.382380952381,42
35556,7,78.620,5,310.42545454545456,936.0969696969697,1030.0669696969696,4325.322727272727,33
35563,7,78.630,4,307.01304347826084,754.025652173913,592.8217391304348,3583.0782608695654,23
35564,7,78.630,5,381.50521739130437,866.6108695652174,541.6071739130435,3552.131086956522,46
35565,7,78.630,6,219.79925925925926,872.0214814814816,587.8218518518519,3473.757777777778,27
35580,7,78.650,5,586.9579166666666,1064.40625,722.9845833333334,4579.47875,24
35587,7,78.660,5,300.84735294117644,766.1955882352942,733.905294117647,3662.8908823529414,34
35594,7,78.670,4,455.17875,799.871875,674.78203125,3992.28234375,64
35595,7,78.670,5,406.32186915887854,835.5385046728971,626.053738317757,3986.783925233645,107
35596,7,78.670,6,320.93,917.0530952380954,686.1390476190476,4134.052380952381,42
35602,7,78.680,5,362.90185185185186,841.3648148148147,892.5685185185184,4234.972222222223,27
35610,7,78.690,5,629.9100000000001,952.472380952381,1206.9960317460318,5079.594603174603,63
35611,7,78.690,6,306.1952380952381,1041.677619047619,999.1757142857144,4545.159047619048,21
35641,7,79.020,5,72.7465625,657.5706250000001,548.48875,2013.1521875,32
35642,7,79.020,6,144.38454545454545,724.2038636363636,504.7386363636364,2288.2372727272727,44
35643,7,79.020,8,68.46137931034482,834.6396551724138,573.7751724137931,2265.1,29
35731,7,79.310,5,3534.7396875,1492.9709375,1740.335625,10566.52125,32
35732,7,79.310,6,4711.400588235294,1568.7070588235295,1883.9335294117648,12395.125882352942,34
35733,7,79.310,8,5135.62119047619,1663.467619047619,1903.6142857142859,12201.13261904762,42
35740,7,79.320,5,3816.614054054054,1461.3808108108108,2085.0994594594595,12113.201621621622,37
35741,7,79.320,6,3868.8976666666667,1153.0116666666665,1780.9453333333333,11401.749000000002,30
35742,7,79.320,8,3340.2613636363635,1217.175,1215.5659090909091,9494.15409090909,22
35764,7,79.350,6,4338.299090909091,1661.3931818181818,2692.850909090909,13188.193181818182,22
35765,7,79.350,8,4827.220526315789,1825.6023684210527,2476.2523684210523,14110.01947368421,38
35766,7,79.350,9,5632.648095238095,2642.1714285714284,2938.2130952380953,15770.059523809523,42
35771,7,79.360,4,5804.559743589744,1510.3302564102564,2370.3294871794874,14056.825384615384,39
35772,7,79.360,5,4536.60797752809,1454.8944943820225,2286.922584269663,13588.383146067417,89
35773,7,79.360,6,3899.473333333334,1481.9996296296297,2045.968271604938,11285.054938271604,81
35774,7,79.360,8,4680.905384615385,1535.741282051282,1959.4871794871794,12110.768461538462,39
35792,7,79.390,4,3280.1196875,1493.2165625,1859.9171875,10750.954375,32
35793,7,79.390,5,3778.0198113207543,1597.6896226415095,1651.8339622641508,10471.916981132075,53
35794,7,79.390,6,2760.9433333333336,1386.0484615384614,1591.7235897435899,8697.024615384616,39
35903,7,80.590,6,257.93703703703704,964.6444444444444,1529.2314814814815,4803.208518518519,27
35990,7,81.510,8,12985.762380952381,2485.1409523809525,3005.407142857143,23295.665714285715,21
35993,7,81.520,8,13628.98625,2302.409375,3254.0315625000003,24534.845,32
35994,7,81.520,9,13811.746666666668,2073.893333333333,2053.581481481481,22413.245555555557,27
36001,7,81.650,8,4508.970476190477,1886.7785714285715,1295.7904761904763,10012.600476190477,21
36005,7,81.660,8,7436.38619047619,2200.995238095238,1655.202380952381,13885.041428571429,21
36015,7,81.910,5,19.243661971830985,541.2184507042253,716.1618309859155,2717.0938028169016,71
36016,7,81.910,6,22.98118811881188,527.0245544554456,851.7019801980198,2821.1395049504954,101
36017,7,81.910,8,21.205822784810128,635.6162025316456,837.2532911392404,2874.9391139240506,79
36018,7,81.910,9,28.800952380952378,734.8252380952381,623.0747619047619,2789.5723809523806,21
36020,7,81.920,4,14.660714285714286,811.4682142857143,591.4614285714287,3675.3325,28
36021,7,81.920,5,29.178272727272727,744.1301818181818,752.696090909091,3896.9808181818184,110
36022,7,81.920,6,25.245,775.171935483871,890.5184677419355,3829.654193548387,124
36023,7,81.920,8,28.252499999999998,830.9132142857143,1077.5483928571427,3985.6819642857145,112
36024,7,81.920,9,30.771666666666665,763.6876666666667,918.356,4056.4063333333334,30
36060,7,82.210,5,31.034117647058824,613.285294117647,267.8467647058824,1549.8335294117646,34
36074,7,82.360,5,56.836190476190474,567.8214285714286,602.7090476190476,3246.539047619048,21
36095,7,82.450,5,150.24114285714288,642.4857142857143,809.7294285714286,2958.5165714285713,35
36115,7,83.010,5,52.1004,462.63800000000003,274.9632,1783.652,25
36146,7,83.310,4,49.9748,600.9884,267.4684,1792.41,25
36147,7,83.310,5,103.66820512820513,644.1358974358974,320.319358974359,1890.3375641025639,78
36148,7,83.310,6,43.23746031746032,653.7849206349206,425.5684126984127,2048.3498412698414,63
36149,7,83.310,8,31.06860465116279,661.5325581395349,557.0160465116279,2032.9897674418605,43
36158,7,83.390,4,150.16727272727272,744.2990909090909,508.3913636363637,2899.9218181818183,22
36159,7,83.390,5,143.08190476190475,798.8776190476191,438.96936507936505,2892.126507936508,63
36160,7,83.390,6,109.55658536585365,892.8824390243902,540.9739024390244,2960.172195121951,41
36161,7,83.390,8,149.65703703703704,879.1777777777778,825.7340740740741,3452.728888888889,27
36173,7,83.450,5,88.26730769230768,606.5680769230769,1223.3361538461538,2686.3665384615383,26
36203,7,83.910,3,10.046825396825398,514.7628571428571,632.2187301587302,3201.380158730159,63
36204,7,83.910,4,10.94970684039088,509.58120521172634,633.2482410423453,3172.488599348534,307
36205,7,83.910,5,11.172277486910996,548.9573167539268,601.7754581151833,3173.961060209424,764
36206,7,83.910,6,14.025643224699829,580.8630360205832,736.8507547169811,3260.173190394511,583
36207,7,83.910,8,13.535662188099808,616.3287140115164,804.7265642994241,3426.230038387716,521
36208,7,83.910,9,15.167628865979381,621.5203092783505,839.601030927835,3241.0170103092787,97
36212,7,83.980,6,10.965000000000002,780.1,598.8140909090909,3188.247272727273,22
36287,7,85.540,2,14057.46,895.34,920.33,35615.2,25
36288,7,85.540,3,13473.954838709677,835.1032258064516,886.4225806451612,41112.096774193546,31
36302,7,86.010,5,30.593181818181815,647.5109090909091,478.32000000000005,1733.1245454545453,22
36313,7,86.040,4,77.38608695652174,722.9465217391305,952.6034782608696,2511.708695652174,23
36314,7,86.040,5,30.302439024390246,688.549756097561,766.2407317073171,2335.2865853658536,41
36315,7,86.040,6,107.73948717948718,753.3297435897437,642.6120512820513,2299.5053846153846,39
36316,7,86.040,8,165.67800000000003,716.7565714285714,982.7137142857142,2672.696,35
36354,7,86.220,4,62.966750000000005,704.2207500000001,895.35,2583.0885000000003,40
36355,7,86.220,5,291.0965254237288,664.5566101694915,945.5416949152542,2959.5511016949154,118
36356,7,86.220,6,66.88629999999999,695.0111,821.7246,2418.9449,100
36357,7,86.220,8,261.7882978723404,940.7528723404256,1199.8956382978724,3970.914574468085,94
36358,7,86.220,9,51.721034482758625,1106.7289655172412,1085.9955172413793,3450.7106896551722,29
36360,7,86.230,1,33.90958333333334,377.53833333333336,326.6970833333333,1319.7908333333332,24
36378,7,86.280,3,89.8517391304348,1194.9760869565218,1393.0495652173913,4501.114347826087,23
36379,7,86.280,4,57.574035087719295,1061.2429824561402,1003.1873684210526,3193.1938596491227,57
36380,7,86.280,5,75.00572580645162,969.6242741935484,978.6850000000001,3194.517016129032,124
36381,7,86.280,6,46.89239669421488,973.9393388429752,785.9892561983471,2761.3681818181817,121
36382,7,86.280,8,86.77785714285714,999.0001785714286,785.4307142857143,2917.1044642857146,112
36383,7,86.280,9,68.30829787234042,1034.3021276595744,872.9414893617021,3068.924893617021,47
36386,7,86.3x0,2,73.66916666666667,634.4625,404.875,1727.005,24
36387,7,86.3x0,3,40.90107142857143,578.3910714285714,486.13464285714286,1801.537142857143,28
36388,7,86.3x0,4,140.13333333333333,720.2043859649123,362.8642105263158,2531.124385964912,57
36389,7,86.3x0,5,44.98321167883211,668.6640145985401,412.02569343065693,1716.071313868613,137
36390,7,86.3x0,6,45.800609756097565,660.6792682926829,460.06134146341464,1965.510243902439,82
36391,7,86.3x0,8,54.83238095238095,822.0328571428571,482.9771428571429,2094.1803571428572,84
36411,7,86.590,3,89.81545454545454,724.2377272727273,514.054090909091,2265.537272727273,22
36412,7,86.590,4,183.10254237288137,780.0686440677966,775.3918644067797,2648.8854237288133,59
36413,7,86.590,5,73.15992366412215,690.0480152671755,643.0964885496184,2126.593816793893,131
36414,7,86.590,6,35.42260162601626,800.699593495935,629.0798373983739,2165.651219512195,123
36415,7,86.590,8,50.02104838709677,818.9793548387097,642.5606451612904,2340.4098387096774,124
36416,7,86.590,9,39.02769230769231,892.9895384615385,572.5327692307692,2274.292615384615,65
36452,7,86.830,2,5078.400689655172,1579.2344827586207,1087.3213793103448,21558.75379310345,29
36453,7,86.830,3,4370.400250000001,1375.2,900.9157499999999,18362.48775,40
36455,7,86.830,5,814.9885714285714,755.8480952380953,449.4252380952381,4217.718095238095,21
36479,7,86.990,5,36.11775510204082,677.1475510204082,537.4981632653062,1918.9877551020406,49
36480,7,86.990,6,45.92148148148148,643.1444444444445,531.6614814814815,2346.7355555555555,27
36481,7,86.990,8,35.784285714285716,767.0733333333334,485.2742857142857,1985.9557142857143,21
36487,7,87.030,8,75.93729729729729,1245.4756756756756,1796.6543243243245,4063.896216216216,37
36502,7,87.410,5,78.39545454545456,1561.4515151515152,1091.7084848484847,3381.8342424242423,33
36503,7,87.410,6,51.046571428571426,1368.1942857142856,1247.641142857143,3730.830571428571,35
36504,7,87.410,8,51.294285714285714,1423.2089285714285,1399.1044642857144,4228.401607142857,56
36637,7,89.370,6,43.90971428571428,961.7228571428573,924.3968571428571,2845.2334285714287,35
36638,7,89.370,8,50.418103448275865,1004.3379310344827,887.4375862068965,3047.178448275862,58
36648,7,89.520,0,36.46714285714285,359.98979591836735,539.1024489795918,1733.537142857143,49
36653,7,89.520,5,32.779767441860464,784.7713953488371,844.2244186046512,2507.97511627907,43
36654,7,89.520,6,48.33973684210527,771.9294736842105,1036.2257894736842,2881.3823684210524,38
36655,7,89.520,8,40.90207792207792,841.1568831168831,1255.2048051948052,3214.19,77
36656,7,89.520,9,37.445142857142855,776.6828571428572,1004.4585714285715,2638.526571428571,35
36660,7,89.540,4,36.32275,826.45625,1090.0865,3396.078,40
36661,7,89.540,5,44.04163793103448,866.8819827586207,1069.1055172413794,3296.3675862068967,116
36662,7,89.540,6,45.561683168316826,954.6264356435644,1625.8205445544554,4120.243762376238,202
36663,7,89.540,8,49.22158940397351,949.8870198675497,1192.9238410596026,3621.6375827814572,302
36664,7,89.540,9,55.33502590673575,1188.7609844559586,1832.6554404145077,4819.728186528498,193
36687,7,92.240,5,370.31545454545454,12620.975,3880.9093181818184,28108.289545454547,44
36723,7,93.350,3,27.525357142857143,570.5053571428572,520.9603571428571,2307.3110714285713,28
36724,7,93.350,4,58.94047619047619,579.0288095238095,711.5609523809524,3510.1809523809525,42
36725,7,93.350,5,41.410370370370366,598.2294444444444,696.5171296296297,2539.341296296296,108
36726,7,93.350,6,39.07382978723404,788.3406382978724,670.0706382978723,2962.467446808511,94
36727,7,93.350,8,34.45886956521739,653.8431304347827,686.4264347826087,2592.307913043478,115
36728,7,93.350,9,34.483333333333334,1177.7475000000002,1377.2866666666666,6214.379722222223,36
36732,7,93.351,3,11.848571428571429,499.33285714285716,444.4697142857143,2391.4585714285713,35
36733,7,93.351,4,13.562021276595743,514.586170212766,482.4087234042553,2255.2043617021277,94
36734,7,93.351,5,22.29683673469388,479.4575510204081,520.0558163265306,2478.5720918367347,196
36735,7,93.351,6,17.922752293577982,520.0272935779816,585.4195871559633,2515.998532110092,218
36736,7,93.351,8,16.195603864734302,516.0330917874396,539.5851690821256,2319.3827053140094,207
36737,7,93.351,9,15.190533333333333,535.2262666666667,636.6061333333333,2335.6365333333333,75
36738,7,93.352,0,9.633333333333333,343.64166666666665,467.02166666666665,1794.3872222222224,36
36739,7,93.352,1,4.728513513513514,365.88243243243244,496.8932432432432,1747.894864864865,74
36741,7,93.352,3,4.4551612903225815,392.46774193548384,489.95193548387095,1756.1545161290323,31
36742,7,93.352,4,4.556585365853659,514.9756097560976,617.7995121951219,2162.432926829268,41
36743,7,93.352,5,7.113658536585366,614.7036585365853,607.9679268292683,2244.741463414634,82
36744,7,93.352,6,7.7447474747474745,633.5484848484849,713.6039393939393,2447.1814141414143,99
36745,7,93.352,8,9.915609756097561,753.7357723577236,651.6448780487806,2511.781707317073,123
36746,7,93.352,9,12.343333333333334,785.4458333333333,637.6308333333333,2502.70375,48
36752,7,93.390,0,28.98952380952381,351.62142857142857,408.8690476190476,1340.927619047619,42
36753,7,93.390,1,21.756190476190476,401.72380952380956,785.9357142857143,2882.3290476190477,21
36755,7,93.390,3,38.41673076923077,737.175,533.7467307692308,4336.489423076922,52
36756,7,93.390,4,24.565051546391754,663.8801030927835,567.7605154639176,2898.2141237113406,97
36757,7,93.390,5,26.652820512820515,770.4295384615385,740.2807179487179,3527.3521025641026,195
36758,7,93.390,6,23.41572192513369,773.2069518716578,727.1375935828878,3513.7232085561495,187
36759,7,93.390,8,18.972788844621515,711.5196812749004,773.7385258964143,2982.168844621514,251
36760,7,93.390,9,67.01424242424241,1071.9372727272728,888.2065151515151,4077.301363636364,66
36761,7,93.391,0,23.064496644295303,414.3091275167785,378.81026845637587,1298.753288590604,149
36762,7,93.391,1,11.657499999999999,421.4911627906977,446.10976744186047,1390.1651744186047,172
36763,7,93.391,2,11.142105263157895,471.0880701754386,519.6070175438596,1407.5377192982455,57
36764,7,93.391,3,13.704827586206896,489.1568965517242,634.4759770114943,1844.7336781609195,87
36765,7,93.391,4,7.21969696969697,512.1443181818182,604.6870454545455,1831.090075757576,132
36766,7,93.391,5,8.785221445221445,545.7685081585082,664.8902564102564,1969.1377389277388,429
36767,7,93.391,6,9.298064516129033,610.6432258064516,749.4400161290323,2242.6857741935482,620
36768,7,93.391,8,11.728919254658386,643.3448571428571,792.2287329192546,2311.3414534161493,805
36769,7,93.391,9,13.982645161290323,696.6741290322581,770.852935483871,2383.864548387097,310
36790,7,93.530,6,54.31045454545454,802.0240909090909,382.4968181818182,2042.495,22
36794,7,93.540,1,101.71032258064515,612.8512903225807,369.7374193548387,1902.1180645161292,31
36796,7,93.540,3,86.3636,644.6916,628.5572,2336.216,25
36797,7,93.540,4,85.90348837209302,678.7958139534884,514.0981395348838,2013.4388372093022,43
36798,7,93.540,5,98.53872340425531,624.5197872340425,517.9699290780142,2101.270709219858,141
36799,7,93.540,6,75.68009523809523,709.1465714285714,588.6940952380952,2322.818285714286,105
36800,7,93.540,8,100.17040983606559,778.5680327868853,629.1481967213115,2527.342295081967,122
36801,7,93.540,9,83.38000000000001,883.7251428571429,696.9308571428572,2606.7439999999997,35
36817,7,93.670,1,8.928571428571429,574.0619047619048,1136.517142857143,2669.4885714285715,21
36821,7,93.670,5,8.61,741.5708620689655,1678.2424137931034,3730.4137931034484,58
36822,7,93.670,6,12.463636363636363,681.1040909090908,1442.1570454545456,3370.619318181818,44
36823,7,93.670,8,32.50268292682927,778.9668292682927,1058.7721951219512,3188.35243902439,41
36828,7,93.900,6,106.25151515151515,1468.859393939394,2800.498787878788,6407.907575757576,33
36829,7,93.900,8,151.1879365079365,1687.595238095238,3397.4239682539683,7871.790476190476,63
36830,7,93.900,9,192.0886111111111,1660.8194444444443,3501.8705555555553,7917.747222222223,36
36831,7,93.940,0,27.566018957345975,424.2425118483412,331.83000000000004,1267.811421800948,211
36832,7,93.940,1,15.003211678832118,396.0560583941606,402.7512773722628,1277.2796350364963,274
36833,7,93.940,2,16.37,448.75604651162786,549.3258139534884,1477.5244186046511,43
36834,7,93.940,3,15.897499999999999,482.2316666666666,632.395,1615.03,48
36835,7,93.940,4,15.4664,555.0650666666667,697.7982666666667,1871.7849333333334,75
36836,7,93.940,5,18.05891891891892,559.023027027027,715.3494054054055,1898.2857837837837,185
36837,7,93.940,6,14.90885,661.5644500000001,836.4960000000001,2240.7579,200
36838,7,93.940,8,19.783652173913044,675.333652173913,782.5274347826087,2194.856260869565,230
36839,7,93.940,9,24.919298245614037,679.9887719298246,898.791403508772,2424.4173684210527,57
36841,7,93.960,1,28.553636363636368,363.4227272727273,438.3454545454546,1484.6036363636363,22
36843,7,93.960,3,38.26619047619048,607.5566666666667,692.1314285714286,1943.8680952380953,21
36844,7,93.960,4,35.70178571428571,618.1233928571429,1022.7569642857143,2439.8605357142856,56
36845,7,93.960,5,36.64777227722772,717.0983168316833,977.2643069306931,2656.16301980198,202
36846,7,93.960,6,29.98335802469136,764.1767160493828,1002.0693580246914,2763.8207901234564,405
36847,7,93.960,8,37.402815789473685,788.1553026315789,1095.2390263157895,2967.8506578947367,760
36848,7,93.960,9,42.47673913043478,860.0204347826087,1156.9134541062801,3071.0225362318843,414
36956,7,97.620,5,65.32882352941178,559.4782352941176,349.065,1691.8411764705882,34
36965,7,97.710,4,42.6084375,914.028125,460.95125,2204.355625,32
36966,7,97.710,5,31.421111111111113,747.4991666666667,441.3502777777778,2024.1152777777777,36
36995,7,98.510,2,11.270149253731343,529.1317910447762,410.2467164179104,1987.1780597014924,67
36996,7,98.510,3,15.750578947368421,522.763105263158,493.3163157894737,2147.2161052631577,190
36997,7,98.510,4,17.191312056737587,541.7964184397163,492.4040425531915,2053.118794326241,282
36998,7,98.510,5,14.991208791208791,530.7138461538461,556.2447912087912,2174.8642637362636,455
36999,7,98.510,6,27.86122340425532,610.6122872340426,589.0652127659574,2324.220106382979,188
37000,7,98.510,8,14.401,611.6338,548.6564,2241.8061,100
37010,7,99.030,8,100.02961538461538,1466.7173076923077,653.4707692307693,5084.908846153847,26
37032,7,99.170,5,211.242962962963,3905.0148148148146,845.0544444444445,6541.652962962963,27
37033,7,99.170,6,243.95846153846153,4259.846153846154,1571.6596153846153,8445.46423076923,26
37034,7,99.170,8,266.07324324324327,4357.0,973.514864864865,7526.448378378379,37
37046,7,99.250,5,153.95782608695654,1387.204347826087,2640.0769565217392,5050.4,46
37047,7,99.250,6,251.54914285714284,1572.2542857142857,3264.6834285714285,6632.582285714286,35
37048,7,99.250,8,256.62,1661.246875,2912.154375,6146.54,32
37064,7,99.290,4,3.9869565217391307,653.8069565217392,538.9256521739131,3006.9691304347825,23
37065,7,99.290,5,15.297118644067796,420.1913559322034,642.6333898305085,2981.172033898305,59
37066,7,99.290,6,12.162205882352941,492.8270588235294,749.1458823529412,3206.948088235294,68
37067,7,99.290,8,13.268876404494383,488.89382022471915,645.1714606741573,3004.4703370786515,89
37094,7,99.830,5,6.017272727272727,627.4672727272726,503.38363636363636,2067.9260606060607,33
37095,7,99.830,6,21.08018181818182,643.7923636363637,672.5840000000001,2364.5803636363635,55
37096,7,99.830,8,14.086,598.6062222222222,572.2757777777778,2001.964888888889,45
37097,7,99.830,9,65.87703703703704,1074.7855555555554,494.0274074074074,3855.9481481481484,27
37107,7,99.920,0,22.72909090909091,447.05727272727273,436.53522727272724,1612.7786363636362,176
37108,7,99.920,1,18.68468401486989,489.80810408921934,398.926468401487,1488.9562453531598,269
37109,7,99.920,2,16.71808383233533,546.8767664670659,538.6461077844311,2117.5479640718563,167
37110,7,99.920,3,12.60704099821747,538.9215151515151,578.8469696969697,2309.445935828877,561
37111,7,99.920,4,10.534312925170068,568.0882789115647,575.0990816326531,2523.9703537414966,1470
37112,7,99.920,5,10.971214756258235,594.0613833992095,614.4545744400526,2668.599678524374,3795
37113,7,99.920,6,14.017873410233658,641.9658621709553,719.0198669032831,2868.3550902099973,3381
37114,7,99.920,8,18.549511647488075,700.9796632051642,712.5222565253999,2889.0838170081392,3563
37115,7,99.920,9,22.526820754716983,788.0315849056603,685.7636320754716,2829.6433773584904,1060
