,basy_zyzd_jbbm_for_str_9,basy_yydj,HAOCAI-9-only_disease-E,JCJY-9-only_disease-E,YP-9-only_disease-E,ZFY-9-only_disease-E,记录条数-9-only_disease
54,A09.004,6,361.12125000000003,2771.54,1435.66375,6447.13625,32
66,A09.900x0,6,352.79535714285714,2758.5714285714284,1237.1996428571426,6141.918928571429,28
77,A09.902,6,674.8891666666667,3319.870833333333,1220.27375,6776.675833333334,24
87,A15.000x0,5,396.62822222222223,3589.244,1798.1197777777777,9000.289111111111,45
88,A15.000x0,6,683.5572486772486,6419.700978835979,4311.8741005291,15323.183544973544,378
93,A15.007,5,460.2425,4286.910357142858,3187.391071428571,11865.030357142856,28
94,A15.007,6,355.28285714285715,3885.8817142857138,2301.465142857143,9633.004,35
108,A15.200,6,5778.703478260869,5533.244347826087,1727.1947826086955,17826.33956521739,23
111,A15.201,6,12623.90603773585,11131.71679245283,5866.628490566038,40506.83320754717,53
125,A15.300,6,752.1268888888889,5177.716222222222,3062.891333333333,12554.533333333333,45
135,A15.307,6,445.28780487804875,5106.2931707317075,1986.7563414634144,10595.236341463415,41
138,A15.308,6,470.81298245614033,4850.912280701755,1899.2949122807017,10279.463157894737,57
153,A15.601,6,995.6659259259259,5576.578518518519,2028.657777777778,12677.678148148148,27
165,A16.000,3,458.4354166666667,1452.375,821.6841666666666,4581.06125,24
167,A16.000,6,417.4,4243.0756756756755,1873.9764864864867,9233.543513513514,37
197,A16.200x0,3,493.0286363636364,7231.936818181817,1944.1245454545458,15584.475,22
199,A16.200x0,5,1112.25,5039.322988505747,2930.613908045977,13362.057011494253,87
200,A16.200x0,6,943.44709486166,6617.591007905138,3804.5442490118576,14700.129664031621,506
222,A16.500x0,5,580.6487096774193,3403.0803225806453,1370.5525806451612,7879.40064516129,31
223,A16.500x0,6,781.9088311688312,5310.878831168831,1800.6194155844157,11277.81116883117,154
243,A17.000+G,6,1972.7730769230768,11851.89346153846,8240.683076923076,31502.333846153844,26
253,A17.803+G,6,1376.4515909090908,12894.924090909091,10614.14318181818,34249.663636363635,44
262,A18.006+M,6,11816.699565217392,9494.992608695653,7269.826086956522,42929.18260869565,23
265,A18.007+M,6,9671.800357142856,8749.774642857143,6486.610357142857,39323.71785714285,28
296,A18.103+N,6,4311.549047619048,4426.173809523809,2528.1400000000003,19680.231428571427,21
318,A18.205,6,1408.6374576271187,4509.981186440678,1555.9483050847457,11732.277288135592,59
326,A18.300x0,6,1500.2924137931034,11522.739310344828,9222.144827586208,28271.556551724138,29
338,A18.314+K,6,1269.9640909090908,7466.318181818182,2137.224090909091,14213.030454545455,22
411,A41.000,6,3918.982888888889,15705.198222222223,16535.54088888889,58317.24088888888,45
423,A41.200,6,1968.5965789473685,12673.149210526315,12732.657105263159,38478.766052631574,38
431,A41.500x0,6,3211.1483636363637,17767.92309090909,13615.520181818181,54454.18490909091,55
435,A41.501,5,666.2313432835821,5373.316268656717,3574.387014925373,13542.100298507463,67
436,A41.501,6,1541.4328934010155,10164.927918781726,7301.68807106599,26797.812182741116,197
439,A41.502,6,3192.9109090909096,13528.658636363636,19598.15409090909,55032.98318181818,22
443,A41.503,5,757.9468,5718.8952,4690.5472,16079.1248,25
444,A41.503,6,4504.927340425532,16221.05425531915,17735.89510638298,57195.00170212766,94
465,A41.805,6,5607.4534375,15721.530312500001,17283.928125000002,57034.575,32
474,A41.900,5,2285.3,8459.754545454547,12168.520606060605,31113.984848484848,33
475,A41.900,6,1290.5507555555555,7585.495422222222,6448.488088888889,23505.94582222222,225
481,A41.900x0,5,2244.0932258064518,10028.628548387096,8208.18,31242.35193548387,62
482,A41.900x0,6,3407.2575,13045.600550847457,11265.946652542374,39741.14885593221,236
485,A41.901,2,529.6007407407408,4824.403703703703,5139.137777777778,16392.485555555555,27
486,A41.901,3,813.992090909091,6312.716636363636,5240.654090909091,19365.121636363634,110
487,A41.901,4,1506.4890178571427,7091.547767857142,7629.815714285714,23571.36946428571,112
488,A41.901,5,1092.2116486486486,6323.334297297297,4870.053567567567,19500.803513513514,370
489,A41.901,6,2209.0456998484083,10558.929292572006,8733.958312278928,31896.692713491662,1979
501,A48.100x0,6,1702.8496153846156,10798.458076923076,6072.98576923077,26299.39576923077,26
551,A49.815,6,865.5891666666666,5120.14875,3661.384583333334,16057.040833333334,24
573,A52.300,6,654.625,3557.359090909091,3656.9190909090908,10648.698636363637,22
585,A63.000x0,6,490.5636666666667,1602.4766666666667,2434.859,10726.798666666667,30
606,A86.x00,6,813.7379213483147,6846.002752808989,3911.7460112359554,17410.578764044945,178
611,A86.x02,6,1188.8675,9583.208214285714,4831.407857142856,24168.22428571429,28
614,A87.900,6,512.0668000000001,5400.109,2388.834,11037.6446,50
645,B02.202+G,3,404.61727272727273,1574.0636363636365,2922.249090909091,8055.095909090908,22
647,B02.202+G,5,1269.7152564102564,1833.4557692307692,1207.4626923076924,6649.076923076923,78
648,B02.202+G,6,1652.1571000000001,2811.85244,1549.60758,10321.6538,500
649,B02.202+G,7,726.8639130434782,1299.7652173913043,770.0208695652174,5346.479565217392,23
651,B02.203+G,6,375.92638297872344,1732.8170212765956,2195.114680851064,8006.515319148935,47
688,B02.900,6,370.38103448275865,2213.0137931034483,1291.1437931034482,6113.756206896552,29
732,B18.101,6,295.99914285714283,3447.4857142857145,2791.3854285714287,8617.090285714285,35
736,B18.106,6,6324.376444444444,7427.088000000001,8777.606666666667,36187.39488888889,45
740,B18.107,6,2494.0165909090906,3891.0654545454545,2338.841363636364,12497.953181818184,44
757,B20.100,6,1017.7478048780489,9626.460975609756,7487.660487804878,23001.95536585366,41
769,B20.700,6,704.37775,10945.5485,16456.290625,34048.198749999996,80
785,B22.701,6,1122.4483928571428,12550.324999999999,15144.786607142858,35108.94642857143,56
798,B24.x01,6,594.0337837837837,5815.675675675676,3039.7905405405404,13147.871621621622,37
803,B27.001,6,320.45814814814815,1688.0333333333333,1390.9729629629628,5017.257037037037,27
807,B27.800,6,330.0881818181818,1445.9636363636364,1256.1812121212122,4559.603636363637,33
812,B27.900,6,446.86408163265304,1970.2563265306121,1049.811224489796,5035.577959183674,49
830,B37.100,6,1120.1785714285713,9675.492380952383,8507.810000000001,32163.924761904764,21
836,B37.101+J,6,1355.6863346613547,9918.560876494023,8362.022310756973,27768.818486055778,251
853,B44.000,6,1838.0829824561404,10779.05947368421,12264.780175438596,33707.69403508772,57
860,B44.100x0,6,2095.075060240964,7343.763734939759,6423.170240963856,22908.966385542168,83
870,B44.102+J,6,1140.1912881355931,7796.827559322033,9441.28206779661,25896.70179661017,295
875,B44.800x0,6,1533.214705882353,2047.4176470588234,1159.7264705882353,11277.61,34
904,B49.x00x0,5,978.5768181818183,6235.56,4852.736818181817,19337.383181818182,22
905,B49.x00x0,6,2938.2790625000002,14208.577125,14718.539812500001,47003.2555,160
916,B49.x05,5,990.5453571428571,2026.8521428571428,1015.8857142857142,8756.268928571428,28
917,B49.x05,6,1314.1215384615384,1996.158547008547,1265.1413675213676,11263.96923076923,117
924,B49.x09,6,1453.236811594203,1724.2014492753622,1113.1888405797101,10269.62927536232,69
933,B49.x14+J,5,590.5483333333334,3550.0416666666665,6253.695555555556,22031.747222222224,36
934,B49.x14+J,6,1466.414123222749,6479.7028909952605,7876.7076303317535,22494.28,211
948,B59.x00x0,6,7252.818857142857,18457.69685714286,27003.428285714286,77265.23228571429,35
953,B67.000,6,12709.691363636364,8452.182727272726,8867.415,45704.08545454546,22
958,B67.500x0,6,15838.612142857144,8280.000714285714,11647.720357142856,53914.92660714286,56
1009,C02.900,6,8376.0425,6757.569464285714,4020.8424999999997,35899.71214285715,56
1014,C03.100,6,16696.891612903226,7257.347096774194,3503.2525806451613,55298.84483870967,31
1022,C04.900,6,12226.311739130435,7167.087826086956,4504.109565217392,47275.71304347826,23
1028,C06.000,6,12024.121891891893,7178.452972972973,3528.806756756757,48552.8081081081,37
1042,C07.x00,6,3711.705277777778,5490.452777777778,2901.414166666667,21614.611944444445,36
1075,C11.900,6,1580.0011764705885,6882.969075630252,3632.175042016807,16095.510336134454,119
1088,C13.900,6,2271.073448275862,6922.432068965517,4021.0579310344824,21250.608965517244,29
1104,C15.100,5,9846.5625,6026.662499999999,5265.745357142857,32352.21857142857,28
1105,C15.100,6,11070.097413793104,7420.788275862068,5244.846379310346,33213.28655172414,58
1109,C15.100x0,5,8634.046545454545,6018.437272727272,4137.692363636364,27417.197454545458,55
1110,C15.100x0,6,12456.208463302752,7877.127729357798,6829.499701834862,38681.834243119265,436
1115,C15.300,6,9488.285483870966,6695.854838709677,7164.522903225806,35590.63161290323,31
1117,C15.400,6,13254.818000000001,8099.909647058823,8495.407882352942,44273.04235294118,85
1121,C15.500,6,16017.300579710145,9731.376811594202,9686.160144927537,52631.26608695652,69
1127,C15.801,6,4121.944,6394.5632000000005,4828.438,25295.5508,25
1133,C15.802,6,8855.320410958904,7724.278904109588,6462.8868493150685,33078.56904109589,73
1136,C15.900,3,2463.798666666667,3210.3566666666666,4814.435666666667,14048.878333333332,30
1137,C15.900,4,1002.9555555555555,3505.8777777777777,4632.0344444444445,12937.965185185185,27
1138,C15.900,5,3998.131057692308,4710.162884615384,4029.110480769231,19331.281442307692,104
1139,C15.900,6,7564.316804511278,6328.960751879699,5665.192894736842,28783.00590225564,266
1146,C16.000,5,4286.803333333333,4619.085416666667,3132.6758333333332,17090.957916666666,24
1147,C16.000,6,10567.410363636363,8883.484,6841.760666666667,38453.64145454545,165
1154,C16.001,6,11168.719090909091,7914.385909090909,5076.202727272727,33759.335,22
1158,C16.002,6,12910.65406779661,9250.736525423728,6998.509322033898,42763.04245762712,118
1162,C16.100,6,11854.591276595746,6979.9461702127655,4591.683829787235,34186.36553191489,47
1165,C16.200,5,7763.808000000001,5444.736,4321.3408,25512.9436,25
1166,C16.200,6,13108.234736842105,8441.983522267206,5995.616680161944,39143.26161943319,247
1169,C16.301,4,1795.5203333333334,4250.351333333334,5314.033333333334,16287.576000000001,30
1170,C16.301,5,8718.690645161292,6453.86064516129,4322.593225806452,28889.21870967742,31
1171,C16.301,6,14580.729755351682,9451.623394495413,7245.286422018349,45590.381804281344,327
1179,C16.500,6,17041.985507246376,8635.95768115942,6463.939565217392,48160.73333333334,69
1198,C16.803,6,16909.6652,10340.326,9668.4544,52750.988,25
1204,C16.900,3,4811.9115,4404.51375,4349.8907500000005,19416.5205,40
1205,C16.900,4,1918.02431372549,4019.5035294117647,5615.460980392157,17799.337843137255,51
1206,C16.900,5,5750.1594252873565,5296.203448275862,4071.7316091954026,21680.28287356322,87
1207,C16.900,6,7532.272943037975,7328.3064873417725,6573.092563291139,30227.210063291142,316
1220,C17.000,6,9789.637499999999,9092.944821428571,9003.097321428571,42397.34607142857,56
1231,C17.900,6,6720.297916666666,7916.375,5327.7491666666665,29010.350000000002,24
1239,C18.001,6,11808.423414634146,8923.899268292684,7158.848170731708,41313.685731707315,82
1244,C18.100,6,7863.868636363637,8649.15,5338.55,34736.66227272728,22
1248,C18.200,4,3782.156666666667,6833.830952380953,9300.333571428571,36189.26928571429,42
1249,C18.200,5,7582.90320754717,7621.190188679246,5436.257358490567,30956.897547169814,53
1250,C18.200,6,10515.947282229965,8836.013240418119,6017.694076655052,37965.782996515685,287
1254,C18.300,5,11245.825714285715,6982.0028571428575,5426.2528571428575,33721.61,21
1255,C18.300,6,11583.62918918919,9281.95990990991,7147.435675675675,42478.741981981984,111
1258,C18.400,5,9303.211851851853,7396.2096296296295,4729.991111111111,31966.163703703704,27
1259,C18.400,6,11821.059207920793,9420.501683168317,6795.575247524752,43677.0894059406,101
1263,C18.500,6,14819.725517241379,10266.453448275863,11152.353103448275,54398.298275862064,29
1267,C18.600,6,10900.462500000001,9003.211730769232,6896.777884615385,41476.445384615385,104
1271,C18.700,3,4897.028181818182,5513.438636363636,5012.32,22398.996363636365,22
1272,C18.700,4,3425.008113207547,6521.730188679246,6346.850377358491,29719.91603773585,53
1273,C18.700,5,8071.2325,7080.1242,4518.463500000001,29298.22,100
1274,C18.700,6,10362.145995145633,8343.773373786407,6322.202014563107,37520.345606796116,412
1288,C18.900,3,2074.292380952381,4253.725714285714,5210.555714285714,16946.19142857143,21
1289,C18.900,4,1461.2383333333335,4447.297333333334,6762.049666666667,17640.754666666668,30
1290,C18.900,5,2739.8196666666668,5076.475,3303.1200000000003,16391.822,30
1291,C18.900,6,5071.256595744681,6140.735673758865,5866.471418439716,24883.750283687943,141
1299,C19.x00,6,10151.44806451613,8867.281290322582,10547.220645161291,46399.58096774194,31
1303,C19.x00x0,6,9016.251842105263,8061.835263157895,4601.1371052631575,33906.913157894734,38
1310,C20.x00,2,7537.049565217392,3759.9608695652178,6896.792608695652,25059.15304347826,23
1311,C20.x00,3,4433.723086419754,4550.576172839506,4222.708024691357,20998.135555555556,81
1312,C20.x00,4,2496.1237974683545,4861.059578059071,5627.770843881856,22096.445021097046,237
1313,C20.x00,5,6936.485384615385,6337.263000000001,3829.6371153846153,26120.728115384612,260
1314,C20.x00,6,10032.446817248461,7990.1149691991795,5581.381889117043,36011.31127994524,1461
1323,C21.801,6,8344.286666666665,8552.322424242424,5283.814242424242,34945.06272727273,33
1327,C22.000,4,1065.1780952380952,5807.499523809524,5830.210476190476,32548.213333333333,21
1328,C22.000,5,6279.505789473685,5705.369298245614,4110.731754385964,24320.42894736842,57
1329,C22.000,6,9211.87588162762,6466.5746609124535,6525.544204685573,36754.32503082614,811
1338,C22.100,6,8632.252945205479,7945.670616438356,6966.368767123287,35331.45376712329,146
1342,C22.101M8,6,7873.2038095238095,5787.478095238095,5905.477619047619,28154.861904761903,21
1347,C22.900,1,7562.710704225352,1925.3647887323943,7068.453098591549,20642.97,71
1349,C22.900,3,1608.1368085106385,3949.707872340425,5312.099574468085,16749.01425531915,47
1350,C22.900,4,2330.544857142857,4447.9685714285715,6854.062142857142,18862.775142857143,70
1351,C22.900,5,2387.7724626865675,4025.682910447761,3748.45776119403,15051.778134328359,134
1352,C22.900,6,5377.038825065274,4991.957754569191,5317.947898172323,23883.083524804177,766
1361,C23.x00,6,6050.1156565656565,6859.9118181818185,6659.657575757576,31153.983434343434,99
1371,C24.000x0,6,9879.768739495797,8438.762857142858,8033.202857142857,39981.09949579832,119
1376,C24.002,5,2473.6908333333336,4380.118750000001,5052.25375,17424.23875,24
1377,C24.002,6,7066.999305555556,6573.067222222223,7098.382083333334,29507.775694444445,72
1383,C24.003,6,18247.469210526313,11233.70447368421,14602.100263157896,65211.367631578956,38
1399,C25.000,6,13577.138648648648,10925.744486486486,12275.134054054053,59007.86416216216,185
1404,C25.100,6,6880.720454545455,8107.685454545454,7789.889999999999,38344.81363636364,22
1409,C25.200,6,4063.034137931035,6716.5420689655175,4805.860689655172,25180.295862068964,29
1420,C25.801,6,11589.403404255318,10001.76,9946.27744680851,48965.12340425532,47
1424,C25.900,1,4471.641666666666,1811.8916666666667,14329.44,25040.42916666667,24
1429,C25.900,6,2389.9154285714285,5655.614571428571,6936.878000000001,24126.922285714285,35
1433,C25.900x0,4,1059.8899999999999,3535.068518518519,7981.170740740741,16770.91777777778,27
1434,C25.900x0,5,1902.0543902439024,3257.6907317073174,3785.4797560975608,12967.494146341463,41
1435,C25.900x0,6,4263.770119047619,5850.335952380952,6389.233273809524,23809.600654761907,168
1464,C32.000,6,3523.5694444444443,5364.648055555555,2613.3058333333333,24049.804166666665,36
1468,C32.001,6,1703.815,4896.295555555556,2145.374444444444,17997.773055555554,36
1482,C32.900,6,2740.64171875,6229.14546875,4466.494375,24880.87171875,64
1493,C34.001,6,1961.3118181818181,6900.955227272728,3016.375681818182,15999.281590909091,44
1497,C34.100,6,11461.246212121212,6252.77196969697,3317.852575757576,28559.26090909091,66
1500,C34.100x0,3,5211.740434782609,4058.607391304348,3649.6313043478262,17785.474347826086,23
1501,C34.100x0,4,3629.6069543147205,6111.052791878172,3317.686345177665,41266.86517766498,197
1502,C34.100x0,5,8498.654237918216,5550.970185873606,2512.5030483271375,23149.373977695166,269
1503,C34.100x0,6,13962.110201598887,7543.688536670144,3059.6607229753217,35565.09914841849,2877
1508,C34.101,6,13430.754347826087,7160.647826086956,2753.0639130434784,33531.14913043479,23
1511,C34.200x0,4,4572.06125,6644.633333333334,3319.705,47214.24625,24
1512,C34.200x0,5,7947.9138095238095,5666.602857142857,2528.072857142857,23078.810476190476,21
1513,C34.200x0,6,15903.779584664537,7594.019744408946,3211.307571884984,38287.64501597444,313
1517,C34.201,6,12566.888620689655,5986.558275862069,2942.869655172414,29972.419310344827,29
1521,C34.300,6,12260.971249999999,5885.811250000001,3344.8059999999996,28713.0145,40
1524,C34.300x0,4,3098.9869811320755,6334.196226415095,3165.579905660377,38811.55273584906,106
1525,C34.300x0,5,9768.4043575419,5448.6734636871515,2439.4886592178773,24305.90089385475,179
1526,C34.300x0,6,12714.30477112676,7734.480997652582,3185.524002347418,34376.21749413145,1704
1536,C34.800x0,6,14289.905,7549.244852941177,3911.6138235294115,35567.945147058825,68
1543,C34.900,1,2067.1657142857143,1750.642857142857,18933.890476190478,28910.54238095238,21
1548,C34.900,6,1575.0488888888888,5942.607407407407,2620.888148148148,13791.052962962962,27
1551,C34.900x0,1,3397.1248148148147,1880.5259259259258,2918.4870370370368,11104.215555555556,27
1552,C34.900x0,2,671.2138095238095,2897.1047619047617,6241.692857142856,13147.92,21
1553,C34.900x0,3,1438.5494871794872,4187.219401709402,5594.565811965812,16713.227264957266,117
1554,C34.900x0,4,2590.155625,5242.199285714285,4401.401964285715,18234.857589285715,112
1555,C34.900x0,5,2309.559948051948,4582.294363636363,3267.6525974025976,14836.804883116884,385
1556,C34.900x0,6,2422.6540025575446,6633.818657289003,4146.134072890026,18179.02540920716,1564
1565,C37.x00,6,5659.610000000001,7206.906458333334,4003.9377083333334,28401.584375000002,48
1569,C38.100,6,5681.25,10386.313333333334,4725.522380952381,41842.51761904762,21
1574,C38.300,6,3961.8859259259266,7172.452962962963,4116.944444444444,24168.673333333336,27
1625,C43.707,6,1556.1044736842105,4251.848947368421,2503.1797368421053,18789.313421052633,38
1637,C44.100x0,6,942.2257142857144,2656.3790476190475,646.6938095238095,10217.196666666667,21
1645,C44.300,6,1963.1741666666667,3582.7999999999997,1290.2362500000002,12553.545208333335,48
1654,C44.304,6,1026.103125,3203.5571875,868.1075000000001,10178.115625,32
1709,C48.000x0,6,6354.238301886792,11717.668867924527,11087.624905660377,50821.72169811321,53
1729,C49.200x0,6,2138.6332352941176,5646.8197058823525,2615.7552941176473,16901.58529411765,34
1756,C50.100x0,6,3364.0890243902436,7508.739512195122,2269.12,20032.70268292683,41
1759,C50.200,6,3606.9732,7181.772,2157.8384,18078.2608,25
1763,C50.200x0,6,4637.112950819673,6884.727049180327,1721.7819672131147,21164.812049180327,122
1769,C50.300x0,6,4465.568979591837,7127.414489795919,2297.7720408163264,21132.184693877552,49
1773,C50.400,6,3369.0218181818186,7213.959636363636,2168.206181818182,17888.192181818184,55
1776,C50.400x0,5,2259.8592592592595,4759.878148148148,1240.8237037037036,12233.968888888889,27
1777,C50.400x0,6,3644.029467455621,7431.878816568047,1971.775473372781,19879.347130177513,338
1783,C50.500x0,6,2859.487297297297,7776.99972972973,1830.1951351351352,18960.71310810811,74
1788,C50.800x0,6,2596.4585714285713,6039.970357142856,2373.5532142857146,16259.403571428571,28
1794,C50.801,6,3774.6034444444444,6246.795333333333,2891.0474444444444,18389.19477777778,90
1798,C50.802,6,4015.7444444444445,7846.951851851853,2575.1996296296297,21772.885925925926,27
1803,C50.803,6,4102.584838709677,7798.223870967742,2028.6816129032256,21339.786774193548,31
1810,C50.804,6,2424.751888888889,6648.024555555555,2061.2215555555554,16717.84988888889,90
1815,C50.900,5,1263.079090909091,3686.565909090909,2656.2322727272726,12161.401363636365,22
1816,C50.900,6,4609.055961002786,7766.082729805014,3329.385877437326,21688.650055710306,359
1821,C50.900x0,5,1368.556923076923,4039.8248717948723,1820.9953846153844,12182.42076923077,39
1822,C50.900x0,6,3068.5150957854403,6352.449348659004,3009.782375478927,17986.83908045977,261
1831,C51.900,6,1565.2639130434782,5851.134782608696,2591.4826086956523,19390.58043478261,23
1838,C53.100,6,3534.5249999999996,6410.293846153847,1957.7053846153847,19406.45076923077,26
1845,C53.900,3,1123.2334782608696,5977.086086956522,5281.40347826087,22481.71347826087,23
1847,C53.900,5,2020.65375,4562.985178571429,2772.5285714285715,18071.427142857145,56
1848,C53.900,6,2853.8837358490564,6014.55479245283,3208.3515849056607,21467.523509433962,265
1851,C53.900x0,5,2163.6825714285715,4994.0085714285715,1968.4,17018.312,35
1852,C53.900x0,6,4482.3853619302945,6805.656782841823,3132.2340214477213,28743.985147453084,373
1857,C54.100,5,1838.2065,5564.052500000001,2045.038,17216.755166666666,60
1858,C54.100,6,4506.202062780269,7752.8055829596415,2882.174843049327,28576.569103139012,446
1863,C55.x00,6,2965.9686486486485,7058.741621621622,2754.873243243243,24206.394594594592,37
1869,C56.x00,5,2288.6597916666665,5324.497083333333,3105.1739583333333,18279.555625,48
1870,C56.x00,6,6332.429248826291,8484.484507042253,5585.328497652582,33183.298215962444,426
1873,C56.x00x0,6,7886.802307692308,11899.95,7675.748076923077,44941.12884615385,26
1877,C57.000,6,4757.069,9708.47,6897.0109999999995,38051.604999999996,30
1895,C60.900,6,1946.3758620689655,4073.5841379310345,3323.258965517241,17694.921724137934,29
1900,C61.x00,3,1518.8443243243244,4013.8948648648643,4518.45054054054,14882.22972972973,37
1901,C61.x00,4,956.329375,5481.2490625,3164.17875,20374.960625,64
1902,C61.x00,5,1815.5548170731706,4531.495243902439,2761.0744512195124,13878.838841463414,164
1903,C61.x00,6,3093.76993166287,5957.426924829157,2915.1254441913443,23588.816548974944,878
1924,C64.x00x0,5,3154.128717948718,4736.368974358974,3212.8248717948723,18841.6858974359,39
1925,C64.x00x0,6,5688.626981707317,6349.476859756097,3422.203536585366,31875.10121951219,328
1932,C65.x00,6,6193.697666666666,7924.5275,4678.184833333334,36447.02683333333,60
1938,C66.x00,6,7457.491551724138,8892.606379310344,6863.605172413792,41342.190344827584,58
1941,C67.000,6,2230.210666666667,4161.471333333333,2187.4883333333337,15193.483333333334,30
1949,C67.200,6,3255.903125,4672.57546875,2879.4290625,19163.598671875,128
1956,C67.400,6,2088.601176470588,3625.3452941176474,2822.1491176470586,14666.331764705881,34
1964,C67.800,6,5230.273103448277,5941.287586206897,4320.758965517241,24858.95827586207,29
1967,C67.900,3,1788.248,3058.963333333333,3623.6429999999996,13209.258333333333,30
1968,C67.900,4,1281.9292857142857,4211.617857142857,3204.419761904762,16755.98,42
1969,C67.900,5,2401.6272289156627,3756.2487951807234,2560.507469879518,14341.878795180723,83
1970,C67.900,6,3692.3052435530085,4992.474011461318,3611.702349570201,20819.399484240686,349
1975,C67.900x0,6,4471.428095238096,4742.171587301587,3122.2341269841268,21867.442063492064,63
2011,C71.100,6,19415.801632653063,14364.722653061224,11495.527551020408,70084.04224489795,49
2014,C71.200,6,21126.4132,10537.4756,10919.103599999999,65758.192,25
2032,C71.800,6,20082.634545454548,13931.955,8450.885,76114.2559090909,22
2053,C71.900,6,6511.514400000001,8872.768399999999,9921.06,41086.676,25
2058,C71.900x0,6,4628.657307692308,5698.991153846154,4850.923846153846,33293.995,26
2074,C73.x00,4,1496.8529487179487,3924.4246794871797,3852.910384615385,27003.819038461537,156
2075,C73.x00,5,2147.2056097560976,4273.5031707317075,1333.6123170731707,15203.298292682926,82
2076,C73.x00,6,4293.174281179139,4515.276952380952,1966.7718684807255,20772.87685260771,2205
2078,C73.x00x0,6,5067.9182692307695,5065.356923076923,1946.936923076923,23852.744711538464,104
2118,C76.300,6,3465.366818181818,7137.416136363637,3806.7636363636366,22535.622045454544,44
2150,C77.002,6,2194.888880597015,7149.884328358209,3015.259104477612,18374.977388059702,134
2172,C77.300x0,6,1522.9408333333333,4900.171666666666,1809.7654166666669,12511.59125,24
2191,C78.000,6,3952.9416216216214,5518.775405405406,3945.744594594594,17456.285405405408,37
2196,C78.000x0,6,5813.478727272727,6069.541,2547.5043636363635,19717.595636363636,110
2203,C78.200,6,1517.248148148148,7194.051481481482,2784.99962962963,16083.882592592594,27
2206,C78.201,3,1023.8864,3279.756,2626.4044,9580.8548,25
2208,C78.201,5,523.8554098360656,2912.389016393443,1555.7181967213114,8062.457049180328,61
2209,C78.201,6,882.6238974358974,4532.681538461538,2764.8667692307695,11272.14953846154,195
2228,C78.600x0,6,3519.7545833333334,6844.100416666667,6506.2579166666665,24268.702083333334,24
2237,C78.604,6,1096.7144776119403,5120.831641791045,4574.711343283582,15302.521791044775,67
2239,C78.700,1,7835.121666666666,1912.9404761904761,3493.799285714286,18073.32571428571,42
2243,C78.700,6,6180.059795918367,5219.784897959184,3947.0242857142857,20977.812653061224,49
2246,C78.700x0,5,5056.75125,4217.2675,3142.05625,17186.0625,24
2247,C78.700x0,6,7226.73013215859,5895.862026431718,4344.741938325991,27092.17784140969,227
2282,C79.300x0,6,6987.892063492063,7992.1984126984125,6723.420317460317,37212.5219047619,63
2311,C79.500x0,6,7015.895961538461,7658.916057692308,3906.664519230769,30580.032499999998,104
2333,C79.800x8,6,1756.1113207547169,5661.28641509434,2846.799433962264,14404.531320754717,53
2344,C79.809,6,3568.1004444444443,7197.267333333334,6668.944222222222,25755.782666666666,45
2360,C79.834,6,2084.4165217391305,5526.136956521739,1570.3647826086956,14747.48,23
2405,C83.300,6,2151.039333333333,8272.911666666667,7085.195333333333,25800.757666666665,30
2412,C83.306,6,2928.7102252252253,10506.533333333333,9954.626126126126,30660.56382882883,222
2423,C83.800x0,6,2638.6776470588234,10317.767647058823,10687.865588235294,31357.608823529412,34
2432,C84.401,6,1781.25,12845.620294117647,14241.261764705881,42824.25088235294,34
2448,C85.100x0,6,2456.090862068965,10654.164999999999,6679.679310344828,27475.90689655172,58
2450,C85.700x0,6,1632.2576000000001,12841.166000000001,10186.626,30760.533199999998,25
2468,C85.900x0,6,4072.5135714285716,7283.877678571429,3600.8530357142854,21672.037500000002,56
2477,C90.000,6,915.7217948717949,6267.73858974359,5348.916538461538,18717.999615384615,78
2481,C90.000x0,6,1248.3135051546392,9455.87556701031,7076.51706185567,26079.494896907214,194
2490,C91.000,6,1278.0762025316455,7427.0359493670885,16610.564810126583,38946.93126582278,79
2492,C91.000x0,6,2255.235,10421.167931034483,20816.05896551724,49032.79689655173,58
2494,C91.001,6,822.6975000000001,2026.0681818181818,4248.714545454545,12971.030227272726,44
2496,C91.002,6,942.1755319148937,3017.8925531914897,3925.5252127659573,13925.255,94
2502,C91.100,6,907.3672727272728,9455.701363636363,3311.9690909090914,18183.522272727274,22
2513,C92.000,6,1208.4891666666667,9693.411666666667,19956.817222222224,50689.696111111116,36
2514,C92.000x0,4,1645.251886792453,8380.979245283019,38159.38452830189,60731.49811320755,53
2516,C92.000x0,6,1779.0442481203008,10853.161090225563,19029.992857142857,49237.85601503759,266
2527,C92.100x0,6,1326.3723529411766,7566.781764705882,3175.1629411764707,20430.820588235296,34
2540,C92.400x0,6,1163.741224489796,9662.741020408163,14766.868979591836,37737.62163265306,49
2546,C92.500x0,6,1710.6856666666667,10402.894666666667,20377.319333333333,47723.12333333333,30
2550,C93.000x0,6,2841.515172413793,10960.539655172415,22839.652413793105,56584.74896551724,29
2584,D00.100,6,4706.122323232323,4932.920707070707,1896.0946464646465,17856.30585858586,99
2587,D00.200,6,4025.4062,4624.562,1571.0870000000002,16159.6582,50
2591,D01.000,6,2829.2033532934133,3596.792754491018,1211.6554491017964,12143.429101796406,167
2597,D01.200,6,3688.569913043478,4209.4584347826085,1267.7993913043479,14102.633217391305,115
2617,D02.200x0,6,18472.330599999998,6065.4704,2586.4202666666665,36972.84153333334,150
2624,D05.100,6,3866.264347826087,6622.290000000001,1347.9856521739132,17676.13434782609,23
2627,D05.100x0,6,6512.839538461539,6795.707076923078,1351.1039999999998,22725.032461538463,65
2642,D06.900,6,1773.287619047619,3251.7361904761906,1406.0995238095238,12595.77238095238,21
2646,D06.900x0,3,803.8782142857143,1395.9928571428572,854.4685714285714,6899.588571428571,28
2648,D06.900x0,5,1060.7269827586208,2284.0766379310344,955.0462931034482,8990.243620689655,116
2649,D06.900x0,6,1991.886527590848,3180.3846837146702,1016.6927321668909,13025.994535666217,743
2678,D10.100,6,1251.9658823529412,1601.5323529411764,902.2141176470587,7260.804705882352,51
2688,D10.300x0,6,1267.4553846153847,1730.9038461538462,691.161923076923,6726.982692307692,26
2691,D10.303,6,1285.0729032258066,1980.511935483871,797.7990322580646,8215.52193548387,31
2696,D10.400,6,1622.3799999999999,1694.9013513513514,932.997027027027,7654.896216216215,37
2700,D10.500x0,6,957.3506382978724,1449.1872340425532,577.8644680851064,5417.787234042553,47
2712,D10.900,6,1311.1532520325204,1565.6539024390243,784.8251219512196,7043.989268292683,123
2717,D11.000,5,1104.398,1804.9942500000002,783.36575,7076.030000000001,40
2718,D11.000,6,2417.8548529411764,2689.7525,1244.8055147058822,11599.19330882353,272
2723,D11.701,6,1859.8331914893618,2705.943829787234,1272.4376595744682,11063.85425531915,47
2729,D12.000,6,2137.6472,2811.344,740.8072,9169.663199999999,25
2739,D12.001,6,2173.8460256410253,2933.9947435897434,1014.2594871794872,9230.943717948718,78
2747,D12.200,4,1247.8108695652174,2174.473913043478,1002.6019565217392,7096.986739130435,46
2748,D12.200,5,1164.8251898734177,1891.8564556962026,590.0823417721518,5697.627848101266,158
2749,D12.200,6,1281.2907390648568,2403.578416289593,685.9527149321267,6776.925007541478,663
2753,D12.300,3,1082.84,2005.1827586206898,500.8758620689655,5521.6806896551725,29
2754,D12.300,4,689.4846000000001,1884.4742,931.7808,5656.316999999999,50
2755,D12.300,5,967.8080952380953,1933.8608994708995,514.4385185185185,5234.071746031746,189
2756,D12.300,6,1136.2737538461538,2306.207953846154,680.6617384615384,6361.848092307692,650
2761,D12.301,5,930.1978260869565,2145.65,535.6356521739131,5566.203043478261,23
2762,D12.301,6,1009.5528999999999,2121.9264000000003,591.1637999999999,5785.4209,100
2771,D12.400,4,772.8960000000001,1637.896,699.7408,5157.238399999999,25
2772,D12.400,5,867.1725333333334,2296.2093333333337,579.7997333333334,5990.160533333333,75
2773,D12.400,6,1040.542367491166,2137.453604240283,690.8362897526503,5937.100318021201,283
2777,D12.500,3,823.2947058823529,1849.450294117647,785.1685294117647,5564.600588235295,34
2778,D12.500,4,780.6091044776119,1851.001343283582,824.4992537313433,5454.244328358209,67
2779,D12.500,5,1028.2123923444976,2057.242918660287,588.4302392344498,5604.820239234449,209
2780,D12.500,6,1159.2902617801046,2255.7111256544504,705.7746596858639,6313.961426701571,764
2781,D12.500,7,783.1495833333333,1441.1833333333334,1192.3108333333332,5435.729583333333,24
2783,D12.600,2,783.0826666666667,2240.9424444444444,856.0142222222222,6379.141333333333,45
2784,D12.600,3,846.971304347826,1842.252695652174,651.1598260869565,5201.315391304348,115
2785,D12.600,4,980.582695035461,1961.9475177304962,842.3555319148936,5782.925531914893,141
2786,D12.600,5,919.5313443830571,1876.6373664825046,585.0037937384899,5429.365930018416,543
2787,D12.600,6,1263.5855185185187,2474.658138888889,831.7366481481481,7174.660305555555,1080
2795,D12.602,5,940.1823076923076,3592.9538461538464,965.3688461538461,7711.1900000000005,26
2796,D12.602,6,1353.6936082474226,2173.9515463917523,878.5178350515464,6917.334226804124,97
2807,D12.800,2,1263.5672972972973,2029.7864864864866,853.2827027027026,6712.382162162163,37
2808,D12.800,3,984.2515909090909,2067.529090909091,821.1353409090909,6459.455000000001,88
2809,D12.800,4,861.9479347826087,2064.908152173913,940.7464130434782,6281.788260869565,92
2810,D12.800,5,1079.7331042128603,1984.0044567627494,583.2055875831485,6199.436297117517,451
2811,D12.800,6,1306.5290067340068,2310.6714225589226,743.9452441077441,7331.506338383838,1188
2823,D13.000,6,3211.0192233009707,3745.9223300970875,1515.0700970873786,13587.43349514563,103
2828,D13.100,5,3724.619375,3233.6890625,1338.1934375,12576.546875,32
2829,D13.100,6,5754.85890625,4582.0725,1728.3320833333335,18410.666875,192
2837,D13.200,6,5516.17875,4471.5759375,3359.65375,19268.4834375,32
2853,D13.500x0,6,8758.170384615385,4856.58076923077,6264.920769230769,30865.728076923075,26
2861,D13.600x0,6,15613.816296296296,10265.709444444443,14580.138333333332,64907.45925925925,54
2869,D14.000x0,6,2252.7526666666668,2761.3505,1327.0970000000002,12573.827666666668,60
2878,D14.100,6,1204.6958181818184,1790.174909090909,1020.516909090909,8079.759454545455,55
2883,D14.101,6,1501.5314705882354,1535.6176470588234,774.9908823529413,6845.7155882352945,34
2893,D14.300x0,5,17615.96476190476,5906.9047619047615,2275.4690476190476,34495.50619047619,21
2894,D14.300x0,6,15490.730761904762,6453.2127619047615,2571.70380952381,34456.66095238095,105
2946,D16.500,6,8400.492571428571,2402.5237142857145,1848.5862857142856,22592.062,35
2969,D17.000x0,5,493.43370370370366,1383.1377777777777,474.3859259259259,4478.307037037037,27
2970,D17.000x0,6,909.9420454545453,1676.7394318181819,542.8907954545455,5784.41090909091,88
2981,D17.002,5,622.4540000000001,1648.8252,865.9384,5708.479200000001,25
2982,D17.002,6,1323.5549999999998,2049.9314705882352,882.8129411764705,8057.663137254902,102
2992,D17.100x0,5,531.4752631578948,1225.401842105263,405.08684210526314,3969.216578947369,38
2993,D17.100x0,6,885.4140449438203,1746.4385393258426,607.4638202247191,6254.291348314608,178
3006,D17.200x0,5,420.0040909090909,1550.1240909090911,472.2013636363636,4590.107727272727,22
3007,D17.200x0,6,889.1899999999999,2221.949534883721,692.1210465116279,6843.487325581395,86
3014,D17.300x0,6,806.9483783783784,1954.3054054054055,572.1724324324325,6214.85054054054,37
3026,D17.500x0,6,4339.9423809523805,3523.7257142857147,1771.4954761904762,15050.899047619048,42
3031,D17.700x0,6,5996.677816091955,4851.0940229885055,2631.6429885057473,25442.86712643678,87
3041,D17.900x0,6,755.9920512820512,1626.4846153846154,669.6533333333333,5622.965641025641,39
3052,D18.000x0,6,4763.44033898305,3359.482033898305,1934.956779661017,17714.333898305085,59
3058,D18.000x5,5,909.6,1660.0179999999998,478.0336,5345.5392,25
3059,D18.000x5,6,959.23525,1689.3668333333333,786.7485,6733.672833333333,120
3064,D18.000x8,6,1863.278904109589,2131.8990410958904,925.9175342465753,9215.955616438356,73
3077,D18.004,6,1390.626,2313.2152,837.7344,8539.2536,25
3085,D18.006,6,899.4565116279069,1647.5183720930233,609.6058139534883,6667.257441860465,43
3097,D18.013,6,10349.704,4862.3848,4123.0701714285715,32113.679200000002,175
3103,D18.100x0,6,4557.8048,4169.957200000001,2813.9808000000003,21292.1552,25
3107,D18.102,6,1137.795652173913,2822.1504347826085,1663.66,11069.156956521738,23
3139,D21.200x0,6,1150.6178260869565,2839.14347826087,697.8617391304348,8632.383913043477,23
3158,D21.900x0,6,798.0864705882352,2067.7885294117646,618.4776470588235,6453.896470588235,34
3197,D23.201,6,733.4670588235294,1651.3235294117646,630.2611764705882,5970.133529411765,34
3208,D23.400x0,6,711.0951851851852,1355.462962962963,391.69444444444446,5274.871111111111,27
3236,D24.x00,4,2196.4935135135133,1623.8421621621624,443.3843243243244,6794.367027027027,37
3237,D24.x00,5,2681.590240963855,1492.8963855421687,333.2472289156627,6209.693614457831,83
3238,D24.x00,6,3224.3851159618007,1667.5707844474762,228.78798090040928,6500.247557980901,1466
3242,D24.x00x0,5,2239.908878504673,1571.923738317757,203.15542056074767,5562.715981308411,107
3243,D24.x00x0,6,3098.7455812372536,1585.2608769544527,230.82999320190345,6552.440591434398,1471
3249,D25.000,3,445.94391304347823,1358.472608695652,637.4395652173913,5948.818260869565,23
3251,D25.000,5,1242.6447058823528,1993.5745098039217,819.1992156862744,9152.08568627451,51
3252,D25.000,6,1192.3081506849314,2228.078287671233,901.8116438356165,9211.816438356163,146
3257,D25.000x0,5,981.8307142857144,1886.337142857143,751.1337142857143,7805.168000000001,70
3258,D25.000x0,6,1022.4265579710144,2084.22036231884,743.048804347826,8808.643985507248,276
3264,D25.100,6,1896.904761904762,3086.2714285714287,1156.1657142857143,12334.788095238095,21
3269,D25.100x0,4,1893.6402564102564,2292.2953846153846,1720.5594871794874,14781.96641025641,39
3270,D25.100x0,5,1900.5434715025908,2877.8975647668394,1278.852176165803,12709.723678756476,193
3271,D25.100x0,6,2904.8423188405795,3490.335391304348,1348.130768115942,16678.132971014493,690
3277,D25.200,6,2207.869024390244,2665.379268292683,1180.1651219512194,11840.358048780488,41
3282,D25.200x0,5,1575.1095454545457,2639.6968181818183,1139.4231818181818,11264.509772727273,44
3283,D25.200x0,6,3042.6284827586205,3264.0238620689656,1245.594275862069,15694.208896551725,145
3286,D25.900,2,1245.7355172413793,1672.2610344827585,2031.336896551724,9688.821034482758,58
3287,D25.900,3,1260.9848,1983.12,1291.0481599999998,10041.533039999998,125
3288,D25.900,4,1491.4791836734694,2305.5812244897957,1609.1661224489796,11687.32551020408,49
3289,D25.900,5,1539.3342920353982,2382.0861946902655,1316.7215486725663,11657.393185840707,226
3290,D25.900,6,2659.2573858921164,3090.03918395574,1537.827662517289,15080.667704011064,723
3291,D25.900,7,912.42,1275.3393333333333,1303.855,7468.1630000000005,30
3294,D25.900x0,3,1291.7996875000001,2632.8975,1662.1353125,12698.960625,32
3296,D25.900x0,5,1413.4561363636362,2678.563106060606,1417.9499242424245,12097.99,132
3297,D25.900x0,6,2922.6787518142232,3561.4,1471.112235123367,17500.25153846154,689
3302,D25.901,6,2566.3424615384615,3240.023076923077,1183.3556923076922,14600.094153846154,65
3317,D26.100x0,5,1495.4723684210526,2376.553947368421,1577.5094736842104,11828.166842105262,38
3318,D26.100x0,6,1872.1413836477986,3065.222893081761,1503.3762264150944,15066.820440251573,159
3328,D27.x00,3,1343.8022727272728,2170.1886363636363,1039.6445454545456,8575.277045454546,44
3329,D27.x00,4,1082.88175,2545.3900000000003,1075.3387500000001,8957.192500000001,40
3330,D27.x00,5,1366.119419642857,2606.4286160714287,1007.0026339285714,9926.493973214285,224
3331,D27.x00,6,2736.6390431125133,3227.370420609884,1111.8978864353312,13670.075520504732,951
3381,D32.000x0,6,18713.613454545455,10478.468363636364,7032.397818181818,65519.98672727273,55
3393,D32.004,6,17579.51450980392,10820.015098039215,8074.766470588236,65021.12294117647,51
3397,D32.005,6,19939.646,9448.526000000002,9143.572000000002,63745.71633333333,30
3444,D33.200x0,6,3314.9761904761904,3978.782857142857,4355.380952380952,29960.01,21
3456,D33.308,6,22726.997027027028,11031.91,9345.752972972972,68994.89837837839,37
3466,D33.902,6,17363.512380952383,10708.382857142857,5451.90619047619,50759.05,21
3471,D34.x00,4,1148.9605714285715,2834.8908571428574,1103.9571428571428,10655.666857142858,35
3472,D34.x00,5,1878.052105263158,2534.0252631578946,1106.2878947368422,10620.188596491229,57
3473,D34.x00,6,3892.1955763239876,3428.241744548287,1320.4221495327104,15649.418785046728,321
3478,D35.000,5,3824.9666666666667,3925.992083333333,1999.8004166666667,18406.822083333333,24
3479,D35.000,6,5854.075196850394,4591.646653543307,2158.6039763779527,23624.59377952756,254
3487,D35.100,6,2584.264222222222,5839.696444444445,1978.407777777778,20260.083555555557,45
3492,D35.200,6,5819.636179775281,8984.387415730336,5364.7477528089885,41610.97786516854,89
3496,D35.200x0,6,15022.250125,10038.985,5946.014125,47298.279875,80
3506,D36.100x0,6,5177.0588,4339.144,1697.0439999999999,20182.2024,25
3537,D36.700x0,6,1330.6117142857142,2399.8177142857144,938.408,8312.967428571428,35
3547,D36.703,6,1361.7380952380952,3283.0990476190477,1037.9866666666667,9694.522857142858,21
3593,D37.011,6,2200.072380952381,3703.3857142857146,1353.9504761904761,11885.441428571428,21
3601,D37.100x0,6,7085.147037037037,5661.881481481481,3462.397777777778,23747.643333333333,27
3606,D37.101,6,8110.983391304348,5858.595043478262,3046.649826086956,25135.782260869564,115
3637,D37.301,6,6585.281304347826,4988.273043478261,2900.2413043478264,22000.66956521739,23
3643,D37.401,6,3327.508965517241,3916.04724137931,2393.823793103448,13935.508275862068,29
3671,D37.501,6,4160.976421052632,4410.349894736842,1428.6245263157894,14404.613684210526,95
3680,D37.601,6,5736.2835000000005,5688.847333333334,3515.4938333333334,26406.709,60
3701,D37.702,6,3381.626764705882,3684.8288235294117,4031.522647058824,16967.02,34
3709,D37.706,4,1559.9551515151516,4043.123636363636,8753.069393939393,17652.98212121212,33
3711,D37.706,6,8700.68888888889,6994.895555555555,5878.354666666667,33186.06333333334,45
3733,D38.101,6,5729.892197802198,5385.512417582418,1811.6653846153845,25866.282087912088,91
3745,D38.301,6,4722.180666666667,4931.1066666666675,2069.59,21896.101000000002,30
3773,D39.100x0,6,4012.0208974358975,6388.225384615384,1927.9914102564105,24989.495256410253,78
3779,D39.101,6,2138.610185185185,3984.5144444444445,1355.8307407407408,14447.75537037037,54
3807,D41.001,6,3418.471914893617,4395.6872340425525,2082.0225531914894,29721.92404255319,47
3824,D41.401,6,2437.6485000000002,4008.7158333333336,2147.217,15336.6455,60
3836,D43.004,6,13192.320588235294,11435.423529411766,5842.928529411765,66872.30411764706,34
3877,D44.001,6,3456.727441860465,3518.4706976744183,1175.8397674418604,14720.315813953488,43
3882,D44.101,6,4244.58125,4165.221666666667,1955.1458333333333,20576.008333333335,24
3906,D46.201,6,1058.9440000000002,9580.768,17313.7172,42821.197199999995,25
3922,D46.900,6,761.9118181818183,7294.792828282828,9677.272828282828,30517.633131313134,99
3929,D47.100x0,6,1098.2286,6181.415400000001,2451.2616,15636.9492,50
3938,D47.700x0,6,2720.9936,9791.8232,3680.2612,23689.3248,25
4022,D48.601,6,2388.1647916666666,1936.3133333333333,347.4804166666667,6087.16,48
4076,D48.903+M,6,5465.7759375,7141.2246875,3250.10625,25464.2140625,32
4094,D50.900,6,426.06962616822426,4677.41214953271,1371.8682242990653,9591.18663551402,107
4106,D53.100x0,6,639.0018918918919,6440.66972972973,1506.698918918919,13845.47918918919,37
4127,D59.101,6,1375.875,6648.703214285714,6660.2375,21225.414285714283,28
4142,D61.101,5,606.0378787878788,3338.504545454545,4739.5,13047.760606060605,33
4143,D61.101,6,616.9655128205128,3922.801923076923,5769.956346153846,15580.94769230769,156
4151,D61.900,6,1137.4768,6241.988,5542.892,25746.847199999997,25
4159,D61.903,6,717.9972131147541,7022.937704918033,2152.2011475409836,14632.533442622951,61
4161,D61.905,6,1359.4597142857144,8585.434285714286,14504.028,45837.708,35
4184,D64.902,6,821.2816279069767,4184.46023255814,2023.762558139535,9881.273488372093,43
4188,D64.903,4,655.9026086956521,3265.0704347826086,1983.7291304347827,9600.589130434784,23
4189,D64.903,5,384.5215151515152,3619.9590909090907,1900.723787878788,10916.36106060606,66
4190,D64.903,6,716.9467455621302,4768.682011834319,2248.09875739645,12550.261360946744,169
4219,D69.000x0,6,542.9296428571428,3200.415714285714,1410.927738095238,7366.319523809523,84
4224,D69.004,6,576.5277049180328,2409.5867213114757,1577.1403278688524,6619.876557377049,61
4229,D69.006,6,530.21,3590.0826086956517,1851.7282608695652,8136.6721739130435,23
4234,D69.300,6,566.9477272727273,4133.709090909091,4893.159090909091,16634.350454545456,22
4238,D69.400x0,6,545.8325316455696,5023.664556962025,4778.179999999999,14574.717594936708,79
4250,D69.600,6,885.6089583333332,5655.908541666667,2940.3008333333332,15098.599791666667,48
4272,D73.100,6,7944.727105263158,5262.94947368421,4092.068684210526,26468.526315789473,38
4298,D75.103,6,1547.7250000000001,1454.0416666666667,83.97541666666667,6352.762916666667,24
4314,D76.101,6,1474.8723076923077,15310.75282051282,16025.54794871795,44915.41205128205,39
4348,E04.100x0,6,4646.657307692308,3412.546923076923,1294.3423076923077,15514.204807692307,52
4349,E04.101,1,12618.321395348836,1701.8848837209302,2536.628488372093,22995.21430232558,86
4353,E04.101,5,3565.9555,1883.2737499999998,472.634,8831.150749999999,40
4354,E04.101,6,6519.8757866666665,2666.06448,974.94328,14627.134186666668,375
4363,E04.200,6,4455.65,3706.011264367816,1304.582643678161,17004.009310344827,87
4367,E04.200x0,6,5292.62075949367,3654.190126582279,967.18417721519,15000.000379746836,79
4371,E04.201,6,2490.7351724137934,2980.9241379310347,1238.135172413793,13922.791724137931,29
4379,E04.902,4,1045.675,2901.7227272727273,1268.979090909091,13033.614545454546,22
4380,E04.902,5,1754.4094186046511,3016.9243023255813,1037.5594186046512,11839.269069767442,86
4381,E04.902,6,3251.877702265372,3211.4852103559874,1288.3671197411004,14949.267281553397,309
4390,E05.002+H,6,440.4215384615385,3885.666923076923,1625.8217692307694,12699.724923076923,130
4409,E05.900x0,1,9349.403529411764,1618.8058823529411,3762.19,21015.546470588233,34
4427,E06.304,6,3303.025769230769,3694.326153846154,1418.7957692307693,14735.448846153846,26
4442,E07.901,6,3937.484375,3676.524375,859.91734375,14815.02875,64
4454,E10.101,6,513.049,4622.7826000000005,1263.7646,8747.6298,50
4496,E11.000x0,5,724.4217647058823,5575.558235294118,3724.120294117647,14439.373529411765,34
4497,E11.000x0,6,603.1641891891892,6149.413513513513,2511.047162162162,13153.622297297297,74
4503,E11.001,6,1303.69,7824.966956521739,4547.560434782608,19669.535217391305,23
4525,E11.101,5,413.8173417721519,4516.086582278482,1808.6630379746837,9405.21329113924,79
4526,E11.101,6,567.0792146596859,5769.031570680629,2181.572827225131,11807.332198952881,191
4535,E11.103,5,316.0102777777778,3063.153611111111,1322.4733333333334,6693.475277777778,36
4536,E11.103,6,465.6659509202454,3932.255828220859,1557.1479141104294,8330.068404907975,163
4549,E11.200x2,5,677.2444,4534.8836,2759.2803999999996,12124.344799999999,25
4550,E11.200x2,6,818.8185585585586,4925.285360360361,2664.1370720720724,11526.223693693695,222
4559,E11.201+N,6,640.3074603174604,4743.1016666666665,2138.9469047619045,10310.516904761904,126
4568,E11.300x0,6,5509.337045454545,1542.5520454545454,749.2956818181818,14310.930909090908,88
4574,E11.301+H,6,3266.6991025641028,2494.149358974359,1027.8183333333334,12517.047051282052,78
4578,E11.302+H,1,1910.9773626373626,797.5703296703296,140.00571428571428,5047.275934065934,91
4580,E11.302+H,3,2533.888076923077,1594.6307692307694,327.9988461538461,6073.961923076923,26
4581,E11.302+H,4,1860.397037037037,805.1407407407407,155.19333333333336,4688.245925925926,27
4582,E11.302+H,5,1882.5366923076922,1205.123076923077,281.03284615384615,6261.061461538461,130
4583,E11.302+H,6,2345.8782520325203,1269.7824661246611,251.0768292682927,6591.0267208672085,738
4584,E11.302+H,7,2464.1711627906975,329.0732558139535,40.64767441860465,4691.096976744187,86
4603,E11.401+G,4,390.31559999999996,3284.506,1739.1136000000001,10109.235200000001,25
4604,E11.401+G,5,347.16738317757006,3215.098598130841,1631.9919626168223,7496.522710280375,107
4605,E11.401+G,6,463.66138067061144,4297.277455621302,1585.1811834319526,8477.482031558186,507
4618,E11.500,6,446.13573529411764,4738.054411764706,1372.1982352941177,8228.908823529413,68
4623,E11.500x0,4,1132.1392,9891.6464,6001.384,37906.581600000005,25
4624,E11.500x0,5,1441.8575471698114,4495.878113207547,3234.284528301887,14794.827358490566,53
4625,E11.500x0,6,3196.7622268907567,6108.880798319327,3887.4221848739494,20324.45966386555,238
4628,E11.501+I,1,556.2122727272728,2575.409090909091,1565.682727272727,6214.949545454546,22
4632,E11.501+I,5,324.6420588235294,4370.268823529412,1587.8079411764706,9348.05411764706,34
4633,E11.501+I,6,434.26154761904763,5289.640261904762,1747.1209761904763,9441.448095238096,420
4634,E11.501+I,7,446.0238709677419,5023.8387096774195,1713.8367741935485,9830.199354838709,31
4642,E11.503,6,2746.1404347826087,5910.177391304348,4314.275217391304,20132.027536231883,69
4652,E11.600,6,349.7688888888889,1969.1407407407407,948.4937037037038,4869.751481481482,27
4656,E11.600x0,3,302.4792307692308,2250.541025641026,1280.638205128205,5090.006666666667,39
4657,E11.600x0,4,426.8865432098765,2697.372962962963,1178.9175308641977,6213.71,81
4658,E11.600x0,5,402.4190449438202,2904.068202247191,1103.6020224719102,6454.541235955056,178
4659,E11.600x0,6,390.35081775700934,3924.1409579439255,1317.8910514018692,7779.262873831775,428
4671,E11.700,6,405.3116216216216,4773.30972972973,1098.095945945946,8846.026756756757,37
4674,E11.700x0,3,457.5190909090909,4566.067272727272,5094.495454545455,14239.997272727273,22
4675,E11.700x0,4,562.704,5240.32875,3073.4572500000004,13102.248,40
4676,E11.700x0,5,403.0188805970149,3810.2821641791043,1985.7650746268657,8795.082686567164,134
4677,E11.700x0,6,571.8135495495496,4659.392162162162,1963.4071351351351,9666.996306306306,555
4679,E11.800,3,321.5504761904762,2517.1190476190477,1964.9519047619046,7179.469999999999,21
4682,E11.800,6,345.12129032258065,4033.406935483871,2131.73435483871,9031.559032258065,62
4686,E11.900,3,423.0029310344828,3300.498275862069,1095.115,7465.666724137932,58
4687,E11.900,4,345.5469565217391,3117.5695652173918,1155.8195652173913,7534.397826086956,23
4688,E11.900,5,397.82176470588234,2014.2141176470589,894.8085294117648,4636.678235294117,34
4689,E11.900,6,612.259207920792,3401.159207920792,1310.7914851485148,7517.302376237624,101
4713,E14.100x0,6,524.4428125,5403.790625,2452.2203125,12075.556875,32
4720,E14.300x0,1,2215.089130434783,804.0565217391304,186.5621739130435,5455.149130434783,23
4725,E14.300x0,6,3541.4970454545455,1539.2590909090907,401.47022727272724,10385.9275,44
4726,E14.300x0,7,2502.5234782608695,433.3152173913044,237.24652173913043,4914.3297826086955,46
4784,E16.803,6,22374.124357142857,6075.019642857143,3095.6551428571424,42358.71792857143,140
4796,E21.100x0,6,2735.621904761905,4509.359523809524,1985.0847619047618,18214.505238095237,21
4831,E26.000x0,6,2018.6987096774192,4105.806451612903,1171.6416129032257,19182.06129032258,31
4871,E32.801,6,5684.230943396226,4774.940566037736,2394.4441509433964,22849.24867924528,53
4878,E41.x01,3,630.5485185185186,2862.325925925926,4348.466296296297,13805.575185185184,27
4879,E41.x01,4,466.423275862069,3136.206896551724,1826.1279310344828,13042.733620689656,58
4881,E41.x01,6,864.5636585365854,3334.153658536585,4301.861463414634,14349.090731707316,41
4907,E65.x00,7,8016.2444444444445,2630.1555555555556,1318.2259259259258,26762.666666666668,27
4926,E66.900,6,21528.140625,9264.84375,3888.5428125,56071.2128125,32
4959,E83.001,6,687.0539285714285,2266.8035714285716,5808.160714285715,11122.661071428573,28
4999,E87.600,6,350.11434782608694,3548.8130434782606,1141.6852173913044,6672.727826086956,23
5008,E88.200,7,3596.3030303030305,603.3333333333334,719.060606060606,18304.454545454544,33
5009,E88.203,4,2459.701725146199,541.1198830409356,414.26251461988306,15866.687280701753,342
5019,E88.906+H,1,2640.5363380281688,736.4475352112677,195.28288732394364,5556.003098591549,142
5022,E88.906+H,4,6379.578222222222,834.0328888888888,687.9857777777778,10882.000222222223,45
5023,E88.906+H,5,3267.968571428571,751.1035714285715,293.9325,6766.563392857142,112
5024,E88.906+H,6,2379.38688172043,1769.7378494623656,300.66956989247313,7463.155591397849,93
5025,E88.906+H,7,1749.60421875,574.765625,176.51703125,4405.73375,64
5037,F01.900,6,433.2555555555556,6304.319166666666,3181.9755555555553,22881.390277777777,36
5063,F06.800x0,6,1343.5625925925926,6027.466666666667,4729.501481481482,26386.89555555556,27
5084,F09.x03,6,473.30117647058825,10787.145294117647,4095.2455882352942,30689.940588235295,34
5109,F20.900,6,393.90948717948714,6565.5210256410255,2999.83,22139.02666666667,39
5128,F32.200,6,612.8164705882353,5116.910588235294,1989.7361764705881,18942.604705882353,34
5130,F32.300,6,399.3495833333333,4165.020833333333,2052.64125,15332.925833333333,24
5156,F41.200x0,6,489.63130434782613,5300.030434782609,1760.1682608695653,10801.498695652173,46
5180,F45.304,6,663.1935714285713,2591.660714285714,372.86178571428576,5940.925,28
5184,F45.306,5,1168.415,1863.8227272727272,695.5745454545454,6520.246363636363,22
5185,F45.306,6,1025.0646153846153,3212.5525000000002,840.0743269230769,7669.95951923077,104
5237,G00.901,6,826.8603846153845,5620.637692307691,6015.341153846153,18205.810384615386,26
5252,G04.801,6,2314.386976744186,11751.209302325582,10487.766976744186,47285.48465116279,43
5288,G06.001,6,6348.837037037038,11404.81148148148,16510.98962962963,50537.741481481484,27
5294,G06.006,6,1966.5913265306124,7590.532448979592,6936.680306122449,25304.221020408164,98
5329,G20.x00,4,7187.398846153846,4555.335,3304.3238461538463,21997.986153846156,26
5331,G20.x00,6,59870.92549180328,5174.547786885246,2669.424344262295,79598.80426229507,122
5343,G20.x03,6,625.6961538461538,7184.4356410256405,3340.314358974359,17123.544615384617,39
5383,G30.100x0,6,863.4145714285714,8221.938857142857,7945.7462857142855,25803.101714285713,35
5390,G30.900,4,398.11439024390245,3330.4536585365854,2207.113414634146,14335.774146341464,41
5392,G30.900,6,610.5888235294118,7032.099411764706,4079.518529411765,26260.327352941178,34
5395,G30.901+F,4,514.48475,3527.4762499999997,2451.06525,16491.920749999997,40
5396,G30.901+F,6,402.37553191489366,9684.980851063829,3798.1110638297873,27749.044042553192,47
5422,G36.000x0,6,2294.3349999999996,6974.3886363636375,3121.6531818181816,22619.02409090909,22
5442,G40.200x0,6,7482.032608695652,4231.018260869565,2317.9239130434785,20575.325217391302,23
5470,G40.800x0,6,771.205,6381.72671875,2749.33328125,15818.1859375,64
5478,G40.900,6,719.3881132075471,5982.3111320754715,2072.255283018868,12427.106226415095,53
5494,G41.802,6,3209.7703571428574,11312.03642857143,6311.162857142857,28637.33142857143,28
5501,G41.900,5,649.6793333333334,5031.237666666667,2767.412333333333,13305.054999999998,30
5502,G41.900,6,1024.246951219512,7023.421707317073,4419.993902439024,19367.363292682927,82
5512,G43.900,6,817.2223333333333,3880.152666666667,682.216,7264.699666666666,30
5531,G44.100x0,5,622.9546511627907,2548.9697674418603,830.7167441860465,5541.320930232558,43
5532,G44.100x0,6,665.176339869281,3837.536797385621,1363.8101307189543,8002.92522875817,153
5546,G45.000,6,736.1955737704918,3073.165737704918,1293.3201639344263,7815.315573770492,61
5552,G45.002,5,514.3518181818182,2235.2772727272727,1291.0315151515151,5900.484848484848,33
5553,G45.002,6,736.0557142857143,3377.8821978021983,1093.1593406593406,7885.825714285715,91
5558,G45.004,3,338.6763888888889,2680.313888888889,1881.9325000000001,6979.007777777778,36
5559,G45.004,4,754.5107534246575,3267.9827397260274,2533.895273972603,8899.646438356163,146
5560,G45.004,5,687.1804057971015,2803.0549855072463,1366.2083188405798,6878.280753623188,345
5561,G45.004,6,641.7145047923323,4081.7667731629394,1540.6200479233228,8615.61086261981,626
5587,G45.900,5,673.3519230769232,3042.775769230769,1428.9250000000002,7172.421538461538,26
5588,G45.900,6,718.9576119402985,4082.8411940298506,1802.0153731343282,8791.318358208955,67
5593,G45.900x0,5,510.175376344086,3307.1260215053762,965.9903225806452,6632.071720430108,93
5594,G45.900x0,6,984.7115602836878,4432.686453900709,1678.2130141843973,9277.89134751773,282
5607,G47.300x0,6,1955.4101025641028,2234.8981025641024,1502.222871794872,10499.823333333334,195
5612,G47.301,6,2153.8507142857143,1706.009761904762,1259.1745238095239,10492.749285714284,42
5626,G50.000,6,14913.77608,3747.10864,2182.52016,29126.62808,125
5631,G50.003,6,13182.952898550724,3666.8339130434783,1886.0033333333333,25852.62188405797,69
5645,G51.003,6,579.3325,3100.612,2130.98875,10816.672999999999,40
5650,G51.301,6,16197.940846153846,4597.122153846154,3749.6446153846155,39395.30930769231,130
5654,G51.800x0,6,337.81709677419354,2326.3209677419354,2476.4712903225804,9197.58,31
5689,G56.000,6,1480.9710869565217,1904.2546739130435,799.2579347826087,8161.012717391305,92
5704,G56.202,6,1624.7310606060605,1655.7363636363636,1034.8380303030303,8605.945757575759,66
5718,G57.001,6,5190.0068,3726.636,845.1552,16506.346,25
5753,G61.000,6,3774.6605555555557,14308.971944444444,18805.125,68618.84361111111,36
5763,G62.901,6,685.6596153846154,5139.5,2484.916153846154,13414.203846153845,26
5765,G70.000,6,1658.5614285714287,6645.484761904761,7144.7152380952375,26144.769523809526,21
5814,G81.900,3,1088.4441025641026,3803.4766666666665,2585.4912820512823,20234.57128205128,39
5815,G81.900,4,1700.5096226415094,5948.419433962264,6985.578113207547,56123.18547169812,53
5816,G81.900,5,655.7371698113208,4685.542641509434,4702.617641509434,29195.2608490566,106
5817,G81.900,6,1204.4879264214048,5196.53525083612,5545.330100334448,33871.44183946488,299
5822,G81.900x0,4,540.9382882882883,3532.886486486487,2096.932342342342,14636.771351351352,111
5823,G81.900x0,5,1095.295465116279,2055.3583720930233,3400.7062790697673,24052.908023255815,86
5824,G81.900x0,6,771.981851851852,3759.794074074074,5332.007037037037,29906.692962962963,27
5836,G82.200,6,1161.3364516129031,3897.2145161290323,3014.0625806451612,25827.057741935485,31
5860,G82.500,6,3341.5499999999997,6750.445365853659,6939.835609756098,46140.46658536585,41
5876,G83.900x0,4,535.445,3861.342857142857,2350.262142857143,15543.847857142857,28
5917,G91.900,6,18390.066122448978,9235.467755102041,7917.123469387755,59973.666530612245,49
5939,G93.101,5,832.2656,5481.182,4109.3114000000005,17204.651599999997,50
5940,G93.101,6,933.3814965986394,7099.075782312925,5051.651020408163,20667.61925170068,147
5945,G93.102,6,3956.548888888889,15292.929206349207,14709.568253968255,54444.9819047619,63
5967,G93.403,6,853.0563768115942,7775.485072463768,2995.7646376811595,18943.11536231884,69
5978,G93.501,6,6681.836363636364,7587.074848484848,7449.539090909091,32678.777878787878,33
5979,G93.600,4,753.1586666666667,2615.7833333333333,4880.402666666667,11170.294666666665,30
6011,G93.902,6,3539.951428571429,8445.193333333333,5443.312857142857,32699.880476190476,21
6034,G95.900x0,6,5417.1434375,5248.7484375,4443.7993750000005,23952.111875000002,32
6060,H00.100,6,305.7831147540984,328.17704918032786,295.0172131147541,2646.2352459016392,61
6065,H02.000,5,487.6477777777778,787.867037037037,296.7911111111111,3873.806666666667,27
6066,H02.000,6,415.23375,698.08765625,343.35875,4301.746015625,128
6091,H02.400,6,552.1725,1546.5425,490.95,6703.1359375,32
6107,H02.901,6,458.4440625,1213.075,313.36843749999997,3799.27625,32
6126,H04.401,1,801.4951020408164,611.9765306122449,854.6018367346938,4067.7908163265306,49
6129,H04.401,4,1604.5196296296297,633.8666666666667,501.4151851851852,5817.944074074074,27
6130,H04.401,5,1741.5225333333333,909.118,582.9602666666666,6482.002,75
6131,H04.401,6,1253.3779835390947,1199.3523456790124,564.7096296296296,6070.564979423869,243
6140,H04.503,6,957.8443478260868,458.504347826087,179.20652173913044,2958.47,23
6144,H04.509,1,1046.0026086956523,450.25217391304346,374.2234782608695,3744.309565217391,23
6149,H04.509,6,1420.956853146853,1084.520979020979,307.4588111888112,4937.568531468532,143
6177,H05.901,6,522.1986363636363,2533.9772727272725,596.3227272727272,6902.98,22
6181,H11.000,1,1199.3150757575756,549.7185606060607,228.30151515151513,3021.7871212121213,132
6182,H11.000,2,1155.6051851851853,523.8148148148148,145.88925925925926,2844.703703703704,27
6183,H11.000,3,330.0590625,726.64375,239.03578124999999,3186.47421875,64
6184,H11.000,4,1310.3211111111111,577.0975925925926,360.3261111111111,3867.875,54
6185,H11.000,5,1273.950376344086,846.3610215053764,244.27403225806452,4540.607150537635,186
6186,H11.000,6,562.2416553287982,1183.5636054421768,232.0167573696145,3766.671995464853,441
6187,H11.000,7,1205.4194444444445,381.082,519.8413333333333,3210.619222222222,90
6271,H25.000,5,2309.3752173913044,523.8739130434783,232.8678260869565,5599.508260869566,23
6273,H25.000,7,2368.8361904761905,297.59285714285716,35.50838095238095,4562.545809523809,210
6274,H25.000x0,1,1213.9130434782608,845.8521739130434,128.7682608695652,4005.268260869565,23
6278,H25.000x0,6,2458.55078125,1042.89375,203.68859375,6125.67,64
6283,H25.001,5,1949.4036470588235,916.7488235294117,193.70470588235295,5314.485411764706,85
6284,H25.001,6,2074.150485714286,1135.8945142857144,199.3078,5650.900114285714,350
6285,H25.001,7,5592.351851851852,755.6296296296297,167.2440740740741,9110.632962962964,27
6286,H25.002,1,2513.3893548387096,707.55,117.79666666666667,5034.028494623656,93
6287,H25.002,2,2220.2268493150686,779.8564383561644,239.29616438356163,4818.641095890411,73
6288,H25.002,3,2458.930625,1383.7020833333333,226.11989583333332,5685.395,96
6289,H25.002,4,2107.6987878787877,913.4939393939394,202.01575757575756,5485.790454545454,66
6290,H25.002,5,1909.1192977099236,1106.764580152672,250.55158778625955,5724.616870229007,655
6291,H25.002,6,2146.483083900227,1025.8460544217687,215.39198034769464,5954.25268329554,1323
6292,H25.002,7,4339.971666666666,626.797619047619,128.6459523809524,7078.410476190476,42
6293,H25.003,1,1398.2891358024692,738.9382716049382,129.31234567901234,4142.7835802469135,162
6294,H25.003,2,2816.240404040404,561.5353535353536,162.1039898989899,6079.955505050505,198
6295,H25.003,3,1824.3597297297297,771.4702702702704,215.29756756756757,5250.237837837837,37
6296,H25.003,4,3936.017826086956,920.1804347826087,203.71557971014494,7862.508550724638,138
6297,H25.003,5,1974.3671570247932,1020.255173553719,275.1414380165289,5601.116661157025,605
6298,H25.003,6,2584.77422768573,1253.158417958311,187.6603741314805,6469.624885088188,1871
6300,H25.004,1,2590.871666666667,1002.1325,176.62133333333333,5862.999666666667,60
6301,H25.004,3,2590.100625,545.8125,152.41354166666667,6155.124583333333,48
6303,H25.004,6,2357.7056927117533,1060.6774130006565,169.94866053841102,6196.682068286276,1523
6304,H25.100,1,2610.497722419929,869.9638790035588,169.6958362989324,5848.369964412811,281
6305,H25.100,2,2687.578125,635.9375,180.1990625,5263.4584374999995,32
6306,H25.100,3,2193.1487857142856,961.4392857142857,163.6162857142857,5174.970642857143,140
6307,H25.100,4,1687.802580645161,1065.9591397849463,233.6290322580645,4961.183225806451,93
6308,H25.100,5,2168.9950223546944,952.279731743666,231.74219076005963,5992.6604172876305,671
6309,H25.100,6,2608.7595401234566,882.8836512345679,204.4240401234568,6183.218395061729,3240
6313,H25.100x0,5,2400.6164000000003,1517.1837333333333,297.71653333333336,6315.926,75
6314,H25.100x0,6,3223.6528260869563,1215.7,153.9407608695652,7457.0947282608695,184
6317,H25.200,5,2046.5586956521738,645.8217391304348,229.60130434782607,5315.239130434783,23
6323,H25.200x0,5,2028.6829729729732,1371.0883783783784,397.72972972972974,6293.764594594595,37
6324,H25.200x0,6,2071.8462626262626,1106.1644444444444,251.85565656565655,6155.8670707070705,99
6325,H25.800,5,2446.6679310344825,1409.2793103448275,382.4455172413793,5997.935862068966,29
6326,H25.800,6,2902.83935483871,1530.6064516129034,206.61290322580646,6975.4966129032255,62
6327,H25.800x0,1,2907.002976190476,1053.1452380952383,176.9714285714286,5831.249404761905,84
6328,H25.900,1,2492.3081920600857,714.3347210300428,181.65707081545062,5122.714104077253,3728
6329,H25.900,2,2376.0536268526594,621.1088055797734,165.2627550130776,5314.467253705318,1147
6330,H25.900,3,1848.277174139729,878.2871637122003,217.776527632951,5061.764619395203,959
6331,H25.900,4,6691.767970588236,815.8185411764706,551.3462352941176,10213.256335294118,1700
6332,H25.900,5,2193.591046401515,950.0448484848484,241.4458475378788,5741.449398674243,2112
6333,H25.900,6,2536.6704090019566,1147.6435772994128,230.88929354207437,6878.379285714285,5110
6334,H25.900,7,2165.80657763694,546.6224128564961,140.4988818469896,4563.311249434133,2209
6341,H26.000x0,6,4467.369032258064,883.8806451612903,269.92709677419356,8269.918064516129,31
6349,H26.100,6,2643.683369565217,1290.4510869565217,415.94000000000005,8242.416847826087,92
6352,H26.200,1,2796.416275862069,556.7988505747127,159.29043678160917,6044.006068965517,435
6353,H26.200,2,3408.3457575757575,504.2878787878788,199.39818181818183,9161.916666666666,33
6355,H26.200,4,7246.7585401459855,824.1113868613138,447.87722627737224,11548.8800729927,137
6356,H26.200,5,3887.8807849829354,638.0150853242321,309.3198976109215,7818.702593856655,293
6357,H26.200,6,3199.626421605401,1217.108319579895,271.592528132033,8282.215656414104,1333
6358,H26.200,7,3426.163509933775,569.8615894039735,161.6106622516556,6288.866158940397,151
6371,H26.400,6,1558.4516,1293.7656,246.8732,5445.38,25
6378,H26.801,6,2394.879393939394,1386.4636363636364,195.6718181818182,6247.813939393939,33
6379,H26.801,7,6855.7995238095245,748.952380952381,203.2342857142857,10831.46238095238,21
6380,H26.900,1,2628.492167539267,531.0996335078535,186.37941361256543,4866.463235602094,955
6381,H26.900,2,2618.964315068493,703.9171232876712,147.275,5222.301678082192,292
6382,H26.900,3,1533.9988721804511,855.1051127819549,316.3328571428571,4622.291503759398,133
6383,H26.900,4,7688.570833333332,811.7624999999999,512.89875,11492.89625,24
6384,H26.900,5,2239.566430868167,1184.329003215434,302.54987138263664,6311.778553054662,311
6385,H26.900,6,3611.1607852077,774.481215805471,248.50079533941238,7832.059138804458,1974
6386,H26.900,7,1798.1942198581562,426.9976241134752,110.89712765957448,3572.542765957447,282
6391,H27.000,6,1787.3894047619046,1042.507142857143,293.48869047619047,6045.63,84
6396,H27.100,6,4110.118750000001,1372.9208333333333,506.205,12242.625833333334,24
6398,H27.101,6,3622.3161290322582,1200.0225806451613,322.38,9940.397419354838,31
6410,H33.000x0,6,6073.56104477612,1300.0074626865671,523.7698507462687,14935.121940298508,67
6414,H33.001,4,6647.826521739131,806.5804347826087,711.0434782608696,13804.119565217392,23
6415,H33.001,5,7897.816666666666,831.3833333333333,555.6069230769232,16606.43564102564,39
6416,H33.001,6,5256.458542600897,1284.6363228699552,405.8274887892377,13628.832264573992,446
6424,H33.200x0,6,8034.147756410257,734.4076923076924,588.3939102564102,18111.159166666668,156
6431,H33.401,6,4652.6958,1933.37,801.345,13183.6378,50
6444,H33.504,6,6658.6319047619045,701.0666666666666,566.6316666666667,14980.080952380953,42
6468,H35.303,6,5698.6075862068965,1004.6137931034482,420.86908045977015,14394.84275862069,87
6473,H35.306,6,5544.442295081967,1057.8274590163935,495.08745901639344,14271.739385245903,244
6492,H40.100,6,3689.5840000000003,1028.0083333333334,540.7765,8944.6305,60
6498,H40.100x0,6,1666.5976,1140.684,1571.6804000000002,7163.1164,25
6510,H40.200x0,6,1641.4520192307693,1381.929423076923,471.01663461538465,7082.9625,104
6517,H40.202,6,2754.1153846153848,1137.9833333333333,401.8319230769231,7979.537051282052,78
6523,H40.203,6,2317.9783333333335,1514.836111111111,582.4972222222223,8433.640833333333,36
6535,H40.500x0,6,2673.156590909091,1318.1052272727272,526.0590909090909,8245.993181818181,44
6540,H40.501,6,2793.5693548387094,1579.0274193548387,998.1588709677419,10058.882258064516,62
6552,H40.900,6,780.4022727272727,1156.7272727272727,355.93136363636364,5264.719545454545,22
6558,H43.100,1,4755.771621621621,836.5513513513514,443.42756756756756,10005.176216216216,37
6560,H43.100,4,8010.928846153846,1188.0288461538462,1109.9226923076922,15640.261153846155,26
6561,H43.100,5,9166.7408,792.02,764.747,17655.3518,50
6562,H43.100,6,5673.382577854671,1375.626678200692,706.2120761245675,13809.055155709342,578
6581,H44.000x0,6,4583.811000000001,1613.5383333333334,2111.791,14452.444666666666,30
6600,H47.003,6,2230.8078431372546,1416.7725490196078,636.3766666666667,10096.228431372549,51
6633,H50.000x0,6,645.7812987012987,739.1636363636363,411.5137662337662,5646.718441558442,77
6646,H50.100x0,6,575.2955844155845,834.0077922077921,362.2603896103896,5679.052207792208,77
6664,H50.301,6,738.0492424242424,641.7560606060606,429.3040909090909,6495.159545454545,66
6682,H52.100,6,497.8457142857142,540.4,415.98542857142854,4940.739428571429,35
6720,H60.400x0,6,784.5818867924529,1684.4701886792452,809.4090566037736,6251.370943396226,53
6736,H61.100x0,6,681.3243333333334,1066.9,376.91433333333333,5082.438,30
6750,H61.800x0,6,655.3497260273972,1341.3772602739725,598.7550684931507,5075.967260273972,73
6771,H65.300x0,6,1410.1224390243901,1622.8639024390243,507.0975609756098,5344.24268292683,41
6776,H65.900x0,4,960.1208333333334,1676.3958333333333,956.1116666666667,7504.579583333333,24
6778,H65.900x0,6,1256.2631304347826,1331.8186086956523,665.9092173913043,5553.114260869565,115
6786,H66.301,1,1275.029756097561,1683.029268292683,4052.145853658537,13352.050731707315,41
6790,H66.301,6,1680.217396449704,1781.6070118343196,1055.920473372781,11146.204822485208,338
6801,H66.900x0,4,1293.5937037037036,1650.2037037037037,1908.1637037037037,14197.355925925925,27
6803,H66.900x0,6,1490.870227272727,1465.2906818181818,1031.1417045454546,10988.154375,176
6820,H71.x00,6,2703.5512857142858,1866.281785714286,1204.2762857142857,15795.825642857142,140
6826,H71.x01,6,2504.5125423728814,2759.861016949152,1637.5276271186442,17851.91627118644,59
6840,H72.900,6,945.0751428571427,1651.2828571428572,888.0048571428572,9156.746,35
6865,H81.100x0,6,319.33483333333334,4045.9716666666664,925.866,6891.349833333333,60
6877,H81.300,6,334.68428571428575,2948.0028571428575,1235.0077142857142,6833.569142857144,35
6885,H81.303,5,410.67473684210523,2350.7166666666667,1117.431754385965,4847.198596491228,57
6886,H81.303,6,553.7884090909091,3471.363863636364,1155.085681818182,7062.013863636364,88
6898,H81.901,5,403.154,2723.011111111111,1231.8037777777777,5548.35,45
6899,H81.901,6,477.9116363636364,3494.9836363636364,1634.999272727273,7641.456727272727,55
6916,H91.200,6,302.2725,2030.2375,2975.7075,7597.464,40
6919,H91.200x0,6,335.38161616161614,2095.8959595959595,2304.4645454545453,7321.317171717172,99
6979,I08.102,6,34312.40622222222,12756.606444444446,10162.357777777777,88976.44622222222,45
6983,I08.103,6,24044.91962962963,11888.600370370372,7513.275555555556,71542.38111111111,27
6993,I08.301,6,53084.07297297297,17414.79027027027,12666.643243243243,120207.62702702703,37
6997,I08.303,6,34232.73151515152,15852.085454545455,9544.875757575759,84253.50545454545,33
6998,I08.306,6,60189.916956521745,17501.519130434783,17991.115217391307,155155.02304347826,23
7008,I09.900,6,2979.5582758620685,4055.473103448276,3606.237931034483,15153.233793103447,29
7015,I10.x00x0,4,358.2678947368421,3571.346578947369,1732.2375,9215.294868421053,76
7016,I10.x00x0,5,642.3558490566038,2857.2113207547172,895.2145283018868,6262.591698113208,53
7017,I10.x00x0,6,795.9927142857143,3998.7673714285716,888.7319142857142,7753.187314285715,350
7028,I10.x04,6,1218.32,3444.228,665.2576000000001,7963.6728,25
7033,I10.x05,5,427.2768,2647.1164000000003,951.8128,5531.868399999999,25
7034,I10.x05,6,678.3730612244898,3467.970408163265,920.8597959183672,7823.046734693877,49
7045,I10.x09,6,770.1057446808511,3765.3565957446813,854.8270212765958,7253.2985106382985,47
7051,I10.x10,6,922.3507142857144,4576.629285714285,1364.8438095238096,9701.732857142857,42
7057,I10.x14,6,434.76226415094345,4132.455283018868,844.5666037735849,7257.148301886792,53
7061,I11.000,6,812.61,5054.4228571428575,2364.650476190476,12090.548095238095,21
7064,I11.001,6,608.735,6276.503333333334,3795.2658333333334,14755.445,24
7068,I11.002,4,504.8837837837838,3941.063243243243,2728.672972972973,13859.026486486486,37
7069,I11.002,5,707.5418333333333,3536.089,2702.7526666666668,11098.276666666667,60
7070,I11.002,6,1276.6778242677824,5192.099916317991,3047.2951046025105,13730.993556485355,239
7075,I11.901,4,441.3317241379311,3993.784137931035,2400.2024137931035,11965.649310344828,29
7076,I11.901,5,4622.686739130435,3001.7471739130433,1465.7278260869564,11711.447826086956,46
7077,I11.901,6,653.2331914893617,4283.226453900709,1216.0878014184398,8726.021134751772,141
7082,I12.000x0,6,793.6214285714286,6430.796428571428,4698.448571428571,19304.282857142858,56
7094,I13.200,6,1621.1394,5613.8682,4508.8296,17442.9634,50
7104,I15.200x0,6,7135.179166666667,7665.531111111111,1706.7830555555556,20255.008055555558,36
7109,I20.000,3,1265.7314393939394,3690.5197727272725,2881.7767424242425,9947.832272727273,132
7110,I20.000,4,4674.379404761905,2917.0666666666666,2324.1074404761903,15569.569285714286,168
7111,I20.000,5,4901.7627,2830.7902999999997,1857.46146,15232.3189,500
7112,I20.000,6,8444.540855629877,3644.767753623188,1763.0614241917501,21812.43469063545,3588
7126,I20.101,6,2348.85,3796.1761538461537,967.9763461538461,12541.112692307692,52
7129,I20.102,6,911.1490625,3260.590625,752.5484375,8112.9125,32
7134,I20.800x0,4,1930.0637931034482,2810.2655172413793,1475.7875862068963,9580.787931034482,29
7135,I20.800x0,5,2407.2677511961724,2506.81990430622,1312.2144976076556,10226.38985645933,209
7136,I20.800x0,6,2673.1586802030456,3024.873488034808,986.4559028281363,10583.943183466281,1379
7139,I20.801,4,2209.3365714285715,2647.131428571429,1194.182857142857,13213.905428571428,35
7140,I20.801,5,3426.71472826087,2518.4236413043477,1380.2421739130434,11563.255652173913,184
7141,I20.801,6,4448.4841943573665,3404.8771661442006,1431.636909090909,15666.012326018808,1595
7147,I20.802,6,2826.6505384615384,3245.47,694.7983846153846,11569.25923076923,130
7150,I20.803,5,4212.488666666666,2692.214,1374.6622222222222,12436.040444444443,45
7151,I20.803,6,6100.553489932886,3727.751342281879,1294.5793288590605,16304.930402684564,149
7154,I20.806,6,3528.7414117647063,3751.101176470588,1630.0700000000002,17352.40611764706,85
7158,I20.900,3,1607.6269230769233,2893.0261538461536,2402.6665384615385,10335.283076923077,26
7159,I20.900,4,1196.5726923076923,2693.6884615384615,1430.6611538461539,11167.571538461538,26
7160,I20.900,5,2202.2697333333335,2649.193333333333,1298.22,10197.943066666667,75
7161,I20.900,6,4386.605836363637,3306.7157636363636,1401.5882545454547,13782.997090909092,550
7166,I21.000x0,6,9799.581851851852,6049.144444444444,3920.9303703703704,30517.382592592592,27
7170,I21.001,5,6332.841538461538,3332.301282051282,2159.4894871794872,19710.16153846154,78
7171,I21.001,6,8538.975529411766,5534.6253823529405,3429.776235294117,28295.178735294117,340
7177,I21.003,6,5676.0892105263165,5748.760263157895,3355.689210526316,27462.128684210526,38
7181,I21.004,5,6807.792592592592,3533.5133333333333,2478.6896296296295,19666.821481481482,27
7182,I21.004,6,9036.296491228071,5096.582017543859,3764.6463157894736,27749.024298245615,114
7189,I21.100x0,5,7633.74081081081,4228.052702702703,3532.1664864864865,23643.17837837838,74
7190,I21.100x0,6,10645.344569288389,5332.82786516854,3485.867191011236,30862.78209737828,267
7195,I21.103,5,6746.083214285713,5312.553571428572,4594.4601785714285,29538.143035714285,56
7196,I21.103,6,8060.52701438849,4831.427913669065,2648.164928057554,25011.936834532375,278
7203,I21.200x0,6,10351.174615384614,6129.189807692308,4395.112115384616,32429.360576923078,52
7221,I21.300x0,4,6036.0225,3622.4016666666666,2503.48125,19246.479166666668,24
7222,I21.300x0,5,6971.647094594595,4070.5469594594592,2785.0008783783783,22079.25689189189,148
7223,I21.300x0,6,10960.123782894736,6002.168684210526,4511.778289473685,34014.84878289473,304
7226,I21.401,3,3568.0044444444443,4663.716666666667,2291.527777777778,15383.118518518519,27
7227,I21.401,4,10122.035714285714,4358.622857142857,2681.1403571428573,24653.634464285715,56
7228,I21.401,5,6847.372526315789,3772.6736052631577,2212.0152368421054,19808.45542105263,380
7229,I21.401,6,9660.980331920904,5295.912146892655,3038.5800776836154,27711.224512711862,1416
7233,I21.900,3,2918.9032,3231.6312,2926.3076,12986.42,25
7234,I21.900,4,3247.549166666666,4668.156666666667,2747.00625,17371.829583333332,24
7235,I21.900,5,5302.017222222222,4145.007777777778,2510.9796296296295,18217.42388888889,54
7236,I21.900,6,9847.533826530613,6325.415102040817,4413.9247448979595,29874.151734693878,196
7242,I21.900x0,6,8453.18425,5128.9095,2747.93825,24548.629500000003,40
7253,I24.800x0,4,2133.17619047619,3543.9809523809527,3640.3128571428574,12602.955714285714,21
7264,I24.901,3,2774.2973076923076,2971.915384615385,2513.1092307692306,12918.747307692307,26
7266,I24.901,5,4075.0642307692306,3169.4817307692306,2277.021346153846,14050.509038461538,52
7267,I24.901,6,8819.463163265305,5987.735102040817,3514.2505102040814,26964.080867346936,196
7269,I25.000,5,4511.967058823529,3836.4088235294116,1187.2355882352942,12693.995294117647,68
7270,I25.100,1,659.9575,1780.0,768.4525,5875.639166666667,24
7272,I25.100,3,1079.1648780487806,3218.2341463414637,1799.1295121951218,7663.243902439024,41
7274,I25.100,5,3188.144655172414,2906.0727011494255,1581.7440229885058,11904.883448275861,174
7275,I25.100,6,2434.5608860759494,3451.2306962025314,1112.6736075949366,11096.78664556962,316
7282,I25.101,5,1478.784155844156,1832.7136363636366,707.0902597402597,7734.144285714286,77
7283,I25.101,6,2606.537976470588,3807.7792470588233,1347.4883764705883,12799.19068235294,425
7285,I25.102,3,1048.894945054945,2461.110769230769,1010.1118681318682,7425.744285714285,91
7286,I25.102,4,1193.9034262948207,2727.6931474103585,1270.7229482071714,7833.270478087649,251
7287,I25.102,5,1145.7499879518073,2423.24143373494,839.8717590361447,7452.834590361445,830
7288,I25.102,6,979.3150863588297,2992.122121959817,778.9997426859359,7971.669654564681,2837
7291,I25.103,2,564.8983018867924,2401.6396226415095,3758.2088679245285,10180.6820754717,53
7292,I25.103,3,1078.6683222958056,2666.5538631346576,2599.9659161147906,9559.699801324503,453
7293,I25.103,4,4244.05853488372,3428.806674418605,1915.866,14900.376069767442,430
7294,I25.103,5,3230.262847826087,2635.2021594202897,1392.1624420289854,11486.79686231884,1380
7295,I25.103,6,4065.159559004681,3792.1727371273714,1611.880711998029,14815.672562207441,4059
7296,I25.103,7,708.5921739130434,1914.3597826086957,2071.178043478261,7518.456086956521,46
7301,I25.104,6,5237.52119047619,5075.210952380952,2191.0309523809524,17684.386904761905,42
7302,I25.104,7,290.98,1851.0249999999999,2095.156785714286,5690.026071428571,28
7305,I25.200,6,5728.953095238096,3851.882380952381,1228.887619047619,16546.322142857145,42
7324,I25.500,3,858.2645833333332,2471.4166666666665,4128.949166666666,8564.37,24
7326,I25.500,5,2193.730698924731,2705.913870967742,2465.010430107527,11214.87,186
7327,I25.500,6,4093.548559782609,4640.890407608696,2930.2891847826086,18139.748722826087,368
7329,I25.600,6,708.7379999999999,2988.8714285714286,572.4405714285715,7702.727142857143,35
7338,I25.800x0,5,4533.601081081081,2011.7054054054056,935.6356756756755,11464.043513513514,37
7339,I25.800x0,6,7298.91475409836,2863.3786885245904,927.1539344262295,17228.982295081965,61
7340,I25.802,5,838.3923809523809,2623.855,696.1869047619048,6923.391428571429,42
7341,I25.802,6,1096.182735042735,3132.8358974358976,637.6096581196581,9131.735128205128,117
7350,I25.901,3,4805.963275862069,2698.1587931034483,3082.775344827586,14058.478448275862,58
7351,I25.901,5,3705.642743362832,3213.3838053097343,1481.408318584071,12799.793451327432,113
7352,I25.901,6,4050.4448684210524,3299.3963815789475,956.3617763157894,13359.237894736842,152
7353,I25.901,7,531.4275,2478.377272727273,1396.9934090909092,6132.673409090909,44
7371,I26.900x0,4,3985.673076923077,5863.15,4711.836153846154,20355.882692307692,26
7372,I26.900x0,5,1631.096017699115,5207.032566371682,3090.241681415929,14489.097787610619,113
7373,I26.900x0,6,3189.0890486257927,7007.885877378436,3908.9588372093026,19737.075264270614,473
7383,I27.200x0,6,1003.4608571428571,6426.992571428571,2337.3882857142858,12455.051428571429,35
7389,I27.900,3,448.90000000000003,3593.804347826087,2624.4634782608696,8810.773913043478,23
7392,I27.900,6,560.3702173913043,3907.2517391304345,2641.5141304347826,10959.638695652175,46
7393,I27.900,7,280.2535555555556,867.0677777777778,1580.7151111111114,5135.193111111111,45
7397,I27.900x0,4,430.816,3422.9,2669.0440000000003,10842.252,25
7398,I27.900x0,5,500.598085106383,2677.2117021276595,2937.846595744681,9476.544680851064,47
7399,I27.900x0,6,546.613475609756,4599.563414634146,3404.136219512195,13468.585670731707,164
7406,I28.801,6,2869.605666666667,8120.044333333333,3452.775333333333,29648.324666666667,30
7427,I31.800x0,6,802.4544186046512,7429.536976744187,2237.6548837209302,13917.390930232557,43
7434,I33.000x0,6,16590.96620689655,14359.837241379311,13737.555862068966,89336.59103448276,29
7443,I34.000x0,6,33965.01,13176.135,8093.413125,88876.6125,32
7455,I35.000,6,116496.29341463416,11836.211951219513,4363.475365853658,163691.88097560976,41
7456,I35.000x0,6,63080.73857142857,13113.139642857142,6924.595,154101.44785714286,28
7459,I35.100,6,25629.33064516129,12640.532903225807,5463.310322580645,82549.51,31
7460,I35.100x0,6,40123.81265306123,13024.462857142857,6540.345306122449,143667.24510204082,49
7463,I35.200,6,120981.9194117647,15806.68725490196,11609.135490196079,203472.02705882356,51
7464,I35.200x0,6,58092.48519230769,15230.941346153846,10215.47230769231,192267.74461538464,52
7470,I36.100,6,23270.635238095238,14002.466666666665,9266.779047619048,91604.0680952381,21
7487,I38.x01,6,6944.82,4850.677419354839,3266.7732258064516,21246.710967741936,31
7501,I40.900,6,1038.9031034482757,7366.964137931034,3852.77724137931,17029.27068965517,29
7507,I42.000,6,22294.539195402296,4500.849425287357,3387.074022988506,35255.67252873564,87
7512,I42.000x0,5,1220.7045652173913,3213.413695652174,2624.9971739130433,11523.82847826087,46
7513,I42.000x0,6,10362.795843137255,4726.314705882353,3364.9203921568624,31227.954980392155,255
7518,I42.001,6,4544.404,4045.512,2990.0524,13523.628400000001,25
7524,I42.101,6,20580.483548387096,9900.763870967741,3418.536129032258,52987.38483870967,31
7527,I42.200x0,6,6045.094285714286,4132.3525,1552.6617857142858,15228.573928571428,28
7543,I42.900,6,904.333,4468.915333333333,2012.6356666666666,10951.304,30
7552,I44.102,6,48942.11852941177,4739.330882352941,1148.8441176470587,64868.952647058824,34
7557,I44.200,5,38341.143142857145,2921.382857142857,1155.4194285714286,48163.57742857143,35
7558,I44.200,6,38906.52975177305,4966.047056737589,1830.034255319149,55063.593900709224,282
7561,I44.201,6,47097.83653846154,4291.276794871796,1189.3091025641027,70464.94166666667,78
7576,I45.600x0,6,27522.175416666665,3334.4341666666664,328.28416666666664,40593.468125,48
7582,I45.802,6,26671.786507936507,2687.5452380952383,289.6457142857143,35523.49333333333,63
7596,I46.000,6,4489.2365,9068.573,6974.5472500000005,34743.76025000001,40
7606,I46.100x0,6,6368.308695652174,5651.500869565218,4590.671739130435,22957.30260869565,23
7616,I46.901,5,1080.209523809524,4745.997619047619,2845.802857142857,13195.481904761904,21
7617,I46.901,6,8678.5825,5925.939722222222,5407.199166666666,26551.058055555553,36
7624,I47.100x0,6,24603.6221875,2990.59125,342.40796875,37539.1802734375,256
7627,I47.101,6,24308.8028125,3840.5309375,801.4871875,39601.4859375,32
7630,I47.102,5,19247.176333333333,3331.885666666667,1031.047,27417.836666666666,30
7631,I47.102,6,26445.312378854625,3473.1917621145376,483.7285462555066,35172.216123348015,227
7636,I47.104,6,26104.493269230767,3381.0396153846154,321.40923076923076,38023.40134615385,52
7638,I47.106,6,26011.232978723405,3418.5889361702125,383.2197872340426,35349.52234042553,47
7641,I47.108,6,21551.132,3468.7725714285716,988.2651428571428,31503.948285714283,35
7647,I47.200,6,36485.833750000005,5737.838,2270.6220000000003,60651.599749999994,40
7654,I47.201,6,25718.654545454545,4294.767272727273,1361.6809090909092,45304.07787878788,33
7659,I48.000,6,54818.57864864865,4754.6783783783785,1548.2391891891891,68061.59243243243,37
7675,I48.x00x0,6,46181.54055913979,5320.225935483871,1916.4171612903226,80467.01107526882,465
7679,I48.x01,6,54224.123375,6348.165,2464.554,70453.971625,80
7684,I48.x02,6,59039.50646387832,5405.590114068441,1822.7113307984791,76585.66269961977,263
7687,I48.x03,6,40909.83191489362,4777.927234042553,2026.5155319148935,59996.947872340425,47
7689,I48.x04,6,34484.380454545455,4300.951363636364,1130.4409090909091,45423.09454545454,22
7698,I49.100x0,6,6837.746086956522,3511.4460869565214,609.0630434782609,15142.068260869566,46
7704,I49.300x0,6,19560.430393258426,3350.134662921348,622.7729213483146,31150.084325842694,178
7707,I49.301,6,31118.989545454548,3332.288181818182,561.3477272727273,39466.222727272725,22
7717,I49.500,5,28398.91184210526,3604.5571052631576,1596.568947368421,39814.0152631579,38
7718,I49.500,6,33224.065972972974,4646.697243243243,1452.8769189189188,49736.456378378374,370
7721,I49.500x0,6,40768.89357142857,3992.842857142857,1070.9814285714285,51763.645952380946,42
7736,I49.900,6,3476.556818181818,4225.116818181818,1510.5045454545455,12427.133636363636,22
7745,I50.000,5,1048.703831775701,2871.9444392523365,2701.7031775700934,10763.282663551403,214
7746,I50.000,6,885.0726446280992,5007.424876033058,3201.3995041322314,13096.78214876033,121
7757,I50.002,5,1399.2589189189189,4388.867567567568,3680.417027027027,13801.757027027028,37
7758,I50.002,6,2723.304142857143,5862.3721428571425,5233.765857142857,20061.475142857144,70
7767,I50.101,5,1817.9896825396827,5010.5663492063495,3796.9914285714285,15810.964444444444,63
7768,I50.101,6,1149.0685925925927,5948.2288148148145,4707.341851851852,17695.091481481482,135
7774,I50.103,6,867.1496875,5553.6178125,3887.0821875,15028.385,32
7782,I50.900,3,571.1169333333332,3689.778666666667,2860.1516,10757.789200000001,75
7783,I50.900,4,658.9277142857143,4604.2594285714285,3678.9151428571427,19130.60685714286,35
7784,I50.900,5,641.2893203883496,3119.8976699029126,2175.1968932038835,8900.358252427184,103
7785,I50.900,6,1234.6991803278688,4736.540655737705,3589.0560655737704,14535.02830601093,183
7786,I50.900,7,320.303125,1499.7984375,1698.009375,5677.9884375,32
7787,I50.900x0,1,494.65916666666664,1480.375,5590.909166666667,13247.843333333332,24
7788,I50.900x0,2,341.61199999999997,2315.2128,5408.63,12189.476800000002,25
7789,I50.900x0,3,440.3846666666667,3726.6458333333335,3107.4071666666664,10623.576666666666,60
7790,I50.900x0,4,2138.4390721649484,3916.51381443299,2739.602474226804,12975.533505154639,97
7791,I50.900x0,5,919.8990263157895,3381.3339736842104,2962.5557105263156,11896.53002631579,380
7792,I50.900x0,6,2082.094345307068,5331.661819235226,3673.548041714948,15529.049594438007,863
7793,I50.900x0,7,406.8865217391304,1710.0739130434781,2639.455652173913,8667.046086956521,23
7805,I50.907,2,432.0390476190476,2352.0642857142857,4044.300952380953,8756.676190476192,21
7806,I50.907,3,477.1768292682927,3413.267804878049,3306.7173170731708,11471.040609756099,82
7807,I50.907,4,1183.2493333333332,5530.077866666667,5819.3872,17137.090533333332,75
7808,I50.907,5,1231.3941714285716,4759.113142857143,3682.305542857143,14171.214742857142,175
7809,I50.907,6,1603.2531212484992,6371.9357743097235,4981.7454381752705,17939.487358943577,833
7813,I50.908,3,389.8460344827586,3501.1006896551726,3189.870172413793,11212.231034482758,58
7814,I50.908,4,1275.0879310344828,3528.967413793104,2701.7489655172412,10656.39,58
7815,I50.908,5,904.8,3602.615931034483,2658.4891034482757,11463.429379310344,145
7816,I50.908,6,1813.3524281150162,4118.3910862619805,2608.3565814696485,12275.345335463258,313
7817,I50.908,7,324.47777777777776,1375.14,1212.1264444444446,4672.132,45
7829,I51.402,6,452.26458333333335,5109.083333333333,3236.924166666667,13608.082499999999,24
7848,I60.000x0,6,43606.86068965517,11167.350517241379,15172.959655172413,108826.32999999999,58
7854,I60.101,5,27022.6112,8025.164000000001,6768.4464,58271.0056,25
7855,I60.101,6,44969.52304878049,11329.20475609756,14780.049268292683,96478.0562195122,82
7862,I60.200x0,6,45281.98714285714,10679.764,10947.669428571427,91586.7497142857,35
7866,I60.201,6,64864.41513761468,11510.381651376149,13364.710550458714,112391.23247706422,109
7871,I60.301,5,40133.17794871795,6205.840769230769,6443.621538461539,68182.81230769231,39
7872,I60.301,6,63238.670967741935,10413.421741935483,12250.783806451613,108665.22148387096,155
7897,I60.700x0,6,63006.640181818184,9149.314727272727,10374.481636363636,97043.13872727273,55
7915,I60.900,6,3038.08448275862,5994.974022988506,4913.846896551724,20454.46724137931,87
7920,I60.900x0,6,14251.2146875,6967.4078125,6715.4103125,39321.309375,32
7932,I61.004,3,4503.366831683168,8223.057722772277,7390.296633663366,35008.9804950495,101
7933,I61.004,4,4604.268243243243,7885.139594594594,7666.494594594595,36491.332972972974,74
7934,I61.004,5,4022.629248291572,6845.116241457858,6891.8547835990885,31221.011412300682,439
7935,I61.004,6,6750.476328767123,9230.646283105023,8886.784091324202,40667.50499543379,1095
7943,I61.006,5,2029.111951219512,6774.371951219512,5227.383414634146,23814.3643902439,41
7944,I61.006,6,4507.827659574468,6111.802127659575,6077.192978723405,28647.906808510637,47
7951,I61.100x0,3,1416.1583783783783,5046.557567567567,3618.998378378378,15055.612702702703,37
7952,I61.100x0,4,3588.3848484848486,6055.557575757575,6415.855151515151,25365.04393939394,33
7953,I61.100x0,5,3749.2472350230414,6429.709354838709,5869.5927188940095,26209.900783410136,217
7954,I61.100x0,6,6499.20895178197,8761.980817610063,8555.412389937106,38785.60557651991,477
7971,I61.300x0,5,1399.4977319587629,6900.927525773195,5783.348453608248,25378.07855670103,97
7972,I61.300x0,6,4000.745,9574.4449,9950.6878,39080.521,200
7985,I61.400x0,5,4978.174090909091,7052.519659090909,6670.06875,33616.932045454545,88
7986,I61.400x0,6,6373.452146892656,9124.218983050847,8300.260564971752,38244.046384180794,177
7991,I61.500x0,5,3332.5432352941175,6755.447647058823,6927.981470588235,28276.200588235293,34
7992,I61.500x0,6,5564.365857142857,8809.993571428573,9626.050142857142,36786.64457142857,70
7997,I61.600x0,5,3066.0816000000004,4243.834,2749.32,16061.3976,25
7998,I61.600x0,6,6486.18453125,10145.70265625,12181.02703125,47503.89484375,64
8003,I61.802,3,1927.2461764705881,8305.610294117647,8451.586176470588,33532.227058823526,34
8004,I61.802,4,2614.27225,7269.045,6910.0427500000005,29411.58175,40
8005,I61.802,5,1955.6351239669423,5933.148553719008,5067.5873966942145,22869.06285123967,242
8006,I61.802,6,4084.7408177570096,9379.63964953271,9236.759322429907,38618.80427570094,428
8013,I61.900,5,1530.5277272727274,5169.581818181819,4021.865,24733.62409090909,22
8014,I61.900,6,4054.7780434782603,9569.659565217391,8939.694347826087,37673.25304347826,46
8019,I61.900x0,6,7474.521428571429,7962.043809523809,8271.85476190476,40506.33714285714,21
8023,I61.902,3,2810.092121212121,6574.572727272727,8095.623333333334,30078.465454545454,33
8025,I61.902,5,2272.4124390243906,3334.228048780488,3118.493414634146,14795.93,41
8026,I61.902,6,3844.0412195121953,10843.91536585366,12004.779024390244,41929.071219512196,41
8039,I62.000x0,5,4642.071153846154,5872.392307692308,5224.551538461538,27413.047692307693,26
8040,I62.000x0,6,3617.3427722772276,5890.913267326732,4547.467425742574,22405.766336633664,101
8045,I62.001,5,7099.944333333334,5568.072666666666,4409.500666666666,26289.666,30
8046,I62.001,6,4732.250277777778,5820.819305555556,3902.329444444444,23209.8975,72
8057,I62.003,5,3264.259861111111,4775.113194444445,3669.95125,19417.29486111111,72
8058,I62.003,6,4284.210680851063,4452.388723404255,3280.013191489362,20092.069787234042,235
8090,I63.102,6,34838.57034482759,7362.475862068965,7282.58,70101.72689655173,29
8106,I63.201,5,14084.237755102042,3939.150612244898,3921.419387755102,27474.511020408165,49
8107,I63.201,6,10628.18698630137,5424.425684931507,5054.194726027397,29006.271575342467,146
8116,I63.203,6,9855.20690909091,5698.186727272728,5110.274909090909,28248.084545454545,55
8120,I63.204,5,23831.172142857144,4412.238571428572,4086.328571428571,40274.770000000004,28
8121,I63.204,6,28787.478368794327,8352.557730496454,8719.485460992908,61845.07014184398,141
8126,I63.205,6,32749.07523076923,11240.050923076924,10688.133076923077,74188.23815384616,65
8131,I63.206,6,8039.092631578947,7290.974736842105,6226.162105263158,35643.497631578946,38
8135,I63.207,5,956.0439130434781,4686.584782608696,4414.449130434783,13630.43,23
8136,I63.207,6,9046.578260869566,5463.681884057971,5003.198260869565,26783.606086956523,69
8139,I63.208,5,7611.186571428572,3852.084285714286,3313.286285714286,18821.758,35
8140,I63.208,6,9902.43613861386,5551.966435643564,5119.563465346534,28945.124653465344,101
8144,I63.300,5,5583.051874999999,4106.266874999999,4123.670625000001,18612.748874999997,160
8145,I63.300,6,6609.405441988951,6227.781132596685,5270.670662983425,25089.195138121548,362
8150,I63.400,5,24848.709199999998,5778.516,5975.3524,46311.1176,25
8151,I63.400,6,19191.341196581197,9099.660085470085,6965.091965811966,48780.262735042736,117
8157,I63.402,5,13368.695507246377,5343.162028985507,5076.153333333334,29998.49260869565,69
8158,I63.402,6,19437.89640552995,7946.1912442396315,6326.898709677419,43225.58350230414,217
8160,I63.500,4,5525.232127659575,4362.598085106382,5459.77914893617,20301.862127659573,47
8161,I63.500,5,2869.5713402061856,3941.5121649484536,4162.272268041237,15976.487010309278,97
8162,I63.500,6,6347.0397855227875,5900.248927613941,4445.8720107238605,22566.579517426275,373
8166,I63.500x0,5,641.4525,3738.14925,2960.043,10802.481,40
8167,I63.500x0,6,2720.7527570093457,6335.695046728972,4239.363411214953,18078.532850467287,214
8169,I63.501,3,771.3142424242424,3173.3212121212123,3089.2754545454545,11762.075757575758,33
8170,I63.501,4,4399.841538461538,3933.9394871794875,3347.088205128205,15817.747692307694,39
8171,I63.501,5,2622.2912653061226,4380.1913877551015,3720.8671836734693,15033.24906122449,245
8172,I63.501,6,5208.586359832636,5856.123026499303,5025.458382147838,22338.071673640166,717
8176,I63.502,4,8011.940357142857,5045.086428571429,5063.518214285715,23027.533214285715,28
8177,I63.502,5,5820.491450777201,4452.265492227979,4368.886787564767,19961.02170984456,193
8178,I63.502,6,15427.27556671449,6777.181047345768,5935.9264562410335,36890.30668579627,697
8185,I63.801,3,366.1159340659341,2451.354945054945,2406.5715384615387,7547.273516483517,91
8186,I63.801,4,554.8274,3618.9838,2674.2483,10527.206499999998,100
8187,I63.801,5,549.4180097087378,3505.238009708738,2145.2687378640776,9046.97922330097,206
8188,I63.801,6,709.2959479166667,4955.552020833334,2023.3349895833335,10396.026822916667,960
8189,I63.801,7,356.5144736842105,2066.4657894736843,1949.6747368421052,6978.249736842105,38
8191,I63.900,1,1256.6581250000002,1700.88375,4885.969375,14457.0484375,32
8192,I63.900,2,641.6873333333333,2285.0274999999997,4552.281333333333,13502.591666666667,60
8193,I63.900,3,1011.8735272727272,3564.894327272727,4305.189418181819,12500.802836363635,275
8194,I63.900,4,1703.6851724137932,5003.852931034483,6069.123620689656,20972.023448275864,174
8195,I63.900,5,1779.8943863179074,3805.8532595573442,4003.636398390342,14370.13985915493,497
8196,I63.900,6,2629.3689262114535,5408.816453744494,4564.747681718061,17864.31896475771,1816
8197,I63.900,7,382.48488095238093,1638.3654761904763,8918.871190476191,14898.27630952381,84
8204,I63.901,5,1223.6246153846155,5288.750897435898,4166.419743589743,16308.133846153845,78
8205,I63.901,6,1546.6502192982457,6784.939736842105,5777.098771929825,21902.16644736842,228
8209,I63.902,3,3367.78875,5736.966964285714,6590.3835714285715,22459.709642857142,56
8210,I63.902,4,4452.421612903226,8601.554193548387,13252.734838709677,42991.65645161291,31
8211,I63.902,5,1390.1118045112783,6382.5129323308265,5595.737744360902,21697.528120300754,133
8212,I63.902,6,7200.3252824858755,8370.735084745764,7209.163276836158,33703.87658192091,354
8216,I63.903,5,1422.9779166666667,6764.962500000001,6119.446666666667,24449.145,24
8217,I63.903,6,8109.642295081967,9026.714590163934,6870.475409836065,38686.641967213116,61
8221,I63.904,5,665.1268888888889,4061.675333333333,3135.7264444444445,11836.646444444445,45
8222,I63.904,6,4507.181021897811,5239.686642335766,3956.011532846715,20042.462262773723,137
8224,I63.905,2,2561.344054054054,2598.4135135135134,4519.35,12337.764324324326,37
8225,I63.905,3,441.2497777777778,4025.519222222222,3572.8363333333336,11240.475555555557,90
8226,I63.905,4,2258.7511864406774,4269.458983050848,5151.259661016949,17016.59440677966,59
8227,I63.905,5,2109.040652173913,4279.227010869566,3653.375978260869,14740.91125,184
8228,I63.905,6,1322.449667221298,5601.0102163061565,3934.4636938435942,16150.10286189684,601
8233,I63.906,5,2036.6487654320986,3708.7697530864193,3551.674691358025,13253.735679012347,81
8234,I63.906,6,2186.727086092715,5009.46,4832.4347019867555,18430.82013245033,151
8238,I63.907,5,747.7311111111112,4136.863703703704,3172.4425925925925,11539.214074074074,27
8239,I63.907,6,744.7392957746479,5222.425352112677,3879.8736619718316,14168.390704225352,71
8255,I65.001,5,21005.865918367344,3086.214285714286,2026.465306122449,30987.398775510206,49
8256,I65.001,6,17691.896861924684,3965.709916317992,1918.9402510460252,30303.884937238494,239
8260,I65.002,6,5255.843958333333,4832.943333333334,2223.8872916666664,18538.063541666666,48
8270,I65.102,6,9488.054166666667,4232.470833333334,1520.9883333333335,18417.446666666667,24
8276,I65.200x0,6,9157.347362637362,5472.844285714286,2897.936373626374,23620.77978021978,91
8278,I65.201,4,10371.336153846154,3328.9926923076923,2132.528846153846,19878.973846153847,26
8279,I65.201,5,17536.77641025641,3345.097435897436,1979.2889743589744,26682.991025641026,39
8280,I65.201,6,14586.134838709677,4798.847620967742,2015.6385080645161,28682.606411290322,248
8282,I65.202,6,8079.730869565217,4202.648695652174,1265.5395652173913,21097.982173913046,23
8286,I65.203,6,13121.360317460316,5135.36492063492,2519.011746031746,28400.850317460317,63
8297,I65.300x0,6,20366.75349206349,6667.4796825396825,2710.4547619047617,55918.485873015874,63
8306,I66.001,6,9600.81842105263,4123.544078947368,1810.203157894737,22917.480657894735,76
8311,I66.002,6,14394.757796610169,5856.559830508475,3241.31813559322,33046.40711864407,59
8321,I66.202,6,1184.5214705882354,3911.0299999999997,1163.715882352941,9330.350294117647,34
8342,I66.901,6,1248.8264102564103,3753.1394871794873,1860.251282051282,9404.567435897436,39
8347,I67.100,6,50336.80227272727,4076.1386363636366,2717.2072727272725,65826.49136363636,22
8350,I67.100x0,5,40843.8240625,3971.7359375,2497.7096875,53460.656875,32
8351,I67.100x0,6,46789.86819444445,4329.464777777778,2768.479722222222,89230.96638888889,360
8358,I67.103,6,50862.32017241379,4645.831379310345,3254.878103448276,71162.54689655172,58
8367,I67.107,6,70346.9418,4585.912,2887.0182,89829.3356,50
8371,I67.108,6,44433.94,6105.661351351351,4969.838378378379,75925.1022972973,74
8376,I67.110,6,52647.12086956522,3492.771739130435,2570.9545652173915,65716.29369565217,46
8380,I67.200,6,752.1564516129032,3844.0806451612902,2027.3680645161292,9663.666451612902,31
8400,I67.500,6,13575.688,9747.636571428573,7516.133428571428,50853.940285714285,35
8416,I67.800x0,3,315.8957142857143,2050.8821428571428,2927.367142857143,6564.856785714285,28
8417,I67.800x0,4,548.2061538461538,3162.479487179487,2827.7799999999997,7877.6858974358975,39
8418,I67.800x0,5,1050.9406976744185,3116.966279069767,1636.7951162790698,8114.383720930233,43
8419,I67.800x0,6,772.243680981595,4594.717116564418,1677.1661349693252,9648.364294478528,163
8425,I67.802,5,703.9946808510638,3730.5372340425533,1746.578085106383,8317.308085106382,47
8429,I67.803,3,469.221884057971,2574.74115942029,1996.6697101449274,7027.629275362318,69
8430,I67.803,4,1328.778556701031,3093.9463917525773,2012.1494845360826,8770.545463917526,97
8431,I67.803,5,644.998984375,2982.75,1173.875234375,6878.493515625,128
8432,I67.803,6,627.5147807933195,3569.051816283925,1527.7906471816284,7852.144759916492,479
8433,I67.803,7,322.4401851851852,955.3203703703704,1486.5403703703705,4643.613888888889,54
8454,I69.100x0,4,2264.396379310345,6509.8448275862065,14849.967758620689,63918.56051724138,58
8455,I69.100x0,5,1676.8485714285714,6396.805238095239,9239.516666666666,40245.60380952381,21
8456,I69.100x0,6,1171.4373076923077,6688.578461538462,8041.083461538462,43741.6458974359,78
8461,I69.300,3,364.0891304347826,3277.0495652173913,3295.443043478261,12336.50347826087,23
8462,I69.300,4,1560.055,8672.525,15069.780454545455,49779.65,44
8464,I69.300,6,719.1603225806452,4681.332150537634,3873.241075268817,19104.09053763441,93
8465,I69.300,7,607.1004166666667,805.9125,1967.3075000000001,10520.1575,24
8468,I69.300x0,4,1032.817391304348,5588.44347826087,13447.038695652174,54899.53043478261,23
8470,I69.300x0,6,1737.3359999999998,5467.030333333333,3330.2415555555554,19999.06011111111,90
8486,I70.101,6,19211.503913043478,5027.815,2352.469347826087,34359.95782608696,46
8492,I70.200x0,6,27398.231818181815,7007.902396694214,5200.637024793388,50855.7626446281,121
8502,I70.204,6,38748.99048484848,5903.186303030303,3234.8259393939397,59506.223878787874,165
8533,I71.000x0,5,2974.812058823529,3880.5694117647054,1294.2064705882353,10157.239411764705,34
8534,I71.000x0,6,49359.799625,14587.823874999998,12614.16221875,120384.7476875,320
8550,I71.007,6,47269.06,9358.64619047619,7998.15,90669.48714285714,21
8557,I71.201,6,57869.175833333335,16957.736666666668,13039.02875,133431.27708333332,24
8566,I71.300,6,86771.63476190476,15000.95,13906.624285714284,178136.6423809524,21
8569,I71.400,6,103216.19662337661,8890.047662337663,3724.686103896104,177479.542987013,77
8588,I72.000x0,6,49853.79795454545,3914.034090909091,2373.2220454545454,73751.20272727273,44
8595,I72.002,6,38945.961904761905,3678.621111111111,1919.0492063492065,50951.960952380956,63
8610,I72.300x0,6,63416.69045454545,9827.917727272727,4105.699545454546,119009.56136363637,22
8626,I72.800x0,6,5401.130869565218,4039.1704347826085,2379.35652173913,14976.528695652172,23
8662,I74.300x0,6,26013.567,4797.136666666667,3511.625333333333,40823.390666666666,30
8673,I74.301,6,21268.355,6333.621818181818,4334.922272727273,42292.862272727274,44
8676,I74.302,6,32748.682432432433,8938.595405405405,9108.341621621623,70823.20486486486,37
8694,I74.800x0,6,5761.668529411765,7826.388235294118,3597.569411764706,23935.368529411764,34
8710,I77.000x0,6,6781.393125,1947.100625,1086.980625,15118.8553125,32
8731,I77.102,6,10325.510124999999,3683.564,1633.793125,22246.868875,80
8750,I77.200,6,9411.274333333333,5942.774666666666,5273.822,30420.718,30
8754,I77.202,6,9236.076567164178,4937.573731343284,3621.6349253731346,27510.775820895524,67
8766,I77.800x0,6,58168.18794117647,9606.273529411765,4335.317647058823,93998.89647058824,34
8770,I77.900,2,562.776875,932.334375,2629.6328125,24780.604375,32
8790,I80.207,5,21891.598636363637,3723.2579545454546,3385.3947727272725,38517.11045454546,44
8791,I80.207,6,23192.53657587549,4931.821945525292,4193.038443579766,40862.95326848249,257
8807,I80.303,5,16085.097575757574,4185.325757575758,3272.7566666666667,31158.996666666666,33
8808,I80.303,6,14408.97144578313,4670.589518072289,3184.1153012048194,29776.73638554217,83
8833,I83.000,6,3396.799285714286,2394.782142857143,2208.2028571428573,14378.063214285716,28
8840,I83.001,5,1272.3383333333334,2041.2497222222223,1595.8158333333333,9533.988888888889,36
8841,I83.001,6,1306.75265625,2479.38953125,1362.01703125,10775.21578125,64
8849,I83.100x0,6,3499.7288073394498,2453.609633027523,1853.8429357798166,17340.53018348624,109
8854,I83.101,6,1754.0092405063292,2423.8598734177212,2015.8201265822786,12116.59,79
8861,I83.200,6,3121.342413793104,2818.6048275862067,1701.0310344827587,13498.146206896552,29
8871,I83.900x0,1,930.9573823529412,1471.179117647059,2602.9662352941177,17102.047147058824,340
8873,I83.900x0,3,1591.4624999999999,1750.4166666666667,1128.05875,8649.335416666667,24
8875,I83.900x0,5,1019.9566666666667,1634.5068627450983,928.3780392156863,8009.086078431373,51
8876,I83.900x0,6,5054.962085308057,2010.0201895734597,1539.7371800947867,14542.193246445497,422
8881,I83.903,2,1164.1882978723404,1534.9321276595745,1686.6023404255318,7640.408297872341,47
8882,I83.903,3,1329.3579411764706,1658.3040196078432,755.3345098039215,7080.884019607844,102
8883,I83.903,4,846.3392771084337,1711.4373493975902,855.3178313253013,8894.262048192772,83
8884,I83.903,5,1042.1525429553265,1783.5664948453607,686.8260137457045,7432.009243986254,291
8885,I83.903,6,2255.0757289527724,2019.7104928131416,1250.2903901437373,11022.067320328542,974
8886,I83.903,7,529.4586274509804,1432.870588235294,984.4888235294118,5703.13,51
8888,I83.904,6,2373.1165789473685,1513.6157894736843,1524.815,10086.557894736843,38
8900,I84.100,6,1109.1059615384615,1840.0115384615385,1434.521153846154,8734.793846153847,52
8901,I84.100,7,1326.9642857142858,1038.0761904761905,815.9114285714286,5709.43761904762,21
8904,I84.101,3,1081.7216666666666,1204.6714285714286,861.0888095238096,6110.845476190477,42
8905,I84.101,4,911.3084848484849,1251.618181818182,886.2372727272726,6539.186060606061,33
8906,I84.101,5,1121.2483018867924,1407.8237735849057,1330.9711320754718,7348.795660377358,106
8907,I84.101,6,1193.1215916955018,1987.5992387543254,1649.483010380623,9168.665501730104,289
8911,I84.102,4,986.0550495049505,853.769306930693,997.0572277227723,6442.878415841584,101
8912,I84.102,5,1307.2505050505051,1091.3572727272726,1335.849797979798,7265.872727272727,99
8913,I84.102,6,1433.6221794871794,1544.5962637362636,1808.3050183150183,8954.722490842492,546
8920,I84.200x0,3,491.0455,1087.0049999999999,1127.0217499999999,7232.889749999999,40
8922,I84.200x0,5,819.8480357142856,1606.9125000000001,971.7755357142858,6391.784464285714,56
8923,I84.200x0,6,910.3308294930875,2196.478986175115,1380.8605069124424,8582.079400921659,217
8925,I84.201,1,2090.0183673469387,705.6465306122449,2578.8571428571427,7099.176734693877,49
8926,I84.201,2,782.143007518797,1246.0082706766918,2397.2644360902254,6703.5842105263155,133
8927,I84.201,3,988.5864409448819,1153.202220472441,1171.599118110236,6610.111102362204,635
8928,I84.201,4,1034.715300859599,1085.1677077363897,1207.1100000000001,7168.130229226362,349
8929,I84.201,5,920.0553858267717,1315.9748897637796,1209.4804881889763,6878.650960629921,1270
8930,I84.201,6,1079.722776110444,1452.8089195678272,1946.3908703481393,9494.022797118847,3332
8931,I84.201,7,750.6547619047619,818.3990476190476,1233.1420952380952,5303.051238095238,105
8933,I84.300,3,788.1168000000001,910.564,1053.2976,5603.2964,25
8935,I84.300,5,859.1036,1088.7492,830.0884,5349.388000000001,25
8936,I84.300,6,749.7677142857143,1409.3457142857142,1156.7911428571429,6410.406,35
8951,I84.500x0,6,572.1650877192983,1226.4894736842105,1427.5138596491227,8162.361403508771,57
8961,I84.801,1,3524.312916666667,670.6166666666667,2615.9514583333334,8696.866875,48
8975,I86.101,1,491.14913043478265,57.25217391304348,473.1973913043479,14800.661304347826,23
8979,I86.101,5,903.8847222222222,1048.6691666666668,755.0908333333333,5889.421111111111,36
8980,I86.101,6,2282.1156862745097,1199.4757352941176,860.3185294117648,9702.487303921569,204
8994,I86.800x0,6,3513.7678260869566,6149.195652173913,3840.4973913043477,20923.377826086955,23
9002,I87.100x0,6,13480.181428571428,2118.690476190476,843.8685714285714,23013.42523809524,21
9021,I87.116,6,32598.912444444446,3110.956222222222,1821.5975555555556,45146.96088888889,45
9027,I87.201,6,9162.7903125,1086.9114583333333,1641.9873958333335,18703.975000000002,96
9053,I88.900x0,6,827.9708108108108,3040.004054054054,1093.075945945946,7543.1151351351355,37
9082,I97.805,6,5650.650897435898,2650.2110256410256,1068.8879487179488,16076.708076923076,78
9087,I97.806,6,6414.090235294118,1834.5274117647057,565.9996470588236,14455.77905882353,85
9088,I97.807,1,7470.891860465115,1013.566511627907,270.7509302325581,11176.053488372092,43
9092,I97.807,5,6280.475862068965,1780.8162068965516,592.4844827586206,12454.007413793104,58
9093,I97.807,6,7034.523468208093,1833.6461849710981,500.0785549132948,14339.705115606936,346
9107,J01.900,6,585.9799999999999,1253.4639130434782,1252.1504347826087,5579.906086956522,23
9130,J03.900,6,380.67454545454547,1423.8,619.405,3398.3054545454547,22
9137,J03.901,3,248.13428571428574,651.5937142857142,707.8628571428571,2366.9665714285716,35
9139,J03.901,5,368.62617647058823,698.6294117647059,855.3076470588235,2857.518529411765,34
9140,J03.901,6,319.8476811594203,1498.8985507246377,952.4617391304348,4053.568115942029,69
9146,J04.000,6,355.5752380952381,1469.0628571428572,1000.432380952381,4574.562857142858,21
9158,J04.200,6,276.805652173913,1294.6,711.1786956521739,3754.7347826086952,23
9165,J05.100,6,360.33916666666664,2004.9833333333333,1094.5216666666668,5287.542083333333,24
9177,J06.900,6,299.06155555555557,2086.4202222222225,1199.206222222222,6215.077333333333,45
9184,J10.000,6,311.21103448275863,2819.596551724138,1503.7189655172413,7007.313793103449,29
9189,J10.000x0,6,2096.6468493150687,5948.261232876713,5039.511575342466,20543.0301369863,146
9196,J10.100x0,1,362.9607692307692,941.4230769230769,1730.0507692307692,6702.5623076923075,26
9200,J10.100x0,6,363.1826315789474,2509.4092105263157,1095.3215789473684,5628.785263157894,38
9214,J12.000,6,299.8214814814815,1263.608148148148,965.192962962963,4021.3707407407405,27
9219,J12.100,6,405.71305555555557,2077.839479166667,1207.2928472222222,6711.015104166667,288
9223,J12.200,6,324.0889743589743,1990.8307692307692,1105.8633333333332,5830.421538461538,39
9226,J12.800,6,642.038761061947,3794.9560176991154,2817.805221238938,11134.583008849559,113
9231,J12.900,6,1583.2258000000002,9168.4084,7041.175200000001,25108.9356,50
9237,J13.x00,6,648.9011363636364,5549.862727272728,3481.6856818181823,14605.826818181818,44
9239,J13.x00x0,4,402.3457142857143,1946.545238095238,1290.772380952381,5387.138095238095,21
9240,J13.x00x0,5,417.2957777777778,3003.026666666667,1847.6460000000002,8650.239777777777,45
9241,J13.x00x0,6,449.0932110091743,2689.0538073394496,2061.880550458716,8198.873165137615,218
9245,J14.x00,4,370.28911764705884,1881.5082352941176,1845.300588235294,6006.399117647059,34
9246,J14.x00,5,386.12739130434784,2661.736956521739,1600.5243478260868,7041.779130434782,23
9247,J14.x00,6,494.69966867469884,3090.7206927710845,2106.984909638554,8854.637078313252,332
9250,J14.x00x0,6,320.81660377358486,1313.935849056604,1042.6262264150944,4980.498490566038,53
9256,J15.000x0,4,1338.5473170731707,8931.136585365854,5113.210243902439,26826.774634146343,41
9257,J15.000x0,5,1727.275945945946,6312.906486486487,5069.417567567568,21084.51243243243,74
9258,J15.000x0,6,2132.7325429553266,13088.029931271478,11933.83116838488,43134.49195876289,291
9268,J15.101,4,1136.0083544303798,7091.591518987341,5456.485316455696,26103.231392405065,79
9269,J15.101,5,1038.09984375,6306.61640625,8142.58765625,26572.555,64
9270,J15.101,6,1444.5399667774088,8505.503289036546,7376.285780730897,28036.39488372093,301
9274,J15.200,4,771.956,5392.566666666667,3079.575,15733.512666666667,30
9275,J15.200,5,677.8919444444444,2815.801111111111,2827.603611111111,10373.525000000001,36
9276,J15.200,6,982.9752742616034,6222.627594936709,4771.625274261603,18665.3905907173,237
9284,J15.500,5,966.9814285714286,6385.934285714286,5703.816666666667,19884.389047619046,21
9285,J15.500,6,1630.5034065934067,7988.215824175824,8873.01,30275.23681318681,91
9292,J15.600x0,3,515.6784848484848,1846.0557575757578,1730.4557575757576,8163.4918181818175,33
9293,J15.600x0,4,1116.4983636363636,6547.8490909090915,5943.450181818182,21743.975090909087,55
9294,J15.600x0,5,1387.421607142857,6657.278035714286,5492.350535714286,23135.47,56
9295,J15.600x0,6,1139.1822975206612,6361.67179338843,5399.080173553719,19229.770950413225,1210
9301,J15.602,6,965.9839130434783,7564.906956521739,5303.808695652174,21224.625652173912,23
9302,J15.700,1,548.123164556962,1031.503164556962,1993.5707911392406,8465.401265822784,316
9303,J15.700,2,267.7863461538461,757.0946153846154,1878.0069230769232,3993.262884615385,52
9304,J15.700,3,256.3734375,815.4428571428572,1048.3735714285715,4566.367499999999,224
9305,J15.700,4,347.1244117647059,1333.4252573529411,1880.893125,5225.402904411765,272
9306,J15.700,5,295.44741463414636,1333.9964390243904,1248.7745853658537,4876.464536585366,205
9307,J15.700,6,360.0158359844468,1903.6929020855425,1326.5521739130436,6111.954280664546,2829
9308,J15.700,7,273.4255,1084.075,1016.77325,3859.0885000000003,40
9312,J15.800,6,348.67224489795916,2215.1451020408163,1240.7473469387755,6706.844285714285,49
9315,J15.800x0,4,439.3478181818182,3570.243636363636,1827.7787272727273,8317.528363636364,55
9317,J15.800x0,6,424.7242636986301,2965.5404623287673,2077.221609589041,8121.474828767123,584
9318,J15.900,1,345.95637931034486,1633.9855172413793,3165.7820689655173,9111.463103448275,58
9319,J15.900,2,414.64681818181816,2404.943181818182,3247.719772727273,8307.70409090909,44
9320,J15.900,3,330.17144092219024,1859.624841498559,2515.0290201729104,7580.151642651297,347
9321,J15.900,4,736.4818007662835,4682.699846743295,5267.7673946360155,16552.919463601535,261
9322,J15.900,5,440.60442105263155,3515.572736842105,2259.8828684210525,9748.946473684211,380
9323,J15.900,6,560.378219022357,4493.57441834028,3077.2291474043195,11600.251485411141,2639
9324,J15.900,7,429.00506666666666,1855.6313333333335,2273.5305333333336,6797.525733333333,75
9328,J15.901,3,259.93954545454545,1082.459090909091,2168.003181818182,4461.460909090909,22
9331,J15.901,6,310.91570967741933,1040.8400322580644,804.8126774193548,3951.055225806452,310
9334,J15.902,2,295.3908108108108,2089.627027027027,2774.2654054054055,7128.192432432433,37
9335,J15.902,3,320.05362831858406,2284.735958702065,1701.4589675516224,6119.409233038348,339
9336,J15.902,4,388.0390717299578,2411.550421940928,1700.792194092827,6342.573502109704,237
9337,J15.902,5,381.3623327895595,2445.4545350734093,1639.8658401305058,6311.345334420881,613
9338,J15.902,6,382.49070901871806,3076.4315541690303,1794.5557912648894,7636.954271128759,1763
9339,J15.902,7,315.90778350515467,543.3876288659794,1012.1012886597938,3249.7699484536083,194
9342,J15.903,3,618.1802898550725,4495.488695652173,3793.4846376811593,12340.178840579709,69
9343,J15.903,4,839.6796363636363,4838.714727272727,3549.143454545455,13165.945636363636,55
9344,J15.903,5,909.9155430711611,4710.420187265918,4612.363782771535,14788.789737827716,267
9345,J15.903,6,820.6699848024316,6145.334072948328,4184.464316109423,16429.358814589665,658
9350,J16.000,6,432.6025806451613,4205.43935483871,2031.5570967741937,9373.65064516129,31
9351,J18.000,1,692.8000000000001,1290.475357142857,1715.059107142857,8937.281964285714,56
9352,J18.000,2,294.05773006134973,582.5785889570552,1334.4807975460124,3023.5852147239266,163
9353,J18.000,3,282.4231900452489,557.4331900452489,781.2333484162896,2831.4047285067873,442
9354,J18.000,4,324.6573195876289,1001.630412371134,973.3171134020618,3735.916597938144,194
9355,J18.000,5,280.18530997304583,672.845808625337,686.8674123989218,3005.320040431267,742
9356,J18.000,6,320.22763305322127,1224.1103711484595,903.9273179271709,4243.260658263305,1428
9357,J18.000,7,256.5109900990099,378.7821782178218,641.2762376237624,2041.34702970297,101
9359,J18.000x0,2,322.91051282051285,585.1899999999999,1365.401794871795,3200.153846153846,39
9360,J18.000x0,3,253.05035714285714,513.4571428571428,853.2675,3008.1035714285713,28
9361,J18.000x0,4,370.3222727272727,1041.6636363636362,1011.1459090909091,3977.150909090909,22
9362,J18.000x0,5,341.6947096774194,471.83154838709675,513.1833548387096,2861.5156774193547,155
9363,J18.000x0,6,307.89819852941173,1330.2936029411765,1110.7000367647058,4638.6867647058825,272
9365,J18.002,3,239.05,631.8181818181819,756.2847727272728,3935.368863636364,44
9369,J18.100,2,253.9708108108108,1246.681081081081,2507.2270270270274,5287.968108108108,37
9370,J18.100,3,271.43545454545455,916.1431818181819,1503.9443181818183,4919.268409090909,44
9372,J18.100,5,294.7272222222222,1066.1005555555557,1101.1116666666667,4379.686527777778,72
9373,J18.100,6,340.8248987854251,1352.1552226720648,1359.436923076923,5444.7308097166,247
9375,J18.200,1,307.8014285714286,2349.0380952380956,4702.961904761904,12107.36619047619,21
9377,J18.200,3,605.6850000000001,5153.9725,6504.227083333334,19136.399166666666,24
9388,J18.800x0,5,1189.5100000000002,6073.380526315789,4747.647368421053,25182.18763157895,38
9389,J18.800x0,6,705.7876470588235,5792.297058823529,4901.073676470588,15849.216985294119,136
9397,J18.900,1,369.6183333333333,1003.1833333333333,1756.4379999999999,6825.113666666667,30
9398,J18.900,2,321.0224096385542,817.0732530120482,2450.279036144578,4750.5765060240965,83
9399,J18.900,3,413.7471111111111,2129.595481481482,2809.3424444444445,9175.439925925924,135
9400,J18.900,4,334.7962275449102,1831.9388023952097,1691.7884431137722,5386.341077844311,167
9401,J18.900,5,410.14716157205237,2540.7493013100434,2129.9329694323146,7611.762314410481,229
9402,J18.900,6,515.4445990180033,3371.24124386252,1989.2145826513913,9235.26039279869,611
9403,J18.900,7,363.8988679245283,1177.0622641509435,4469.956603773585,8081.376226415095,53
9407,J18.903,1,558.5478947368421,3227.0484210526315,7569.5244736842105,16311.630263157893,38
9408,J18.903,2,536.2408974358974,3294.62641025641,6390.495641025642,17766.12128205128,78
9409,J18.903,3,1117.0864113785558,6266.346805251642,7545.467352297594,23026.269256017506,457
9410,J18.903,4,1580.3005802047783,7403.635699658702,12060.417167235495,31540.424027303754,293
9411,J18.903,5,1212.1235766423358,6236.747343065693,5620.378248175182,21669.657153284672,685
9412,J18.903,6,1243.9182099721277,6698.629798699288,5566.921300712294,20938.461148962528,3229
9413,J18.903,7,369.489756097561,1746.0880487804877,3903.66,9344.101829268293,82
9418,J20.000,5,277.04761904761904,650.8404761904761,734.1947619047619,2593.063809523809,21
9419,J20.000,6,257.60146341463417,1718.208780487805,787.2990243902439,4385.266829268293,41
9434,J20.900,1,362.14838709677423,1095.2677419354839,1405.0816129032257,6228.923548387097,31
9436,J20.900,3,286.47069105691054,843.5106097560976,838.0079674796748,2927.4998780487804,246
9437,J20.900,4,263.2603571428571,1374.8700000000001,1402.2317857142857,4089.006785714286,28
9438,J20.900,5,304.71760273972603,1162.8113698630136,719.8543835616439,3317.4397260273972,146
9439,J20.900,6,300.54605263157896,1543.936165413534,1001.8620300751879,4274.8616541353385,266
9440,J20.900,7,256.9886666666667,502.9316666666666,780.2951666666667,2566.8664999999996,60
9443,J20.900x0,3,304.5951851851852,2582.6111111111113,2238.2537037037036,7844.4170370370375,27
9444,J20.900x0,4,469.2285714285714,2273.404761904762,1803.8700000000001,6826.2242857142855,21
9446,J20.900x0,6,445.39500000000004,4243.048653846154,2428.2246153846154,10599.227884615384,52
9467,J21.901,5,300.87206896551726,570.5672413793104,556.0296551724139,2660.601379310345,29
9468,J21.901,6,290.26163636363634,1433.0041818181817,742.4914545454545,3995.5305454545455,55
9478,J30.400,6,2384.063870967742,1324.4387096774194,1115.448064516129,10501.239677419355,31
9481,J30.400x0,6,2253.3591666666666,1590.5477777777778,1078.2711111111112,10267.4475,36
9486,J31.000,6,1812.880576923077,1539.4221153846154,962.6274999999999,7017.474807692308,52
9490,J31.000x0,6,1573.2509523809522,1686.7885714285712,806.8002380952381,6706.226666666667,42
9491,J31.001,1,1167.2210714285713,634.717857142857,1381.1425,5494.993928571429,28
9496,J31.001,6,1315.6896875,1825.359375,724.8771875,7178.1578125,32
9513,J32.000,5,1177.087857142857,1321.2339285714286,1053.7007142857142,8194.733928571428,28
9514,J32.000,6,1158.8560273972603,1535.6119178082192,999.5604109589042,10123.959726027399,73
9519,J32.000x0,5,779.0528571428572,1279.4071428571428,734.917619047619,7205.972857142857,21
9520,J32.000x0,6,1672.2442222222223,1707.8555555555556,1335.1215555555557,10722.764666666668,45
9542,J32.400,6,3075.7755555555555,1960.3079166666669,1132.302777777778,15192.042916666667,72
9548,J32.400x0,5,1104.6348,1191.766,1025.1228,8491.0908,25
9549,J32.400x0,6,2111.433606557377,2014.613524590164,1361.4832786885245,13065.286557377049,122
9557,J32.800x0,5,1039.748,1358.285,942.902,8230.38275,40
9558,J32.800x0,6,2067.667290640394,1860.9855665024631,1233.3384236453203,12024.545172413793,203
9561,J32.801,4,550.9721739130435,1194.291304347826,1048.5156521739132,6924.974782608695,23
9562,J32.801,5,1108.7411475409838,1408.0872131147541,979.296393442623,8392.915409836067,61
9563,J32.801,6,1776.831443298969,1845.0545360824742,1315.9321649484536,11355.029278350516,194
9567,J32.803,2,1041.9345454545455,1275.9863636363636,2205.0186363636367,7511.246818181818,22
9568,J32.803,3,695.1366666666667,1675.047619047619,1847.5395238095239,9457.068095238095,21
9570,J32.803,5,1074.7093827160495,1416.310987654321,959.2082716049382,8029.502839506173,81
9571,J32.803,6,1398.3997050147493,1750.52604719764,1128.1801769911506,10958.796076696166,339
9572,J32.900,1,1423.2388524590165,1324.2139344262296,3160.875,10010.926147540984,122
9573,J32.900,2,992.6286363636365,1086.9595454545454,1487.2820454545454,7455.534090909091,44
9574,J32.900,3,834.0346846846847,1341.779189189189,1327.8106306306306,8082.508738738738,111
9575,J32.900,4,2100.305487804878,1564.4443902439025,1624.6389024390246,11799.556585365854,82
9576,J32.900,5,929.2504464285714,1429.6089732142857,1049.1732589285714,8053.601116071428,224
9577,J32.900,6,1606.7856335877864,1725.2624427480914,1343.0205954198473,10765.188,655
9578,J32.900,7,656.667741935484,966.6064516129032,1594.8858064516128,7031.665161290322,31
9583,J32.900x0,6,1071.9301886792452,1853.4524528301886,1395.2958490566036,9983.870943396227,53
9593,J33.000,6,1772.9285714285713,2083.1114285714284,1042.6423809523808,9941.039523809523,21
9609,J33.900,6,1821.1520833333334,1860.2597222222223,1598.5143055555554,12172.85138888889,72
9619,J34.100x0,6,995.4128571428572,1502.83375,749.2948214285715,5981.661071428572,56
9628,J34.104,6,1226.6238235294118,1834.9675,1097.7410294117647,10254.83205882353,68
9637,J34.200,1,1244.609393939394,644.1090909090909,1974.7718181818182,6356.36303030303,33
9639,J34.200,3,683.5701492537313,1084.598656716418,888.3044776119403,5531.1961194029855,67
9640,J34.200,4,1441.6204255319149,1202.263829787234,1143.4706382978725,8670.621276595744,47
9641,J34.200,5,932.06625,1233.2045588235294,789.67375,5964.257794117648,136
9642,J34.200,6,1458.942174796748,1602.9879268292684,1033.779369918699,7792.249390243903,492
9648,J34.300,6,1922.6589655172413,1423.9668965517242,760.878275862069,6477.134827586207,29
9663,J34.810,6,705.7965,1626.3987499999998,393.5665,5733.266750000001,40
9670,J35.000,3,1575.3154054054053,1282.2297297297298,1022.5370270270271,6867.7699999999995,37
9671,J35.000,4,877.0822916666666,1523.29,1438.7460416666665,8383.13875,48
9672,J35.000,5,1476.9785294117646,1225.5863725490196,982.3082352941177,6483.570784313725,102
9673,J35.000,6,2168.890931558936,1634.4869771863118,1081.3689543726234,8486.599106463878,526
9679,J35.100,6,1716.048,1644.1417777777779,1003.0757777777777,7586.856666666667,45
9681,J35.200,1,2162.144166666667,1114.8277777777778,1700.475,7315.793611111111,36
9684,J35.200,4,1589.3611428571428,1374.1771428571428,1059.3542857142857,10051.162857142857,35
9685,J35.200,5,1622.463695652174,1072.856956521739,595.9215217391304,5856.254782608695,46
9686,J35.200,6,1808.9023540489643,1469.3866290018834,612.6712806026366,6940.911713747646,531
9691,J35.300,4,513.8932258064516,1735.5677419354838,750.6964516129033,9237.62064516129,31
9692,J35.300,5,1905.181304347826,1499.8706521739132,582.2765217391304,7214.392173913043,46
9693,J35.300,6,1966.0988185654007,1884.6869831223628,810.6690928270043,8816.539746835442,474
9705,J35.901,6,2027.2125,1881.184375,935.8596875,7790.6384375,32
9710,J36.x00,6,437.7336363636364,1839.7515151515152,978.4833333333333,5125.802424242424,33
9728,J38.102,3,643.0413513513513,1065.861891891892,954.8502702702702,5707.033783783784,37
9729,J38.102,4,640.3651111111111,1272.671111111111,1056.7866666666666,7064.724444444444,45
9730,J38.102,5,456.01506072874497,1301.8682591093118,739.3246558704453,5826.803765182186,247
9731,J38.102,6,604.631971830986,1467.4754460093898,818.5493896713615,6702.242178403756,1065
9743,J38.301,6,593.6368571428571,1644.0525714285714,880.2234285714286,7912.960571428572,35
9746,J38.304,6,770.5175,1341.7396428571428,721.2650000000001,6577.6392857142855,28
9751,J38.308,5,573.9009523809524,1220.1738095238095,1115.8757142857144,6174.318095238095,21
9752,J38.308,6,697.1397701149426,1618.8467816091957,805.8693103448277,6981.3405747126435,87
9767,J38.601,6,793.3688888888888,2293.8807407407407,1362.388888888889,8194.866666666667,27
9781,J38.708,6,1297.3939285714284,1940.4403571428572,723.8553571428572,7693.696785714286,28
9786,J38.715,1,978.1244,569.784,1307.222,4828.3004,25
9788,J38.715,3,463.8448648648648,1485.3972972972972,876.9886486486487,5581.745675675676,37
9789,J38.715,4,848.4792592592593,1342.237037037037,1250.3044444444445,8028.437037037037,27
9790,J38.715,5,793.7326063829788,1298.456170212766,780.9581914893618,6020.199680851064,188
9791,J38.715,6,1302.397245283019,1566.900075471698,937.6032075471699,7277.939849056604,530
9808,J39.200x0,6,993.0934782608696,2119.967391304348,748.8352173913044,6904.289565217391,23
9812,J39.203,6,1432.7052380952382,2098.807142857143,840.9971428571428,7972.649523809525,21
9821,J39.215,6,1049.728787878788,1422.1490909090908,797.7624242424242,6703.683636363637,33
9822,J39.219,1,1361.6412,1572.7480000000003,3561.6196,8957.0868,25
9827,J39.219,6,1038.5865625,1937.9328125,906.75390625,7218.34265625,64
9863,J42.x00,7,515.100303030303,666.0039393939394,1651.4960606060606,4041.769090909091,33
9866,J42.x00x0,3,378.5365957446809,2424.0710638297874,2199.5368085106384,6869.048936170212,47
9867,J42.x00x0,4,405.2551612903226,3009.264516129032,2074.535806451613,8772.30870967742,31
9868,J42.x00x0,5,363.2176595744681,2736.464680851064,1588.5767021276595,7355.871595744681,94
9869,J42.x00x0,6,380.743220338983,4130.159661016949,2296.869152542373,9673.533898305084,59
9870,J42.x00x0,7,289.6485294117647,495.3352941176471,693.1569117647059,3029.8377941176473,68
9880,J43.901,5,11039.510384615385,3337.8653846153848,2764.7934615384615,26821.045384615387,26
9881,J43.901,6,13647.457261146497,3525.4094267515925,2706.4712101910827,29142.120955414015,157
9885,J43.902,5,11220.321904761906,2274.6390476190477,2045.6038095238096,23506.958095238097,21
9886,J43.902,6,13744.75380952381,3250.5589285714286,2359.4208333333336,29236.317023809523,84
9891,J44.000,1,349.23415384615384,1762.3656923076924,4506.635384615384,8868.79876923077,65
9892,J44.000,2,378.44183035714286,2714.0908035714283,4365.925446428571,9755.079464285713,224
9893,J44.000,3,431.75149206349204,3256.6634603174607,3883.2277671957672,11389.569153439154,945
9894,J44.000,4,519.7709936908517,3913.1774132492114,3586.216277602524,11393.212413249212,634
9895,J44.000,5,570.6119846091535,3664.7958080194408,3026.0671729445116,11512.873981368975,2469
9896,J44.000,6,556.7718961826614,4705.531764181234,3461.594266856939,12827.704056368177,5606
9897,J44.000,7,403.1268934911243,1959.3570118343196,3524.1670118343195,8178.820029585799,338
9900,J44.000x0,4,622.2206896551725,3007.3555172413794,2849.551379310345,10051.217586206896,29
9901,J44.000x0,5,620.5375,5053.237368421052,2718.4563157894736,12493.165394736843,76
9902,J44.000x0,6,908.2688135593221,5876.622033898305,3226.0333898305084,16315.607288135592,59
9903,J44.100,1,420.1102040816327,980.6705102040817,3696.4236734693877,8880.924081632653,98
9904,J44.100,2,398.07,2301.43088,4091.3396000000002,9429.9952,125
9905,J44.100,3,392.98809986130374,2740.6763661581135,3199.3669902912625,9310.448404993065,721
9906,J44.100,4,492.41499999999996,3241.696762589928,3478.938489208633,11011.72762589928,278
9907,J44.100,5,473.90459621993125,3359.503445017182,2659.086649484536,10099.398951890034,1164
9908,J44.100,6,573.4500356052899,4102.155452695829,2920.7750406917603,11932.319348931842,1966
9909,J44.100,7,329.3454738878143,962.8393810444875,1511.9744100580272,4721.786150870406,517
9912,J44.100x0,4,353.5640909090909,2783.5954545454547,2685.77,8016.199545454546,22
9913,J44.100x0,5,377.4732,3117.8736,1775.9258000000002,7649.873199999999,50
9915,J44.100x0,7,609.9283333333334,603.0416666666666,2657.7466666666664,4632.6125,24
9934,J44.807,5,344.33827586206894,4309.327586206897,3408.266896551724,12110.89275862069,29
9942,J44.900,6,1475.87859375,4727.63875,3437.1553125,16599.3146875,64
9964,J45.900x0,2,389.01354838709676,724.8290322580646,2044.745806451613,4378.003548387096,31
9967,J45.900x0,5,410.4730952380952,3309.8671428571433,2312.920476190476,9527.60380952381,42
9968,J45.900x0,6,400.9822807017544,3259.698859649123,2181.0133333333333,8426.299912280701,114
9980,J46.x00x0,6,382.20973684210526,3768.2607894736843,1990.018947368421,9106.478421052632,38
9986,J46.x01,6,1757.5924,5211.4684,3230.9024,13748.4256,25
10001,J47.x01,5,2333.9245161290323,3130.8225806451615,2913.0967741935483,12285.116451612903,31
10002,J47.x01,6,4182.0253896103895,4120.546688311688,2935.021883116883,15931.14909090909,154
10007,J47.x03,3,370.9765625,2715.0471875,3301.8421875,9730.59875,32
10008,J47.x03,4,369.69625,2929.46525,2504.8022499999997,8465.492,40
10009,J47.x03,5,614.4988709677419,2926.767177419355,2374.266370967742,8629.093387096775,124
10010,J47.x03,6,968.9816666666667,4557.9979569892475,2593.2653494623655,11948.18817204301,372
10022,J62.800x0,6,850.5957446808511,3814.925106382979,6767.583191489362,19151.377021276596,47
10047,J69.001,6,2015.9339285714286,9719.763392857143,8966.830714285714,34471.13267857143,56
10052,J70.001,6,587.5631818181818,4423.857272727273,4083.7995454545453,13113.796363636364,22
10061,J80.x00x0,6,3378.816153846154,11983.085128205128,11109.955128205129,40959.680256410255,39
10088,J84.101,6,3761.9198333333334,10003.227833333332,16313.580166666668,42839.70375,120
10091,J84.102,6,13787.650555555556,5490.024111111111,2464.1233333333334,31836.75311111111,90
10094,J84.104,6,3720.028095238095,8526.840476190477,4879.428571428572,32569.073333333334,21
10096,J84.108,6,8346.823199999999,5737.416800000001,2077.8644,22264.822999999997,50
10109,J84.900,6,772.2289285714286,6698.188571428572,2715.035714285714,15235.488928571429,28
10115,J84.900x0,6,791.4041666666667,6412.474166666667,3162.061166666667,15514.855666666666,60
10122,J85.100,5,618.1106666666667,4737.763866666666,3824.6365333333333,13906.310933333334,75
10123,J85.100,6,2351.8121991701246,5824.069875518672,4462.979045643154,17348.09398340249,241
10163,J86.902,6,1807.333409090909,6909.250340909091,5804.216590909091,22501.03102272727,88
10172,J90.x00x0,6,726.8866666666667,5330.946666666667,2139.3142857142857,12303.247619047619,21
10180,J93.001,3,776.668064516129,2018.8916129032257,1579.255806451613,7291.174838709677,31
10182,J93.001,5,2206.2320634920634,2557.978253968254,1528.7426984126982,10299.976507936508,126
10183,J93.001,6,3397.0814436619717,2673.3101760563377,2036.1506690140845,12882.295633802816,284
10202,J93.900,5,904.1767857142858,1951.6139285714287,1457.7314285714288,7625.333214285715,28
10203,J93.900,6,2711.278630136986,3302.8368493150683,1895.5752054794518,13232.67287671233,73
10218,J94.801,5,484.93,2191.0392857142856,1841.4460714285713,7652.901428571428,28
10219,J94.801,6,2082.206507936508,3595.190317460317,2101.687619047619,12457.61873015873,63
10228,J94.804,3,469.36264150943396,2747.3283018867924,1980.966603773585,7322.655094339623,53
10229,J94.804,4,646.4245714285714,3758.3154285714286,2475.483142857143,10186.623714285715,35
10230,J94.804,5,498.2962068965517,2967.8178620689655,1383.875724137931,7513.938620689656,145
10231,J94.804,6,741.5625320512821,4692.840544871795,2115.0965705128206,11017.513782051281,312
10257,J96.000,5,1334.6451515151516,6366.02,4391.977575757576,18589.17121212121,33
10258,J96.000,6,3632.618775510204,14635.683469387755,12121.711224489796,45062.14265306123,98
10263,J96.000x0,5,1018.8148837209302,7407.032558139534,5016.633023255814,21804.317209302328,43
10264,J96.000x0,6,771.1891228070175,5540.571140350877,4262.243245614035,15748.523596491228,114
10270,J96.100,5,410.3888636363636,3021.284090909091,2891.174090909091,10656.525,44
10271,J96.100,6,572.175925925926,5402.075925925926,3944.2766666666666,14905.803333333333,54
10274,J96.100x0,3,444.1971428571428,3490.8666666666663,2118.657142857143,11706.651904761904,21
10276,J96.100x0,5,592.5861744966443,4063.298657718121,2974.5691275167783,12485.68966442953,149
10277,J96.100x0,6,849.6967808219177,5571.187568493151,4371.146232876712,16654.457636986303,292
10281,J96.900,3,545.9576923076922,3658.9190384615385,3456.0511538461537,13192.988846153847,52
10282,J96.900,4,1286.270909090909,5885.081363636364,5496.590454545455,20745.035454545457,22
10283,J96.900,5,763.6654054054054,4312.72972972973,4348.9527027027025,15789.397297297295,37
10284,J96.900,6,1429.1283333333333,7168.822916666667,5117.667976190476,22359.54142857143,168
10285,J96.900,7,455.372,2707.451666666667,4600.841333333333,12530.114666666666,30
10287,J96.900x0,2,469.982962962963,2858.525925925926,3722.1522222222225,11266.970925925925,54
10288,J96.900x0,3,573.9645555555555,4383.655703703704,4070.975,13130.605037037036,270
10289,J96.900x0,4,569.8443137254901,4343.339869281046,3144.1914379084965,12654.020392156863,153
10290,J96.900x0,5,756.4069146608316,4499.284507658644,3648.9940043763677,14782.890656455143,457
10291,J96.900x0,6,777.5859909909909,5877.114018018017,4338.54827027027,16670.870045045045,1110
10292,J96.900x0,7,528.4045714285714,1966.1051428571427,3490.1077142857143,10719.163142857144,35
10296,J98.005,6,4148.7488,4705.5032,3444.9164,18260.9964,25
10306,J98.101,6,720.5737704918033,5917.15737704918,1737.2816393442624,11701.110983606557,61
10316,J98.400x0,5,2015.092191780822,3123.904657534247,2177.575068493151,11008.92205479452,73
10317,J98.400x0,6,9715.276789667898,5889.105793357933,3986.6349077490777,27742.718007380074,271
10321,J98.402,6,17318.8693877551,5856.146326530612,2413.70612244898,37929.56775510204,49
10328,J98.405,6,16901.277719298247,5813.1962280701755,2587.9912280701756,35567.525219298244,228
10333,J98.410,6,6189.084814814815,7408.732962962963,2958.242962962963,21770.592962962965,27
10334,J98.414,1,327.77148936170215,1442.5982978723403,3812.4619148936167,9128.053191489362,47
10335,J98.414,2,323.2966666666667,1785.7425641025643,2701.5466666666666,6904.655384615385,39
10336,J98.414,3,458.2733904109589,2204.335102739726,2719.5494520547945,8409.262979452054,292
10337,J98.414,4,544.7400909090909,3616.790090909091,3262.7792727272727,11080.068363636365,110
10338,J98.414,5,425.1786943620178,2961.9759050445105,2141.7124925816024,8453.792195845697,337
10339,J98.414,6,614.6568054110301,4669.305879292404,2952.2878459937565,12448.79129032258,961
10340,J98.414,7,321.61498316498313,664.5700336700336,1562.6519528619529,3899.829292929293,297
10343,J98.417,6,5784.385909090909,5378.921818181818,2240.3172727272727,24356.83909090909,22
10349,J98.505,6,4736.561000000001,4122.031571428572,2275.731,22211.314,70
10353,J98.507,6,3095.039166666667,5046.27625,1806.9045833333332,18028.646666666667,48
10357,J98.800x0,6,4092.8110714285713,4479.420357142857,1794.784642857143,15931.385714285714,28
10380,K04.801,6,704.6365384615384,2232.8965384615385,848.1380769230769,9062.348846153847,26
10395,K06.803,6,1044.5923076923077,1976.0361538461539,977.5830769230769,8925.761538461538,26
10407,K07.008,6,773.8928571428571,587.5380952380953,1368.904761904762,19204.26142857143,21
10409,K07.100x0,6,20614.458846153848,13194.28,1253.468846153846,68852.82346153846,26
10419,K07.600,6,11567.931041666665,9248.791666666666,757.2002083333333,32095.294166666663,48
10439,K09.004,6,917.22,1658.3217142857143,973.7111428571428,8497.554857142857,35
10447,K09.204,6,946.3536551724138,1730.472551724138,1280.639103448276,10073.576413793104,145
10451,K09.205,6,1061.1842682926829,1799.1378658536585,1303.4248780487806,10574.88256097561,164
10473,K10.202,6,2540.886046511628,3014.5899999999997,2103.6167441860466,16808.31023255814,43
10503,K11.205,6,1228.857741935484,2460.2845161290325,1164.0945161290322,8840.179677419355,31
10521,K11.601,6,1735.6990476190476,2257.014285714286,952.2771428571428,9094.999047619049,21
10525,K11.603,6,803.2093877551021,1583.9095918367345,992.1265306122449,6894.205714285715,49
10543,K11.901,6,1551.5015625,2606.2353125,1092.56,9107.05625,32
10562,K12.202,6,991.6185714285714,3986.5204761904765,3333.1752380952375,13700.404761904761,21
10578,K12.217,6,1364.7226785714286,4038.628035714286,3337.1064285714283,15419.091964285715,56
10643,K21.001,5,387.8544,2670.656,1404.9772,6569.0884,25
10644,K21.001,6,731.8994047619047,3662.088214285714,1124.3266666666666,7964.800357142857,84
10653,K21.900x0,6,741.6471264367816,3370.180574712644,1012.6224137931034,6895.612298850575,87
10657,K22.000x0,6,3899.576666666667,3521.7141666666666,3083.4175,17416.238333333335,36
10662,K22.100,6,721.7161538461538,4642.908076923077,3211.415,11766.209615384616,26
10680,K22.205,6,2670.168787878788,2674.6440404040404,1811.0559595959596,10119.451818181818,99
10696,K22.600x0,6,931.0573333333334,3397.1659999999997,1717.2816666666665,8939.748666666668,30
10711,K22.800x0,6,1360.3847297297298,2395.4186486486487,841.5175675675677,7211.234864864865,74
10726,K22.807,6,988.9507142857143,2468.2321428571427,1952.7642857142857,8425.847857142857,28
10740,K22.901,6,2112.9066666666668,3828.9118518518517,1872.434074074074,11737.80925925926,27
10745,K25.000,5,2772.2424137931034,4911.941724137931,3980.4589655172417,19255.975862068964,29
10746,K25.000,6,1122.244745762712,5831.701355932203,3480.011949152542,15956.340762711865,118
10758,K25.100x0,5,3228.381395348837,6225.06,7742.660930232558,26678.36,43
10759,K25.100x0,6,2452.7423529411767,6062.057254901961,5205.11,22849.268039215684,51
10765,K25.200x0,6,4762.520909090908,8816.815,7481.955000000001,32539.425909090907,22
10778,K25.400x0,3,459.1359259259259,4422.348148148148,3452.2792592592596,12381.080740740741,27
10779,K25.400x0,4,1757.4576315789473,4273.416052631579,5086.00447368421,17862.40842105263,38
10780,K25.400x0,5,676.8900000000001,3413.303369565217,2260.4621195652176,10413.088097826087,184
10781,K25.400x0,6,1514.482362030905,4695.994017660044,3105.226799116998,14385.209690949228,453
10792,K25.500x0,5,2276.5521276595746,5526.703829787234,4770.513829787234,21439.756170212768,47
10793,K25.500x0,6,3220.2652459016394,6112.28344262295,6032.489672131147,26017.31786885246,61
10807,K25.900x0,3,408.40173913043475,2584.5660869565218,1748.0065217391304,7006.2808695652175,23
10809,K25.900x0,5,390.63521126760565,2797.091408450704,1282.89338028169,6402.704788732394,71
10810,K25.900x0,6,822.6346376811595,3876.361231884058,1444.5723913043478,8622.289347826087,138
10823,K26.000,6,1908.6666,4264.7938,3473.1247999999996,15619.108600000001,50
10827,K26.000x0,6,3428.3267857142855,6295.773571428572,3694.2175,22346.64607142857,28
10831,K26.001,6,1663.6933333333334,5069.419833333333,3461.8341666666665,15283.143666666667,60
10850,K26.400x0,5,958.0477419354838,3159.3216129032257,1850.5674193548389,9262.877096774193,31
10851,K26.400x0,6,2640.161052631579,5257.795087719298,3866.4812280701753,16835.568245614035,57
10854,K26.401,4,1212.03,3638.435454545455,3460.6809090909087,13154.798181818182,22
10855,K26.401,5,1316.763181818182,3734.2440909090906,2694.7684090909092,13476.10590909091,44
10856,K26.401,6,2028.4248858447488,5108.80310502283,3733.983561643836,19351.775342465753,219
10865,K26.500x0,6,4812.75909090909,7882.250454545455,5984.106818181818,28689.279545454545,22
10871,K26.501,6,3539.478148148148,5977.647407407408,6336.2,24855.40037037037,27
10882,K26.900x0,5,429.78137931034485,2518.6658620689655,1400.5175862068966,6312.948965517241,29
10883,K26.900x0,6,615.3625974025974,3169.4576623376624,1343.9596103896104,7070.750909090909,77
10896,K27.400x0,5,493.46160000000003,4241.74,2668.3976000000002,11638.600400000001,25
10897,K27.400x0,6,609.8616521739131,4025.914695652174,2960.8358260869563,11606.819217391305,115
10914,K27.504,6,697.957037037037,4817.725925925926,3444.077037037037,13972.246296296296,27
10924,K27.901,6,391.3016666666666,3117.06,1513.239,7436.1089999999995,30
10956,K29.100x0,6,283.32236842105266,2545.8526315789472,1334.7542105263158,5620.607894736842,38
10963,K29.300,1,365.7808695652174,1778.895652173913,537.405652173913,3644.577826086956,23
10966,K29.300,5,291.3168181818182,1867.3727272727272,638.2772727272727,4047.3540909090907,22
10967,K29.300,6,511.682947368421,3430.136736842105,905.6342105263158,6974.027263157895,95
10973,K29.400,3,388.4248148148148,1371.2555555555557,868.4844444444444,3940.527777777778,27
10974,K29.400,4,374.67047619047617,3003.672380952381,1601.9757142857143,6914.09619047619,21
10975,K29.400,5,285.6381818181818,2543.498181818182,1080.6818181818182,5325.3381818181815,22
10976,K29.400,6,376.73547368421055,3593.703578947369,1104.604,6892.865052631579,95
10982,K29.500,3,411.2159375,1805.3359375,926.72484375,4918.61015625,64
10984,K29.500,5,348.01184210526316,2408.5403947368422,901.1761842105263,5289.038157894737,76
10985,K29.500,6,536.5897959183674,3131.552244897959,948.8227891156463,6410.47462585034,147
10986,K29.500,7,374.48,968.2785714285714,1160.2910714285715,3939.5696428571428,28
10995,K29.603,1,1463.9645833333334,704.8858333333333,2810.1608333333334,6620.82,24
10997,K29.603,3,626.3311428571428,1657.6962857142858,853.0062857142857,4829.002,35
10998,K29.603,4,475.7557142857143,2217.4714285714285,1295.2871428571427,5197.608095238095,21
10999,K29.603,5,386.87071428571426,2478.385714285714,924.267380952381,5200.038095238096,42
11000,K29.603,6,450.18283185840704,3360.3451327433627,1076.9712389380531,6660.875044247788,113
11061,K31.701,6,729.5095999999999,2700.526,1011.1748,7104.1196,25
11067,K31.702,6,662.9776190476191,2636.377619047619,1622.6442857142856,8027.774285714286,21
11069,K31.703,1,1329.5685436893204,593.675145631068,3187.019417475728,7235.778058252427,103
11070,K31.703,2,605.1476859504132,1215.0943801652893,915.7466115702479,4617.222479338843,121
11071,K31.703,3,497.6300626959247,1694.3481191222572,747.4100000000001,5083.201536050157,319
11072,K31.703,4,498.24879069767445,1867.2256279069768,799.7651627906977,5522.992697674418,215
11073,K31.703,5,584.1526102502979,1865.4110727056018,560.1211203814064,5335.9416209773535,839
11074,K31.703,6,625.8636403508772,2143.1559978070177,741.0602357456141,5904.710548245614,1824
11075,K31.703,7,532.5949999999999,1480.158484848485,875.7965151515151,4939.454848484849,66
11083,K31.800x8,6,4904.763636363637,9256.727272727272,12393.984772727274,41075.78227272727,44
11089,K31.808,6,2930.7296,2716.9067999999997,1367.0012,10487.708799999999,25
11097,K31.814,3,1697.8158333333333,3915.883333333333,4167.0225,16384.404444444444,36
11099,K31.814,5,2257.314318181818,4400.044772727273,4418.2975,18545.350227272727,88
11100,K31.814,6,3279.6591875,6825.609375,7034.154187499999,27875.957625,160
11110,K31.819,6,667.3596000000001,4309.8228,1797.3552,9232.1828,25
11113,K31.900x0,6,3498.9574193548383,3976.476129032258,1673.0987096774193,14944.473870967742,31
11117,K31.902,6,5362.207021276596,4646.643404255319,2606.2321276595744,18772.145319148935,47
11134,K35.000,6,2212.697878787879,2476.7172727272728,1819.8342424242423,11229.166363636363,33
11138,K35.000x0,3,1134.5194117647059,2175.096274509804,1804.2386274509804,9006.914117647058,102
11139,K35.000x0,4,1509.9763513513512,2430.21527027027,1699.7414864864863,9439.555675675676,74
11140,K35.000x0,5,1769.1361921708185,2469.7850889679717,1862.2550533807828,10184.31793594306,281
11141,K35.000x0,6,2203.9452588996764,3011.13071197411,2390.619708737864,13294.387702265372,618
11154,K35.003,3,1637.3369565217392,1769.0326086956522,1236.2234782608696,8405.436521739131,23
11156,K35.003,5,1788.0469565217393,2275.283913043478,1527.5821739130436,9763.931739130434,23
11157,K35.003,6,1612.8369565217392,2459.7208695652175,2592.9573913043478,11959.183478260868,23
11160,K35.004,3,1543.5079166666667,1914.875,1749.6391666666668,9316.349166666667,24
11162,K35.004,5,1694.1884615384615,2617.287307692308,1639.1488461538463,10326.624615384615,26
11163,K35.004,6,2109.7246808510636,2728.9708510638297,2804.3936170212764,14222.800425531916,47
11169,K35.100,6,2210.232911392405,2084.9949367088607,2443.2886075949364,11477.065189873418,79
11174,K35.100x0,5,2266.965925925926,1960.051851851852,1408.46,9534.407407407407,27
11175,K35.100x0,6,2004.5633039647578,2584.551101321586,1750.8505286343614,11457.472863436124,227
11183,K35.103,6,1227.9936923076923,3219.523846153846,2113.6846153846154,10552.03876923077,65
11187,K35.104,5,2314.6184210526317,2128.4894736842107,1545.8436842105264,10156.631578947368,38
11188,K35.104,6,1634.5264772727276,2306.216363636364,1621.3613636363634,10435.97159090909,88
11192,K35.200,3,1575.3464102564103,1275.1607692307691,1103.8061538461538,6822.636153846154,39
11195,K35.200,6,2766.774090909091,2366.595909090909,1609.4986363636365,10640.086818181819,22
11199,K35.201,3,1454.9447727272727,1669.7697727272725,1677.5263636363636,8587.459090909091,44
11201,K35.201,5,1797.6497222222222,2382.418055555556,2292.2883333333334,11551.842222222222,36
11202,K35.201,6,2135.062678571429,3300.6223214285715,2545.9896428571433,13056.364821428573,56
11205,K35.300,2,971.496875,768.14859375,2191.370625,6972.24203125,64
11206,K35.300,3,1459.3929357798168,1400.0345871559632,1336.7338990825688,7230.942522935779,218
11207,K35.300,4,1360.8411999999998,1835.08,1300.4176,7714.0152,25
11208,K35.300,5,1077.8557213930349,1749.270447761194,1309.1984577114429,7485.695572139304,201
11209,K35.300,6,1656.2229357798167,1914.9562385321103,1393.2259633027522,8605.756636085627,327
11210,K35.300,7,997.5326315789474,1053.6034210526316,1080.4374561403508,5361.900263157895,114
11213,K35.301,3,1722.0867567567568,1487.4994594594596,919.6424324324323,7291.585405405406,37
11215,K35.301,5,984.5046341463416,2119.4853658536585,1502.1117073170733,8000.550975609755,41
11216,K35.301,6,2099.5704,2346.552,2066.2452,9613.17,25
11219,K35.800,2,1293.6496296296298,996.65,1192.726851851852,5711.575555555556,54
11220,K35.800,3,1060.2666129032257,1498.195,961.1196774193548,6397.906774193548,62
11222,K35.800,6,1458.001851851852,2047.989074074074,1153.4881481481482,7603.724444444444,54
11223,K35.800,7,685.3041176470588,1251.1169411764706,1113.5150588235294,5202.846823529411,85
11226,K35.800x0,3,953.820925925926,1215.4211111111113,1699.7675925925926,6691.191296296297,54
11230,K35.800x0,7,1266.6232,1331.598,1489.5004000000001,6613.8292,25
11232,K35.900,2,1277.735303030303,1445.8242424242424,1534.860909090909,7132.213333333333,66
11233,K35.900,3,1349.2458219178084,1454.9730821917808,977.8237671232876,7189.058767123288,146
11234,K35.900,4,1534.802,1785.1914545454545,1351.2303636363636,7687.472363636363,55
11235,K35.900,5,1255.3146564885496,1792.9762595419847,1084.7268702290075,7291.286641221374,131
11236,K35.900,6,1596.5871484375,2248.119765625,1166.5475390625,8723.7705078125,256
11237,K35.900,7,666.4262162162162,1201.2972972972973,842.7645945945947,5099.747567567568,37
11239,K35.900x0,2,1387.9686274509802,1346.9570588235295,1176.7350980392157,6890.916666666667,51
11240,K35.900x0,3,1155.1564779874213,1690.1525786163522,1311.9552201257861,7349.926289308176,159
11241,K35.900x0,4,1278.4732727272726,1505.6337272727271,1136.0935909090908,6794.149363636364,220
11242,K35.900x0,5,1487.2606208718626,1881.111109643329,1325.519247027741,8121.020752972259,757
11243,K35.900x0,6,1810.2147507507507,2118.2121141141142,1430.1649669669669,9427.385855855855,1665
11244,K35.900x0,7,1117.5041176470588,1540.9205882352942,1101.4664705882353,6818.167352941176,34
11246,K35.901,2,1135.129069767442,1391.925581395349,1535.5932558139534,6766.650465116279,43
11247,K35.901,3,1390.3537827715356,1621.691722846442,1284.2193258426967,7624.975355805243,267
11248,K35.901,4,1291.2379166666667,1746.19125,1290.0401388888888,7508.671666666666,72
11249,K35.901,5,1328.1018688524591,1695.4567213114753,1189.7246885245902,7525.559737704919,305
11250,K35.901,6,1518.8043925233646,1786.6718691588787,1388.6861915887853,8270.817757009347,428
11251,K35.901,7,597.5869230769231,1242.1346153846155,846.1346153846154,5529.0620512820515,39
11253,K35.902,3,1095.038918918919,1343.0337837837837,1027.5267567567566,6971.616486486487,37
11255,K35.902,5,1320.6662068965518,1610.9775862068966,1170.9467241379311,7842.155344827586,58
11256,K35.902,6,1576.923489932886,2746.0922818791946,1648.7786577181207,10095.84577181208,149
11262,K35.903,6,2175.2908695652177,1883.4552173913044,2343.6541304347825,11430.169999999998,46
11265,K35.904,2,1217.7260465116278,1581.9746511627907,1622.62488372093,7423.973953488372,43
11266,K35.904,3,1489.4812592592593,1708.8344444444444,1720.9701481481482,8190.794222222222,135
11267,K35.904,4,1746.9323655913977,1569.0169892473116,1648.1252688172042,7851.854193548386,93
11268,K35.904,5,1492.3273371104817,1844.960283286119,1172.8312464589235,7933.694050991501,353
11269,K35.904,6,1952.1641988130564,2085.601899109792,1442.697581602374,9674.28556379822,674
11270,K35.904,7,961.5066666666667,1086.2939393939394,1054.7839393939394,5580.390909090909,33
11273,K35.905,3,1408.485238095238,1777.9314285714286,1292.7835714285716,7668.478333333334,42
11275,K35.905,5,1311.3839455782313,2094.0531972789117,1572.2308163265307,8775.06612244898,147
11276,K35.905,6,1625.1819487179487,1885.891846153846,1442.132358974359,9347.338,195
11284,K35.907,3,1330.9627906976746,1493.5297674418605,938.626976744186,7125.371162790698,43
11286,K35.907,5,1324.8207272727273,1598.0936363636363,1159.9905454545456,7492.3178181818175,55
11287,K35.907,6,1883.4471559633027,2250.247614678899,1538.7535779816515,10192.357064220183,109
11302,K36.x02,2,1416.8654166666665,1401.425,1743.2749999999999,7092.049166666667,24
11303,K36.x02,3,1097.6155555555554,1997.993333333333,1240.806111111111,7477.571944444445,36
11305,K36.x02,5,1375.4665625,1540.325,1308.08515625,8461.02640625,64
11306,K36.x02,6,1952.2973417721519,2580.907088607595,1546.8867088607594,10848.246582278482,79
11310,K37.x00,3,989.1695238095239,1921.047619047619,1301.4680952380952,6857.012380952381,21
11321,K38.800,6,2944.312142857143,1583.2380952380952,1883.4895238095237,9513.879761904762,42
11339,K40.200x0,3,5707.929230769231,1667.8307692307692,1007.0276923076924,12757.214999999998,26
11341,K40.200x0,5,4683.4038,1651.898,1033.9152000000001,11985.997,50
11342,K40.200x0,6,5739.265441176471,1922.9607352941177,1078.0223529411765,13703.395294117647,68
11346,K40.201,3,4683.543555555556,1427.1471111111111,851.574888888889,10863.40088888889,45
11347,K40.201,4,4741.41,1669.1892307692308,808.4073076923077,10994.210769230769,26
11348,K40.201,5,5307.273842105264,1532.345894736842,801.3167894736843,12078.826263157896,190
11349,K40.201,6,3909.1926282051286,1273.3116826923076,660.1071794871795,10664.792820512821,624
11350,K40.201,7,2359.2532258064516,841.3841935483871,722.1387096774193,6628.203548387097,31
11353,K40.202,3,5237.772727272727,1610.0404545454546,1035.32,12049.122727272728,22
11355,K40.202,5,5800.356666666667,1813.215,862.3136904761906,13244.17011904762,84
11356,K40.202,6,8507.47390946502,2070.319465020576,999.0094238683128,16669.417901234567,243
11361,K40.204,5,6738.575714285714,1941.2459523809525,970.5111904761904,14322.570952380953,42
11362,K40.204,6,8338.455789473684,2144.191157894737,965.6385263157895,16885.611789473685,95
11392,K40.306,5,2673.1867272727272,1863.3996363636363,971.6118181818182,9286.853636363636,55
11393,K40.306,6,3544.0518421052634,2525.3932894736845,1725.3898684210526,12687.253421052632,76
11398,K40.307,6,4886.381818181818,5852.070909090909,3623.362727272727,21882.427272727273,22
11412,K40.312,3,1711.4713043478262,1501.3391304347826,893.5504347826087,7459.952173913043,23
11414,K40.312,5,2362.588846153846,2403.871153846154,1421.576923076923,10581.906923076924,26
11415,K40.312,6,3049.5538235294116,2833.9364705882354,1821.9976470588238,12745.662647058823,34
11425,K40.314,5,3661.7038461538464,2183.5526923076923,1282.948076923077,11284.162307692306,26
11426,K40.314,6,3703.4656097560974,2683.4548780487803,1793.7378048780488,13597.922439024389,41
11440,K40.900,2,2452.7083333333335,1140.5416666666667,1029.2275,7010.085277777778,36
11441,K40.900,3,2547.688775510204,1208.6775510204081,543.3424489795918,7314.65693877551,49
11442,K40.900,5,3466.366103896104,1385.155844155844,814.2885714285715,9622.19064935065,77
11443,K40.900,6,3641.8115662650603,1511.6000000000001,734.4021686746987,9065.769156626506,83
11444,K40.900,7,1282.1253982300886,866.8411946902655,642.6390707964601,4747.539734513274,226
11446,K40.900x0,1,1901.3315625,843.37328125,1443.99453125,6483.1109375,64
11447,K40.900x0,2,2125.612380952381,1072.654021164021,1004.7750793650794,6925.663121693122,189
11448,K40.900x0,3,2632.3834749034745,1368.2948262548261,775.1355984555985,7644.167374517375,518
11449,K40.900x0,4,2806.782546583851,1381.2346894409939,632.9092857142857,7673.079347826087,322
11450,K40.900x0,5,2890.60366344006,1436.1249143708117,686.4959419210722,8313.834996276992,1343
11451,K40.900x0,6,3967.644047815334,1667.4457172300083,774.8130502885408,10164.745704863974,2426
11452,K40.900x0,7,1720.4021599999999,1045.32012,699.78008,5908.11288,250
11454,K40.901,2,1942.2403448275863,1130.7596551724137,933.0786206896552,6496.993448275862,29
11455,K40.901,3,2514.490930232558,1199.8454651162792,698.6374418604651,7639.048023255814,86
11457,K40.901,5,3174.0548192771084,1251.6831325301205,625.4904819277108,8269.961927710843,83
11458,K40.901,6,3699.60296875,1736.3615625,910.849375,10136.8703125,64
11459,K40.901,7,1501.8547878787879,890.4156969696969,602.754,4963.1367272727275,165
11465,K40.902,6,4652.544347826087,1844.29,1009.8882608695652,11614.461739130435,23
11466,K40.902,7,1618.3664,1002.7216000000001,761.2078,5288.3126,50
11475,K40.904,6,4337.52125,1820.4075,834.235,10510.907083333334,24
11511,K41.302,5,2011.0389655172416,2644.894137931035,1998.3703448275862,11427.037586206898,29
11512,K41.302,6,3700.517804878049,3374.8104878048784,2229.938536585366,15176.594878048782,41
11526,K41.900x0,5,2467.1190540540542,1433.4648648648647,663.2043243243244,7877.2128378378375,74
11527,K41.900x0,6,4662.887848101266,2032.683164556962,901.0835443037976,11357.018734177214,79
11558,K43.900x0,6,3903.2170370370372,1717.6918518518519,805.8496296296296,10133.690740740742,27
11563,K43.901,5,6399.6772,2471.6328,1313.5608,15347.288400000001,25
11564,K43.901,6,11087.369390243903,3252.5843902439024,2399.345243902439,25596.45707317073,82
11570,K43.902,6,8798.792674418604,2721.4862790697675,1424.5762790697675,17930.443023255815,86
11584,K44.901,6,7619.8941904761905,4036.199238095238,2343.158380952381,22086.555523809526,105
11590,K45.002,6,3222.7208,3674.1676,2384.3404,15472.8428,25
11614,K46.000x0,6,4977.8551282051285,5487.626153846153,4870.386153846154,24365.721538461537,39
11669,K51.900,6,585.5376923076923,4453.879487179487,2635.482564102564,10453.850769230768,39
11712,K52.905,3,319.866875,1463.91875,887.4815625,3748.8381249999998,32
11714,K52.905,5,354.2060606060606,2075.3757575757572,1447.408484848485,5200.748181818182,33
11715,K52.905,6,413.11136363636365,2993.884090909091,1306.4930000000002,6172.500181818182,110
11758,K55.000x0,6,4803.2289743589745,5505.810769230769,4890.2725641025645,23711.65564102564,39
11769,K55.004,6,10519.092702702703,11893.624324324324,12289.834054054054,54559.994324324325,37
11804,K55.900x0,6,429.335,4184.970666666666,1739.5446666666664,8286.114,30
11808,K55.902,6,572.2825862068966,4306.2520689655175,2104.6313793103445,9110.289827586208,58
11817,K56.100,6,3259.628166666667,2894.615,2198.9953333333333,13717.867833333332,60
11824,K56.200,6,4119.888571428572,4280.505238095238,3081.921904761905,19111.54619047619,21
11851,K56.500x0,5,1701.3684507042253,3830.2742253521124,2954.2177464788733,13892.034788732393,71
11852,K56.500x0,6,3578.553820224719,4751.5343258426965,4424.797808988764,20781.18691011236,178
11857,K56.502,6,4848.6469230769235,5187.243076923077,5784.622051282052,25119.256923076922,39
11873,K56.604,6,3209.2781818181816,5610.468181818182,5111.465454545454,23497.11181818182,22
11877,K56.700,3,615.4244736842105,2792.7805263157898,2699.4665789473684,8777.667631578946,38
11878,K56.700,4,679.7080000000001,3247.4976,2709.9103999999998,9929.778,25
11879,K56.700,5,756.7208823529412,3289.6902941176468,2130.767843137255,8894.508137254901,102
11880,K56.700,6,1385.4495737704917,4246.680196721311,3109.795213114754,12872.68144262295,305
11886,K56.700x0,5,1060.703137254902,4299.700784313726,3095.252156862745,13149.078039215687,51
11887,K56.700x0,6,1862.8459349593495,4487.616910569106,3349.999837398374,14739.553577235773,123
11891,K56.701,3,302.79558139534885,2574.129302325581,1945.8846511627905,6500.983720930232,43
11892,K56.701,4,503.2264102564103,3471.087179487179,2368.837179487179,9457.357435897437,39
11893,K56.701,5,425.18455555555556,2883.8256666666666,1516.6091111111111,6850.090222222222,90
11894,K56.701,6,598.442914893617,3822.630510638298,2488.8725744680855,9821.615574468085,470
11898,K56.702,6,4622.313703703704,5643.404444444445,4723.348518518519,22227.10111111111,27
11959,K59.000,6,1868.257746478873,3209.9301408450706,1457.7461971830985,10052.95661971831,71
11979,K60.100,6,576.84,1463.0464000000002,1404.4976000000001,7292.7119999999995,25
11983,K60.200,3,674.62875,924.2025,1131.2895833333334,6118.118750000001,24
11985,K60.200,5,439.20692307692303,1418.9257692307692,1211.4226923076922,6141.607307692308,26
11986,K60.200,6,787.9054838709678,1464.689247311828,1490.8926881720429,8473.246021505376,93
11988,K60.300,1,2285.541923076923,430.6307692307692,4234.6034615384615,8979.73,26
11989,K60.300,2,756.4678,962.784,1366.7379999999998,5930.425200000001,50
11990,K60.300,3,651.7357407407408,1144.1000000000001,1188.036851851852,6193.542962962963,54
11991,K60.300,4,686.884375,1412.744375,1217.189375,7244.5578125,32
11992,K60.300,5,537.8940650406504,1479.5995934959349,1372.8046341463414,6843.226910569106,123
11993,K60.300,6,787.2035841584159,1572.2706534653466,1974.0353663366336,9025.804297029703,505
11997,K60.301,3,331.26320512820513,1206.9615384615386,1364.1673076923078,8424.35653846154,78
11999,K60.301,5,456.32423728813563,1502.1288135593222,1100.26406779661,7015.120847457627,59
12000,K60.301,6,939.4153225806451,1624.7242741935484,2671.3160887096774,10383.58068548387,248
12007,K60.302,6,495.6216981132076,1841.3758490566038,1575.8583018867926,7898.382830188679,53
12013,K60.303,5,358.7889285714286,1515.6575,1304.08,7092.716071428571,28
12014,K60.303,6,821.3236458333334,1729.7653125,2617.524270833333,11225.761614583333,192
12022,K61.001,1,3486.503775510204,519.6354081632653,4835.907040816327,11323.959693877552,98
12023,K61.001,2,746.6932467532467,994.0851948051948,1872.9840259740258,6301.663636363636,77
12024,K61.001,3,530.1762735849056,1400.3427830188677,1745.3003301886793,7402.797547169812,212
12025,K61.001,4,475.37208333333336,1479.4715625,1402.6427083333335,6777.496145833334,96
12026,K61.001,5,501.3373566084788,1422.8107231920199,1395.6277805486284,7008.030798004987,401
12027,K61.001,6,753.779707278481,1597.2937341772151,2215.792151898734,9345.300617088607,1264
12028,K61.001,7,474.17744680851064,724.436170212766,1263.1778723404254,4599.695531914894,47
12039,K61.200,6,456.63660000000004,2201.0388000000003,2632.849,10143.52,50
12048,K62.100,1,1139.457105263158,516.9878947368421,2252.55,5351.95,38
12049,K62.100,2,688.9743089430895,1555.4121951219513,943.4326016260163,5273.837235772357,123
12050,K62.100,3,628.3932929782083,1714.1017675544795,771.9665375302664,5203.839297820823,413
12051,K62.100,4,772.0670394736842,1959.9487500000002,1060.5638157894737,5950.021710526316,152
12052,K62.100,5,657.3233081570996,1696.5425679758307,614.0769335347431,5374.513006042296,662
12053,K62.100,6,765.5702066772654,2068.511483836778,747.9622681505035,6252.225103338633,1887
12054,K62.100,7,544.7356578947368,1089.3842105263157,943.503552631579,4350.782236842106,76
12063,K62.300,5,1252.9012500000001,1434.8354166666668,1418.5043750000002,8773.091041666667,48
12064,K62.300,6,3400.929772727273,2776.8002272727276,2216.8322727272725,15898.164090909091,44
12071,K62.300x0,6,1749.5913761467891,1418.6496697247705,3022.7114128440367,11272.56480733945,545
12073,K62.301,1,7100.725370370371,545.7562962962963,4203.45588888889,14049.778518518518,270
12074,K62.301,2,1380.435375,1507.115,1837.025,8873.237375,80
12075,K62.301,3,1467.2068965517242,1526.1613793103447,1670.3486206896553,8701.972068965517,29
12076,K62.301,4,1525.208787878788,1407.769090909091,2606.6813636363636,10819.318181818182,66
12077,K62.301,5,1642.9451624548735,1389.0440433212996,1632.1545487364622,9255.573537906137,277
12078,K62.301,6,1381.020038095238,1660.1095047619046,1871.5859047619047,10345.714895238096,525
12079,K62.301,7,1537.5823076923077,556.7307692307693,837.4411538461538,6593.232307692308,26
12086,K62.401,3,365.0347619047619,755.952380952381,725.1314285714286,4253.426190476191,21
12115,K62.811,6,725.9637037037037,2893.9459259259256,1086.315925925926,6706.617407407408,27
12123,K62.816,3,858.8812765957447,880.0425531914893,907.4106382978724,5291.623617021277,47
12126,K62.816,6,601.7205714285715,1731.3771428571429,1348.4828571428573,6897.408571428571,35
12141,K62.903,6,2029.6044318181819,2919.267159090909,951.3900000000001,9519.009204545455,88
12155,K63.102,6,6271.435555555556,6372.543333333333,7517.490000000001,30853.41962962963,27
12160,K63.103,6,6500.463703703705,9528.304814814815,8705.189074074075,38683.94703703704,54
12170,K63.105,6,8318.887540983607,11474.677540983606,12505.356229508196,49968.01852459016,61
12175,K63.106,6,4974.694347826087,5403.086086956521,5556.796956521739,25161.26652173913,23
12183,K63.108,5,3420.8270967741937,5536.423548387097,5216.88064516129,22513.755161290323,31
12184,K63.108,6,4363.495384615385,8064.165538461539,7699.398461538462,32916.35784615385,65
12218,K63.305,6,948.3285185185186,5478.940740740741,1942.338148148148,11317.32888888889,27
12224,K63.500,1,976.7187037037037,554.8648148148148,1480.5442592592592,5345.660185185186,54
12225,K63.500,2,783.7805405405405,1505.6513513513512,813.0926126126126,4637.278378378379,111
12226,K63.500,3,647.2404322766571,1510.4862247838619,655.5590201729107,4621.19158501441,347
12227,K63.500,4,674.9731612903225,1765.0025806451615,656.7314193548386,4814.327032258064,155
12228,K63.500,5,721.4226283367557,1596.3845379876798,510.13589322381927,4601.386098562628,487
12229,K63.500,6,770.2121310181532,1838.405272296764,623.6579400157854,5084.068034727703,1267
12230,K63.500,7,619.9271739130435,879.1439130434783,617.9289130434782,3623.633043478261,46
12234,K63.500x0,4,599.4455172413792,1933.2586206896551,598.7934482758621,5009.689655172414,29
12235,K63.500x0,5,685.8810256410256,2107.5003846153845,454.47230769230765,4942.457820512821,78
12236,K63.500x0,6,716.7331088082901,2153.2560103626943,617.2180829015543,5193.877098445596,193
12242,K63.501,5,864.8346875,1865.4115625,571.420625,4904.5884375,64
12243,K63.501,6,955.6473376623377,1949.974025974026,684.3929870129871,5441.884675324675,154
12249,K63.502,5,558.2390476190476,1888.8142857142857,435.6142857142857,4601.326190476191,21
12250,K63.502,6,773.9174358974359,2208.7998717948717,699.2546153846154,5636.357051282051,78
12254,K63.503,3,480.19794871794875,1749.85641025641,785.3030769230769,5041.217692307692,39
12255,K63.503,4,1113.9933333333333,1779.2652777777778,636.3163888888889,5459.199444444444,36
12256,K63.503,5,644.047969924812,1738.0115789473684,520.4382706766917,4540.862556390977,133
12257,K63.503,6,733.4262893081761,2222.2829874213835,723.0185534591195,5516.011540880503,318
12259,K63.504,1,1358.7432835820896,611.2280597014925,2484.2664179104477,6230.064029850746,67
12260,K63.504,2,954.8782857142857,1467.7114285714285,1112.3862857142858,5526.808857142857,35
12261,K63.504,3,655.2775975975976,1560.0942642642642,684.3927627627628,4869.176426426427,333
12262,K63.504,4,798.6226548672566,1876.6053097345132,576.2161946902655,4844.4324778761065,113
12263,K63.504,5,715.514849246231,1760.713015075377,559.4865829145729,5021.6176381909545,398
12264,K63.504,6,807.2424387855044,1830.4410773751224,518.0970568070519,4873.289191968658,2042
12265,K63.504,7,745.4613953488372,1250.327906976744,790.9551162790698,4646.539302325581,43
12283,K63.811,6,2191.1095,3005.7315,1110.6455,9930.6315,40
12291,K63.813,6,677.4521428571428,2315.615714285714,498.1269047619047,5342.634523809524,42
12325,K64.800,2,983.5260714285714,688.4628571428572,953.1842857142857,4891.592857142858,28
12326,K64.800,3,1351.3470689655173,837.0612068965518,832.4534482758621,5474.571379310345,58
12328,K64.800,5,882.2733333333334,1164.8583333333333,1258.0954166666668,7036.2420833333335,24
12329,K64.800,6,530.2159420289855,1301.8115942028985,1006.8452173913045,6303.991449275362,69
12330,K64.800,7,1202.7893023255815,694.6897674418605,809.0120930232557,4717.977674418605,43
12347,K64.811,2,1472.5252777777778,616.5083333333333,1790.367361111111,6260.578055555556,72
12348,K64.811,3,1273.9291304347826,964.2873913043478,1333.4091304347826,6322.904347826086,46
12350,K64.811,5,715.2453703703703,1040.348148148148,947.8714814814814,5245.364629629629,54
12351,K64.811,6,1109.7626217228465,1239.7003745318352,2128.5254681647943,8494.850524344569,267
12352,K64.811,7,1330.3146486486487,403.48032432432433,1449.747783783784,4847.403621621622,185
12353,K64.900,1,3325.550649038462,427.6526442307692,4867.951081730769,10794.547668269232,416
12354,K64.900,2,2373.82993485342,859.0758957654723,1339.7571986970684,8127.204690553745,307
12355,K64.900,3,966.301370967742,1112.4563709677418,1107.2214516129031,6517.100403225806,124
12357,K64.900,5,924.5301315789475,1465.971052631579,1091.4456578947368,6795.166184210527,76
12358,K64.900,6,1455.888590909091,1520.9207272727272,1084.4211363636364,7152.291499999999,220
12359,K64.900,7,864.3237096774194,643.3801612903226,959.8177419354838,4228.899516129032,62
12369,K65.000,6,1683.322676056338,5064.4673239436615,4216.196478873239,15669.938591549295,71
12382,K65.003,6,2676.4804545454544,7207.983636363637,7391.4004545454545,26431.44818181818,22
12387,K65.005,6,1707.974918032787,4645.668360655738,4004.3359016393442,15464.248032786885,61
12415,K65.900,6,840.1744444444444,5098.197777777777,3726.865555555556,14312.03037037037,27
12430,K65.903,6,1846.4005376344087,7582.803548387096,8756.905161290324,26698.76247311828,93
12481,K70.300,6,689.5858139534884,3632.267209302325,2990.44,10252.217906976744,43
12487,K70.300x0,6,6933.936707317074,5706.148780487805,5859.928902439025,32886.36268292683,82
12520,K71.901,6,389.9616666666667,4728.3116666666665,3596.280277777778,10865.834722222222,36
12527,K72.000x0,5,2303.467659574468,4310.325531914893,4177.497234042553,16916.151276595745,47
12528,K72.000x0,6,7275.701501501502,8944.67036036036,11038.266636636637,41079.22159159159,333
12531,K72.001,6,7856.313488372092,10089.781162790698,15147.06581395349,48584.89558139535,43
12533,K72.003,5,3184.3957142857143,4693.692857142857,4276.26380952381,18873.31761904762,21
12534,K72.003,6,5962.203043478261,7139.873188405797,6808.765507246377,28096.876376811593,69
12539,K72.100,6,1537.1937096774193,4929.877419354839,6092.90435483871,19820.327741935485,124
12544,K72.900,6,4668.678214285715,6387.323928571429,6359.134642857142,24159.996071428573,28
12555,K72.903,5,736.2528,4984.7212,6277.250400000001,18219.7616,25
12556,K72.903,6,899.0271538461539,4735.730615384615,4853.363153846153,14803.514846153847,130
12566,K72.905,5,340.2421428571429,2775.993214285714,1890.9642857142858,6789.096071428571,28
12567,K72.905,6,934.5201005025126,3844.2174371859296,2822.921457286432,9932.501105527637,199
12579,K74.100,6,1529.0995238095238,5536.25380952381,3881.0433333333335,15469.854761904762,42
12583,K74.300,6,2102.4206666666664,5324.732666666667,3393.138333333334,27843.474,30
12587,K74.300x0,6,5099.9455,4327.344999999999,3039.732,16667.784,40
12605,K74.600x0,6,990.7870909090909,4369.0309090909095,3232.5007272727275,11383.233818181818,55
12610,K74.602,5,402.03782608695656,3017.88,1930.6626086956521,8143.587826086956,46
12611,K74.602,6,2446.661343283582,5039.660970149253,5561.670485074626,26074.448097014923,268
12617,K74.603,6,4303.602962962963,5653.914814814815,8014.217037037037,23765.199259259258,27
12624,K74.605,6,872.4113636363636,3554.3045454545454,2524.1286363636364,10067.777727272727,22
12632,K74.607,3,505.8541666666667,3192.46875,4419.840416666667,11707.263333333334,24
12634,K74.607,5,987.450243902439,3148.6262195121953,3072.5626829268294,10650.798780487805,82
12635,K74.607,6,2959.33284057971,4936.537304347827,4201.62368115942,21761.886144927535,345
12647,K74.615+I,5,1363.347868852459,3301.2370491803276,3292.066393442623,13761.189672131146,61
12648,K74.615+I,6,3229.0318681318686,4713.048406593407,4498.757527472528,20065.44445054945,182
12657,K74.616+I,6,3328.9761403508774,3705.6820175438597,2188.6315789473683,12766.804035087718,114
12665,K74.617+I,5,2667.2542105263155,3453.2488421052635,3426.658105263158,14995.48905263158,95
12666,K74.617+I,6,7140.997950191571,5069.2615325670495,5592.067222222222,26572.731455938698,522
12671,K74.618+I,6,5335.375,5592.138684210526,6299.281052631579,27551.824736842103,38
12679,K74.619+I,6,7633.457794871795,4044.3619999999996,3630.0487692307693,21088.711948717948,195
12685,K75.000,5,1457.6797959183673,5734.498367346939,4226.948163265306,16483.98693877551,49
12686,K75.000,6,2533.7667955801103,6226.959392265193,5056.043314917127,19302.67585635359,181
12692,K75.003,6,2585.13,7410.082972972973,6925.546216216217,24147.11243243243,37
12695,K75.400,6,585.5631818181818,3818.264545454546,2744.0686363636364,9494.158636363636,22
12703,K76.000,6,11305.0876,4437.164000000001,2422.8448000000003,24802.1688,25
12740,K76.806,6,3260.732121212121,3053.7834343434342,1701.8635353535353,14094.55202020202,99
12745,K76.807,5,2174.0265384615386,2733.7461538461534,1367.9903846153845,12117.568846153845,26
12746,K76.807,6,2926.8088888888888,3222.662222222222,1565.5645679012346,13339.016728395061,162
12748,K76.808,6,11180.8621875,5456.701875,5007.940625,34076.2740625,32
12752,K76.814,6,6850.123214285714,6127.354285714287,4924.394642857143,26870.67357142857,28
12760,K76.901,6,3279.053777777778,4875.514444444444,2921.1155555555556,21453.445555555558,45
12761,K80.000,1,1297.9521621621623,1728.8891891891892,2098.358108108108,7970.864324324324,37
12762,K80.000,2,1373.4698484848484,1671.249393939394,1879.4966666666667,8040.195151515151,132
12763,K80.000,3,1790.6465506329116,1958.500664556962,1461.3361392405063,9207.292594936709,316
12764,K80.000,4,1680.827011494253,2043.3151724137933,1510.3801149425287,9286.572298850575,87
12765,K80.000,5,1749.4490196078432,2234.4275294117647,1670.2525098039216,9655.663274509803,510
12766,K80.000,6,2072.7087777230163,2438.337082306555,1712.3098176441597,10870.051000492855,2029
12767,K80.000,7,1064.9607738095237,1203.54125,1087.9842857142855,6184.019940476191,168
12768,K80.000x0,1,2143.6649295774646,1842.374647887324,4808.108450704225,12496.810281690141,71
12769,K80.000x0,2,1387.548878923767,1563.9990134529148,2131.466188340807,8479.491434977579,223
12770,K80.000x0,3,1608.4754631379963,1956.256786389414,1620.8864272211722,8813.38404536862,529
12771,K80.000x0,4,1617.2675337837838,2171.509662162162,1768.8587837837838,9404.197601351352,296
12772,K80.000x0,5,1542.8137259615385,2257.1633974358974,1326.6267948717948,9323.868349358974,1248
12773,K80.000x0,6,2070.6693021239707,2794.2465626354574,1802.7243389683572,11503.924573038577,2307
12774,K80.000x0,7,1208.2593333333332,1392.054,1500.40825,7372.641166666666,120
12777,K80.001,3,1685.3187096774195,2665.2896774193546,1782.0416129032258,10352.764838709678,31
12778,K80.001,4,1901.494,2814.382,2339.8887272727275,11555.06309090909,55
12779,K80.001,5,1799.7844025157235,2823.867044025157,1844.0370440251572,11411.032012578617,159
12780,K80.001,6,2552.136052631579,3236.1395614035087,2381.1165789473685,13921.74149122807,342
12783,K80.002,2,1819.3237499999998,2311.54875,2223.1833333333334,10334.727083333333,24
12784,K80.002,3,1509.1375675675677,2154.8989189189188,1638.1385135135135,9188.258513513514,74
12785,K80.002,4,1864.0388333333333,2494.25,1556.2206666666668,10178.017833333333,60
12786,K80.002,5,1821.9338596491227,2660.0411842105264,1707.215394736842,10466.229429824562,228
12787,K80.002,6,2460.8334429400384,3422.9281624758223,2311.4512185686654,13657.641257253385,517
12790,K80.100,2,1536.2345454545457,1503.659090909091,1595.1004545454546,7695.37090909091,22
12791,K80.100,3,1640.2318750000002,1999.4916666666668,842.8883333333333,8318.93625,48
12793,K80.100,6,1792.942,2329.82,1504.1951999999999,9930.132000000001,25
12794,K80.100,7,995.2456097560976,1012.3448780487805,882.7787804878049,5728.130487804879,41
12795,K80.100x0,1,1481.0695918367348,719.845306122449,2479.438775510204,7565.501224489796,49
12796,K80.100x0,2,1326.590864197531,1387.1025925925926,2043.915679012346,8339.31061728395,81
12797,K80.100x0,3,1478.0742978723406,2071.8193191489363,1466.0873191489363,8665.291319148935,235
12798,K80.100x0,4,1585.5240571428574,1838.1174285714285,1129.066057142857,7997.363542857143,175
12799,K80.100x0,5,1549.408692185008,2194.8529505582137,1454.4590749601275,9538.379808612439,627
12800,K80.100x0,6,2556.0892133417246,2601.0533354310887,1657.586507237256,11306.956607929516,1589
12801,K80.100x0,7,1089.7548611111113,1487.2266666666667,1406.8630555555555,7058.577638888889,72
12802,K80.101,1,2135.407387387387,1524.4283783783783,3981.6204504504503,11243.30900900901,111
12803,K80.101,2,1352.404181034483,1404.7492672413794,1889.2425862068967,7778.319913793103,232
12804,K80.101,3,1453.3521460176992,1800.7168584070796,1205.2415265486727,8084.981858407079,452
12805,K80.101,4,1430.9432525951556,1922.7431487889273,1057.3189273356402,8271.763702422146,289
12806,K80.101,5,1496.4980334394904,1950.1510987261145,1012.600326433121,8441.916393312102,1256
12807,K80.101,6,2121.782475826972,2169.285338422392,1116.7019465648857,9724.640284987277,3930
12808,K80.101,7,1180.039585492228,1312.3793264248704,1008.0098445595854,6425.432331606217,193
12815,K80.200x0,1,2984.192380952381,2028.9571428571428,6659.306666666666,15762.141904761904,21
12817,K80.200x0,3,1549.5207894736843,2042.499210526316,1256.2752631578946,8952.184210526315,38
12819,K80.200x0,5,1623.250985915493,2162.5271830985916,1265.6621126760563,9596.617042253522,71
12820,K80.200x0,6,2391.3268639053254,2291.642603550296,1241.831124260355,10314.925443786982,169
12821,K80.200x0,7,945.3581481481481,1322.8355555555554,1102.7937037037036,6466.772222222223,27
12823,K80.203,1,2768.0182352941174,2388.607843137255,6867.859019607843,15961.737058823528,51
12835,K80.300,6,5790.235500000001,4752.876,3375.52875,21730.428,40
12841,K80.300x0,5,4077.1882352941175,5996.741764705883,4918.739705882353,24224.95882352941,34
12842,K80.300x0,6,5630.258265306122,7477.848163265306,6543.564693877551,30326.22,98
12848,K80.301,5,4914.052666666667,4439.785,4137.191000000001,20852.339,30
12849,K80.301,6,6223.8060869565215,6602.44852173913,5196.475652173913,28756.0,115
12853,K80.302,3,4533.593783783784,3807.022162162162,3050.4705405405407,18332.06027027027,37
12854,K80.302,4,3062.7967567567566,3794.7767567567566,4768.803243243243,18976.19135135135,37
12855,K80.302,5,5324.210437956204,4118.412846715329,2767.7486131386863,19630.244379562042,137
12856,K80.302,6,6599.937470930233,4783.7115261627905,3668.8441860465114,23325.772252906976,688
12861,K80.303,5,4016.8255263157894,4737.308157894737,3605.4286842105266,19600.04052631579,38
12862,K80.303,6,8618.501162790697,6216.6478294573635,6389.315813953488,34586.91465116279,129
12865,K80.304,3,3545.1666666666665,3472.903777777778,2952.728,16126.196888888888,45
12866,K80.304,4,2471.4455555555555,4494.3116666666665,2561.5255555555555,17121.402777777777,36
12867,K80.304,5,4582.083197674419,4283.972965116279,3313.0923255813955,19306.539069767445,172
12868,K80.304,6,6282.901384083045,5084.770311418685,3931.5530276816608,23761.455051903115,578
12873,K80.305,5,5934.725925925926,5141.539259259259,3801.851111111111,22735.21888888889,27
12874,K80.305,6,10463.843309859154,6409.91176056338,6952.1297183098595,37065.27894366197,142
12893,K80.402,5,7966.896521739131,4641.075652173913,3098.3904347826087,25233.87956521739,23
12894,K80.402,6,5087.134528301887,4671.640754716981,3537.4000943396222,21879.23679245283,106
12900,K80.404,6,6786.705892857143,5061.12,3531.9542857142856,25152.74767857143,56
12909,K80.501,4,2148.945925925926,3669.48,2541.0574074074075,14291.404444444444,27
12910,K80.501,5,6336.107321428572,3341.184285714286,2340.1519642857143,18816.966071428575,56
12911,K80.501,6,5906.983605769231,3810.066490384615,2606.767211538461,19085.316971153847,208
12917,K80.503,6,9760.41057142857,5397.029714285714,6700.0551428571425,35914.014285714286,35
12928,K80.800x0,6,4503.52393939394,5536.961515151515,3640.995454545455,23456.182424242426,33
12936,K81.000,5,751.5236666666666,3581.673333333333,2223.8173333333334,9761.262333333334,30
12937,K81.000,6,1015.3488000000001,3912.592933333333,2279.4756,10169.117066666668,75
12943,K81.002,6,3548.2759090909094,5325.251363636364,4567.315909090909,19400.38409090909,22
12962,K81.100,6,2148.527727272727,2746.285681818182,1360.023181818182,10741.702954545455,44
12984,K82.400,6,1498.0391891891893,1531.9464864864865,785.6089189189189,7841.828108108109,37
12989,K82.802,3,1360.9285185185186,1625.0970370370371,1273.4244444444444,7819.362222222222,27
12990,K82.802,4,1431.705357142857,1583.5553571428572,1076.5589285714284,7739.8975,28
12991,K82.802,5,1466.5870093457943,1729.8868224299067,976.8560747663552,8224.548224299066,107
12992,K82.802,6,2127.7860264900664,2116.520993377483,1140.553046357616,9681.943344370862,302
12993,K82.802,7,1142.9361904761904,1040.647619047619,898.2790476190477,5584.857619047619,21
12996,K82.803,6,2092.6572972972976,2294.5578378378377,1285.763108108108,10459.479594594595,74
13009,K83.000x0,6,3797.159090909091,5973.446363636364,5438.875454545454,20489.62181818182,22
13014,K83.001,6,1621.029152542373,4173.572881355932,3231.847288135593,12112.291355932202,59
13039,K83.019,6,1145.2727586206895,4821.268965517241,3957.130344827586,13175.164827586208,29
13058,K83.109,5,3760.244761904762,4046.3540476190474,2740.707857142857,14179.037857142856,42
13059,K83.109,6,4272.902509803921,5093.821568627451,4355.609568627451,18387.605921568625,255
13072,K83.502,6,10670.780833333332,7372.307916666668,6758.400416666667,52826.77458333334,24
13100,K85.001,6,310.11333333333334,3583.4675757575756,2799.9178787878786,8670.56090909091,33
13110,K85.100,6,1951.4948571428574,4996.294857142857,3689.9705714285715,15500.129142857144,35
13114,K85.101,5,985.0703333333333,3767.652666666667,3087.0809999999997,11430.891,30
13115,K85.101,6,1494.951121495327,4366.731775700934,3790.8818691588785,13714.23570093458,107
13120,K85.102,5,979.4119999999999,4700.4724,4006.7160000000003,13375.229599999999,25
13121,K85.102,6,2618.2942708333335,10143.376979166667,14038.703437499998,39146.370520833334,96
13135,K85.800,6,1401.9590476190476,6133.507142857143,3951.3361904761905,15540.730000000001,21
13142,K85.800x0,5,879.1459459459459,3973.8513513513512,3590.98945945946,12297.952702702703,37
13143,K85.800x0,6,1422.6510588235294,4746.037490196079,5250.58937254902,16656.81823529412,255
13152,K85.807,6,601.1611764705882,4111.087647058824,3310.8582352941175,10778.680588235295,34
13164,K85.818,4,2904.673870967742,7161.353548387096,16179.856774193548,37676.83,31
13166,K85.818,6,5605.743816425121,12773.687971014493,18772.707922705315,55773.73888888888,207
13170,K85.900,2,399.21375,2253.715,3322.59125,7471.276875,32
13171,K85.900,3,472.1114545454546,2708.648,3298.5440909090908,8518.189363636364,110
13172,K85.900,4,539.1311363636364,3716.751590909091,3454.725681818182,10425.96715909091,88
13173,K85.900,5,421.9878,3062.419766666667,2708.0702,8335.361866666666,300
13174,K85.900,6,598.3510764587525,3649.272555331992,3356.7435110663982,10371.88740442656,994
13180,K85.900x0,6,2209.7801470588233,4098.413088235295,3872.6310294117643,14833.11661764706,68
13183,K85.902,3,832.9430434782608,4675.123913043479,6038.682173913044,16303.729347826087,46
13184,K85.902,4,2758.988125,7017.369375,15754.68375,33100.4009375,32
13185,K85.902,5,1258.5227956989247,5205.776774193549,5189.04064516129,17510.738924731184,93
13186,K85.902,6,2411.5853955375255,7993.849026369168,9274.739310344828,28589.652535496956,493
13196,K86.100x0,5,442.6656,3525.1259999999997,3294.2852000000003,9849.9616,25
13197,K86.100x0,6,2253.4225694444444,4643.0446527777785,5449.928819444444,18770.308125,144
13204,K86.200,6,11463.358571428571,6199.995714285715,4976.863928571429,33159.997500000005,28
13207,K86.300,6,10563.56794871795,6044.676153846153,6932.632564102563,37626.221538461534,39
13216,K86.809,6,14859.482307692308,7853.390769230769,8651.31423076923,48139.65730769231,26
13231,K86.901,6,2860.4716,5610.9488,3061.85,19373.6656,25
13281,K91.809,6,1337.3883333333333,1703.4697916666667,890.5300000000001,6426.493750000001,48
13323,K92.204,6,2681.224444444444,5928.71,4848.332666666667,20745.114,45
13330,K92.207,3,516.489,3640.6588333333334,4164.621,13698.356166666666,60
13331,K92.207,4,736.9216666666667,3646.625666666667,3921.575,13072.972,30
13332,K92.207,5,541.2417857142857,3371.2591071428574,2475.394017857143,12102.704017857144,112
13333,K92.207,6,1023.1170318021201,5132.474805653711,3967.240106007067,15690.368445229684,283
13337,K92.208,3,422.610303030303,3544.4266666666667,4440.1866666666665,12803.477272727272,33
13339,K92.208,5,461.62087719298245,3386.853157894737,2353.1621052631576,10684.812105263158,57
13340,K92.208,6,660.9005454545454,4602.825393939394,3359.92103030303,12926.698303030302,165
13346,K92.209,6,874.797870967742,3937.2127096774193,2397.985741935484,10750.45212903226,155
13350,K92.210,3,594.1014285714285,3900.529642857143,3872.935892857143,13091.890178571428,56
13351,K92.210,4,553.1081132075471,4025.8233962264153,2828.6471698113205,11124.414150943396,53
13352,K92.210,5,793.1007547169811,3827.3216981132073,2358.2138679245286,11240.52886792453,106
13353,K92.210,6,1209.7296804511277,5418.930112781954,3651.9935902255643,15691.845827067667,532
13362,K92.800x0,6,2671.9286666666667,5396.546666666667,4550.6512,19435.654533333334,75
13369,K92.901,6,497.52406976744186,3046.4497674418603,1279.2032558139535,7292.547325581396,86
13386,L02.100x0,6,1423.6892727272727,4081.112909090909,3330.2323636363635,14638.738545454546,55
13392,L02.200x0,6,721.7645454545454,2501.6218181818185,1265.0536363636363,8101.212424242424,33
13398,L02.202,6,2033.2203333333334,3653.5266666666666,2561.0930000000003,13062.551,30
13416,L02.300x0,6,1140.743181818182,3809.2254545454543,2224.3586363636364,11893.748181818182,22
13424,L02.400x0,6,1096.6935849056604,3181.1122641509437,1796.4949056603773,10191.804905660378,53
13469,L03.107,6,850.52,4035.837037037037,2635.857037037037,12057.114814814813,27
13530,L05.000,6,812.3667741935484,1696.1809677419355,1231.6329032258066,7740.246774193548,31
13568,L08.900x0,5,973.7122222222222,2196.068148148148,1534.9585185185185,8179.251481481482,27
13569,L08.900x0,6,1773.7388372093023,3397.3003488372096,2831.0251162790696,14157.123372093025,86
13590,L08.904,5,2256.396818181818,2154.972272727273,2516.2231818181817,13353.43409090909,22
13591,L08.904,6,3407.9929545454547,4275.680454545454,3851.513409090909,20363.485227272726,44
13612,L08.911,6,2465.8676923076923,3431.821153846154,2743.9965384615384,15556.222692307694,26
13626,L20.900,6,356.82666666666665,2552.829166666667,2246.5475,9213.30875,24
13665,L30.902,6,362.23243902439026,2050.8341463414636,2060.0192682926827,8155.019756097561,41
13692,L50.801,6,354.12,2092.806896551724,1255.368275862069,5465.350344827586,29
13728,L72.000,6,720.6627777777778,1680.256574074074,529.6229629629629,5376.210277777777,108
13733,L72.000x0,6,700.9079411764706,1502.2279411764705,450.2933823529412,5780.601323529412,68
13767,L72.105,6,471.146875,1490.97125,455.499375,4913.1446875,32
13815,L82.x00,6,789.168,1815.5566666666666,598.5063333333333,6489.308666666667,30
13856,L89.300x0,5,2090.1532,2837.3772000000004,2337.6612,15742.2528,25
13857,L89.300x0,6,9004.977741935483,6357.8262903225805,8349.575483870967,45297.85274193549,62
13878,L90.500x0,6,1808.6663829787233,1278.6148936170214,908.5285106382978,10611.830638297872,47
13883,L90.502,6,1780.0409615384617,1022.4419230769231,1110.4098076923076,14066.390192307694,52
13890,L91.000,6,1097.5418750000001,1156.38875,655.1075,10268.211874999999,32
13922,L97.x00,6,4321.54323943662,2913.5552112676055,3289.5,21223.11084507042,71
13928,L97.x00x0,6,3329.5240000000003,3582.3192,3643.6,21201.3304,25
13934,L98.400,6,2351.5248936170215,2588.888510638298,1981.51914893617,13191.635319148936,47
13939,L98.400x0,6,3709.1791935483875,3141.9598387096776,2560.5743548387095,18246.07193548387,62
13972,M00.900x0,6,5063.541578947368,5691.067543859649,5895.396842105263,27322.73543859649,57
13980,M05.102+J,6,388.4508333333333,6166.283333333333,3251.0404166666667,13984.894999999999,24
13987,M05.900,6,799.7584615384615,6853.6061538461545,2816.034102564103,15606.25794871795,39
14001,M06.900,6,1070.184888888889,4690.336666666666,2448.3373333333334,11922.67911111111,90
14010,M06.906,6,5578.03,4605.857441860465,2374.4476744186045,23958.918139534882,43
14014,M06.909,6,757.4783720930234,4786.675813953489,3099.918139534884,12779.988139534884,43
14026,M10.002,1,2039.3875,1947.4416666666666,7126.388333333333,38701.56041666667,24
14030,M10.002,5,1444.3057575757575,2257.5712121212123,1384.3384848484848,9909.047272727272,33
14031,M10.002,6,1229.1826050420168,3265.20974789916,2061.1682352941175,12168.099327731094,119
14043,M10.900x0,1,639.4672340425532,1334.2417021276597,7003.967021276596,23715.07404255319,47
14047,M10.900x0,5,1050.8896551724138,1601.1462068965516,1431.6110344827587,8625.386206896552,29
14048,M10.900x0,6,1788.5279710144928,2779.4228985507243,1909.3166666666668,12484.825797101448,69
14084,M13.900,1,12299.600400000001,1618.162,4834.2976,24231.6048,25
14086,M13.900,3,3696.745833333333,2002.7749999999999,1574.8858333333335,11431.22375,24
14092,M15.902,6,953.7622222222221,7174.277777777777,2094.8944444444446,14176.506666666666,27
14095,M16.000,6,9242.540344827587,4466.026206896551,2022.0793103448277,26052.094137931035,29
14100,M16.101,6,9739.124320987654,4643.772592592592,2561.7396296296297,27391.46024691358,81
14103,M16.200,6,4667.485652173913,4413.24652173913,2155.6139130434785,30785.60391304348,46
14106,M16.301,6,6143.949285714286,4526.169142857143,1761.1402857142857,29337.588714285714,70
14112,M16.701,6,5076.216428571429,4522.999285714285,2109.695,30807.566428571427,28
14122,M16.900x0,6,10637.311470588236,4775.200588235294,2237.7832352941177,27355.374705882354,34
14125,M17.000,3,9091.69193277311,2900.2731092436975,5407.337478991597,23842.23588235294,119
14127,M17.000,5,6633.948255813954,3213.959418604651,2325.159069767442,21882.71406976744,86
14128,M17.000,6,7446.211545293073,4375.304777975133,2466.8780461811725,24608.14710479574,563
14134,M17.101,3,11359.887297297299,2949.129189189189,4573.657972972973,24982.726621621623,148
14136,M17.101,5,5749.168503937008,3051.008188976378,2033.8276377952755,19970.343937007874,127
14137,M17.101,6,7293.568326271186,4116.764788135593,2303.496843220339,23628.71228813559,472
14146,M17.900,2,8374.960714285715,1596.3374999999999,3115.532857142857,17809.187142857143,28
14147,M17.900,3,7306.567857142857,2938.099285714286,4408.879142857142,20089.940285714285,70
14149,M17.900,5,5083.3364,3098.156,1979.098,18533.2732,25
14150,M17.900,6,6275.795319148936,3387.333829787234,2273.5095744680852,19673.19744680851,47
14151,M17.900,7,3096.29652173913,791.2895652173913,1199.7865217391304,7587.702173913043,23
14153,M17.900x0,1,11685.254242424242,1933.834696969697,3431.2339393939396,23751.430454545458,66
14154,M17.900x0,2,10777.767540983608,1838.2132786885245,3165.206229508197,20450.501147540985,61
14155,M17.900x0,3,14109.21231884058,3422.149758454106,3325.4501449275363,28936.863333333335,207
14156,M17.900x0,4,20079.626909090908,3999.6463636363633,3741.185636363636,37648.01527272727,55
14157,M17.900x0,5,8335.661646090535,3767.226378600823,2928.9035802469134,23614.723662551438,243
14158,M17.900x0,6,7310.706279761905,4107.255163690476,2504.543541666667,22507.563303571427,672
14159,M17.900x0,7,11150.081666666667,1679.5479166666667,2783.722916666667,19399.927083333332,48
14182,M19.902,6,2681.0066666666667,2679.5661904761905,1094.9076190476192,14182.008095238094,21
14188,M19.905,6,16028.037045454546,3743.4377272727274,1836.2127272727273,33797.145227272726,44
14210,M20.100x0,6,3599.55119047619,1987.8980952380953,1015.0788095238095,13684.729285714286,42
14260,M22.200x0,6,6988.5665714285715,2242.2685714285712,1178.306857142857,18924.306857142856,35
14278,M23.201,6,3650.001777777778,3052.2746666666662,1237.1304444444445,28476.703111111114,45
14287,M23.205,6,1868.3143478260868,2131.1678260869567,838.4178260869566,13850.688695652172,23
14305,M23.302,6,4689.656666666667,2852.2619047619046,2108.941428571429,18472.479047619046,21
14310,M23.303,5,3474.721904761905,1746.2857142857142,875.8419047619047,11478.889523809523,21
14311,M23.303,6,4022.2366470588236,2426.069,1218.2743529411766,15042.50405882353,170
14324,M23.306,6,4080.1739795918365,2422.3477551020405,1239.1416326530614,16057.13132653061,98
14330,M23.308,3,4047.026833333333,1749.9843333333333,1555.4714999999999,12526.085333333333,60
14332,M23.308,5,3889.420337078652,2041.3238202247192,1074.543820224719,12955.755056179774,89
14333,M23.308,6,6050.864370629371,2398.5136013986016,1505.2943006993007,16473.453076923077,286
14339,M23.400,6,2835.1120454545453,3020.7859090909087,1252.1606818181817,15721.468181818182,44
14393,M24.800x0,6,15460.782727272726,3708.2157575757574,964.3606060606061,31703.634848484846,33
14423,M25.301,6,18723.98388888889,2087.125,999.5388888888889,30718.76666666667,36
14446,M25.603,6,3831.5820689655175,2857.5720689655172,1368.6589655172413,17870.287931034483,29
14485,M30.300,6,509.1333333333333,3127.587037037037,7704.36,14076.469814814815,54
14501,M31.802,6,1448.4519047619049,9397.934047619046,5443.260952380952,22984.25380952381,42
14515,M32.101+N,6,1437.0573033707865,6612.906966292135,4436.881123595505,18811.98337078652,89
14526,M32.900,6,470.73133333333334,6171.744833333333,2946.6235,12266.763666666666,60
14528,M33.101,6,698.3181818181819,9025.737272727272,6688.092727272728,21882.96090909091,22
14538,M34.900x0,6,467.7986363636364,5445.147272727273,3270.046363636364,13188.824090909091,22
14540,M35.000,6,595.3253846153847,5890.162051282052,2433.160512820513,11918.925897435896,39
14558,M35.901,6,492.55870967741936,8412.55935483871,2242.3170967741935,13975.191612903225,31
14561,M35.904+J,6,727.0964285714286,6780.9914285714285,4735.309642857143,16495.02857142857,28
14579,M41.900,6,20691.4548,10260.2212,17663.4072,84936.4644,25
14585,M41.901,6,15310.496666666666,16377.58205128205,7069.93282051282,76421.85153846153,39
14594,M43.006,3,26324.085084745762,3591.3822033898305,5380.994915254238,43474.571694915256,59
14596,M43.006,5,6486.550980392157,3631.160784313726,2582.4978431372547,21908.81274509804,51
14597,M43.006,6,11874.46740484429,5858.950276816609,3353.261487889273,33357.12062283737,289
14603,M43.100x0,6,17076.95,5259.839285714285,3781.508214285714,42090.36357142857,28
14607,M45.x00,1,6373.405405405405,1793.1324324324328,3685.631351351351,23366.00972972973,37
14646,M47.101+G,6,14074.878315789472,7185.521473684211,3417.4261052631578,37895.366,95
14650,M47.201,3,1525.2063333333333,2111.0683333333336,1357.1803333333335,9494.092,30
14653,M47.201,6,6736.900398009951,3863.1016915422883,2022.1626368159205,20172.148656716417,201
14662,M47.204,7,1743.09125,523.040625,913.8203125,4975.569375,32
14668,M47.802,1,640.0483333333333,1636.075,1644.7787500000002,7968.432083333333,24
14670,M47.802,3,1345.7408823529413,2145.5970588235296,2860.7255882352943,9982.211176470588,34
14672,M47.802,5,867.5270454545455,2239.7568181818183,1289.2134090909092,8436.99659090909,44
14673,M47.802,6,2381.5723886639676,3503.473805668016,1714.0715384615385,12390.162712550607,247
14674,M47.802,7,296.7024,681.112,777.242,3831.3828000000003,25
14681,M47.900x0,6,1250.5012727272729,3528.3690909090906,1576.4009090909092,10414.974545454545,55
14682,M47.900x0,7,458.7275,384.65714285714284,1024.8867857142857,4402.793571428571,28
14689,M48.002,6,7564.109555555556,7811.412222222222,2759.1483333333335,42398.66966666667,90
14693,M48.004,6,12613.904444444444,4856.3069444444445,5294.236944444445,32860.1025,36
14696,M48.005,3,8530.174848484849,3951.8757575757572,4451.691363636363,25426.168484848487,66
14697,M48.005,4,7939.5885106382975,5446.071489361702,3156.649574468085,34646.356595744684,47
14698,M48.005,5,8194.23890625,4205.7115625,2602.33875,25375.058984375,128
14699,M48.005,6,10401.86983,5347.894230000001,3115.1716800000004,30851.472429999998,1000
14741,M50.101+G,3,1574.3380000000002,1432.736,1410.7444,8476.0136,25
14743,M50.101+G,5,2381.54625,2890.771875,1230.79375,11527.9415625,32
14744,M50.101+G,6,2840.0659523809527,3789.0773809523807,1869.1136904761904,14721.031666666666,84
14748,M50.201,1,3003.2916666666665,1054.4458333333334,3817.05125,9672.305416666666,48
14750,M50.201,3,8517.695520833333,2087.2989583333333,1696.6852083333333,17241.435625000002,96
14752,M50.201,5,2812.724090909091,3213.4136363636367,1990.9063636363637,13566.604545454546,22
14753,M50.201,6,6142.1242045454555,4774.284886363636,1834.8636363636363,20172.58590909091,88
14768,M51.100+G,6,4071.4278260869564,3870.419565217391,1706.946304347826,17914.162826086955,46
14770,M51.100x0,1,4236.93989010989,1432.205824175824,1945.3109890109888,10840.202197802198,91
14771,M51.100x0,2,3741.06,1762.593661971831,1621.072676056338,10883.327746478873,71
14772,M51.100x0,3,8783.91731707317,2577.8078536585367,2800.2519024390244,19742.464926829267,205
14773,M51.100x0,4,5753.394461538462,2801.8784615384616,2658.7904615384614,19005.864923076922,65
14774,M51.100x0,5,3622.4785840707964,2924.4493510324482,1467.4262831858407,13943.332123893804,339
14775,M51.100x0,6,4271.882705506784,3648.1897286512376,1981.7476456504387,17148.12885075818,1253
14776,M51.100x0,7,1426.3117000000002,1091.0608,1412.8719,6133.9322999999995,100
14782,M51.101+G,3,2360.8234285714284,2227.989285714286,2270.2391428571427,11779.218571428572,70
14785,M51.101+G,6,4793.974485981308,3606.081261682243,2561.972336448598,18011.08018691589,214
14793,M51.103+G,6,1919.0026865671643,3470.9328358208954,2520.815970149254,13296.110298507463,67
14803,M51.202,1,5025.125864197531,1355.4872222222223,2885.4543209876542,12518.587037037038,162
14804,M51.202,2,4633.568076923077,1461.2793846153847,2453.553692307692,13101.161153846153,130
14805,M51.202,3,4714.848348082596,2263.8389380530975,2068.827227138643,13882.300678466076,339
14806,M51.202,4,2751.5621153846155,2514.1826923076924,2460.8128846153845,14418.523461538462,52
14807,M51.202,5,2885.8212355212354,2759.080308880309,1827.6753667953667,13949.348841698842,259
14808,M51.202,6,4512.954251734391,4078.4682755203175,1879.4141129831517,17762.117115956393,1009
14809,M51.202,7,803.3654887218045,747.9198496240601,1407.464887218045,5085.053909774437,133
14811,M51.204,3,23359.42068965517,2833.5103448275863,4597.576206896551,36979.72448275862,29
14814,M51.204,6,7203.825189873419,3904.580379746835,2572.0769620253163,21692.808607594936,79
14941,M65.900x0,6,830.3114864864865,1196.1599999999999,542.4347297297297,5476.925810810811,74
14961,M65.906,5,2166.162608695652,1681.14,1253.6395652173912,9311.709130434783,23
14962,M65.906,6,2437.1511111111113,3079.6264814814813,1445.7053703703702,14361.292407407409,54
14994,M67.400,3,632.3913636363636,1320.0249999999999,502.5427272727273,4235.295909090909,22
14996,M67.400,5,476.27871794871794,1370.8100000000002,421.8276923076923,4198.84923076923,39
14997,M67.400,6,606.0208988764045,1733.6324719101124,594.1887640449438,5395.454044943821,89
15003,M67.400x0,5,461.2808333333333,1362.6312500000001,416.16499999999996,4242.96625,24
15004,M67.400x0,6,586.1903448275863,1598.4091379310344,575.0468965517241,5387.118103448275,58
15044,M71.200x0,2,662.3551851851852,1360.937037037037,1053.7977777777778,5460.222962962963,27
15045,M71.200x0,3,490.8991176470588,1334.7470588235294,661.2876470588235,5067.573529411765,34
15047,M71.200x0,5,876.0203278688524,1514.4860655737705,710.8595081967213,6186.837049180328,61
15048,M71.200x0,6,2084.6594871794873,2338.8116666666665,1003.4415384615385,10013.595256410257,78
15103,M72.600,6,6591.204571428571,8739.360857142858,9916.386285714287,41068.752,35
15159,M75.000,5,988.3140909090909,1259.0359090909092,502.66045454545457,7518.022272727272,22
15160,M75.000,6,1582.6246428571428,2296.2101785714285,1023.00875,11220.843035714284,56
15164,M75.000x0,6,5016.827619047619,2233.971904761905,1149.2928571428572,14514.50142857143,21
15171,M75.001,6,770.1744186046511,2281.073953488372,1407.0776744186046,8427.17511627907,43
15181,M75.100x0,6,15636.22064102564,2677.023076923077,1461.928846153846,29509.061153846153,234
15193,M75.103,5,9378.599523809524,2620.5309523809524,1642.1157142857144,20052.120000000003,21
15194,M75.103,6,15006.27789473684,2678.2163157894734,2082.8745263157894,27955.794105263158,95
15229,M77.300,5,1073.31,1485.7360714285714,848.3325000000001,6509.130357142857,28
15230,M77.300,6,2494.2502222222224,2191.543111111111,1067.8404444444445,10590.260888888888,45
15244,M79.207,6,1828.9796000000001,3614.292,921.5355999999999,9877.8356,25
15246,M79.209,6,13366.682272727274,3516.293181818182,1546.3,23329.33272727273,22
15282,M79.600x0,6,2176.443076923077,3007.168846153846,810.4011538461539,11054.789999999999,26
15314,M80.000,3,5553.530588235294,2039.2882352941178,2050.6682352941175,12842.14294117647,34
15316,M80.000,5,2350.4274285714287,4066.740857142857,1927.892857142857,12711.935428571429,35
15317,M80.000,6,3334.6852100840333,4830.042941176471,1964.594117647059,14048.39025210084,119
15326,M80.800,6,5069.765172413793,4655.560344827586,2147.5486206896553,17193.113103448275,29
15328,M80.801,1,5572.766,1649.1133333333335,2519.6303333333335,13583.096,30
15329,M80.801,2,7848.0936363636365,1848.519090909091,2913.27,15688.997878787879,33
15330,M80.801,3,3166.397307692308,2954.0945384615384,1815.011,11348.384923076923,130
15331,M80.801,4,3374.854803921569,3134.1870588235297,2034.8664705882354,13973.580392156862,102
15332,M80.801,5,2697.650798816568,3431.338905325444,1551.8641420118342,11581.316923076924,338
15333,M80.801,6,2672.0550189633377,4037.4789886219974,1782.448811630847,13294.090872313529,791
15334,M80.801,7,4629.71,2005.7192307692308,1401.413076923077,10881.886153846153,26
15336,M80.900,2,6593.355208333333,2331.6054166666668,2260.985416666667,14364.6,48
15337,M80.900,3,4961.373904761905,2940.166285714286,1882.740761904762,13062.20523809524,105
15338,M80.900,4,3895.740266666667,3057.906266666667,1535.9881333333333,11525.629066666668,75
15339,M80.900,5,2895.1318134715025,3298.4767357512956,1209.0346632124351,11292.453005181347,193
15340,M80.900,6,3134.074684385382,4480.401877076412,2272.8069933554816,14121.399883720931,602
15360,M81.900,6,800.0684722222222,4163.404166666666,2892.6400000000003,10429.07888888889,72
15366,M81.900x0,6,468.34621621621625,3991.6829729729725,2467.3513513513512,10095.868918918919,37
15373,M84.000x0,6,5132.814090909091,3585.462727272727,1867.2177272727274,20140.513181818184,22
15388,M84.100x0,5,5398.218787878788,2253.236363636364,1731.0630303030302,16167.109393939394,33
15389,M84.100x0,6,8119.874040404041,3419.1766666666667,2457.7721212121214,25636.255959595957,99
15395,M84.200,6,5315.317272727272,3888.568636363637,2844.620909090909,23543.612727272728,22
15405,M84.401,6,5292.620869565218,4172.721739130435,1501.2691304347825,15921.506956521738,23
15419,M85.600x0,3,497.01318181818186,1428.2,870.7545454545453,5811.655454545455,22
15421,M85.600x0,5,1220.514255319149,1764.7648936170212,680.0253191489361,7299.992978723404,47
15422,M85.600x0,6,2177.4401428571427,2486.967571428572,1195.741,10592.098142857143,70
15460,M86.608,6,2725.968,4282.9824,3836.3927999999996,18519.1344,25
15492,M86.910,6,7113.458571428571,7427.161904761904,6020.598095238095,36239.43666666667,21
15500,M86.913,6,10067.221971830986,4175.642535211267,4003.9592957746477,29495.78901408451,71
15522,M87.002,3,12641.219189189189,3055.2445945945947,4035.5786486486486,27074.333108108105,74
15524,M87.002,5,9961.612916666667,3253.6941666666667,2402.955,24753.668611111112,72
15525,M87.002,6,10591.40668224299,4369.606401869159,2492.05738317757,26840.008224299065,214
15529,M87.102,6,2619.2910344827587,3929.38275862069,1895.3824137931033,25995.108965517244,29
15539,M87.203,6,7990.9175000000005,4632.835499999999,2507.3737499999997,28249.4815,40
15552,M87.300x0,6,2751.368148148148,3867.074074074074,2236.1796296296297,24208.145925925925,27
15559,M87.800x0,1,9604.908928571429,2026.6722619047619,4544.531547619048,28679.730238095235,84
15560,M87.800x0,2,13471.63358974359,2583.8851282051282,5101.060256410256,29342.742307692308,39
15561,M87.800x0,3,13428.506842105264,3364.767719298246,3302.653157894737,28973.96403508772,57
15562,M87.800x0,4,12985.310416666667,3776.7625000000003,2686.2875,30785.657916666667,24
15563,M87.800x0,5,9899.393488372094,3338.081937984496,2487.237364341085,25406.00441860465,129
15564,M87.800x0,6,10596.990206185568,4375.656417525773,2642.241056701031,27915.612989690722,388
15595,M89.818,6,1505.158695652174,5792.395652173914,1988.5765217391306,14127.40847826087,46
15718,N02.801,6,590.5622222222222,4040.98537037037,702.9342592592592,6989.674814814814,54
15727,N03.100,6,339.6039583333333,7042.229166666667,1232.9529166666666,9882.140208333332,48
15733,N03.900,6,472.22541666666666,5672.649583333333,2502.6579166666666,10768.97875,24
15736,N03.900x0,6,1044.67375,5849.255625,3779.005625,16666.8528125,32
15740,N04.001,6,591.8462000000001,5049.0244,2277.5068,10359.7752,50
15747,N04.200x0,6,578.0446478873239,6403.38,2567.1650704225353,12927.789154929578,71
15757,N04.900,5,586.8281818181817,5482.933181818182,3948.4640909090904,14569.996818181819,22
15758,N04.900,6,656.6741614906832,4746.83900621118,2532.738136645963,11366.497267080746,161
15766,N05.201,6,684.3770731707317,5085.288048780488,2183.6919512195122,10774.031951219513,41
15781,N10.x02,5,583.7270000000001,3381.029666666667,1944.617,8153.089333333333,30
15782,N10.x02,6,478.5078899082569,3863.839908256881,2123.8026605504588,8692.861559633027,109
15808,N13.100x0,5,4437.629767441861,2292.5139534883724,1097.2986046511628,11062.400232558139,43
15809,N13.100x0,6,4381.019597315437,2837.3553020134227,1363.2855704697988,15747.379798657717,149
15815,N13.201,1,7194.625,2372.781081081081,5874.666891891891,21655.514324324326,74
15817,N13.201,3,5237.5945,1922.435,1748.01975,13656.398000000001,40
15818,N13.201,4,4197.6696296296295,2080.848148148148,1383.5218518518518,13890.53962962963,27
15819,N13.201,5,3920.3858653846155,2361.550096153846,1285.1516346153844,12018.81923076923,104
15820,N13.201,6,5199.701931818182,2557.731193181818,1536.5017045454545,14828.246761363638,176
15822,N13.202,1,3846.986814159292,1913.2929203539823,3995.8307079646015,12610.82371681416,113
15823,N13.202,2,2728.347724137931,1172.2475862068966,1249.3059310344827,7945.225793103448,145
15824,N13.202,3,2667.016178343949,1740.9720063694267,974.1035350318472,8478.32550955414,314
15825,N13.202,4,2245.804699453552,1533.6179781420767,961.3312568306011,8074.998087431693,183
15826,N13.202,5,2365.0150375939847,1908.0283458646616,918.5990789473684,8388.9817481203,532
15827,N13.202,6,3319.656288343558,2251.6051687116565,1273.3799079754601,10933.289279141105,652
15828,N13.202,7,1896.593448275862,1031.3500000000001,1236.9137931034484,6627.006896551724,58
15829,N13.203,1,6929.119000000001,2499.55,6150.069833333333,20983.43133333333,60
15830,N13.203,2,3430.9358208955227,1532.8965671641793,1667.1332835820897,9931.294776119403,67
15831,N13.203,3,2928.3598540145986,1772.403284671533,966.5799270072994,9091.765693430656,137
15832,N13.203,4,4209.748041237113,2016.0525773195877,1483.99587628866,12722.681340206187,97
15833,N13.203,5,3303.168367952522,2010.5015133531158,1108.3735608308605,10087.040296735906,337
15834,N13.203,6,3813.0815311909264,2561.1596786389414,1289.5555009451796,12221.917164461247,529
15835,N13.203,7,2859.8647058823526,1373.910294117647,1200.0641176470588,8876.078823529411,34
15840,N13.300x0,6,2850.414347826087,2810.7617391304348,1451.3682608695653,11066.496956521738,23
15845,N13.301,6,2750.986,2739.4556,2286.0244000000002,12635.466400000001,50
15866,N13.504,5,4994.125813953488,1798.2211627906975,1145.5197674418605,11081.988837209303,43
15867,N13.504,6,3524.670196078431,2580.527254901961,1685.7459803921568,19166.16,102
15874,N13.600,6,3194.914347826087,3926.532608695652,2180.1930434782607,15556.089130434782,23
15877,N13.600x0,6,3647.6273076923076,3408.230769230769,2948.838846153846,14823.549230769231,26
15879,N13.601,2,4357.07511627907,2238.041627906977,2433.5951162790698,13536.237209302324,43
15880,N13.601,3,4641.296229508197,2141.807049180328,1794.5139344262295,12889.329836065574,61
15881,N13.601,4,4148.028653846153,2589.0915384615387,2573.1969230769228,17365.91423076923,52
15882,N13.601,5,5013.269488817892,2238.9613418530353,1673.6665495207667,13975.605271565495,313
15883,N13.601,6,5609.17127919911,2756.5550055617355,2018.4580422691881,16878.79215795328,899
15885,N13.602,1,4419.876666666667,1309.241754385965,1960.6489473684212,10040.536140350878,57
15886,N13.602,2,1790.1896268656717,1781.2744029850746,1560.9878358208955,8523.647686567165,134
15887,N13.602,3,2505.6544252873564,2012.844051724138,1525.6118103448277,9402.792327586207,348
15888,N13.602,4,2545.5224680851065,1974.7191489361703,1453.887659574468,9429.872723404254,235
15889,N13.602,5,2476.7586427320493,2034.4999912434328,1238.3000000000002,9344.6707793345,1142
15890,N13.602,6,3441.074120654397,2461.8715950920246,1557.997980572597,12044.362459100204,1956
15891,N13.602,7,1895.0644776119404,1244.1098507462686,1118.2020895522387,7121.930447761194,67
15892,N13.603,1,4142.3484375,1458.305625,2503.009375,10947.135624999999,32
15893,N13.603,2,3500.1237195121953,1970.8906097560975,2396.4648170731707,12499.197012195122,164
15894,N13.603,3,3294.9262445414847,1929.641135371179,1628.2482969432315,10960.314148471616,229
15895,N13.603,4,3410.681216931217,2190.3114285714287,1432.098835978836,11242.914444444445,189
15896,N13.603,5,3502.247316062176,2002.3771502590673,1267.4382590673574,10838.721025906734,965
15897,N13.603,6,4450.801126461211,2646.6684590860787,1669.1922369819342,14265.464176408075,1882
15898,N13.603,7,2490.096756756757,1364.980810810811,1059.3813513513514,7832.064324324325,37
15903,N13.605,5,4206.409130434783,1889.0565217391306,1803.1682608695653,11441.036956521739,23
15904,N13.605,6,4669.163545454546,3179.894636363636,2115.673909090909,18681.79418181818,110
15927,N15.900x0,6,1105.389090909091,4946.443636363636,3511.010454545454,13927.276363636365,22
15941,N17.900,5,2308.554117647059,5551.083823529412,2940.625294117647,17366.060294117644,34
15942,N17.900,6,2368.015073529412,7743.135000000001,4013.5314705882356,21732.843602941175,136
15946,N17.900x0,5,2973.1431818181813,6559.443181818182,4273.572727272727,25943.775909090906,22
15947,N17.900x0,6,2222.1280701754386,7551.70649122807,4192.014736842105,20503.75210526316,57
15955,N18.001,1,2703.891386138614,1460.2081188118811,5961.53806930693,23220.184504950492,202
15957,N18.001,3,4215.806198630136,9476.195513698629,10749.749109589042,50102.70876712329,292
15958,N18.001,4,1840.268068181818,4342.362045454545,4227.00465909091,18164.304886363636,88
15959,N18.001,5,2781.5704524180965,4732.153666146646,4914.58305772231,26964.75970358814,641
15960,N18.001,6,3407.861875208542,5253.9382649315985,5732.321905238572,32422.283016349684,2997
15964,N18.002+D,4,1455.1357142857141,3359.028571428572,1644.4109523809523,11653.858095238096,21
15965,N18.002+D,5,1002.6552727272727,3019.827818181818,1997.718,11278.764727272728,55
15966,N18.002+D,6,2252.2338175675673,4681.179290540541,2860.4726013513514,16950.446486486486,296
15976,N18.500,1,2816.06,1115.3796226415095,2629.81,12060.798490566036,53
15977,N18.500,2,4748.545833333334,1786.3930555555555,8875.988472222223,34131.51222222222,72
15978,N18.500,3,4058.3454861111113,6341.775,8168.815972222223,33888.54375,144
15979,N18.500,4,1381.5418181818181,2093.6259740259743,3311.0087012987015,11483.677012987013,77
15980,N18.500,5,1733.208734177215,2733.0198734177216,2262.985253164557,11891.10753164557,158
15981,N18.500,6,3059.653658536585,5392.3049390243905,5968.749115853659,32345.608109756096,328
15982,N18.500,7,1656.9412,2348.6104,8680.304399999999,30603.869599999998,25
15999,N18.800x0,5,1608.7779545454543,3400.9304545454547,3471.9670454545453,16856.330227272727,44
16000,N18.800x0,6,1531.1854794520548,6012.176301369863,4227.022739726027,19115.393424657534,73
16009,N18.803,6,601.9190647482014,6121.54035971223,2939.1447482014387,13000.437194244605,139
16013,N18.804,5,865.5016666666667,4778.215277777777,3497.8758333333335,14634.280555555555,36
16014,N18.804,6,884.1531937172775,5792.209633507854,3885.4782198952876,14893.803612565443,191
16027,N18.810+D,6,1332.3871428571426,6891.982857142857,3905.312142857143,17065.989642857145,28
16030,N18.900,3,2285.726666666667,1873.8547619047617,3449.282380952381,18574.182857142856,21
16032,N18.900,5,1216.7172727272728,3231.5522727272723,2605.8295454545455,13773.825,22
16033,N18.900,6,1564.5124827586208,4604.487517241379,4420.135034482759,18565.440137931033,145
16035,N18.900x0,1,1323.9085714285716,1103.1142857142856,3416.766857142857,11074.295428571428,35
16036,N18.900x0,2,1153.85,1530.8945945945945,2461.4621621621623,9385.843243243244,37
16037,N18.900x0,3,1606.9222222222222,2388.431111111111,3656.6322222222225,18227.34688888889,45
16039,N18.900x0,5,1489.7219318181817,3346.783409090909,3334.439375,17036.021079545455,176
16040,N18.900x0,6,2237.8598376623377,4536.808896103896,3653.8285389610387,19165.573474025972,308
16046,N18.902,5,1087.9116666666666,2534.1708333333336,2385.705625,11870.877291666666,48
16064,N19.x00x0,6,1556.3842424242425,4998.172424242424,2211.3142424242424,13964.67606060606,33
16066,N19.x01,1,2262.384390243902,820.7585365853658,4593.511707317073,18576.874146341463,41
16067,N19.x01,3,1482.2036666666668,2924.423666666667,2097.95,12530.323333333334,30
16069,N19.x01,5,5455.579224806202,3559.3655038759694,14803.800310077519,72503.92565891473,129
16070,N19.x01,6,2287.2889516129035,4818.791129032258,3110.206129032258,15728.654193548387,124
16071,N19.x01,7,1150.8685185185186,1089.5837037037038,1340.9837037037037,6085.162222222222,27
16076,N19.x02,5,3760.7890476190473,3421.0214285714283,2051.002857142857,16452.919523809524,21
16077,N19.x02,6,5835.740454545454,4126.9075454545455,2619.2164545454543,23151.577727272725,110
16083,N20.000,1,5717.3504,1663.764,3235.2971999999995,13389.2076,25
16084,N20.000,2,6070.505434782609,1371.805652173913,1691.5884782608698,12711.095652173914,46
16085,N20.000,3,5473.1792207792205,2245.4503896103897,1702.6281818181817,13165.242467532467,77
16086,N20.000,4,5064.324528301887,2342.608679245283,1480.458679245283,15839.776603773586,53
16087,N20.000,5,5027.301141304348,1860.5571195652174,1407.3989130434782,12819.18358695652,184
16088,N20.000,6,5527.893304597701,2401.466867816092,1697.4945977011494,14971.737097701149,348
16103,N20.100,2,1958.276470588235,1487.1764705882354,1499.8058823529411,7926.574411764706,34
16104,N20.100,3,2740.8002020202025,2369.718181818182,1454.4027272727271,9622.714747474747,99
16105,N20.100,4,2697.558125,1941.985625,1047.28,11187.5165625,32
16106,N20.100,5,2798.99375,1768.6745588235294,1025.4311764705883,8849.079411764706,136
16107,N20.100,6,3066.3155729166665,2167.0454166666664,1260.1819270833332,10589.67453125,192
16108,N20.100,7,1186.3218181818183,892.9648484848485,1636.120606060606,6163.8,33
16118,N20.200,5,4146.82972972973,1850.862162162162,1198.2008108108107,11857.238918918918,37
16119,N20.200,6,6017.196583333333,2671.6885833333336,1813.8888333333334,16862.652083333334,120
16126,N21.000,1,797.648,1436.132,2404.4892,7875.7888,25
16127,N21.000,2,703.8929411764706,1738.5144117647058,1637.4176470588234,6883.934411764705,34
16128,N21.000,3,718.4646153846153,1860.123076923077,1415.2532307692309,7150.747076923077,65
16129,N21.000,4,864.0425806451613,2526.4812903225807,1113.626451612903,7877.776774193548,31
16130,N21.000,5,844.4539634146342,2050.0339634146344,1302.1493902439024,7887.050548780488,164
16131,N21.000,6,1072.478669201521,2657.256844106464,1422.6223574144487,9183.265057034221,263
16132,N21.000,7,504.8818518518518,1361.2918518518518,1241.8303703703702,5830.6466666666665,27
16140,N21.100,6,763.6828947368422,2293.999210526316,1303.828947368421,7994.528684210527,38
16162,N28.100,5,1336.1,2466.113888888889,1147.5411111111111,9482.44,36
16163,N28.100,6,2498.083985507247,3170.363115942029,1484.402536231884,13265.237753623189,138
16167,N28.101,3,1329.447,2273.326666666667,1084.0773333333334,9307.325,30
16168,N28.101,4,1240.48,2653.5803921568627,1380.3645098039215,12978.906274509804,51
16169,N28.101,5,1592.4693063583816,2675.755664739884,1169.7965895953757,10709.419421965318,173
16170,N28.101,6,2595.9289613034625,3018.853380855397,1405.1475152749492,13788.308044806518,491
16180,N28.806,6,3899.3742857142856,4574.846666666666,2962.595714285714,17335.56666666667,21
16219,N30.100,6,1688.8704,2315.6407999999997,1538.87,10124.2448,25
16242,N30.809,6,1873.5614285714285,2657.8162857142856,1626.8297142857143,10976.224857142857,35
16252,N30.902,6,1712.051904761905,4684.380952380952,4694.0,19293.367619047618,21
16262,N31.901,6,8169.3475,2719.20375,1232.706875,16934.38125,32
16267,N32.000,6,1792.1516666666666,2229.145,1471.4041666666665,9219.797916666666,24
16272,N32.001,6,1722.9175,2630.837142857143,1483.2546428571427,11073.859642857144,28
16295,N32.803,6,2199.395454545455,3376.7,3048.1940909090913,12680.427727272729,22
16309,N32.901,6,1837.6833333333332,2966.5323076923078,1446.3420512820514,11549.688974358975,39
16329,N35.900,5,951.8490322580645,1466.9722580645162,749.4174193548387,5698.477096774194,31
16330,N35.900,6,2032.7988034188033,2223.9286324786326,1536.4244444444444,9718.709487179487,117
16346,N36.200,5,447.076862745098,1712.1478431372548,916.1901960784313,6182.934313725491,51
16347,N36.200,6,497.2748113207547,2051.2808490566035,957.163962264151,6674.542452830188,106
16372,N39.000,3,364.5631428571429,2356.365714285714,1764.8845714285715,6345.604857142856,35
16373,N39.000,4,693.9069230769231,3871.039230769231,2137.670769230769,11002.59730769231,26
16374,N39.000,5,429.6302898550725,2849.544492753623,1861.7840579710144,7076.23,69
16375,N39.000,6,611.708843537415,4082.006700680272,2463.1869047619048,10491.50306122449,294
16376,N39.000,7,276.4859090909091,1077.2227272727273,6483.977272727273,11130.021363636364,22
16382,N39.000x0,6,736.9875384615385,4724.636461538462,3795.1550769230766,13370.245230769231,65
16389,N39.300,5,5793.988636363636,1808.3186363636364,764.8331818181817,11928.406363636364,22
16390,N39.300,6,7822.481869918699,2139.28918699187,1156.0135772357726,16127.389918699188,123
16402,N40.X00,6,1417.0872727272726,3042.0684848484852,2115.312424242424,12764.271212121212,33
16403,N40.x00,1,3289.276329113924,1731.017341772152,3915.0873417721523,19086.81569620253,79
16404,N40.x00,2,1619.4201515151515,1698.3252272727273,3032.793409090909,10198.386136363637,132
16405,N40.x00,3,1821.714627831715,2566.6393851132684,2142.305145631068,11137.054692556634,309
16406,N40.x00,4,1669.8855078125,3005.117421875,2102.52078125,12397.0819140625,256
16407,N40.x00,5,2183.7597292863,2865.859138638228,1965.866439704676,12297.09629204266,1219
16408,N40.x00,6,2615.782432,3685.7665840000004,2106.601956,14283.363296000001,2500
16409,N40.x00,7,1563.16,1350.7814655172413,2063.144655172414,8357.857844827586,116
16445,N43.300,6,1544.912875,950.98575,558.2675,6563.818249999999,80
16450,N43.301,3,443.52414634146345,1297.500487804878,604.9965853658537,4654.033902439025,41
16452,N43.301,5,414.00966101694917,1476.3281355932204,607.7481355932204,5129.008983050848,59
16453,N43.301,6,748.8618390804598,1800.482816091954,817.0812068965517,6538.7878160919545,174
16459,N43.302,5,501.8086363636364,1294.490909090909,607.4486363636364,5351.927727272728,22
16460,N43.302,6,1021.376329113924,1200.2651898734177,475.63367088607595,5777.159367088607,79
16466,N44.x00,6,702.0670588235294,1276.7845098039215,896.6880392156863,6063.8421568627455,51
16469,N44.x00x0,6,608.9819512195122,1161.668292682927,869.6490243902439,5707.54756097561,41
16492,N45.903,6,704.0410344827586,2546.544827586207,2227.5389655172416,8497.636896551725,29
16502,N45.907,6,382.6,1991.2666666666667,1633.7116666666666,6118.498666666666,30
16510,N46.x00x0,6,777.8280769230769,1544.3076923076924,732.8446153846154,8632.681538461538,26
16528,N47.x01,5,1064.718918918919,355.20540540540543,99.17405405405405,2002.3781081081083,37
16529,N47.x01,6,1113.2520689655173,165.71137931034482,43.11413793103448,1821.780344827586,29
16584,N50.800x0,6,1319.5774074074072,1489.448148148148,1017.3237037037038,8667.37962962963,27
16621,N60.000x0,6,3280.7206,1400.7132000000001,270.22540000000004,6347.651999999999,50
16629,N60.200,5,3165.5581481481486,1448.3459259259257,156.85518518518518,6197.774444444444,27
16630,N60.200,6,2948.673418803419,1663.0679487179489,245.19337606837607,6537.029145299146,234
16632,N60.201,3,2157.6384,962.128,179.8924,4111.536,25
16634,N60.201,5,3035.207045454545,1291.3704545454545,201.76681818181817,5941.777045454545,44
16635,N60.201,6,3328.4796812080535,1579.7036241610738,219.33924496644295,6583.292483221476,596
16640,N60.202,6,3898.483396226415,1691.0179245283018,174.14811320754717,7062.612830188679,53
16647,N60.400x0,6,2577.5769696969696,1821.2866666666666,422.26242424242423,6427.475454545454,33
16651,N61.X01,6,871.880975609756,2038.439024390244,2561.967804878049,13381.541707317072,41
16658,N61.x00x0,6,1417.0727906976745,2073.7393023255813,1000.6751162790697,7657.976279069767,43
16661,N61.x01,6,1329.902,1843.633875,718.1168749999999,7396.900750000001,80
16666,N61.x03,6,832.3517999999999,1920.4848000000002,980.9888000000001,6319.694,50
16670,N61.x04,6,1352.7148780487805,1914.9046341463413,419.0282926829268,5035.129756097561,41
16677,N61.x06,6,1459.1829787234042,2071.8957446808513,793.5259574468085,6670.0085106382985,47
16683,N62.x00,6,2196.393181818182,1806.0227272727273,1406.8181818181818,25052.931363636362,22
16687,N62.x00x0,6,2163.6925,2119.9125,728.6626666666667,9461.996000000001,60
16692,N62.x02,6,2065.009696969697,2367.691212121212,863.7921212121212,10258.013030303031,33
16696,N63.x00,6,2387.6977631578948,1555.3842105263157,313.83934210526314,5886.747763157895,76
16701,N63.x01,5,2026.3203333333333,1122.0166666666667,192.96366666666665,4342.106666666667,30
16702,N63.x01,6,3209.576549295775,1301.5478873239435,205.3775352112676,6260.44440140845,284
16705,N64.200,7,9195.515,279.3239130434782,858.2336956521739,43300.55173913043,46
16706,N64.200-0,4,3798.5486206896553,616.7931034482758,452.47862068965514,23247.81206896552,29
16726,N64.900x0,6,2087.959230769231,2171.133846153846,481.99961538461537,6687.488846153846,26
16737,N70.100x0,5,1506.214074074074,1891.6777777777777,973.2466666666667,9507.92061728395,81
16738,N70.100x0,6,2525.233157894737,2130.1253383458647,997.0458646616542,13419.943458646616,266
16749,N70.103,5,920.688275862069,1720.4448275862069,890.7044827586207,8229.38,29
16750,N70.103,6,2083.928351648352,2385.15989010989,1129.7242857142858,11836.414505494506,91
16761,N70.900x0,5,1023.8192,2562.636,1767.8988,10493.2304,25
16762,N70.900x0,6,2182.2286170212765,3493.1467021276594,2160.5797872340427,14862.747021276595,94
16777,N70.905,6,2678.9234146341464,4267.820975609756,2839.1129268292684,17775.73463414634,41
16794,N71.901,6,1526.5620000000001,3743.2015,1422.76575,11434.267,40
16799,N71.902,6,760.5345833333332,1953.2677083333335,539.2847916666666,5937.266250000001,48
16807,N72.x00x0,6,505.20888888888885,2007.851851851852,533.5425925925925,5487.035185185186,27
16817,N73.003,6,409.9632926829268,1920.6987804878047,1314.7756097560975,5599.343414634146,82
16833,N73.602,6,1750.2350000000001,2447.102142857143,1543.9189285714285,11892.290714285715,28
16835,N73.603,1,1464.2208695652175,462.30434782608694,1023.3165217391304,16328.260869565218,23
16838,N73.603,6,2152.2022881355933,1841.5410169491524,607.3177966101695,14364.42313559322,118
16844,N73.604,5,740.51375,1270.7734375,540.63625,5448.59125,32
16845,N73.604,6,633.5596,1448.6992,593.0893333333333,5236.718933333334,75
16864,N73.902,6,473.9791228070176,1980.6922807017545,1455.7450877192982,6258.165087719299,57
16870,N73.903,6,3408.8948387096775,6445.571612903226,4269.424193548387,23141.173548387098,31
16875,N75.000,5,401.19695652173914,1510.9956521739132,543.7086956521739,4322.931304347826,23
16876,N75.000,6,544.8208163265307,1690.6551020408165,497.37979591836734,4787.6693877551015,49
16882,N75.100,5,384.88038461538457,1421.7211538461538,626.6515384615384,4321.109615384616,26
16883,N75.100,6,459.2842857142857,1324.3425714285713,805.1047142857143,4633.998857142857,70
16917,N80.000x0,6,2773.571153846154,3466.059230769231,1615.621923076923,16367.041923076922,26
16920,N80.001,3,1696.6,2582.1812,1736.9244,12132.028799999998,25
16921,N80.001,4,1877.596956521739,2580.1852173913044,1873.3926086956521,15691.465217391305,23
16922,N80.001,5,1595.9646363636366,2828.021909090909,1490.6692727272728,13266.22381818182,110
16923,N80.001,6,2916.025905882353,3431.641576470588,1465.7108235294118,17553.74256470588,425
16930,N80.100,6,2804.9038028169016,2798.339718309859,1192.6035211267606,15704.812253521126,71
16934,N80.100x0,3,702.2845833333332,2036.2966666666669,1129.4854166666667,8325.307916666667,24
16936,N80.100x0,5,1295.5330769230768,2295.8283516483516,1281.5596703296703,10344.48142857143,91
16937,N80.100x0,6,2759.322120658135,2847.913162705667,1257.5403656307128,14498.56067641682,547
16953,N80.601,6,733.7883720930232,1551.5609302325581,506.3920930232558,6272.3630232558135,43
16977,N81.101,3,549.8100000000001,1503.5409523809524,952.3980952380953,6345.7242857142855,21
16979,N81.101,5,2123.9348214285715,1979.2951785714286,989.13375,10652.034642857141,56
16980,N81.101,6,7112.500673076924,2717.7502884615387,1287.856153846154,18231.08317307692,104
16987,N81.200,6,3946.5805555555553,3383.471111111111,1174.8325,14866.128333333334,36
16992,N81.201,5,2599.8057692307693,2614.353846153846,1156.0007692307693,11682.024230769232,26
16993,N81.201,6,3469.312790697674,3404.9762790697678,1387.9588372093024,15336.986976744187,43
16997,N81.202,3,912.7286363636363,2216.3036363636365,1218.2681818181818,9530.695454545454,22
16999,N81.202,5,1669.2979487179489,2738.137948717949,1191.078547008547,11572.201111111111,117
17000,N81.202,6,5747.076265060241,3254.7622891566266,1408.1675301204818,19166.976927710843,166
17009,N81.300,6,6693.046153846154,4438.236153846154,1218.071923076923,24199.884230769232,26
17014,N81.301,5,1429.233859649123,2830.2991228070173,1182.2843859649124,11432.603684210528,57
17015,N81.301,6,7885.357293577981,3776.571376146789,1456.2354128440368,21866.399633027522,218
17034,N81.801,6,707.9752380952381,1799.2404761904763,1101.445238095238,7918.273809523809,21
17037,N81.802,2,512.6088,1256.56,1325.8392,5967.062800000001,25
17040,N81.802,5,1094.0568085106383,1844.6063829787233,1006.6812765957446,7982.555744680851,47
17041,N81.802,6,4868.42725,3017.7455,1505.11175,16070.745749999998,40
17076,N83.100x0,5,1372.8785714285716,1416.3119047619048,845.5082539682539,7731.34253968254,63
17077,N83.100x0,6,1709.8222068965517,1787.9180689655173,1105.7186206896552,9368.241034482759,145
17082,N83.101,6,2134.2965625,2222.8759375,1112.2665625,10803.20875,32
17094,N83.201,2,1144.4772727272727,1941.6968181818183,1671.865,9208.358636363637,22
17095,N83.201,3,924.4250819672131,1810.0337704918034,1068.4737704918034,7922.525081967213,61
17096,N83.201,4,1012.0154166666666,1908.3208333333332,1452.2416666666668,9551.336666666666,24
17097,N83.201,5,1188.9603787878787,2196.700909090909,968.2747727272728,8822.20537878788,132
17098,N83.201,6,2253.5870893371757,2744.9833141210374,1123.1318443804034,12661.821383285302,347
17099,N83.201,7,840.4061904761904,1484.3019047619048,1478.3057142857142,6791.366666666667,21
17108,N83.204,6,1952.5323076923075,3101.58,1196.218717948718,11757.594615384616,39
17122,N83.500x0,6,2025.0348780487802,2928.321219512195,1194.6275609756099,11804.16024390244,41
17145,N83.800x0,5,1303.5988888888887,2262.285185185185,869.1881481481482,9273.737037037037,27
17146,N83.800x0,6,2253.009090909091,2522.2695454545456,887.2982727272727,12278.36309090909,110
17182,N84.001,2,596.6508695652174,1240.078695652174,870.6540217391304,5283.866413043478,92
17183,N84.001,3,500.23654999999997,1414.04055,645.8066,5310.4271,200
17184,N84.001,4,699.4957575757576,1514.8062626262627,785.9962626262627,6183.820404040403,99
17185,N84.001,5,698.0416096866097,1521.2287321937322,525.3269230769231,5668.479658119659,702
17186,N84.001,6,728.529743315508,1534.232274509804,563.7858146167558,6316.198916221034,2805
17187,N84.001,7,630.0038888888889,1192.572222222222,571.536111111111,4772.022777777778,36
17190,N84.100,3,549.2355102040816,1425.367755102041,593.4434693877552,4477.724489795918,49
17191,N84.100,4,441.6146428571428,1975.8392857142858,440.1985714285714,5154.9675,28
17192,N84.100,5,700.1560000000001,1479.9175238095238,398.43076190476194,4785.347238095238,105
17193,N84.100,6,665.2992219679634,1645.2514645308925,555.8744851258581,5763.84819221968,437
17208,N85.000x0,3,485.22391304347826,1415.3652173913044,667.7552173913043,4874.219565217391,23
17210,N85.000x0,5,573.9845161290323,1598.1687096774194,545.6787096774194,5453.956129032258,31
17211,N85.000x0,6,957.5517877094971,1777.1415083798884,728.5246368715084,6491.81659217877,179
17217,N85.001,6,630.612463768116,1583.6434782608694,622.0373913043478,5700.929275362319,69
17223,N85.002,6,1291.489534883721,2481.9093023255814,700.9944186046512,10953.72930232558,43
17229,N85.003,6,971.0557857142857,1399.8264285714286,716.7057857142858,5786.0302142857145,140
17236,N85.101,6,2063.020425531915,3229.5271276595745,1085.8946808510639,14732.820319148937,94
17245,N85.600,5,617.2712698412699,912.1071428571429,567.3055555555555,4395.171746031746,63
17246,N85.600,6,928.0419796954315,997.4730710659899,490.8305076142132,5028.159314720812,394
17255,N85.801,1,912.1121428571429,917.0832142857143,1165.7885714285715,23465.883214285714,28
17259,N85.801,5,561.7938095238095,1003.0,935.2890476190476,6004.954285714286,21
17289,N87.000x0,5,564.476,2087.9320000000002,893.1224000000001,6893.4184,25
17290,N87.000x0,6,1074.0596875,1909.8321875,664.948125,6556.90625,32
17295,N87.001,5,403.5390476190476,1636.6609523809523,488.1409523809524,4668.225238095238,21
17296,N87.001,6,567.3759649122807,1628.9057894736843,401.11385964912284,5119.301754385965,57
17303,N87.100x0,6,1258.7791803278687,2673.959344262295,909.3962295081967,8966.478852459015,61
17310,N87.101,6,1038.208085106383,2246.196808510638,574.196170212766,7798.761702127659,94
17374,N90.400,6,422.1392592592593,1530.5637037037038,658.0785185185185,5516.404444444445,27
17420,N93.801,6,398.3478260869565,1486.267391304348,529.265652173913,4987.510652173913,46
17429,N93.901,2,609.3432142857143,1329.4235714285714,1065.6228571428571,4802.844285714286,56
17430,N93.901,3,488.9304651162791,1135.8641279069768,523.2255813953489,4238.039244186047,172
17431,N93.901,4,749.3979591836735,1781.9306122448982,780.3710204081633,6032.007959183674,49
17432,N93.901,5,597.9940229885058,1411.093754789272,526.979846743295,5036.707164750958,261
17433,N93.901,6,729.3383426443203,1634.3153817504656,712.03843575419,6146.28554934823,537
17434,N93.901,7,391.9012903225807,1277.875806451613,847.1351612903226,4914.961290322581,31
17448,N95.000,5,390.7771875,1470.9609375,389.55312499999997,4358.5996875,32
17449,N95.000,6,579.0388372093023,1847.7504651162792,542.8190697674419,5302.977790697674,86
17469,N97.100x0,6,2396.9694444444444,1659.076222222222,946.9236666666667,12814.342222222223,90
17477,N97.900,1,915.2372164948453,588.4894845360825,1454.5510309278352,18511.075670103095,97
17485,N97.900x0,6,1545.1337704918033,1782.408524590164,787.8318032786885,9546.07213114754,61
17486,N97.900x0,7,866.2383870967742,614.5483870967741,598.1196774193548,13415.616129032258,31
17491,N97.902,1,1947.34875,524.4753125,627.1725,14943.300000000001,32
17514,N99.800x0,6,1328.8029577464788,1369.6430985915492,747.6432394366196,8356.90704225352,71
17523,O00.100,3,1206.3216129032257,981.1806451612903,859.5403225806451,7166.975161290323,31
17525,O00.100,5,1059.5205,1252.2258333333334,979.9295000000001,7214.5914999999995,60
17526,O00.100,6,1830.5664242424243,1544.475090909091,1145.2475757575758,9441.934000000001,165
17532,O00.101,3,942.0715789473685,1252.8052631578946,905.1339473684211,6569.328947368421,38
17534,O00.101,5,891.274262295082,1211.7724590163934,868.6813114754098,6723.613606557377,61
17535,O00.101,6,1859.2063529411766,1676.6921176470587,1168.5718823529412,9510.36505882353,85
17541,O00.102,5,1375.0133333333333,1382.4439393939394,922.8169696969696,7543.416666666667,33
17542,O00.102,6,1950.8015686274512,1814.9329411764706,1242.4341176470589,10547.618039215688,51
17546,O00.104,3,912.0408823529411,1049.809705882353,769.0638235294118,6254.910882352941,34
17548,O00.104,5,1161.7214414414414,1142.8608108108108,885.3804504504504,7321.268288288288,111
17549,O00.104,6,1965.6476375404532,1518.1258899676377,974.2474110032363,9399.881294498382,309
17553,O00.105,3,821.7545000000001,1072.5505,793.6231666666666,6015.479166666667,60
17554,O00.105,4,1272.0538461538463,1078.5976923076923,1157.505,6708.502692307693,26
17555,O00.105,5,922.4284962406016,1253.816917293233,836.3325563909774,6611.63992481203,133
17556,O00.105,6,2111.946265560166,1580.0414937759335,998.5454356846474,9796.518132780084,241
17559,O00.106,3,995.1157142857143,1102.5261904761905,897.1904761904761,6657.38380952381,21
17561,O00.106,5,921.420909090909,1272.2045454545455,1055.9524999999999,7540.116590909091,44
17562,O00.106,6,1739.0445263157897,1760.8842105263159,1014.3559999999999,9415.418947368422,95
17567,O00.107,5,1311.4429166666666,1353.55875,979.3224999999999,7913.229583333334,24
17568,O00.107,6,2290.8942857142856,1684.7721428571429,1003.0676785714286,9982.638392857143,56
17590,O00.113,6,1880.2337931034483,1655.1120689655172,931.9020689655173,9346.960689655172,29
17598,O00.115,6,2461.506538461538,1914.0207692307692,1120.846923076923,10961.764615384616,26
17615,O00.800x0,5,1095.6938636363636,1180.0504545454546,744.6231818181818,6419.856363636363,44
17616,O00.800x0,6,1845.7835658914728,1943.8786821705428,1033.1110077519381,10125.583798449612,129
17624,O00.807,5,921.6728125000001,1483.8621875,843.78671875,6922.3609375,64
17625,O00.807,6,1331.256835443038,1613.1643037974684,863.675,8471.250316455697,158
17631,O00.809,5,797.3275675675675,1297.118918918919,786.6691891891892,6609.957567567568,37
17632,O00.809,6,912.6866216216216,1448.361756756757,840.4071621621621,6653.99445945946,74
17656,O02.000x0,6,528.6363636363636,1271.8863636363637,729.5763636363637,3960.7372727272727,22
17663,O02.100,3,513.19075,723.71,344.08875,2971.9365,40
17665,O02.100,5,604.9618248175183,956.631605839416,459.6481751824818,3742.1639416058397,137
17666,O02.100,6,570.4587775061125,1119.4679706601466,694.5413936430318,4368.00053789731,409
17684,O03.400x0,6,581.539756097561,1405.8000000000002,732.2529268292683,4943.058048780488,41
17708,O04.400,6,544.7569565217391,1507.8215217391303,605.2386956521739,5738.519565217392,46
17711,O04.401,5,478.1816666666667,690.7166666666667,433.80416666666673,3542.17625,24
17712,O04.401,6,703.5496,978.4080000000001,642.1636000000001,5272.359466666667,75
17728,O04.900x0,6,496.12102040816325,734.5698979591838,606.7096938775511,3706.7677551020406,98
17731,O04.901,3,413.5166666666667,550.9666666666667,747.1618518518518,4203.366666666667,27
17733,O04.901,5,452.7818072289157,968.0553012048192,585.8180722891566,3963.9445783132533,83
17734,O04.901,6,632.9830872483221,1631.8928859060404,1033.7978523489933,6438.377449664429,149
17742,O04.905,2,314.1827272727273,577.6777272727272,699.5759090909091,2733.6863636363637,22
17743,O04.905,3,400.98641025641024,503.4703418803419,408.2063247863248,2715.439829059829,117
17745,O04.905,5,480.94302564102566,699.8002564102563,405.52,3001.767692307692,195
17746,O04.905,6,477.3534451901566,777.2236912751678,588.8590827740493,3377.475682326622,447
17783,O08.800,6,778.3292857142858,1199.6039285714287,594.2375000000001,6499.4400000000005,56
17784,O08.800x0,6,677.6716,1134.48,1096.6188,6091.7883999999995,25
17789,O08.803,5,602.6847222222223,1180.8111111111111,545.5677777777778,4533.214722222223,36
17790,O08.803,6,499.4758860759494,883.8708860759494,539.7598101265824,4245.749430379747,158
17808,O10.900x0,6,1290.5184615384617,2151.684358974359,1347.1192307692309,10543.320256410256,39
17813,O11.x00x0,6,1346.088245614035,3126.21,1709.6747368421052,12033.591754385965,57
17830,O13.x00,6,943.5461538461539,1324.2807692307692,1041.0846153846155,7820.950384615384,26
17833,O13.x00x0,3,544.12375,1344.53825,965.75425,6085.563,40
17835,O13.x00x0,5,744.5562162162162,1432.5026351351353,1181.250810810811,7588.020675675676,148
17836,O13.x00x0,6,1056.755235109718,2062.837523510972,1286.8975862068967,10120.738307210031,319
17846,O13.x02,3,577.4250000000001,1225.7181578947368,1102.7292105263157,5795.812368421052,38
17848,O13.x02,5,694.7530208333333,1677.5628125,1123.9340625,7588.130416666667,96
17849,O13.x02,6,1078.4765094339623,2076.514528301887,1419.0623584905659,9738.93,106
17855,O14.100,3,659.674,1970.2555,1711.7705,8257.01525,40
17857,O14.100,5,718.4604838709678,2373.319677419355,1629.1916129032259,9036.946935483871,62
17858,O14.100,6,1307.1943668122271,3445.957903930131,2126.235807860262,12913.028908296943,229
17872,O14.900,3,517.779375,1193.71125,1103.5528125,6825.188125,32
17874,O14.900,5,919.6535897435897,1915.1876923076925,1497.6166666666666,8958.093846153846,39
17875,O14.900,6,1399.2084444444445,2453.1943555555554,1792.8468888888888,12401.249155555555,225
17927,O23.500x0,6,638.8517391304348,1586.0347826086959,1186.1065217391304,9116.074782608695,23
17931,O23.501,6,1318.123214285714,1685.3139285714285,1633.2469642857143,10676.916249999998,56
17936,O23.502,5,804.3425806451612,980.8112903225807,1205.1009677419354,7486.595161290323,31
17937,O23.502,6,1909.0802173913044,1975.0334782608695,1573.6425000000002,11933.454347826088,92
17943,O23.506,5,863.3132558139536,812.6127906976744,1363.6023255813955,6550.735581395349,43
17962,O24.300x0,5,753.8283870967742,1200.2490322580645,1009.9906451612903,7616.135806451613,31
17963,O24.300x0,6,1241.0421951219514,2247.647317073171,1220.1107317073172,9070.171707317073,41
17965,O24.400,1,1046.9696226415094,2353.8409433962265,953.6909433962264,22926.67962264151,53
17967,O24.400,3,556.0717037037036,1137.2955555555554,813.4897777777777,6562.679037037037,135
17968,O24.400,4,806.914693877551,1063.1334693877552,1019.2789795918367,8755.586326530612,49
17969,O24.400,5,652.3772647702407,1286.5997811816192,955.1349234135666,6481.829781181619,457
17970,O24.400,6,900.9181478472786,1649.352558895207,1080.1078960194964,9177.730056864337,1231
17972,O24.900,1,544.1054545454546,772.6181818181818,898.1596969696969,6802.819696969696,33
17973,O24.900,2,580.3196969696969,1007.6084848484849,961.1993939393939,5603.784242424243,33
17974,O24.900,3,592.9474074074074,950.5534074074075,714.9178518518519,5572.609481481481,135
17975,O24.900,4,1023.2832352941176,1340.7102941176472,983.6961764705882,13159.629117647059,34
17976,O24.900,5,725.5459842519684,1243.2474803149605,1007.4482677165354,7544.016456692913,127
17977,O24.900,6,801.0037837837838,1294.2235135135134,863.9143243243244,7226.131756756757,74
17996,O26.603,5,595.8391304347826,1833.9095652173912,997.9430434782608,7249.548695652174,23
17997,O26.603,6,894.4602127659574,1596.4059574468085,1191.2951063829787,9250.385106382979,47
18003,O26.606,3,525.5031578947369,1127.2123157894737,942.774947368421,6434.130315789474,95
18004,O26.606,4,980.7317391304347,1126.1126086956522,1094.6817391304348,8973.206956521739,23
18005,O26.606,5,704.6022262773723,1372.7634306569344,1182.8646350364963,7475.383832116788,274
18006,O26.606,6,1135.4707525083613,1769.8806856187289,1412.4149498327758,9969.260652173913,598
18036,O26.900x5,5,597.958888888889,906.9206666666666,654.1975555555556,5202.095777777778,45
18039,O26.900x6,5,544.7384375,1050.3575,505.6615625,5020.8778125,32
18049,O28.300x0,6,1522.6176923076923,2045.5853846153846,1441.5423076923075,10271.218076923076,26
18056,O30.000,5,1253.2124074074075,2001.312037037037,2611.0803703703705,11298.562592592592,54
18057,O30.000,6,1534.4289673913042,2950.1505978260866,2138.1906521739133,13743.265706521739,184
18073,O32.100x0,5,819.6736,1429.76,1040.252,6949.1276,25
18074,O32.100x0,6,1167.2741803278689,1256.627213114754,1168.8141803278688,8254.915491803278,122
18077,O32.101,3,645.6394444444444,948.4481481481481,1002.8972222222221,6058.7385185185185,54
18079,O32.101,5,786.8514743589743,1177.5581410256411,1184.8852564102565,7250.155641025641,156
18080,O32.101,6,1172.2186206896552,1481.7169252873564,1401.928132183908,9316.924568965518,348
18085,O32.102,6,1082.7204651162792,1485.053023255814,1331.2148837209302,8960.126744186047,43
18150,O33.301,6,1348.4709333333333,1323.5569333333333,1346.5408,8992.2076,75
18154,O33.400,6,1094.6963888888888,1013.7755555555555,967.7863888888888,7859.663888888889,36
18159,O33.501,6,1510.7434567901234,1657.77987654321,1882.4986419753088,11321.142222222223,81
18164,O33.900,3,475.5361764705882,1009.5435294117648,1080.8626470588235,6014.295294117647,34
18166,O33.900,5,590.1084615384615,1275.6161538461538,928.0374358974359,7615.807692307692,39
18170,O33.900x0,3,594.6691428571428,1285.6995714285715,1019.1462857142858,5999.3222857142855,70
18172,O33.900x0,5,665.7083006535947,1112.3932679738564,955.7296078431373,6296.384901960784,153
18173,O33.900x0,6,1142.3764840182648,1289.7766666666669,1330.524885844749,8481.503470319634,219
18192,O34.100x0,5,674.7254166666667,1283.25,1081.6595833333333,7522.780833333333,24
18193,O34.100x0,6,1335.0929452054795,1968.6032191780823,1455.4870547945204,11410.611232876712,146
18199,O34.200,3,570.6554651162791,956.841046511628,873.677441860465,5658.993139534883,86
18200,O34.200,5,558.646875,901.0446250000001,1043.5954375,7234.475,160
18201,O34.200,6,912.1052941176471,605.0963235294118,1048.8301470588235,7066.105147058824,68
18204,O34.200x0,2,562.8896153846155,989.2478846153846,1674.3948076923077,7045.38,52
18205,O34.200x0,3,566.0211061946903,1066.441592920354,1020.8911061946903,6286.712345132743,226
18206,O34.200x0,4,831.3087692307693,1213.1126153846155,1415.9415384615384,9001.672461538461,65
18207,O34.200x0,5,713.4908927038626,1220.842094420601,1083.2269442060085,7451.622145922747,1165
18208,O34.200x0,6,1201.5863380281692,1415.8737977867202,1380.4186418511067,10513.155080482898,1988
18210,O34.201,1,1210.65,1847.5645652173914,1461.1726086956521,17805.114782608696,92
18211,O34.201,2,433.6986274509804,752.4593464052288,1226.0780392156862,5478.794313725491,153
18212,O34.201,3,630.2460484720758,948.4726554267651,979.7424025289779,6345.648398314015,949
18213,O34.201,4,653.1059763313609,862.4299408284024,963.7552662721893,6648.164142011834,169
18214,O34.201,5,678.2037427745664,1129.2713945086705,1046.3630202312138,7107.833692196532,1384
18215,O34.201,6,1059.3032086851629,1477.7113449939686,1283.5212002412545,8986.5394933655,1658
18216,O34.201,7,530.6644736842105,996.8734210526317,1152.9884210526316,5275.0768421052635,76
18221,O34.301,6,680.8450684931507,2451.6293150684933,2247.4427397260274,8589.158082191781,73
18245,O34.800x0,6,1670.2708695652175,1949.5723188405796,1407.5665217391304,12068.605652173914,69
18272,O35.800x0,6,822.0741379310346,1182.4827586206898,924.4872413793104,7339.993793103448,29
18306,O36.300x0,3,657.7539655172415,1341.4850000000001,1051.304827586207,6251.978103448276,58
18307,O36.300x0,4,797.4945833333333,1025.9125000000001,1047.7470833333334,6051.294166666667,24
18308,O36.300x0,5,728.634014084507,1240.0934507042252,1120.8997887323942,7154.724084507043,142
18309,O36.300x0,6,1096.9690175438595,1747.572105263158,1358.645649122807,9551.166947368421,285
18316,O36.302,3,503.0848837209303,884.1744186046511,970.326976744186,5755.492325581396,43
18318,O36.302,5,593.965,1371.1645833333332,933.12125,6138.983333333334,24
18319,O36.302,6,931.8048148148148,1447.6107407407408,1068.6499999999999,7526.630185185185,54
18326,O36.304,6,1039.7905555555556,1552.7125,1205.4463888888888,7895.233333333334,36
18335,O36.401,6,660.6186206896551,2175.1327586206894,1182.1796551724137,8387.472068965517,29
18348,O36.503,6,1119.1984615384615,2186.2465934065935,1291.368131868132,10023.416923076922,91
18352,O36.601,3,611.285625,1003.3235416666666,827.5452083333333,5660.5095833333335,48
18354,O36.601,5,681.746036036036,1180.4356756756756,1071.5886486486486,6689.386216216216,111
18355,O36.601,6,958.3204571428571,1392.132342857143,1175.0797142857143,8059.118857142857,175
18362,O36.801,6,927.394090909091,1373.109090909091,1287.8636363636363,7494.723181818182,22
18373,O40.x00x0,6,1518.1454054054054,1598.5172972972973,1465.8356756756757,11504.43189189189,37
18375,O41.000,2,504.9782608695652,866.82,1212.3339130434783,5502.232173913043,23
18376,O41.000,3,537.8545689655173,923.0535344827587,888.2037068965518,5751.941034482759,116
18378,O41.000,5,627.989756097561,1152.226487804878,973.6216097560975,6605.315804878049,205
18379,O41.000,6,995.525625,1371.0540178571428,947.5203124999999,7877.651607142857,224
18385,O41.000x0,5,735.965,1219.9873287671232,950.4261643835616,6578.731164383562,146
18386,O41.000x0,6,1161.799715762274,1577.5755555555556,1359.148992248062,9334.124521963824,387
18393,O41.100x0,5,734.6359459459459,1986.984864864865,1149.387027027027,8097.012162162163,37
18394,O41.100x0,6,1181.759117647059,2552.1100980392157,1855.495,12720.743137254902,102
18410,O41.800x0,3,545.231304347826,1093.0708695652174,910.8334782608695,5370.340869565217,23
18412,O41.800x0,5,655.5646296296296,1082.1814814814816,896.4107407407407,5969.150185185185,108
18413,O41.800x0,6,1126.8647432024168,1484.2598489425982,1147.1415407854984,9304.721933534744,331
18421,O42.000,3,568.3648888888889,802.4488888888889,643.7,4688.810666666667,45
18423,O42.000,5,489.7857142857143,1045.65,771.4146428571429,5940.146071428571,56
18424,O42.000,6,655.533417721519,1348.5783544303797,876.7587341772153,7121.643164556963,79
18427,O42.000x0,1,1142.9837037037037,3530.167037037037,992.3174074074074,24638.32185185185,27
18429,O42.000x0,3,469.6770440251572,1170.9407547169812,795.4430188679246,5824.696792452831,159
18430,O42.000x0,4,636.2213846153846,1144.7046153846154,869.8075384615385,6875.896615384615,65
18431,O42.000x0,5,590.6288553259142,1316.6157074721782,812.5092686804452,6225.332337042925,629
18432,O42.000x0,6,745.4905052493439,1516.536719160105,1003.1582611548556,9134.167946194226,1524
18442,O42.100x0,3,537.8895238095238,1594.2190476190476,1074.585238095238,6491.289523809523,21
18444,O42.100x0,5,641.6717391304348,1703.805652173913,1160.8402173913043,7293.533043478261,46
18445,O42.100x0,6,849.1480499999999,2036.1449,1309.3586500000001,9366.27895,200
18449,O42.900,1,849.7640740740741,1174.5455555555554,1035.5366666666666,12055.772962962963,27
18450,O42.900,2,469.6610526315789,941.5860526315788,1205.136842105263,5830.349736842106,38
18451,O42.900,3,563.320085106383,979.9863829787233,817.7590212765957,5833.15914893617,235
18452,O42.900,4,854.2178378378379,1412.4354054054054,952.8283783783784,12158.157567567569,37
18453,O42.900,5,673.150193050193,1235.5484555984556,1044.4170656370657,6586.578494208495,259
18454,O42.900,6,1235.8483174603175,1730.932111111111,1621.19526984127,10296.053603174603,630
18455,O42.900,7,522.7013636363637,902.5895454545455,851.0195454545454,4604.169090909091,22
18467,O43.101,6,1317.3617142857145,1600.5134285714287,1420.7451428571428,9155.637142857142,35
18479,O43.105,5,717.685,977.6931818181819,882.2363636363636,6686.240909090909,22
18480,O43.105,6,844.026119402985,1398.2229850746269,1248.4102985074628,8799.486865671643,67
18505,O44.000x0,5,1154.192972972973,1439.4932432432433,1393.745945945946,8749.018378378378,37
18506,O44.000x0,6,2003.2790839694655,2137.0597709923663,1863.334427480916,13829.22816793893,131
18512,O44.001,6,1371.4122727272727,1817.5454545454545,1863.7575,10489.920681818183,44
18521,O44.003,6,2475.862372881356,2629.041694915254,2394.6172881355933,16045.427627118645,59
18529,O44.100x0,6,2094.6964000000003,2936.4682000000003,2231.416,14822.850999999999,50
18539,O44.103,6,2056.940980392157,2674.265882352941,2136.685294117647,14035.954509803923,51
18552,O45.900,3,749.4799999999999,1493.0475000000001,1357.3682142857142,7486.740714285714,28
18554,O45.900,5,821.8803225806452,1265.1670967741936,1246.5470967741935,7355.785806451612,31
18555,O45.900,6,1172.5863779527558,1917.7814960629921,1629.045748031496,11106.899448818898,127
18561,O45.900x0,5,868.4804545454546,1620.7195454545456,1233.865909090909,7918.921363636363,22
18562,O45.900x0,6,978.8392156862745,1956.3745098039217,1999.7541176470586,10757.09843137255,51
18592,O60.100x0,6,706.1366666666667,2001.4013333333332,1961.3335555555554,9859.448444444444,45
18624,O62.100,6,966.5899999999999,1585.6714285714286,1401.3461904761905,8253.400476190476,21
18630,O62.201,3,651.3681632653062,823.6567346938775,941.3699999999999,5095.333673469388,49
18632,O62.201,5,721.4235,1123.2782499999998,1292.9324166666668,6618.4675,120
18633,O62.201,6,968.4718143459916,1428.214852320675,1257.4275527426162,8263.117932489451,237
18639,O62.300,6,420.76538461538456,930.8055128205128,542.5760256410257,5949.757179487179,78
18652,O63.001,3,885.5834615384616,1005.5807692307692,1324.8096153846154,8039.0603846153845,26
18654,O63.001,5,745.2687500000001,1327.7579166666667,1042.0245833333333,7114.7579166666665,24
18655,O63.001,6,1582.181063829787,2004.9797872340425,1601.5170212765959,12409.032978723406,47
18673,O63.100x0,5,1043.714347826087,1360.0156521739132,1358.6630434782608,8802.88652173913,23
18674,O63.100x0,6,1433.253888888889,2011.7290277777777,1637.7529166666668,12359.96361111111,72
18686,O64.001,3,803.51,1076.7293548387097,1177.6058064516128,6442.167096774193,31
18688,O64.001,5,727.2572,1587.4807999999998,1104.2716,7710.7284,25
18689,O64.001,6,1197.3507692307692,1712.7853846153848,1420.033846153846,10098.152820512822,39
18693,O64.002,3,855.417741935484,1123.1203225806453,1213.3064516129032,7289.836451612903,31
18695,O64.002,5,892.1983870967741,1249.5919354838709,1161.4129032258065,7287.800645161291,31
18696,O64.002,6,1221.5136363636364,1739.7632727272726,1144.6012727272728,9614.212000000001,55
18725,O64.800x0,6,658.6096000000001,1646.136,1050.5108,8470.3872,25
18756,O65.400x0,5,810.2884375,1362.3071875,1147.9546875,8218.3184375,32
18757,O65.400x0,6,1181.8977142857143,1541.875857142857,1720.5895714285714,9915.757142857143,70
18760,O65.401,3,679.4587179487179,954.4807692307693,1051.5197435897437,5594.806923076923,39
18762,O65.401,5,774.0311764705883,1179.903823529412,1106.172794117647,7066.338088235294,68
18763,O65.401,6,1160.79275,1609.0417499999999,1327.1680000000001,9509.27125,40
18770,O65.500x0,6,1483.2709677419355,1270.2225806451613,1499.8480645161292,10955.869677419356,31
18782,O66.001,6,440.83862068965516,1484.1520689655174,974.0944827586206,7486.375862068965,29
18809,O68.003,3,690.496923076923,1071.96,1171.813846153846,5761.9807692307695,39
18811,O68.003,5,665.344875,1316.944125,1021.700375,6826.73275,80
18812,O68.003,6,904.2298395721925,1644.3868449197862,1230.0302139037433,10003.44256684492,187
18821,O68.101,5,634.3630769230768,1055.4553846153847,1003.891923076923,5912.2292307692305,26
18822,O68.101,6,937.3333333333334,1922.2891666666667,1247.9033333333334,9088.16625,24
18830,O68.201,6,938.0935849056604,1575.7707547169812,1276.3588679245283,9359.210000000001,53
18836,O68.901,2,494.8457142857143,609.9561904761905,1203.2580952380952,5443.698095238095,21
18837,O68.901,3,704.4111320754718,1054.3107547169811,1167.7337735849057,6756.239056603773,106
18839,O68.901,5,620.9844303797468,1273.4220253164556,967.387341772152,6646.972658227848,79
18840,O68.901,6,1066.0146896551723,1828.668275862069,1200.184551724138,9538.645793103447,145
18853,O69.002,6,1199.3231818181819,1664.8595454545457,1419.280909090909,9238.28409090909,22
18855,O69.101,1,975.717894736842,1982.6508771929825,989.8252631578947,19695.57157894737,57
18856,O69.101,2,471.1941304347826,849.3067391304348,1230.928260869565,5134.228695652174,46
18857,O69.101,3,510.3526237623762,879.275594059406,728.3089108910891,5486.615940594059,202
18858,O69.101,4,687.6544736842106,951.4802631578947,795.3726315789473,6948.25447368421,38
18859,O69.101,5,625.8302013422818,1092.403422818792,858.5322147651008,6196.104451901566,447
18860,O69.101,6,968.529521575985,1422.0276923076924,1196.8203658536586,9383.843377110694,1066
18871,O69.200x0,6,737.9821052631579,1170.8618421052631,671.9655263157895,7055.535526315789,38
18910,O69.803,5,728.9776923076923,1263.5907692307692,912.7905128205128,6836.15076923077,39
18911,O69.803,6,948.5746363636364,1363.179,1264.820181818182,8571.379181818182,110
18914,O70.000,1,856.4264285714286,1803.137142857143,659.7924999999999,16157.057857142858,28
18916,O70.000,3,481.3971111111111,969.7443888888888,449.2840555555556,4337.267222222222,180
18917,O70.000,4,548.0078260869566,837.5945652173913,476.48804347826086,7996.764347826088,46
18918,O70.000,5,426.66246268656715,1196.6641293532339,495.5309950248756,4910.04763681592,402
18919,O70.000,6,502.1168154158215,1302.5253752535498,753.2744219066936,6818.599797160244,493
18924,O70.000x0,5,391.2426984126984,856.2255555555555,477.3568253968254,3990.4812698412698,63
18925,O70.000x0,6,537.7971621621622,1217.7392567567567,688.0033558558558,7018.417612612612,444
18929,O70.100,3,423.2676,986.844,552.3711999999999,6159.786114285715,175
18931,O70.100,5,359.74868421052633,1026.2088157894736,461.28355263157897,4367.346842105263,76
18932,O70.100,6,520.403448275862,928.4002298850576,657.1744827586207,5831.415057471264,87
18937,O70.100x0,6,469.8932075471698,1275.69679245283,487.97622641509435,7842.407169811321,53
18956,O71.000x0,5,785.4399999999999,1272.3404347826088,1505.464347826087,8348.63652173913,23
18957,O71.000x0,6,1276.7498823529413,1712.8395294117645,1393.8684705882354,9734.884470588237,85
18961,O71.001,4,924.9716000000001,698.66,1066.5711999999999,6060.9932,25
18963,O71.001,6,1486.2861111111113,1419.7777777777778,1267.8947222222223,8851.802777777779,36
18969,O71.101,3,759.6210344827585,1120.4137931034484,1370.7186206896554,6841.841379310345,29
18970,O71.101,4,895.2446875,627.32,1097.7734375,6455.660625,32
18971,O71.101,5,580.4610909090909,926.1881818181818,1001.8587272727272,6612.6007272727265,55
18972,O71.101,6,1243.2761963190183,1597.2737423312883,1261.0735582822085,9877.135153374233,163
18980,O71.301,5,373.5845454545455,1370.9231818181818,643.954090909091,5878.340909090909,22
18981,O71.301,6,527.8810344827587,1472.2075862068964,869.2375862068965,7784.677413793103,58
18986,O71.400,5,309.60391304347826,1575.9108695652174,734.8669565217391,6719.246956521739,23
18987,O71.400,6,488.9713333333333,508.5706666666667,454.517,5177.461333333334,30
18991,O71.400x0,3,469.6228767123288,1082.942191780822,532.6186301369862,4810.485479452055,73
18993,O71.400x0,5,396.02886363636367,1011.3220454545454,524.5603409090909,5044.211136363637,88
18994,O71.400x0,6,522.333984063745,1392.2470916334662,561.3058964143427,6228.063545816733,251
19002,O71.704,6,511.4497297297297,1427.3089189189188,850.7693243243243,7918.582702702703,74
19008,O72.000x0,6,3489.287027027027,4324.606756756757,3041.624594594595,22610.7,37
19013,O72.001,5,669.4372413793103,1491.7296551724137,1095.2762068965517,7030.731379310345,29
19014,O72.001,6,1352.1603125,1909.215625,1443.1440625,10559.513125,32
19020,O72.100,3,799.23275,1329.6280000000002,1232.6799999999998,7780.15625,40
19022,O72.100,5,801.3666666666667,1777.908888888889,1484.751851851852,8559.965925925926,27
19023,O72.100,6,1135.4623076923076,2027.2656410256411,1670.565641025641,11281.255897435896,78
19025,O72.100x0,3,561.5722222222222,1279.287037037037,1072.601851851852,6270.937037037038,27
19027,O72.100x0,5,750.5501315789473,1704.9763157894736,1560.9327631578947,8573.6875,76
19028,O72.100x0,6,1349.0372916666668,2452.5972916666665,2290.6321875,13107.02140625,192
19033,O72.101,5,599.1028,1800.2468,1442.3368,8128.1143999999995,25
19034,O72.101,6,1392.348157894737,2317.460964912281,2157.925350877193,14258.479649122806,114
19055,O73.000x0,3,546.9284,1070.2,749.992,5183.6720000000005,25
19057,O73.000x0,5,746.65625,1280.4916666666666,1072.6452083333334,7344.042916666666,48
19058,O73.000x0,6,1380.6305825242719,1646.2439805825243,1632.8099029126215,10835.60490291262,206
19072,O73.100x0,6,612.4866292134831,1698.4470786516854,794.5132584269662,8456.293258426966,89
19075,O73.101,5,457.3304545454546,548.3000000000001,263.3027272727273,3425.2195454545454,22
19104,O80.000,3,441.3597894736842,646.8721052631579,366.47726315789475,3622.8685263157895,95
19105,O80.000,4,421.4581481481481,599.7814814814815,376.9288888888889,3867.1,27
19106,O80.000,5,433.14214285714286,1172.4605952380953,465.9157142857143,4441.079880952381,84
19107,O80.000,6,483.4350862068966,1348.045,648.9837068965518,7052.9795689655175,116
19123,O82.000,3,572.0876470588236,929.1155882352941,958.3086764705882,5941.4675,68
19125,O82.000,5,751.8736633663367,1134.9673267326732,1034.5003960396039,7013.722376237623,101
19126,O82.000,6,1034.449961832061,1320.5833969465648,1439.4059923664122,9428.392748091603,262
19127,O82.000,7,693.9,1141.1478260869567,1419.9491304347828,6640.836956521739,23
19133,O82.100,6,1058.2582278481011,1569.186075949367,1390.0154430379746,9920.460759493672,79
19138,O82.900,2,473.15416666666664,829.3138888888889,1525.7925,5813.8036111111105,36
19139,O82.900,3,598.9611904761905,1071.7923809523809,1142.3088095238095,6239.331666666667,42
19141,O82.900,5,836.6948571428571,944.787142857143,1062.187142857143,6079.032,35
19142,O82.900,6,1447.6018181818183,1493.7054545454544,1355.091818181818,8905.587727272727,22
19143,O82.900,7,640.9469565217391,1144.7652173913043,1052.108695652174,5990.060869565217,23
19148,O82.900x0,6,1240.4934615384616,1353.8819230769232,1097.095,12740.236923076922,26
19225,O98.402,6,754.6979166666666,1499.1995833333333,1040.2979166666667,8164.158333333333,24
19244,O98.806,6,832.9286206896552,1634.9913793103449,1269.7937931034483,9907.301034482758,29
19249,O98.808,5,569.445,1222.548611111111,986.4430555555557,6221.151388888889,36
19250,O98.808,6,904.8595833333333,1389.8964166666667,1056.4181666666666,10063.145166666665,120
19259,O99.000x0,3,559.6014285714285,883.7735714285715,803.0257142857143,5465.457142857143,28
19260,O99.000x0,4,819.98375,899.3429166666666,884.0429166666667,6367.897916666668,24
19261,O99.000x0,5,646.74,918.2774999999999,861.436052631579,5783.122631578947,76
19262,O99.000x0,6,997.1804433497538,1548.6925615763548,1201.1706403940887,8964.982216748767,203
19268,O99.001,6,600.0022580645161,1346.8045161290324,794.1851612903226,6575.152903225806,31
19272,O99.004,5,469.82414634146346,1130.811219512195,852.5173170731707,6078.429512195122,41
19273,O99.004,6,911.7953271028038,1430.3139252336448,950.7160747663551,8126.107943925234,107
19276,O99.005,3,523.4953225806452,852.8606451612903,801.0025806451612,5314.125322580646,62
19278,O99.005,5,576.7572173913044,1139.9570434782609,772.8699130434782,5937.087652173913,115
19279,O99.005,6,808.9569871794872,1303.1699999999998,913.9564102564103,8481.615448717948,156
19283,O99.006,3,515.7348717948718,1065.8615384615384,733.6320512820512,5990.43282051282,39
19285,O99.006,5,550.6478333333333,1216.5553333333335,889.6005,6035.3565,60
19286,O99.006,6,915.9641489361703,1408.2517021276597,1088.0286170212767,8833.570212765957,94
19295,O99.008,6,757.2793333333334,1374.122,1113.224,7647.884,30
19303,O99.101,3,596.2299999999999,942.1391304347826,784.4321739130435,5869.995652173913,23
19305,O99.101,5,671.7981578947368,1114.1465789473684,857.1484210526315,6591.6168421052635,38
19306,O99.101,6,879.344193548387,1448.9637634408602,1069.810322580645,8684.289569892473,93
19310,O99.105,6,1134.6795454545454,1977.0595454545453,953.6118181818182,9078.757272727273,22
19314,O99.109,6,1327.323076923077,1699.6126923076922,1242.931346153846,10720.118653846155,52
19320,O99.200x0,6,1112.1328846153847,1498.3096153846154,1152.6775,9363.902884615385,52
19332,O99.207,5,834.6820833333333,1304.9445833333332,1375.9066666666668,8074.1658333333335,24
19333,O99.207,6,972.1658064516129,1322.7803225806451,1034.6525806451614,7813.607419354838,31
19340,O99.212,5,711.1740740740742,1336.9518518518516,1085.1514814814816,6480.934814814815,27
19341,O99.212,6,822.0898550724637,1442.4398550724638,1007.6204347826086,8053.705652173912,69
19349,O99.215,3,516.5927472527472,945.5247252747253,703.7625274725275,5303.946483516484,91
19350,O99.215,4,508.5308,1037.692,771.238,5380.9024,25
19351,O99.215,5,618.6069696969697,1193.1154112554111,845.5687878787879,6125.437272727273,231
19352,O99.215,6,909.9126177024482,1447.8822033898305,1045.4112052730695,8832.864086629002,531
19359,O99.216,6,960.88,1533.316551724138,1018.5379310344827,8401.288275862069,29
19363,O99.218,6,862.7590476190476,1500.4780952380952,1054.0085714285715,10886.462857142857,21
19393,O99.400x0,6,1264.7639024390244,3134.9126829268293,1791.8041463414634,11426.481951219512,41
19399,O99.403,6,1214.8743333333334,1520.499,1213.768,11185.450333333334,30
19419,O99.418,6,1155.275,1647.936923076923,1095.9734615384616,10817.168076923077,26
19425,O99.420,6,1043.8266666666666,1720.7555555555555,959.4402222222221,10657.987555555555,45
19434,O99.500x0,6,1215.9271428571428,2757.342380952381,1742.9442857142858,10680.549523809525,21
19449,O99.510,5,589.6245714285715,1450.4985714285713,1046.155714285714,6784.716571428571,35
19450,O99.510,6,742.700606060606,1823.459090909091,969.2336363636364,7823.164545454545,33
19455,O99.600x0,6,1311.3079310344829,2072.715172413793,1718.2551724137932,10531.742068965517,29
19487,O99.800x1,6,1536.9604705882352,1308.0743529411766,1327.4815294117648,10005.512352941178,85
19495,O99.800x4,6,1497.3830357142856,1881.7223214285714,1149.3164285714286,10098.967321428572,56
19534,P07.000x0,6,6274.441999999999,39017.6448,17280.7296,130621.32960000001,25
19540,P07.100x0,6,1397.9437101449275,10210.358724637681,4364.146000000001,33902.6184057971,345
19552,P07.300x0,5,587.1114,2651.692,1019.24,10952.7108,50
19553,P07.300x0,6,930.0798787878788,5627.083818181818,2138.6560606060607,20393.575454545455,165
19570,P21.102,6,418.8291891891892,3765.2797297297298,835.954054054054,10505.03783783784,37
19574,P22.000,3,495.884347826087,2867.9826086956523,2771.4965217391305,10724.247826086956,23
19576,P22.000,5,784.9093750000001,3664.110625,6453.517916666667,21644.264166666668,48
19577,P22.000,6,1271.9342592592593,8865.88216931217,7642.414576719577,32698.044232804234,378
19583,P22.101,6,578.4455714285715,3895.157285714286,793.8175714285713,11455.111428571428,70
19594,P23.200,6,456.0872413793103,5733.6203448275855,1605.3968965517242,14868.078965517241,29
19601,P23.600,6,649.7659701492537,3296.4940298507463,955.5040298507462,11826.355223880597,67
19607,P23.800,6,440.65076923076924,2668.1923076923076,829.7603846153846,10592.245769230769,26
19608,P23.900,3,434.63795918367344,2288.0285714285715,693.8126530612245,6372.9079591836735,49
19609,P23.900,5,286.5103846153846,1332.7115384615386,369.9665384615385,5985.841153846153,26
19610,P23.900,6,344.30095238095237,3141.880158730159,715.4387301587301,11389.366984126984,63
19613,P23.900x0,3,351.3787272727273,1281.630909090909,524.4565454545454,6023.459090909091,55
19614,P23.900x0,4,372.84483870967745,3008.8329032258066,567.1451612903226,8339.032258064517,31
19615,P23.900x0,5,655.9513698630136,2417.5846917808217,647.3193835616439,8470.435993150684,292
19616,P23.900x0,6,583.7948148148148,4227.894320987654,995.7995855379188,12229.167028218695,1134
19622,P24.002,6,468.83750000000003,3163.5499999999997,442.23464285714283,8766.272857142858,28
19656,P36.900,6,498.7670967741936,3658.772903225806,981.3816129032258,10705.750967741937,31
19659,P36.901,5,278.6090476190476,2260.0176190476186,540.1866666666667,7190.731904761905,21
19660,P36.901,6,692.7371317829457,5701.7789922480615,1902.9834108527132,15906.832713178293,129
19666,P39.200,6,604.91125,4116.291666666667,469.5525,9762.209583333333,24
19672,P39.900,6,489.72190476190474,2608.3304761904765,380.0459523809524,7678.493333333333,42
19688,P55.101,6,436.03693877551024,2616.8073469387755,513.1332653061224,7651.768979591837,49
19700,P59.801,6,594.6447619047618,1827.1857142857143,397.0609523809523,6933.232857142858,21
19704,P59.901,3,232.28958333333333,695.9375,158.46354166666666,3314.761458333333,48
19706,P59.901,5,489.3095081967213,1213.0777049180329,138.3929508196721,4476.640163934426,61
19707,P59.901,6,411.573125,2205.34109375,308.44109375,6243.353515625,128
19721,P70.400x0,6,579.1921875,2958.655,271.3375,7593.06875,32
19731,P77.x01,6,2350.4488235294116,11602.71705882353,5750.105294117648,36777.72617647058,34
19736,P78.300x0,6,480.59285714285716,4137.522857142857,866.8114285714286,10065.867142857143,21
19748,P91.600,6,1009.3271428571428,9766.18619047619,2189.602857142857,26234.12857142857,21
19780,Q10.000,6,586.0544444444445,943.925925925926,441.9311111111111,7264.688888888889,27
19792,Q12.000,6,3516.1933333333336,1095.5938461538462,397.47487179487183,9816.252307692308,39
19824,Q18.002,6,1407.1265384615385,2139.402692307692,869.3896153846155,7952.5626923076925,26
19830,Q18.102,6,734.421052631579,1070.62,657.489298245614,5461.373333333334,57
19835,Q20.001,6,21109.44380952381,3239.6666666666665,585.0614285714286,33838.40523809524,21
19840,Q21.000,6,16865.567386363637,8897.474772727273,3005.9780681818183,46741.140113636364,88
19844,Q21.100,6,15561.79632352941,4686.7172058823535,1218.137279411765,31061.945367647062,136
19846,Q21.101,6,22594.11085603113,3694.4829961089495,688.2363424124513,32832.50396887159,257
19848,Q21.102,6,16573.917798165137,9410.621926605505,6585.358348623853,52158.23155963303,109
19879,Q24.501,4,1047.905625,2510.5,1444.2721875,7720.8590625,32
19880,Q24.501,5,1012.7616304347825,2328.5858695652173,703.4891304347826,6773.694347826087,92
19881,Q24.501,6,1004.2941868512112,2911.9898961937715,758.8692733564014,7994.274705882353,289
19899,Q25.000,6,15962.3187654321,4749.770493827161,1168.993950617284,33937.32716049383,81
19922,Q27.800x0,6,1835.858095238095,1762.1523809523808,1336.597142857143,11189.609523809524,42
19944,Q28.300x0,6,10704.572258064516,5479.01,4237.5487096774195,32844.09225806451,31
19949,Q28.800x0,6,6463.889999999999,5137.749846153846,2988.977076923077,23251.55476923077,65
19951,Q28.801,6,7661.536041666666,6735.234166666666,3297.9300000000003,24443.579375,48
19962,Q33.002,6,2764.2739130434784,2316.399130434783,3047.0304347826086,26925.340434782607,23
19974,Q35.500,6,729.0972222222222,833.468611111111,516.0625,10994.148333333334,36
19978,Q35.907,6,2367.6517391304346,1354.6121739130433,692.8595652173914,33495.361739130436,23
19985,Q36.901,6,1112.726875,878.18625,576.135,26495.541875,32
19996,Q38.100,6,393.49157894736845,825.3952631578948,293.3123684210526,3625.9052631578948,38
20065,Q51.203,6,1019.161724137931,1285.4793103448276,346.54655172413794,6182.2955172413795,29
20084,Q53.101,6,1153.1842553191489,965.3693617021277,576.3903191489362,7320.466489361702,94
20099,Q53.902,6,1631.5479166666667,1440.4433333333334,623.6604166666667,7597.953333333334,48
20102,Q54.100,6,1657.1212903225808,765.4354838709677,1396.8967741935483,16451.027741935482,31
20103,Q54.200,6,1789.8369565217392,914.8930434782609,1374.0765217391304,16557.797826086957,23
20114,Q55.606,6,1116.0602564102564,746.548717948718,832.3889743589743,10417.540512820513,39
20162,Q65.801,6,14558.119130434783,4592.041304347826,2361.1469565217394,32247.462608695652,23
20190,Q69.100,6,1034.6631666666667,1072.249,523.737,8633.3855,60
20197,Q69.900x0,6,1009.4866666666668,1200.8152777777777,452.8066666666666,7025.232222222222,36
20243,Q79.200,6,4181.634347826087,1921.9347826086957,1005.5291304347827,10784.420869565218,23
20250,Q82.503,6,445.59351351351347,120.02702702702703,379.3782432432433,6962.1055405405405,74
20261,Q83.100,6,891.7297297297297,1557.245945945946,545.4013513513513,6201.787297297297,37
20287,Q85.901,6,13816.647346938775,5694.275918367347,2401.1022448979593,34143.32408163265,49
20291,Q85.903,6,4759.5022222222215,4878.526944444445,2319.5563888888887,25921.516944444444,36
20306,Q89.202,6,1475.858761061947,2072.0134513274334,1115.7146902654868,9240.623008849558,113
20334,R04.000,3,762.8630555555555,895.9430555555556,566.1713888888888,3375.218888888889,36
20336,R04.000,5,635.005,1031.7939393939394,334.2360606060606,3004.865378787879,132
20337,R04.000,6,1079.417554945055,1141.3164835164835,531.0948076923078,4332.230164835165,364
20343,R04.200,5,383.9730434782608,2683.62,1660.2173913043478,6535.445652173913,23
20344,R04.200,6,2711.8562608695656,4802.374,3268.860260869565,15288.853130434783,115
20371,R07.400,6,721.1158620689655,3069.4547126436782,665.5210344827586,7241.26183908046,87
20386,R09.800x0,6,745.0776470588235,3102.6264705882354,711.7629411764707,8151.081470588236,34
20401,R10.402,5,406.976,2784.5968,715.242,4876.554,25
20402,R10.402,6,905.7223076923076,3692.5380219780222,1524.1269230769233,8061.497692307693,91
20431,R18.x00x0,5,541.0626086956522,2342.302173913043,1298.1873913043478,6750.394347826087,23
20432,R18.x00x0,6,762.5121428571429,4545.1882857142855,2205.9234285714288,9967.965857142857,70
20443,R19.002,6,1860.551304347826,4251.782608695652,951.34,9593.057826086955,23
20459,R22.002,6,713.2195238095238,1541.9166666666667,498.1742857142857,5202.542380952381,21
20470,R22.005,6,787.875,1790.4477272727272,536.8286363636363,5753.859545454546,22
20484,R22.101,6,1453.0655737704917,2456.01737704918,796.9040983606558,7751.273442622951,61
20552,R22.902,6,1125.800909090909,1686.9545454545455,524.8295454545455,5775.084545454545,22
20578,R31.x00,6,1892.3716666666667,3647.8885714285716,1820.1680952380952,10687.384285714286,42
20588,R33.x00,6,679.1715384615384,3056.0046153846156,1635.4003846153848,8045.1476923076925,26
20603,R40.200x0,6,1246.9453846153847,10571.937307692308,3920.1888461538465,26686.90923076923,26
20607,R40.201,6,1203.2185294117646,6800.627941176471,3759.910294117647,21282.88088235294,34
20618,R42.x00x0,6,720.7230188679246,4602.325471698113,1125.0041509433963,9490.355660377358,53
20640,R50.900,6,1344.216612903226,10487.988064516128,5910.894032258065,24102.70370967742,62
20644,R51.x00,6,575.5204444444445,5180.182,1431.0411111111111,9981.685111111112,45
20658,R53.x00x0,6,442.04772727272723,5820.690909090909,1218.6531818181818,13801.8,22
20663,R55.x00x0,5,514.6175862068966,3350.549310344828,705.748275862069,6105.423448275862,29
20664,R55.x00x0,6,3675.4377241379307,4528.021379310345,1140.0882068965518,12328.121586206897,145
20670,R56.000,6,355.34802197802196,2337.905274725275,869.0053846153846,4999.305384615384,91
20676,R56.801,6,517.3790909090909,5758.209090909091,1525.4013636363636,9909.580454545456,22
20683,R57.000,6,2964.252962962963,7641.843703703704,6201.175185185186,24247.523333333334,27
20690,R57.100,6,1714.767142857143,7310.907619047619,4625.3761904761905,20794.261904761905,21
20696,R57.101,6,11214.622619047619,9434.097619047618,6148.5445238095235,41902.590476190475,42
20701,R57.200,5,1981.1772727272728,6658.313636363636,9967.670454545454,23390.92,22
20702,R57.200,6,1979.0451612903225,9865.004838709678,8515.834516129033,29907.25483870968,62
20735,R59.005,6,1373.1342647058825,4026.416617647059,1019.5027941176471,9891.21794117647,68
20742,R59.008,6,1078.3686363636364,2618.4227272727276,688.9659090909091,7154.99,22
20745,R59.010,6,1628.086923076923,6644.6865384615385,1140.2746153846153,12123.025384615383,26
20751,R59.014,6,1170.7588,3355.0071999999996,1875.0576,9171.0296,25
20766,R59.901,6,1899.0777777777778,3102.125925925926,804.31,8920.627777777778,27
20819,R77.800x0,6,552.8242857142857,3781.9733333333334,427.7319047619048,6055.719047619048,21
20829,R90.000,4,658.9812068965516,4359.375,4909.501724137931,13780.855344827585,58
20830,R90.000,5,487.0126923076923,2852.1153846153848,2929.5515384615383,8959.191153846154,26
20831,R90.000,6,2548.525221238938,6007.96,3196.227079646018,17301.493097345134,113
20833,R90.000x0,3,423.83518518518514,5877.613333333334,2113.9885185185185,13326.502962962964,27
20836,R90.000x0,6,1635.22,4198.451428571429,4809.388571428572,15304.78742857143,35
20852,R91.x00x0,5,1998.2223076923076,2970.0942307692308,955.8442307692308,8236.003461538461,26
20853,R91.x00x0,6,3648.7828104575165,4750.5777124183005,1163.8562091503268,12324.57366013072,153
20858,R91.x02,6,3034.5311464968154,6184.359554140127,1508.4562420382165,22834.853057324843,157
20859,R91.x03,1,7845.063243243244,1476.0891891891893,1026.4405405405407,13032.630810810811,37
20861,R91.x03,3,1160.817857142857,2758.089285714286,1445.2739285714285,7303.412142857143,28
20862,R91.x03,4,801.6975862068965,4489.393448275862,3082.223448275862,12148.72103448276,29
20863,R91.x03,5,698.3302970297029,3486.8115841584163,1305.65297029703,7898.222376237623,101
20864,R91.x03,6,2293.644928909953,4590.802298578199,1450.0251421800947,11045.187938388624,422
20876,R93.203,6,2349.3223529411766,5108.552352941177,2556.598823529412,13743.440098039215,102
20895,R93.302,6,2265.254375,4867.07328125,2777.8224999999998,13735.67953125,64
20912,R93.405,6,1499.3666666666666,4223.0952380952385,1694.0623809523809,11326.92857142857,21
20924,R93.800x0,6,801.2979310344828,1582.0889655172414,805.0162068965518,6243.610689655172,29
20932,R93.803,5,571.3056666666666,1460.3283333333334,512.9006666666667,4625.535333333333,30
20933,R93.803,6,527.9239361702128,1372.8634042553192,552.5259574468085,5214.504361702127,94
20945,R94.500,6,569.0265217391304,3469.541739130435,1637.1365217391303,7436.927391304347,23
20998,S01.001,3,444.6024,1360.256,1483.5216,4320.284000000001,25
21000,S01.001,5,437.2796551724138,2682.6206896551726,1955.451379310345,8883.166551724138,29
21001,S01.001,6,473.6286206896552,2545.11724137931,1451.8110344827585,7566.732413793103,29
21004,S01.100,6,619.2809523809524,1077.1666666666667,568.38,6838.809523809524,21
21008,S01.101,6,595.832,1857.9022499999999,890.52975,6379.675499999999,40
21044,S01.506,6,519.3082608695652,1451.6008695652174,626.7852173913043,5798.955652173913,23
21052,S01.800x0,6,910.173125,1248.95125,813.7459375000001,7387.131249999999,32
21057,S01.802,5,422.3542857142857,1585.7660714285714,1020.4385714285714,5136.752142857143,28
21058,S01.802,6,896.7105882352942,1678.1904411764706,1137.7782352941176,7959.792647058824,68
21088,S02.200,3,703.0090909090909,1765.2151515151515,1509.0054545454545,6806.528181818182,33
21090,S02.200,5,600.3922807017544,1360.255263157895,1182.677543859649,5839.646315789474,57
21091,S02.200,6,947.7191569767442,1235.4691860465116,949.9058430232558,5761.320843023256,344
21104,S02.400,6,18509.506538461537,6482.846153846154,1066.2869230769231,44742.92269230769,26
21110,S02.400x0,6,14741.741162790697,2665.7958139534885,2149.1017441860463,31530.351511627905,86
21125,S02.600,6,14570.164642857144,4013.9375,2466.4813095238096,31829.906904761905,84
21127,S02.600x0,6,13415.16696969697,5038.037878787879,2672.4751515151515,33899.037575757575,33
21146,S02.801,6,21080.836428571427,3790.3728571428574,2342.6361904761907,40593.60285714286,42
21192,S05.201,6,641.18,984.5695652173912,788.205652173913,5228.984347826087,23
21206,S05.300x0,6,957.4334117647059,1296.0371764705883,1067.4152941176471,6930.633764705883,85
21218,S05.500x0,6,4118.876290322581,1076.9977419354839,1462.923870967742,12921.841290322582,62
21226,S05.601,6,1354.713,1022.772,850.2226666666667,7166.778333333334,30
21235,S05.806,6,5165.668125,1386.290625,530.7425,12671.8809375,32
21239,S05.810,6,1631.7851612903225,1421.1129032258063,748.5719354838709,6386.528064516129,31
21249,S06.000,5,482.4430769230769,3355.097435897436,2107.5179487179485,9825.30794871795,39
21250,S06.000,6,654.6309803921569,3329.8076470588235,2855.5970588235296,10941.291764705882,51
21259,S06.200x0,5,4583.135925925926,9367.435432098766,6588.489999999999,34892.23172839506,81
21260,S06.200x0,6,6310.520860927152,10731.25142384106,11073.484470198675,43811.044933774836,302
21263,S06.202,3,1707.5215384615383,4156.463076923077,5195.607307692307,15475.229615384616,26
21265,S06.202,5,3426.454375,9044.140625,7859.5025,41482.20416666667,48
21266,S06.202,6,2240.811098901099,8770.755164835164,7501.135604395604,29450.1278021978,91
21277,S06.206,6,7604.067441860466,18764.166511627907,15547.671860465116,74096.26279069767,43
21288,S06.300x0,5,4176.243658536585,6641.577926829268,5109.08731707317,25727.572073170733,82
21289,S06.300x0,6,3863.6378873239437,8136.256244131456,7748.6352582159625,32434.604976525825,213
21305,S06.400x0,5,8215.537692307693,7087.096153846154,5994.691923076923,35027.425769230766,26
21306,S06.400x0,6,8693.351756756758,6901.401351351352,6690.301486486486,36195.42864864865,74
21310,S06.401,5,8152.236666666667,9192.011428571428,8375.98142857143,40907.327142857146,21
21311,S06.401,6,9351.218809523809,5830.377619047619,5820.871428571429,33665.14404761905,42
21317,S06.500,5,3994.6820930232557,7703.11511627907,6503.462790697675,28979.63651162791,43
21318,S06.500,6,8205.53638554217,8042.232891566265,8958.530722891566,38910.04795180723,83
21323,S06.500x0,5,7728.533409090908,6720.028068181818,6351.865909090909,35133.65522727273,88
21324,S06.500x0,6,6297.244256410256,8664.672205128205,7337.224615384615,35241.360564102564,195
21329,S06.501,5,9911.886216216215,7748.114864864865,9318.224324324325,45454.7527027027,37
21330,S06.501,6,8218.213333333333,10011.365294117648,7576.45137254902,42109.54215686274,51
21335,S06.502,5,5126.5996875,4645.976875,2907.7046875,20435.4778125,32
21336,S06.502,6,4576.5804854368935,4409.96145631068,3861.370097087379,21760.76922330097,103
21343,S06.600,5,515.5148275862069,5099.3,2981.4310344827586,13920.475862068964,29
21344,S06.600,6,3452.824545454545,7137.263454545455,8890.098363636364,28892.790545454543,55
21349,S06.600x0,5,1262.016,5261.6224999999995,2794.6415,15679.532375,80
21350,S06.600x0,6,1965.736796875,7313.3671875,5708.54375,23659.87265625,128
21355,S06.700,6,12920.726285714285,18833.078857142857,23778.960857142858,88140.11714285714,35
21359,S06.700x0,3,3815.3186746987953,7466.42,8103.088795180723,32650.70421686747,83
21360,S06.700x0,4,4795.802786885246,7699.924426229509,9812.855901639343,38536.04557377049,61
21361,S06.700x0,5,6409.928876404495,8967.10095505618,8937.957471910113,42313.40561797753,178
21362,S06.700x0,6,9690.258685344828,13665.504396551723,15749.082586206898,63277.31185344827,464
21374,S06.800x0,6,8629.39159090909,10050.317727272726,9080.323181818183,43515.98659090909,44
21382,S06.802,6,1774.388,7336.3132000000005,8168.334,28081.9296,25
21469,S12.100x0,6,11059.163636363637,9622.403636363637,9212.102727272728,51876.52863636363,22
21476,S12.200x0,6,11657.370892857143,8494.815714285714,5350.53875,47115.37089285714,56
21514,S14.101,6,11938.509016393444,10295.580491803279,8425.729344262294,52470.5837704918,61
21553,S22.000,3,3572.574285714286,2602.862857142857,1863.7932653061223,11857.27,49
21555,S22.000,5,4658.034146341463,3886.373170731707,2785.7824390243904,16502.48341463415,41
21556,S22.000,6,5735.7895,5514.297125,3003.841875,22610.322500000002,80
21557,S22.000,7,9170.73,2194.65,1507.064761904762,15863.754285714287,21
21558,S22.000x0,1,7903.627118644068,1548.6613559322034,1892.9106779661017,14453.544406779662,59
21559,S22.000x0,2,7087.852727272728,2350.4295454545454,2050.221022727273,14856.129545454545,88
21560,S22.000x0,3,4117.4418749999995,3006.629017857143,2330.2517410714286,15599.439866071427,224
21561,S22.000x0,4,4193.356436781609,3521.5459770114944,1804.3162068965519,14645.169885057472,87
21562,S22.000x0,5,3255.8985913043475,3525.4664173913043,1630.9053565217391,13847.525617391306,575
21563,S22.000x0,6,5655.078154362416,5041.0356711409395,2676.6720022371364,20992.535648769575,894
21564,S22.000x0,7,6390.029666666667,2267.826666666667,2748.912,15182.586000000001,30
21569,S22.100,6,10078.02696969697,9481.094848484849,6076.636666666667,48297.94515151515,33
21575,S22.200,6,7194.320454545454,3770.0072727272727,2908.1704545454545,18389.932727272728,22
21578,S22.300,3,2401.047258064516,2155.352580645161,2861.3161290322582,11140.908548387097,62
21580,S22.300,5,1708.3377586206896,2786.2727586206897,1929.6039655172412,11079.897413793104,58
21581,S22.300,6,3871.0935164835164,3827.033406593406,3770.266043956044,17409.1178021978,91
21582,S22.300,7,3159.9271428571433,1728.2597142857142,2938.225142857143,10361.251714285714,35
21587,S22.400,3,6723.601111111111,4089.388148148148,4922.111111111111,20786.166296296295,27
21589,S22.400,5,4480.759038461539,3278.791346153846,3145.129038461538,16754.784038461537,52
21590,S22.400,6,8198.267808219178,7009.807945205479,5552.368356164384,31710.978493150687,73
21594,S22.400x0,3,5195.312872340425,2530.7393617021276,4255.816276595744,15936.31074468085,94
21595,S22.400x0,4,5823.284,4986.493666666666,4520.3045,22714.940333333332,60
21596,S22.400x0,5,7137.087388316151,4196.1082474226805,3871.0095189003437,22208.891924398624,291
21597,S22.400x0,6,7795.35055944056,5568.627808857809,4765.61641025641,27427.001142191144,429
21630,S27.000,6,515.8995238095238,4795.733809523809,1960.5152380952381,11731.446666666667,21
21640,S27.200,5,4431.010769230769,5956.674358974358,3633.9833333333336,22185.541538461537,39
21641,S27.200,6,6693.529433962264,7778.918867924529,6086.980566037735,31219.311698113208,53
21647,S27.301,5,5312.5756756756755,5036.532972972973,3569.6175675675677,21299.165675675675,37
21648,S27.301,6,5107.188833333334,6288.072499999999,4145.853666666667,24713.907666666666,60
21668,S27.811,6,647.4359090909091,2561.8895454545454,2966.529090909091,9538.632727272729,22
21738,S32.000,3,4806.287027027027,2659.263108108108,2182.604864864865,15071.882567567569,74
21740,S32.000,5,5938.103846153846,3870.017435897436,2734.122435897436,19195.05794871795,78
21741,S32.000,6,5224.231465517241,3958.7143103448275,2249.2789655172414,18215.09853448276,116
21742,S32.000,7,3760.7757575757573,1500.029393939394,1305.5239393939394,9189.971818181819,33
21744,S32.000x0,1,8040.697564102565,1578.3705128205127,2308.701923076923,15330.349615384615,78
21745,S32.000x0,2,8714.94204225352,2053.7518309859156,3091.6061971830986,18406.554788732392,142
21746,S32.000x0,3,5440.589616519173,3094.9861356932156,2775.3825958702064,18015.414513274336,339
21747,S32.000x0,4,4625.9095333333335,3666.1543333333334,1862.2362666666668,16189.257133333333,150
21748,S32.000x0,5,4120.978997252747,3480.1193406593407,1790.8146840659342,15590.844107142857,728
21749,S32.000x0,6,6514.260106837606,4988.782585470086,2838.454188034188,23020.205135327637,1404
21750,S32.000x0,7,6751.491999999999,2155.598,2219.217,14116.2298,50
21758,S32.100,6,5741.29,7314.328571428572,4179.784761904762,32334.31238095238,21
21768,S32.300,5,4451.098846153846,3334.149230769231,2607.101923076923,18671.832692307693,26
21769,S32.300,6,7382.50463768116,6092.761159420289,6674.015362318841,33938.97405797101,69
21775,S32.400,3,7254.210952380952,3356.249523809524,5904.518571428572,28602.14904761905,21
21777,S32.400,5,5401.287878787879,5561.700606060606,5126.682727272727,31769.21393939394,33
21778,S32.400,6,10762.058217821783,9415.780891089109,8384.768118811882,48503.04663366337,101
21792,S32.500x0,6,4258.844310344828,8053.804137931034,4174.047586206897,37943.46793103449,58
21802,S32.701,5,8119.9044,10227.158000000001,6405.9947999999995,48804.35400000001,25
21803,S32.701,6,13758.856219512194,11288.202682926829,9191.05731707317,55780.46182926829,82
21809,S32.702,6,8748.22552631579,6843.706578947368,4505.296842105263,34056.66210526315,38
21826,S32.802,5,3882.6466666666665,4653.139999999999,4309.285128205128,24421.39871794872,39
21827,S32.802,6,12678.764459459459,8765.635540540541,5938.541756756757,48126.30945945946,74
21871,S36.002,3,4585.975925925926,6316.104444444445,6473.997407407407,27511.912962962964,27
21873,S36.002,5,6686.383689320389,7302.371067961165,5217.187669902913,32974.76388349515,103
21874,S36.002,6,8136.394785276074,9087.054171779142,6625.993987730061,39826.545092024535,163
21879,S36.100x0,6,858.6290476190476,4110.655714285715,2601.7809523809524,11782.484761904761,21
21883,S36.102,6,14340.555384615385,13199.989615384615,11009.672692307691,64748.391923076924,26
21959,S37.002,6,1080.0736,5651.012,2931.5352000000003,14372.9336,25
22021,S42.000,1,5335.0892,1336.675,2545.894,11861.8792,50
22022,S42.000,2,4765.8302752293575,1686.9451376146787,2599.976146788991,12564.872752293577,109
22023,S42.000,3,4116.568795180723,2141.795702811245,2481.0582730923693,13568.567911646587,249
22024,S42.000,4,3252.320952380953,2416.4136904761904,1957.732857142857,12462.887380952381,84
22025,S42.000,5,3032.357890909091,2325.597381818182,2145.0122181818183,13093.856763636362,275
22026,S42.000,6,3739.9712701612902,3027.3482862903224,2570.232056451613,16448.31608870968,496
22027,S42.000,7,2784.386956521739,1273.944492753623,1348.8264492753622,8140.517463768116,138
22030,S42.000x0,3,2588.451886792453,1836.5,2081.0501886792454,10955.238679245283,53
22031,S42.000x0,4,3445.9737142857143,2062.1954285714287,1629.5582857142858,12654.573142857143,35
22032,S42.000x0,5,2606.1967317073168,2229.447512195122,1526.1023414634146,11473.701170731709,205
22033,S42.000x0,6,3689.061609589041,3180.282294520548,2425.582773972603,16167.67315068493,292
22043,S42.100,3,6009.183181818182,2435.36,2497.5668181818182,16045.15409090909,22
22045,S42.100,5,2625.636153846154,2946.917692307692,2809.701794871795,14692.229230769231,39
22046,S42.100,6,7664.05448275862,5787.212068965517,4122.153965517241,29623.72931034483,58
22053,S42.100x0,6,8071.351515151515,3926.1648484848483,3228.2239393939394,24759.479393939393,33
22060,S42.200,3,4400.622,2223.0668,1842.7828,14392.228000000001,25
22061,S42.200,5,2183.998387096774,2417.4451612903226,2962.5025806451613,12084.886129032258,31
22063,S42.200,7,3664.1663636363637,1273.7636363636364,973.2959090909092,9208.171363636364,22
22064,S42.200x0,1,6626.098064516129,1427.7032258064517,2853.4100000000003,13991.543870967742,31
22065,S42.200x0,2,6266.346041666667,1934.5581249999998,3172.0968749999997,17008.36375,48
22066,S42.200x0,3,5640.140795454546,2467.0857954545454,2966.4666477272726,18423.086534090908,176
22067,S42.200x0,4,4702.234666666666,2882.1633333333334,2035.9117777777778,15678.332222222221,45
22068,S42.200x0,5,4464.819376947041,2892.9341433021805,1934.5408411214953,16753.23445482866,321
22069,S42.200x0,6,6766.093138801261,3797.4438485804417,2843.0493217665617,22459.157933753944,634
22070,S42.200x0,7,4914.584651162791,1498.2,2117.860465116279,11999.652558139534,43
22079,S42.202,2,7642.490357142858,1905.08,3042.1703571428575,16793.60892857143,28
22080,S42.202,3,6436.705084745762,2653.5418644067795,2378.2894915254237,16582.388983050845,59
22082,S42.202,5,4455.785849056604,2543.1602830188676,1661.3957547169812,14268.111981132077,106
22083,S42.202,6,6318.48568,3521.5716,2668.41008,20714.345920000003,125
22084,S42.202,7,4041.9802631578946,1474.1873684210527,1711.5165789473683,10452.255789473686,38
22097,S42.300,3,4512.252692307693,2440.9634615384616,2521.7250000000004,17727.356923076924,26
22099,S42.300,5,3759.358775510204,2718.8677551020405,2026.9938775510204,15797.723469387754,49
22100,S42.300,6,5323.095135135136,4551.649099099099,2915.725225225225,23299.39837837838,111
22105,S42.301,2,7152.044242424242,1504.5472727272727,4141.497878787879,16752.94181818182,33
22106,S42.301,3,4987.159852941177,2132.734705882353,1925.541617647059,14617.051470588236,68
22108,S42.301,5,3945.1833333333334,2736.9296153846153,2410.9660256410257,15919.929102564101,78
22109,S42.301,6,5689.277962962963,3491.231851851852,2564.9830555555554,20321.554907407408,108
22110,S42.301,7,4213.5635555555555,1419.8068888888888,1704.205111111111,10573.938,45
22123,S42.400x0,3,3224.5772727272724,1760.7177272727274,2526.4495454545454,16547.522727272728,22
22125,S42.400x0,5,4652.271454545455,2204.4410909090907,1926.546,15019.814545454545,55
22126,S42.400x0,6,5207.614620689656,2980.2418620689655,2460.5445517241383,20160.30648275862,145
22129,S42.401,2,6151.217826086957,1250.031304347826,1096.9208695652173,11275.110869565218,23
22130,S42.401,3,3710.828974358974,1715.4489743589743,1746.248717948718,12502.117948717949,39
22132,S42.401,5,2432.3649253731346,1791.1935820895524,1076.5905970149254,10660.625671641792,67
22133,S42.401,6,3350.620697674419,1849.9740697674417,1151.7108139534885,13316.36238372093,172
22140,S42.402,6,3498.55649122807,1856.1898245614036,1057.253859649123,13892.238070175437,57
22146,S42.403,6,7199.754230769231,3088.704615384616,2224.8476923076923,22022.67769230769,26
22161,S43.000,5,389.7910714285714,1597.8910714285714,615.1435714285715,4379.975,28
22162,S43.000,6,4628.020333333333,2623.1565,1519.0716666666667,13792.200333333334,60
22174,S43.100,3,3787.9508108108107,2314.175135135135,2631.195675675676,13959.504864864864,37
22176,S43.100,5,3624.6888888888893,2503.4542592592593,1749.0566666666666,13553.58185185185,54
22177,S43.100,6,5153.467692307692,2941.3770512820515,3178.121282051282,18880.021666666667,78
22214,S46.002,5,9484.924842105263,2269.849894736842,1982.8905263157894,22127.784210526315,95
22215,S46.002,6,18054.20780973451,3145.0121460176993,1981.6808849557522,32501.946725663718,452
22289,S52.000x0,5,2869.8896923076927,2330.9132307692307,1771.9761538461537,13113.393846153846,65
22290,S52.000x0,6,4836.205159235668,2684.9055414012737,2189.10847133758,17615.619681528664,157
22313,S52.101,3,3891.7796,1918.0828,2583.2492,15488.8,25
22315,S52.101,5,3061.890243902439,2053.3058536585368,1645.2382926829268,12052.437073170731,41
22316,S52.101,6,3796.0674999999997,2641.6514583333333,2180.985,15427.7575,96
22328,S52.200,6,5090.486666666667,4088.067619047619,2579.7976190476193,25068.469047619048,21
22337,S52.201,3,2898.1732,2260.3952,1716.4607999999998,11590.016000000001,25
22339,S52.201,5,2720.454230769231,1720.2673076923077,1988.3357692307693,11712.997692307692,26
22340,S52.201,6,3202.4086956521737,2870.282608695652,1799.5367391304349,14985.389565217392,46
22354,S52.300,6,3756.6812121212124,2421.398787878788,1647.6669696969695,15195.35515151515,33
22373,S52.400x0,6,3684.4995081967213,2460.9127868852456,1781.289344262295,15572.510819672132,61
22382,S52.500,5,1328.4355172413793,1945.6896551724137,3403.671379310345,11367.360344827586,29
22383,S52.500,6,2340.6895238095235,2631.4009523809523,1253.6790476190477,11097.989047619047,21
22384,S52.500,7,3185.8128947368423,1072.4902631578948,998.7026315789473,7413.073947368421,38
22385,S52.500x0,1,4023.749375,1155.2797916666666,1712.7225,8927.933333333332,48
22386,S52.500x0,2,3877.125294117647,1605.0729411764707,2514.0401176470587,10609.812588235294,85
22387,S52.500x0,3,3678.6466028708132,1841.921148325359,2348.419043062201,12235.321196172248,209
22388,S52.500x0,4,3324.91,1973.6187234042554,2057.8502127659576,11256.40255319149,47
22389,S52.500x0,5,2389.319465020576,2227.53341563786,1760.1711111111113,11508.295061728395,243
22390,S52.500x0,6,3615.3515022421525,2890.53798206278,2105.9188565022423,15316.681233183857,446
22391,S52.500x0,7,3409.9697826086954,1282.1326086956522,1403.0526086956522,9038.51347826087,46
22410,S52.600,5,939.6535483870967,1772.2903225806451,2833.4829032258067,9863.679032258064,31
22414,S52.600x0,2,1898.5008695652175,1772.3908695652174,2277.3808695652174,8819.227826086955,23
22415,S52.600x0,3,3171.689238095238,1910.6274285714287,2072.1426666666666,11720.406476190476,105
22416,S52.600x0,4,3002.0489285714284,2572.7642857142855,1643.1474999999998,12955.5775,28
22417,S52.600x0,5,2470.289047619048,2261.571768707483,1555.5899319727891,11415.223673469389,147
22418,S52.600x0,6,4269.172429378531,2764.4578531073444,2618.423672316384,17110.102740112994,354
22442,S52.801,1,3055.1079411764704,1059.5502941176471,2541.3344117647057,8249.650294117646,34
22443,S52.801,2,3594.6317777777776,1267.0306666666665,2122.736888888889,10293.774222222222,45
22444,S52.801,3,4677.343384615385,1740.1913846153845,1299.1203076923077,11625.89523076923,65
22446,S52.801,5,3069.8040425531917,2076.763829787234,1863.2114893617022,13038.9185106383,47
22447,S52.801,6,3409.4029870129875,2769.8480519480518,1689.321038961039,14357.305324675324,77
22448,S52.801,7,2271.118988764045,769.8420224719101,974.9924719101124,5648.535730337078,89
22477,S53.100,6,5781.872083333333,2600.7408333333333,1982.7083333333333,18723.961666666666,24
22515,S55.100x0,6,7381.64,2310.2021739130437,5471.763913043478,34651.30869565217,23
22606,S61.000x0,2,6907.484324324325,683.5283783783783,3207.5974324324325,19283.793243243243,74
22607,S61.000x0,3,946.8109090909091,1234.831818181818,2220.8977272727275,8076.025,22
22610,S61.000x0,6,2571.6578102189783,1195.595109489051,2072.208467153285,12122.228102189782,137
22616,S61.100,6,1608.1384,1134.828,1755.7292000000002,10127.328000000001,25
22619,S61.100x0,6,2005.092,758.812,1294.3732,9360.4372,25
22642,S61.800x0,6,2306.01375,1935.2783333333334,2340.53375,14029.325416666667,24
22654,S61.901,1,13681.075,469.22631578947363,3769.406052631579,21668.459210526315,38
22659,S61.901,6,1230.2305714285715,1032.5282857142856,970.9388571428572,9206.382857142858,35
22670,S62.000x0,6,3785.0063636363634,2843.9286363636365,1296.004090909091,17657.436363636367,22
22703,S62.300x0,6,2119.126842105263,1824.661842105263,1620.2621052631578,10274.213157894736,38
22706,S62.301,2,2788.481794871795,1277.3653846153845,1582.4271794871795,8281.206666666667,39
22707,S62.301,3,2036.1446575342466,1652.3534246575343,1870.4890410958906,9216.682739726028,73
22708,S62.301,4,1877.9204347826087,1360.8,1595.9260869565219,8365.412608695651,23
22709,S62.301,5,1784.7387356321838,1889.0628735632183,1420.122643678161,9107.683103448277,87
22710,S62.301,6,2573.27025974026,2418.395909090909,1374.003766233766,11432.209545454545,154
22711,S62.301,7,3048.8933333333334,923.0214285714286,1067.04,7539.7864285714295,42
22719,S62.311,6,6004.961111111111,2248.050740740741,4231.306666666666,21462.12,27
22745,S62.510,3,2104.7400000000002,1422.7433333333333,3941.668571428572,14629.811904761904,21
22748,S62.510,6,1995.7432558139537,1457.8616279069768,1789.9441860465117,10986.262790697674,43
22761,S62.600x0,6,2337.085283018868,1848.7605660377358,1493.7884905660376,9775.814716981133,53
22768,S62.610,6,1306.0925806451614,986.6341935483871,1063.3712903225808,7517.672258064516,31
22769,S62.611,1,4176.283448275862,682.4120689655173,3078.5044827586207,11877.89275862069,29
22770,S62.611,2,3916.4202777777778,1075.464722222222,2886.5177777777776,12104.094444444445,36
22771,S62.611,3,1327.5346534653465,1168.5958415841583,2517.4957425742573,9753.22099009901,101
22772,S62.611,4,1944.7490625,788.55625,1214.73125,9153.254375,32
22773,S62.611,5,908.5042105263158,973.2499122807018,1332.9590350877193,6915.036052631579,114
22774,S62.611,6,2117.276008403361,1242.7564705882353,1407.0399579831933,10157.35168067227,238
22775,S62.611,7,1568.003076923077,856.7192307692308,1744.2803846153847,6145.256538461538,26
22780,S62.710,3,6018.62,1630.3138095238094,3185.9200000000005,23605.66380952381,21
22783,S62.710,6,4939.5632000000005,1905.546,2099.0848,16729.0888,25
22787,S62.802,3,1580.0376923076924,1230.7441025641024,1517.034358974359,7908.790512820513,39
22789,S62.802,5,1132.2008163265305,1436.8951020408163,1711.0891836734693,8762.159591836735,49
22790,S62.802,6,1736.6098550724637,1851.0233333333333,1316.904347826087,10095.860144927536,69
22856,S64.400x0,1,4444.613333333334,527.3928571428571,3510.322380952381,13019.841904761905,21
22861,S64.400x0,6,2710.4223076923076,849.8353846153847,1866.3853846153845,12342.991153846155,26
22868,S65.000x0,6,4418.368717948718,1546.9446153846152,3377.688205128205,22798.854871794872,39
22875,S65.100x0,6,3805.3038709677417,1511.672258064516,3242.7948387096776,18408.68935483871,31
22885,S65.401,6,4370.501029411765,1788.3147058823529,5012.6498529411765,24854.56205882353,68
22892,S65.501,1,3209.1653658536584,1146.9341463414635,2593.29243902439,12487.202682926829,41
22893,S65.501,2,862.1730555555555,551.9666666666667,964.2230555555556,8653.97388888889,36
22897,S65.501,6,3907.8596949152547,1559.0788474576273,4635.45786440678,22537.46461016949,295
22927,S66.100x0,5,467.24249999999995,996.8935714285715,653.9825,4535.145357142857,28
22928,S66.100x0,6,1122.7271428571428,1059.8533333333332,1122.9496825396825,6771.03873015873,63
22938,S66.200x0,5,896.6396153846155,1009.95,660.6557692307692,5158.09,26
22939,S66.200x0,6,1188.2514102564103,1139.3861538461538,1034.183717948718,6754.166025641025,78
22949,S66.300x0,3,875.6155172413793,1104.0068965517241,1242.093448275862,5907.793793103448,29
22951,S66.300x0,5,629.0368253968254,955.9731746031746,837.697619047619,4940.61253968254,63
22952,S66.300x0,6,1656.0919565217391,1264.233804347826,998.5466847826086,7465.9821195652175,184
22997,S68.000x0,6,6824.852580645161,1205.7903225806451,3756.21935483871,21074.836451612904,31
23002,S68.001,6,5824.225245901639,1884.8573770491803,6878.934426229508,27609.934098360656,61
23011,S68.100x0,3,683.7061904761905,976.597619047619,3000.377142857143,8988.10380952381,21
23013,S68.100x0,5,1104.5248,1090.9612,2431.2284,10631.2292,25
23014,S68.100x0,6,3462.099638157895,1365.8588157894737,3537.664111842105,16516.498684210525,304
23020,S68.200x0,6,8328.640434782608,1366.0773913043479,4099.36652173913,26775.914782608696,23
23025,S68.201,6,10711.185666666666,1948.6836666666668,6449.375166666667,36947.8345,60
23063,S72.000,1,13631.771578947368,2207.249210526316,4364.9197368421055,24157.867105263158,38
23064,S72.000,2,11986.27294117647,2531.178705882353,3508.8303529411764,23550.529176470587,85
23065,S72.000,3,11802.364913043479,3843.4955217391303,4045.6944347826084,27665.83291304348,230
23066,S72.000,4,10222.23978021978,4316.634945054945,2895.802417582418,27010.976373626374,91
23067,S72.000,5,8904.088736141906,4023.0128824833705,2946.256141906874,25631.446141906876,451
23068,S72.000,6,9016.184609286523,5760.773318233296,3394.145979614949,29836.172321630806,883
23069,S72.000,7,10336.029864864864,2177.228783783784,2439.322702702703,19553.409594594596,74
23070,S72.000x0,1,13341.789615384616,1938.3653846153845,2712.546923076923,21574.059615384616,26
23071,S72.000x0,2,9723.8488,3035.2388,4195.147199999999,22590.7504,25
23072,S72.000x0,3,8894.118125,3873.9403125,4307.83828125,31129.337812499998,64
23073,S72.000x0,4,6521.321481481481,3072.5551851851856,1894.8974074074076,21257.478148148148,27
23074,S72.000x0,5,9377.989,4633.99225,2526.0721875,25581.421625,160
23075,S72.000x0,6,10518.037678571429,5746.425535714286,3818.6244642857146,31468.038898809526,336
23081,S72.100,6,3160.4533333333334,4588.110952380953,2724.150238095238,18109.638333333332,42
23084,S72.100x0,3,2711.727627118644,4538.95406779661,2850.4316949152544,17428.316779661018,59
23085,S72.100x0,4,3460.366363636364,4301.0006060606065,3729.479696969697,21130.22181818182,33
23086,S72.100x0,5,3342.2593103448276,4499.953577586207,2665.3854310344827,20365.728577586207,232
23087,S72.100x0,6,4975.560084033614,6967.296190476191,3889.027535014006,28190.2893837535,357
23089,S72.101,1,8925.61581081081,2318.8377027027027,3850.1570270270267,19352.333648648648,74
23090,S72.101,2,9583.38416,2836.01896,3688.37664,21259.77736,125
23091,S72.101,3,5776.865340501792,3978.651182795699,3700.666451612903,20928.9064874552,279
23092,S72.101,4,4461.700314960631,4957.21094488189,3556.7592913385824,22814.87401574803,127
23093,S72.101,5,3625.5677056962027,4387.836819620254,2861.1884493670887,19905.21341772152,632
23094,S72.101,6,4867.306217105263,6347.240910087719,3910.589879385965,26598.194407894738,912
23095,S72.101,7,5746.501363636364,2159.466090909091,2485.2495454545456,14879.449909090908,110
23107,S72.200x0,5,5478.730476190476,4472.406666666667,3459.057142857143,24531.765714285713,21
23108,S72.200x0,6,7984.858723404255,5762.910212765958,4189.087659574468,30126.669574468084,47
23112,S72.300,3,7563.3676000000005,3139.3871999999997,4030.3144,23095.1892,25
23114,S72.300,5,5489.886263736264,3922.3464835164837,3000.0951648351647,22029.916923076922,91
23115,S72.300,6,7278.570170454546,5963.095,4364.5543181818175,32430.35948863636,176
23124,S72.400,6,9135.746666666666,5309.054761904762,9226.649047619048,36803.06333333333,21
23128,S72.400x0,3,6768.697931034482,3529.1558620689657,4074.5120689655173,21537.843793103446,29
23130,S72.400x0,5,5044.762278481012,4241.502531645569,2483.6459493670886,21620.93835443038,79
23131,S72.400x0,6,8920.125524475525,5406.283006993007,3340.891048951049,30517.016223776227,143
23149,S72.900,2,9296.03725,2480.0299999999997,3466.1667500000003,20635.8325,40
23150,S72.900,3,8650.06,4297.7588235294115,4466.77294117647,26587.989294117644,85
23152,S72.900,5,5649.963069306931,4669.460099009901,3845.801089108911,25758.105148514853,101
23153,S72.900,6,8486.724060150376,6656.382180451127,5686.031428571429,37084.55353383459,133
23154,S72.900,7,7708.897894736842,1782.5744736842105,3162.7173684210525,17170.168421052633,38
23198,S76.102,6,6766.5596774193555,3234.1451612903224,1617.2516129032258,19743.957741935483,31
23263,S81.900,5,1564.6445454545456,1553.3681818181817,1178.4327272727273,8038.891818181818,22
23264,S81.900,6,4133.335454545455,4670.762727272728,5720.412424242425,28863.96181818182,33
23271,S82.000,1,4711.93870967742,1370.0719354838711,2500.092258064516,11077.082096774193,62
23272,S82.000,2,3890.8631372549016,1636.1892156862743,2297.098137254902,11168.303725490196,102
23273,S82.000,3,3517.8856716417913,2105.5889054726367,2454.064825870647,13872.108955223881,201
23274,S82.000,4,2311.9487692307694,2332.498,1499.6061538461538,11228.161538461538,65
23275,S82.000,5,3162.0203047091413,2462.4105817174514,1767.7384210526313,13491.26509695291,361
23276,S82.000,6,4193.540508744039,3153.347170111288,2427.016629570747,17171.06066772655,629
23277,S82.000,7,3014.8918518518517,1217.1227777777779,1388.7059259259258,8340.691296296296,108
23286,S82.010,6,5209.242608695652,4148.246086956522,4414.013478260869,25293.245652173915,23
23292,S82.100,5,2870.220909090909,3019.4212121212117,3925.6669696969693,16623.751515151518,33
23295,S82.100x0,1,7942.0419999999995,2586.5,4181.688,20475.8708,25
23296,S82.100x0,2,7241.923571428572,2092.5603571428574,3363.0666071428573,17228.817678571428,56
23297,S82.100x0,3,5761.046081871345,2875.7469005847956,3368.2724561403506,19726.949590643275,171
23298,S82.100x0,4,5765.7619607843135,3290.5011764705882,2745.601960784314,19224.90705882353,51
23299,S82.100x0,5,5260.252475570032,3407.8744299674267,2758.7672638436484,21016.885570032573,307
23300,S82.100x0,6,8056.1142016806725,4348.484168067227,3344.8745210084035,27190.107058823527,595
23301,S82.100x0,7,5397.669,1797.3886666666667,2496.8886666666667,13675.882333333333,30
23307,S82.101,6,8574.010508474576,3904.666779661017,2310.674576271186,25097.269830508474,59
23326,S82.200x0,5,3757.224791666667,2675.4222916666668,1818.0458333333333,14714.353541666665,48
23327,S82.200x0,6,4757.31587628866,4240.685979381443,4048.9759793814433,23917.602680412372,97
23331,S82.201,3,7013.5371875,2824.3015625,3625.6712500000003,19607.98875,32
23333,S82.201,5,3624.9405681818184,2625.8610227272725,2445.1,17576.20806818182,88
23334,S82.201,6,5866.830671641791,5195.2558955223885,4935.77552238806,30498.125074626867,134
23337,S82.202,2,6055.637457627118,2202.733728813559,4099.621355932203,17270.03118644068,59
23338,S82.202,3,5858.352043010753,2338.507741935484,3251.3918279569893,17295.95107526882,93
23339,S82.202,4,2935.4168,2267.2872,2214.1956,12887.9692,25
23340,S82.202,5,2761.66125,2544.841931818182,2534.241590909091,15497.146249999998,88
23341,S82.202,6,5924.954133333334,3890.2390666666665,3242.7156,22711.585533333335,150
23342,S82.202,7,4970.78051724138,1602.4539655172414,1951.326379310345,12433.531896551724,58
23355,S82.210,6,8180.241739130434,4303.541304347826,4375.364347826087,29221.97304347826,23
23359,S82.211,3,11663.96523809524,3419.72,7772.800952380952,37758.37857142857,21
23361,S82.211,5,9068.81375,3178.4428125,3610.8946875,26084.23625,32
23362,S82.211,6,10343.2975,5198.280147058824,4948.66455882353,36594.465588235296,68
23368,S82.212,5,8584.557631578948,4342.799210526316,4690.446315789473,31383.43605263158,38
23369,S82.212,6,17632.106944444444,7018.73,8026.002916666666,53159.939305555556,72
23375,S82.300,6,5404.727727272728,3265.4372727272726,3284.8622727272727,20589.339545454543,22
23379,S82.300x0,3,5341.915952380952,2592.055,3340.439761904762,17318.929285714286,42
23381,S82.300x0,5,4914.188702290076,2830.878854961832,2248.444732824428,19050.84641221374,131
23382,S82.300x0,6,6426.135789473684,3613.0500877192985,2958.067280701754,23746.734078947367,228
23386,S82.301,3,5309.17875,2767.31875,3493.7387499999995,19864.693,40
23388,S82.301,5,3792.3122413793108,3118.564655172414,2108.1056896551727,16950.958620689657,58
23389,S82.301,6,8691.057410714286,4801.468125,4265.805982142857,29895.36767857143,112
23396,S82.310,6,8433.707142857143,5369.605714285714,4072.2561904761906,33803.28619047619,21
23401,S82.311,6,15417.743800000002,6999.6934,6726.271,51775.2126,50
23408,S82.400,7,1463.5154545454545,1161.9636363636364,1076.675909090909,5959.730909090908,22
23410,S82.400x0,2,2536.542307692308,1434.2615384615385,2986.415,10108.051923076922,26
23411,S82.400x0,3,3235.2949999999996,1985.4607142857144,2039.2167857142856,10890.121785714286,28
23413,S82.400x0,5,2729.92575,2325.2755,2187.3545,14055.28425,40
23414,S82.400x0,6,3864.622602739726,3053.924520547945,2786.263561643836,17922.869589041096,73
23415,S82.400x0,7,1790.9347619047617,1430.7038095238095,2029.7366666666667,8219.468095238097,21
23432,S82.500,3,2982.1508000000003,2411.6936,2548.27,14168.454399999999,25
23434,S82.500,5,3947.3466666666664,2285.3384313725487,1912.5874509803923,14616.911372549019,51
23435,S82.500,6,5763.76012987013,3210.796103896104,2433.1857142857143,19798.413246753247,77
23445,S82.501,6,5164.610909090909,2842.7845454545454,3299.5433333333335,22177.424242424244,33
23455,S82.600,2,2256.2028205128204,1322.1715384615386,2049.9733333333334,7688.587692307692,39
23456,S82.600,3,2768.3779999999997,1852.6506249999998,2158.5552500000003,11270.454375,80
23457,S82.600,4,3058.9653846153847,2000.4515384615383,1860.4826923076923,12246.948076923078,26
23458,S82.600,5,2655.147706422018,4249.074036697248,2819.5035779816517,17323.59385321101,109
23459,S82.600,6,2981.0288205128204,2721.3669230769233,2034.168564102564,14491.737384615384,195
23460,S82.600,7,2480.586,855.9744444444444,1765.6437777777778,7058.2993333333325,45
23467,S82.601,6,5269.839583333333,2698.61875,2688.35125,19933.83375,24
23483,S82.800x0,3,4408.182,2410.5096470588237,2648.2209411764707,15692.536352941177,85
23484,S82.800x0,4,5512.889090909091,2866.847272727273,2426.8290909090906,19587.353636363638,22
23485,S82.800x0,5,3321.3414655172414,2200.150431034483,2500.2519827586207,15377.712672413792,116
23486,S82.800x0,6,6283.165749999999,3458.6065000000003,2463.47715,22561.77925,200
23489,S82.801,2,4915.344782608696,1990.9343478260869,2773.505217391304,14586.946086956523,23
23490,S82.801,3,4265.009347826087,2712.7702173913044,3578.64,21961.390869565217,46
23492,S82.801,5,3959.654022988506,2666.262643678161,2684.907011494253,20046.667126436783,87
23493,S82.801,6,4846.295714285714,3564.125044642857,2850.9423660714283,21230.157857142858,224
23497,S82.802,3,4015.555238095238,2112.528095238095,2927.847619047619,15385.609523809524,21
23499,S82.802,5,3552.8744897959186,2587.7716326530613,1997.8440816326531,15469.801224489796,49
23500,S82.802,6,4480.7325,3032.221022727273,2927.0897727272727,18913.16965909091,88
23518,S83.000,6,8044.7447999999995,2969.3368,1395.6635999999999,20611.288,25
23536,S83.200x0,3,3662.6112903225808,2250.232258064516,1389.3974193548388,13842.645161290322,31
23538,S83.200x0,5,3817.929259259259,2008.9912962962962,1083.832777777778,13521.081666666667,54
23539,S83.200x0,6,2573.3417948717947,2585.5037037037036,959.7027065527067,14117.409173789174,351
23545,S83.201,5,3921.650476190476,1572.1061904761902,1370.012380952381,13434.60761904762,21
23546,S83.201,6,5364.350666666666,2296.797111111111,1604.2275555555557,17227.683777777776,45
23552,S83.202,6,5749.14512195122,2643.2036585365854,1154.500975609756,17572.11,41
23564,S83.400x0,6,8083.977857142857,3745.2332142857144,2107.0560714285716,23826.32785714286,28
23571,S83.500x0,3,17974.290303030302,2304.0869696969694,3039.69,33877.28727272727,33
23573,S83.500x0,5,14079.815714285714,2911.3804081632657,2164.496326530612,31713.754693877552,49
23574,S83.500x0,6,20761.47334831461,3618.325235955056,1793.821595505618,37931.44276404494,445
23606,S85.100x0,6,8014.405217391305,3568.4452173913046,6324.438695652174,36385.91608695652,23
23634,S86.001,5,2635.9524,1600.2420000000002,1306.6812,10688.593599999998,25
23635,S86.001,6,2906.918951612903,2143.2084677419352,1370.985241935484,12518.86685483871,124
23722,S91.301,6,2773.8914285714286,2237.0714285714284,2620.1339285714284,15854.360357142856,28
23735,S92.000,1,6004.247714285714,1502.1302857142857,3226.9674285714286,14197.538571428571,35
23736,S92.000,2,6408.14,1607.270652173913,3619.7843478260875,16081.618043478262,46
23737,S92.000,3,4744.28578125,2246.246484375,3603.974453125,16635.397578125,128
23738,S92.000,4,4715.7175,2015.400625,2119.4990625,14681.0803125,32
23739,S92.000,5,3251.645519125683,2125.5645355191255,2233.312349726776,13894.426229508197,183
23740,S92.000,6,5268.887589285714,3204.8363095238096,3144.694553571429,19877.27794642857,336
23741,S92.000,7,3512.39,1197.360243902439,1448.3646341463414,8822.24487804878,41
23753,S92.100,6,4901.194615384616,3030.9046153846157,2714.0099999999998,17681.76923076923,26
23783,S92.300,2,4156.306136363636,1481.3645454545456,3182.725909090909,12167.549545454547,44
23784,S92.300,3,2885.1312222222223,1784.908,2522.415,11950.073666666667,90
23785,S92.300,4,1775.1008333333332,2081.3933333333334,2096.4841666666666,10050.409166666666,24
23786,S92.300,5,1512.0377777777778,1890.946746031746,1741.3315873015872,9610.597142857143,126
23787,S92.300,6,3143.4326190476195,2618.0417857142857,2388.7417857142855,15475.934404761905,168
23788,S92.300,7,1195.2643859649124,821.0691228070176,1071.1168421052632,4900.685263157895,57
23794,S92.300x0,6,2270.453411764706,2500.906705882353,1983.2343529411767,13185.568823529413,85
23802,S92.310,6,6061.956470588236,2939.3479411764706,5090.809117647059,26570.22882352941,34
23815,S92.410,6,1409.9830303030303,1483.0339393939394,1761.408787878788,11116.776666666667,33
23825,S92.500x0,3,1628.0679487179489,1413.0997435897436,2073.2061538461535,8561.794615384615,39
23827,S92.500x0,5,1055.0229411764706,1571.8952941176472,1443.644117647059,8532.14411764706,34
23828,S92.500x0,6,1460.9152459016393,1710.852786885246,1809.1632786885248,10962.80524590164,61
23834,S92.510,5,1205.3812500000001,1294.1133333333335,1497.9712499999998,9138.327916666667,24
23835,S92.510,6,2750.2434090909087,1781.165909090909,2521.666590909091,14403.854545454546,44
23879,S93.200x0,6,10352.73218487395,2165.3699159663865,1227.8934453781512,21478.14462184874,119
23885,S93.300x0,6,5811.767500000001,2797.1045833333333,2811.3841666666667,19378.170000000002,24
23923,S95.000,6,7540.547407407407,2099.4837037037037,5766.407777777778,33026.29814814815,27
23937,S95.800,6,3939.8123529411764,2065.6029411764707,7460.42794117647,29575.43794117647,34
24198,T14.101,3,489.68760000000003,1053.296,1509.5492000000002,5435.350799999999,25
24200,T14.101,5,603.6038095238096,1459.0880952380953,1123.6638095238095,6668.063333333333,21
24252,T17.500,6,1881.2298360655739,1903.1473770491805,681.2840983606558,9290.352131147542,61
24263,T18.100,5,399.4634146341463,1234.9321951219513,516.5880487804878,3776.625365853659,41
24264,T18.100,6,535.8131052631579,1524.9995789473683,766.8786315789474,4850.896578947369,190
24268,T18.200,6,682.6118181818182,1378.835,610.8568181818182,5205.920454545455,22
24294,T20.201,6,1142.2622727272728,1638.0636363636365,2514.9463636363635,12120.807272727274,22
24320,T22.200x0,6,1914.8621739130435,1277.096956521739,3000.2273913043477,13300.93,23
24324,T22.300x0,6,20369.152857142857,5672.958928571429,16551.726071428573,80153.24928571428,28
24345,T24.200x0,6,5994.113076923076,3798.2897435897435,5626.600769230769,30269.37205128205,39
24349,T24.300x0,6,10897.910961538462,4184.21923076923,7417.743653846154,48437.93596153846,52
24391,T29.200x0,6,2686.4433333333336,2631.7533333333336,5144.351,23346.888666666662,30
24398,T29.300x0,6,44789.297,4525.863333333333,10825.168,98229.48666666666,30
24443,T43.201,6,2721.0623333333333,3741.0923333333335,1466.3366666666666,11050.182,30
24471,T50.900x0,6,3575.327857142857,5126.723928571429,3290.663214285714,18158.476071428573,28
24497,T58.x00x0,6,585.808,4273.279111111111,2297.6444444444446,12955.888888888889,45
24504,T60.001,6,5719.814285714287,5252.546071428572,5112.666785714287,22943.504285714287,28
24517,T60.300x0,6,6181.0038983050845,4831.361016949152,3328.237288135593,20040.547627118645,59
24527,T60.900x0,5,2826.3448571428576,3496.03,2579.3997142857143,12982.166571428572,35
24528,T60.900x0,6,4175.812553191489,3925.1368085106383,2456.9836170212766,15233.599787234043,47
24542,T63.001,6,928.2165384615384,2606.106923076923,3981.597692307692,11174.797307692306,26
24546,T63.401,5,2694.3202631578947,3061.906842105263,1301.798157894737,11409.891842105264,38
24547,T63.401,6,6534.522314814815,8400.13712962963,4865.861388888889,37043.92685185185,108
24588,T79.300x0,5,2050.6607692307693,2272.1523076923077,2017.2526923076923,12498.122692307692,26
24589,T79.300x0,6,3371.2277906976747,2838.839418604651,3392.169302325581,18307.79,86
24610,T79.800x0,6,3580.132727272727,2976.9330303030306,4124.408181818182,19641.77666666667,33
24668,T81.400x0,6,4621.628823529412,2859.9832352941175,4411.027352941176,19488.758823529413,34
24678,T81.406,6,3203.3703773584907,3652.238679245283,4537.516320754717,19175.67537735849,106
24695,T81.800x0,6,3841.36734375,3660.239375,5405.66953125,20249.37765625,64
24704,T81.811,6,2126.478918918919,2328.9213513513514,3318.0124324324324,13416.855135135136,37
24751,T82.800x0,6,7152.777959183673,1324.9938775510204,684.1612244897959,12774.501836734693,49
24753,T82.800x1,3,20245.154285714285,1746.1904761904761,666.0071428571429,27060.251904761906,21
24754,T82.800x1,6,3828.0178260869566,1996.7895652173916,1124.1904347826087,18674.859130434783,23
24784,T83.303,3,419.71393939393937,1161.090909090909,425.5478787878788,3990.717878787879,33
24785,T83.303,4,395.9591304347826,1191.2695652173913,711.9652173913043,4024.3121739130434,23
24786,T83.303,5,437.65611111111116,1213.5166666666667,446.10291666666666,4253.290972222222,72
24787,T83.303,6,611.3302197802199,1327.9668131868132,573.732967032967,5063.553736263736,182
24794,T83.305,6,1026.6091999999999,1847.3888,919.2139999999999,8073.7676,25
24812,T84.000x0,6,25582.916,4881.3092,4219.3032,48608.99679999999,25
24819,T84.002,6,32849.89227272727,5570.215909090909,4467.274090909091,62566.88090909091,22
24843,T84.501,6,12015.296666666667,8458.362857142856,7721.037619047619,51393.97333333333,21
24866,T84.802,2,326.0359090909091,701.3863636363636,1643.3581818181817,5035.964090909091,22
24896,T85.202,6,2610.141842105263,991.1921052631579,374.4023684210526,8289.116578947369,38
24909,T85.401,6,3936.960833333333,2333.085833333333,1283.3241666666665,19109.17875,24
25083,T93.102,6,14463.018571428573,7256.450952380952,4984.036666666667,41221.32142857143,21
25143,U07.100x0,6,688.1706896551724,5791.095862068965,4458.407931034483,16975.603448275862,29
25163,Z03.501,4,898.1804651162792,2686.66511627907,836.5509302325582,7348.731395348837,43
25164,Z03.501,5,1076.716,2323.856,731.9467391304348,7066.1996086956515,230
25165,Z03.501,6,966.1804582210243,2969.625983827493,719.5646900269542,7635.210431266846,742
25175,Z08.000,6,600.4102803738318,3389.516074766355,768.5176635514018,6077.443271028038,107
25184,Z08.200,6,614.415076923077,3045.6123076923077,949.4601538461538,5282.135384615384,65
25189,Z08.700,5,462.2544,2758.1859999999997,433.4228,4386.3468,25
25190,Z08.700,6,353.28595588235294,4287.775882352941,1188.7796323529412,6816.256764705882,136
25201,Z08.900,6,493.6961855670103,3527.5027835051546,1376.032268041237,6500.335257731959,97
25206,Z09.000x0,5,1039.089696969697,1116.310606060606,388.1069696969697,4660.714242424243,33
25207,Z09.000x0,6,1115.8059677419355,1505.8341532258064,504.05657258064514,5504.338588709677,248
25210,Z09.801,5,1657.0403571428571,1644.0910714285712,489.9714285714286,6904.131428571428,28
25211,Z09.801,6,1021.1263440860215,2010.7698924731183,498.7239784946237,7191.577634408602,93
25249,Z30.503,6,534.94375,1386.1875,530.0729166666666,4815.282916666666,24
25261,Z31.201,6,458.8834008097166,6.4048582995951415,135.7234817813765,3883.8947368421054,247
25266,Z34.000,7,795.4046428571429,1299.5392857142856,1317.4503571428572,7674.803214285714,28
25285,Z41.100x0,6,846.6197619047618,170.26190476190476,1304.8009523809524,32240.358095238094,84
25287,Z41.102,7,9121.313953488372,1081.6860465116279,1062.2616279069769,32084.952790697673,43
25288,Z41.105,7,18827.196226415093,583.2415094339623,997.2056603773585,45451.67924528302,53
25292,Z42.000,7,12023.739130434782,646.5217391304348,859.3913043478261,33608.17391304348,23
25297,Z42.001,5,13754.927241379311,3172.130689655173,2665.2758620689656,29451.827586206895,29
25298,Z42.001,6,21151.092882882884,4333.955765765766,4298.402792792793,41642.61081081081,111
25330,Z43.201,4,1528.2765079365079,3544.2136507936507,4397.788888888889,20128.008412698415,63
25331,Z43.201,5,7495.2080000000005,4389.7385,3391.7612500000005,22844.849,40
25332,Z43.201,6,6924.391080246914,4744.780956790123,3991.0160802469136,24262.39274691358,324
25338,Z43.301,5,4831.689523809524,4394.67,3806.7738095238096,21902.34,21
25339,Z43.301,6,8290.527575757576,6010.82898989899,5066.758080808081,31315.31717171717,99
25353,Z43.603,1,243.17489361702127,679.4893617021277,1521.867659574468,3646.9148936170213,47
25356,Z43.603,5,281.0556,269.264,131.6938,1264.6734,50
25357,Z43.603,6,497.3087755102041,526.4555102040816,251.92938775510203,2926.4430612244896,49
25372,Z45.002,6,35007.71137614679,3108.952110091743,694.1638532110092,44822.750642201834,109
25373,Z45.004,6,24535.8932,2791.052,456.00919999999996,36177.8244,25
25382,Z45.201,5,7534.813571428571,1555.5690476190478,526.9366666666667,13787.371666666666,42
25383,Z45.201,6,8205.256147186146,2134.5050216450213,655.0167532467532,15870.280043290042,231
25390,Z45.800x0,5,4625.596190476191,2443.514285714286,1450.5280952380951,10537.189047619047,21
25391,Z45.800x0,6,3811.975679012345,2125.1896296296295,1480.7885802469136,12738.597592592592,162
25408,Z46.600x0,6,469.0563768115942,1106.0617391304347,783.9375362318841,4608.978260869565,69
25417,Z46.602,5,1949.731935483871,1131.2570967741935,412.16096774193545,5129.046774193549,31
25418,Z46.602,6,3448.812361111111,1568.9173611111112,719.2838888888889,7879.2162499999995,72
25425,Z47.000,3,721.4198333333334,829.1326666666666,686.9003333333333,5626.205333333333,60
25427,Z47.000,5,708.18,1177.1636363636362,929.3936363636363,6443.006363636363,22
25428,Z47.000,6,558.4139682539683,1422.4301587301588,783.1928571428572,7177.522222222223,63
25429,Z47.000,7,537.4629069767442,940.421511627907,683.8316279069767,4268.393720930232,86
25430,Z47.000x0,1,868.8549999999999,823.6164473684211,1585.3348684210525,5677.250657894737,76
25431,Z47.000x0,2,691.045,904.9410714285715,1238.8082142857143,5426.830357142857,84
25432,Z47.000x0,3,635.8580628272251,1305.3334031413613,1208.9949738219896,6264.3223036649215,191
25433,Z47.000x0,4,739.6957471264368,1307.8227586206897,824.9156321839081,6361.207356321839,87
25434,Z47.000x0,5,625.1781717451523,1208.370110803324,859.2721606648199,6013.50867036011,361
25435,Z47.000x0,6,1050.8449672131148,1729.3430491803279,1079.4943278688525,8059.289147540983,610
25436,Z47.000x0,7,641.0067142857143,977.1679999999999,1198.2720000000002,5328.285857142857,70
25437,Z47.001,1,809.6933195020747,739.8157676348548,1240.5246887966805,4718.78887966805,241
25438,Z47.001,2,1349.1783606557378,904.2794057377049,1161.5709016393441,5822.87643442623,488
25439,Z47.001,3,850.9435197066911,1148.5130980751605,1005.3667461044914,5934.75284142988,1091
25440,Z47.001,4,656.5170505617978,1119.2249438202248,714.4069101123596,5512.32488764045,356
25441,Z47.001,5,627.7670622286541,1199.3928991799326,730.0153883260974,5709.048051133623,2073
25442,Z47.001,6,1030.1179776273182,1589.4609920518105,1038.5004091845747,7662.095119222844,3397
25443,Z47.001,7,667.608947368421,907.2278947368421,848.2883379501386,4565.509806094183,361
25455,Z47.803,6,1269.6780769230768,1681.0042307692308,722.2565384615384,6119.113076923077,26
25456,Z48.000x0,6,496.88145833333334,348.6354166666667,500.9022916666667,2252.9075,48
25459,Z48.801,1,2698.461363636364,729.7681818181818,286.57681818181817,6517.8381818181815,22
25463,Z48.801,5,3959.281363636364,673.6136363636364,328.4118181818182,9279.203181818182,22
25464,Z48.801,6,2879.877911227154,1064.3412532637076,360.1465796344648,7329.538981723238,383
25479,Z49.000x0,6,2396.0324657534247,2809.7961643835615,1188.9389041095892,10361.611917808219,73
25480,Z49.101,1,1176.3271428571427,4068.574285714286,24014.730285714286,85790.80342857144,35
25483,Z49.101,5,1501.3860126582279,703.5784810126582,1071.5738607594938,8532.411835443037,158
25484,Z49.101,6,6239.221904761905,6172.860050125314,14160.441679197997,78225.31047619047,399
25506,Z51.000x0,1,6153.18064516129,2080.6096774193547,19035.222258064518,32904.03161290322,31
25509,Z51.000x0,4,2198.5603125,3639.46875,19626.337499999998,30632.981875,32
25511,Z51.000x0,6,1115.9041197183099,5641.52352112676,5356.375598591549,23120.923415492958,284
25514,Z51.001,6,1445.7681395348836,2264.5697674418607,1500.2767441860465,17356.897906976745,43
25519,Z51.002,6,1239.2205128205128,4951.178205128205,2655.1719551282054,31652.914455128208,312
25521,Z51.003,1,2637.6346249999997,2501.94625,4001.6942499999996,32278.45675,80
25522,Z51.003,2,1407.8482692307693,5379.4807692307695,11112.640384615386,36335.9425,52
25523,Z51.003,3,1028.691875,3420.225568181818,4429.603011363636,35678.997954545455,176
25524,Z51.003,4,1798.1794827586207,10289.231896551722,9806.505862068965,44032.00698275862,116
25525,Z51.003,5,1104.2523773584905,4236.237132075472,3261.202,32376.89256603773,265
25526,Z51.003,6,1129.8443453118546,5824.167327550599,3839.8977612556796,32165.742379182157,2421
25527,Z51.003,7,574.758208955224,10273.505970149254,4641.174328358209,27376.08328358209,67
25532,Z51.100,5,558.2843333333333,2044.4266666666667,2445.0556666666666,7434.093333333333,30
25533,Z51.100,6,593.2488926174497,3203.071812080537,3143.079899328859,8895.317080536914,298
25534,Z51.100,7,658.4767567567567,2905.675675675676,3702.197027027027,9280.09945945946,37
25538,Z51.100x0,5,854.4580555555555,2402.104444444444,2865.0805555555557,7765.015277777778,36
25539,Z51.100x0,6,637.0912014134276,3270.0531095406363,3091.623109540636,9203.394522968198,283
25541,Z51.101,3,969.4447826086956,3170.695652173913,4479.03,10740.844347826087,23
25542,Z51.101,4,543.375045045045,2970.4800000000005,3772.132522522523,8168.366666666666,111
25543,Z51.101,5,570.6740625,2167.4078125,2123.71953125,6003.78265625,64
25544,Z51.101,6,1063.3505427974947,2927.174258872651,3010.999603340292,8882.712505219206,479
25548,Z51.102,3,885.3679166666666,2181.4538888888887,3180.1629166666667,7871.960138888889,72
25549,Z51.102,4,693.0979496402878,2646.6891726618705,3792.3051079136694,7920.214244604317,278
25550,Z51.102,5,682.4175505050505,1946.628005050505,1865.1552777777777,5690.755151515152,396
25551,Z51.102,6,1031.5048917584504,2337.724701860995,2622.3429548044055,7420.290315229775,2633
25555,Z51.103,3,1172.8222662889518,1773.3482436260624,3700.813002832861,9077.115410764873,353
25556,Z51.103,4,863.1874763406939,2707.5320820189277,5646.997570977918,11588.514132492113,317
25557,Z51.103,5,687.7957739791073,2256.5667521367523,2326.909829059829,7246.753817663817,1053
25558,Z51.103,6,807.7966358530306,2720.510245728996,3426.2538544348236,8813.04331617131,8546
25562,Z51.104,3,474.0311111111111,1754.2407407407406,2452.1388888888887,6189.05,27
25564,Z51.104,5,747.6115228426396,2443.6022842639595,3123.1216751269035,8649.474822335025,197
25565,Z51.104,6,704.7328314028315,2295.31703989704,2777.0195881595882,7340.242059202059,777
25570,Z51.200x0,6,741.7988333333334,3251.819,5508.788166666666,12813.944333333335,60
25573,Z51.400x0,6,1066.4481992337164,3853.127662835249,991.8673563218391,9486.87275862069,261
25578,Z51.500,5,496.5512195121951,2411.1682926829267,4429.14756097561,11457.301219512194,41
25579,Z51.500,6,866.1038000000001,3818.139,5100.727,13978.178600000001,50
25582,Z51.500x0,2,438.92811320754714,2524.7056603773585,5043.506981132075,10624.727547169812,53
25583,Z51.500x0,3,447.0315151515152,2459.6929292929294,3718.247474747475,10528.550505050505,99
25584,Z51.500x0,4,841.7767479674798,3035.450975609756,4962.66105691057,12371.699674796748,123
25585,Z51.500x0,5,550.1734864300626,2900.5982881002087,3168.9219415448856,9978.634759916493,479
25586,Z51.500x0,6,619.9370520741395,3453.082082965578,3668.8475904677844,11371.27412180053,1133
25587,Z51.500x0,7,538.4659090909091,2293.122727272727,5742.28409090909,12510.628636363637,22
25591,Z51.800,6,3938.3937735849054,2846.470566037736,2412.0707547169814,14188.512075471699,53
25592,Z51.800x0,1,8397.286051282052,2031.76,2804.422512820513,18168.487794871795,195
25595,Z51.800x0,4,2221.0920588235294,2389.4123529411763,3497.616470588235,20874.961764705884,102
25596,Z51.800x0,5,4910.103981481481,2734.377916666667,2573.2419907407407,15269.156574074073,216
25597,Z51.800x0,6,5124.0074429967435,3667.3639685124863,3653.534809989142,19091.136650380024,1842
25603,Z51.800x9,6,2746.8489436619716,2966.739014084507,5609.211408450705,14713.731549295773,142
25606,Z51.801,4,887.5300000000001,2049.9375,10073.78,15225.214166666667,24
25607,Z51.801,5,478.0029069767442,2539.222093023256,1588.828488372093,6020.975232558139,86
25608,Z51.801,6,538.1915514018691,3159.2728971962615,3178.1626542056074,8653.15185046729,535
25613,Z51.802,6,412.3304761904762,3697.5157142857142,3772.1804761904764,11026.149047619048,42
25620,Z51.807,6,635.055375,1874.1642500000003,2453.467875,6202.585125,80
25629,Z51.901,6,684.6958015267176,3868.4889312977098,3576.599312977099,10841.127557251908,131
25633,Z52.001,6,1292.23125,1324.6083333333333,1716.75875,13130.296666666667,24
25637,Z52.400,6,2811.3837288135596,2913.870508474576,2068.2810169491527,18780.076101694915,59
