,basy_yydj,basy_ssjczbm1_for_str_5,HAOCAI-only_operation-5-E,JCJY-only_operation-5-E,YP-only_operation-5-E,ZFY-only_operation-5-E,记录条数-only_operation-5
0,1,,182.45914497965362,1267.8857547080534,1811.4634710261505,6582.025347465379,63402
12,1,00.94,207.28102040816327,1442.2408163265306,3938.149795918367,9995.075714285715,49
17,1,01.41,5047.8516666666665,2269.116666666667,4624.9525,19819.349583333333,48
28,1,03.09,15795.019310344827,1931.448275862069,2725.0094827586204,28138.536379310346,58
29,1,03.31,981.0445918367346,1475.843724489796,5159.749693877551,12867.048826530612,196
31,1,03.53,24136.61608695652,2808.23231884058,4168.824927536231,39591.59724637681,69
32,1,03.6x,11001.898333333333,1722.3725000000002,2152.80625,19418.904166666667,24
34,1,03.91,378.86612167300376,1552.282205323194,1009.2737262357414,7606.717376425855,263
39,1,04.2x,1663.0326872246696,1429.7295154185022,1050.7874889867842,7270.322070484582,227
44,1,04.49,2638.2499199999997,1501.24728,3595.3473599999998,12375.901039999999,125
45,1,04.74,3423.822413793104,865.6003448275862,2212.8048275862066,12721.245172413792,29
47,1,04.81,106.07832835820895,1330.4513432835822,1256.4068358208954,5558.982029850747,335
48,1,05.0x,1184.239090909091,2055.1060606060605,815.7869696969698,17819.659393939393,33
51,1,05.31,87.93590909090909,1243.87,1740.3740909090911,7569.2527272727275,22
58,1,06.4x,6926.504594594595,2662.924054054054,2564.8505405405404,20607.777297297296,37
60,1,06.81,1228.1882142857141,4345.589285714286,3213.991785714286,16568.14857142857,28
80,1,08.44,104.9604761904762,513.6904761904761,195.39285714285714,2506.9361904761904,21
81,1,08.49,189.4587452471483,627.5055133079849,167.36612167300382,1855.176958174905,263
95,1,09.6x,106.44083333333333,599.4572916666667,225.40875000000003,2210.0104166666665,48
98,1,09.81,740.3545226130652,616.5542713567839,539.1263316582914,3648.7548241206027,199
102,1,10.31,276.3064,643.3,168.7084,1881.5968,25
109,1,11.32,674.1127352297593,542.9722100656455,219.67728665207878,2474.4488402625825,457
110,1,11.39,364.3364869281046,594.2017156862745,174.42946078431373,2322.875816993464,612
122,1,12.64,629.8492156862745,775.7196078431372,544.8327450980393,5183.423137254902,51
130,1,13.41,2708.3831833954505,771.8943927515743,193.75468063230946,6124.7387135329645,7781
133,1,13.59,2249.348484848485,640.9214141414142,226.06939393939393,4426.780707070708,99
136,1,13.70,2273.874211409396,645.5804026845638,196.74810402684562,4527.449832214766,596
137,1,13.71,1760.1208209633444,758.0921235989094,144.15058467131172,4997.371878218722,3301
152,1,14.6x,3240.189041095891,812.7871232876712,347.8321917808219,6177.087260273973,73
156,1,14.74,4712.0477722772275,877.4227722772278,389.745198019802,11506.625297029703,202
158,1,14.79,101.44053191489361,703.5112765957447,367.8023404255319,2005.5836170212765,94
188,1,17.91,59.84220917822839,834.118356456777,1300.4819423692636,4723.904663820705,937
189,1,17.92,21.657727272727275,906.7370454545454,2486.8120454545456,5845.481818181818,44
191,1,17.95,153.78279527559056,997.7267322834646,1577.2735433070866,4569.457716535433,254
192,1,17.96,36.56871794871795,655.4487179487179,605.5794871794872,3168.4635897435896,39
193,1,17.97,598.5412179487179,978.9003205128206,1147.5987179487179,4005.391794871795,156
194,1,17.98,2472.468833107191,685.3751017639078,3684.233134328358,9370.164369063772,737
199,1,18.29,752.4775,768.5696428571429,1696.1717857142855,5279.998035714286,56
202,1,19.4x,1007.8069411764706,1200.32,3578.179058823529,10408.784235294119,85
208,1,20.49,1158.3371428571427,1512.4657142857143,4597.14761904762,13452.413333333334,21
214,1,21.09,1247.0458536585365,1019.0317073170733,1717.0075609756097,5809.110487804878,41
221,1,21.5x,2680.3995348837207,885.4813953488372,1440.683488372093,8212.723720930233,43
223,1,21.69,1987.0645267489713,794.5434979423868,1553.7152263374485,6979.99987654321,243
227,1,21.84,1209.614882352941,671.2658823529412,2231.9103529411764,7087.02194117647,170
232,1,22.12,1525.9057142857143,1488.2285714285713,3100.7461904761903,10663.531904761905,21
239,1,22.52,1522.4545454545455,624.2272727272727,1428.1954545454546,8110.968181818182,22
240,1,22.53,1189.3082960893855,1051.6738547486034,2498.8677932960895,9439.139720670391,358
262,1,28.2x,1756.5656842105261,923.3382105263158,2227.4826315789473,7411.289052631579,95
264,1,28.5x,1283.3659574468084,673.7595744680851,1206.277340425532,4653.997021276596,94
265,1,28.6x,2320.210145985401,788.2547445255474,1318.7149635036496,7545.689197080293,137
268,1,29.11,35.40840909090909,456.0556818181818,1769.793409090909,3621.013409090909,88
269,1,29.12,1343.4216666666666,865.6916666666666,1305.5695833333332,5575.916666666667,24
271,1,29.99,3025.2400000000002,598.8615384615384,1314.474871794872,7171.032692307693,78
272,1,30.09,974.6983333333334,868.2629166666666,1699.009487179487,6041.869006410256,312
275,1,31.42,21.076666666666668,638.3155555555555,1894.5506666666665,3668.082,45
277,1,32.20,0.0,3529.9210526315787,3956.7902631578945,42324.15657894737,38
283,1,33.22,1.6637192982456142,6955.257543859649,3077.075859649123,17034.233789473685,285
285,1,33.26,1812.9694666666664,989.9440000000001,1039.0980000000002,6202.3192,75
288,1,34.04,1318.2712621359224,2428.413203883495,5151.696699029127,12934.777669902913,103
297,1,34.91,315.2860240963855,2382.7553012048193,3963.362048192771,10436.469879518072,83
306,1,38.30,1505.229019607843,1101.5588235294117,2769.275882352941,12501.22794117647,102
310,1,38.59,2071.4244103773585,1674.9922759433962,2552.130683962264,15945.618844339622,848
317,1,38.91,4598.004402985074,1950.0328358208956,4567.167686567164,28654.61014925373,134
318,1,38.93,641.5157798165138,2223.9677064220186,6184.87,14296.046513761468,109
319,1,38.95,947.94,1730.9726315789476,1594.0410526315789,7062.033157894737,38
322,1,38.99,85.63818181818182,1805.5124242424245,2216.3633333333337,6255.57606060606,33
323,1,39.27,450.0728169014085,1274.9338028169016,1106.9222535211268,5678.878591549296,71
325,1,39.30,2790.1710714285714,1315.3964285714285,1982.873214285714,13420.445000000002,28
328,1,39.42,416.4647619047618,927.9047619047619,806.0033333333333,5702.398095238095,21
330,1,39.50,5804.371043478261,1387.5365217391306,642.445652173913,11745.458608695651,115
334,1,39.79,7934.665625,2765.2140625,5910.69171875,32180.46546875,64
338,1,39.95,285.7801225490196,1395.8806127450982,2833.840906862745,8339.169950980391,408
339,1,39.96,727.0550000000001,1419.2703703703705,5676.1177777777775,9603.463333333333,54
340,1,39.97,1434.5780263157897,1608.4736842105262,2854.127434210526,16589.856184210526,152
353,1,42.32,154.88400000000001,482.79200000000003,4471.7404,5691.9684,25
354,1,42.33,1814.954888888889,1134.4733333333334,3256.512222222222,9158.829555555556,45
360,1,43.41,349.92368421052635,912.23708915145,2484.2066272824923,5245.517733619763,931
364,1,44.11,204.4176923076923,1550.4625,4555.720192307692,10976.151923076923,52
365,1,44.13,119.71224050632911,1471.0510000000002,1683.141075949367,4508.551063291139,790
366,1,44.14,301.3831578947368,1819.6184210526317,3118.462368421053,8401.570789473684,38
376,1,45.23,776.4659706959707,1014.9205128205127,2300.2063003663006,5980.320183150183,273
380,1,45.30,1142.41,786.3761904761906,3662.1952380952384,7289.452857142857,21
384,1,45.42,1025.8297094017094,990.1188034188034,1785.7176923076922,6048.582085470085,585
385,1,45.43,1680.5815517241379,1277.1525862068966,1673.7593103448276,7585.159827586207,174
396,1,47.01,1384.9636257309942,1476.798245614035,2337.4973684210527,7981.611461988305,171
397,1,47.09,478.28818181818184,1249.6914285714286,2693.912467532468,6897.326883116883,77
403,1,48.35,3531.0565384615384,1532.3000000000002,2927.9273076923077,12241.246153846152,26
404,1,48.36,480.72174863387977,777.920218579235,3220.643797814208,6124.734043715847,366
405,1,48.41,1041.4413636363636,1344.9488636363637,3819.809090909091,8943.780454545455,44
410,1,48.76,1783.162385321101,699.5780733944954,4269.315825688073,9898.752935779818,218
414,1,49.01,393.77796610169486,855.9654237288136,1844.5033898305085,5658.6330508474575,59
416,1,49.04,2191.521753246753,728.4911038961039,3259.3255844155847,8686.05564935065,154
418,1,49.12,1916.6174999999998,733.5224999999999,2801.000972222222,8253.976111111111,72
421,1,49.39,1102.3620833333334,764.0500000000001,2073.9825,5809.002083333333,24
423,1,49.42,512.9443103448276,756.9594827586208,3272.6224137931035,8660.645172413793,58
425,1,49.45,2603.2318714555763,832.5041776937619,2429.391190926276,8543.29393194707,529
426,1,49.46,637.2665660377359,787.9085283018868,1712.5497358490566,6160.561433962264,265
427,1,49.47,677.8681481481482,671.5046913580246,1160.8048148148148,6966.16012345679,81
428,1,49.49,4536.954780114723,717.8490057361377,1726.3648565965582,10876.429560229446,523
432,1,49.73,953.8143181818182,737.8472727272728,2836.1890909090907,6754.740909090909,44
445,1,51.04,4687.995185185186,2219.2452674897118,7168.153497942387,18289.200781893003,243
447,1,51.22,946.9806451612903,1383.418064516129,3372.680322580645,8880.731935483871,31
448,1,51.23,1497.9215419161676,1611.2607035928143,2930.5621856287426,9495.69618263473,668
460,1,53.00,1363.9401515151515,1374.6204545454545,2015.175606060606,7727.18303030303,66
461,1,53.01,1308.5721739130436,1218.071739130435,1301.6052173913044,6128.534782608695,23
462,1,53.02,1236.965789473684,1103.796052631579,1337.8792105263158,6931.432894736842,38
464,1,53.04,1497.3773134328358,1154.0776119402985,1455.5825373134328,6297.144179104477,67
465,1,53.05,1762.8393548387096,1192.96,1778.2082258064518,6977.825000000001,62
486,1,54.51,1798.435637149028,583.0541036717062,1016.4476889848813,16318.34019438445,463
487,1,54.59,703.9777083333333,1003.0783333333334,1730.6512500000001,12079.348958333334,48
488,1,54.91,883.0519387755102,2362.915408163265,5503.767551020408,13687.191428571428,98
493,1,55.01,1682.3077272727276,1936.5090909090907,2680.560909090909,10866.642272727273,22
496,1,55.04,6550.50027027027,2806.75945945946,6217.603918918919,23783.40405405405,74
507,1,56.0x,4832.395647482014,2132.0071942446043,4142.424658273381,15016.485863309352,556
509,1,56.31,2301.91,1594.5368421052633,2944.096315789474,9785.09052631579,38
511,1,57.0x,774.2762222222223,1604.5191111111112,2707.2051111111114,7510.739111111111,45
517,1,57.32,386.9817948717949,1524.597435897436,2200.1053846153845,6162.76,39
524,1,57.94,468.9515646258504,1978.280612244898,2524.422993197279,7675.827006802721,147
533,1,59.8x,3622.4003883495143,1947.9718446601942,3874.5413592233012,11625.192038834952,103
534,1,59.99,449.47388888888895,684.7111111111111,1164.5033333333333,3648.525277777778,36
536,1,60.29,1245.1756666666665,1737.7616666666665,3648.4089166666668,10694.88775,120
551,1,62.99,969.9742307692309,1765.2141025641026,1281.046282051282,8881.964871794871,78
553,1,63.1x,373.7875362318841,724.7086956521739,1039.2839130434782,10135.679710144928,69
567,1,65.25,1085.7512195121951,1478.6780487804879,1739.6224390243904,9980.453170731707,41
579,1,65.81,14.073636363636364,538.3420454545454,689.9536363636363,21831.78090909091,88
582,1,66.01,1051.979487179487,1210.4446153846152,1416.5333333333333,10298.732820512821,39
583,1,66.02,417.87736842105267,695.2970175438596,1651.332807017544,15497.205701754385,114
587,1,66.29,2141.1302564102566,797.7564102564103,1034.217435897436,9914.952307692309,39
590,1,66.4x,1556.6061111111112,1259.0344444444445,1159.1220833333332,9613.032638888888,72
591,1,66.51,2205.7980701754386,1261.7350877192982,1046.4054385964912,10695.615789473684,57
592,1,66.61,1128.812258064516,1057.984516129032,1149.4909677419355,8288.309032258065,31
593,1,66.62,1308.3090625,1191.7375,1292.8428125,8639.1778125,32
596,1,66.73,549.0674509803921,660.390980392157,1239.0841176470587,19074.23549019608,51
597,1,66.79,153.30729281767955,648.3860036832413,1784.82817679558,16630.760810313073,543
598,1,66.8x,1207.1492307692308,1424.9492307692308,1005.6088461538461,13548.426538461537,26
606,1,67.2x,190.93880000000001,1230.1038,663.2905999999999,3746.5762,50
607,1,67.32,92.5845390070922,1038.8659574468086,2265.1285815602837,4997.990283687944,141
614,1,68.12,511.5673648648649,1120.806081081081,711.938108108108,5059.394594594594,148
615,1,68.16,605.6014285714285,597.047619047619,404.4780952380953,3686.8514285714286,21
617,1,68.21,844.7508974358975,623.1055128205129,582.0528205128205,5073.591346153846,156
621,1,68.29,680.4220454545455,1086.8222159090908,927.8582954545454,6645.986931818182,176
624,1,68.41,1134.9810344827586,2791.4310344827586,2438.633448275862,12821.34551724138,29
625,1,68.49,777.9536363636363,2124.6718181818183,2300.99,9063.50818181818,22
627,1,68.59,385.6545833333333,1887.8329166666665,1613.4366666666665,8621.030833333334,24
630,1,69.01,213.43642857142856,1305.1435714285715,560.2109523809524,3990.748333333333,42
631,1,69.02,99.02804511278195,874.4042857142857,690.0834586466166,4331.9292481203,133
632,1,69.09,261.05385321100914,1230.1234403669723,1697.4970642201833,5433.9343577981645,218
636,1,69.51,249.0814516129032,2019.2020967741935,992.830806451613,5831.940161290322,62
646,1,70.50,500.502,1034.6166666666666,1332.618,6688.975333333334,30
650,1,70.71,321.8721875,939.90828125,563.2725,6796.17484375,64
660,1,71.71,455.010462962963,1349.6778086419752,727.0054320987655,13036.345123456791,324
670,1,73.59,233.7996551724138,738.5779310344827,311.47655172413795,4753.771724137931,29
671,1,73.6x,642.8948854961832,2088.4805343511453,724.6003435114504,13844.983091603053,262
673,1,73.8x,133.6516,590.312,649.1192,4516.4052,25
675,1,74.1x,1119.7343728222997,1774.8773344947735,1408.5123519163762,17741.845325203252,1722
679,1,75.0x,276.21395061728396,1265.4351851851852,1256.6764197530863,11013.267901234567,81
682,1,75.69,976.2558937198067,2782.5203140096614,756.5296376811594,20072.21572463768,414
708,1,77.59,1294.8525806451612,1051.409677419355,1039.0916129032257,5065.550967741935,31
713,1,77.69,1395.5471428571427,1335.1209523809525,1304.4819047619046,6225.112380952381,21
731,1,78.49,5906.278113207547,1852.8745283018868,3774.135094339623,18718.720566037737,53
735,1,78.53,7683.699545454545,1659.5136363636366,1653.7604545454546,13849.141818181817,22
737,1,78.55,15443.460625,2532.059375,3228.231875,26184.031875,32
741,1,78.59,15355.744615384614,1550.8746153846153,5215.572692307693,28738.423076923078,26
743,1,78.61,565.3877049180328,935.5406557377049,981.8840163934427,4442.498606557377,122
744,1,78.62,472.20663157894734,985.6888421052632,1037.3485263157895,4465.1607368421055,95
745,1,78.63,838.2142016806723,892.4394117647058,902.9725210084033,4589.5667226890755,119
746,1,78.64,397.5259375,843.0584375,831.0159375000001,3598.5465625,32
747,1,78.65,2352.7223188405796,1185.3659420289855,1529.3298550724637,7628.893333333333,69
748,1,78.66,671.0692957746479,1001.8218309859155,1015.982676056338,4612.058169014084,71
749,1,78.67,716.797700729927,1030.5667153284674,1138.859708029197,5111.5405474452555,274
750,1,78.68,660.4965217391305,1134.9417391304348,956.1210869565217,5019.222391304348,46
751,1,78.69,725.0831288343559,973.7622699386503,1410.1784662576688,5468.56509202454,163
758,1,79.02,90.05081632653061,1337.02,1119.613469387755,3837.791836734694,49
767,1,79.12,3933.767142857143,1376.4414285714286,889.9114285714286,7842.182380952382,21
770,1,79.15,14014.446119402985,2600.929104477612,3281.392686567164,25409.581194029848,67
784,1,79.31,12555.356111111112,1957.7590277777776,2584.822847222222,21978.75791666667,144
785,1,79.32,10010.387299270073,1663.5963503649637,2383.0839416058393,18610.758321167883,137
786,1,79.33,5502.7537931034485,1347.3327586206897,1789.4855172413793,12331.699655172413,29
787,1,79.34,3369.689636363636,1155.0643636363636,1996.9932727272728,10869.701818181818,55
788,1,79.35,15071.957329192546,2899.358198757764,3296.2726086956523,26924.39813664596,161
789,1,79.36,13470.425495495496,2189.1090090090092,3211.6353153153154,23869.741471471472,333
790,1,79.37,9917.794098360657,1805.362786885246,3317.039344262295,19879.92016393443,61
792,1,79.39,9230.814011627906,1746.4275581395348,2616.081976744186,17157.539186046513,172
797,1,79.64,2298.289411764706,981.3211764705882,2188.4825490196076,10139.82725490196,51
822,1,80.16,76.90193899782135,1371.5653594771243,4606.536862745098,26541.994444444445,459
824,1,80.18,799.9282142857143,1607.507142857143,5095.506785714286,33832.75892857143,28
828,1,80.41,99.06875,1044.41,1489.9096875,5213.05125,64
832,1,80.46,131.28058823529415,1345.349411764706,1215.9976470588235,6216.640588235294,68
835,1,80.51,11748.227777777778,3084.420972222222,2531.1766666666667,23658.19357638889,288
836,1,80.52,347.416231884058,1068.3337681159421,1062.697463768116,5638.916159420291,138
837,1,80.59,1204.2336613603472,1301.2216063675833,1618.1951374819105,7797.32969609262,691
838,1,80.6x,1190.4274358974358,1890.9384615384618,2303.403076923077,8853.22512820513,39
845,1,80.76,5405.7905,2439.5125,1617.8345,16579.47575,40
852,1,80.86,1752.23,1891.5392982456142,2162.91,12907.26543859649,57
861,1,81.08,24189.811923076923,2371.512307692308,3983.872307692308,44831.71846153846,26
878,1,81.51,27834.54581395349,2570.2152906976744,3828.3993023255816,47122.18273255814,172
879,1,81.52,19181.366274509804,2494.6289215686274,3750.1246078431373,31766.807941176474,102
880,1,81.54,25246.085045045045,2883.1646846846847,4304.737387387388,46201.571621621624,111
882,1,81.65,11255.052553191488,2195.1329787234044,2605.4493617021276,19037.378191489363,94
883,1,81.66,14382.865749999999,2584.955,1359.1407000000002,22652.79835,200
889,1,81.91,719.1536,1446.917111111111,2010.8947333333333,8330.427777777777,450
890,1,81.92,382.0693103448276,1330.3917241379309,1002.2911379310344,5587.071206896551,290
894,1,81.96,1085.4384375,1616.925,2164.3925,11048.6196875,32
901,1,82.21,263.28724137931033,967.2924137931034,811.2813793103448,2926.057931034483,29
906,1,82.36,8260.139728260869,753.0130434782608,3641.884510869565,17257.03793478261,184
909,1,82.45,2410.1355263157893,894.0276315789474,2205.2097368421055,8379.324210526316,38
918,1,83.09,1597.5637931034482,1033.2910344827585,1906.2668965517241,6953.71724137931,29
920,1,83.13,3792.559565217391,1264.571304347826,4689.354347826086,14702.063043478262,23
922,1,83.19,294.00857142857143,660.2857142857143,641.4668571428572,4504.3754285714285,35
924,1,83.29,3202.5004166666668,948.0319444444444,2289.9790277777774,12434.230000000001,72
925,1,83.31,236.6086,1003.4846000000001,835.5114,3333.9556,50
927,1,83.39,500.3773333333333,1137.2611666666667,1023.001,4286.454333333333,60
929,1,83.45,7810.748970588236,1086.8213235294118,4183.623676470588,18857.002205882352,68
931,1,83.64,2406.6979310344827,960.1155172413793,2833.8089655172416,9505.346551724138,29
939,1,83.91,115.92232736572892,1152.5977408354645,1067.3549190110828,4920.22768968457,1173
940,1,83.96,36.800000000000004,1597.611111111111,1272.232962962963,5430.1440740740745,27
960,1,85.21,318.90142857142854,840.7392857142858,776.0989285714286,4320.038571428571,28
962,1,85.23,572.4548,816.3560000000001,897.9467999999999,3663.2936,25
969,1,86.04,2180.3460975609755,1547.140975609756,2605.0453658536585,10276.291951219511,41
974,1,86.22,3383.0673372781066,1312.125976331361,3427.3210059171597,12897.432071005916,169
976,1,86.27,4775.5990624999995,1249.426875,3356.0409375,14610.223125,32
977,1,86.28,1475.981081081081,1279.847837837838,2352.723108108108,7944.907297297297,74
978,1,86.3x,504.5531818181818,995.6564204545455,923.4380681818183,3973.3694886363637,176
980,1,86.59,1634.2543076923077,1403.6224615384617,2117.2347692307694,7224.651076923077,65
988,1,86.75,1531.9490384615385,1099.2576923076924,2541.1426923076924,7928.071346153845,52
998,1,87.03,49.351,1901.645,1294.82225,4096.78575,40
1001,1,87.24,56.318999999999996,627.6433333333333,1281.7586666666668,3911.425666666667,30
1002,1,87.41,362.5305882352941,1827.2294117647057,2982.8026470588234,6373.846470588235,34
1003,1,87.44,598.1783886255924,1050.0094786729858,2229.7716587677724,5415.1641706161145,211
1013,1,88.27,69.44319999999999,686.936,917.2464,3744.4416,25
1020,1,88.48,3628.470867052023,2037.101734104046,3918.9776300578037,23657.695317919075,173
1024,1,88.66,2115.6080952380953,1190.8733333333332,2198.2305714285712,8211.497714285715,105
1026,1,88.72,42.579772727272726,1754.2931818181817,1483.0656818181817,4061.940909090909,44
1027,1,88.76,244.80291338582677,1433.6732283464567,3445.645590551181,6718.304803149606,127
1030,1,88.93,87.20460937499999,704.378125,977.203359375,4201.033359375,128
1038,1,89.50,90.68387096774192,1689.7645161290322,2952.930322580645,6176.388387096775,31
1039,1,89.52,363.1072602739726,1324.3013698630136,2004.2719178082193,5042.106712328767,73
1040,1,89.54,168.41312883435583,2253.467791411043,3954.4906134969324,8341.088404907974,163
1044,1,92.20,4329.717903225806,2573.829032258064,26071.970967741934,40423.596935483874,62
1045,1,92.24,1877.5779545454543,3993.75,10313.325454545455,51199.32227272727,44
1046,1,92.27,2566.8317525773195,1218.7752577319588,33445.03329896907,42239.45020618557,97
1053,1,93.35,67.3365625,1144.4664062499999,1557.891770833333,5274.699192708334,384
1055,1,93.39,31.406235294117643,887.6047058823528,1486.3437647058824,4814.899529411765,85
1060,1,93.53,708.3407500000001,1508.481,1423.51325,5512.15075,40
1061,1,93.54,1718.2072797927462,1394.6863212435235,1426.4248445595854,6617.671709844559,386
1068,1,93.90,247.42307692307693,2682.3379487179486,4951.291282051282,11761.92,39
1069,1,93.94,37.72237410071942,883.0423021582734,1463.1702877697842,3109.234316546763,139
1070,1,93.96,131.54672609400325,1622.805542949757,2376.2776499189627,5432.505445705024,617
1072,1,94.27,182.0688,7952.536,1502.652,21049.1156,25
1075,1,95.09,5.6000000000000005,1054.4166666666667,1227.1499999999999,3217.440416666667,24
1085,1,96.56,0.0,7901.286352941177,2597.3016470588236,17449.138964705882,425
1088,1,96.71,1464.564285714286,2875.1864285714287,8714.227857142858,33394.3975,28
1089,1,96.72,648.6811111111111,2977.0518518518516,9094.715185185185,21380.585555555557,27
1092,1,97.62,330.7564130434783,708.1358695652174,1339.627445652174,3618.8576630434786,184
1095,1,97.71,463.86058823529413,843.5676470588235,514.2105882352942,4829.7797058823535,34
1108,1,98.51,34.25770158251696,901.8630369253956,1130.2274453654861,3037.5378598342127,1327
1112,1,99.03,242.88745098039212,2227.8078431372546,2893.2945098039213,7847.864901960784,51
1118,1,99.21,36.06578512396694,1739.9537190082644,2021.8214049586775,4646.998595041322,121
1120,1,99.25,5890.700174050633,2454.5416139240506,6007.453924050633,21621.145743670884,632
1123,1,99.29,391.0650678733032,1114.7238461538461,1935.7322171945702,6384.90850678733,221
1126,1,99.79,1284.5795495495495,2546.7297297297296,2007.4615315315316,10400.914954954955,111
1130,1,99.85,1827.837083333333,2280.7916666666665,2195.621666666667,13966.015555555556,72
1131,1,99.92,27.895146804835925,996.3883333333333,1758.804395509499,5055.8933506044905,2316
1132,2,,80.98720026248746,1351.0169453022465,1581.4953194240716,5281.74107996217,103624
1150,2,01.24,9854.981034482758,11078.134482758622,12448.263103448277,52599.52517241379,29
1165,2,03.09,11469.116976744186,2025.8418604651163,2352.0437209302327,21632.059302325582,43
1166,2,03.31,1765.7560606060606,2396.0454545454545,1869.2227272727275,10846.78484848485,33
1167,2,03.53,22208.298720930234,2683.5013953488374,4503.273837209302,36070.729302325584,172
1170,2,03.91,795.1541958041959,833.3385314685315,846.9472727272728,5426.093356643357,143
1176,2,04.2x,2378.9434615384616,1840.2076923076925,1291.5976923076923,9139.667307692307,52
1184,2,04.81,255.29565217391306,1374.067554347826,1128.379293478261,5577.31777173913,184
1185,2,04.89,42.559090909090905,735.75,949.4086363636364,4728.581363636364,22
1187,2,05.31,62.52024390243902,1061.526219512195,514.7314634146342,4392.771219512195,164
1190,2,06.31,1109.5453846153846,1597.4153846153847,1386.875,7753.417307692308,26
1191,2,06.39,855.0916666666667,1579.7683333333334,1635.7006666666666,8455.595666666666,30
1200,2,08.20,133.6820634920635,932.6196825396826,719.0666666666666,2803.278412698413,63
1210,2,08.49,208.31288461538463,851.3348076923077,369.89846153846156,2351.688076923077,52
1222,2,09.81,114.68359375,1033.8703125,862.77046875,3451.52515625,64
1232,2,11.32,744.893837837838,602.3843243243243,228.74102702702706,3169.802864864865,185
1233,2,11.39,85.89859649122808,873.2471929824561,373.5161403508772,2474.367894736842,57
1241,2,12.64,155.64190476190475,785.4761904761905,760.9895238095238,4012.0990476190477,21
1249,2,13.41,2665.23744968459,852.3159807750075,148.85234004205466,5910.338230699909,3329
1250,2,13.59,2539.354861111111,1097.4569444444444,285.58402777777775,5242.772916666667,72
1254,2,13.71,1586.9541066666668,1168.3372,183.14888,4610.579506666667,750
1263,2,14.6x,462.305,808.046875,520.8878125,3473.200625,32
1265,2,14.74,3102.9747058823527,786.05,1106.6528431372549,8679.493725490196,102
1280,2,17.12,3270.1979310344827,1410.4432758620692,1175.2417241379312,9597.04724137931,58
1281,2,17.13,3556.089285714286,1434.0954761904763,1044.56,9857.051666666666,42
1290,2,17.91,122.52340659340659,1029.9648351648352,1684.625934065934,5044.15076923077,91
1291,2,17.92,68.24169284467713,1128.554642233857,1354.2628970331589,5003.1651657940665,573
1293,2,17.95,245.78851711026616,1165.1376425855515,1550.579163498099,5031.822072243346,526
1294,2,17.96,129.7675968992248,1134.1697674418604,2650.005542635659,6183.588217054264,258
1295,2,17.97,1025.6978048780488,1341.8590243902438,1345.4089756097562,5671.430146341463,205
1296,2,17.98,777.4926530612245,641.0799319727892,1783.7469387755102,5187.326462585034,147
1301,2,18.29,190.536875,1010.4002083333334,751.7535416666666,3454.8308333333334,48
1310,2,20.09,113.69478260869565,1047.2521739130434,1420.1555072463768,4229.047536231885,69
1320,2,21.03,560.7863636363636,978.5666666666667,678.6327272727273,3480.5672727272727,33
1324,2,21.21,71.87545454545455,1552.2045454545455,1146.2277272727274,4027.9927272727273,22
1326,2,21.31,218.02896551724137,1178.4741379310344,1009.4151724137931,5250.794655172414,58
1328,2,21.5x,418.78076923076924,1269.0230769230768,1070.991076923077,5136.814923076922,65
1331,2,21.69,273.86267857142855,919.8498214285713,1009.1869642857143,5890.245714285715,56
1334,2,21.84,544.7248936170213,1440.1382978723404,1337.6023404255318,5805.283829787235,47
1340,2,22.2x,632.4290909090909,1332.6818181818182,1270.4363636363637,6450.321818181818,33
1343,2,22.50,531.095046728972,1096.7514018691588,1478.5161682242992,7157.21738317757,107
1346,2,22.53,689.1155688622755,1217.771497005988,1992.844610778443,7739.054730538922,167
1347,2,22.60,126.32064516129033,960.6348387096774,1120.9287096774194,6051.307741935484,31
1372,2,27.0x,217.18962962962962,1294.1607407407407,1377.0233333333333,3904.265185185185,27
1381,2,27.99,860.8078787878787,1151.9669696969697,1358.8439393939393,4862.123333333334,33
1383,2,28.2x,664.8236363636364,1109.9078787878789,1945.4307575757575,6743.025606060606,66
1386,2,28.6x,538.0645652173913,865.2217391304347,1462.1176086956523,5940.084130434782,46
1389,2,29.11,59.80416666666666,1417.4161111111111,1326.5511111111111,3965.0008333333335,36
1391,2,29.39,217.3539024390244,1120.5317073170731,874.2224390243903,5339.11487804878,41
1394,2,30.09,382.78450000000004,1150.7972857142856,1518.2167857142858,5895.498642857143,140
1402,2,31.42,82.04585365853659,1283.1971951219512,1712.6730487804878,4112.716829268293,82
1410,2,33.22,126.33321428571428,2470.192857142857,1890.0767857142857,6905.802857142858,28
1412,2,33.24,188.18573529411765,2288.4926470588234,2412.2176470588233,6734.813676470589,68
1413,2,33.26,1345.749,2550.767,3187.148333333333,9607.144333333334,30
1419,2,34.04,430.94632075471696,2610.4449999999997,2644.35679245283,8161.506367924529,212
1424,2,34.71,197.46619047619046,1591.0666666666668,3682.692857142857,8020.360952380952,21
1425,2,34.91,346.299625,2809.2052083333333,2942.2670416666665,8464.817208333332,240
1442,2,38.59,410.99506726457395,1587.7117488789236,1415.1828251121076,6632.046367713005,223
1452,2,38.93,880.7282978723405,3982.0994148936165,8899.305,20148.58015957447,188
1454,2,38.97,917.8672727272726,5853.545454545455,7620.727272727273,22087.045454545456,22
1457,2,39.27,283.3703448275862,1828.4896551724137,3312.235172413793,11020.576206896552,29
1459,2,39.30,491.84617021276597,807.5212765957447,1823.159574468085,12917.568723404254,47
1460,2,39.31,943.2031707317074,656.3231707317074,1199.4124390243903,9560.159024390245,82
1464,2,39.50,3886.3391666666666,1744.1625000000001,1560.4858333333334,19410.397916666665,24
1467,2,39.59,383.21046875,897.3953125,1780.032578125,15104.468125,128
1468,2,39.79,7524.242127659574,2338.6936170212766,4700.263617021277,22139.71340425532,47
1471,2,39.95,509.39895061728396,1410.8579012345679,2304.959444444444,6729.086234567901,162
1473,2,39.97,257.0454054054054,2026.7972972972973,4325.751621621622,9785.52945945946,37
1486,2,41.38,132.26521739130433,2246.4356521739132,2771.9230434782608,7188.018695652174,23
1492,2,42.33,1500.4820000000002,1468.56,1436.73,7181.045999999999,25
1502,2,43.41,295.6432508833922,1381.268504122497,1045.581554770318,5119.8363368669025,849
1508,2,44.11,100.75761904761904,1853.2380952380952,1055.8157142857144,4069.2680952380956,21
1510,2,44.13,111.9853521801629,1809.4630043124102,1611.3822759942502,4871.953464302827,2087
1511,2,44.14,128.68826086956523,2056.93298136646,1917.194596273292,5757.233105590062,161
1519,2,45.13,115.64283400809717,1803.007732793522,1280.6554251012146,4218.195263157894,247
1520,2,45.16,82.325,1612.765625,1581.1953125,4509.1484375,32
1521,2,45.23,169.47577464788733,1707.4927887323943,1390.7025915492957,4481.599521126761,355
1523,2,45.25,293.6835714285714,2094.9821428571427,1277.0010714285713,5670.518928571429,28
1525,2,45.30,295.2440909090909,947.3181818181819,705.9422727272727,4416.292272727273,22
1529,2,45.42,351.11246998284736,1359.042281303602,1186.0507718696397,5486.731629502573,583
1530,2,45.43,970.4566341463416,1453.2659024390243,1086.8801951219511,6123.25356097561,205
1551,2,47.01,1033.4501503759398,1502.7160257787327,1940.232814178303,7646.080182599356,931
1552,2,47.09,351.92629032258066,1352.1921774193547,1910.8258467741935,6079.385524193549,248
1557,2,48.24,197.76000000000002,2081.873076923077,1091.17,5386.123461538461,26
1560,2,48.35,878.5277099236641,1639.3824427480915,1061.824351145038,6351.465877862595,131
1561,2,48.36,374.30419871794874,1232.426378205128,1074.0746794871795,5215.403525641025,312
1562,2,48.41,981.2411377245509,1252.9952095808385,1554.5828143712574,8315.35622754491,167
1574,2,49.01,187.50925925925927,1019.9550617283951,1745.900061728395,4933.632901234568,162
1576,2,49.04,775.17875,1006.02325,1685.3291249999997,6345.2671875,160
1578,2,49.12,945.1961224489796,1067.2581632653062,1760.5019387755103,7262.482959183673,98
1580,2,49.39,136.6701282051282,1063.056923076923,1082.9329487179489,5075.882435897436,78
1581,2,49.42,186.06287500000002,754.6242500000001,1883.76525,5481.948625,80
1582,2,49.45,601.2031598984772,1172.6873984771573,1660.137538071066,6140.867449238578,788
1583,2,49.46,567.0227051671733,1028.6072948328267,1530.710273556231,5420.6501215805465,329
1585,2,49.49,2881.4038632478632,943.0932649572651,1446.6251965811966,9047.056034188035,585
1587,2,49.73,317.55941747572814,1080.2129126213592,1449.658932038835,5383.664077669903,103
1599,2,51.04,377.3774418604651,872.3511627906977,2569.1751162790697,8025.120465116279,43
1603,2,51.22,699.8919047619047,1763.749761904762,3695.702857142857,10532.166904761905,42
1604,2,51.23,1150.6349767441861,1610.2737348837209,2080.525930232558,8526.512623255814,2150
1616,2,51.88,1738.4292727272727,2364.148,4247.109636363636,17642.951636363636,55
1622,2,53.00,1709.4343915343914,1480.7029629629628,1231.5542857142857,7565.78761904762,189
1624,2,53.02,1034.1619736842106,1200.7698684210525,1208.2848684210528,6419.027236842106,76
1625,2,53.03,1401.5112765957447,1216.063829787234,1241.2597872340425,6762.636595744681,47
1626,2,53.04,1787.3471428571427,1167.4967195767197,1032.4357671957673,6334.3012698412695,189
1627,2,53.05,1501.0622368421052,1363.5329385964912,1163.1304824561403,6546.64605263158,228
1636,2,53.29,1220.3500000000001,2454.0440909090908,3806.6745454545453,11692.240454545456,22
1651,2,54.0x,267.17075,1360.4067499999999,1591.06975,5094.3735,40
1652,2,54.11,1160.361153846154,2255.757692307692,3527.778846153846,11652.721153846154,26
1654,2,54.21,372.49523809523805,1050.4952380952382,1879.1723809523808,5478.589047619047,21
1657,2,54.3x,644.98875,1954.2279166666667,1873.3870833333333,6589.770833333333,24
1659,2,54.51,793.1707017543861,1445.5049122807018,2318.3043859649124,9820.64105263158,57
1660,2,54.59,732.3171428571428,1326.4845238095238,1756.337380952381,7742.269047619047,84
1666,2,54.91,325.07,2319.812448979592,3107.485,7829.451020408163,98
1670,2,55.01,1152.422448979592,1957.4557142857143,1875.2818367346938,9638.915102040817,49
1673,2,55.04,2755.3242391304348,2138.7575,3056.6613043478264,17963.200489130435,184
1685,2,56.0x,2432.4926789587853,1631.2745878524945,1578.9575379609546,9460.483687635577,922
1686,2,56.2x,2179.112424242424,1880.9430303030304,2445.8781818181815,12165.428181818183,33
1687,2,56.31,1316.1536666666666,1867.627,1638.7743333333335,7366.047666666666,30
1691,2,56.89,1831.3565384615383,1996.576923076923,2525.430384615385,10843.366923076923,26
1693,2,57.0x,501.09260162601623,1659.9818699186992,1632.0290243902439,6984.787235772357,123
1697,2,57.19,637.2270833333333,1465.9920833333333,1577.3695833333334,6262.3275,24
1699,2,57.32,548.5005063291139,1855.6245569620253,1394.0849367088608,5474.871265822785,79
1701,2,57.49,1500.1814814814816,1840.578148148148,2777.2229629629633,9907.781111111111,27
1708,2,57.94,313.2763683304647,2197.964939759036,3789.3959724612737,8907.945232358003,581
1714,2,58.39,299.22857142857146,1500.2314285714285,876.5654285714286,4844.654571428571,35
1726,2,59.8x,2184.3103097345133,1742.9318141592921,2080.913716814159,8903.301814159291,226
1729,2,59.99,465.5596610169492,864.5747457627119,558.9686440677966,3047.57406779661,59
1731,2,60.29,1740.77859030837,2091.3566960352423,2793.3991629955945,10992.138810572686,227
1741,2,61.49,361.01175,1134.22,1052.9205,4385.775,40
1754,2,64.0x,784.642972972973,784.9297297297297,495.7735135135135,2981.729189189189,37
1759,2,65.01,959.5015625,1446.771875,2213.9271875,9529.5365625,32
1766,2,65.25,735.2308870967743,1578.2903225806451,1634.1268548387097,7966.797096774193,124
1767,2,65.29,663.3526923076922,1483.7388461538462,1940.6165384615383,7645.837692307692,26
1770,2,65.41,764.8773076923078,1832.746153846154,2634.2057692307694,9902.158076923077,26
1782,2,66.01,610.4453333333333,1115.2777777777778,1636.5137777777777,7411.222888888889,45
1783,2,66.02,587.9885714285714,937.6785714285714,1451.7439285714286,6685.097142857143,28
1787,2,66.4x,691.824090909091,1226.8070454545455,1683.5471212121213,7505.645606060606,132
1788,2,66.51,890.2991891891892,1710.8651351351352,1706.8521621621621,8587.50891891892,37
1789,2,66.61,819.3460714285713,1312.792857142857,1200.394642857143,7071.343214285715,28
1790,2,66.62,487.9934666666667,1087.3362666666667,1353.6441333333332,6213.951866666667,75
1793,2,66.79,734.0607407407407,799.8296296296297,1673.602962962963,8579.75962962963,27
1798,2,67.0x,52.71590909090909,1086.8,486.52818181818185,2346.9804545454544,22
1800,2,67.12,71.75212765957447,1494.6778723404254,870.3006382978724,3644.3955319148936,47
1802,2,67.2x,158.74084905660376,938.4794339622641,773.7878301886792,3619.9726415094337,106
1803,2,67.32,109.04711645101663,1044.127818853974,1026.4107948243993,3514.029020332717,541
1805,2,67.39,198.37716981132075,1007.6710377358492,698.6933962264151,3184.1950943396228,106
1808,2,67.61,106.44902439024389,861.0292682926829,674.9085365853658,3607.0265853658534,41
1810,2,68.12,323.5597916666667,1356.7796666666666,1329.3128333333334,4337.797541666667,240
1811,2,68.16,324.7468181818182,1720.3454545454545,782.9809090909092,4508.6504545454545,22
1813,2,68.21,332.5706818181818,1168.206818181818,1108.5352272727273,4586.850454545455,44
1815,2,68.23,572.5389795918368,1143.6877551020407,895.2763265306122,5653.5344897959185,49
1817,2,68.29,555.6882608695652,1411.4219746376812,1376.214420289855,6704.3435144927535,552
1818,2,68.31,934.2033333333334,1638.2459523809525,2282.7304761904766,10549.139285714286,42
1819,2,68.39,561.9783333333334,1723.1660256410257,1867.063205128205,8092.465128205128,78
1820,2,68.41,1451.8143820224718,2026.0912359550562,2497.8096629213483,13152.678651685392,89
1821,2,68.49,755.3666666666666,1907.3817647058825,2344.1991176470588,9784.031764705882,102
1822,2,68.51,683.1251428571429,1943.5800000000002,2191.708,11647.354285714286,35
1823,2,68.59,510.0722222222222,1917.8956944444444,1837.585,8706.350694444445,72
1827,2,69.01,70.28390410958903,698.280502283105,333.54424657534247,2012.5123515981736,438
1828,2,69.02,113.67599004975123,681.065263681592,425.49202985074623,2387.613174129353,1005
1829,2,69.09,121.42712827988338,1183.6381341107872,862.0103061224489,3345.4699562682217,686
1833,2,69.51,126.7363888888889,586.7817013888889,399.90284722222225,2010.4746180555558,288
1834,2,69.52,32.67658914728682,677.6193023255814,529.9202325581396,2201.3483720930235,129
1835,2,69.59,47.09533333333333,680.6222222222223,775.5682222222222,2258.331888888889,90
1841,2,70.14,37.79070175438597,632.8328070175439,341.3836842105263,2363.9429824561403,57
1842,2,70.21,34.0296,1185.4,775.7056,3248.4836,50
1845,2,70.33,274.0152380952381,1019.9247619047618,643.8438095238095,3423.586666666667,21
1847,2,70.50,378.70245098039214,1281.005588235294,1255.4854901960784,5933.943235294118,102
1851,2,70.71,88.44109550561798,647.7273876404495,442.55441011235956,3109.21095505618,356
1857,2,71.09,106.56333333333335,1016.4284615384615,1068.1128205128205,3409.519230769231,39
1861,2,71.22,166.17470588235292,955.6130882352942,842.4680882352941,3242.2898529411764,68
1863,2,71.24,291.62347826086955,1147.817391304348,865.1317391304349,3969.4813043478257,23
1864,2,71.29,230.8803125,834.04125,995.49,3259.073125,32
1865,2,71.3x,141.60555555555555,1110.8755555555554,946.4594444444444,3657.983472222222,72
1866,2,71.71,173.03168582375477,737.3189272030651,535.151704980843,3060.5780842911877,522
1876,2,73.01,540.8747692307693,745.4046153846155,757.6301538461538,3886.3753846153845,65
1877,2,73.09,140.3677397260274,626.7166438356164,535.553493150685,2457.851438356164,146
1880,2,73.4x,15.105268817204301,595.3964516129032,289.9219354838709,1643.4908602150538,93
1882,2,73.59,105.39734042553192,787.7997872340425,567.3479787234043,2882.635,94
1883,2,73.6x,157.75053452115813,835.6715812917594,586.7006236080178,3350.822138084632,449
1884,2,73.8x,92.975,576.6284375,463.2246875,2190.485,32
1887,2,74.1x,487.7010145482389,912.2267534456355,1236.4421745788668,5714.810574272588,2612
1889,2,74.3x,453.2427272727273,1111.3666666666666,1170.4457575757576,5502.7212121212115,33
1890,2,75.0x,62.878300395256915,645.294347826087,826.4864426877471,2868.7287351778655,253
1891,2,75.34,349.1633898305085,1298.7016949152542,625.1142372881355,4645.26406779661,59
1893,2,75.4x,119.976582278481,704.2616455696202,562.9159493670886,3117.2981012658224,79
1896,2,75.69,176.08609756097562,913.2157598499061,448.33675422138833,3409.79818011257,533
1897,2,75.7x,100.76971428571429,825.0857142857143,604.0600000000001,4143.492571428571,35
1899,2,75.92,168.75,623.0145454545454,454.7668181818182,3338.0113636363635,22
1929,2,77.59,212.59199999999998,1009.3587272727274,773.8774545454546,3245.6212727272728,55
1938,2,77.69,546.8454166666667,1352.5125,1358.5972916666667,5833.957083333334,48
1955,2,78.13,835.9680000000001,1600.3811428571428,1227.3971428571429,4701.442285714286,35
1958,2,78.17,8912.019047619047,2314.687619047619,4294.986190476191,21878.828571428574,21
1964,2,78.53,14792.04275862069,1781.4641379310344,2579.0244827586207,25739.869310344828,29
1966,2,78.55,13336.853823529413,2562.3735294117646,2687.0420588235293,23915.179117647058,34
1968,2,78.57,11954.85741935484,1536.5503225806451,2632.2729032258067,21456.608064516127,31
1970,2,78.59,13180.965194805194,1383.3764935064935,2584.960909090909,25878.614805194808,77
1971,2,78.60,376.664,1035.26,1188.466,5049.9788,25
1972,2,78.61,467.2477235772358,949.574593495935,937.5982926829269,4606.542032520326,246
1973,2,78.62,845.0977222222222,952.7121111111111,1078.7320555555555,5095.169333333333,180
1974,2,78.63,541.9015748031496,969.1958661417323,844.6485039370078,4445.624370078741,254
1975,2,78.64,299.1566153846154,852.076,923.1676923076923,4214.218153846154,65
1976,2,78.65,1313.477077922078,1053.1987012987013,1305.764935064935,6082.121493506494,154
1977,2,78.66,381.6070866141732,979.4284251968504,1023.1668503937008,4518.055669291338,127
1978,2,78.67,837.5437924865831,1002.0549552772808,1135.1703577817532,5634.256762075134,559
1979,2,78.68,394.5537623762376,888.8581188118811,960.4539603960396,4368.109306930693,101
1980,2,78.69,978.5034035087718,1061.2598596491227,1344.993403508772,5954.333789473684,285
1986,2,79.02,768.443373493976,1232.7669879518073,1029.6998795180723,4260.333132530121,83
1995,2,79.12,6036.524827586207,1446.1441379310345,2104.7837931034483,12571.557586206896,29
1998,2,79.15,12822.785940594058,3167.099405940594,3555.449702970297,25779.166534653465,101
1999,2,79.16,14807.5696875,2156.9125,4005.2893750000003,25291.033125,32
2013,2,79.31,11554.730278637771,1795.9193188854488,2699.0956037151705,20588.416594427246,323
2014,2,79.32,10114.943524355302,1584.5358452722064,2654.7976217765045,18833.833896848137,349
2015,2,79.33,6048.873676470588,1200.2811764705882,1968.5619117647057,12105.276764705883,68
2016,2,79.34,3141.392614379085,1126.0750326797386,2409.906209150327,11012.483790849674,153
2017,2,79.35,15539.059757785466,2766.824498269896,4343.201141868512,29041.705121107265,289
2018,2,79.36,13412.043051851853,1986.9069777777777,3781.2634814814814,25010.65342222222,675
2019,2,79.37,9621.837823129252,1630.3578911564628,3752.6672789115646,21310.084489795918,147
2020,2,79.38,3689.1585185185186,1245.611111111111,3366.332962962963,12024.167407407409,27
2021,2,79.39,10390.095088495576,2042.1944911504424,3120.2960840707965,20262.691902654868,452
2026,2,79.64,901.5582978723405,881.0472340425532,1629.966170212766,5658.591702127659,47
2030,2,79.71,1507.391914893617,1287.2629787234043,1256.3193617021277,5270.045531914893,47
2047,2,80.16,553.1414814814815,1341.6322222222223,1761.4914814814813,6020.311111111111,27
2058,2,80.51,7297.511476683938,1878.274274611399,3025.0138341968914,17633.208860103627,386
2059,2,80.52,569.2431794871795,1081.6871794871795,912.6655897435897,5412.158717948718,195
2060,2,80.59,433.66662447257386,1300.7665822784809,1278.3124472573838,7264.3139240506325,237
2061,2,80.6x,3576.2772972972975,1002.1778378378378,1655.7883783783784,9977.197567567568,37
2066,2,80.76,6000.2,1362.8331428571428,2775.130857142857,13733.505142857142,35
2097,2,81.45,18849.952857142856,1301.0409523809524,3005.3090476190478,28423.573809523812,21
2099,2,81.47,5106.076590909091,1139.1068181818182,1598.8827272727272,12140.775454545454,44
2101,2,81.51,26224.297606837605,2452.357478632479,3954.314871794872,40588.61235042735,234
2102,2,81.52,18256.354020618557,2935.9939175257728,4225.546030927835,32498.305154639176,194
2104,2,81.54,28302.521338582676,2294.4924409448818,4291.772992125984,40788.23960629921,127
2107,2,81.65,7748.138979591837,2581.053102040816,2173.3831836734694,15721.647428571428,245
2108,2,81.66,15020.2373553719,1875.9164049586777,1456.5264049586776,21272.36,242
2115,2,81.91,65.5631067961165,1290.379352750809,1648.4049838187702,5015.688220064725,309
2116,2,81.92,145.7025850340136,1011.5115646258504,1066.6678911564625,4946.122857142857,147
2123,2,82.01,354.0203333333333,845.6096666666667,608.948,3188.5350000000003,30
2128,2,82.21,125.74150684931509,941.9301369863012,504.6552054794521,2547.7926027397257,73
2133,2,82.36,512.3982142857143,1420.9975,2517.7592857142854,7274.740714285714,28
2137,2,82.45,493.05121212121213,731.2189393939393,1168.7986363636364,4504.183787878788,66
2151,2,83.09,1628.8696428571427,1301.9089285714285,1838.7464285714286,6503.1110714285705,28
2154,2,83.29,4082.806363636364,872.6968831168832,1962.2011688311686,13030.347792207793,77
2155,2,83.31,161.29925,943.0925833333333,580.6161666666667,2793.18125,120
2156,2,83.32,144.39444444444445,1194.2185185185185,968.4240740740742,3946.533703703704,27
2157,2,83.39,273.52529411764704,1218.1301357466064,765.9039819004524,3985.622352941177,221
2160,2,83.45,2095.0910256410257,2149.3389743589746,2181.6702564102566,10534.800000000001,39
2162,2,83.64,1308.4146031746031,975.0525396825396,1411.0979365079365,6116.00873015873,63
2169,2,83.88,4147.543333333333,1085.8996296296298,2777.884074074074,12835.758148148147,27
2170,2,83.91,25.49767994409504,1001.295317959469,1117.6214116002795,4868.2538714185885,1431
2180,2,84.22,8346.489166666668,957.2541666666666,3249.9233333333336,21571.690833333334,48
2185,2,84.3x,1074.8372222222222,739.2076388888888,1183.1870833333332,5732.727777777778,72
2193,2,85.21,534.7261176470588,1179.1648235294117,645.0954117647059,3910.622705882353,85
2195,2,85.23,432.76415730337084,1137.1651685393258,766.8622471910113,4468.605617977529,89
2204,2,86.01,201.5248717948718,1608.9251282051282,1780.248717948718,5950.275128205129,39
2205,2,86.04,2252.803661971831,1291.4302112676055,2170.199577464789,8439.90323943662,142
2207,2,86.09,367.0757692307692,1343.5115384615385,1361.098076923077,5212.2699999999995,26
2211,2,86.22,867.8996566523605,1309.3364377682403,2212.7725751072962,7219.102489270385,233
2214,2,86.27,519.0763636363637,780.6590909090909,1507.4277272727275,4653.303181818182,22
2215,2,86.28,4077.7609420289855,1700.3184420289856,1982.9196376811592,11857.56804347826,276
2216,2,86.3x,199.46125171939477,1084.147083906465,714.0850894085282,3299.912530949106,727
2218,2,86.59,333.8451515151515,1818.1848484848485,2160.8682196969694,5950.965984848485,264
2226,2,86.75,1361.4828169014083,1051.2177464788733,1968.7719718309859,8126.883943661972,71
2227,2,86.83,110.4104347826087,853.064347826087,634.1560869565218,2491.276086956522,23
2231,2,86.89,220.49140350877192,1015.6192982456141,1234.988947368421,4001.666315789474,57
2233,2,86.99,162.56862068965518,910.1096551724138,753.8727586206898,3062.5686206896553,29
2234,2,87.03,65.37023255813953,1473.0279069767441,1391.8131395348837,4012.2312790697674,86
2236,2,87.24,3723.0625,1544.9785714285715,853.282142857143,9029.605357142858,28
2237,2,87.41,228.6792356687898,1868.296815286624,1721.8929936305733,4778.437261146497,157
2238,2,87.44,155.5541346153846,882.1528846153846,724.2474038461538,2751.7783653846154,104
2244,2,88.01,174.8442372881356,1898.0983050847458,1536.6516949152542,4400.1883050847455,59
2251,2,88.38,1578.6157746478873,1358.1535211267606,618.146338028169,5087.734225352113,71
2252,2,88.41,1679.4061538461538,2308.601923076923,3391.4965384615384,9582.514230769231,52
2259,2,88.55,1623.7278333333334,2243.2233333333334,3403.8945833333332,9960.249083333332,120
2266,2,88.72,1429.9910204081632,1557.4346938775511,1053.214081632653,5038.389387755103,49
2270,2,88.76,134.0125,1026.83125,809.025,2783.6353125,32
2271,2,88.77,4315.165714285714,1798.8238095238096,1216.905238095238,9184.204285714284,21
2280,2,89.37,355.63975609756096,2065.548780487805,1591.3963414634147,6127.833902439024,41
2282,2,89.50,242.48285714285714,2387.495238095238,1796.9701587301586,5817.605238095238,63
2283,2,89.52,918.3095156695157,1414.165527065527,1703.276581196581,5264.276666666667,351
2284,2,89.54,217.78878048780487,2448.530820399113,3153.4139024390242,7950.249667405765,451
2285,2,89.55,67.55236842105263,1242.1078947368421,821.6881578947368,2720.8326315789473,38
2287,2,89.61,622.2795833333333,1729.8999999999999,1482.7641666666668,5395.839583333333,24
2306,2,93.35,68.11683698296837,1246.559403892944,1216.75399026764,4195.45600973236,822
2307,2,93.38,29.05877551020408,939.0757142857143,1272.7567346938777,10269.15224489796,49
2308,2,93.39,256.75213692946056,1062.3845539419087,1592.1441804979254,4647.065165975104,964
2309,2,93.42,35.787111111111116,1508.246666666667,755.1617777777777,4765.189777777778,45
2310,2,93.44,9807.81641509434,2808.2992452830185,3056.140566037736,20220.890943396225,53
2311,2,93.46,2285.938923076923,2425.02,2394.7540000000004,9634.984769230769,65
2313,2,93.53,615.1346835443038,1233.2777215189874,1086.7149367088607,3934.257088607595,79
2314,2,93.54,879.4854083484574,1342.5778947368422,1275.5115789473684,4932.158275862069,551
2317,2,93.64,139.05104166666666,992.2854166666666,2759.5772916666665,6556.299166666667,48
2323,2,93.90,356.00096296296294,3741.565925925926,3668.1691851851856,10997.609407407408,135
2324,2,93.94,124.70763636363637,1133.9710505050505,1381.6136161616162,3598.1533198653196,1485
2325,2,93.96,82.12223673125527,1947.5369839932603,2165.008390901432,5599.314115417018,2374
2329,2,94.27,112.49356363636363,1529.468,1254.8340363636364,13790.103963636364,275
2332,2,96.04,1171.1051428571427,4381.883047619047,5609.374190476191,16909.157523809525,105
2333,2,96.07,267.7202380952381,2520.5690476190475,3341.25,9428.509047619047,42
2339,2,96.39,92.95413043478261,1460.8302173913044,1780.4791304347825,4361.787391304348,46
2344,2,96.71,659.4562500000001,3223.572708333333,3341.8050000000003,11006.435833333335,48
2345,2,96.72,643.3945098039217,5008.599607843137,5827.574901960785,21763.533529411765,51
2349,2,97.62,54.00092378752887,772.6856120092378,332.83094688221706,1963.412101616628,433
2352,2,97.71,188.33884848484848,1151.9266666666667,590.7010303030303,3256.2175151515153,165
2372,2,98.51,43.13357805907173,1059.739476793249,780.9675949367088,3207.214717299578,1185
2374,2,99.03,149.4967391304348,2628.663695652174,2456.3032608695653,8582.606304347826,46
2375,2,99.04,165.112,2990.35,1782.6615,8330.2415,100
2377,2,99.10,551.9152,3982.6623999999997,5877.1164,14258.1456,25
2381,2,99.21,40.202400000000004,920.312,2017.1348,3729.0452,25
2384,2,99.25,138.77042105263158,1651.1282105263158,3405.821157894737,5909.96147368421,95
2386,2,99.29,27.2021472392638,1334.917791411043,1471.9331288343558,5190.426932515337,163
2387,2,99.60,256.9921875,2185.5528125,2471.18,7929.60125,32
2391,2,99.82,245.42542635658916,1223.0,2025.837441860465,4601.038062015504,129
2392,2,99.83,811.8589757412399,1274.4592991913748,883.4962803234502,4526.153369272237,371
2393,2,99.85,67.43774193548387,1001.741935483871,576.2980645161291,2555.3616129032257,31
2394,2,99.92,45.82233098806975,1090.5758611196084,1370.9259437136739,5193.417647598654,3269
2395,3,,107.63414991084272,1465.1993714675605,1296.164719989871,4669.707405505595,284329
2408,3,00.66,10267.047027027027,3582.6532432432437,2630.614864864865,27307.703513513516,37
2413,3,00.80,20789.208723404256,3319.513191489362,3980.2880851063833,43024.942340425536,47
2417,3,00.85,22223.056285714283,3620.7377142857144,4530.645714285714,41067.921428571426,35
2422,3,01.24,13073.47848797251,9617.38412371134,13121.615979381444,55107.37109965636,291
2424,3,01.31,7581.535045045045,6208.266666666666,7792.611621621621,34651.69396396396,111
2426,3,01.39,11068.191584158416,9702.160594059405,11982.881683168318,56366.3695049505,101
2442,3,03.09,5561.269899497487,2876.4556281407035,2719.328944723618,23791.04582914573,199
2444,3,03.31,760.6615294117647,3844.345019607843,3845.132078431373,13102.924666666668,255
2446,3,03.53,23786.358004866182,3582.231192214112,4476.930729927008,43391.998053527976,411
2447,3,03.6x,3243.0857692307695,2089.7846153846153,3121.0023076923076,14171.963846153845,26
2449,3,03.90,452.1958490566038,819.2884905660378,2515.526037735849,10211.361320754717,53
2450,3,03.91,192.29559471365639,1210.7240088105725,713.0469383259912,5135.8431718061665,454
2451,3,03.92,32.52025316455696,1985.7506329113924,1957.1402531645567,6449.315316455696,79
2452,3,04.02,163.08925,1131.47,1225.98775,6441.002750000001,40
2456,3,04.2x,1297.4227397260274,1707.4560273972602,2365.01698630137,9940.743835616438,73
2457,3,04.3x,2074.79725,1127.11625,2345.52775,10384.8125,40
2459,3,04.43,455.078,1386.7920000000001,1134.6884,5902.1812,25
2460,3,04.49,113.66496000000001,1443.032,1309.9760800000001,6222.34872,125
2462,3,04.74,1721.036393442623,1078.1254098360655,1589.3704918032788,8656.131967213116,61
2464,3,04.81,75.53191610564474,1513.946297255308,1287.9446970481615,5762.077721387882,1931
2466,3,05.31,451.29190476190473,1317.4857142857143,2313.2119047619044,8529.018095238096,21
2471,3,06.11,247.2125,2473.733333333333,1268.9125000000001,5382.167083333333,24
2474,3,06.2x,1347.584512195122,2895.201951219512,1615.2039024390244,11277.317195121952,82
2475,3,06.31,1077.1770000000001,2201.998,1382.6373333333333,9855.582,30
2476,3,06.39,1436.3289430894308,2447.7889430894306,1474.1365853658535,10640.434796747968,123
2477,3,06.4x,906.1326666666666,3484.0480000000002,1802.6886666666667,11929.592999999999,30
2489,3,08.09,57.323846153846155,793.6153846153846,490.725,2279.2573076923077,26
2491,3,08.20,93.10725925925925,1060.6703703703704,464.8896296296296,2711.1991851851853,135
2504,3,08.44,346.2422857142857,991.4271428571428,699.2531428571428,3897.106571428572,35
2505,3,08.49,87.21586387434554,964.6874345549737,267.63429319371727,2435.969842931937,191
2513,3,08.81,179.88607142857146,1501.9437500000001,1005.06125,4483.195000000001,56
2525,3,09.43,169.36869565217393,968.3804347826087,484.9939130434783,2768.3484782608693,46
2527,3,09.49,160.60916666666668,1578.8555555555556,1431.0991666666666,4426.307222222222,36
2531,3,09.73,1675.035238095238,1317.2238095238095,750.4347619047619,5868.846190476191,21
2532,3,09.81,329.4538144329897,1031.1220618556702,723.1386597938144,4057.3538144329896,97
2538,3,10.31,181.1765573770492,968.2073770491803,324.45,2693.7781967213114,61
2547,3,11.32,179.89046666666667,885.732,194.0472,3060.935466666667,300
2548,3,11.39,182.6725572519084,950.1769465648855,300.257213740458,3046.71320610687,262
2552,3,11.69,12.691612903225806,417.6406451612903,142.04129032258064,2556.79935483871,31
2555,3,12.64,645.6971428571428,1490.757142857143,498.83714285714285,5938.529523809523,21
2559,3,13.3x,636.453125,1431.171875,281.62,3962.055625,64
2560,3,13.41,1993.1633849129591,1102.7782011605416,237.03193810444876,5708.801284332689,2585
2562,3,13.43,966.1277777777779,1105.037037037037,175.44074074074072,4944.212962962963,27
2563,3,13.59,1627.3686274509803,900.9718954248367,281.63444444444445,4477.6226143790855,153
2566,3,13.70,2261.738648648649,1015.8972972972972,204.12135135135134,6461.6110810810815,37
2567,3,13.71,1787.0375156950674,1194.5185470852018,268.39086098654707,5468.702744394618,1115
2580,3,16.21,54.54541666666666,3416.244166666667,1324.2304166666665,6316.553958333334,48
2589,3,17.11,3407.8787500000003,1431.2775,1116.9909375,10125.0940625,32
2590,3,17.12,4078.1135761589408,1305.938940397351,1093.0931125827815,10298.352119205298,151
2591,3,17.13,3617.051798941799,1468.3832275132274,966.6566666666668,9905.780502645503,378
2593,3,17.22,6345.66193548387,1318.6683870967743,1191.8551612903227,14165.707096774193,31
2595,3,17.24,7197.7796875,1326.0203125,1369.7775,14660.7034375,32
2598,3,17.33,10807.728461538461,7724.511538461538,6113.166923076923,38796.123076923075,26
2603,3,17.91,30.948287914691942,996.6778732227489,744.751605450237,4320.871623222749,1688
2604,3,17.92,32.263333333333335,1448.6839917695474,1498.060781893004,6348.318024691358,243
2605,3,17.93,68.255,3534.0345454545454,2294.6427272727274,7786.750454545455,22
2607,3,17.95,69.08521316545173,1284.7297835210957,1356.4444378175392,4456.095230837199,4527
2609,3,17.97,280.72306886227545,1391.3351796407187,1002.5263023952095,4289.494745508982,668
2610,3,17.98,233.59328947368422,974.8039473684212,1299.2853947368421,4926.810789473684,76
2612,3,18.09,61.700750000000006,828.085,767.79525,2822.278,40
2613,3,18.11,37.19716101694915,1440.1889830508474,957.1842372881356,3272.530889830509,236
2615,3,18.21,255.71222222222224,1038.9628571428573,838.5582539682539,4411.245238095238,63
2616,3,18.29,198.99425,1162.8380625,546.3189375,3554.2050000000004,160
2626,3,19.4x,695.8310714285715,1220.207142857143,1527.0671428571427,9023.010714285714,28
2630,3,20.01,440.5604,1144.5375999999999,908.0936,5057.4312,25
2631,3,20.09,86.95939655172414,1173.773275862069,1110.4195689655173,3673.7775,116
2632,3,20.23,466.0230434782609,1055.6304347826087,1444.5539130434781,7002.61,23
2634,3,20.51,194.0903448275862,1108.651724137931,416.9162068965517,3103.560344827586,29
2639,3,21.01,61.27605633802818,1077.2887323943662,538.0332394366197,2501.0291549295775,71
2640,3,21.02,80.99827586206897,1111.2068965517242,1038.7448275862068,3407.3975862068964,29
2641,3,21.03,169.65664634146341,1057.9932926829267,565.6875,2912.0591463414635,164
2644,3,21.09,119.400625,718.0375,336.1010416666667,2536.299791666667,48
2646,3,21.21,53.89886178861788,1398.0842276422763,943.9743089430895,4034.149268292683,123
2649,3,21.31,536.0011931818182,1309.5232386363637,1011.7275000000001,7053.7725,176
2650,3,21.32,207.2768292682927,1183.8048780487804,624.820487804878,3589.8258536585363,41
2652,3,21.5x,528.2765799256505,1185.3999999999999,1077.5426022304835,6105.178587360595,269
2655,3,21.69,333.6352127659574,1121.309574468085,840.0840425531915,4787.823510638297,94
2656,3,21.71,244.1469105691057,1204.0154471544715,1049.7173170731708,4439.440406504065,123
2661,3,21.84,493.8057142857143,1047.134761904762,954.6758333333333,5476.245714285715,84
2672,3,22.2x,403.2299065420561,1249.6081775700936,1065.872429906542,7210.118364485982,214
2676,3,22.50,541.2272289156626,1476.76,1730.4724096385542,8886.35939759036,83
2677,3,22.51,615.7489361702128,1154.5425531914893,857.5506382978723,7605.122978723405,47
2679,3,22.53,579.0985381355932,1553.7531144067796,1369.782097457627,8707.871800847459,472
2680,3,22.60,468.75735849056605,1465.9731446540882,1362.6859748427673,7824.356918238994,159
2681,3,22.62,608.1416129032258,1374.445806451613,1379.1925806451613,7247.662903225806,31
2687,3,23.19,69.12081081081082,1517.0864864864864,1163.3532432432432,4331.867297297297,37
2692,3,24.0x,91.12260869565218,1528.0739130434781,1135.58,3930.0317391304347,23
2700,3,25.1x,417.6641463414634,1172.2731707317073,842.4770731707316,4464.093658536585,41
2709,3,26.29,546.6469117647058,1593.5211764705882,1062.1217647058822,6127.814411764706,68
2712,3,27.0x,132.7098947368421,1243.6956842105262,1202.1809473684211,4499.071684210527,95
2719,3,27.43,109.09591549295774,1472.900281690141,807.6747887323944,3638.2464788732395,71
2720,3,27.49,1022.1879487179488,1595.2666666666667,1342.0169230769231,6200.204615384616,39
2721,3,27.51,118.82618181818181,1843.4945454545455,1308.1450909090909,4849.599636363636,55
2725,3,27.69,982.7026666666667,1955.9243333333334,2050.6243333333337,11417.417333333335,30
2728,3,27.99,138.2930088495575,1171.1429203539822,383.08115044247785,3124.2702654867253,113
2729,3,28.0x,75.90046153846153,1139.8815384615384,906.9573846153846,3084.142615384615,65
2731,3,28.2x,927.3081468531469,1364.0852447552447,1275.4445104895105,6596.1582867132865,286
2732,3,28.3x,1108.563076923077,1439.9737179487179,834.3183333333334,6802.527051282051,78
2733,3,28.5x,196.3291304347826,1258.7188405797103,1166.7833333333333,5171.095652173913,69
2734,3,28.6x,732.0156451612903,1133.6854838709678,760.191129032258,6118.682096774193,62
2736,3,28.92,358.21454545454543,1222.0863636363638,1089.2372727272727,5278.227727272727,22
2737,3,29.11,70.37808219178083,1752.172089041096,1064.8994520547947,4111.034434931506,584
2738,3,29.12,235.68692307692305,2381.2884615384614,1476.635,5394.002307692308,26
2740,3,29.39,618.0108064516129,1341.774193548387,1020.4862096774193,5846.0173387096775,124
2743,3,30.09,447.53503731343284,1391.741156716418,1097.0195708955223,6116.230298507463,536
2749,3,31.1x,1964.5324000000003,9469.4496,12000.9652,40609.72,25
2752,3,31.42,80.43660268714012,1780.4429750479846,1480.6781190019194,4490.036391554702,521
2760,3,32.20,13480.778305084747,3935.811525423729,2978.0194915254237,29084.056440677967,59
2764,3,32.30,18036.541363636363,6921.365454545455,4233.519545454546,39150.476818181814,22
2766,3,32.41,20479.165882352943,6051.524117647059,4322.322647058823,42111.11882352941,34
2773,3,33.22,241.87266968325793,3204.8028959276016,2364.540995475113,8248.357556561086,221
2774,3,33.23,226.5300704225352,3200.8584507042256,2987.0576056338027,8722.373063380282,284
2775,3,33.24,258.49726748377793,2755.9221341023795,2396.9595385724583,8165.058507570296,1387
2776,3,33.26,1085.958523489933,3891.465973154363,2712.9044295302015,10536.026107382551,149
2777,3,33.27,333.7382608695652,3482.4095652173914,2448.208695652174,8806.72652173913,23
2789,3,34.04,700.970183299389,3099.073533604888,2901.7931262729126,10398.661802443992,982
2798,3,34.4x,432.1657142857143,1670.5008163265304,857.3691836734695,5146.646122448979,49
2800,3,34.71,458.19195652173914,1366.2586956521739,1098.3523913043477,5020.683478260869,46
2804,3,34.91,428.5347474747475,3241.0356116722783,3030.7471717171716,10006.592873176207,891
2807,3,36.06,9601.71724137931,3573.6862068965515,2781.260344827586,24185.302413793102,29
2808,3,36.07,10824.504156626506,3436.773493975904,3104.364939759036,27782.295602409642,166
2829,3,38.59,741.5523221757322,1779.4531171548117,1151.8125313807532,7476.113640167364,478
2838,3,38.91,788.2327027027027,10389.848108108108,5775.05,27600.549459459457,37
2839,3,38.93,986.0715408805031,5049.95911163522,6896.083152515723,19570.1289072327,1272
2840,3,38.95,2795.282823529412,2932.449882352941,2189.856705882353,12841.609411764706,85
2841,3,38.97,2414.736761904762,5046.984857142857,5169.994095238096,23185.22,105
2842,3,38.98,1576.5592391304347,5798.315688405797,3928.2815942028983,15836.056123188406,276
2843,3,38.99,152.1700796812749,1022.9203187250996,1315.7226693227092,4144.319920318725,251
2844,3,39.27,1953.5079754601227,2612.654110429448,1735.5874846625768,10878.939570552147,163
2847,3,39.31,4269.757378640777,1014.6922330097087,1608.7461165048544,14069.503203883496,103
2853,3,39.50,12700.024901960785,2244.743660130719,894.0521568627449,20385.18973856209,153
2856,3,39.59,4304.4794,1316.7279999999998,2965.8941999999997,13682.2694,50
2861,3,39.79,3703.9381428571432,2347.2721428571426,4249.2140714285715,19266.331071428573,140
2864,3,39.95,1773.440473372781,2980.75107495069,3789.4450197238657,18593.097899408283,1014
2865,3,39.96,3682.3287096774193,2882.3612903225808,4204.309032258065,21863.208064516126,31
2866,3,39.97,898.2924561403509,2065.4438596491227,2265.9775438596494,10509.266666666666,57
2869,3,40.11,772.7493220338982,3154.3084745762712,1976.4515254237288,8166.637118644068,59
2886,3,41.38,154.16028846153847,2821.349230769231,1854.977307692308,6835.682788461539,104
2888,3,41.5x,3311.333595505618,5813.288426966292,6150.207415730337,26632.129325842696,89
2896,3,42.33,612.2448091603053,2196.2803053435114,1561.1996183206106,7471.9916793893135,262
2898,3,42.41,16520.111463414632,10991.403658536585,7558.95243902439,53665.59195121951,41
2902,3,42.81,3454.36,3152.6767857142854,3233.6657142857143,13736.897857142858,28
2910,3,43.41,415.65372156013,1892.0730335861322,1103.5424864572046,5694.499918743229,1846
2914,3,43.7x,15211.815833333334,8028.001041666666,9045.086666666666,48408.783124999994,48
2919,3,44.11,178.75087719298244,1680.1051754385965,1103.116754385965,4537.723684210527,114
2921,3,44.13,117.64099377303341,2120.4271940526114,1428.8522124793494,5113.5813928072175,7869
2922,3,44.14,158.9535506402794,2666.720430733411,1599.4275436554133,6169.54437718277,859
2927,3,44.41,1674.9781081081082,3645.0267567567566,5024.5913513513515,17153.18783783784,111
2929,3,44.43,170.5769724770642,3502.8693577981653,1489.8183027522937,7767.640688073394,218
2935,3,44.69,2040.0096739130436,4069.5632608695655,6241.520543478261,19236.92652173913,92
2941,3,45.13,138.92219696969698,2151.739255050505,1096.6015277777778,4677.326073232323,792
2943,3,45.16,138.60786440677967,2204.2908813559325,1228.8356610169492,4837.604983050847,295
2945,3,45.23,140.27817412333738,2010.047569528416,1175.156777509069,4681.4799516324065,1654
2947,3,45.25,211.00079754601225,2512.7779141104293,1154.182944785276,5643.006503067485,163
2949,3,45.30,399.9925757575757,1980.3939393939395,1138.478787878788,5472.3121212121205,66
2953,3,45.41,5013.279743589744,4413.006153846153,3979.7584615384612,21312.336153846154,39
2954,3,45.42,488.1336266094421,2077.240566523605,1011.4261931330471,5729.946613733905,2330
2955,3,45.43,746.7624444444444,2072.203111111111,954.2731825396825,6170.3923492063495,1260
2956,3,45.62,3817.3572,5272.564399999999,6141.6384,24280.2336,50
2958,3,45.73,9585.522916666667,7038.033541666667,7785.529166666667,35981.395416666666,48
2961,3,45.76,8126.445806451613,7537.63935483871,6570.25,34612.02322580645,31
2968,3,46.10,1950.6811764705883,4208.462058823529,4293.7620588235295,16596.909411764707,34
2976,3,46.51,3862.3645454545454,3489.222424242424,3737.6236363636363,18441.017575757574,33
2984,3,46.79,2291.0035416666665,5219.628125,6792.504375,22702.060208333332,48
2991,3,46.96,398.33518518518514,2221.9411111111112,2395.8118518518518,6943.628148148148,27
2992,3,47.01,1388.659324354162,1613.5014197394569,1715.7500574078163,8342.613336277323,4529
2993,3,47.09,582.5554029062088,1665.1581505944519,1677.3786261558787,7201.43928665786,757
2994,3,47.2x,744.3323076923077,1402.819230769231,1658.5303846153847,7691.903461538461,26
2999,3,48.24,184.12657142857142,2524.0899999999997,1161.1022857142857,5359.814428571429,70
3003,3,48.32,667.7290322580645,2325.4625806451613,1133.1200000000001,7003.994516129032,31
3004,3,48.35,1060.3101694915254,2101.485790960452,1192.1487288135595,7638.8739548022595,354
3005,3,48.36,531.1311287671233,1622.442509589041,1106.8677424657533,5787.023484931507,1825
3006,3,48.41,1404.7819594594596,1268.432972972973,1835.8681756756755,8565.922027027027,148
3014,3,48.69,9588.231792452829,6965.035660377359,6913.937075471697,37328.19254716981,106
3019,3,48.76,309.12224299065423,1193.5504672897196,2372.605981308411,8695.162336448599,107
3021,3,48.81,486.6741666666667,1084.05,1412.1245833333332,5776.647916666666,24
3024,3,49.01,270.72467532467533,1237.4813914656772,1436.5512987012987,5711.400742115028,539
3027,3,49.04,351.97559032716924,1113.891721194879,1336.4939971550498,5977.560042674253,703
3028,3,49.11,196.4644117647059,1412.754411764706,1409.3673529411765,6331.159705882353,34
3029,3,49.12,344.01484848484847,1268.4527651515152,1380.6723106060606,6432.187424242424,264
3034,3,49.39,224.1691780821918,1115.8531506849315,1294.4026849315069,6331.568219178082,365
3035,3,49.41,147.09483870967742,3280.8709677419356,2471.3161290322582,8719.831290322581,31
3036,3,49.42,238.5334762456547,915.5132097334879,1871.184067207416,7968.6146349942055,863
3037,3,49.45,640.2819517184943,1063.081779869067,1248.2788420621932,6061.645728314239,2444
3038,3,49.46,610.4989174219537,1070.809098690836,1164.6297885196373,6041.189969788519,1986
3039,3,49.47,463.67246376811596,826.9536231884058,833.8646376811595,5098.759275362319,69
3040,3,49.49,2158.6580938416423,1236.4782991202346,1405.4745454545455,8857.621612903227,682
3042,3,49.52,176.79318181818184,1254.359090909091,3334.6459090909093,9117.356363636363,22
3043,3,49.59,309.8227777777778,1080.0351851851851,1483.912037037037,6392.461481481481,54
3045,3,49.73,400.3554612546126,1131.3878413284133,1867.6359409594097,7815.096420664207,542
3050,3,50.0x,1397.7316666666668,2444.269444444444,1959.6130555555558,10585.134722222221,36
3051,3,50.11,1069.8461290322582,4423.348387096774,2968.657419354839,11781.724838709677,31
3058,3,50.3x,9913.626176470587,7537.9335294117645,8250.254411764707,40377.02441176471,34
3061,3,50.91,1008.7824137931035,3145.5486206896553,3390.2644827586205,10674.37172413793,29
3068,3,51.11,1283.8486666666665,2218.67,2468.0576666666666,10818.334666666666,30
3070,3,51.22,1635.403152173913,2995.8039130434786,3738.116847826087,14137.686739130435,92
3071,3,51.23,1517.9827445410972,1905.550802414344,1690.8279726611042,9297.72139712409,5633
3077,3,51.41,2571.366,3656.0776,4873.9708,18516.1838,50
3079,3,51.49,2661.062564102564,4459.571025641026,6014.25358974359,21921.55717948718,39
3087,3,51.88,3174.7459473684207,3694.973052631579,3940.273842105263,17958.981789473684,190
3089,3,51.98,1303.7176744186047,3406.113720930233,2974.6676744186043,11032.01511627907,43
3099,3,53.00,1991.8827173913044,1352.2772010869564,926.7689130434783,7473.529945652174,368
3100,3,53.01,1739.1023333333333,1514.48,781.4613333333333,7152.976,30
3101,3,53.02,1273.2586054421768,1089.529319727891,642.7134693877551,5947.006292517007,294
3102,3,53.03,1988.9206293706295,1523.2926573426573,770.9827272727273,7283.648251748252,143
3103,3,53.04,1941.3522274881516,1545.0897472353872,869.597962085308,7417.961990521328,633
3104,3,53.05,2188.949768270945,1500.1027272727272,968.5959536541889,7738.322709447415,561
3105,3,53.10,2493.7456,1551.4444,1137.882,10075.2948,25
3107,3,53.12,1783.4402272727273,1031.4481818181819,567.4881818181818,7218.184090909091,44
3109,3,53.14,3487.6120588235294,1962.6732352941176,997.9814705882354,10683.961470588236,34
3110,3,53.15,3680.5755319148934,1686.9008510638298,855.9578723404254,10575.930638297872,47
3112,3,53.17,4289.480606060606,1511.295303030303,1040.3822727272727,11004.739242424243,66
3113,3,53.21,2327.6758333333332,1542.1188333333334,1101.8481666666667,7812.348,60
3114,3,53.29,820.7252459016393,1866.8936065573769,1325.0445901639343,7076.297868852459,61
3131,3,54.0x,273.11434782608694,1527.133304347826,1535.7670434782608,5433.730956521739,115
3132,3,54.11,1959.5409210526313,3906.1614473684212,4636.871710526316,18243.620657894735,152
3133,3,54.19,1387.165588235294,2490.1302941176473,2798.299411764706,11461.774411764707,34
3134,3,54.21,1283.3582954545454,1826.6519318181818,2079.615909090909,10387.24125,88
3140,3,54.3x,397.8435353535354,1566.841818181818,956.2104040404041,5116.658282828283,99
3141,3,54.4x,3360.1863636363632,2848.3463636363635,2422.0851515151517,13555.458787878788,33
3142,3,54.51,1266.8699390243903,1924.3811585365854,1881.732682926829,10208.725670731706,164
3143,3,54.59,1106.950780141844,2159.1141134751774,2366.333546099291,10845.614042553192,141
3148,3,54.91,397.93052734375,2967.4300390625,3262.1359960937502,9536.262734375,512
3153,3,55.01,1325.0502970297027,2569.9585148514852,1579.3978217821782,10614.164752475246,202
3155,3,55.03,3726.1596000000004,4247.3064,3853.9103999999998,17494.806,25
3156,3,55.04,4146.475253456221,3040.7439170506914,2640.0434562211985,16338.46147465438,217
3161,3,55.51,3398.996410256411,4102.415128205128,3717.1712820512817,18798.01282051282,39
3165,3,55.92,1055.4733333333334,3493.138095238095,1415.7219047619049,8492.71380952381,21
3170,3,56.0x,2955.1341281273694,2000.8217664897652,1690.9028392721762,10842.7936656558,2638
3172,3,56.2x,1856.9018032786885,2419.6301639344265,2681.556229508197,13169.693770491804,61
3173,3,56.31,1872.384696969697,1982.9765909090909,1452.602196969697,8420.400454545455,132
3182,3,57.0x,798.4502768166091,1995.7321107266434,1467.927474048443,7565.348166089966,289
3186,3,57.19,756.3371875,2245.1075,2226.8621875,9013.3284375,32
3188,3,57.32,376.835756302521,2016.8697478991596,1572.9064285714285,5515.356050420168,238
3191,3,57.49,1722.7636029411765,2884.7573529411766,2800.588970588235,12055.665294117647,136
3203,3,57.94,326.06497551420176,3112.463183153771,3635.4022820763957,11490.77708129285,1021
3204,3,57.95,391.6418918918919,2867.1256756756757,2820.2854054054055,11820.98972972973,37
3213,3,58.39,383.4665591397849,1895.5503225806451,1218.9421505376345,5998.241505376343,93
3220,3,58.6x,450.23322580645157,2256.2145161290323,2464.254677419355,10203.134193548389,62
3232,3,59.8x,1650.0413546423135,2096.787716894977,1418.8307914764077,7821.3492694063925,657
3237,3,59.99,347.6787732342007,935.8275092936804,397.2390334572491,2870.8641263940517,269
3239,3,60.11,788.0979591836735,3897.5326530612247,3605.8920408163262,11175.537755102041,49
3241,3,60.29,1835.7229047619048,2641.8849404761904,2702.3570476190475,12491.479392857142,840
3249,3,61.2x,313.7343181818182,1334.0125,841.8756818181818,4844.631363636364,44
3252,3,61.49,549.3147619047619,1210.0611111111111,796.9357142857142,5329.461746031747,126
3259,3,62.3x,448.19666666666666,1663.6114814814816,1417.4881481481482,6361.337407407407,27
3261,3,62.5x,542.5721428571429,1021.8389285714286,786.8296428571429,5432.3825,28
3263,3,63.1x,718.925375,1178.673,630.54425,4929.975375,80
3266,3,63.4x,455.1561538461538,1698.8696153846154,1733.491153846154,6274.933846153846,26
3271,3,64.0x,610.8153921568627,765.0313725490196,337.4112745098039,2834.7107843137255,102
3273,3,64.2x,194.92130434782607,1260.1695652173914,670.3391304347826,3438.1734782608696,23
3283,3,65.01,987.8071428571429,1573.037551020408,1524.3767346938778,8396.283265306123,49
3290,3,65.25,846.6815738963531,1880.3118809980806,1292.651113243762,8931.783454894434,521
3291,3,65.29,711.4318666666667,1919.9353333333333,1365.8004,7969.975733333334,75
3294,3,65.41,927.1574999999999,2305.9994047619048,1484.7488095238095,9766.85011904762,84
3295,3,65.49,1042.9315384615386,2650.423076923077,1824.275641025641,10009.55794871795,39
3299,3,65.61,983.0685185185184,3796.925925925926,1786.4144444444446,11714.108518518518,27
3300,3,65.63,1118.2286046511629,2733.3693023255814,1370.4881395348837,10454.337209302326,43
3304,3,65.79,830.2088095238095,1409.2633333333333,1075.217142857143,7140.524523809525,42
3310,3,66.01,753.9327027027027,1202.6572072072074,1184.5411711711713,7196.76990990991,111
3311,3,66.02,746.4310344827586,1272.3839655172414,1306.463793103448,7623.0344827586205,58
3313,3,66.29,750.6595454545454,1257.6286363636364,1025.120909090909,6317.26,22
3315,3,66.39,273.6772093023256,642.7930232558139,591.01,4262.736511627907,43
3316,3,66.4x,850.0217523364486,1338.9038084112149,1110.283738317757,7260.830771028037,428
3317,3,66.51,755.5794871794872,1932.5042735042734,1630.8023931623932,9443.263418803419,117
3319,3,66.61,846.375625,1683.479625,1434.1457500000001,8278.52025,80
3320,3,66.62,717.6998390804598,1266.5891264367817,1087.3095862068965,7085.057678160919,435
3322,3,66.69,850.420625,1149.646875,1151.07625,6877.02875,32
3324,3,66.79,741.079090909091,985.3942424242424,717.6469696969697,6839.0027272727275,33
3327,3,67.0x,91.74214285714287,1415.1464285714285,792.3714285714285,4004.9435714285714,28
3329,3,67.12,59.75479591836735,1835.5183673469387,803.1982653061224,3770.14806122449,98
3331,3,67.2x,184.276640625,1220.8335546875,503.3064453125,3755.4655078125,256
3332,3,67.32,150.06318493150687,1258.6638584474886,428.0692808219178,3326.9402625570774,876
3334,3,67.39,181.49205882352942,1311.695661764706,466.35573529411766,3602.0660661764705,272
3338,3,67.61,193.4660606060606,849.2769090909092,578.176303030303,3493.218666666666,165
3340,3,68.12,293.32469465648853,1208.4533015267177,552.6161832061068,3897.2105534351144,524
3341,3,68.16,108.53150943396227,1030.0622641509435,634.6705660377359,3389.7430188679245,53
3343,3,68.21,260.75376681614347,1286.5985650224216,628.7791928251122,4609.735560538117,223
3345,3,68.23,727.3185593220338,1323.6262711864406,646.8974576271186,6055.281355932203,118
3347,3,68.29,464.70308463949846,1550.67729153605,850.678,6467.353260188087,1595
3348,3,68.31,1050.67875,2062.63,1531.1041666666667,10677.105833333333,48
3349,3,68.39,752.4567479674796,2249.35,1556.8874796747969,9635.675528455286,123
3350,3,68.41,1228.940157480315,2615.327034120735,1721.238005249344,13065.045118110238,381
3351,3,68.49,954.6914906832297,2775.4076708074535,2037.3375155279505,11651.19055900621,322
3352,3,68.51,1775.090294117647,3192.641323529412,2561.9257352941177,15149.804411764706,68
3353,3,68.59,716.9836184210526,2391.3548684210527,1694.7247368421054,10172.896052631579,152
3357,3,69.01,58.54368098159509,743.3682699386503,356.6117668711657,2054.1368343558283,815
3358,3,69.02,68.92786234281932,772.7976406353409,441.6743514228987,2329.3170350761084,3022
3359,3,69.09,120.83081861012957,1368.8440047114252,613.4471849234393,3428.842055359246,1698
3363,3,69.49,585.9959259259259,1560.1925925925925,1356.9166666666667,8095.243703703703,27
3364,3,69.51,111.769593114241,747.1901408450705,363.0468857589984,2253.461580594679,639
3365,3,69.52,53.27478964401295,748.2839805825242,427.1748867313916,2202.0557928802587,309
3366,3,69.59,79.05863636363637,797.1123376623377,375.87292207792206,2112.515909090909,154
3368,3,69.91,344.1463636363636,1694.178787878788,1136.0742424242424,5031.876666666666,33
3369,3,70.0x,83.96666666666667,1313.7277142857142,896.3075238095238,3542.7269523809528,105
3373,3,70.21,106.14206896551724,3233.493103448276,2805.2477586206896,10593.263965517242,58
3375,3,70.33,185.85916666666665,1224.2355,455.1476666666667,3528.1398333333336,60
3377,3,70.50,524.1413793103449,1727.236091954023,1161.702816091954,7140.44275862069,174
3378,3,70.51,420.70647058823533,1784.324411764706,1131.354117647059,6825.816176470588,34
3383,3,70.71,164.51710094909404,895.5756600517688,649.3013546160483,3563.1075668679896,1159
3390,3,71.09,165.30747747747748,1070.8863963963963,620.9178378378379,3405.709369369369,111
3391,3,71.11,59.969032258064516,1575.648387096774,537.5429032258065,3440.647419354839,31
3393,3,71.22,126.70265536723163,983.8042372881356,639.9994915254238,3056.575310734463,177
3395,3,71.24,225.3156756756757,1163.3435135135135,757.2483783783783,3886.7567567567567,37
3396,3,71.29,100.8730693069307,1117.891287128713,525.828712871287,2981.9494059405943,101
3397,3,71.3x,142.7602617801047,1389.5447120418846,562.474554973822,3743.9969633507853,191
3402,3,71.71,176.72481654047758,803.783092603378,391.0145661036692,3011.531473500291,1717
3404,3,71.79,586.1705263157895,1147.7810526315789,1028.0736842105264,5779.0802631578945,38
3407,3,72.1x,407.4413793103448,1529.9310344827586,973.0727586206897,6875.52448275862,29
3411,3,72.71,305.3066666666666,936.6333333333334,637.6377777777777,3823.4708333333338,36
3412,3,72.79,418.76772727272726,698.6590909090909,544.1245454545455,4183.915,22
3414,3,73.09,73.26111386138614,701.9950495049505,426.5815594059406,2755.757574257426,404
3415,3,73.1x,243.46896551724137,917.1086206896553,613.0663793103448,3984.5865517241377,58
3418,3,73.4x,65.14004132231405,769.2540909090909,480.44435261707986,2486.747947658402,726
3419,3,73.51,268.53944827586207,840.4744827586208,671.0117931034483,4787.117103448276,145
3420,3,73.59,174.1606896551724,752.281827586207,493.3320948275862,3337.640818965517,1160
3421,3,73.6x,234.52652746255106,869.4520789832047,483.5565637766682,3628.6240399455287,2203
3422,3,73.8x,82.99900966183574,536.6830676328502,289.49432367149757,2002.7899033816425,414
3423,3,73.99,54.26878787878788,948.5787878787878,469.6969696969697,3394.9133333333334,33
3425,3,74.1x,561.3580599531616,1059.2294482435598,1170.8499400468384,6449.8581236533955,10675
3427,3,74.3x,483.3683177570094,1385.7197196261684,1081.7853271028036,6258.779158878505,107
3432,3,75.0x,93.05722580645161,783.3897634408602,835.1311827956989,3094.233139784946,465
3433,3,75.34,99.61886666666666,1010.7875,762.5705333333334,4410.255933333334,300
3435,3,75.4x,86.61578947368422,773.2660087719298,407.5875,3045.4950438596493,228
3437,3,75.51,165.04699029126215,1000.5737864077671,574.514854368932,4128.057087378641,103
3438,3,75.69,185.92896484915582,896.5840631054526,502.9759950179906,3621.891430943814,3613
3442,3,75.92,183.98746666666665,879.7501333333332,477.7572,3706.3644000000004,75
3445,3,76.2x,900.3321739130434,1600.7695652173911,917.7804347826087,6876.912173913044,23
3476,3,77.59,295.11162393162397,1107.555128205128,558.369829059829,3464.5389743589744,117
3486,3,77.69,833.8279699248121,1408.9067669172932,1035.1858646616543,5942.176165413534,133
3502,3,78.11,139.45891891891893,1019.4135135135136,1937.9924324324325,4316.037297297297,37
3506,3,78.17,12726.954642857143,3710.4021428571427,4721.455,33325.389285714286,28
3515,3,78.49,10726.079523809525,2675.147619047619,1270.492857142857,19519.25904761905,21
3516,3,78.51,9426.590833333334,2649.35,2870.2312500000003,20521.612083333333,24
3517,3,78.52,6791.066538461539,2004.756153846154,2314.122307692308,17739.251538461536,26
3518,3,78.53,7353.420333333333,2138.270666666667,3289.009,18443.628333333334,30
3520,3,78.55,11612.808571428572,3115.8792857142857,3877.978809523809,26859.559761904762,42
3522,3,78.57,11083.0255,2494.5495,3661.34275,28387.294,40
3524,3,78.59,5578.813168316832,1670.1825742574258,2745.2753465346536,14551.47504950495,101
3525,3,78.60,227.158,859.0666666666667,848.9383333333334,4417.509999999999,30
3526,3,78.61,505.18021238938053,1111.2599292035397,987.6327079646018,5177.097539823008,565
3527,3,78.62,558.4887064676617,1065.4828109452737,922.8708706467662,5228.276293532338,402
3528,3,78.63,476.276301369863,1113.7747602739726,929.6870890410959,5110.889434931507,584
3529,3,78.64,283.8301680672269,982.9688235294117,661.9817647058824,4122.208487394958,119
3530,3,78.65,1049.4614760147601,1281.4567158671587,1128.8316974169743,6411.635350553505,271
3531,3,78.66,484.168051948052,1234.1244155844156,1039.0406493506493,5516.858993506494,308
3532,3,78.67,606.7483191850595,1178.0729032258064,1110.6153735144312,5881.026893039049,1178
3533,3,78.68,436.1016129032258,1093.2506451612903,805.8987557603687,5004.429677419354,217
3534,3,78.69,760.6717787742899,1261.5989237668161,1356.3038714499253,6473.96423019432,669
3540,3,79.00,198.70794520547946,1411.5904109589042,1110.1068493150685,5777.94,73
3541,3,79.01,893.68,1084.4916666666666,971.7695833333333,4431.649583333333,24
3542,3,79.02,301.93321428571426,1434.8440873015875,966.5946825396825,4365.771746031746,252
3546,3,79.06,323.95673913043476,1586.5065217391304,904.0852173913044,4993.625217391304,46
3547,3,79.07,164.15814814814817,1425.7666666666667,1175.4033333333334,5210.951111111111,27
3551,3,79.11,5302.1892307692315,1774.8030769230768,1980.079807692308,13835.843269230769,52
3552,3,79.12,3522.039523809524,1533.108888888889,1444.3068253968254,9662.782539682541,63
3554,3,79.14,1093.5770370370371,1117.141111111111,1162.5566666666666,6221.077777777778,27
3555,3,79.15,12286.247413793104,4133.896168582375,3789.944808429119,28023.659501915707,522
3556,3,79.16,11214.600750000001,2731.4163333333336,3565.28375,27064.978083333335,120
3557,3,79.17,4549.357826086956,1782.1343478260872,1941.9917391304348,12163.460000000001,23
3558,3,79.18,1135.2217391304348,1392.7547826086957,2233.132608695652,8040.890869565217,23
3559,3,79.19,9014.05288888889,2527.6506666666664,2911.3404444444445,20590.13177777778,45
3565,3,79.26,9187.688529411764,2428.7720588235293,2786.059705882353,22209.394117647058,34
3568,3,79.29,5881.305416666666,2404.1320833333334,2794.7883333333334,16816.382083333334,24
3570,3,79.31,10341.394850543478,2201.3276494565216,2756.456385869565,22400.30179347826,736
3571,3,79.32,9926.46328425821,2145.5696602491507,2924.1216421291056,21669.336013590033,883
3572,3,79.33,6063.026,1761.8512500000002,2006.5278125,13961.6134375,160
3573,3,79.34,2933.4029538461537,1071.909876923077,1691.3776307692308,10398.923138461538,325
3574,3,79.35,13616.609042407663,3754.4527496580026,4339.355937072503,31960.84,731
3575,3,79.36,11973.39421451104,2688.734883280757,3906.8844290220823,27581.937488958993,1585
3576,3,79.37,9077.40042042042,2174.613843843844,3400.4724624624628,21514.41279279279,333
3577,3,79.38,2949.514,1509.5535714285713,2432.194,11651.348857142857,70
3578,3,79.39,8598.313157894736,2645.7867167919803,3282.4483542188805,21469.148771929824,1197
3581,3,79.60,2754.615714285714,1385.3885714285714,2205.947619047619,10968.944047619047,42
3584,3,79.64,723.8030188679245,948.5970754716981,1736.8514150943397,6174.934339622642,106
3586,3,79.66,11986.96956521739,3345.784782608696,5306.751739130435,32527.81739130435,23
3588,3,79.68,450.5585714285714,1251.6542857142858,2293.5185714285712,6580.130571428572,35
3591,3,79.71,133.9456923076923,1333.5292307692307,756.9363076923077,3475.2703076923076,65
3595,3,79.75,1827.8619047619047,1229.22,1110.0861904761905,6031.156190476191,21
3599,3,79.81,7473.09431372549,1992.007843137255,2471.7870588235296,18029.66862745098,51
3605,3,79.89,13741.461702127659,2821.0702127659574,3851.569361702128,27391.22595744681,47
3614,3,80.16,3895.0279245283023,1660.9815094339624,1502.5,10861.878679245283,53
3616,3,80.20,2476.815416666667,1640.4125000000001,1512.993333333333,11498.86,24
3618,3,80.26,3150.547105263158,2017.1552631578945,2421.8736842105263,15324.451315789474,38
3621,3,80.41,510.8618333333333,1758.6433333333334,1068.3133333333333,7335.9535000000005,60
3626,3,80.46,235.8132432432433,1621.6891891891892,3986.1362162162163,9694.485675675676,37
3629,3,80.51,6629.931520803442,2582.740301291248,2564.19525107604,18079.82107604017,697
3630,3,80.52,189.21415158371042,1436.1319004524887,1168.010418552036,5606.539004524888,884
3632,3,80.59,717.8491926605504,1727.5500917431193,2069.6973577981653,8527.935816513762,545
3633,3,80.6x,3174.717591240876,2024.8298540145986,1691.326496350365,12475.998467153286,137
3635,3,80.71,1059.8046666666667,1394.0733333333333,2390.8419999999996,10050.905999999999,30
3640,3,80.76,4370.30368852459,1776.8847540983606,1828.934344262295,13245.43795081967,122
3650,3,80.86,1362.5910091743121,2248.5715596330274,3396.7498165137613,12647.890825688075,109
3661,3,81.02,31051.826363636363,2844.8030303030305,6960.996666666666,50273.64121212121,33
3664,3,81.05,26029.233333333334,3038.934285714286,5454.715714285714,42087.660476190475,21
3666,3,81.07,29895.714807692308,3197.8596153846156,4118.053653846154,44538.14384615385,52
3667,3,81.08,27964.788,3666.871707317073,6335.673756097562,48958.3823902439,205
3687,3,81.45,20845.77351351351,2888.627027027027,3346.4586486486487,37130.54486486486,37
3689,3,81.47,3651.77456,1832.21232,1526.9408,12907.36576,125
3690,3,81.51,23975.256726862302,3513.9527313769754,4341.870835214447,46851.18331828443,443
3691,3,81.52,16779.51292682927,4011.355707317073,4307.898268292683,35713.85987804878,410
3693,3,81.54,27359.362238805967,3443.848855721393,4974.1304228855715,51618.355671641795,402
3695,3,81.65,7771.519620758483,2580.465249500998,1436.8439520958084,16078.87263473054,501
3696,3,81.66,13438.443079056866,2953.198072122053,2251.1258252427183,26549.692732316227,721
3703,3,81.83,12385.187083333332,2022.257361111111,2322.543055555556,23193.259166666667,72
3707,3,81.91,62.17162745098039,1352.128980392157,1527.7021568627451,5463.418235294117,510
3708,3,81.92,171.95007183908046,1656.997650862069,1603.3879813218389,6378.503283045977,1392
3709,3,81.93,2654.623,1302.155,1615.2893333333334,9750.409666666666,30
3716,3,82.01,129.1896739130435,856.7807608695653,434.1696739130435,2754.3555434782606,92
3720,3,82.21,143.11802631578948,1017.2369078947369,352.8917763157895,2725.1150657894736,152
3722,3,82.29,172.94264705882352,1263.4705882352941,286.2544117647059,2979.7876470588235,34
3723,3,82.33,178.02,1031.801923076923,221.03538461538463,2737.8134615384615,26
3725,3,82.36,573.9757954545455,924.2311363636363,1537.9630681818182,5520.364772727273,88
3728,3,82.44,418.7965882352941,896.8542352941176,1150.331294117647,5073.239764705882,85
3729,3,82.45,489.603734439834,883.9572614107884,1105.579958506224,5042.146307053942,241
3743,3,83.01,192.1164864864865,1025.8405405405406,437.84945945945947,3197.24054054054,37
3744,3,83.02,1553.9989655172415,2247.5827586206897,2948.9479310344827,11245.51551724138,29
3745,3,83.09,319.97837837837835,1142.062972972973,1794.9321621621623,5676.945945945946,74
3751,3,83.29,974.2285714285714,1426.9503571428572,1793.0725,8153.428571428572,28
3752,3,83.31,191.4792673992674,1071.6082783882784,484.7022344322344,3156.180183150183,273
3753,3,83.32,356.1061151079137,1322.701798561151,1013.016690647482,5077.6678417266185,139
3754,3,83.39,435.6839678899082,1456.7048853211008,778.4391972477064,5136.625321100918,436
3757,3,83.45,1090.3377966101696,1692.4799152542373,1998.7024576271185,7648.732457627119,118
3760,3,83.64,611.6791256830601,918.0094535519127,1351.1824043715847,6021.161857923498,183
3761,3,83.65,1254.735,1241.3214705882353,1330.2086274509804,7059.107352941176,102
3770,3,83.88,823.0046938775511,1097.6171428571429,1258.5730612244897,6076.540816326531,49
3772,3,83.91,42.786251783166904,1251.5541476462197,1427.901365905849,5620.641537089871,2804
3774,3,83.98,69.19547619047619,1400.4790476190476,1648.179761904762,5474.603095238095,42
3776,3,84.01,382.1361363636364,1256.0025,765.9627272727273,4465.755227272727,44
3780,3,84.11,942.87875,2339.6765625,2397.9353125000002,10087.074999999999,32
3788,3,84.3x,527.7314678899082,1040.1622935779817,1866.6244036697246,6529.205963302752,109
3793,3,84.82,31576.719787234044,3681.973404255319,3762.84085106383,49330.508297872344,47
3795,3,85.0x,199.669,1084.16,1269.563,4153.3218,50
3796,3,85.11,1359.4066666666665,3792.5,1682.9966666666667,8641.672333333332,30
3800,3,85.21,1586.9766666666667,1354.6776515151516,387.1755303030303,4838.687803030303,528
3801,3,85.23,716.6371153846153,1479.7946153846156,721.8436538461539,5036.034038461538,52
3802,3,85.24,421.2206382978723,1210.3836170212767,623.7276595744681,4036.150638297873,47
3807,3,85.43,1830.049318181818,4563.824545454546,2562.2786363636365,15467.316363636364,44
3815,3,86.01,208.03705128205127,1512.1523717948717,1328.9372435897435,5099.515320512821,156
3817,3,86.04,884.676906077348,1495.9845580110498,1742.5087016574587,6517.881160220994,362
3818,3,86.05,160.8392,1060.796,719.9668,3153.4336,25
3819,3,86.06,410.6662025316456,4066.484810126582,2984.8082278481015,9205.000759493672,79
3821,3,86.09,229.7657142857143,1076.6011904761904,1279.1095238095238,4547.349761904762,42
3822,3,86.11,94.25812499999999,1234.134375,949.6487500000001,3786.8284375,32
3825,3,86.22,1103.215036803365,1676.2684227129337,2095.6150052576236,7977.348769716088,951
3826,3,86.23,63.322500000000005,893.26,599.258,2583.81625,40
3827,3,86.27,360.56301886792454,780.0783018867925,1214.832641509434,4169.229433962264,53
3828,3,86.28,562.2211234705228,1831.051145717464,1683.086362625139,6554.589710789767,899
3829,3,86.3x,186.34384708737863,1198.073191747573,538.4629126213592,3297.5583859223298,1648
3830,3,86.4x,258.41658227848103,1565.306329113924,645.516329113924,4148.537088607595,79
3832,3,86.59,524.85531085353,2090.9153740779766,1907.6524762908325,6959.408356164384,949
3838,3,86.69,2603.441914893617,1895.8651063829789,3978.7306382978722,16453.23744680851,47
3839,3,86.70,992.1251428571428,1119.0428571428572,1552.3834285714286,6991.854285714286,35
3842,3,86.73,1389.1854545454546,874.1954545454545,1831.7200000000003,9095.347727272727,22
3843,3,86.74,715.3752112676057,1615.199295774648,2111.7081690140844,8976.604788732395,71
3844,3,86.75,826.0840487804878,1436.068195121951,1873.1214146341465,7236.563609756097,205
3845,3,86.83,245.53432432432433,1134.3089189189188,530.6602702702703,3309.067027027027,37
3849,3,86.89,220.4305,947.2760000000001,1207.3984,4879.5048,100
3851,3,86.99,94.06544303797469,955.7777215189874,458.3564556962026,2698.0818987341772,79
3852,3,87.03,118.38316725978648,2343.8828825622772,1453.5200533807829,5053.8917615658365,562
3856,3,87.41,120.58567152103561,1867.7393446601943,1612.5919012944985,5156.91251618123,1236
3857,3,87.44,62.59801324503311,925.5243708609271,847.9338410596026,3075.4784105960266,151
3863,3,87.73,720.822619047619,2146.1047619047617,627.790238095238,5350.845952380952,42
3866,3,88.01,169.0248031496063,1793.1988188976377,1257.64,4447.689763779527,127
3867,3,88.19,37.15392857142857,1100.5625,934.9003571428572,7664.030357142858,28
3874,3,88.38,1872.1650898203593,2048.153892215569,1866.8497005988024,8116.1714970059875,167
3876,3,88.41,2526.7265454545454,3607.4315151515148,4107.312242424243,15614.828303030303,165
3877,3,88.42,2018.7939999999999,4057.5625,3156.5637500000003,12769.6905,40
3885,3,88.55,2023.114686078253,2937.8107279344863,1620.0091901728845,10077.62982711556,1099
3886,3,88.56,1965.8740625,2980.7315625,1923.8690625,11014.84609375,64
3887,3,88.57,2057.344761904762,2938.0285714285715,1378.139761904762,10289.414761904762,84
3892,3,88.71,60.39704545454545,1698.1193181818182,1063.9245454545455,4272.880681818182,44
3893,3,88.72,66.29547058823529,1991.4908823529413,1327.2148235294117,4795.554352941176,170
3894,3,88.73,10.550370370370372,948.3592592592593,463.99296296296296,3434.9533333333334,27
3897,3,88.76,216.18463636363637,1535.3863636363637,1184.5248636363635,4153.333954545455,220
3898,3,88.77,509.76379310344834,1969.6344827586208,1276.1993103448276,4875.754482758621,29
3902,3,88.91,79.77727272727273,2486.2946969696973,1849.587878787879,5497.932954545455,132
3904,3,88.93,2233.6341379310343,2490.3241379310343,1899.5141379310344,9677.816896551723,29
3909,3,89.06,154.75777777777776,1322.361111111111,816.2761111111112,3241.8655555555556,36
3913,3,89.12,149.0441176470588,3546.0251764705886,1540.4616470588237,6681.092705882353,85
3914,3,89.14,9.123506493506493,1397.6153246753247,494.9737662337663,9634.205454545454,77
3919,3,89.34,323.37347826086955,2015.195652173913,680.0573913043478,3835.2526086956523,23
3920,3,89.37,83.95935794542537,1774.5373515248796,1551.90367576244,5026.887271268058,623
3922,3,89.50,65.74128378378377,2045.7087162162163,1456.0802702702704,4807.837905405406,148
3923,3,89.52,88.12332214765101,1251.2890939597316,1368.1043288590604,4096.177718120805,298
3925,3,89.54,171.83830463576157,2058.012496688742,1943.9907284768212,6485.779609271523,1510
3927,3,89.60,120.93197530864197,1727.8203703703705,1713.6502469135803,5903.402469135802,81
3928,3,89.61,60.3639534883721,1706.4833720930233,1038.2161627906976,3980.830465116279,86
3930,3,89.65,130.75744152046784,2242.9365789473686,1786.4023976608187,5563.211725146199,684
3938,3,92.24,917.3678205128206,4193.801923076923,6414.544038461539,39001.209102564106,156
3940,3,92.29,981.8112121212122,3828.6848484848488,5029.280303030303,33875.81272727273,33
3941,3,92.31,1528.5040888888889,3392.539111111111,4876.029866666667,40184.16871111111,225
3943,3,93.01,103.88202702702704,1622.4594594594594,1618.7236486486486,7802.702432432432,74
3945,3,93.11,87.175,1236.8022727272728,895.8540909090909,10117.166136363636,44
3951,3,93.19,69.49352941176471,2088.8279411764706,2316.9279411764705,9065.95205882353,34
3954,3,93.26,84.01805714285715,1209.5,1338.5370285714287,4977.041057142857,350
3956,3,93.35,85.13562354312354,1548.5100087412586,1482.1484994172495,5550.498353729604,3432
3957,3,93.38,123.8599504950495,2215.6427227722775,2046.5196039603961,13603.508366336633,202
3958,3,93.39,106.42538262476894,1273.5662735674678,1369.9892125693161,4678.616754158965,2705
3960,3,93.42,35.3940625,1430.67203125,982.91984375,4912.2075,64
3961,3,93.44,4588.235765765766,2657.6236936936934,2359.0425225225226,13197.275675675677,111
3962,3,93.46,295.7939534883721,2352.395581395349,1539.9977906976744,6355.164651162791,86
3964,3,93.53,300.0778504672897,1491.0878504672896,1092.7343925233645,4644.689158878505,107
3965,3,93.54,561.8933966244726,1424.245689170183,1319.6638959212378,5134.38370604782,1422
3966,3,93.56,112.85054545454545,1339.5563636363638,1435.45,4549.481818181818,55
3972,3,93.67,301.6811643835616,1601.1859589041096,3571.0463698630138,7192.366780821918,146
3975,3,93.90,376.93440437158466,3149.2841038251368,3001.8694972677595,11398.380786885245,1830
3976,3,93.94,125.99725846407927,853.8685012386458,904.5029644921553,3066.8504789430226,2422
3978,3,93.96,142.99349034385304,1642.3294206311823,1537.252637776731,5238.754027319831,2123
3979,3,93.98,1329.815,3559.8571428571427,6527.70761904762,15794.831666666665,42
3980,3,93.99,127.7058695652174,614.6086956521739,785.501304347826,2927.272391304348,46
3981,3,94.02,257.68173501577286,2435.2410725552054,1751.100094637224,5886.236372239748,317
3982,3,94.11,21.96070866141732,782.6251968503936,465.1059842519685,11110.86,127
3983,3,94.12,710.793768115942,1481.8094685990338,703.143381642512,13998.609758454108,207
3984,3,94.23,97.04358974358973,2819.6641025641024,421.6866666666666,6208.535897435897,39
3985,3,94.25,107.61488372093022,1056.953488372093,377.4688372093023,12593.297674418605,43
3986,3,94.26,479.2311235955056,1913.6752808988765,1067.0314606741574,10561.757303370787,89
3987,3,94.27,189.59571428571428,1653.6974789915967,1130.9715966386555,11638.669831932773,119
3988,3,94.29,98.34467289719628,2905.3328971962615,3874.70523364486,10535.105607476637,107
3989,3,94.33,34.035861818181814,720.7595636363636,380.2701309090909,10838.083512727273,1375
3990,3,94.39,118.63445945945946,1154.295945945946,652.8462162162162,9962.80891891892,74
4007,3,96.04,1152.5601441441443,4654.2077657657655,4957.4312432432425,17280.811027027026,555
4010,3,96.07,391.17251428571427,3305.951542857143,3500.9064,11238.146857142858,175
4012,3,96.14,183.05428571428573,1215.0142857142857,666.3,3421.996785714286,28
4018,3,96.33,155.26891304347825,1051.5471739130435,445.2919565217391,2203.4239130434785,46
4020,3,96.35,414.51539682539686,4443.193492063492,3862.661904761905,13364.76873015873,63
4021,3,96.37,153.1323404255319,2114.046382978723,1714.9421276595745,6569.925319148936,47
4022,3,96.39,163.75604938271604,2238.12987654321,2134.6513580246915,6235.594444444445,81
4025,3,96.44,11.337333333333333,751.0833333333334,292.3743333333333,1661.4283333333333,30
4029,3,96.51,186.65413793103448,941.5747126436781,444.34781609195403,2740.1128735632183,87
4030,3,96.52,86.88766666666668,2202.8733333333334,2336.3768333333333,6110.782166666667,60
4032,3,96.56,530.3648333333333,3335.635,1839.3078333333333,10234.127666666667,60
4035,3,96.71,797.924274952919,4025.589265536723,3699.7937099811675,12682.095084745763,531
4036,3,96.72,2206.7042562929064,10384.662997711672,14088.114508009154,44032.67860411899,437
4037,3,97.01,465.4565517241379,3342.8193103448275,4541.92172413793,16743.743103448276,29
4050,3,97.62,110.40959495949595,918.3626732673267,346.1998199819982,2191.349360936094,1111
4052,3,97.71,178.0871032745592,1155.247329974811,533.2087657430731,3398.466801007557,397
4058,3,98.02,477.7982692307692,1406.9980769230767,981.4513461538462,4836.134807692308,52
4065,3,98.16,229.04645161290324,1229.335483870968,579.7112903225806,3882.971612903226,31
4069,3,98.22,43.29846153846154,748.3746153846153,708.0765384615383,2458.538076923077,26
4075,3,98.51,49.376244287494806,1296.2779975072706,657.1707810552556,3327.484773577067,2407
4077,3,99.03,304.32932475884246,2330.781736334405,1802.6015112540192,7908.254372990354,311
4078,3,99.04,292.57531073446324,2362.3929378531075,2137.389463276836,8614.590508474575,354
4082,3,99.10,521.7495620437957,3964.5904379562044,8617.5699270073,17765.04715328467,137
4085,3,99.17,108.63781818181818,2516.430909090909,1005.5552727272727,4704.237090909091,55
4088,3,99.21,68.12036827195467,779.3127478753541,859.2233994334277,2750.0158640226628,353
4091,3,99.25,426.31053227158424,1913.6980930427496,3363.6815129924557,7635.398218776194,2386
4094,3,99.28,194.1090744466801,1756.1387726358148,2232.7536820925557,5215.101026156942,497
4095,3,99.29,36.35704453441296,1087.0627935222672,1221.9252631578947,4652.485445344129,494
4096,3,99.60,253.1467080745342,2440.5,1858.7613664596274,7354.430434782609,161
4102,3,99.81,88.14125,1338.5170454545455,1947.8436363636363,4752.9996590909095,88
4103,3,99.82,208.50034482758622,1682.5881773399017,1573.8693103448277,5704.928128078817,203
4104,3,99.83,87.34858420268256,1253.1214008941877,243.55092399403875,3540.1880327868853,671
4106,3,99.85,169.7880745341615,1736.7917701863353,1641.8805279503106,5850.505186335404,322
4109,3,99.92,60.97337791433219,1625.8539665040062,1257.2010554852702,5889.042641122959,16599
4112,4,,129.73248979770943,2009.7811106235463,1548.1139374259512,6167.411071130809,45578
4122,4,00.66,14767.979176470588,4499.19094117647,2453.202,31456.143764705885,85
4131,4,01.24,9307.27582278481,10423.25835443038,11217.66746835443,57078.97582278481,79
4133,4,01.31,8101.571276595745,6296.057872340425,5255.455106382979,32114.46553191489,47
4134,4,01.39,11547.27344262295,9647.73344262295,11234.323114754097,51680.06754098361,61
4136,4,01.59,3911.6255,11134.7346,10301.3505,75218.9274,100
4145,4,03.31,905.9392857142857,4894.385535714285,7511.159285714285,22388.152053571426,112
4146,4,03.4x,1696.1,7845.081486486487,5156.796351351351,43847.92945945946,74
4147,4,03.53,27011.037346938778,3305.9526530612243,3214.808775510204,41226.60673469388,49
4151,4,03.91,265.96197368421053,1167.467105263158,466.9386842105263,4289.1472368421055,76
4162,4,04.49,201.10314285714287,1688.6,1936.1254285714285,8537.114,35
4165,4,04.81,167.835,1937.4552631578947,855.607894736842,5665.938157894737,38
4170,4,06.11,521.6789473684211,3075.5184210526313,555.9523684210526,6092.814210526316,38
4171,4,06.2x,2892.303867403315,3641.3607734806633,2877.3490607734807,24076.70320441989,181
4172,4,06.31,830.0,2450.2070967741934,410.1822580645162,11911.665806451614,31
4173,4,06.39,1577.2832432432433,2930.560540540541,1752.8205405405406,13394.711891891893,37
4174,4,06.4x,2831.575061728395,4461.951851851852,3693.353703703704,30380.0375308642,81
4180,4,07.21,1964.0481818181818,3847.9300000000003,1975.565,20250.99409090909,22
4189,4,08.20,126.28058823529412,1065.8102941176471,224.78882352941176,3356.5904411764704,68
4200,4,08.49,105.25603448275862,936.1086206896553,259.0065517241379,2711.4343103448277,58
4211,4,09.49,233.08666666666667,1501.8216666666667,457.325,3070.207,30
4216,4,09.81,920.9318604651163,949.2174418604651,711.7634883720931,5923.289534883721,43
4218,4,10.31,131.6025,1234.6178571428572,387.14,3322.412857142857,28
4226,4,11.32,294.70337719298243,1109.1495614035089,175.64622807017543,3431.001447368421,228
4227,4,11.39,1046.6135820895522,553.8033582089552,387.47007462686565,3333.113880597015,134
4236,4,12.64,1759.9433333333334,1106.148611111111,615.3502777777778,6884.528611111111,36
4241,4,12.88,5102.22375,694.6,912.03875,12517.971875,32
4246,4,13.41,2983.789281923197,995.9229160162348,639.6668310958477,6993.46213549797,3203
4248,4,13.59,2606.565,623.3911764705882,254.52794117647062,6082.7588235294115,68
4252,4,13.71,785.6855223880598,503.77960199004974,350.18208955223884,9332.472238805969,201
4264,4,14.6x,3396.2702857142854,830.5385714285713,650.1545714285714,7793.065428571428,35
4268,4,14.74,9358.179743589744,1039.3465811965812,1439.6920512820514,17767.498632478633,117
4270,4,14.79,616.6149295774649,864.8028169014085,1872.1701408450701,6167.921830985915,71
4271,4,15.11,650.4563265306123,533.2755102040817,417.64816326530615,7063.944489795919,49
4275,4,15.3x,810.4218421052632,497.9894736842105,491.0597368421053,8352.672631578947,38
4296,4,17.12,3959.8436956521737,1606.1021739130433,1200.3439130434783,11212.39543478261,46
4297,4,17.13,4604.248545454545,1813.661818181818,1011.6012727272728,10831.037272727273,110
4303,4,17.33,7346.475909090909,6741.733181818182,9967.485909090909,47570.25454545455,22
4306,4,17.36,6699.340952380952,5526.120476190476,9654.814761904761,45065.81857142857,21
4309,4,17.92,24.36225,1813.266375,931.0557500000001,5847.989625,80
4310,4,17.95,52.117144654088044,2577.617106918239,2045.0265911949684,6407.6147044025165,795
4311,4,17.96,19.09913043478261,1292.9565217391305,293.38217391304346,6807.020434782608,23
4312,4,17.97,308.8284615384615,2082.6988461538463,871.8281730769231,5319.504519230769,104
4313,4,17.98,853.8223076923077,1153.4053846153847,935.2088461538461,5499.412307692308,26
4316,4,18.11,113.06358490566038,2019.8462264150944,1109.8837735849058,5094.686226415094,106
4318,4,18.21,478.91041666666666,1090.0091666666667,846.43375,7029.555416666667,24
4319,4,18.29,284.82817204301074,1269.2423655913979,820.8403225806453,5845.185376344086,93
4328,4,19.4x,1661.0667142857142,1825.5785714285714,2543.255714285714,20178.094285714287,70
4333,4,20.01,746.5648275862069,1589.0120689655173,932.0924137931034,7562.182758620689,58
4334,4,20.09,91.99128571428572,1609.616142857143,1451.8337142857142,5438.674142857143,70
4337,4,20.49,3558.7834374999998,2056.51875,2629.11,26277.7303125,32
4342,4,20.94,169.721,1837.65,1419.7137500000001,5441.55975,40
4344,4,20.98,91704.6753488372,4049.813953488372,1075.579069767442,108191.79116279069,43
4348,4,21.03,146.67514285714287,949.8714285714286,539.4457142857143,3187.538,70
4350,4,21.09,836.07,1177.5736842105264,1133.000789473684,7008.899210526315,38
4351,4,21.21,79.60643835616439,1902.023287671233,1377.0439726027398,4884.398630136986,73
4353,4,21.31,794.5236363636363,1566.31,1526.4231818181818,9907.729090909092,22
4355,4,21.5x,743.9001886792453,1487.3528301886793,1331.4443396226416,7992.746981132076,106
4357,4,21.69,1318.791157894737,1451.66,2066.243789473684,12721.565263157894,95
4358,4,21.71,511.134375,1438.1,1038.775625,5968.50625,32
4370,4,22.2x,889.9157142857143,1381.234693877551,1541.3714285714286,8872.870612244898,49
4373,4,22.50,204.23910256410255,1383.2961538461539,1463.290512820513,8853.735897435898,78
4376,4,22.53,1080.3804379562043,1384.119708029197,1232.6944525547447,8645.497299270071,137
4377,4,22.60,2852.39352,1747.3953600000002,2860.6751200000003,17550.17592,125
4417,4,27.99,203.71814814814817,1420.6851851851852,466.04962962962964,4375.163333333334,27
4418,4,28.0x,54.77913043478261,1053.0695652173913,762.591304347826,2792.3152173913045,23
4420,4,28.2x,677.8372115384616,1484.7892307692307,2195.4850961538464,10888.94846153846,104
4421,4,28.3x,634.3012844036697,1468.4444036697248,777.2008256880733,8816.785688073394,109
4422,4,28.5x,505.0932,1479.494,2128.0788000000002,11918.752,50
4423,4,28.6x,1043.953656716418,1439.681343283582,1331.9651492537312,11801.540970149254,134
4426,4,29.11,289.06023255813955,1931.6433720930231,1190.1094186046512,7174.389883720931,86
4427,4,29.12,319.83241379310346,2442.572413793104,1502.2337931034483,6243.349999999999,29
4429,4,29.39,442.62561643835613,1577.2053424657536,1789.4109589041095,12310.67287671233,73
4430,4,30.09,575.3678787878788,1490.8461363636363,1479.3820075757576,8988.077689393938,264
4440,4,31.42,84.35246478873239,1720.1618309859155,1357.9407746478873,4870.739436619719,284
4450,4,32.20,6428.122210526316,5064.484105263158,3289.1813684210524,40471.36421052631,95
4453,4,32.30,3572.6603999999998,7334.986800000001,3771.6648,53854.596399999995,100
4454,4,32.39,2471.594181818182,10121.703636363636,4938.123818181818,59251.62818181818,55
4455,4,32.41,9774.148333333333,6163.837564102564,4369.907820512821,47687.304487179485,78
4460,4,33.22,1038.9355555555555,5839.955555555555,6742.246666666667,31571.9937037037,54
4461,4,33.23,433.0136065573771,3166.9855737704916,3297.063606557377,10386.564426229508,61
4462,4,33.24,487.0870769230769,4148.2222884615385,2914.9186538461536,11713.036076923076,520
4463,4,33.26,974.9229629629629,4864.1807407407405,2362.1693827160493,12610.977283950619,81
4464,4,33.27,378.6615151515152,7096.632121212121,2522.0472727272727,14599.901515151516,33
4472,4,34.04,605.707617554859,3680.6911598746083,3403.395893416928,11923.713761755485,319
4478,4,34.3x,3133.915625,6429.1871875,4790.903125,34470.7253125,32
4483,4,34.91,624.7679375,3987.3722500000003,3964.6223124999997,12886.47325,160
4490,4,35.24,5669.4800000000005,13507.570000000002,7826.229642857143,106440.42035714285,28
4493,4,35.52,988.2048275862069,5364.551034482759,1176.701379310345,28909.209655172413,29
4505,4,36.07,11266.95465116279,4262.587674418604,2533.5926910299004,29849.779069767443,301
4519,4,37.83,29439.038620689655,3859.7344827586207,2794.851379310345,51798.09103448276,29
4529,4,38.59,755.3104081632653,2038.6686224489795,1389.457755102041,9893.22086734694,196
4539,4,38.93,1154.2789189189189,5941.762837837838,6648.273216216216,21153.081054054055,370
4540,4,38.95,2615.427105263158,5156.473684210527,4102.062368421052,20562.300263157897,38
4541,4,38.97,358.4546363636364,2073.5781818181817,2549.912909090909,8135.220363636364,110
4543,4,38.99,352.709705882353,2708.6558823529413,3059.161176470588,8258.40176470588,34
4546,4,39.27,873.2395081967213,3456.57868852459,2455.218032786885,11328.349344262297,61
4552,4,39.50,6653.088846153846,3018.063076923077,2152.3184615384616,30687.028461538463,26
4553,4,39.51,10749.5275,9772.094166666668,15548.205416666666,78253.97,24
4561,4,39.79,1278.820436893204,2202.6979611650486,4006.6153883495144,24457.667281553397,206
4562,4,39.90,16960.804583333334,4041.9225,4179.963333333333,53117.37541666667,24
4564,4,39.95,597.1144507042254,2124.4854366197183,2564.2640845070423,9922.659183098593,355
4569,4,40.11,881.4255555555554,3937.8059259259257,2600.499259259259,11597.644814814814,27
4588,4,41.38,495.6790731707317,3435.7848780487807,7838.290341463415,16606.89287804878,205
4590,4,41.5x,6355.640909090909,6326.544545454546,6622.197272727272,36283.722727272725,22
4596,4,42.33,818.2316666666668,3015.3033333333333,2157.5366666666664,11470.879047619048,42
4597,4,42.41,15157.579642857143,9535.480357142858,14620.020357142857,74833.51,28
4603,4,43.41,308.14434782608697,2113.4401127214173,1230.1121256038648,6061.202447665057,621
4612,4,44.13,132.17817742908872,2191.1112975256488,1529.6991611345807,5696.697887748944,1657
4613,4,44.14,238.79618421052635,2842.8059210526317,1643.5080921052631,7187.644210526315,152
4616,4,44.41,2278.8055555555557,5438.6670370370375,5880.814444444444,22577.203333333335,27
4618,4,44.43,248.86765625,3272.19625,2066.5721875,8079.89296875,64
4624,4,45.13,125.67868624420402,2512.585193199382,1126.8820556414219,5239.27285935085,647
4626,4,45.16,176.21673024523162,2809.4856948228885,1500.8891280653952,6323.326239782016,367
4627,4,45.23,126.18824295010846,2272.9839045553144,1337.206377440347,5301.588524945771,461
4629,4,45.25,288.94363636363636,3136.269494949495,1627.5468686868687,6853.431414141413,99
4636,4,45.42,440.48182030338387,1974.0335005834306,917.2953558926488,5278.8502683780625,857
4637,4,45.43,526.4981639344262,2431.2620327868854,1021.6528032786885,6384.587426229508,610
4639,4,45.62,8821.123043478261,4807.868695652173,6505.666956521739,30001.66304347826,23
4640,4,45.73,6891.440799999999,7117.873200000001,6988.6628,38632.3656,25
4656,4,46.51,1531.933734939759,4580.928795180723,4452.68265060241,25568.94361445783,83
4657,4,46.52,2760.4641379310347,3651.249655172414,5235.407931034483,27796.16,29
4666,4,47.01,1310.880598885794,1968.4259331476323,1583.821601671309,8513.461323119778,718
4667,4,47.09,803.5831707317074,2262.897073170732,2240.8765853658538,8905.645853658536,41
4672,4,48.35,616.2835877862595,2236.2232061068703,1058.7419083969467,7432.893358778626,131
4673,4,48.36,393.63713080168776,2130.9092405063293,899.0496202531646,5393.211265822785,237
4674,4,48.41,440.4320588235294,1703.0294117647059,2760.9667647058823,11582.541862745098,102
4680,4,48.63,3648.586956521739,6531.321304347825,8240.75652173913,43205.43217391304,23
4683,4,48.69,10915.596666666666,7243.942777777778,10147.4825,43986.322499999995,36
4689,4,49.01,488.65,1500.8661538461538,1768.0667307692308,7445.823653846154,52
4691,4,49.04,376.02530973451326,1447.4227433628319,1525.9053097345131,7056.4946902654865,113
4693,4,49.12,307.53020408163263,1539.1577551020407,1130.9826530612245,6517.752040816326,49
4694,4,49.21,108.90365853658537,1858.4878048780488,360.35341463414636,3178.530243902439,41
4699,4,49.45,1092.4493121693122,1201.7717989417988,1203.271216931217,8416.36492063492,189
4700,4,49.46,1096.1517119565217,1663.4320652173913,1369.2271467391306,8285.646385869566,368
4702,4,49.49,2638.117465437788,1167.4645161290323,1297.4627649769584,8843.711612903226,217
4706,4,49.73,521.5886842105263,1535.6499999999999,1590.8273684210526,7782.093421052631,38
4714,4,50.22,1761.8546666666668,5076.366444444444,6065.048444444445,42382.57022222222,45
4716,4,50.24,444.709375,3466.54375,2256.4509375,18905.2915625,32
4718,4,50.3x,5164.7491176470585,6487.463235294118,8696.020294117647,46807.09382352941,34
4729,4,51.23,1289.596107266436,2207.4225692041523,1615.9763754325259,9989.74115051903,1156
4741,4,51.88,3000.805890410959,3885.2906849315063,3657.57397260274,18350.274657534246,73
4751,4,53.00,3413.5172727272725,2396.8090909090906,1916.7360606060606,11850.43303030303,33
4753,4,53.02,1134.9635185185184,1182.4062962962964,749.4807407407408,5709.747037037037,54
4754,4,53.03,1303.7930434782609,1224.0965217391306,413.139347826087,7103.371086956522,46
4755,4,53.04,1412.4676419213974,1265.5379475982534,456.5113973799127,7078.195327510917,229
4756,4,53.05,2603.439696969697,1707.3127272727272,760.2078787878788,8083.472727272727,33
4765,4,53.21,2534.9421739130435,1610.786956521739,798.34,8700.498695652173,23
4786,4,54.4x,5813.855909090909,4930.359090909091,5214.085,30189.81454545455,22
4790,4,54.91,508.1947580645161,3526.999112903226,4150.349193548387,12262.573306451613,124
4793,4,55.01,1141.9460330578513,2627.484214876033,1359.33,13764.396859504131,121
4795,4,55.04,3427.172136752137,3201.4871794871797,2301.157094017094,18862.057435897434,117
4797,4,55.23,538.56,5606.010833333334,902.0775,9872.920833333334,24
4799,4,55.4x,1069.2624324324324,3717.3194594594597,2082.3191891891893,23641.508108108108,37
4800,4,55.51,2151.1265573770493,4615.81131147541,3653.5398360655736,30821.335081967212,61
4803,4,56.0x,3045.8250178359094,2265.763495838288,1480.5646848989297,12910.431438763377,841
4805,4,56.2x,3619.6796000000004,3129.1656,1971.2972,16180.892,25
4806,4,56.31,1914.9437142857143,2065.306285714286,1485.1937142857143,8867.517428571427,35
4813,4,57.0x,1404.4149315068491,2758.3424657534247,1888.3339726027398,11674.546438356165,73
4818,4,57.32,194.76270833333334,1993.4190625,1264.0426041666667,4865.010833333333,96
4820,4,57.49,1284.7994736842104,3385.4962105263157,2806.5425263157895,14648.940105263158,95
4828,4,57.94,363.7868224299066,3852.52492211838,2648.1632398753895,11740.621900311526,321
4829,4,57.95,508.2567403314917,4722.0,2727.546022099448,16592.882375690606,181
4845,4,59.8x,1391.5784567901235,2251.662222222222,1402.0572222222222,8535.30450617284,162
4847,4,59.99,683.5389285714285,1509.0628571428572,842.9339285714286,6245.5425000000005,28
4848,4,60.11,585.9653846153847,3705.9884615384613,1623.4878846153845,8304.508461538462,52
4850,4,60.29,2003.3374639769452,2951.5461095100864,2467.065734870317,14121.04515850144,347
4852,4,60.5x,1218.3566666666666,4628.263333333333,2491.004,30246.81266666667,30
4859,4,61.49,488.1210714285714,1609.3078571428573,626.1985714285714,5311.808571428572,28
4865,4,63.1x,743.0139999999999,1271.491111111111,817.5095555555556,6207.690666666667,45
4882,4,65.25,1315.4007228915661,1881.6566265060242,1357.2698795180722,8930.51686746988,83
4884,4,65.41,1167.669642857143,3042.6178571428572,1594.7403571428572,10436.848571428573,28
4896,4,66.4x,1296.2344,1710.108,1093.487,8398.9856,50
4897,4,66.51,1155.3612,2260.0448,2032.2076000000002,10801.95,25
4899,4,66.62,1366.3497916666668,1285.6083333333333,1021.6554166666666,8056.650416666666,48
4908,4,67.2x,482.6880769230769,1334.426153846154,642.4276923076923,4431.884615384615,26
4909,4,67.32,291.088125,1484.896875,335.22859375,3830.10953125,64
4910,4,67.39,240.49951219512195,1432.9473170731706,375.7512195121951,3726.501463414634,41
4913,4,68.12,322.5647826086956,1441.4391304347826,906.8034782608695,4883.684347826087,23
4916,4,68.21,384.69190476190477,1277.9476190476191,391.83238095238096,3689.285238095238,21
4920,4,68.29,685.0258598726115,1630.7727388535031,905.4380891719745,6808.049968152866,314
4923,4,68.41,1870.3120930232558,2834.7767441860465,1852.6837209302323,13925.565116279071,43
4924,4,68.49,1117.4275,2892.2457142857143,2029.859107142857,11743.110178571429,56
4925,4,68.51,1847.24125,2890.45625,2763.5415625,14916.82875,32
4930,4,69.01,63.84375,686.0775,257.31325000000004,1841.3387500000001,40
4931,4,69.02,89.81212435233161,800.0113989637306,341.78419689119175,2309.504196891192,193
4932,4,69.09,79.50264516129032,1750.0905806451613,443.2108387096775,3304.866387096774,155
4935,4,69.51,119.3144,818.4688000000001,626.7072000000001,3367.5156,25
4939,4,70.0x,146.88777777777779,1329.3555555555556,550.2425925925926,3085.881111111111,27
4944,4,70.50,446.12080000000003,1739.5392000000002,1007.8448,6638.606400000001,25
4953,4,71.22,129.24766666666667,1094.8673333333331,619.5933333333334,3020.9173333333333,30
4956,4,71.3x,158.38619047619048,1338.22,533.015238095238,3939.544761904762,21
4958,4,71.71,856.1618584070798,1614.3261946902655,704.8045132743363,14842.178495575221,113
4965,4,73.4x,13.264166666666666,683.8166666666666,242.25166666666667,1651.91,24
4966,4,73.59,282.4603921568627,1300.3801960784313,435.2623529411765,6392.162352941177,51
4967,4,73.6x,313.33735772357727,1201.319430894309,410.690243902439,5271.151300813008,246
4970,4,74.1x,1049.588168264111,1314.4758359957402,1050.1436741214059,9228.562364217252,939
4973,4,75.0x,105.40897959183674,918.1244897959183,733.5536734693877,3852.2463265306124,49
4977,4,75.69,213.2861809045226,1168.3982412060302,407.7341708542714,4047.685728643216,199
5005,4,77.69,492.1832,2638.276,2371.0716,20313.2976,25
5024,4,78.61,560.7350526315789,1162.2454736842105,710.0797894736842,5180.332210526316,95
5025,4,78.62,558.2846,1229.8804,922.2088,5790.349200000001,50
5026,4,78.63,510.7366666666667,1088.0816666666667,754.8711111111111,5154.022638888889,72
5028,4,78.65,1095.6693939393938,1202.2236363636364,1158.8760606060605,6439.8663636363635,33
5029,4,78.66,538.1585416666667,1320.554375,678.515,5211.645833333333,48
5030,4,78.67,686.5560479041916,1243.0414371257486,877.7125149700598,5884.017305389221,167
5031,4,78.68,1048.7677777777778,1217.111111111111,866.7362962962964,5969.302962962963,27
5032,4,78.69,741.5068656716418,1379.9431343283582,1107.6395522388061,6572.879402985074,67
5035,4,79.02,155.40736842105264,1794.284210526316,930.0618421052632,4847.318157894737,38
5047,4,79.15,12345.734545454547,4629.3550649350655,3649.78025974026,31379.63038961039,77
5056,4,79.31,11073.647786885245,2854.7408196721312,2523.712131147541,24017.200327868853,122
5057,4,79.32,10708.973775510203,2480.8801020408164,2688.1737755102045,22509.87091836735,98
5059,4,79.34,2037.2,1240.255625,1575.3315625,9229.6128125,32
5060,4,79.35,15922.54761589404,4956.554834437086,3592.0750331125823,35885.949271523175,151
5061,4,79.36,13839.214755555555,3056.7164,3439.713644444444,29945.272577777778,225
5062,4,79.37,10269.384999999998,2445.2564285714284,2749.675892857143,25058.362142857142,56
5064,4,79.39,9537.475392670158,2888.8267015706806,2504.247068062827,21648.35958115183,191
5085,4,80.51,9132.005508474576,3980.1305084745763,2178.6181355932204,28598.035508474575,118
5087,4,80.6x,6000.981818181818,2154.20303030303,813.010303030303,13934.069393939393,33
5102,4,81.02,1589.6809090909092,9219.546363636364,2290.724242424242,83674.7496969697,33
5107,4,81.08,12425.637323943662,6233.982816901409,2997.909295774648,65789.56802816901,71
5115,4,81.51,26281.883163265305,3857.5191836734693,3020.6873469387756,46810.58285714286,98
5116,4,81.52,16710.466969696972,4446.875151515152,3140.793939393939,34810.535,66
5117,4,81.54,36637.53575757576,3985.252424242424,3279.4163636363633,53695.36303030303,33
5119,4,81.65,12235.43720338983,3460.39406779661,1450.6148305084744,20700.876016949154,118
5120,4,81.66,15405.739929577463,2603.7269014084504,1519.02838028169,23939.126830985915,142
5125,4,81.91,251.16724137931033,2086.3140229885057,1574.2280459770116,7277.72356321839,87
5126,4,81.92,36.08281818181818,1810.075090909091,1433.6351818181818,7297.283636363636,110
5154,4,83.19,34.113080000000004,1813.402,1266.671,5925.031,250
5156,4,83.29,3117.4144444444446,937.5962962962963,2020.3418518518517,13837.345185185186,27
5157,4,83.31,220.54516129032257,1102.3109677419354,536.1490322580645,4261.176451612903,31
5158,4,83.32,304.7378787878788,2032.0630303030302,852.9206060606061,8352.421515151516,33
5159,4,83.39,411.1245882352941,1748.5143529411764,1014.5798823529412,7589.659882352941,85
5163,4,83.64,980.5804545454546,1025.18,1327.249090909091,7114.939545454546,22
5170,4,83.91,36.53892857142857,1520.642857142857,858.2260714285715,6803.168214285714,28
5190,4,85.21,1077.7773258426967,1524.5057977528088,191.99024719101124,7356.212449438202,445
5198,4,85.43,1066.0079268292682,6375.972682926829,2165.855365853659,17516.036707317075,82
5208,4,86.01,713.7895454545455,1891.4372727272728,1747.36,7091.452272727273,22
5211,4,86.04,344.5991111111111,1511.1697777777777,1118.409777777778,5008.044666666667,45
5218,4,86.22,804.6413,2223.5667000000003,2181.9751,8711.7817,100
5221,4,86.28,255.6540361445783,2064.1384939759037,1210.968795180723,6371.175361445784,166
5222,4,86.3x,263.9586021505377,1256.9795698924731,446.5024731182796,4380.100779569892,372
5224,4,86.59,116.12237704918033,2034.2181967213114,1366.816557377049,5872.418032786885,122
5233,4,86.75,93.02285714285715,1656.4,1075.858,4924.174571428571,35
5241,4,87.03,151.2878431372549,4318.111764705883,3610.0745098039215,10050.980000000001,51
5243,4,87.41,154.80233333333334,3434.92,1568.5686666666666,6092.751,30
5244,4,87.44,146.74963636363637,398.1092727272727,373.48254545454546,1646.2447272727275,55
5252,4,88.41,2551.8470627062707,3846.6016501650165,3804.3445874587455,14800.914719471948,303
5256,4,88.47,3220.6561224489797,2751.2448979591836,5005.187346938776,17747.808775510202,49
5261,4,88.55,1403.5166909469303,3003.979292403746,1441.930072840791,9176.96653485952,961
5262,4,88.56,1627.9846153846154,3622.773076923077,1692.6146153846155,9752.783076923077,26
5263,4,88.57,4617.93625,2378.0833333333335,1753.65125,14615.395833333334,24
5279,4,89.37,135.57270992366412,2509.9740458015267,1864.6835877862595,6265.060038167939,262
5281,4,89.50,244.15318181818182,3910.840909090909,3375.544545454545,9595.743181818181,22
5283,4,89.54,122.03099678456591,2819.4508360128616,1232.7610932475884,5788.829742765273,311
5286,4,89.62,1637.874117647059,5733.294411764706,7577.180882352941,22729.30911764706,34
5287,4,89.65,171.59434782608696,2827.995652173913,3117.5878260869567,8362.995217391304,23
5290,4,92.24,963.6227586206898,3992.602586206897,9892.387844827586,47881.980344827585,116
5300,4,93.35,57.14330798479087,2298.749683143219,1800.8261089987327,6587.790481622307,1578
5301,4,93.38,102.43246153846154,3156.730769230769,1493.6033846153846,12739.594923076924,65
5302,4,93.39,65.08515850144092,2198.292334293948,1281.0933429394813,5613.560835734871,347
5309,4,93.54,273.0176237623762,1803.2853465346536,1135.3604455445545,5001.055148514852,202
5312,4,93.90,617.2556125827815,5071.508791390728,3841.5690562913906,14806.176158940398,604
5314,4,93.94,142.42126315789474,1075.8263157894737,819.7697368421053,3101.150789473684,190
5315,4,93.96,108.39788321167885,2790.8660062565173,1269.1160479666319,5731.068404588113,959
5319,4,94.29,705.599245283019,7963.103773584906,766.8694339622642,21515.100754716983,53
5320,4,94.33,31.45195652173913,5160.895652173914,613.975,16973.822608695653,46
5321,4,94.39,18.707322404371585,6130.045355191257,544.7503825136613,12733.268087431694,183
5322,4,94.44,14.176426858513189,6906.176258992806,398.14642685851317,13668.127410071942,417
5329,4,96.04,1471.2823,7874.206999999999,7391.557199999999,26111.8849,100
5330,4,96.07,394.2111851851852,4188.310370370371,2988.804222222222,13580.306444444444,135
5336,4,96.35,454.02959459459464,4739.470720720721,2640.2116216216214,15877.933738738739,222
5338,4,96.39,95.32115384615385,2435.2807692307692,1214.2276923076925,5169.742692307692,26
5347,4,96.71,978.1072169811321,4800.422877358491,3975.496698113208,14562.404622641508,212
5348,4,96.72,2494.2243333333336,13437.628777777778,13226.490833333333,45893.63205555556,180
5349,4,97.01,444.8877622377622,4087.664335664336,2253.5515034965033,15606.045209790209,286
5354,4,97.62,47.040927152317884,1021.4912251655628,362.5535099337748,2641.305728476821,302
5356,4,97.71,191.24125,1323.8925,473.744375,3555.1190625,32
5373,4,98.51,34.87293144208038,1403.5120567375886,666.1766193853429,3540.224680851064,423
5374,4,99.03,211.02440191387558,2918.3043062200954,4923.271626794259,13725.605598086124,209
5375,4,99.04,433.26328,4290.296,2496.35848,13169.76792,125
5378,4,99.10,333.3150476190476,3686.321047619048,6660.322761904762,14097.915047619048,105
5382,4,99.17,344.4212048192771,3033.640361445783,1574.080481927711,6279.141927710843,83
5383,4,99.21,237.31622047244093,2443.1771653543306,3937.4764566929134,9093.943307086614,127
5384,4,99.24,6.520666666666667,581.4673333333334,1262.528,1987.1326666666669,30
5385,4,99.25,324.0278139232271,1876.1775276512685,4166.020930383865,8345.20872478855,1537
5387,4,99.28,249.12695652173915,1741.5632608695653,3429.057010869565,6976.26089673913,368
5388,4,99.29,155.13666666666668,1125.7263333333333,1201.7548333333334,6931.604166666667,60
5389,4,99.60,377.4620512820513,3153.4666666666667,2485.9371794871795,8710.721794871795,39
5396,4,99.83,98.36971698113209,1151.2245283018867,694.6952830188679,2954.118113207547,106
5397,4,99.85,136.33,1806.5686363636364,1168.2504545454544,5080.045454545455,22
5398,4,99.92,43.56365696887686,1730.9666001353178,1384.127205683356,6346.342503382951,2956
5399,5,,97.2472927015978,1749.549322903942,1329.8524487081345,4908.549707233253,368382
5401,5,00.09,41.213522727272725,1366.3147727272726,1133.8095454545455,5125.489090909091,88
5403,5,00.13,91.33260869565218,3041.317391304348,3681.8939130434783,9043.47,23
5414,5,00.63,42970.60538461538,4872.412637362637,5159.2772527472525,73511.99318681318,91
5415,5,00.64,36003.98892307692,4855.702307692308,4278.734923076923,59865.46646153846,65
5416,5,00.65,76343.71527777778,7280.041666666667,9429.419722222221,122204.46833333334,36
5417,5,00.66,13183.20060367454,3557.147454068241,2943.1181102362207,27729.916167979005,381
5420,5,00.70,20274.640454545457,3939.822272727273,5961.550227272728,53528.1465909091,44
5424,5,00.80,9347.02525,3708.19,5083.3017500000005,39971.206,40
5428,5,00.85,19408.048749999998,3455.2098214285716,3790.514821428572,39773.522678571426,56
5431,5,01.09,6896.887027027027,7755.2937837837835,14334.717027027027,45573.72756756756,37
5435,5,01.24,11813.625553914328,9386.730974889217,13378.080886262924,56978.19270310192,677
5437,5,01.31,6967.199290187891,6187.519478079332,8406.308308977035,35675.962275574115,479
5438,5,01.39,11999.592475124378,12116.111069651743,14952.396243781095,63495.021654228854,804
5441,5,01.59,14296.146666666667,9759.96196969697,10766.531363636363,55362.937651515145,132
5442,5,01.6x,1699.6699999999998,1956.3145714285713,931.6905714285715,7806.931428571428,35
5446,5,02.05,14117.236499999999,3786.0347500000003,4868.733,33699.4115,40
5447,5,02.06,14809.886603773584,3371.9039622641512,4615.1466037735845,34465.24641509434,53
5457,5,03.09,13023.915316455697,3539.164873417722,3552.3697468354435,31821.361392405062,158
5458,5,03.31,538.1078453608247,3929.562082474227,2881.938608247423,10939.113030927836,970
5461,5,03.53,20255.401788235293,4004.7924000000003,4524.138129411765,41407.525752941176,850
5464,5,03.90,530.8453846153847,1469.2535897435898,1002.1320512820513,6265.859487179487,39
5465,5,03.91,359.08669527896996,1656.884763948498,1013.7467811158798,5733.3575536480685,466
5466,5,03.92,148.25098039215686,1920.7415686274508,2215.0790196078433,8607.7,51
5471,5,04.07,1314.696875,2465.3810416666665,1101.6283333333333,7842.298750000001,48
5472,5,04.2x,1359.0658707865168,3238.5639606741574,1129.1422191011236,8166.070842696629,356
5473,5,04.3x,976.1753125,1706.2159375,2036.76625,10046.2209375,32
5474,5,04.41,15163.690967741935,3494.812903225806,1882.1187096774195,25985.703548387097,31
5476,5,04.43,340.58633333333336,1837.9019999999998,929.2573333333332,6688.741999999999,30
5477,5,04.49,498.27647058823527,1751.3198823529412,1703.388,9545.904,255
5479,5,04.74,1125.387572815534,1269.245922330097,1908.714854368932,10189.675825242719,103
5481,5,04.80,58.22851851851852,1723.5185185185185,2105.415925925926,7248.093333333333,27
5482,5,04.81,167.6214531336661,1504.7396505823626,1103.2662007764836,5926.165280088741,1803
5486,5,05.31,141.6492,1988.1168,1338.7922,8650.218,50
5489,5,06.11,322.42994011976043,2651.344011976048,832.4699401197605,4957.285329341317,167
5492,5,06.2x,1457.2077692307694,3623.2343076923075,1624.6707179487178,13846.360743589745,390
5493,5,06.31,5015.752073170732,2339.4631707317076,859.9914024390243,12279.300548780488,164
5494,5,06.39,1291.9204736842105,2988.9732894736844,1538.2169999999999,11928.979842105262,380
5495,5,06.4x,1675.8420253164556,5181.024303797468,2186.6967088607594,17889.645189873416,79
5497,5,06.7x,657.0338461538461,1680.883076923077,1029.2098461538462,6696.352923076923,65
5504,5,07.21,4133.430735294118,3931.5472058823534,2518.4625,20207.719411764705,68
5505,5,07.22,3748.6311764705883,3935.7767647058827,2481.984117647059,19018.74294117647,34
5517,5,08.09,94.42444444444445,1069.4166666666667,517.2280555555556,2619.5533333333333,36
5520,5,08.20,103.37398633257403,1195.9631890660592,260.42635535307517,2639.73562642369,439
5521,5,08.21,115.63039603960397,815.8695049504951,247.93495049504952,2028.2768316831682,101
5522,5,08.22,70.3454054054054,861.5540540540541,240.14702702702704,1921.8870270270272,37
5528,5,08.33,156.11454545454546,951.3636363636364,275.7104545454545,4537.024545454545,22
5533,5,08.42,63.83093333333333,882.9145333333333,314.5196,2386.7229333333335,75
5534,5,08.43,98.54423076923078,1097.35,489.79038461538465,2742.3061538461543,26
5535,5,08.44,108.68921686746988,1166.2711445783134,368.02150602409637,3171.072951807229,166
5536,5,08.49,138.6109268292683,994.3118780487805,253.8028292682927,2552.028219512195,410
5542,5,08.81,318.78027027027025,3754.1579279279276,2163.5516216216215,10149.905675675676,111
5555,5,09.41,227.88,1753.6782926829267,417.9480487804878,3099.4629268292683,41
5558,5,09.44,1416.245576923077,984.11,221.37096153846156,3956.9325,52
5559,5,09.49,33.636237623762376,1480.2326732673268,575.7390099009901,3090.997326732673,101
5563,5,09.6x,122.09351851851852,1353.98,451.5379629629629,3449.182962962963,54
5564,5,09.73,1308.0965789473685,1038.5273684210526,707.5747368421053,5277.309736842105,38
5565,5,09.81,878.3609686609686,1106.14301994302,721.1187749287749,5341.67698005698,351
5571,5,10.31,95.50994594594594,1160.740162162162,224.42729729729732,2500.3412972972974,185
5574,5,10.49,153.78392857142856,1231.4735714285714,335.5785714285715,3246.6475,28
5576,5,10.6x,105.47783333333334,1276.9208333333333,544.865,3209.0361666666668,60
5577,5,10.91,37.96757575757576,1102.6515151515152,516.5657575757575,2569.5427272727275,33
5580,5,11.1x,58.34260869565218,1134.085652173913,506.7269565217391,2559.2452173913043,23
5583,5,11.32,403.4960235063663,1015.5941625857004,245.04237022526937,3619.9701567091083,1021
5584,5,11.39,165.1068700265252,1101.9782891246684,304.29303713527855,3321.4019628647216,754
5588,5,11.51,477.76521739130436,1251.2565217391304,754.5460869565218,4718.809130434783,23
5592,5,11.64,2360.9563636363637,1167.0227272727273,1077.864090909091,9534.92409090909,22
5594,5,11.74,270.39206896551724,1042.4827586206898,338.95241379310346,19646.605862068966,29
5599,5,12.14,748.76,1652.3190476190475,673.0995238095238,6298.463333333334,21
5605,5,12.64,605.1394117647059,1168.5509803921568,656.0970588235293,5146.001764705883,51
5613,5,12.91,116.98653846153846,1201.8915384615384,777.3215384615385,3683.193076923077,26
5617,5,13.3x,1783.706603773585,760.9924528301887,244.45566037735847,5028.95,53
5618,5,13.41,2198.289681680381,1148.0078724556085,290.26030965786055,6562.356070809875,9236
5620,5,13.59,1240.5855869565216,1243.6747173913043,403.4382826086956,5041.4390652173915,460
5623,5,13.70,1401.4991612903225,870.0974193548387,341.4297419354839,5226.9398709677425,155
5624,5,13.71,1884.4521489061397,1243.1790931545518,361.5480769230769,6191.00472124206,2834
5635,5,14.6x,4066.7722950819675,1005.7622950819672,460.7429508196721,9599.159016393442,61
5639,5,14.74,9890.656618357487,830.4057971014493,910.9626570048308,18676.437198067633,207
5641,5,14.79,47.966812499999996,876.315875,395.2511458333333,2583.9765625,480
5643,5,15.11,291.0735416666667,844.6041666666666,297.2160416666666,6289.501875000001,48
5646,5,15.3x,393.494,880.62,297.7768,7387.625599999999,25
5651,5,16.21,114.1021052631579,3301.645263157895,859.8382894736842,6757.809144736842,152
5653,5,16.39,396.01466666666664,1678.5131111111111,1188.4602222222225,5761.753777777777,45
5656,5,16.49,373.7134482758621,1771.9537931034483,1189.0327586206895,5968.792413793104,29
5663,5,16.92,289.37172413793104,1364.1655172413793,398.671724137931,4623.389655172414,29
5667,5,17.11,4015.5696124031006,1738.6127906976744,1140.3171317829458,10840.779379844962,129
5668,5,17.12,4055.525034364261,1474.6694673539519,1107.438470790378,10382.299536082475,582
5669,5,17.13,4197.76428125,1664.6964166666667,1198.0931979166667,10997.00965625,960
5670,5,17.21,6918.546307692308,1673.4415384615384,1237.9669230769232,14960.228000000001,65
5671,5,17.22,6417.603780487805,1525.520731707317,1331.8441463414633,14728.909146341464,82
5672,5,17.23,6352.838928571428,1752.0964285714285,1416.7532142857142,14492.187857142857,28
5673,5,17.24,5571.957090909091,1683.0403636363637,1372.5378181818182,13485.443818181819,55
5676,5,17.33,13019.153119266055,8684.134403669725,7144.335963302752,43135.70798165137,109
5678,5,17.35,14808.719090909091,7709.344545454546,7313.076818181818,42776.83045454545,22
5679,5,17.36,11864.929452054794,7541.5575342465745,6449.62602739726,40919.95821917809,73
5682,5,17.91,28.299577464788733,966.1295774647887,432.22830985915493,5331.1284507042255,71
5683,5,17.92,34.309302884615384,1289.6413461538464,952.10375,5484.601586538461,416
5685,5,17.94,44.08948275862069,1844.2336206896553,1233.5175862068966,6059.219137931035,116
5686,5,17.95,128.06919769345768,1480.529142165587,1397.9666569374242,4880.52660710472,14047
5687,5,17.96,8.706666666666667,1683.0285714285715,1260.4757142857143,6049.148095238095,21
5688,5,17.97,348.377577092511,1603.461629955947,1032.4972599118942,5400.947224669603,1135
5689,5,17.98,501.7180952380952,991.3857142857144,1139.0598412698414,5259.95492063492,63
5691,5,18.02,85.0547619047619,1104.6333333333332,937.7433333333333,3139.3533333333335,21
5692,5,18.09,84.33419753086419,934.9496296296296,605.7632098765432,2721.313950617284,81
5693,5,18.11,89.50659999999999,1916.64764,1237.1486400000001,4586.94772,250
5695,5,18.21,324.2844512195122,1158.3026829268294,652.3987195121952,4014.841890243902,164
5696,5,18.29,168.99630695443648,1308.0769544364507,483.5511990407674,3515.1005275779376,417
5704,5,19.4x,455.4366129032258,1294.5140322580644,1172.1429032258065,7232.982903225807,62
5707,5,20.01,608.9083582089552,1172.0564179104476,505.8079104477612,4102.686865671642,67
5708,5,20.09,139.09557142857142,1188.1849047619046,783.9090000000001,3225.325285714286,210
5712,5,20.39,82.6727027027027,1980.1027027027028,852.5005405405406,3830.2164864864867,37
5713,5,20.49,849.5396153846154,1406.0069230769232,1893.5684615384614,10088.827307692309,26
5714,5,20.51,208.09391304347827,1333.3246376811594,426.8059420289855,3249.239855072464,69
5716,5,21.00,300.01126984126984,1148.1825396825398,526.555873015873,4102.675714285714,63
5717,5,21.01,162.14859649122806,1251.7345614035087,716.9481286549708,3307.0640935672513,171
5718,5,21.02,194.79827586206895,1437.1858620689654,1270.9458620689654,4310.249137931035,58
5719,5,21.03,252.11116640746502,1298.089097978227,381.43909797822704,2826.370062208398,643
5720,5,21.04,185.06228571428574,1046.4546666666668,380.336380952381,3316.7383809523812,105
5721,5,21.09,338.11611111111114,957.1361111111112,577.5454861111111,2928.4360416666664,144
5723,5,21.21,84.97450199203186,2226.025298804781,1125.8199601593626,4937.3144223107565,251
5727,5,21.31,565.7051320754716,1773.5298113207548,1348.0274339622642,7592.870188679246,265
5728,5,21.32,301.42411042944786,1586.289018404908,628.4755214723926,4540.288036809816,163
5730,5,21.5x,680.4522690763051,1380.1785341365462,1107.7646987951807,6518.38983935743,498
5733,5,21.69,790.8642857142858,1387.2050857142856,1037.2085714285715,6121.137371428572,175
5734,5,21.71,474.9597959183673,1312.7214693877552,1043.6343265306123,5016.193224489796,245
5735,5,21.72,584.1027906976744,1619.828372093023,1249.686511627907,5674.060232558139,43
5736,5,21.81,186.93869565217392,1757.4352173913044,1077.708695652174,4921.80652173913,23
5739,5,21.84,771.6080216802168,1415.909810298103,1264.7644444444445,6808.383360433604,369
5744,5,21.99,508.4014285714286,1399.2261904761904,638.8561904761905,4043.750476190476,21
5745,5,22.01,37.917857142857144,1419.3678571428572,900.1160714285714,3333.134642857143,28
5749,5,22.2x,513.2730029154518,1420.1286588921282,1378.1287172011662,7939.219912536443,343
5754,5,22.50,833.1205389221557,1260.7622754491017,1366.6152095808382,8062.065149700598,167
5755,5,22.51,1581.025,1405.867380952381,1079.535,9108.032857142858,42
5757,5,22.53,812.2371554770318,1582.1629151943462,1392.5809776207302,8896.146266195523,1698
5758,5,22.60,722.4571088435374,1576.5686054421767,1200.4627551020408,8276.226054421768,294
5760,5,22.62,611.1006363636365,2026.9324545454547,1357.1445454545453,8692.642545454546,110
5766,5,23.19,108.85981481481483,1774.8283333333331,1366.7171296296297,5593.214259259259,108
5770,5,24.0x,59.315,1537.93125,1140.1455,4356.59725,40
5782,5,25.1x,594.8166265060241,1509.2513253012048,742.7469879518072,5266.162168674699,83
5791,5,26.29,740.6200714285715,2036.9439285714288,1255.8836428571428,7446.476214285714,140
5792,5,26.31,1104.6673333333333,2209.934,1186.8228888888889,8166.3351111111115,45
5793,5,26.32,777.6966037735849,1931.7083018867922,1117.9316981132076,7206.484905660378,53
5795,5,27.0x,203.81196721311474,1797.5761202185793,1232.5068306010928,5074.051912568306,183
5802,5,27.43,167.9436363636364,1664.1156818181817,772.9560227272727,4016.6831818181818,88
5803,5,27.49,358.3058227848101,1502.1311392405064,768.2315189873418,4859.560126582279,79
5804,5,27.51,355.97090909090906,2342.1925974025976,2069.775974025974,7366.041428571428,77
5810,5,27.69,1177.9542857142858,1947.4600000000003,1513.1467142857143,8987.110285714285,70
5812,5,27.79,512.2108695652174,1610.0182608695652,580.2782608695652,4388.829130434782,23
5814,5,27.99,265.1343426294821,1486.891752988048,521.0662948207171,3870.6118326693227,251
5815,5,28.0x,73.93412500000001,1346.52875,906.8340000000001,3303.68675,160
5817,5,28.2x,1170.7097244732577,1386.376726094003,1349.5058184764991,7013.803776337115,617
5818,5,28.3x,1423.1916343490304,1439.6337950138504,855.0165096952909,7160.479030470915,361
5819,5,28.5x,1667.9688888888888,1551.8614814814816,1810.8179629629628,7650.087222222222,54
5820,5,28.6x,1156.276796875,1264.0779296875,785.6954296875,6344.3683203125,256
5822,5,28.92,1025.7358333333334,1545.443125,1042.4558333333332,6215.12,48
5824,5,29.11,71.13145607701564,1905.227099879663,1082.1869314079422,4381.244693140794,831
5825,5,29.12,345.22118181818183,3672.9153636363635,1061.878,7046.379363636363,110
5828,5,29.39,619.245119047619,1698.9893154761905,883.3018452380952,5991.088273809523,336
5831,5,30.09,567.228360313316,1509.319869451697,941.8043028720626,6361.003331592689,1915
5836,5,31.1x,3402.6022727272725,16384.91527272727,21593.329636363633,74352.52618181818,110
5839,5,31.42,99.56427021696253,2124.5829783037475,1260.4920512820513,4816.709398422091,1014
5840,5,31.43,336.9486206896552,2025.351724137931,801.6727586206896,4919.686551724138,29
5850,5,31.94,230.5346551724138,5349.525862068966,2754.236551724138,11030.35896551724,58
5852,5,32.01,554.4468181818182,4751.443636363636,2150.6372727272724,10585.431363636364,22
5854,5,32.20,13464.046245614036,5051.198210526316,3467.9189824561404,32378.440701754385,570
5860,5,32.30,18794.239193548387,6485.265483870968,3625.9727822580644,41837.13266129032,248
5862,5,32.41,19934.464852941175,7307.1725588235295,4450.314705882353,44885.30958823529,340
5863,5,32.49,17339.507307692307,7881.181538461538,6930.02576923077,47638.305384615385,26
5865,5,32.6x,16839.572727272727,7506.27,5480.661363636364,42603.10363636364,22
5869,5,33.22,459.2920264317181,3450.3506387665198,2555.9894713656386,9735.951563876652,454
5870,5,33.23,316.7160690571049,3243.886613545817,2424.0664674634795,8482.163466135458,753
5871,5,33.24,370.03199239543727,3511.254509505703,2588.504088719899,9553.585001267427,3945
5872,5,33.26,1167.5559729272418,4987.2792047377325,2682.9237563451775,11859.789627749577,591
5873,5,33.27,549.4142763157895,4243.076513157895,2858.2075657894734,10873.813552631578,152
5879,5,33.49,18896.3536,4838.0968,5835.180799999999,44363.111600000004,25
5883,5,33.99,388.93174603174606,3373.3796825396826,2533.3585714285714,9897.689841269841,63
5886,5,34.04,539.2271627731725,3549.2730896759604,2941.3324981160513,10906.155256217031,2654
5888,5,34.09,9478.59,6270.893513513513,5647.941621621621,31633.09189189189,37
5891,5,34.21,13704.313125,6492.76,6783.849375,39979.130625,32
5893,5,34.24,885.258,4998.695333333333,2294.2363333333333,11426.426333333333,30
5895,5,34.3x,4514.833384615385,4935.413846153847,2831.887230769231,22243.58353846154,65
5896,5,34.4x,406.3070078740157,1818.1591338582678,845.023937007874,6023.42779527559,127
5900,5,34.71,354.53775,1645.6709999999998,1531.402125,5868.549,80
5905,5,34.91,477.78571684587814,3821.7033512544804,3192.073225806452,11135.315603345281,1674
5916,5,36.06,11309.982196969697,3690.132481060606,3143.1844507575756,27469.682613636363,528
5917,5,36.07,9728.877484737484,3533.3519047619047,3255.739603174603,26224.63545177045,1638
5921,5,37.0x,573.643918918919,4848.042432432432,3380.207027027027,12408.382702702704,74
5924,5,37.33,35487.74972222222,2289.6027777777776,1628.5819444444444,44712.53444444444,36
5925,5,37.34,41781.54482758621,3639.9789655172412,1464.459540229885,53428.71798850575,174
5933,5,37.78,15506.60909090909,5366.252121212121,3172.5760606060603,33407.32242424242,33
5934,5,37.80,39076.56412698413,2843.509523809524,1784.721746031746,48767.77777777778,63
5935,5,37.81,26881.851612903225,4114.62935483871,2312.4925806451615,39488.01677419355,31
5937,5,37.83,37120.49549707602,3954.1380116959062,2254.8888888888887,51250.5796491228,171
5957,5,38.59,756.244415029889,1952.8609308283517,1171.1355508112724,8135.899385140905,1171
5965,5,38.7x,21890.736384615386,5492.683538461539,7221.972153846154,46607.79592307692,130
5971,5,38.91,2881.7119736842105,8063.88052631579,5493.862105263158,24298.897631578948,76
5973,5,38.93,931.8756075808249,3936.703894463025,4971.6233259011515,14777.33115942029,2691
5974,5,38.95,2003.0941190476192,3891.631714285714,2842.785404761905,14789.525047619047,420
5975,5,38.97,1485.5983251231528,4843.913251231527,5835.238029556651,19547.054532019705,203
5976,5,38.98,1786.975875,5780.975125,5643.614625,19902.209,80
5977,5,38.99,509.3605466237942,1914.9799678456593,2201.5559807073955,7219.156495176849,311
5979,5,39.27,1021.4090106544901,3331.100852359208,2749.632633181126,12884.23890410959,657
5983,5,39.31,1037.5928985507246,2066.275,3568.4092028985506,17757.216811594204,138
5985,5,39.42,1058.3466666666668,2773.313333333333,1350.3843333333332,11011.671333333334,30
5986,5,39.49,8085.5207407407415,2020.5562962962963,962.2760493827161,15576.606296296297,81
5987,5,39.50,12115.785020920503,2820.573179916318,1979.5798744769875,23970.93748953975,239
5988,5,39.51,24297.796714285716,12261.028285714285,15140.709142857142,81372.70314285714,70
5991,5,39.59,5115.120000000001,1948.6000000000001,2398.283913043478,17527.66956521739,23
5994,5,39.72,102319.38714285714,7028.958714285714,8713.179357142857,134538.40300000002,140
5996,5,39.74,55150.526685393255,9259.724213483145,10523.418258426966,99024.59061797752,178
5997,5,39.75,106065.98064516128,6979.35,12603.40806451613,141967.67580645162,31
6000,5,39.79,8797.404495575222,3998.4626548672563,5030.083787610619,26815.061309734516,565
6001,5,39.90,43242.685057471266,4870.176321839081,4327.233333333334,65050.268620689654,87
6002,5,39.92,348.15621951219515,1785.6631707317074,1155.3462195121951,6209.595731707317,82
6003,5,39.95,1316.402044431946,2744.404805961755,2461.490508998875,12035.85282902137,3556
6004,5,39.96,3267.3250000000003,3330.857205882353,3154.691470588235,14398.920588235294,68
6005,5,39.97,103.15826086956521,1763.4760869565216,2019.2095652173914,8281.52652173913,46
6008,5,40.11,568.5547567567568,3593.8900540540544,1537.162162162162,8283.392702702702,185
6012,5,40.29,747.2864788732394,2952.596056338028,1337.0964788732392,7929.554929577465,71
6021,5,41.31,160.14872549019609,3311.8443137254903,1174.4677450980394,7704.671078431372,102
6022,5,41.38,143.94770700636943,3302.480907643312,1743.0548089171973,8312.441257961784,628
6025,5,41.5x,6682.142623762376,7994.221435643564,7579.3047029702975,37066.83188118812,202
6028,5,42.23,111.79962264150943,1777.2386792452828,862.4681132075472,4164.324905660377,53
6029,5,42.24,363.07683333333335,3207.563166666667,1491.3563333333334,6856.929166666667,60
6031,5,42.33,2723.52193877551,3201.79193877551,2974.2593537414964,13935.932108843537,294
6033,5,42.41,19151.480566037735,9949.063773584905,10015.176603773585,59582.467264150946,106
6034,5,42.42,24837.31893939394,10743.896666666667,10664.731666666667,65544.84590909092,66
6037,5,42.81,4343.862872340425,3065.8828723404254,2669.6251063829786,13067.56170212766,94
6040,5,42.91,2147.7512676056335,2850.1059154929576,3517.0414084507042,12735.786197183099,71
6041,5,42.92,1032.2436633663367,2138.050099009901,1394.351287128713,6931.290891089109,101
6045,5,43.19,1542.7434615384616,4482.425769230769,6109.6057692307695,20424.535,26
6046,5,43.41,555.4388570670909,2007.6593635640413,988.4473269689738,6233.212816229117,3771
6047,5,43.42,10419.675405405405,6619.576216216216,6528.546216216216,34948.27162162162,37
6048,5,43.5x,16632.39083333333,8555.433611111112,7988.212777777777,46661.294444444444,36
6049,5,43.6x,14766.14222222222,9183.455555555554,8219.792962962963,46619.05333333333,27
6050,5,43.7x,16633.52608,9317.84104,8939.04536,50884.46792,125
6055,5,43.99,15121.819529411763,9676.224588235295,8269.185294117648,50643.37035294118,85
6056,5,44.11,125.14399999999999,1731.6515555555554,1173.7044444444446,4602.110148148148,135
6057,5,44.13,139.99743980870713,2363.9564940633245,1491.861759564644,5750.366437170185,12128
6058,5,44.14,209.86883040935672,3050.4056374269003,1671.139461988304,7055.038491228071,1710
6060,5,44.19,119.66017045454545,2646.9048295454545,1372.8282954545455,5881.920284090909,176
6064,5,44.41,2456.8385530546625,5254.995659163987,7217.243151125403,24088.09536977492,311
6065,5,44.42,2501.6334883720933,5587.4736046511625,6664.141744186046,24192.247558139534,86
6066,5,44.43,820.9229268292684,3970.020829268293,3695.6205853658535,13180.587756097562,205
6067,5,44.44,10108.951219512195,6717.055365853659,8000.810243902439,41432.71707317073,41
6073,5,44.69,2198.051329113924,5714.999303797468,7748.837341772152,25142.69246835443,158
6079,5,45.13,154.29466052934407,2579.539323935558,1348.570503452244,5910.042126006904,3476
6081,5,45.16,274.5332905982906,3014.505868945869,1475.528618233618,6811.270341880342,702
6083,5,45.23,158.76775850567046,2423.1058372248167,1245.0284823215477,5423.823158772515,2998
6084,5,45.24,334.89907407407406,2389.6944444444443,1743.2614814814815,6195.530555555556,54
6085,5,45.25,274.5760763888889,3461.540086805556,1409.2486284722222,7058.078385416667,576
6088,5,45.30,657.0028235294118,2072.822352941176,1032.9304705882353,6116.896705882353,85
6090,5,45.33,4451.436046511628,4660.7572093023255,5245.3,25000.993488372093,43
6092,5,45.41,3808.4701265822787,3969.8249367088606,5037.475569620253,20147.057341772153,79
6093,5,45.42,561.3455681818182,2038.5680776515153,934.683700284091,5834.891905776515,4224
6094,5,45.43,926.6574395412616,2243.122630266766,796.7258239840438,6218.666045873847,4011
6097,5,45.62,6714.211990521327,6693.118625592418,7763.320568720379,33032.52184834123,211
6100,5,45.73,9434.639536423841,8633.640728476821,8509.39927152318,41197.99211920529,151
6102,5,45.75,10736.873214285715,10738.284642857141,14523.460000000001,53619.01285714285,28
6103,5,45.76,7689.642179487179,7621.416666666667,9065.205128205129,37432.9208974359,78
6113,5,46.10,2623.8351851851853,5253.705555555555,6452.2861111111115,23768.041666666668,54
6124,5,46.51,5486.926162790697,3827.485465116279,4333.198139534884,21148.108488372094,86
6125,5,46.52,4950.488727272727,4843.562363636363,5667.244363636363,25197.42290909091,55
6129,5,46.73,3785.56537037037,5795.977037037037,6362.589629629629,24554.710925925923,54
6133,5,46.79,2250.8562,5283.067800000001,6797.545700000001,24414.368300000002,100
6135,5,46.81,2792.8632000000002,4562.354,4866.7771999999995,19639.446,25
6141,5,47.01,1396.461692992533,2037.0194342331993,1981.559577828834,9337.37173750718,6964
6142,5,47.09,902.1570919881306,2545.5829080118697,2920.1364688427298,10868.4081305638,337
6144,5,47.2x,1176.8036,2967.86,3406.95,12484.297199999999,25
6147,5,48.23,91.61859649122808,1833.7543859649122,1201.1815789473685,5109.372456140351,57
6148,5,48.24,320.44489795918366,2941.5214285714287,1415.4313605442178,6758.523741496599,147
6151,5,48.32,452.6625274725275,2115.72967032967,1286.914945054945,6461.2235164835165,91
6152,5,48.35,1315.4801825993557,2370.6105907626206,1028.4956176154674,7704.050365198711,931
6153,5,48.36,395.0253290529695,1981.4255056179777,922.1582102728731,5752.857142857143,1246
6154,5,48.41,1429.5510196078433,1212.5414117647058,1762.5129803921568,8517.679254901961,255
6158,5,48.51,9020.979111111112,7645.697777777778,5991.372444444444,36900.46288888889,45
6162,5,48.63,12505.149447513812,9332.347016574586,7354.306464088398,44302.640055248616,181
6164,5,48.69,12124.486789297658,7376.7094314381275,7649.233344481606,41299.63882943144,299
6168,5,48.76,1362.0494520547945,2151.0627397260273,1172.9834931506848,10459.738493150686,146
6173,5,48.99,292.9031944444444,1984.0704166666667,1430.9144444444444,7038.2252777777785,72
6174,5,49.01,358.55639896373054,1415.9778886010363,1398.4960103626943,6115.912163212436,772
6177,5,49.04,333.1650332383666,1318.9049382716048,1742.3837986704655,6808.9063057929725,1053
6178,5,49.11,337.29241379310344,1276.483448275862,1079.9275862068966,5400.202413793103,29
6179,5,49.12,370.6740371229699,1327.8154988399071,1346.3104176334107,6398.697726218098,431
6184,5,49.39,730.933893557423,1337.262212885154,1121.3914845938375,6462.413921568627,357
6186,5,49.42,509.7441884816754,1562.878795811518,964.7907853403142,6120.783350785341,191
6187,5,49.45,1010.5260034542314,1278.88390328152,1410.224438687392,6911.119630397236,2895
6188,5,49.46,861.9536125211505,1196.8581923293852,1209.54478285392,6713.4724929498025,3546
6189,5,49.47,413.78391304347826,1274.2543478260868,1052.4195652173914,4954.310434782608,46
6190,5,49.49,1965.5670938215105,1443.0657494279178,1529.0837414187642,8908.100337528604,1748
6192,5,49.59,360.7823404255319,1222.5348936170212,1194.8529787234042,6297.127872340426,47
6195,5,49.73,356.63059221658204,1342.2142470389172,1371.423197969543,6567.105566835871,591
6196,5,49.79,788.5788235294118,1018.0602941176471,898.8161764705883,6062.859411764706,34
6199,5,49.94,188.4594642857143,1190.0401785714287,2498.2289285714287,7495.278571428571,112
6200,5,49.95,545.0355555555556,1107.4407407407407,1116.3414814814814,5919.480740740742,27
6202,5,50.0x,1739.614336283186,3173.320088495575,2815.226460176991,13486.843982300887,113
6203,5,50.11,1354.9888034188034,4683.684786324787,3046.1620512820514,12104.107521367521,117
6205,5,50.22,8670.613000000001,7406.787249999999,6767.342125,36579.229375,80
6209,5,50.29,6938.3490624999995,5989.469999999999,3952.691875,25935.0459375,32
6210,5,50.3x,8610.267122302157,7870.996402877698,8364.924028776977,42103.31258992806,139
6213,5,50.91,1640.1709,5935.0131,5315.0588,17522.4871,100
6221,5,51.10,7689.945531914894,6431.952340425532,5647.744680851064,28876.718936170215,47
6222,5,51.11,916.8222916666667,2171.6870833333332,2280.583958333333,8555.515,48
6224,5,51.22,2041.340081967213,4007.290737704918,4681.879672131148,17889.060573770494,122
6225,5,51.23,1631.3397798594847,2252.804579859485,1849.5449395784544,10305.09385386417,10675
6231,5,51.41,2670.9193,4403.7558,6274.9839,22614.1297,100
6233,5,51.49,2136.1026744186047,4845.116162790698,5480.5323255813955,21534.77058139535,86
6235,5,51.59,3900.095652173913,5444.156521739131,7544.557391304348,23303.79,23
6245,5,51.85,7630.04619047619,4829.590317460317,4517.70492063492,25152.29412698413,63
6247,5,51.87,7478.368333333333,4467.493750000001,5585.423333333333,23462.235416666666,24
6248,5,51.88,4264.815803571429,4458.582470238095,4724.3284375,21800.627291666664,672
6251,5,51.96,1142.0180555555555,1991.0666666666666,1259.2641666666668,7102.320277777778,36
6252,5,51.98,2669.5749305555555,3988.0318055555554,2910.6924999999997,12464.003680555556,144
6264,5,52.7x,14493.108604651165,14385.629069767443,16124.905581395347,70108.08953488372,43
6268,5,53.00,1975.803762886598,1664.509381443299,1218.0884793814434,8387.463608247423,388
6269,5,53.01,1639.265,1707.809090909091,1000.1504545454546,7972.123181818181,22
6270,5,53.02,1156.550435931308,1180.3321664464993,675.3669749009247,6032.949550858652,757
6271,5,53.03,2010.6769709543569,1585.5546058091286,848.2126141078837,7635.496058091287,241
6272,5,53.04,2144.400199386503,1534.5084279141104,901.9544325153374,7704.9932898773,1304
6273,5,53.05,2117.2756211180126,1619.8381521739132,1063.6255279503105,8059.357329192547,644
6274,5,53.10,4493.7414285714285,1821.0021428571429,1479.7689285714284,12490.16392857143,28
6276,5,53.12,1568.6246857142858,989.6739428571428,565.3877714285715,6793.246400000001,175
6278,5,53.14,3652.513396226415,1540.4128301886794,835.3428301886792,10289.000188679245,53
6279,5,53.15,3928.551525423729,1778.6461016949152,1302.3291525423729,11271.044237288135,118
6281,5,53.17,4014.8178378378375,1892.805135135135,1268.7396396396398,11849.67846846847,111
6282,5,53.21,2408.94,2114.2883974358974,1280.7201282051283,9614.418461538462,156
6283,5,53.29,1062.755179856115,2351.9861870503596,1804.5847482014387,9232.671870503596,139
6290,5,53.59,2112.871515151515,1787.800909090909,1385.8760606060605,8693.86393939394,33
6291,5,53.61,4358.843888888889,1947.0163888888887,1571.8894444444443,12169.6725,36
6292,5,53.63,5387.134782608696,1698.4604347826084,978.1430434782609,12364.275217391305,23
6293,5,53.69,3029.886,1898.7882857142856,1688.3131428571428,10618.054285714286,35
6298,5,53.9x,3060.502222222222,3409.527962962963,3453.391481481481,16366.901666666665,54
6299,5,54.0x,612.5554494382022,2102.9298876404496,2257.1941011235954,7866.901348314606,178
6300,5,54.11,3456.336142857143,5310.0445714285715,7388.909,26334.50885714286,140
6302,5,54.19,1447.1744444444444,5679.792592592592,6581.791111111112,22976.033333333333,27
6303,5,54.21,1781.4817037037037,3112.154518518518,3345.815111111111,15035.51074074074,135
6308,5,54.3x,444.87214689265534,1944.7153107344632,905.8180225988701,6262.497853107344,177
6309,5,54.4x,3351.733398058252,4223.2688349514565,2743.730485436893,17699.846796116504,103
6310,5,54.51,1764.3120960698689,2327.529170305677,2008.883886462882,11673.898602620087,229
6311,5,54.59,1985.4636516853934,4373.085056179775,5636.363314606741,20615.326292134832,178
6317,5,54.91,500.43141615986104,3501.026576889661,3562.000052128584,11090.211737619462,1151
6321,5,54.98,523.760294117647,2291.358333333333,2804.529705882353,7960.527254901961,102
6322,5,54.99,2696.454,3607.1079999999997,1961.293,15282.357,50
6323,5,55.01,1575.2588213627994,2776.017329650092,1728.2254327808473,12041.49753222836,543
6325,5,55.03,3974.659583333333,3176.988888888889,3146.1423611111113,16415.992222222223,72
6326,5,55.04,4368.475468164794,3191.3884082397003,3187.166423220974,18259.388370786517,1068
6331,5,55.23,862.9789534883721,3961.7556976744186,1893.2240697674417,9198.652674418605,86
6334,5,55.39,4032.6533333333336,3455.554166666667,3408.55125,19914.74583333333,24
6335,5,55.4x,4177.834285714286,4587.755178571429,3113.218392857143,21688.397142857142,56
6336,5,55.51,4296.059109947644,5157.673246073298,3751.745183246073,23470.32827225131,191
6343,5,55.92,1595.099090909091,3396.2485714285717,2228.3062337662336,10629.614675324674,77
6347,5,56.0x,3525.391782608696,2127.5391123188406,1770.1353985507246,11847.248085144927,5520
6349,5,56.2x,2775.8715172413795,2910.422551724138,2931.9706206896553,15981.679034482759,145
6350,5,56.31,1341.7748444444446,2231.174266666667,1707.5557777777776,8013.228311111111,225
6353,5,56.41,2166.0671428571427,3033.7988095238097,3109.6814285714286,14028.91761904762,42
6360,5,57.0x,932.9247906197654,2261.729681742044,1779.4165829145727,8901.552998324958,597
6362,5,57.17,1016.0657894736842,2472.2959649122804,2001.6705263157894,8617.953333333333,57
6364,5,57.19,669.890243902439,2280.6170731707316,2452.951219512195,9997.888780487805,41
6367,5,57.32,285.8135638297872,2114.405824468085,1111.1345212765957,4991.920558510638,376
6368,5,57.33,642.1627272727272,3204.6900000000005,1597.763181818182,8124.226818181818,22
6370,5,57.49,2035.7036080178175,3420.042271714922,2601.682917594655,13542.293273942092,449
6372,5,57.59,1518.8314285714284,2479.9885714285715,2565.3497142857145,12044.611714285713,35
6374,5,57.71,10389.9625,8543.069583333334,8444.542083333334,46098.432916666665,24
6381,5,57.94,385.916353221957,4095.823050119331,3407.7269785202866,11801.831651551312,2095
6382,5,57.95,324.71000000000004,3241.9089743589743,2689.662564102564,9705.776923076923,78
6387,5,58.31,1099.2671875,2035.674375,1725.454375,8420.24,32
6388,5,58.39,379.41447257383965,1835.0386497890295,1102.5446835443038,6112.816793248945,237
6394,5,58.5x,647.514,2163.6911999999998,1319.6776,6563.0824,25
6395,5,58.6x,612.6102777777778,1817.0608333333334,1169.1808333333333,5603.351296296297,108
6403,5,59.79,2245.626956521739,1774.9434782608694,1122.821304347826,9800.175,46
6404,5,59.8x,1981.3879953379953,2463.4958916083915,1484.8302331002333,8440.815052447553,1716
6410,5,59.99,752.8274825174825,981.2857575757577,503.313682983683,3551.2074825174827,429
6411,5,60.0x,673.7322727272727,2210.745454545455,2610.7981818181815,12978.268181818183,22
6412,5,60.11,903.0438007380073,4279.692767527676,2069.968634686347,9647.295239852398,271
6415,5,60.21,2089.4249494949495,4046.219696969697,2547.241717171717,15449.761616161615,99
6416,5,60.29,2166.980477441962,3019.77041173894,2792.8374857643453,13909.593723171265,2283
6419,5,60.5x,6406.4665625,6708.96125,5855.070625,31798.4409375,32
6428,5,61.0x,391.4503846153847,1870.436923076923,1519.3596153846154,6293.831153846153,26
6430,5,61.2x,508.8184955752212,1617.8072566371682,738.1561946902655,5341.081415929203,113
6431,5,61.3x,234.37862068965515,1408.9206896551723,721.0593103448276,3978.476896551724,29
6433,5,61.49,562.5996140350878,1363.457649122807,688.4760350877192,5279.231228070175,285
6438,5,62.3x,566.3745054945056,2417.883846153846,1517.3090109890109,7447.571538461539,91
6440,5,62.5x,639.223698630137,1025.4312328767123,625.047397260274,5314.588219178082,73
6443,5,63.1x,641.6278595317726,1314.0779598662207,811.5144481605352,5574.02050167224,299
6444,5,63.2x,427.1132,1454.318,668.8052,4583.9336,25
6445,5,63.3x,562.9886842105263,1811.6673684210527,1033.6334210526315,6276.478947368421,38
6446,5,63.4x,514.0240350877193,2421.8915789473685,1642.1768421052632,7496.790000000001,57
6447,5,63.52,436.9687878787879,1238.020909090909,921.3954545454545,5391.986060606061,33
6452,5,64.0x,606.4992000000001,634.7839666666666,246.78823333333332,2164.9552666666664,300
6454,5,64.2x,266.84983606557375,1556.314262295082,933.068524590164,4355.233770491804,61
6455,5,64.3x,1158.82625,3273.71,2454.4396875,12327.629375,32
6459,5,64.91,299.81,1218.74,952.8739285714286,3853.718928571429,28
6462,5,65.01,1192.4416129032259,2013.9009677419356,1510.954516129032,9671.926774193547,62
6467,5,65.23,819.4803333333333,1922.4966666666667,1169.1346666666666,7790.655,30
6469,5,65.25,1302.927593220339,2129.323593220339,1313.8643813559322,9781.430483050848,1180
6470,5,65.29,874.516835443038,2365.715569620253,1519.498734177215,9366.482278481013,79
6471,5,65.31,1220.9488372093024,2833.4220930232555,1509.7044186046512,11123.645581395349,43
6473,5,65.41,1290.4187499999998,3014.0274596774198,1501.5494758064517,11076.112016129031,248
6474,5,65.49,1073.4634615384616,3932.696346153846,2125.0396153846154,12573.300961538462,52
6477,5,65.61,1049.2464406779661,3967.6332203389834,2341.0137288135593,13825.864915254238,59
6478,5,65.63,1411.0287922705315,3173.7073429951693,1498.358115942029,11998.853333333334,207
6484,5,65.79,805.0591111111112,1300.3095555555556,1089.9993333333334,7290.904222222222,45
6485,5,65.81,887.2773333333333,1306.8303333333336,933.6123333333333,8334.99,30
6490,5,66.01,1034.5252466367713,1342.9650224215247,1176.7575784753362,8275.390986547085,223
6491,5,66.02,948.1871666666667,1543.9413333333332,1210.6093333333333,8826.689416666666,120
6498,5,66.4x,1131.5005874125875,1593.131272727273,1179.5285034965034,8349.988839160838,715
6499,5,66.51,1390.553220338983,2569.559050847458,1806.958372881356,11773.462372881355,295
6500,5,66.61,964.935925925926,1733.9375925925926,1269.2768518518517,8404.882777777777,108
6501,5,66.62,1031.5579858657243,1533.5646289752651,1087.4615783274442,8030.7831448763245,849
6503,5,66.69,823.2515625,1781.2703125,1311.495,8565.3146875,32
6505,5,66.79,730.3226530612244,1699.5322448979591,1122.4008163265305,9213.191224489796,49
6509,5,67.0x,230.8847222222222,1372.0466666666666,761.6138888888889,4413.4319444444445,36
6511,5,67.12,156.47365217391305,2424.6235652173914,633.1479565217392,4595.5707826086955,230
6512,5,67.19,50.422051282051285,1586.2923076923078,715.8148717948718,3638.75358974359,39
6513,5,67.2x,322.64630738522953,1576.709500998004,595.5572654690619,4715.158203592814,501
6514,5,67.32,174.1118327067669,1290.1909022556392,453.6326597744361,3601.3092199248117,1064
6515,5,67.33,370.2779032258064,1589.725806451613,683.6770967741936,4798.956290322581,62
6516,5,67.39,256.60041501976286,1611.0432411067193,489.03284584980236,4215.45928853755,506
6517,5,67.4x,1104.9435849056604,2869.8698113207547,1538.377358490566,10619.940377358489,53
6519,5,67.59,542.3227272727273,1677.7727272727273,1980.8263636363636,6576.316363636363,22
6520,5,67.61,214.84671641791044,1441.4151492537314,798.9491791044776,5220.878507462687,134
6523,5,68.11,72.34653846153846,1021.7003846153846,331.1238461538461,2435.805384615385,26
6524,5,68.12,287.260337995338,1481.2901282051282,557.9082983682983,4382.093228438229,858
6526,5,68.16,332.85,1328.237837837838,518.2891891891892,3956.684054054054,37
6528,5,68.21,503.62911392405067,1149.1616455696203,600.0802742616033,4624.808396624473,474
6530,5,68.23,493.57481675392665,1597.3269633507855,656.4315183246073,5973.9229319371725,191
6532,5,68.25,4864.351333333334,1978.0338333333334,1906.8351666666667,16441.090500000002,60
6533,5,68.29,724.2764428210171,1831.2028210171395,920.0553722955887,7335.222368642877,3559
6534,5,68.31,1462.4637373737373,2693.250606060606,1916.2387878787881,13053.992727272727,99
6535,5,68.39,918.7929166666667,2330.6475,1825.7895833333332,11506.052395833334,96
6537,5,68.41,1989.4885381222432,3453.067422810334,1935.5477000630121,15777.795204788908,1587
6538,5,68.49,1161.9513983739837,3615.8889918699188,2204.368276422764,14030.842959349593,615
6539,5,68.51,1304.2341346153846,3029.455048076923,1802.9933653846153,14767.685673076923,208
6540,5,68.59,832.0859956709957,2692.6515584415583,1589.2215367965368,10744.247705627706,462
6541,5,68.61,3198.9914814814815,6243.2980246913585,3801.706049382716,25640.167283950617,81
6542,5,68.69,2453.9387719298247,6669.235263157894,4434.438771929825,26071.09877192983,57
6545,5,69.01,100.22160188457008,799.5075382803299,474.40110718492343,2450.0305653710247,849
6546,5,69.02,80.5295232236235,844.8729683174408,445.1273608120578,2509.815973546601,3251
6547,5,69.09,137.64919043947572,1565.9249498843485,543.4714803392444,3647.9297764070934,2594
6548,5,69.19,1080.2485185185185,2637.625925925926,1202.7596296296297,10840.645185185185,27
6549,5,69.22,3022.6545569620253,2078.476075949367,1385.2340506329115,12657.695443037974,79
6550,5,69.49,769.8174576271186,992.9764406779661,1223.8701694915253,6970.331694915254,59
6551,5,69.51,127.96053715967624,678.5907652685798,393.3982855040471,2339.910022075055,1359
6552,5,69.52,141.67758426966293,855.783904494382,425.0958146067416,2591.8847471910112,356
6553,5,69.59,114.84846153846154,1124.4287606837609,523.8465384615384,2923.628888888889,234
6555,5,69.91,153.79394366197184,2592.9943661971834,1239.0270422535211,5840.968732394365,71
6559,5,70.0x,64.0122,1506.50055,602.5488,3103.8711,200
6563,5,70.21,85.86973684210527,1885.671052631579,820.3815789473684,3921.1334210526315,38
6567,5,70.33,230.96021505376342,1433.8479569892472,577.5367741935484,4054.878387096774,93
6569,5,70.50,564.2663316582915,2148.517889447236,1244.247135678392,7960.786934673367,199
6570,5,70.51,603.7720408163266,2106.598367346939,932.0363265306122,7342.315102040817,49
6571,5,70.52,456.057619047619,1652.7690476190478,1019.6280952380952,6793.272857142858,21
6574,5,70.71,178.57058219178083,1279.0374315068493,642.1787328767124,4538.831575342466,292
6584,5,71.09,124.77362416107383,1047.9312080536913,690.7007382550336,3224.168322147651,149
6588,5,71.22,113.81012084592146,1124.312598187311,596.5571903323263,3148.1413595166164,331
6590,5,71.24,254.52769230769232,1678.720641025641,739.442564102564,4614.442307692308,78
6591,5,71.29,109.98871165644172,1094.3546012269937,540.7266257668712,2951.359693251534,163
6592,5,71.3x,164.96801369863013,1458.3072945205479,490.3504794520548,3820.189452054795,292
6595,5,71.71,219.15334412081984,1171.0801510248114,551.5984466019418,4065.4962135922333,927
6596,5,71.79,2742.526712328767,1794.6986301369864,1232.6290410958904,10385.481232876713,73
6598,5,72.0x,570.6852173913044,1913.3086956521738,1092.763043478261,8157.296086956521,23
6599,5,72.1x,727.3404166666667,1602.2486111111111,933.5334722222223,7304.414861111111,72
6602,5,72.71,394.7889090909091,1541.2610909090909,738.1218181818182,6058.538727272728,55
6606,5,73.01,185.57637931034483,1481.936551724138,863.6827586206896,5289.152241379311,58
6607,5,73.09,188.4683606557377,1210.2029098360656,605.2284016393443,4143.609754098361,244
6608,5,73.1x,573.2052884615384,1843.6656730769232,913.7694230769231,7212.8858653846155,104
6610,5,73.4x,146.22232258064517,1054.6157903225808,526.1291129032257,3336.766,620
6611,5,73.51,429.92434782608694,1122.6917391304348,713.9852173913043,6284.2447826086955,23
6612,5,73.59,348.7632669322709,1292.3619189907038,696.2525365205843,5209.961142098274,1506
6613,5,73.6x,324.7678044336471,1273.3187913756453,603.5739265107804,5006.755614940784,3293
6614,5,73.8x,105.84633333333332,959.0066666666667,562.9236666666667,2976.8776666666668,150
6618,5,74.1x,719.3915702432371,1333.0116083200728,1353.7367839281656,7701.91824789725,17596
6620,5,74.3x,747.0770689655172,1562.3347844827586,1027.7635344827586,6637.812370689655,232
6624,5,75.0x,108.69975694444445,930.5547800925925,836.9582870370369,3446.015046296296,864
6626,5,75.34,51.47218181818182,985.3345454545455,188.89309090909092,2037.1129090909092,55
6627,5,75.35,429.5996153846154,1274.4038461538462,751.8603846153845,4950.254230769231,26
6629,5,75.4x,171.73866141732285,1354.0655118110237,695.7934645669292,4667.866692913385,127
6631,5,75.51,303.24620967741936,1172.8364516129031,640.2333870967742,5268.6174193548395,124
6634,5,75.69,286.89324512074097,1166.7492209725438,570.9724495534238,4852.967772080714,6046
6638,5,75.92,195.3067213114754,1741.6560655737705,638.8908196721311,6227.632950819672,61
6639,5,75.99,185.11380952380952,798.5666666666667,668.4252380952381,2776.6209523809525,21
6642,5,76.2x,626.195,1585.43421875,844.696875,6435.69953125,64
6650,5,76.76,13135.350952380952,3657.836666666667,5180.198095238095,32827.19714285714,21
6671,5,77.28,4677.103478260869,2050.654347826087,1579.7743478260868,13691.261304347827,23
6672,5,77.29,459.71,2008.648275862069,2214.7172413793105,8956.325862068967,29
6681,5,77.59,443.86857142857144,1371.285,996.7330952380953,5378.087142857143,42
6689,5,77.67,2389.688076923077,2568.6150000000002,2994.212307692308,14127.842692307691,26
6690,5,77.68,851.9247692307692,1813.6167692307693,952.6572307692308,7186.93323076923,65
6691,5,77.69,1179.193319148936,1939.5270212765956,1509.5222553191488,8648.517531914893,235
6719,5,78.17,13471.682424242425,3846.4,6355.09,40631.294848484846,33
6727,5,78.49,6646.389047619048,3016.720714285714,2852.2854761904764,20443.845952380954,42
6728,5,78.51,12524.506153846154,4078.6776923076923,5595.216153846153,32457.511384615387,65
6729,5,78.52,6835.971282051282,2414.8892307692304,2289.725641025641,18771.368974358975,39
6730,5,78.53,4723.2403125,1768.646875,2292.3334375,14898.708125,32
6732,5,78.55,10506.64119047619,3532.5369047619047,4797.409404761905,31877.62083333333,84
6734,5,78.57,9233.669142857143,2869.4122857142856,4578.107142857143,29290.725714285716,70
6736,5,78.59,8526.787592592593,2193.910185185185,3335.671851851852,22125.366388888888,108
6738,5,78.61,575.085890985325,1238.9230398322852,937.61071278826,5708.644412997903,954
6739,5,78.62,589.1512040133779,1251.56364548495,992.539347826087,5934.86847826087,598
6740,5,78.63,480.7117381489842,1214.033724604966,893.1185214446953,5477.001433408577,886
6741,5,78.64,395.9546153846154,1135.164023668639,718.0160946745563,4786.1033136094675,169
6742,5,78.65,841.2427322404371,1376.4913479052823,1337.6375409836066,7395.824444444444,549
6743,5,78.66,465.24527675276755,1293.000221402214,941.9831180811808,5686.4166420664205,542
6744,5,78.67,553.1646646185357,1247.9786431131593,1035.2518689196108,6249.624546850999,1953
6745,5,78.68,459.82118568232664,1159.3693959731543,929.2798434004475,5657.475011185683,447
6746,5,78.69,739.6790420332356,1342.316412512219,1480.639433040078,7390.647262952102,1023
6754,5,79.01,151.5764705882353,2039.1182352941178,1169.935,6213.301764705882,34
6755,5,79.02,226.9518025751073,1381.685407725322,770.3341630901289,4216.819399141631,233
6758,5,79.05,3325.0600000000004,4324.414642857143,2965.3942857142856,16039.124285714288,28
6759,5,79.06,1189.7324528301888,2200.6849056603774,1888.283962264151,9653.469811320756,53
6762,5,79.09,235.63516666666666,3161.6816666666664,2962.5525,11121.330666666667,60
6763,5,79.11,6923.475324675324,2302.0933766233766,1945.314935064935,16293.42753246753,77
6764,5,79.12,7022.717843137255,1746.7858823529411,1700.808431372549,15811.050784313726,51
6765,5,79.13,1434.4946153846154,1709.966153846154,1434.2130769230769,8202.393461538462,26
6766,5,79.14,930.652380952381,1298.4638095238097,1918.6440476190478,8065.594285714286,42
6767,5,79.15,11662.424372469635,4278.626113360324,3686.0406153846156,28936.963943319835,1235
6768,5,79.16,12210.599521739132,2807.573086956522,3661.3365652173916,27125.575434782608,230
6769,5,79.17,6527.584,2301.33925,2603.19625,16645.148250000002,40
6771,5,79.19,9752.576206896552,2606.2424137931034,2555.415172413793,22313.900862068964,58
6772,5,79.21,7744.643599999999,2275.364,2414.5236,18751.8812,25
6773,5,79.22,7642.7519999999995,2072.52,1952.3024000000003,17065.398,25
6777,5,79.26,9715.676363636363,2447.097272727273,3446.190909090909,25183.912727272727,55
6780,5,79.29,7245.10590909091,2563.5054545454545,2367.5445454545456,18903.192272727272,22
6782,5,79.31,9262.2711891516,2702.679930458971,2823.5677816411685,23146.486752433935,1438
6783,5,79.32,8724.941138032305,2325.7508149779733,2593.652812041116,20879.421461086637,1362
6784,5,79.33,5281.337003610109,1738.6633574007221,2004.5010469314082,14798.770397111914,277
6785,5,79.34,1913.5489705882353,1351.0382352941176,1756.5250588235294,9976.662,340
6786,5,79.35,12669.197244582043,4219.5693730650155,4470.265425696594,33821.57109907121,1292
6787,5,79.36,11074.39380006847,2886.7146559397465,3795.011554262239,28257.247052379324,2921
6788,5,79.37,7932.448806451613,2274.7310322580647,3275.7157258064517,22441.290806451612,620
6789,5,79.38,3499.7517,1816.4378,2891.5546000000004,14355.4067,100
6790,5,79.39,9459.175784267547,3258.722835609986,3776.3681535562882,25377.293735280266,2123
6794,5,79.60,3307.5047999999997,1927.6445333333334,2946.566933333333,14706.921466666668,75
6798,5,79.64,416.60487179487177,1020.1691794871795,1560.1524102564101,6070.069230769231,195
6800,5,79.66,5777.8710909090905,2255.3374545454544,3515.6676363636366,18094.025636363636,55
6801,5,79.67,1088.174,1616.8756,2752.0004,11216.9916,25
6802,5,79.68,333.7748888888889,1389.1137777777778,2407.0155555555557,7170.820888888889,45
6805,5,79.71,389.57585714285716,1566.2202857142856,775.0624285714287,4126.036571428572,70
6808,5,79.75,218.17076923076925,1505.5515384615387,1016.0476923076923,4854.440384615385,26
6814,5,79.81,7913.197634408602,2334.877204301075,2570.0754838709677,19939.11064516129,93
6821,5,79.88,4113.596666666666,2386.724761904762,2448.4533333333334,23475.653333333335,21
6822,5,79.89,18486.924827586205,3938.1606896551725,4305.382068965518,36807.87482758621,58
6833,5,80.16,1511.3552577319588,1912.568556701031,1689.0917525773195,10039.078041237113,97
6835,5,80.20,4097.911,1554.6833333333334,1803.834,13113.196333333333,30
6837,5,80.26,3609.858735632184,1531.078620689655,2208.580344827586,14802.015402298852,87
6842,5,80.41,1039.0354901960784,1619.2329411764706,1045.7388235294118,8183.796274509804,51
6847,5,80.46,243.18725,2494.8195,1297.9895000000001,8346.628999999999,40
6851,5,80.51,9541.486812570145,3226.180830527497,2597.6710101010103,25246.675937149274,891
6852,5,80.52,955.3776666666668,2061.3775,672.3398333333333,7448.7975,60
6853,5,80.59,1434.4011298076923,2233.8027403846154,994.1186538461538,8257.957548076924,416
6854,5,80.6x,2332.9247774480714,2229.86765578635,1706.769347181009,14665.866943620178,337
6856,5,80.71,3981.761875,2719.9365625,1888.8153125000001,16433.5315625,32
6861,5,80.76,2160.334680851064,2192.612,1648.4272765957446,12195.609957446808,235
6867,5,80.82,446.9190243902439,2127.973902439024,1617.8231707317073,7837.353414634146,41
6869,5,80.84,378.24375000000003,1886.3533333333332,1420.087083333333,7973.136666666666,24
6871,5,80.86,2217.6907042253524,2099.154084507042,1771.6519718309858,12190.143802816901,71
6872,5,80.87,1312.22875,2770.1859375,2002.7771874999999,12998.481875,32
6873,5,80.88,929.907142857143,2063.673928571429,1987.145,9892.512499999999,28
6883,5,81.02,19737.069166666664,5565.991,3684.4828333333335,44968.471,60
6886,5,81.05,27212.223870967744,4881.762258064517,3630.4293548387095,48061.11532258064,62
6888,5,81.07,25144.283894736844,5001.925578947368,4094.098315789474,47869.68810526316,95
6889,5,81.08,20684.20170103093,4704.757474226804,4210.900902061856,47318.51298969072,388
6908,5,81.45,17958.96981981982,3202.1115315315315,3360.554414414414,39460.84423423423,111
6909,5,81.46,6072.741578947368,2924.6205263157894,3653.9192105263155,22427.86947368421,38
6910,5,81.47,3774.862248394004,1869.4110920770877,1457.4916916488223,13458.605117773019,467
6912,5,81.51,21796.6683402147,3679.2841948802643,3499.580677126342,41320.75809248555,1211
6913,5,81.52,17008.88022619048,4501.738035714286,4429.050130952381,37482.11727380953,840
6915,5,81.54,19412.72218152866,3686.3587579617833,3379.734601910828,39972.42383757962,628
6918,5,81.65,10018.782926459438,3345.340902198636,1674.2943517816527,19217.44661106899,1319
6919,5,81.66,15476.190719225451,3217.9402627939144,1910.8100691562931,25910.94748271093,1446
6924,5,81.81,22289.510689655173,4043.127931034483,4057.753103448276,44493.75206896552,29
6926,5,81.83,9446.61150877193,2325.4361403508774,2429.956456140351,26638.620631578946,285
6929,5,81.91,100.67275316455697,1592.934161392405,1279.3413924050633,5972.865205696203,632
6930,5,81.92,79.57559062218215,1935.051226330027,1381.990144274121,6559.499684400361,1109
6931,5,81.93,3526.3641666666667,1636.1491666666668,2028.4708333333335,12033.392083333332,24
6932,5,81.94,3637.817666666667,2055.0633333333335,2291.303,20880.366666666665,30
6934,5,81.96,5097.915357142857,2503.567857142857,2600.399642857143,21653.241071428572,28
6937,5,82.01,169.61138211382115,1091.3962601626015,485.24560975609756,3389.7573170731707,123
6939,5,82.09,198.81333333333336,1270.645,773.5033333333334,3992.3925,24
6943,5,82.21,208.92030927835052,1266.6426804123712,464.87273195876287,3441.919536082474,194
6945,5,82.29,299.2395555555555,1617.659111111111,684.0588888888889,5053.987777777778,45
6948,5,82.36,541.0189759036144,1238.5852409638553,1969.8267469879518,7000.818192771085,166
6953,5,82.44,603.3301694915255,1113.9622033898306,1340.1870338983051,6103.164237288136,118
6954,5,82.45,476.66499999999996,1089.3025,1072.1821341463415,5523.9104268292685,328
6955,5,82.46,227.17260869565217,1115.8739130434783,1089.606956521739,4445.830869565218,23
6964,5,82.91,248.13857142857142,1171.9017857142858,704.3210714285715,5340.576428571428,28
6967,5,83.01,172.1609708737864,982.4552427184466,553.203786407767,3330.592621359223,103
6968,5,83.02,532.7768888888888,2041.5522222222223,2182.231111111111,8497.224222222223,45
6969,5,83.09,288.82,1645.599010989011,1434.9815384615383,6113.962197802199,91
6975,5,83.29,1590.3437572254336,1613.3939306358384,2313.1426011560693,10660.528265895953,173
6976,5,83.31,211.893672922252,1279.6315549597855,440.9808579088472,3566.378069705094,373
6977,5,83.32,465.5444642857143,1864.2570833333334,891.6399404761905,5889.615297619048,168
6978,5,83.39,382.851904047976,1654.137136431784,828.106011994003,5480.019775112443,667
6981,5,83.45,819.9822043010753,1548.1628494623656,2398.8840860215055,8695.032741935484,186
6984,5,83.64,1175.23344,1276.51892,1854.45236,8173.8135999999995,250
6985,5,83.65,1078.458762886598,1656.5061855670103,1889.7082474226806,8376.635773195876,97
6995,5,83.88,2682.0309638554218,1456.5053012048193,1722.3024096385543,12576.608072289157,83
6997,5,83.91,62.59320265379976,1415.6598371531966,1098.3303015681543,6354.186839565741,1658
7000,5,83.98,59.494897959183675,2010.6357142857141,1278.9867346938775,7861.911632653061,49
7001,5,84.01,337.2478181818182,1317.3987272727272,1123.3870000000002,5730.158181818182,110
7008,5,84.11,763.594,3657.0373846153843,3446.9426153846157,13819.946615384615,65
7010,5,84.15,2404.671935483871,6258.603225806452,7256.010322580645,26306.190645161292,31
7012,5,84.17,6244.39238095238,9800.475714285714,10590.53380952381,45937.50571428571,21
7018,5,84.3x,289.3496202531645,1116.6520253164556,1467.8687341772152,5292.097721518987,79
7020,5,84.55,4251.162,1513.3496,1793.3092,15424.281200000001,25
7027,5,84.82,25898.916324786325,4732.697863247863,4580.707094017094,47450.646410256406,117
7030,5,85.0x,254.62653543307087,1336.425118110236,1343.4766141732284,5073.802519685039,127
7031,5,85.11,849.7320535714287,3524.039017857143,826.8426785714286,6858.381160714285,112
7032,5,85.12,391.5635714285714,2590.2321428571427,1039.4807142857144,7538.3304761904765,42
7035,5,85.21,2077.4272470467386,1692.0489214175655,374.2277041602465,5831.048731381613,1947
7036,5,85.22,599.2085714285715,3259.4904761904763,1162.6085714285714,8680.072857142857,21
7037,5,85.23,657.399872611465,1901.1498089171976,748.0821656050955,5446.429554140128,157
7038,5,85.24,629.352463768116,1577.3195652173913,752.0795652173913,5806.007246376812,69
7042,5,85.41,1202.8842857142859,3827.3582142857144,1811.1939285714286,11380.795714285716,28
7044,5,85.43,1945.0324324324324,5567.751081081081,2820.146587837838,17290.214493243246,296
7045,5,85.45,1877.3073076923076,5450.08076923077,2795.8715384615384,16675.23423076923,26
7051,5,85.91,194.4674074074074,1438.351851851852,940.2525925925926,4352.645925925926,27
7055,5,86.01,269.78206349206346,1934.601798941799,1724.4066666666665,6484.551534391534,189
7057,5,86.04,820.0195463510847,1987.6949112426034,2170.0847140039446,8131.052228796844,507
7058,5,86.05,306.8931818181818,1401.021590909091,774.9484090909092,4347.806363636364,44
7059,5,86.06,396.3800505050505,4323.878787878788,2063.623181818182,8750.876666666667,198
7060,5,86.07,5751.2289743589745,4120.870512820513,5031.095384615384,18308.279487179487,39
7061,5,86.09,586.5368085106383,1624.7453191489362,1572.7789361702128,7152.938936170213,47
7062,5,86.11,276.53588235294114,2362.183647058823,1025.7049411764706,5813.9667058823525,85
7064,5,86.21,367.7052380952381,1584.6714285714286,809.4619047619047,5654.055238095239,21
7065,5,86.22,669.4334403669725,2204.3228058103973,2228.6442889908258,8864.434495412845,1308
7066,5,86.23,69.56625,1035.65046875,748.1903125,3523.44890625,64
7068,5,86.27,165.442,1375.0044,1209.422,5013.358,25
7069,5,86.28,299.8167019027484,2118.5823308668078,1750.871088794926,6863.513657505286,1892
7070,5,86.3x,213.13513254551262,1512.1321973810284,449.7947780261897,3798.0668412647715,3131
7071,5,86.4x,346.6503409090909,1761.3617045454544,608.2130681818181,4744.090909090909,88
7073,5,86.59,253.13841334418225,2493.149788445891,2224.4111310008134,7648.55788445891,1229
7080,5,86.69,4518.020361445783,2668.317108433735,4464.306024096386,26504.810722891565,83
7081,5,86.70,1065.2902702702702,1965.5351351351353,2883.3902702702703,14536.585405405407,37
7084,5,86.73,1038.393043478261,1639.2108695652173,2879.3195652173918,13304.292173913042,23
7085,5,86.74,1625.151129032258,2327.999193548387,4026.868064516129,17226.19387096774,62
7086,5,86.75,443.334375,1624.2109583333333,1712.4092916666666,6850.15575,240
7087,5,86.83,339.21799999999996,1150.3852857142858,496.67014285714293,3436.155,70
7092,5,86.89,757.5587074829932,1223.0185034013605,1500.7750340136054,6560.301292517007,147
7096,5,86.99,195.8169696969697,1023.9578787878788,623.3972727272727,3302.46696969697,33
7097,5,87.03,148.0079658792651,2839.204461942257,1778.823346456693,5990.8562467191605,762
7104,5,87.41,143.22989911727618,2536.1719924337954,1654.7883858764185,5775.801034047919,793
7105,5,87.44,91.43668316831683,874.1026732673267,798.4241584158416,3163.970792079208,202
7117,5,87.83,29.6265,609.3725000000001,115.87250000000002,1052.2292499999999,40
7120,5,88.01,167.77338129496403,2613.801438848921,1999.5258992805755,5778.29964028777,139
7127,5,88.38,110.88666666666667,2015.9825641025643,1261.7384615384617,4688.595128205128,39
7129,5,88.41,2851.151920558708,3383.4490048013968,3403.5416892186818,15331.347533828024,2291
7130,5,88.42,6745.366022727272,3448.560909090909,3528.00125,19286.419318181815,88
7133,5,88.45,5707.037307692308,3296.3096153846154,2427.041923076923,15930.788846153846,26
7134,5,88.47,4916.1123913043475,5203.942608695652,4325.17847826087,22653.591956521737,46
7135,5,88.48,9713.297575757577,3858.0775757575757,4512.391212121212,24598.886363636364,33
7137,5,88.50,1403.12535,2391.23025,2886.51235,11648.49835,200
7140,5,88.55,1462.0503647172238,2793.825081940874,1698.6976028277636,9695.168274421594,6224
7141,5,88.56,1687.1607724425887,2886.762317327766,2049.4522964509397,10872.736597077244,479
7142,5,88.57,1859.9672767857144,2551.9359375,1568.8625744047617,9800.964032738095,672
7146,5,88.66,1816.6926666666666,2480.4649999999997,1798.6533333333332,9407.766333333333,30
7148,5,88.71,57.84209090909091,2791.5476363636362,1209.461,5056.930090909092,110
7149,5,88.72,73.47080357142856,2082.214285714286,1459.7536607142858,5267.774553571428,112
7151,5,88.74,121.10142857142857,3902.543428571428,2156.306,7677.016571428572,35
7153,5,88.76,77.57445544554456,1338.5270297029704,1214.0930693069306,3559.461881188119,101
7154,5,88.77,87.84206896551724,2408.750344827586,1870.0231034482758,5881.0879310344835,29
7157,5,88.91,81.14651315789474,2617.1278947368423,2065.5896710526317,6194.54625,152
7162,5,88.97,139.6478260869565,3389.4826086956523,1653.2034782608696,6364.396086956521,23
7164,5,89.09,37.825714285714284,2352.5428571428574,629.9938095238094,3704.7909523809526,21
7167,5,89.14,67.49938271604938,2821.773703703704,774.4740740740741,4553.535679012346,81
7170,5,89.19,78.18909090909091,2298.9151136363635,644.9948863636364,4098.601818181818,88
7175,5,89.34,110.60193548387096,2023.2087096774194,1104.2270967741936,4804.0161290322585,31
7176,5,89.37,95.83801953818828,2355.733401420959,1603.2370337477796,5654.960896980461,1126
7178,5,89.50,143.5455676855895,2637.549344978166,1562.6764628820963,5849.30307860262,458
7179,5,89.52,77.51286821705426,2057.5132945736436,1108.577984496124,4275.03523255814,258
7180,5,89.54,146.478743697479,2378.9491428571428,1611.774369747899,6405.113764705882,2380
7182,5,89.60,53.59703539823009,2060.32407079646,911.1703097345132,4818.962079646018,226
7183,5,89.61,127.79199999999999,2497.3300000000004,1381.1418461538462,5935.089999999999,130
7186,5,89.65,176.60900763358777,1778.4706870229006,738.8404580152671,5927.294071246819,393
7189,5,89.7x,65.548,2264.0879999999997,328.80120000000005,4102.0188,25
7193,5,90.6x,544.9186363636364,2341.9409090909094,1286.5404545454546,6558.545454545455,22
7198,5,92.24,836.8344224422442,4860.986881188119,3060.6479042904293,31765.344719471945,606
7201,5,92.29,1090.7356666666667,3176.92,4139.482,24425.818333333336,30
7202,5,92.31,617.4792307692308,4037.807085020243,3217.444939271255,32429.602510121458,247
7203,5,92.32,792.545,2565.113043478261,5836.243260869565,28742.710434782606,46
7204,5,93.01,121.55761467889909,2208.237614678899,2276.21752293578,8125.284036697248,109
7207,5,93.11,852.6573333333333,2902.1966666666663,3448.3736666666664,16827.184,30
7212,5,93.16,1781.0002439024388,2156.9756097560976,1526.8119512195121,12212.183170731707,41
7214,5,93.18,239.20029197080294,2844.75,2100.3120437956204,7169.790437956205,274
7215,5,93.19,142.2876811594203,1917.5710144927536,1556.258115942029,10879.10608695652,69
7218,5,93.26,78.69443243243244,1599.0916756756758,1805.8135135135135,8671.004594594595,185
7221,5,93.35,232.95822018937568,1760.0472251645,1369.9138356604076,5821.580913176055,6231
7222,5,93.38,583.2518372093024,2873.3087906976743,3027.204279069768,16511.842488372095,430
7223,5,93.39,131.19609118657002,1573.2751507058374,1289.3875352918733,5219.294647081267,5242
7225,5,93.42,68.91100719424462,1461.6703597122303,578.8953956834533,5102.738273381295,139
7226,5,93.44,2121.289262295082,3129.842663934426,2407.373319672131,13120.39393442623,244
7227,5,93.46,374.93463414634147,2539.353048780488,1319.1759756097563,7052.402804878049,164
7228,5,93.52,266.6544,3221.3559999999998,1260.9496,6611.7212,25
7229,5,93.53,262.0619691119691,2035.7845559845557,1133.30861003861,5201.3446718146715,259
7230,5,93.54,316.92417604235607,1744.7547054930508,1121.850231634679,5198.143838517538,1511
7231,5,93.56,660.2984955752213,2163.016814159292,1365.4582300884956,6355.19185840708,113
7234,5,93.59,340.97633333333334,2568.0133333333333,2343.3823333333335,8762.726333333332,30
7236,5,93.62,35.71076923076923,2068.2115384615386,2147.033076923077,7985.6038461538465,26
7238,5,93.67,283.21443548387094,2279.6782258064513,841.4448387096775,6527.978225806452,124
7241,5,93.89,92.03268707482994,1805.9551020408162,2114.2516326530613,8818.054251700682,294
7242,5,93.90,590.6897630922693,4095.054389027431,3842.425199501247,13323.626673316709,4010
7245,5,93.94,102.16451054852321,1005.0394177215189,1077.4072763713082,3536.750611814346,4740
7246,5,93.95,89.1395918367347,1551.4204081632654,2549.631836734694,11279.432653061223,49
7247,5,93.96,200.66154972544234,2506.2990929428515,2113.042652023592,6726.954287166972,4917
7248,5,93.98,601.1671621621622,4190.732162162162,2332.3004054054054,11207.647567567568,74
7253,5,94.27,485.66037383177576,2073.856074766355,1292.7317757009346,13002.950654205608,107
7254,5,94.29,161.87137931034482,2614.4379310344825,5869.6968965517235,19414.37724137931,29
7256,5,94.39,119.43529411764706,1652.9117647058824,1811.3382352941176,9890.856764705883,34
7257,5,95.01,42.09310344827586,1401.686551724138,434.8737931034483,2653.9920689655173,29
7271,5,96.04,1468.6176686390531,5713.58872781065,6631.268372781065,21439.863828402365,1690
7274,5,96.07,240.34487234042552,3381.7454468085107,3051.4105319148935,9689.113042553192,470
7284,5,96.33,86.65463963963963,1117.4122522522523,252.78972972972971,3410.813018018018,222
7285,5,96.34,232.82655172413794,1953.874827586207,484.1655172413793,5389.509655172414,29
7286,5,96.35,777.6790909090909,5500.380727272727,6501.801454545455,21377.737636363636,55
7287,5,96.37,106.5334899328859,1709.1108724832213,2050.8529530201345,5783.170469798658,149
7289,5,96.39,192.32044715447157,2973.5903658536586,2832.5510975609754,8125.066463414634,246
7292,5,96.44,82.16269230769231,2937.269230769231,2285.27,7840.874615384615,26
7296,5,96.51,38.281505376344086,1311.074193548387,468.95075268817203,2699.330752688172,93
7300,5,96.56,724.2725242718448,3590.783009708738,3131.5469902912623,10635.125242718446,103
7303,5,96.6x,872.5209677419356,4602.777741935483,5790.947096774194,15741.550645161291,31
7304,5,96.71,1341.6375371900826,4565.362192837466,4108.203228650138,14677.377074380165,1815
7305,5,96.72,3261.2707773584907,11712.482249056604,13825.39436981132,46658.28139622642,1325
7315,5,97.37,823.8885185185185,4813.49037037037,4967.400740740741,20714.39111111111,27
7319,5,97.55,59.567466666666675,1080.4509333333333,310.04906666666665,2121.1389333333336,75
7323,5,97.62,82.99240748802787,758.0606486721812,337.0222507618633,2035.1344623421855,2297
7324,5,97.64,54.199999999999996,1409.5389285714284,1169.6596428571427,4070.1632142857147,28
7325,5,97.71,218.37366762177652,1250.7443982808022,489.22232091690546,3631.8746275071635,698
7331,5,97.89,340.2692307692308,1581.568717948718,685.6392307692307,4430.089230769231,39
7333,5,98.02,334.44597883597885,1416.3650793650793,755.9492592592593,4077.767566137566,189
7334,5,98.03,393.6204347826087,2359.99,1304.3734782608697,6390.603478260869,23
7337,5,98.11,165.7176595744681,1179.6885106382979,764.4831914893617,3295.7187234042553,47
7338,5,98.12,163.38272727272727,883.1563636363636,400.8466666666667,2399.1251515151516,33
7341,5,98.15,337.3421590909091,3431.784090909091,2365.215568181818,9162.55431818182,88
7342,5,98.16,343.2149019607843,1155.2490196078431,544.6705882352941,3970.6613725490197,51
7347,5,98.22,41.89096153846154,896.4509615384615,434.2123076923077,2192.325384615385,52
7354,5,98.51,36.165803908124786,1297.6246657524855,597.0524477202605,3363.289948577305,2917
7359,5,99.03,164.95580165289255,2554.9200991735534,1972.6201983471074,8659.552429752066,605
7360,5,99.04,185.8952711111111,2630.7486044444445,1644.1796622222223,8551.008995555554,1125
7361,5,99.05,232.63047619047617,2582.7595238095237,2181.4557142857143,10699.320952380953,42
7363,5,99.07,271.49585585585584,3381.0337837837837,2373.5216216216218,10604.56054054054,111
7365,5,99.10,1055.2213569937371,4426.420605427976,6977.083152400835,16522.463475991648,958
7367,5,99.14,100.4625925925926,1849.5703703703705,1612.8477777777778,9579.65074074074,27
7368,5,99.15,219.2630681818182,2137.401363636364,2125.0951136363637,6170.428522727272,88
7370,5,99.17,142.15209337349398,2497.6624849397595,1395.9614156626506,5631.856506024097,664
7371,5,99.18,14.372222222222222,501.72222222222223,517.6664444444444,1562.823111111111,45
7374,5,99.21,179.95792270531402,1285.3459903381643,1041.7359516908211,3949.1852946859904,1035
7376,5,99.23,100.47741379310344,826.3213793103448,871.4272413793103,2371.4501724137926,58
7378,5,99.25,265.97937065253393,1900.1628105332893,2672.8204496522026,6238.100082808876,12076
7380,5,99.27,107.35000000000001,1578.9754098360656,1151.2821311475411,5208.180327868852,61
7381,5,99.28,120.59518611459642,1683.2213048933502,1617.9638143036386,4429.168335424509,2391
7382,5,99.29,101.03840336134454,2484.024369747899,1431.3667787114846,6185.583529411764,357
7383,5,99.60,328.2751117318436,3245.3076256983236,2412.2490223463687,9104.71717877095,358
7385,5,99.62,521.1083673469388,4302.624285714286,2612.9367346938775,10386.482653061224,49
7386,5,99.63,411.14399999999995,3375.2207499999995,2239.8775,8516.591,40
7387,5,99.79,877.3557142857143,1650.4257142857143,561.9668571428572,6228.974571428571,35
7389,5,99.82,445.240670995671,1476.9633766233765,1581.8643073593075,5802.986558441558,462
7390,5,99.83,98.0925353470437,1625.2818894601544,339.19605077120826,4656.861603470437,3112
7391,5,99.85,106.81981549815498,1565.3860885608856,1528.6246986469866,6504.545018450184,813
7394,5,99.92,95.02682264258284,1586.2108238515148,1377.0791537476887,6372.987703740578,28124
7397,5,99.99,223.19,3970.557142857143,1717.0685714285714,9942.808095238095,21
7398,6,,163.03275209565098,2751.9282506215,1760.3671685653487,6971.501605611971,441271
7401,6,00.09,253.57854026845638,2306.1589093959733,956.2144798657718,10536.85399328859,596
7405,6,00.13,241.02987012987012,4923.748831168831,4970.462467532468,13436.278181818183,77
7408,6,00.18,153.39556547619048,2160.9469345238094,2890.3054166666666,6453.2163988095235,336
7412,6,00.24,14896.72746031746,3681.5979365079365,1823.7715873015873,26934.086507936507,63
7416,6,00.50,82184.54615384617,7291.822307692308,4589.584230769231,99508.35038461538,26
7417,6,00.51,98479.17125,10240.625875,6105.64,159662.247875,80
7420,6,00.55,27369.245925925927,4990.975925925926,6153.445555555555,51346.445185185185,27
7421,6,00.59,11649.162797202798,2948.302167832168,1743.0198601398602,25797.83923076923,143
7423,6,00.61,30699.739166666666,6555.814,5929.441722222222,76168.64644444444,180
7424,6,00.62,44352.79518518518,9111.283518518518,10275.640925925925,95555.42444444445,108
7425,6,00.63,50913.04017595308,7304.426568914956,5645.58431085044,78021.91806451613,341
7426,6,00.64,38358.37930327869,6538.5975,5339.044426229509,63672.35881147541,244
7427,6,00.65,67494.86419047619,9106.797428571428,8601.160761904763,105640.37485714286,105
7428,6,00.66,15576.462440711462,4956.903774703557,3318.378695652174,34241.50983695652,2024
7430,6,00.68,789.4901818181818,12631.326909090909,7585.016909090909,31365.06909090909,55
7432,6,00.70,40353.39975903615,6942.3608433734935,5850.198072289157,77452.24060240964,83
7434,6,00.72,29450.683703703704,8489.491481481482,7110.015185185185,65799.2437037037,27
7436,6,00.80,46906.70321428571,5064.5542857142855,5337.460714285714,81349.38857142857,28
7440,6,00.84,25845.705217391303,4750.7008695652175,2746.892608695652,45787.77260869565,23
7441,6,00.85,21357.140266666665,5047.7644,2760.344266666667,41410.27106666667,75
7443,6,01.09,9361.6534375,13920.308437500002,18862.111041666667,60772.96208333334,96
7444,6,01.10,1178.4612,7478.2731,10752.4382,27859.0507,100
7451,6,01.24,17762.30229965157,14116.184355400697,18073.419036004645,77623.79106852497,861
7452,6,01.25,5693.0125,4880.171,5680.58675,27663.569,40
7453,6,01.31,9970.15861456483,8510.789857904087,10948.846936056838,46663.700790408526,1126
7454,6,01.39,18152.261717663423,15798.384687065369,22479.159019471488,89782.67353963839,1438
7456,6,01.51,21499.620782608697,10569.76652173913,11399.225739130434,68397.77013043479,230
7458,6,01.59,16018.654082592788,12031.197412441192,12817.690052273916,73219.98267642446,1913
7459,6,01.6x,4725.860884955752,3560.4224778761063,2719.89610619469,18740.409026548674,113
7461,6,02.02,12780.000731707318,5825.289268292682,6834.269268292683,38547.942195121956,41
7462,6,02.03,15775.289375,6415.6671875,6699.0478125,45732.31,32
7464,6,02.05,24674.697771739127,5749.412336956522,8618.879945652174,62717.84722826087,184
7465,6,02.06,16011.737902097902,5229.216573426574,6131.812587412587,41722.98832167832,143
7467,6,02.12,7905.305652173913,6299.53652173913,8896.076304347825,44684.97521739131,46
7469,6,02.21,10037.060983606558,15276.504262295082,16425.492295081967,64216.56475409836,61
7470,6,02.22,11069.09192982456,9853.08350877193,14738.047894736841,55816.53929824562,57
7471,6,02.34,25674.093759398496,10212.550977443609,16962.254060150375,91579.12819548872,133
7474,6,02.93,205142.54630434784,5760.607391304348,3253.015326086956,233803.48260869563,92
7475,6,02.94,12696.0703125,9409.46875,4562.4925,34045.050937500004,32
7477,6,03.01,16480.2900990099,8779.48702970297,6466.1320792079205,48298.96792079208,101
7478,6,03.09,25606.637759815243,6946.197413394919,5808.048175519631,59148.03321016166,433
7480,6,03.31,497.8934094754653,5786.620160744501,3651.3313494077834,14510.960007050198,7092
7483,6,03.4x,22204.709625,9668.2,8170.063958333334,65495.48779166667,240
7486,6,03.53,30034.04882513661,6168.195703551913,6355.044760928961,57670.155075136616,1464
7488,6,03.6x,2000.2693684210526,4336.268578947369,1014.8963684210527,19636.988684210526,190
7489,6,03.71,19726.736190476193,10079.03619047619,11568.977142857142,89641.99047619048,21
7491,6,03.90,397.6215228426396,3659.421116751269,1558.778375634518,9567.444822335025,197
7492,6,03.91,817.9836141304348,3147.505072463768,1378.4724999999999,9440.794420289854,1104
7493,6,03.92,362.70691652470185,2404.8020783645657,6684.738483816014,13423.826967632027,587
7496,6,04.01,24999.814000000002,13681.347666666667,12816.032666666666,78153.02,30
7497,6,04.02,9545.525344827585,2897.479195402299,1936.6033333333332,21042.354540229884,174
7498,6,04.03,3893.531847826087,2224.6129347826086,2296.2584782608697,17610.8825,92
7499,6,04.04,3133.2118867924532,2677.0535849056605,2035.7447169811321,14544.216037735849,53
7500,6,04.07,3182.023832335329,4058.2638922155684,2481.600958083832,17798.47880239521,167
7503,6,04.2x,1613.7319,3726.83046,1360.99416,13031.31848,500
7504,6,04.3x,2676.6794375,1394.22325,2267.9118125,13554.605,160
7505,6,04.41,12149.2385,4139.602107142858,3255.0929285714287,32280.743964285717,280
7506,6,04.42,12097.354180327868,4507.818032786885,3880.128989071038,37690.99420765028,366
7507,6,04.43,1185.662966101695,1975.0571186440677,1225.8136440677968,9218.873305084746,118
7508,6,04.49,1200.2947293814432,2413.3606701030926,1484.825219072165,11151.68493556701,776
7510,6,04.6x,2078.885517241379,2282.4137931034484,1472.2103448275861,12501.867931034481,29
7511,6,04.74,2076.1241379310345,1387.426551724138,2901.001810344828,16119.527413793103,116
7513,6,04.80,80.2515,2609.445,844.9592500000001,7717.705749999999,40
7514,6,04.81,217.1639814814815,2561.9535,1751.0165308641974,9136.580401234567,3240
7515,6,04.89,80.71138888888889,1537.8827777777778,1162.0330555555556,7797.036666666667,36
7517,6,04.99,1364.0479411764704,3958.9073529411767,1770.826176470588,11930.551323529411,68
7518,6,05.0x,1383.6926490066226,1792.8192052980132,1143.6547682119206,12461.375894039735,151
7520,6,05.29,1696.4261904761904,2266.1666666666665,1166.169523809524,12612.56380952381,21
7521,6,05.31,218.0423076923077,3210.017378917379,1331.122905982906,9781.756125356125,351
7525,6,06.09,2272.211475409836,3483.524754098361,3179.097213114754,14587.614426229507,61
7526,6,06.11,624.463125,3838.586791666667,1159.1240833333334,7370.5586111111115,720
7530,6,06.2x,4149.75337431694,4085.9235245901637,2270.106942622951,20393.22368852459,3660
7531,6,06.31,7721.313314447592,2620.2259631728048,972.3052266288952,15471.434348441926,1412
7532,6,06.39,3906.7575885714286,4083.5442742857144,2047.4263085714285,18647.25569142857,875
7533,6,06.4x,4755.871941441442,5281.1406486486485,3092.924009009009,25657.731193693693,2220
7535,6,06.51,4091.9169230769226,5857.717076923077,2487.1275384615387,23475.128615384616,65
7538,6,06.7x,1467.2229655172414,1928.5219655172414,1196.6130689655172,9416.66124137931,290
7539,6,06.81,3788.343384615385,7346.406461538461,3395.8367692307693,28813.155846153844,65
7540,6,06.89,3610.4272357723576,6701.280487804878,2710.996504065041,23756.23869918699,123
7543,6,06.99,7182.54,2985.868571428571,711.4519047619048,14915.436666666666,21
7546,6,07.21,4925.266033057851,5916.679063360882,5339.8850413223145,28257.82785123967,363
7547,6,07.22,6582.866964980545,5374.645447470817,3273.4500778210117,29690.649143968873,257
7548,6,07.29,5354.09525210084,4583.118949579833,2401.911050420168,27906.450840336132,238
7554,6,07.62,11085.462157894737,10880.254210526316,9187.45544736842,53082.97310526316,380
7559,6,07.80,5005.796956521739,5027.468695652174,2096.9204347826085,25491.96652173913,23
7562,6,07.83,5103.787826086957,6196.263695652174,5361.754347826087,29420.577608695654,46
7563,6,07.84,7304.315555555556,6141.075432098765,4840.212716049383,35034.42283950617,81
7567,6,08.09,108.99,1704.0107142857141,746.2664285714285,4078.6257142857144,42
7570,6,08.20,223.3498901098901,1346.3491086691085,326.28390720390723,3486.368583638584,819
7571,6,08.21,215.79767567567566,847.9791891891891,354.6644324324324,2814.5768648648645,185
7572,6,08.22,282.47793103448276,882.0816091954024,252.402183908046,3164.525517241379,87
7573,6,08.23,372.63564102564106,982.1479487179487,213.71230769230772,4777.494871794872,39
7574,6,08.24,292.93704545454545,1090.665909090909,173.30090909090907,3464.3475000000003,44
7575,6,08.25,163.63476190476192,824.3857142857142,110.90380952380953,2081.7585714285715,21
7576,6,08.31,531.4038095238095,1322.5642857142857,485.757619047619,6396.564047619047,42
7578,6,08.33,436.4774825174825,919.9878321678323,315.67153846153843,5846.395734265734,143
7584,6,08.42,189.7138068181818,974.4782954545454,212.7165909090909,3101.8419318181823,176
7585,6,08.43,217.13724637681162,855.5686956521739,274.3323188405797,3585.575652173913,69
7586,6,08.44,257.1951650485437,1079.6098834951456,248.0467572815534,3666.793495145631,515
7587,6,08.49,240.85178640776698,1144.563067961165,261.5954368932039,3234.091961165049,515
7591,6,08.61,793.824,1460.684,874.6578181818182,8832.372181818182,55
7593,6,08.70,333.45933333333335,2365.74,759.5196666666667,6735.330333333333,30
7598,6,08.81,440.634746835443,2485.131835443038,1628.0905063291139,7323.534746835443,158
7604,6,08.89,377.8623333333333,1250.2716666666668,647.4509999999999,6838.636333333333,30
7615,6,09.41,347.6355294117647,1837.1988235294116,615.0925882352941,4110.133294117647,85
7616,6,09.42,601.2882352941176,1903.7082352941175,968.1939215686274,4933.062156862746,51
7617,6,09.43,882.8780113636363,1513.99375,301.37874999999997,4209.015056818182,176
7618,6,09.44,1332.7959074733096,1363.748078291815,216.8811743772242,4397.36818505338,281
7619,6,09.49,313.4086754966887,2275.9811258278146,1099.7550331125829,5040.270927152318,302
7621,6,09.52,291.8938095238095,1566.6857142857143,364.99619047619046,3596.162380952381,21
7624,6,09.6x,210.5048366013072,1463.5434640522876,388.2561437908497,3760.05477124183,153
7625,6,09.72,865.2292,731.24,178.66760000000002,3657.3147999999997,25
7626,6,09.73,971.5381249999999,1179.8410833333332,537.6285,4792.941208333333,240
7627,6,09.81,886.158494117647,1416.5497294117647,677.762705882353,6289.016247058823,850
7634,6,10.31,186.76340101522842,1236.152918781726,212.19715736040612,2999.7439340101528,394
7641,6,10.49,377.91366666666664,1274.5033333333333,311.5725,4116.3455,60
7642,6,10.5x,305.4230136986301,1698.2712328767125,194.20205479452054,5575.461780821918,73
7643,6,10.6x,462.9821875,1683.7920833333335,578.3752083333333,4487.4061458333335,96
7644,6,10.91,43.5901680672269,1463.1663025210084,803.8986554621849,3747.5125210084034,119
7645,6,10.99,211.8296,1179.914,557.1034,4239.365,50
7647,6,11.1x,301.93384615384616,1319.2897435897437,511.77538461538455,3503.2941025641026,39
7651,6,11.32,308.4368181818182,1248.7044666666668,240.29724242424243,3771.9499212121214,1650
7652,6,11.39,247.02407811080838,1192.1855040871935,221.77708446866487,3429.6207084468665,1101
7654,6,11.49,914.1285074626866,1684.5597014925372,985.7914925373134,5669.015522388059,67
7655,6,11.51,1388.13622754491,1457.2209580838323,1067.0904191616767,7788.690359281437,167
7658,6,11.62,5071.929999999999,1166.6131147540982,1097.9701639344262,18549.05,61
7659,6,11.64,1463.5267857142858,1580.1339285714287,1304.0773214285714,13263.88875,56
7666,6,12.11,186.16884615384618,2048.646153846154,863.0946153846154,5031.608076923077,26
7668,6,12.14,715.5508333333332,1533.5149999999999,464.1391666666667,4870.320333333333,60
7673,6,12.39,1088.2954545454545,1540.182727272727,1317.4631818181817,7316.589545454545,22
7676,6,12.44,165.90692307692308,3126.403846153846,370.6284615384615,6648.766923076923,26
7678,6,12.54,3485.7978947368424,1556.2947368421053,575.1589473684211,12908.121315789473,38
7679,6,12.59,2209.56085106383,1231.1851063829786,454.46595744680855,12414.939361702129,47
7680,6,12.64,769.6064102564103,1656.2080608974359,500.2004166666667,6110.072596153846,624
7682,6,12.67,3181.4309,1442.6706,821.4798,10215.0265,100
7685,6,12.72,150.4965306122449,1647.334693877551,505.9959183673469,3946.304081632653,49
7686,6,12.73,174.34173913043477,841.4304347826088,173.06478260869565,2119.107391304348,23
7687,6,12.79,10420.357272727271,1360.0454545454545,517.4486363636363,15340.718636363636,22
7688,6,12.81,1802.8489285714284,1805.6869642857143,1418.0533928571429,9433.570357142857,56
7694,6,12.88,475.78714285714284,1517.9173469387754,421.1775510204082,9282.348469387754,98
7696,6,12.91,1036.729090909091,2190.3433636363634,1130.6976363636363,6584.479545454546,110
7699,6,12.99,854.5426086956521,2000.7565217391304,1058.8086956521738,6458.78652173913,23
7702,6,13.19,2135.025,1520.4289473684212,551.6492105263158,7812.960789473685,38
7704,6,13.3x,1566.9945454545455,1508.2142857142858,370.7179220779221,6513.993896103896,77
7705,6,13.41,2525.1855200503883,1495.5918723493596,259.96332941423475,7263.754293932395,23815
7707,6,13.43,1759.673552631579,1884.0526315789473,295.41473684210524,5820.9152631578945,152
7708,6,13.59,1619.1901423487545,1300.425800711744,359.0329893238434,5532.1207473309605,281
7710,6,13.65,487.4315873015873,1574.0431746031745,512.8138095238095,4780.336666666667,63
7711,6,13.69,1603.263870967742,2027.4206451612904,685.2106451612902,7363.457741935484,31
7712,6,13.70,1670.53734375,1373.873125,208.04140625,5955.10671875,64
7713,6,13.71,2663.454170650975,1127.449405418659,286.026933921785,7551.535091332598,8157
7714,6,13.72,1969.3128387096774,1424.9451612903226,400.88425806451613,7147.212967741935,155
7715,6,13.8x,1656.3,1545.5957142857142,303.46914285714286,6564.894285714286,35
7716,6,13.90,1527.9128,1659.0426666666667,328.9085333333333,6283.682000000001,75
7717,6,13.91,1182.285024390244,726.88,417.88297560975604,6366.728195121951,205
7723,6,14.24,329.03157377049183,2395.3717049180327,1008.8650819672131,6295.492721311475,305
7725,6,14.29,5207.141052631579,1324.0601503759399,441.56781954887214,14904.657293233082,133
7729,6,14.34,680.4412500000001,1737.475,872.44625,5152.5753125,32
7732,6,14.41,2222.5837142857144,950.5285714285715,342.0522857142857,7631.479714285713,35
7735,6,14.52,1475.8977631578946,1296.2671052631579,337.0184210526316,7224.898026315789,76
7736,6,14.54,3421.6692592592594,1304.7092592592594,491.61148148148146,10007.03962962963,54
7738,6,14.59,3519.381111111111,1475.9537037037037,839.0842592592593,11697.612222222224,54
7739,6,14.6x,1597.2399092558985,1352.8145190562614,326.14393829401087,6748.385952813067,1102
7740,6,14.71,2931.3986390532546,2598.7609467455623,1677.2271597633137,14066.55698224852,169
7741,6,14.72,5081.568298086607,1571.1602819738166,537.7321349446123,14719.839254783485,993
7742,6,14.73,3342.108769230769,1320.8953846153845,719.2804615384616,10934.519692307693,65
7743,6,14.74,6047.7435061919505,1588.556068111455,576.574318885449,14167.6360874613,2584
7744,6,14.75,1177.9665217391305,1701.856956521739,996.5752173913044,6383.702173913043,23
7745,6,14.79,234.5499005424955,1309.8837206148282,614.2798417721519,3662.456568716094,4424
7747,6,15.11,566.8387162162162,1084.8752364864865,416.74375,5737.183006756756,296
7750,6,15.19,255.6057142857143,2549.7333333333336,817.6304761904763,6984.615714285714,21
7752,6,15.22,598.7182089552239,983.4405970149254,351.9949253731343,6278.3279104477615,67
7754,6,15.3x,668.4485714285714,988.5870034843205,381.5718292682927,7256.053205574913,574
7755,6,15.4x,634.5,1108.1333333333334,478.6439393939394,6631.958787878788,33
7756,6,15.5x,567.6212,850.936,293.52119999999996,5625.3924,25
7760,6,16.01,1293.1677941176472,3962.6180882352946,2297.3214705882356,12866.907720588235,136
7761,6,16.09,1329.7723300970872,2176.5417475728154,1443.4412621359224,11002.595825242719,103
7762,6,16.1x,1310.82575,1847.896,1263.89675,8097.594999999999,40
7763,6,16.21,282.3733834586466,3988.761372180451,1329.5692857142858,8632.7325,532
7766,6,16.31,3609.7772972972975,1141.7178378378378,773.4808108108108,9806.09581081081,74
7767,6,16.39,773.8554716981131,1508.5575471698114,1030.7115094339622,6365.763867924528,106
7768,6,16.41,4130.3908163265305,1582.451224489796,850.4436734693877,10954.458775510204,49
7770,6,16.49,583.182,2454.979,1545.6178,7739.839599999999,50
7779,6,16.82,775.9328260869567,1811.2113043478262,1148.3839130434783,6966.165760869565,92
7780,6,16.89,6557.014999999999,2537.2146428571427,1681.0114285714285,16592.723928571428,28
7781,6,16.91,46.75033333333333,2271.063333333333,812.306,4329.091666666666,30
7782,6,16.92,862.5068205128206,1964.3041025641025,615.2338974358975,6358.402256410256,195
7783,6,16.93,876.8576351351351,1849.534527027027,777.7428378378379,7443.322027027027,148
7786,6,17.11,5469.293988439306,1939.0512138728322,1233.44,13129.376618497108,346
7787,6,17.12,5444.129041429732,1795.30358245329,1199.5847684809098,12669.77443541836,1231
7788,6,17.13,5461.169893314367,1922.0681436699858,1250.3511806543386,13306.770995732575,1406
7789,6,17.21,9945.843137254902,2267.0501960784313,1367.3389215686275,19243.863235294117,204
7790,6,17.22,8969.766996904025,1882.4492260061918,1205.9287306501546,17769.567925696596,323
7791,6,17.23,9861.8787,2316.9913,1370.2477,19268.0966,100
7792,6,17.24,8919.377372881356,2364.520508474576,1305.1719491525425,19021.199237288132,118
7793,6,17.31,17097.671851851854,9075.57537037037,7269.092777777778,50931.58166666667,54
7794,6,17.32,10221.710000000001,5571.788235294117,6081.359411764706,32743.12705882353,34
7795,6,17.33,15800.2206020558,9458.305888399413,9190.385330396475,52503.82898678414,681
7796,6,17.34,17035.96363636364,9251.402045454546,9383.467954545455,54918.36636363636,44
7797,6,17.35,17575.196966292136,9877.935505617977,10443.665112359551,55958.74696629214,178
7798,6,17.36,16020.191386861314,8859.167542579075,8551.939683698296,51797.91255474452,411
7799,6,17.39,13147.682499999999,9651.769666666667,9649.0735,52737.623999999996,60
7800,6,17.55,24047.562666666665,6295.989333333334,4344.8004,48574.300266666665,75
7802,6,17.91,318.54358801672083,2758.612310729215,2671.795819786345,8953.092032048304,4306
7803,6,17.92,105.5870894788594,1811.01854473943,1577.058908554572,7448.165260570305,1017
7804,6,17.93,174.4349180327869,2106.2918032786883,2886.837868852459,7705.539180327869,61
7805,6,17.94,83.92394904458598,1981.8291719745223,2384.327515923567,7949.397579617834,157
7806,6,17.95,162.3167945823928,2265.751142520008,2431.60924635748,7188.960537656475,19492
7807,6,17.96,16.94415274463007,2910.8243436754174,638.0106443914082,7476.054844868735,419
7808,6,17.97,276.87874744376273,1951.653491820041,2146.640945807771,8870.549304703478,1956
7809,6,17.98,1738.3910242587604,1542.3798382749328,2387.1993800539085,9106.099757412398,371
7812,6,18.02,196.8535,1192.4167499999999,427.13075,3039.41975,40
7813,6,18.09,175.20255102040815,1180.4279591836735,1168.4483673469388,4077.3407142857145,98
7814,6,18.11,127.75057692307692,2473.9471153846152,1815.6834478021979,6240.713681318681,728
7817,6,18.21,639.9388194444444,1353.247962962963,735.0835416666667,5561.153912037037,432
7818,6,18.29,528.1140593047035,1509.5793047034765,622.7081288343559,5321.049304703476,978
7823,6,18.6x,1436.5537037037036,1715.03,1675.0814814814814,10844.799629629631,27
7824,6,18.71,1906.042714285714,1531.1135714285713,1810.445,19596.32185714286,70
7826,6,18.79,1454.4698245614036,1289.537192982456,664.049298245614,16600.121403508772,57
7831,6,19.29,2825.1109782608696,2351.949456521739,1386.896195652174,15298.006847826086,92
7832,6,19.3x,2740.1328125,2057.078125,1618.5215625,16751.28421875,64
7833,6,19.4x,1349.2387837837837,1679.6806250000002,1391.7075506756757,11481.334679054055,592
7834,6,19.52,1411.2220304568527,1625.9100507614214,1158.8459390862945,12435.80852791878,197
7835,6,19.53,2569.4066666666668,2027.5638888888889,1424.3972222222224,17254.23402777778,72
7840,6,20.01,1110.2590389610389,1615.7834025974025,729.9251168831169,6263.784363636363,385
7841,6,20.09,135.84048473967684,1625.7432675044884,983.1243985637343,4791.876229802514,557
7844,6,20.23,1136.1149056603772,1508.232641509434,1361.8064150943396,7777.916603773585,106
7848,6,20.49,2266.796232876712,2249.4551826484017,1662.413196347032,16330.804840182647,438
7849,6,20.51,729.0773548387098,1659.9770322580646,613.4007096774194,5922.634451612903,155
7858,6,20.94,104.4538043478261,1785.4641304347826,2019.556847826087,5674.989130434783,92
7860,6,20.98,1234.6735294117648,1934.3029411764708,863.0620588235295,19857.227647058822,34
7863,6,21.01,125.22613445378151,1849.4361344537815,1372.431932773109,4698.440588235294,119
7864,6,21.02,228.4310714285714,1777.6057142857142,1117.245357142857,4390.361428571428,28
7865,6,21.03,601.557829787234,1280.5018723404255,755.5439787234042,4339.525914893617,470
7866,6,21.04,755.6171102661597,1416.0460456273763,664.5933460076045,4960.200532319392,263
7868,6,21.09,642.1643781094527,1051.2810945273632,400.71527363184083,3767.717064676617,201
7870,6,21.21,157.5406855791962,2934.2855555555557,1805.8436406619385,6650.301985815603,423
7871,6,21.22,492.64933333333335,5104.172666666666,1148.3203333333333,8600.291000000001,30
7873,6,21.30,977.2496000000001,2566.8920000000003,1139.4080000000001,8049.41,25
7874,6,21.31,1414.062997903564,2307.087610062893,1349.7235220125785,10378.661194968552,477
7875,6,21.32,614.847625,1817.61215625,727.8315937499999,5780.58528125,320
7877,6,21.5x,1722.2672222222222,1746.7209649122806,1351.477426900585,8783.4416374269,1026
7879,6,21.62,567.2197916666667,1060.1499999999999,1118.5629166666665,6960.529375000001,48
7880,6,21.69,1593.8214004376368,1755.7740481400438,995.9544638949671,7097.657242888402,457
7881,6,21.71,606.4524024024024,1300.1634234234234,893.5414564564564,4915.5250300300295,666
7882,6,21.72,1037.7301282051283,1762.783205128205,1515.4194871794873,8318.08641025641,78
7883,6,21.81,593.4084,1954.3092,1418.112,6811.5884,25
7886,6,21.84,1226.1450580645162,1693.899741935484,1788.8900129032259,9973.311870967742,775
7887,6,21.85,2091.1390322580646,1502.3312903225806,1792.5464516129034,36155.09806451613,31
7889,6,21.87,1596.9757142857143,1506.0357142857142,1451.5546428571429,8894.744999999999,56
7893,6,21.99,458.80757575757576,1605.3445454545456,902.4651515151514,5951.860303030304,33
7894,6,22.00,64.2725641025641,970.9307692307693,584.7035897435898,4965.736410256411,39
7900,6,22.2x,1471.4221699196326,1848.5826750861079,1284.285625717566,10949.526521239954,871
7905,6,22.50,1671.5347252747254,2275.800769230769,2351.928901098901,13767.406043956044,91
7906,6,22.51,1271.0697916666666,2591.6852916666667,1016.7469166666667,11766.368958333333,240
7907,6,22.52,1230.1476704545455,2191.848636363636,917.5489204545455,10751.088806818181,176
7908,6,22.53,1721.7547242486141,1916.0497578056609,1733.958561423986,12235.283446162824,3427
7909,6,22.60,1652.9697274633124,1827.3446540880504,1455.9658700209643,11114.344989517818,477
7911,6,22.62,2162.0711904761906,2165.5733597883595,2070.945846560847,13252.682724867725,378
7912,6,22.63,1322.4212658227848,2240.3627848101264,1391.3246202531645,11768.065189873418,158
7913,6,22.64,2728.7264864864865,2713.0416216216213,2382.701891891892,15273.502432432431,37
7919,6,23.11,243.70395833333336,2182.2166666666667,1239.36375,7331.610833333333,48
7920,6,23.19,439.0049342105263,2330.1436842105263,1555.4343092105262,8443.357302631579,304
7928,6,24.0x,111.55886363636364,1773.5102272727272,1419.0225,6337.702045454545,44
7930,6,24.31,4034.316198830409,3762.63701754386,2349.6820467836255,18630.35754385965,171
7933,6,24.4x,1177.2010227272729,2150.5139204545453,1251.4644318181818,9895.818977272727,176
7934,6,24.5x,3303.2774193548385,1767.7225806451613,963.9025806451613,19528.521935483874,31
7941,6,25.1x,1810.8422528735632,2548.27783908046,1452.527632183908,10109.222367816094,435
7942,6,25.2x,16549.363777777777,6529.735111111111,5555.808888888889,45888.24588888889,90
7943,6,25.4x,5133.9400000000005,5252.7409677419355,3913.574516129032,25744.830322580645,31
7944,6,25.51,4671.129259259259,2741.7200000000003,4138.684444444444,17981.45666666667,27
7946,6,25.91,388.749381443299,778.407731958763,325.2464948453608,3296.877628865979,97
7949,6,25.99,563.2147826086957,802.4673913043479,328.1808695652174,3306.594347826087,23
7950,6,26.0x,729.1239130434782,2396.9304347826087,2151.6326086956524,8352.234347826088,23
7951,6,26.11,341.13954545454544,5099.619848484848,1159.3439393939393,8355.10787878788,66
7953,6,26.29,2019.543116666667,2448.5956,1569.6306333333334,11162.132333333335,600
7954,6,26.31,2819.861868421053,3089.065157894737,1780.5600000000002,13587.336342105262,380
7955,6,26.32,2151.977678100264,2816.9574934036937,1687.34290237467,12440.57160949868,379
7959,6,27.0x,1112.0331712962964,3929.560462962963,4115.103078703703,14982.988055555556,432
7963,6,27.23,228.32645299145298,6350.038076923077,2001.010170940171,10606.41311965812,234
7964,6,27.24,329.0975609756098,4737.309146341463,1282.6386585365854,8405.636585365854,82
7966,6,27.31,2192.441764705882,2762.4013725490195,1564.3517647058825,11810.321764705883,51
7969,6,27.43,617.4295977011494,1958.629540229885,1262.4266091954023,6943.961896551724,174
7970,6,27.49,8081.137404063205,4216.827720090293,3180.984446952596,26511.87557562077,443
7971,6,27.51,678.2124324324325,2866.7354054054053,2307.484054054054,9798.936756756757,111
7974,6,27.54,1501.7853271028036,1115.2618691588787,827.3011214953272,18547.914392523366,107
7976,6,27.59,826.0821428571428,1217.7371428571428,740.7060714285715,9299.248214285715,28
7978,6,27.62,944.7952678571429,974.6264285714286,687.836875,9851.069285714286,112
7980,6,27.69,1845.9644175317185,1876.7718800461362,1499.9028373702422,10236.06740484429,867
7982,6,27.79,835.7881395348837,1638.2495348837208,758.7927906976744,5702.080465116279,43
7984,6,27.92,109.91000000000001,2381.0125000000003,1248.2304166666665,5786.700833333333,24
7985,6,27.99,2541.7711111111107,2763.7356639566397,1468.501924119241,11527.049864498646,369
7986,6,28.0x,162.35106761565837,1551.4675800711743,1219.6905693950177,4297.453024911032,281
7987,6,28.11,296.0251851851852,4022.794074074074,948.1133333333332,6758.014814814815,27
7988,6,28.2x,2079.03524707081,1738.7968619460012,1589.1366836474783,9251.577060621497,1963
7989,6,28.3x,2095.608865820838,1634.9447174163784,1067.481937716263,9535.607054978855,2601
7990,6,28.5x,264.1482291666667,1195.0010416666667,534.9294791666667,6442.924375,96
7991,6,28.6x,1824.4182968065122,1315.5567063243582,801.9241202254227,7214.414201628053,1597
7993,6,28.92,1469.355576923077,1864.9602884615383,1247.9484615384615,7687.774423076923,104
7995,6,29.11,178.64724166666667,2712.069754166667,1456.4656166666666,6007.35155,2400
7996,6,29.12,574.8960206718347,4833.639069767442,1516.6480361757108,9334.10291989664,387
7998,6,29.2x,1045.086923076923,1852.6524615384617,983.2415384615384,8189.895692307692,65
8000,6,29.39,1154.903453038674,2077.707863720074,1069.822467771639,8040.379272559853,1086
8002,6,29.52,1176.3729032258063,1771.6867741935484,918.1080645161289,9022.330967741937,62
8006,6,30.09,784.0956422505309,1723.2253768577496,1060.3746638358102,7400.610360934183,5652
8007,6,30.1x,3865.72052631579,7082.471578947368,4317.601052631579,34557.64605263158,38
8009,6,30.22,1212.8033898305084,3204.971694915254,1488.725254237288,14983.076610169492,59
8010,6,30.29,4056.5037398373984,7260.850081300813,5509.267154471545,31849.003739837397,123
8011,6,30.3x,5528.359666666667,9283.477666666668,8327.698666666667,42984.56433333333,30
8012,6,30.4x,6521.3614,9944.7384,7578.085999999999,51436.8566,50
8014,6,31.1x,4949.0693687707635,21324.64760797342,30973.644750830565,89384.70890365448,301
8016,6,31.29,2576.8581481481483,14125.552592592592,14029.724444444444,45758.89444444444,27
8017,6,31.3x,1116.8357142857142,2313.945238095238,1859.827380952381,9030.15857142857,42
8019,6,31.42,169.67949159021407,2706.356838685015,1577.0466743119266,6289.782744648318,2616
8020,6,31.43,444.02862745098037,3683.782352941176,1334.8123529411764,8049.154509803921,102
8021,6,31.44,538.2295744680852,4717.456170212766,2790.435319148936,11255.74255319149,47
8024,6,31.5x,4296.379387755102,6484.762857142858,3744.3308163265306,25985.608163265308,49
8029,6,31.72,442.3007692307692,1074.9253846153847,440.7592307692308,5135.1453846153845,26
8036,6,31.94,903.054074074074,5217.579629629629,2646.472222222222,14892.945740740743,54
8038,6,31.99,5124.7307692307695,6194.875384615385,3727.163076923077,24344.772307692307,26
8039,6,32.01,2069.054121212121,6295.407454545454,4071.38303030303,19146.278484848484,165
8042,6,32.20,15135.705631463492,6123.629388906299,3575.3516953932935,38287.793115010965,3191
8044,6,32.22,20041.7825,4577.494615384616,4192.689807692308,43286.51519230769,52
8045,6,32.24,9391.854893617021,5172.946028368794,1894.329219858156,21332.607375886524,141
8048,6,32.28,4608.692307692308,5221.326923076923,2253.294615384615,19007.547692307693,26
8049,6,32.29,14914.212222222222,8783.413555555555,6983.281555555555,46522.30777777778,45
8050,6,32.30,20507.377981741116,7111.897388327356,3708.193452885556,47212.05908705576,3067
8051,6,32.39,19113.79333333333,10100.702222222222,6436.811555555556,57057.252222222225,45
8052,6,32.41,21304.07874380575,8672.134435084241,4706.883369672943,52409.50086471754,4036
8053,6,32.49,22994.220669456066,10994.160460251047,9258.977196652719,63122.88589958159,239
8054,6,32.50,18135.46392857143,8994.986071428571,4124.2132142857145,45495.97928571428,28
8056,6,32.6x,23248.01463414634,8548.270487804879,6054.942073170731,53003.08451219512,82
8057,6,33.0x,7294.06,30171.384166666667,31874.92375,109098.73,24
8061,6,33.22,425.626216904277,5881.745280040734,4007.698467413442,14015.123447046843,1964
8062,6,33.23,472.3609597741708,4689.408517995766,2879.2099858856736,11554.542844036698,1417
8063,6,33.24,461.89265330422705,5031.69348415691,3544.9834524045777,12619.591520142885,15117
8065,6,33.26,1238.3224829931971,6612.795039682539,2776.66503968254,13880.359759070294,3528
8066,6,33.27,1050.4992621222768,7661.564525650036,3467.2440688685874,16130.06684469431,1423
8068,6,33.34,24008.878235294116,7599.26794117647,14815.000588235294,70469.58735294116,34
8069,6,33.39,7870.860689655173,7545.203793103448,5916.387931034483,33867.35172413793,29
8073,6,33.49,19480.96303030303,10387.444545454546,10348.68303030303,60907.723333333335,33
8076,6,33.79,9904.125588235294,6587.141764705882,6727.564705882352,31544.80588235294,34
8077,6,33.91,3233.5520833333335,4598.046875,3270.971666666667,15650.669583333334,48
8078,6,33.93,1573.5490322580645,6610.930322580645,5962.834838709678,19416.165161290322,31
8080,6,33.99,791.9186792452831,5335.03358490566,4615.0,16201.132075471698,159
8081,6,34.01,3068.071272727273,3347.897454545455,3796.762,15991.943272727272,55
8082,6,34.02,8068.344761904761,6644.754761904762,5339.248095238095,33072.39523809524,21
8083,6,34.04,786.4372051862523,5454.988835151265,4381.490625643136,15843.622772175344,4859
8085,6,34.09,8790.970680272108,9121.360272108843,11972.655714285715,45731.03659863945,147
8087,6,34.20,1003.9318360655739,7668.441672131147,3015.3267213114755,17116.715016393442,305
8088,6,34.21,2319.429054054054,7056.252567567568,2626.0459459459457,18136.021081081082,148
8089,6,34.23,880.3094666666667,5537.057333333333,1991.2597333333335,12188.713333333333,75
8090,6,34.24,1367.966855670103,8310.081597938144,3021.282216494845,16839.55412371134,194
8091,6,34.25,1540.3247692307693,7306.088461538461,2800.236153846154,15957.090307692308,65
8094,6,34.3x,6242.134599999999,6136.219683333334,4040.92205,30405.736616666665,600
8095,6,34.4x,2586.8659876543206,4057.479567901234,2585.8181172839504,15343.444290123458,324
8096,6,34.51,6601.718095238095,5731.528571428572,7125.805714285715,32860.13142857143,21
8098,6,34.59,6425.333333333333,7522.847142857143,5688.068571428572,30367.01095238095,21
8099,6,34.71,471.6444285714286,2712.0154285714284,3282.1375714285714,10369.523285714286,70
8101,6,34.74,16048.7544,2315.6048,2525.6238,41108.2056,50
8107,6,34.91,850.6449845026767,5820.399718230487,4721.490270498733,16275.527196393352,3549
8111,6,35.05,167212.50709251102,20073.48550660793,8480.524008810573,244156.4954185022,227
8112,6,35.06,155313.2801694915,15915.158644067797,8175.435254237288,205411.6125423729,59
8114,6,35.11,39678.877073170734,22459.980731707317,17616.82048780488,171638.41902439023,41
8115,6,35.12,56559.00690909091,19162.517454545454,16641.08581818182,128497.76872727273,55
8118,6,35.21,71085.14793548387,20898.098193548387,18228.711935483872,188122.0341935484,155
8119,6,35.22,49635.712689075626,20973.13529411765,21466.073193277312,141332.53768907563,238
8120,6,35.23,73023.02817567567,22738.218378378377,19202.6475,188605.1039864865,148
8121,6,35.24,46468.54902912621,16758.470194174755,15565.421796116505,118857.05599514564,412
8123,6,35.27,71038.36272727273,22337.387272727272,17144.78272727273,163108.1040909091,22
8126,6,35.33,27705.872413793106,17092.350862068964,11055.715172413793,99684.91137931035,58
8131,6,35.51,17667.047083333335,9151.281875,6099.1189583333335,54462.80666666667,48
8132,6,35.52,21116.06777027027,4433.65556949807,1068.2953185328186,35488.33825289575,1036
8133,6,35.53,12080.386216216215,8548.444594594595,4555.544054054054,47106.663783783784,37
8135,6,35.55,19904.526692913387,4855.306062992126,1560.7584251968503,40478.489212598426,127
8136,6,35.61,20422.572173913046,11088.680217391304,7099.601086956521,69004.26586956522,46
8137,6,35.62,17603.02896103896,14568.938051948051,8109.481818181818,69201.17909090909,77
8139,6,35.71,28706.679473684213,8959.35947368421,6316.13,63237.058421052636,38
8140,6,35.72,14632.91142857143,9264.771428571428,4583.761428571429,46598.947857142855,28
8149,6,35.96,13676.952727272728,5699.01,948.5259090909091,31710.825,22
8151,6,36.04,8994.780476190475,6420.446666666667,6307.5485714285705,31785.550476190478,21
8152,6,36.06,11859.843582912265,4843.477193385393,3595.440647680294,31149.931419384477,2177
8153,6,36.07,12394.968483412324,4838.7289306112525,3294.5263555717584,32380.497722688055,8229
8157,6,36.12,29086.008846153847,19500.528461538463,14947.109230769232,101993.8626923077,26
8158,6,36.13,56022.69761904761,23837.634761904763,20069.15738095238,152130.85952380951,42
8159,6,36.14,67457.29756756756,28123.078378378377,22357.09162162162,169106.04405405404,37
8162,6,37.0x,884.7679930795848,7161.362249134948,3599.4615916955017,15878.615570934257,289
8165,6,37.21,6203.94816,7987.3002400000005,3738.31768,24720.95552,125
8166,6,37.22,3504.7950000000005,6032.374642857142,4238.443571428571,21352.240714285716,56
8167,6,37.23,1387.9752631578947,4650.260350877194,2299.035789473684,12669.923859649123,57
8169,6,37.26,7538.671714285714,3523.986342857143,504.62462857142856,14233.10017142857,175
8171,6,37.31,9215.86075,13581.298,7500.21675,46430.345,40
8172,6,37.33,35691.49588477366,5602.10646090535,3109.8211522633746,54164.5737037037,243
8173,6,37.34,39161.37265700483,4493.689829307568,1175.9688727858293,56150.806969404184,3105
8178,6,37.61,20660.95840909091,13423.125,14046.946363636363,74163.13704545454,44
8183,6,37.78,10373.033295454545,6328.319772727273,5252.261931818181,29396.930227272725,88
8185,6,37.80,37984.4836875,5596.8450625,3280.7713125,53418.96643750001,160
8186,6,37.81,40596.25778301887,5089.874481132075,2585.0187735849054,58248.9783018868,212
8187,6,37.82,73902.64661538461,5805.363846153847,2159.908307692308,87619.68323076924,65
8188,6,37.83,37476.43417177914,5080.590283742332,1847.3967331288343,51979.233174846624,1304
8189,6,37.85,22154.376666666667,3502.6626666666666,1031.6386666666665,34153.3324,75
8191,6,37.87,27538.037409638553,3446.0506927710844,978.1483734939759,36709.79451807229,332
8193,6,37.90,66221.099625,6671.476,2853.1352500000003,92905.104,80
8196,6,37.94,67593.59024793388,6749.144958677686,2754.8652892561986,120808.53041322314,121
8201,6,38.03,3414.225294117647,3907.6329411764705,3205.747450980392,17203.733725490198,51
8206,6,38.08,13665.259523809524,8177.848412698413,6717.203174603174,46183.415873015874,63
8207,6,38.09,21653.576,3515.4759999999997,3789.8496,41608.2776,25
8209,6,38.12,8078.345604395604,12158.655604395604,8854.407142857142,44062.66736263736,91
8214,6,38.30,3324.24725,1861.1391666666668,4058.9015833333333,19633.560916666665,120
8217,6,38.33,2077.328695652174,1388.356231884058,2664.5917391304347,14411.15,69
8224,6,38.44,17177.06357142857,17800.674285714285,21618.606428571427,121144.8075,28
8225,6,38.45,89353.16,27849.789782608696,31950.609492753625,216071.44710144927,138
8230,6,38.59,2133.0728056288476,2257.523415420698,1629.0882878921138,12566.595133391967,3411
8231,6,38.60,1921.482291666667,2332.086041666667,1294.0616666666667,8962.61875,48
8232,6,38.61,24755.075393258427,13425.837303370787,18572.371348314606,93347.59977528089,89
8233,6,38.62,3688.571343283582,2730.80671641791,1332.1547761194029,13125.072089552239,67
8234,6,38.63,1178.8744,2036.7679999999998,974.0892,8511.8584,25
8241,6,38.7x,26712.349782608697,7290.916757246377,7889.577300724637,55976.93369565217,552
8246,6,38.86,2119.4592207792207,2744.575974025974,2944.004935064935,16609.781168831167,77
8249,6,38.89,19259.9876,5094.0732,4638.7184,39548.8336,25
8250,6,38.91,3444.096956521739,7294.704130434783,7042.220434782609,28531.461630434784,92
8251,6,38.92,1489.2135483870968,8090.858709677419,6261.539677419355,36065.5670967742,31
8252,6,38.93,1562.8342428627811,5928.060761741876,6738.860081568214,20542.851736613604,7601
8253,6,38.95,3664.857545045045,6278.175825825826,4667.413896396396,23175.780615615615,1332
8254,6,38.97,1401.148429158111,4974.828850102669,5665.217669404517,17260.088316221765,974
8255,6,38.98,575.3414847161573,4632.452019650655,3311.542598253275,13481.877772925764,916
8256,6,38.99,396.33103123158514,2851.7879021803183,2077.6769121979964,8008.556803182086,3394
8258,6,39.1x,39924.96913793103,7047.455632183908,7779.352183908046,93043.87287356322,174
8265,6,39.27,1288.3631041106416,4556.006780637726,3095.152497118709,14955.19175182482,2603
8266,6,39.28,22722.63283018868,15832.554150943397,16169.613773584906,90774.23433962264,53
8269,6,39.31,1726.6638908450705,2132.2933861502347,5069.152816901409,24784.721367370894,1704
8270,6,39.32,3450.4245283018868,3985.3416981132077,4627.256226415094,24165.82773584906,53
8271,6,39.42,2492.6020289855073,2672.564637681159,1518.0538405797101,12412.353768115943,138
8273,6,39.49,7985.1139549180325,2479.6931352459014,1079.2576639344263,16603.263524590162,488
8274,6,39.50,13676.05076004343,3855.399115092291,2511.1457871878392,30175.82273615635,1842
8275,6,39.51,28396.74536507936,14451.846634920636,20336.006142857143,99490.44006349206,630
8277,6,39.53,7470.56794871795,3451.943846153846,1666.4735897435899,19888.901025641026,39
8280,6,39.59,10739.622258064515,4839.9947311827955,7108.013548387097,43850.65698924731,93
8282,6,39.65,58083.79625,41153.293750000004,62547.22053571429,235890.67875,56
8283,6,39.71,99166.002010582,9542.182275132274,6569.129047619047,169092.7376190476,189
8284,6,39.72,93193.90073825503,8292.20522147651,9391.914375838925,141426.34116778523,745
8285,6,39.73,87580.52540880504,12106.901194968554,8074.950503144655,151661.48540880502,318
8286,6,39.74,61044.91734430082,10315.313231492362,11092.371010575795,103137.3594359577,851
8287,6,39.75,82420.22025316456,8098.255147679325,10161.531160337552,140584.99295358648,474
8290,6,39.78,73283.75607142856,8470.380714285715,6676.689642857143,101053.73035714286,28
8291,6,39.79,9249.671181799464,5267.7418262301835,5223.821212682726,30609.738838789373,4857
8292,6,39.89,6621.156666666667,8137.358333333334,5335.409166666666,38975.96791666667,24
8293,6,39.90,42423.923367003365,6370.65861952862,4645.020336700337,68768.60723905724,594
8295,6,39.92,504.2582835820896,1816.9328358208954,1980.0511940298506,8201.46708955224,134
8298,6,39.95,1793.9164759120024,4997.883237259815,4219.978113338902,18467.20925368978,7182
8299,6,39.96,3250.739796954315,4377.141421319797,3171.760812182741,16780.71355329949,197
8300,6,39.97,966.4784057971016,3223.2115942028986,4385.330289855072,13976.161739130435,69
8304,6,40.11,1155.0132934131736,6859.264011976048,2783.5032784431137,14054.03377245509,1336
8306,6,40.21,1719.9002439024391,5303.45837398374,3075.8248780487806,15501.245203252032,123
8307,6,40.23,1250.8811764705881,4732.783676470588,2286.3076470588235,13157.854705882353,68
8308,6,40.24,1508.0596363636364,8065.044727272728,3330.6185454545457,18063.724181818183,55
8309,6,40.29,1751.3588923076923,4718.084092307692,2224.4117846153845,13765.55606153846,325
8310,6,40.3x,3518.9655696202535,4669.391329113923,1986.2894303797468,17823.767784810127,158
8312,6,40.41,4730.862040816326,5813.8069387755095,3270.900204081632,25337.463775510205,98
8313,6,40.42,4200.063666666667,6048.048666666667,3791.6639999999998,27692.602666666666,30
8315,6,40.51,1431.6058064516128,4201.728709677419,2313.516129032258,14300.164193548388,31
8317,6,40.54,2065.5919444444444,6090.519444444445,3517.4969444444446,22214.166944444445,36
8318,6,40.59,8911.822272727273,8094.401136363637,6732.76,38944.0925,44
8320,6,40.9x,805.3034375,2482.8053125,1363.82625,9552.8334375,32
8323,6,41.04,2185.7277464788735,12351.311126760564,42243.40281690141,97149.66112676056,71
8324,6,41.05,4800.518333333333,24473.105,80573.25527777777,181814.36694444445,36
8326,6,41.08,3367.8643333333334,15358.655333333334,78197.43699999999,150828.758,30
8329,6,41.31,765.9606302521008,8474.072337184874,6051.412169117647,21085.25674894958,1904
8331,6,41.38,411.8214749689698,5452.239710384775,4442.095411667356,15051.835401323955,4834
8333,6,41.43,7654.634090909091,6479.696363636364,5620.209090909091,38360.17409090909,22
8334,6,41.5x,11661.368358208954,8990.458251599148,9721.86750533049,49552.811428571425,469
8341,6,42.23,303.802994011976,2669.611497005988,1884.6523952095808,7331.476826347304,167
8342,6,42.24,470.2713839285714,4381.862276785714,1891.5890178571428,9271.140535714285,224
8344,6,42.32,10814.672999999999,6254.94375,7705.045,35102.971000000005,40
8345,6,42.33,3549.959279201042,4132.240547112462,3431.407134172818,16610.890442900563,2303
8348,6,42.41,24707.527852004114,11963.637245632064,14621.76448098664,78192.71229188079,973
8349,6,42.42,28724.74488372093,13479.301395348837,15668.78488372093,81321.86069767442,43
8355,6,42.7x,4357.457708333333,3342.962708333333,2733.5204166666667,18847.356875,48
8356,6,42.81,6006.736029962547,3861.2934082397,3439.2345692883896,17335.949325842696,267
8361,6,42.91,4491.696459854015,4192.529635036497,4713.236715328468,19618.325474452555,274
8362,6,42.92,1738.2023157894737,2339.8051052631577,1495.1228157894739,8348.047236842105,380
8365,6,43.11,3186.16303030303,10334.80696969697,12121.363030303031,43314.63545454545,33
8366,6,43.19,2691.6918181818182,5772.638701298702,9075.423376623376,27941.302077922075,77
8367,6,43.3x,2682.4395238095235,6379.4504761904755,3363.7390476190476,25078.438095238093,21
8368,6,43.41,1442.0570602253033,2762.454431325823,1384.5209282928943,8851.975849220105,9232
8369,6,43.42,14107.002480000001,8041.0405599999995,6173.37296,41600.28672,125
8370,6,43.5x,19871.32349112426,10348.83899408284,10239.82325443787,62709.293905325445,169
8371,6,43.6x,15897.484795918368,10159.550102040817,11530.881224489794,60225.54387755102,98
8372,6,43.7x,24230.513432657925,11338.13862932062,12570.168450536354,69262.21452920143,839
8374,6,43.82,20092.993053960963,6619.300849598163,4804.808185993112,45917.91570608496,871
8375,6,43.89,16372.253571428571,10550.838333333333,8049.335833333333,53813.57535714286,84
8377,6,43.99,24434.06218283582,11813.48145522388,12066.392667910448,72117.99667910447,536
8378,6,44.11,455.1765625,2981.148125,2913.6496875000003,9234.945,32
8379,6,44.13,248.74837700027123,3332.7057379983726,1912.250991049634,7711.119882289124,18435
8380,6,44.14,352.36780980781975,3971.5185553346587,1969.273621603711,8769.000566600398,3018
8381,6,44.19,71.90450000000001,1167.1083333333333,481.88283333333334,2790.094,60
8385,6,44.38,18161.671964285713,10849.54875,15631.45642857143,63572.69142857143,56
8386,6,44.39,13086.902857142857,9898.248730158732,14553.923492063492,56888.829365079364,63
8387,6,44.41,3406.6402872062663,7035.707937336815,9403.086866840731,31196.02365535248,383
8388,6,44.42,4159.549881656805,8043.94798816568,10703.726745562131,36882.1249704142,169
8389,6,44.43,1578.8538576779026,5150.000018726592,4791.437134831461,17633.94852059925,534
8390,6,44.44,15538.287131147541,11785.476311475411,14183.058606557379,65571.50057377049,122
8392,6,44.5x,1064.702608695652,2180.696956521739,1745.1753260869566,8059.6325,92
8393,6,44.61,5523.017826086957,10224.095652173914,13023.629130434783,47474.19,23
8399,6,44.69,4270.385977443609,7902.869060150376,13079.3292481203,40198.08582706767,266
8405,6,45.02,3422.1324999999997,5163.432500000001,7435.983571428572,27125.928571428572,28
8408,6,45.13,294.34487661574616,3686.125727715293,1903.7051116333726,8187.948180292094,5957
8409,6,45.14,1982.1516923076924,6144.032923076923,2636.009384615385,14222.607692307693,65
8410,6,45.16,398.4982214082214,4402.104371184371,2004.2864713064714,9384.150309320308,2457
8413,6,45.23,255.61011198395454,3205.5539127527995,1587.7997359184355,7011.767800434564,5983
8414,6,45.24,310.3643137254902,3686.7477450980396,2216.0380392156862,8652.533039215687,102
8415,6,45.25,406.2271428571429,4413.336134920635,2063.551119047619,9252.829150793652,1260
8418,6,45.30,1355.2473333333332,2432.2916060606062,1379.3410303030303,8448.42503030303,330
8420,6,45.33,6487.99128,6848.2652800000005,6999.55392,32811.404559999995,125
8422,6,45.41,7579.948947368422,5267.176754385965,4223.518596491228,27340.033333333333,114
8423,6,45.42,643.3546057975074,2370.8521663632546,938.7837739812351,6437.718018484806,7141
8424,6,45.43,1130.568439643567,2554.2220603884866,989.2863157894737,7295.8783966920955,15599
8427,6,45.62,10444.98159559835,9773.544071526823,11611.646574965613,49717.44911966987,727
8430,6,45.72,10728.386428571428,9245.115238095239,13022.03476190476,49355.63380952381,42
8431,6,45.73,13121.013815028902,11604.955587668594,11489.153005780347,54419.471098265894,519
8432,6,45.74,9509.471,9252.158000000001,8987.8066,48379.168399999995,50
8433,6,45.75,14105.444554455444,11556.59702970297,11381.148415841584,56526.27722772277,101
8434,6,45.76,11888.410368663594,11439.288433179723,13276.518202764977,55999.18032258065,217
8435,6,45.79,10339.471891891892,11301.875675675674,12854.535675675676,53677.9972972973,37
8436,6,45.81,21594.698571428573,10131.093571428572,12437.175357142858,65578.43607142857,28
8439,6,45.91,9093.905454545455,9547.777045454546,9668.811136363636,46053.64659090909,44
8443,6,46.03,2646.417857142857,7260.672142857143,5629.362857142857,25708.40607142857,28
8445,6,46.10,5086.256808510639,7653.477127659574,7904.764574468085,33113.29664893617,188
8446,6,46.11,5515.1122857142855,8221.574857142858,10719.066428571428,39423.76371428571,70
8447,6,46.13,4723.702413793103,7312.638620689655,6983.465172413794,29484.11275862069,29
8448,6,46.20,5972.5805,12251.097333333333,13821.325166666667,56272.6465,60
8449,6,46.21,5231.842432432432,9912.917297297297,12183.10081081081,49799.8072972973,37
8452,6,46.39,4834.948461538462,8151.985641025641,12055.104102564103,38732.345384615386,39
8457,6,46.51,6810.898336414048,4996.552088724585,5099.735822550832,26548.021589648797,541
8458,6,46.52,8952.105384615385,5666.425164835165,6885.145054945055,33242.66269230769,182
8463,6,46.73,4094.263695652174,8794.077391304349,10515.115760869565,37881.73847826087,92
8465,6,46.75,5286.495714285715,11357.546285714285,16119.805999999999,50991.624285714286,35
8467,6,46.79,3608.426802325582,7400.670930232558,9561.043546511628,33096.28587209302,172
8468,6,46.80,1414.7646315789475,2549.481263157895,2009.4457894736843,11329.442210526317,95
8469,6,46.81,3265.3220879120877,4604.791538461539,4429.005384615384,22088.68,91
8471,6,46.85,5722.9742857142855,3760.0371428571425,2938.8822857142854,16302.822571428573,35
8472,6,46.86,5924.117894736842,4677.609473684211,3366.1505263157896,19257.286842105263,38
8476,6,46.96,445.2088205128205,1564.5071794871797,542.0039487179488,3814.9522564102563,195
8477,6,47.01,1830.523922852984,2248.491536572052,2276.1908387918484,11199.745069141194,10992
8478,6,47.09,2219.3911287477954,3547.7743915343917,3923.9448500881836,15612.279999999999,567
8480,6,47.2x,1313.68,3922.245283018868,2999.7177358490567,14330.200377358491,53
8485,6,48.23,308.0484285714286,3959.3285714285716,1620.048857142857,7876.417000000001,70
8486,6,48.24,665.785726744186,5160.711395348837,2165.587238372093,11538.042034883721,344
8489,6,48.32,836.2817275747508,2350.7473089700998,887.8678073089702,7228.964750830565,301
8490,6,48.35,1515.34298092869,2829.7952736318407,1064.9705223880596,8772.534769900496,4824
8491,6,48.36,587.9113147632312,2402.8586740947076,1077.1277883008356,7006.911632311978,3590
8493,6,48.41,2084.5566124661245,1537.234159891599,3087.3927100271,12258.091395663956,738
8497,6,48.51,14979.234316239317,9746.117264957265,9111.912136752137,51102.07790598291,234
8500,6,48.61,16604.537916666664,9338.328333333333,8701.580416666666,51787.2825,24
8501,6,48.62,14740.024924242425,11461.906136363637,8567.78681818182,51533.46356060606,132
8502,6,48.63,16655.843165791448,9821.524936234058,8325.174628657163,53326.28141035259,1333
8504,6,48.69,12394.591864009379,7821.814876905041,7123.629859320047,42195.435228604925,853
8508,6,48.76,1379.717661607645,1733.6256436200113,2120.6382068577855,11051.85502529511,1779
8509,6,48.79,1243.1802083333334,2299.2770833333334,3052.337916666667,11762.236458333333,48
8510,6,48.81,547.3122340425532,3049.868617021277,2823.253510638298,11310.165425531915,94
8514,6,48.99,481.6946296296296,1757.1165432098767,2480.75475308642,9603.332283950618,162
8515,6,49.01,435.64408074981975,1556.3013338139872,1867.787613554434,7659.4492141312185,1387
8518,6,49.04,692.3606331959536,1635.1687673285876,2244.87180591982,9442.578973398277,2669
8519,6,49.11,708.8825,1355.6009722222223,1948.3755555555556,8580.0525,72
8520,6,49.12,793.1190845518119,1718.0055880483153,2289.0204577240943,9545.89006993007,1573
8521,6,49.21,276.6000425531915,1955.1864680851065,1689.695744680851,6022.905276595745,235
8525,6,49.39,472.0188191330344,1612.159730941704,1398.2913303437967,7097.346831091181,669
8527,6,49.42,805.4664343163538,1788.8805898123323,1863.302600536193,7920.484262734584,373
8529,6,49.45,945.103123722685,1408.2252177330608,1758.3056673479011,8805.953475868575,6361
8530,6,49.46,985.0442981484412,1462.2790726380758,1728.947589808514,8460.687361924354,6319
8531,6,49.47,535.4172180451128,1059.636992481203,781.8669172932331,3928.327142857143,133
8532,6,49.49,2779.676856111863,2032.3900405953991,2353.0807036535857,12159.205570590888,2217
8534,6,49.52,284.66467032967034,1456.6258241758244,1504.140989010989,10659.717252747252,182
8535,6,49.59,749.5268181818182,1580.7341558441558,1940.6097402597404,9237.147012987012,154
8538,6,49.73,579.3534327272727,1596.914901818182,1945.9612654545456,9718.471905454544,1375
8540,6,49.79,1244.6170552147241,2067.048036809816,1510.48245398773,10053.002392638036,163
8541,6,49.93,718.694065934066,1577.0394505494505,2050.4878021978025,9926.142417582418,91
8543,6,49.95,390.06717391304346,1648.1847826086957,1998.0621739130436,7294.697173913044,46
8544,6,49.99,360.56,1351.661904761905,1848.948095238095,7609.770476190476,21
8545,6,50.0x,2927.606325581395,3661.4267209302325,2998.13288372093,17443.081023255814,430
8546,6,50.11,1334.724488888889,5603.347911111111,3241.741666666667,13147.43708888889,900
8548,6,50.13,9026.979666666668,8587.303333333333,7352.834000000001,33841.242666666665,30
8549,6,50.14,3832.5791803278685,5225.103114754098,4847.4177049180325,23657.718524590164,61
8550,6,50.22,10838.494950884085,7746.755098231827,8155.747367387034,46607.39844793713,1018
8551,6,50.23,9478.9805,5285.3355,5629.116,30812.944,40
8552,6,50.24,7205.014863221885,4526.727142857143,3499.30717325228,24012.184376899695,329
8553,6,50.25,10617.796224489795,5245.054591836734,5303.486428571428,33625.87408163265,98
8554,6,50.29,9946.171145038168,6513.257824427481,6871.828358778626,36573.58522900764,262
8555,6,50.3x,15392.902589703588,9235.80489079563,10889.85236349454,57852.84313572543,1282
8556,6,50.59,201554.0926530612,45930.45020408164,74972.2618367347,452318.1818367347,49
8557,6,50.61,9209.1628125,13528.9734375,12990.51375,59170.2775,32
8559,6,50.91,2346.0394326241135,7354.459078014184,7625.0677068557925,22788.34184397163,423
8560,6,50.92,20484.26146103896,12086.463311688312,16722.720032467532,77847.97694805195,308
8561,6,50.93,3789.668125,6027.99546875,5390.45171875,20897.0940625,64
8562,6,50.94,1039.926551724138,3187.496896551724,2070.4024137931033,8035.268275862069,29
8563,6,51.01,2214.796554054054,6084.901959459459,5703.033716216216,18670.77027027027,148
8565,6,51.04,2532.8289814814816,2981.196851851852,1979.6334259259258,13056.375277777777,108
8566,6,51.10,9139.080490196078,5304.566960784313,5660.14,27046.702598039217,204
8567,6,51.11,2783.32631147541,3451.967131147541,3064.1073770491803,14778.781803278689,122
8573,6,51.22,6183.73393442623,6800.813387978143,8755.205136612021,34157.66153005464,183
8574,6,51.23,2244.6623503065616,2587.9517341392357,2055.1250528329783,12029.94125320694,22997
8577,6,51.36,17857.457777777778,10700.293555555556,17822.734666666667,66842.88288888888,45
8578,6,51.37,11270.635897435897,8371.920256410256,10028.139487179487,53294.400256410256,39
8579,6,51.39,13979.12051724138,8433.597586206895,10920.492586206896,52478.642758620685,58
8580,6,51.41,5379.997391304348,8417.268478260869,11360.284076086957,40487.10494565217,184
8582,6,51.43,10051.781111111111,7237.929999999999,8153.4,33849.14703703704,27
8583,6,51.49,5606.5275,6577.7964999999995,8768.068166666666,33825.08775,120
8585,6,51.59,2545.8118656716415,5207.819253731343,6637.977537313433,20541.261940298507,134
8588,6,51.63,12433.523294117647,7618.441764705883,9382.078823529411,54546.515882352935,85
8589,6,51.64,9634.499866666667,7875.768,4553.911733333333,32447.13986666667,75
8590,6,51.69,18218.431111111113,10798.278333333334,14405.579166666668,63039.211111111115,36
8592,6,51.79,4060.6409774436092,6965.765263157895,7048.2292481203,31358.011804511276,133
8593,6,51.82,8931.676896551724,6316.35948275862,6153.258620689655,33595.145344827586,58
8595,6,51.85,9356.592628398792,5850.752598187311,5046.019773413897,28761.480271903325,662
8596,6,51.86,6205.494857142858,5907.6425714285715,5045.292571428571,22960.17542857143,35
8597,6,51.87,7940.934375000001,6085.175763888889,5625.434027777777,26790.837152777778,144
8598,6,51.88,5615.227155255545,5083.469238187078,5575.816456123433,25981.701383799424,2074
8604,6,51.96,666.205,1076.8587640449437,562.8671348314607,3726.8289887640453,178
8605,6,51.98,3275.721173304629,5375.778546824542,5025.189321851453,18026.49219590958,929
8609,6,52.11,3119.702262773723,6701.998832116788,4275.54810218978,19700.745474452553,137
8610,6,52.12,5209.3422,7520.7586,8267.9162,37532.2098,50
8612,6,52.19,430.47370731707315,5116.025268292683,3627.302390243902,11771.285024390245,205
8613,6,52.21,9878.76380952381,7627.595714285715,8877.847619047618,43763.88857142857,21
8614,6,52.22,12587.04739130435,13495.177391304349,25805.065652173915,75221.88869565217,46
8615,6,52.4x,7316.671176470588,6481.996274509804,8415.389215686275,35702.37666666666,51
8616,6,52.51,14999.71593220339,10544.746271186441,16403.762033898303,69038.81593220339,59
8617,6,52.52,12698.195315315315,9668.347477477479,13492.845135135136,62692.75414414414,111
8618,6,52.53,15723.956923076921,12256.755128205128,14959.459230769231,70854.17743589744,39
8619,6,52.59,14722.638382978723,13619.673787234042,22844.60195744681,83201.95093617021,235
8620,6,52.6x,21467.000882352942,13375.779117647058,19794.615294117648,93279.84176470588,34
8621,6,52.7x,21960.284249471457,14312.493868921774,22498.850401691332,93417.88606765328,473
8622,6,52.92,7617.244583333333,19005.408333333333,23165.476250000003,67905.29125,24
8628,6,53.00,3127.6742900302115,2494.735740181269,2007.336827794562,12470.16836858006,331
8629,6,53.01,3121.7284615384615,3401.6135897435897,3009.204102564103,14759.779487179489,39
8630,6,53.02,1469.8036275626423,1183.0082061503417,671.1382403189066,6944.8529612756265,1756
8631,6,53.03,3566.4805570291774,2060.7557824933688,1023.0785676392572,10079.034164456232,377
8632,6,53.04,3416.5170339622646,2053.061441509434,1105.745720754717,10319.594566037737,1325
8633,6,53.05,2858.2090685413004,2143.252811950791,1110.2624428822494,9653.368611599297,569
8634,6,53.10,4258.4016,2830.5335999999998,2075.8564,14998.451200000001,25
8636,6,53.12,1454.1544801223242,1026.8326834862385,493.46340214067277,7558.972278287462,1308
8638,6,53.14,6342.3535897435895,2478.091923076923,1227.3814102564102,14736.263076923076,78
8639,6,53.15,6301.772053571428,2255.9574107142857,1234.925625,14617.485357142858,112
8640,6,53.16,6481.431515151515,2510.1,1514.2518181818182,15757.36303030303,33
8641,6,53.17,6390.732022471911,2501.2486516853933,1458.612808988764,15762.953370786518,89
8642,6,53.21,4398.068306878307,2575.079523809524,1454.5073015873015,13054.703756613755,189
8643,6,53.29,2344.7202521008403,3661.5900840336135,3030.1715966386555,14733.01705882353,119
8649,6,53.49,1775.973125,3253.0771875,2462.061875,12821.2265625,32
8650,6,53.51,9983.327777777778,2990.2853333333333,2575.7422222222226,22230.083333333332,45
8651,6,53.59,2719.1691071428572,2189.986785714286,1508.566607142857,10952.23,56
8652,6,53.61,10839.873548387097,3577.896129032258,3061.3595698924732,24184.34946236559,93
8654,6,53.63,17514.868932038837,4203.663980582524,3480.790388349514,34108.895728155345,103
8655,6,53.69,5732.899622641509,2571.6596226415095,1759.4283018867925,15041.734528301888,53
8656,6,53.71,13543.27301369863,4584.076164383561,4043.2527397260274,35520.64465753425,73
8663,6,53.9x,4839.27675,4849.441000000001,4700.22025,22412.510499999997,120
8664,6,54.0x,1001.8882812500001,3063.7141145833334,2596.6058333333335,10841.928958333334,192
8665,6,54.11,5225.023796791444,9355.53294117647,9971.268235294117,39510.46304812834,187
8667,6,54.19,3591.301176470588,8114.874537815125,10539.809411764707,35584.44697478992,119
8668,6,54.21,4149.316347031963,5257.524383561644,5659.041141552511,24671.98406392694,219
8669,6,54.22,3338.42152173913,6223.060217391305,4880.991086956522,23804.024999999998,46
8670,6,54.23,4191.3038524590165,7178.649918032787,4846.211393442623,25955.685573770494,122
8671,6,54.24,1637.3211111111111,7215.974242424242,3846.959393939394,16363.012373737374,198
8673,6,54.3x,1319.975490605428,2568.1901252609605,1601.419394572025,9786.509123173279,479
8674,6,54.4x,6381.5877366255145,7757.328765432098,6048.889691358025,35401.40516460905,486
8675,6,54.51,2685.6939840637447,3177.6009960159363,3258.5384462151396,16428.357450199204,502
8676,6,54.59,3945.43276816609,5837.152352941177,8390.77785467128,29334.388373702423,289
8685,6,54.91,918.3533847946402,5241.360821438974,5863.989155257792,17021.261680745705,3433
8687,6,54.93,2779.363884297521,5371.294297520661,5264.89347107438,20879.05338842975,121
8690,6,54.97,6062.886290322581,4408.567419354838,5488.856612903225,22742.61177419355,62
8691,6,54.98,328.55335403726707,2804.6857391304347,2199.43849689441,7151.879142857143,805
8692,6,54.99,4708.990516605166,5293.431771217713,3507.647749077491,24720.104169741695,271
8693,6,55.01,2678.306438247012,3271.2385099601593,1934.5674422310758,15605.81089243028,1255
8695,6,55.03,4163.0599999999995,5168.974559585492,4453.8086528497415,20938.503575129533,193
8696,6,55.04,5860.171608884073,3705.800536294691,3553.295693391116,21508.98937703142,1846
8697,6,55.11,4319.345918367348,3954.7630612244902,2960.7611224489797,20618.62091836735,98
8701,6,55.23,641.8304099244876,5891.405124056095,1846.321752966559,10902.126051779935,1854
8706,6,55.39,5843.167882352941,5043.160823529412,3293.149529411765,24137.19870588235,85
8707,6,55.4x,5915.762494279176,5724.06347826087,3643.4999542334094,35678.93109839817,437
8708,6,55.51,6232.637254901961,5807.173663101604,4348.998172905526,31479.36614973262,1122
8711,6,55.69,41409.01620689655,11576.829080459771,23972.00068965517,117209.44695402299,174
8715,6,55.87,5219.482590673575,3236.509274611399,2800.566062176166,30097.39481865285,193
8718,6,55.92,1431.1125098039215,4707.506235294118,2902.4359215686277,12037.01968627451,255
8719,6,55.93,1930.7340540540542,3055.789189189189,3121.5424324324326,10700.507297297298,37
8721,6,55.96,488.3760869565217,2885.5660869565218,1434.7828985507247,5837.785507246377,69
8722,6,56.0x,4705.669452887538,2778.4227321850726,2114.92529663402,15211.659494540132,8883
8723,6,56.2x,3617.4032463768117,3452.511391304348,2612.338260869565,18251.11484057971,345
8724,6,56.31,2615.927391304348,2776.331739130435,1827.8367826086958,10294.942260869564,115
8726,6,56.33,1984.2565714285713,4723.894,2623.4491428571428,13818.402285714286,35
8728,6,56.41,4604.426654676259,3856.460791366907,2825.6096402877697,18571.996582733813,278
8731,6,56.74,4438.907321428572,3768.3298214285714,3552.4512499999996,32496.946607142858,56
8732,6,56.81,3560.8327999999997,4134.94,2821.1944,16342.8696,25
8734,6,56.89,4941.042,4081.6026666666667,4009.8351111111115,34857.60355555556,45
8737,6,57.0x,1566.6373663101604,3016.0515641711227,2281.2077139037433,11699.01057486631,748
8739,6,57.17,1374.6357142857144,3545.5105494505497,2472.54032967033,11340.379230769231,91
8740,6,57.18,956.89,3085.5526923076923,2721.2461538461534,11169.44076923077,26
8741,6,57.19,1349.8978571428572,3745.159523809524,2957.817857142857,14481.253095238095,42
8742,6,57.21,1062.5265789473685,3745.9510526315794,3337.08,12005.398684210528,38
8744,6,57.32,481.4890384615385,3047.8923489010986,1490.420618131868,6895.363983516484,728
8745,6,57.33,614.5953030303031,4156.464696969697,1729.229696969697,8777.33893939394,66
8748,6,57.49,2280.505780615206,4050.1220255368544,2882.251392919327,15870.77747533372,1723
8749,6,57.51,1904.8823076923077,2947.167692307692,2343.9282051282053,16629.596923076922,39
8750,6,57.59,2977.394705882353,4580.223137254902,3218.2956862745095,19030.73843137255,51
8751,6,57.6x,4202.087083333333,5607.955833333333,3887.9370833333337,26333.490416666667,24
8752,6,57.71,15583.418641975308,10305.491975308641,9571.716790123455,63379.78358024691,162
8759,6,57.89,4677.725909090909,4692.968181818182,3562.3786363636364,32995.27227272727,22
8760,6,57.91,1985.75125,2459.9703125,1981.3209375000001,11928.10375,32
8763,6,57.94,577.1131848552338,6018.551345211581,4682.402048997773,16719.316173719377,2245
8764,6,57.95,567.48475,6165.165166666667,5533.602,20448.443833333335,120
8766,6,58.0x,1515.0293103448275,2361.313103448276,2016.941379310345,10730.585862068965,29
8768,6,58.22,542.4142857142857,2100.7685714285712,1367.9642857142858,5752.042380952381,21
8771,6,58.31,1754.249423076923,2537.4720192307695,1924.0603846153847,11207.778846153846,104
8772,6,58.39,695.8568146214099,2284.8914099216713,1782.8948825065274,9334.292898172323,383
8774,6,58.43,1352.8964,1462.1707999999999,2095.1412,15634.5632,25
8776,6,58.45,1651.858564102564,980.5975897435898,1580.4029743589745,16300.081897435899,195
8778,6,58.47,922.6875,1848.5441666666666,1811.9033333333334,9823.8575,24
8779,6,58.49,987.1494871794872,1774.9102564102564,1481.793846153846,11010.537179487179,39
8780,6,58.5x,1412.5867213114755,3858.1445901639345,2840.4667213114753,13215.209672131148,61
8781,6,58.6x,1144.9185427135678,2646.3128140703516,1875.9757788944723,8618.26040201005,199
8785,6,59.03,3293.5332,3994.3132,2469.6582,19490.5446,50
8789,6,59.5x,9140.41918918919,2394.0378378378377,1738.4813513513513,18118.640000000003,37
8791,6,59.79,8999.3310546875,2170.6180859375,1288.42625,17994.9638671875,256
8792,6,59.8x,3069.258932038835,3076.946213592233,1998.4799249779346,11786.53057811121,2266
8798,6,59.99,1553.4567149059335,1547.4758321273516,847.2285383502171,6327.572561505064,691
8800,6,60.11,825.3071746880571,5607.952825311943,1920.8400267379682,10389.391345811051,1122
8803,6,60.21,1980.3808521303258,3988.1314285714284,3238.5168170426064,18285.80042606516,399
8804,6,60.29,2779.244523093742,4162.866960918284,3169.3151926755945,17301.259844219734,3659
8806,6,60.5x,6416.434079822617,7641.780598669623,4637.04199556541,52422.75399113082,451
8807,6,60.61,2485.12,4008.311304347826,3728.5730434782604,19174.318260869564,23
8815,6,61.0x,751.3145762711864,2169.2861016949155,2239.6769491525424,8468.999830508474,59
8818,6,61.2x,645.3014534883721,2212.884476744186,1508.9672093023255,7781.288604651162,172
8819,6,61.3x,546.1287323943662,2640.0357746478876,1674.8445070422533,8147.388732394365,71
8822,6,61.49,1096.979710920771,1200.4838650963598,764.3278907922912,6516.602280513919,934
8825,6,62.0x,1709.7084615384617,1808.7435897435898,974.7184615384615,10285.688717948718,39
8828,6,62.2x,595.5021505376344,1240.5974193548386,856.6248387096774,6144.624086021506,93
8829,6,62.3x,1120.0244052863436,3158.0802643171805,1929.015242290749,10115.07207048458,227
8831,6,62.5x,1031.1663322884012,1010.6868652037617,585.5972570532915,7101.150250783699,638
8834,6,62.99,617.2813333333332,1399.0333333333333,831.1903333333333,8071.317,30
8836,6,63.1x,1364.864456140351,1472.7621520467835,1025.3522222222223,7746.556116959065,855
8837,6,63.2x,628.0391304347826,2063.415,1184.4884782608697,6669.610434782609,46
8838,6,63.3x,839.3515384615384,2334.4611538461536,1235.1426923076922,7854.197307692308,52
8839,6,63.4x,748.66175,2692.09125,2095.413,8781.088749999999,80
8840,6,63.52,778.4160606060606,1262.0083333333334,1219.9127272727274,6856.101818181819,66
8850,6,64.0x,876.4816566265059,881.7347289156627,300.12734939759036,3255.2160843373495,332
8852,6,64.2x,589.1674545454546,2043.6283636363637,1135.5801818181817,6784.942,110
8853,6,64.3x,1503.0129347826087,4348.522608695653,3252.9060869565214,15768.705000000002,92
8857,6,64.49,1250.9244444444444,911.4380645161291,1118.4786738351254,11051.849318996416,279
8858,6,64.91,485.425,1762.5696428571428,1052.8139285714285,5401.822857142857,28
8861,6,65.01,1881.4180263157893,2595.503289473684,1658.1852631578947,12650.00697368421,76
8867,6,65.23,1693.4218333333333,3009.2216666666664,1288.4096666666667,11941.796333333334,60
8869,6,65.25,2391.4685732484077,2837.5885707006373,1402.8449401273886,13897.920461146497,3925
8870,6,65.29,2502.2899479166667,4024.7999479166665,2544.0593229166666,15763.813333333334,192
8871,6,65.31,2075.0687692307692,3387.3623076923077,1633.7926153846154,13932.863384615384,65
8873,6,65.41,2255.1672636103153,3605.098753581662,1666.5100143266475,14816.066719197708,698
8874,6,65.49,3384.787739130435,6244.592956521738,3605.711913043478,22130.716695652172,115
8876,6,65.53,2496.3669230769233,4163.842,1702.4933846153847,18454.028000000002,65
8878,6,65.61,7231.09405263158,8199.329894736842,5775.128684210526,32822.87515789474,190
8880,6,65.63,2305.931616481775,4143.240998415214,1602.8790808240888,15935.154358161648,631
8885,6,65.79,2261.8028925619838,2323.366033057851,1615.775785123967,11380.589338842976,121
8886,6,65.81,1917.3262162162164,2068.5013513513513,1554.52,12936.676216216216,37
8890,6,66.01,1677.0493762183235,1804.2146393762182,1187.9612670565302,10184.7977582846,513
8891,6,66.02,1897.1039298245614,2027.258947368421,1344.5446315789472,11581.60403508772,285
8894,6,66.29,2148.2343037974683,1994.9810126582279,1089.6772151898733,12034.254303797468,79
8897,6,66.4x,1891.1631952017447,2104.4780152671756,1449.5045256270446,11366.361112322793,917
8898,6,66.51,2023.2698404255318,3061.621826241135,1932.8868262411347,14276.297730496453,564
8900,6,66.61,1844.2635294117647,2541.2323076923076,1486.8957918552035,12078.023167420815,221
8901,6,66.62,1748.3739696969699,1723.2382954545453,1201.6739166666666,9912.432393939394,1320
8904,6,66.73,2357.712093023256,1747.4395348837209,1198.903488372093,14598.845813953489,43
8906,6,66.79,2597.595007949126,1915.5612241653419,951.4772019077902,15333.1700317965,629
8907,6,66.8x,1713.6572727272728,2095.3773232323233,1135.5226262626263,10889.401414141414,198
8912,6,67.0x,389.3794202898551,1873.7091304347825,684.8942028985507,4704.929565217391,69
8913,6,67.11,267.3539285714286,3700.515,1054.2625,6373.035000000001,28
8914,6,67.12,227.7777319587629,3812.3629209621995,929.9835395189004,6778.667010309278,291
8915,6,67.19,188.38423076923075,2869.055,606.2753846153846,4854.066538461539,26
8916,6,67.2x,597.6783253588517,2391.4264497607655,706.0621913875598,6784.455234449761,1045
8917,6,67.32,353.344239888424,1718.914170153417,415.03481171548117,4361.610441655044,2151
8918,6,67.33,595.0288524590164,2365.1688524590163,976.3759016393443,7133.3698360655735,61
8919,6,67.39,553.009461426492,1914.3744104803493,631.5179184861718,5682.548850072781,687
8920,6,67.4x,1957.7735483870968,3342.2655913978497,1475.2078494623654,14354.263978494624,93
8921,6,67.51,2706.24,1879.6166666666666,1146.9180000000001,12109.158,30
8922,6,67.59,575.2380666666667,2229.2312,2371.5289333333335,8440.657066666667,150
8923,6,67.61,433.271282051282,1651.3789743589743,973.3835897435897,6814.059743589744,39
8927,6,68.11,40.197391304347825,1361.9569565217391,285.3678260869565,2725.86,23
8928,6,68.12,381.7725261780105,1674.502552356021,620.5174738219895,4860.803612565445,764
8930,6,68.16,661.556214953271,2075.8903738317754,787.7678504672898,6492.857476635514,214
8932,6,68.21,753.6276232523915,1484.6447608535689,647.4341942604856,5655.685415746873,1359
8933,6,68.22,1159.7232926829267,1733.4184146341463,740.5417073170731,8261.432926829268,82
8934,6,68.23,824.0185878962536,2062.7599135446685,750.3535446685879,8317.699740634005,347
8936,6,68.25,5781.397323232323,3712.1523232323234,2800.1012121212125,22785.71101010101,198
8937,6,68.29,1268.2191509950703,2232.1284553587734,934.7938177834582,9417.880751323717,10954
8938,6,68.31,2422.6347867298578,3697.432654028436,1649.5730331753552,17658.67488151659,211
8939,6,68.39,1846.054724409449,3585.756535433071,2568.5523622047244,15848.734724409449,127
8940,6,68.41,3034.192118515303,4569.813711743,2042.9589798133275,21150.678992836987,4607
8941,6,68.49,3618.150211678832,6542.6471605839415,3920.9017737226277,25777.63669343066,1370
8942,6,68.51,3521.398975409836,4612.831229508197,1972.5995081967214,22039.055696721312,244
8943,6,68.59,1724.3943201754387,3553.951578947368,1764.1818859649122,14151.313837719299,456
8944,6,68.61,6120.036827094475,7632.024991087344,3695.631568627451,36384.36962566845,561
8945,6,68.69,4652.4673828125,8803.87279296875,5163.4190234375,34523.70013671875,512
8949,6,69.01,204.41751138088014,1191.3332169954476,559.8191502276176,3327.6329135053106,659
8950,6,69.02,158.79988190138764,1098.7774667847652,547.3757927369354,3192.765754354886,3387
8951,6,69.09,268.5376340221623,1892.0893471099132,665.4984546271338,4589.186334231806,3339
8952,6,69.19,2312.0613559322032,3361.417288135593,1609.7059322033897,14868.065762711865,59
8953,6,69.22,9153.80766497462,3380.403959390863,1507.964263959391,22951.39299492386,197
8954,6,69.49,2351.308113207547,2152.4439622641507,1643.6139622641508,12391.842169811322,106
8955,6,69.51,356.6006184798808,1023.2780998509687,576.4036289120716,3457.673274962742,2684
8956,6,69.52,180.4076420695505,1454.0599830364715,584.2805428329093,3649.497591178965,1179
8957,6,69.59,272.96984375,1929.0874479166666,694.9844270833333,4439.918958333334,192
8959,6,69.91,231.66473684210527,2876.051804511278,1285.1662406015037,6383.813533834586,133
8963,6,70.0x,132.48141463414635,1731.0059024390246,1029.5436585365853,4011.940341463415,205
8964,6,70.11,602.8260869565217,1681.378260869565,484.5008695652174,5110.680434782608,23
8965,6,70.12,2093.61825,4316.597,4220.808,18281.84175,40
8967,6,70.14,873.015,2290.3111538461535,945.2757692307694,7974.470769230769,26
8968,6,70.21,127.97782608695651,3581.7927536231887,986.752608695652,6035.047826086957,69
8969,6,70.24,233.74880000000002,3775.2848,761.9076,6354.6116,25
8973,6,70.33,553.6627941176471,2082.7454901960787,769.1817156862745,6107.95637254902,204
8974,6,70.4x,974.9681355932204,5103.486779661016,1700.7130508474577,17717.732033898305,59
8975,6,70.50,980.4673099415205,2607.237602339181,1312.4843274853802,10241.850701754385,171
8976,6,70.51,985.4168181818183,2662.7343181818183,1389.4352272727274,9764.958181818181,44
8977,6,70.52,857.8728301886792,2479.600754716981,1706.7347169811321,10235.224150943397,53
8978,6,70.53,13928.532555555556,3176.2453333333333,1547.419888888889,26912.045444444444,90
8979,6,70.54,13973.123695652175,2663.9969565217393,1379.6828260869565,24123.065652173915,46
8983,6,70.71,390.80082089552235,1776.813208955224,649.6265671641792,5244.062164179104,134
8988,6,70.78,5908.2181578947375,4130.253947368421,1270.0452631578949,30751.91236842105,38
8989,6,70.79,827.8404347826087,1902.1091304347826,1140.1226086956522,7807.21347826087,23
8992,6,71.01,321.9390322580645,1129.6809677419355,308.0270967741936,3182.2599999999998,31
8993,6,71.09,213.7841040462428,1283.9989595375723,810.6057803468208,3961.0715606936415,173
8994,6,71.11,92.00581818181817,2569.5687272727273,662.4585454545455,4542.5372727272725,55
8996,6,71.22,203.0105747126437,1358.0542068965517,738.1282068965518,3800.288183908046,435
8998,6,71.24,539.8172,1977.7337333333332,875.0982666666666,5931.1431999999995,75
8999,6,71.29,205.34029585798817,1365.2886982248522,636.9426627218935,3656.4376331360945,169
9000,6,71.3x,348.4842701525054,1812.6137037037035,495.02747276688456,5250.75385620915,459
9002,6,71.5x,2907.0245833333333,6157.712500000001,3831.4979166666667,26066.686666666665,48
9005,6,71.71,261.6266568047337,1455.214674556213,698.9745857988166,4962.087307692308,338
9007,6,71.79,7780.775950413224,2391.87694214876,1223.8020661157025,16769.908429752064,121
9009,6,72.0x,496.7614634146342,1974.539512195122,1152.4460975609757,9232.60463414634,41
9010,6,72.1x,698.4337689969605,2007.869574468085,1324.19452887538,11708.560151975684,329
9014,6,72.71,598.5652427184466,1970.3703883495145,870.3596116504854,7952.783398058252,103
9017,6,73.01,242.36090909090908,1675.678787878788,667.6157575757576,5727.599999999999,33
9018,6,73.09,270.92407142857144,1576.1854285714285,787.5802142857143,5157.876214285715,140
9019,6,73.1x,444.4184482758621,1620.3317241379311,771.5798275862069,6529.838620689656,58
9020,6,73.4x,100.51584594222834,1347.3480055020632,629.9855570839064,3405.2589958734525,727
9022,6,73.59,333.01199501246884,1512.3360491628073,761.7807588172426,6712.1960990381185,2807
9023,6,73.6x,453.72866888150605,1636.9221395348836,827.5703986710963,7508.137202657807,4515
9024,6,73.8x,193.12418439716313,1755.1847517730496,708.674609929078,4800.206382978723,141
9025,6,73.91,345.31652173913045,1388.204347826087,268.32217391304346,3486.7617391304348,23
9027,6,74.0x,3625.9245833333334,4615.119583333333,3623.6908333333336,22492.32541666667,24
9028,6,74.1x,1319.970623141198,1926.8947202945758,1690.5950718736724,11072.675701387905,28244
9030,6,74.3x,1099.5546324786324,1909.9546324786324,1126.0733675213676,8522.615504273504,585
9031,6,74.4x,834.796046511628,968.5488372093023,1452.3852325581395,9078.165290697674,172
9032,6,74.91,3203.1632653061224,4514.703265306122,4261.440816326531,21587.381836734694,49
9033,6,74.99,1427.0528205128205,1685.741923076923,2229.8402564102566,11768.811025641025,78
9034,6,75.0x,145.9486837294333,1492.7287111517367,1105.5868921389397,4732.602888482632,1094
9036,6,75.32,16.721481481481483,1124.037037037037,152.65370370370368,1789.1648148148147,27
9037,6,75.34,60.29545824847251,1435.470631364562,373.32252545824844,2801.1793890020367,491
9038,6,75.35,221.9909090909091,1674.2870454545455,312.8452272727273,3777.3522727272725,44
9041,6,75.4x,405.82186274509803,2219.8316666666665,1523.7879411764704,8172.512156862745,102
9043,6,75.51,450.2121782178218,1799.448184818482,899.469405940594,7083.570462046205,303
9047,6,75.69,401.1433055841362,1569.7619315311943,821.6687606397905,7563.866367037695,10691
9051,6,75.92,394.32098214285713,1608.060892857143,687.2049999999999,7672.183839285714,112
9053,6,75.99,369.2491150442478,3174.6017699115046,1251.5952212389382,8024.5176106194685,113
9054,6,76.01,1485.415909090909,2415.115,2721.2427272727273,14107.080909090908,22
9055,6,76.09,1380.0995,2328.556,1991.8685,10967.08375,40
9057,6,76.2x,2692.317810126582,2111.512012658228,1750.3375443037974,14127.522493670886,790
9058,6,76.31,4797.072125000001,3575.6542500000005,2841.17525,18925.322,80
9059,6,76.39,3724.2009000000003,3927.0633000000003,2579.6269,17919.1075,100
9068,6,76.64,5325.08576923077,4922.042307692308,3380.683846153846,30516.525,26
9069,6,76.65,21545.154736842105,15932.388245614035,2117.0359649122806,63854.3401754386,57
9071,6,76.69,3792.05625,2000.7589285714287,1667.6771428571428,21442.753035714286,56
9074,6,76.72,19338.838440366973,4764.1446788990825,4863.9156880733935,40338.877522935785,109
9075,6,76.73,973.1942499999999,1855.2575000000002,1230.3365,7558.05925,40
9076,6,76.74,24358.034065934065,7843.31021978022,4407.39010989011,50698.18703296703,91
9078,6,76.76,18152.78518987342,6900.463670886076,4703.033860759493,42040.902025316456,158
9081,6,76.79,17505.392413793103,3500.0750000000003,2925.441034482759,37827.77362068966,58
9085,6,76.94,11371.586875,9768.40625,1032.7634375,31706.3253125,32
9087,6,76.96,20.896190476190476,2264.809523809524,152.73285714285714,3670.114761904762,21
9088,6,76.97,1065.7384571428572,1722.982,1238.8065142857142,10595.746685714284,175
9097,6,77.09,3036.7507692307695,6113.4349999999995,5625.052692307692,22390.64153846154,26
9102,6,77.15,8877.852799999999,3274.487333333333,2747.1044,22300.26466666667,75
9110,6,77.27,12927.25219178082,5487.17397260274,4150.965205479452,46788.13821917808,73
9111,6,77.28,6212.450660377359,2859.2256603773585,1935.9777358490567,26641.34396226415,106
9112,6,77.29,20531.33065934066,7293.039120879122,5620.533956043956,50095.41604395605,91
9123,6,77.45,3151.095666666667,4338.138666666667,1786.3626666666669,14134.367333333334,30
9124,6,77.47,2671.0295238095237,3576.666190476191,798.2919047619048,10464.407619047619,21
9126,6,77.49,2812.5963392857143,6353.808839285714,2638.475535714286,16687.90357142857,112
9133,6,77.61,4427.963846153846,4075.0142307692304,2857.361923076923,18825.43576923077,52
9134,6,77.62,9983.249180327868,4093.5277049180327,2351.0088524590165,28469.31606557377,61
9135,6,77.63,5366.517419354839,3446.6387096774192,2532.3741935483868,21453.41935483871,31
9137,6,77.65,11451.17923444976,5106.9073684210525,3964.6317224880386,34101.27291866029,209
9139,6,77.67,8126.9914285714285,4586.613265306122,4288.9152040816325,28669.015000000003,196
9140,6,77.68,4071.013783783784,3337.8172072072075,2524.522252252252,17158.19918918919,111
9141,6,77.69,10871.0560546875,5203.3527734375,4317.88021484375,30367.96255859375,512
9144,6,77.81,5110.366153846155,4293.854230769231,3001.711153846154,22135.25653846154,26
9152,6,77.89,12708.452741935484,6174.3783870967745,6562.1067741935485,50600.229838709674,62
9163,6,78.07,8562.515,3356.768611111111,4093.487777777778,27976.512777777778,36
9167,6,78.11,580.7773333333333,4138.215333333334,2108.098,11367.334,30
9169,6,78.13,11304.586666666666,3648.66,2954.4554761904765,25380.500714285714,42
9171,6,78.17,21571.59807017544,6650.5977192982455,9501.580701754385,60917.584561403506,57
9173,6,78.19,31257.400357142855,11686.060714285715,12374.463928571427,77035.39535714286,28
9182,6,78.37,14372.380952380952,5729.464523809524,7296.278571428572,49772.008095238096,42
9186,6,78.46,8391.126538461538,2868.023076923077,1929.893076923077,21555.30269230769,26
9189,6,78.49,7864.480909090909,4147.586666666666,2260.7345454545452,21618.40121212121,33
9190,6,78.51,10105.535652173914,3597.7130434782607,4460.98,25151.08434782609,23
9191,6,78.52,8260.85375,3758.0475,2385.9495833333335,24390.426666666666,24
9192,6,78.53,9514.623103448275,2789.944827586207,2081.5593103448277,23168.58448275862,29
9193,6,78.54,5088.814166666667,2190.5291666666667,1720.3925,17506.318750000002,24
9194,6,78.55,15256.3184375,7072.203125,5657.2675,42354.5953125,32
9196,6,78.57,14594.177068965517,4327.687758620689,3526.315344827586,34012.29568965517,58
9198,6,78.59,17135.49140625,4693.311640625,4564.8371875,41450.77265625,128
9199,6,78.60,1484.24,1624.5703703703705,1133.017037037037,7745.467777777778,27
9200,6,78.61,860.5209957805907,1579.163729957806,1313.5616624472575,7387.213383966244,1185
9201,6,78.62,865.2030619266054,1552.0592775229356,1213.306364678899,7495.933050458716,872
9202,6,78.63,789.9016379310345,1568.515051724138,1116.0897672413794,7220.371198275862,1160
9203,6,78.64,524.6342238267148,1450.5861010830324,921.6671480144405,6474.016389891697,277
9204,6,78.65,1274.6085333333333,1887.114703030303,1520.182581818182,9227.786606060607,825
9205,6,78.66,693.1393601003764,1724.5280552070265,1132.7587452948558,7200.261329987453,797
9206,6,78.67,805.1393535539216,1624.5029411764706,1206.6921078431374,7717.555036764706,3264
9207,6,78.68,721.3270391061453,1536.8169134078212,1139.1189106145252,7277.481773743017,716
9208,6,78.69,1211.0153640649555,1895.3154531168152,1807.2906705081195,9494.046045049763,1909
9212,6,78.81,1000.089375,6207.43625,2379.3628125,13353.958125,32
9218,6,78.89,1827.4462500000002,7387.060714285714,2124.628392857143,16107.104107142857,56
9220,6,79.01,1065.6615625,1814.9028125,916.3340625000001,7203.9303125,32
9221,6,79.02,499.53373801916933,1690.2743769968051,1074.9630031948882,6263.118530351438,313
9222,6,79.03,164.59761904761905,1211.6,1000.3114285714286,5991.475714285714,21
9225,6,79.06,1781.1377272727273,2116.035909090909,1948.3283333333334,10172.417272727273,66
9226,6,79.07,227.53916666666666,1368.3055555555557,1347.7819444444444,6419.558888888889,36
9228,6,79.09,3612.9936363636366,2093.024090909091,2995.6968181818183,16607.45772727273,22
9230,6,79.11,7490.217511961722,2650.492822966507,1771.6308612440191,19863.931961722486,209
9231,6,79.12,6208.850362318841,2061.618985507246,1387.595724637681,17037.875507246375,138
9232,6,79.13,1988.006875,2306.305625,1613.01,11467.226875,64
9233,6,79.14,1509.991875,1516.8755208333332,1464.4861458333335,8666.682604166666,96
9234,6,79.15,13156.546436781608,6204.304744572159,4789.486979565773,36535.356008939976,1566
9235,6,79.16,14498.216414141414,4224.23595959596,4523.958181818181,34732.905050505055,396
9236,6,79.17,8836.215777777777,3188.3715555555555,2989.1378888888885,23290.60311111111,90
9237,6,79.18,3012.044761904762,2439.3285714285716,2273.2461904761903,15123.733333333334,21
9238,6,79.19,16423.79731958763,7636.265051546391,6461.669278350516,48691.599381443295,97
9244,6,79.26,16179.833870967741,6097.701129032259,6274.571612903226,44258.88322580645,62
9247,6,79.29,5629.714074074074,3813.3303703703705,3271.7822222222226,21406.21148148148,27
9248,6,79.31,12151.856386250565,3647.3084938941656,3313.5266485753054,28967.098688376303,2211
9249,6,79.32,11799.525370370371,3183.0783763996556,3192.3375667527994,27236.433135228253,2322
9250,6,79.33,6830.1008993576015,2195.3772805139183,2141.793618843683,17316.131177730193,467
9251,6,79.34,2914.3138007380076,1506.1540959409595,1930.0073800738007,11932.127773677737,813
9252,6,79.35,17366.732477152476,6770.067989417989,5820.684973544974,45131.4512025012,2079
9253,6,79.36,15184.200499477534,4215.951383490074,4586.838313479624,36193.58879623824,4785
9254,6,79.37,11686.570326086956,3363.182855731225,4090.936986166008,29400.238764822134,1012
9255,6,79.38,4022.3802531645565,1889.47,2725.6633544303795,15915.179810126583,158
9256,6,79.39,12162.417242990656,4815.4800567423235,5084.80282376502,33388.25909546061,2996
9261,6,79.60,3993.629891304348,2436.1829347826088,2920.2625000000003,18154.582934782607,92
9265,6,79.64,809.7784782608695,1270.045543478261,1477.6008695652174,7076.6010869565225,184
9267,6,79.66,15606.073188405799,5596.267971014493,8693.533768115944,48502.96202898551,69
9268,6,79.67,7122.803461538462,3426.221153846154,3643.5715384615387,24040.033076923075,26
9269,6,79.68,1213.2231707317073,1519.8853658536586,1983.7756097560975,9627.771951219513,41
9272,6,79.71,386.8726666666667,1873.3641333333333,802.2914666666667,4692.935733333333,75
9275,6,79.75,1430.0083783783782,2204.921891891892,955.0070270270271,9242.234054054055,37
9280,6,79.81,10238.170162162161,3127.4261081081077,2833.5804324324326,24401.405621621623,185
9281,6,79.82,13178.090303030302,4700.988484848484,5200.046969696969,40327.45909090909,33
9283,6,79.84,1289.2668292682927,1566.7775609756097,1273.97,8555.398536585366,41
9284,6,79.85,9253.312191780822,4088.1505479452053,2450.5586301369863,39503.93890410959,73
9287,6,79.88,9433.065,3171.048846153846,2898.9507692307693,25565.523846153847,52
9288,6,79.89,25089.105247524752,5886.931485148514,5502.645544554455,51085.73178217822,101
9298,6,80.16,2742.424540229885,3190.362816091954,1958.218735632184,16101.328678160919,174
9301,6,80.20,9169.562249999999,2483.825,1683.764,23374.713750000003,40
9302,6,80.21,16482.64548387097,3090.777419354839,1996.4587096774194,29194.023870967743,31
9304,6,80.23,7944.36652173913,2379.304347826087,1316.9478260869564,22866.88086956522,23
9306,6,80.26,4730.8575,3673.6409375000003,2381.9126875,18863.508875,160
9307,6,80.27,6498.322222222223,2844.9777777777776,1852.1944444444443,19840.606666666667,27
9314,6,80.41,1887.738785046729,2590.5257009345796,1233.5430373831778,13436.744813084113,214
9315,6,80.42,853.8110852713179,2039.2266666666667,789.3821705426357,11058.151162790698,129
9318,6,80.45,1379.9131707317072,2202.4731707317073,740.2592682926829,9561.299024390244,41
9319,6,80.46,659.3709540636042,2290.4003180212017,1167.8043462897526,11550.123780918728,283
9320,6,80.47,2578.223913043478,2225.208695652174,1586.2391304347825,13512.706956521739,46
9323,6,80.51,14682.37347682119,4494.977125225768,3021.230162552679,33312.418910295004,3322
9324,6,80.52,579.2523851203501,2307.0404595185996,1273.0371334792121,9976.191509846825,457
9327,6,80.59,2346.148794788274,3150.2528013029314,1297.3182084690554,11420.264657980457,307
9328,6,80.6x,3426.6092249047015,2753.7216518424398,1527.558538754765,15100.82875476493,787
9330,6,80.71,9439.044375,2761.86109375,2090.4153125,24831.199375,64
9331,6,80.72,2001.1040625,3039.05375,1775.73875,14916.7803125,32
9335,6,80.76,6968.776884210526,2955.9374315789473,2201.188715789474,21829.774736842104,475
9336,6,80.77,4220.151960784314,2803.4466666666667,1475.1707843137256,17226.35098039216,51
9340,6,80.81,8337.91359375,3023.26265625,2720.4206249999997,23043.02046875,64
9341,6,80.82,2463.0866101694915,2954.3545762711865,1919.4069491525424,13768.021186440677,59
9342,6,80.83,1898.6286842105262,3115.517631578947,2499.473947368421,14409.927368421053,38
9343,6,80.84,1181.6513157894738,2098.141842105263,1769.8023684210527,9227.54,38
9344,6,80.85,8019.028333333334,7365.6793333333335,9727.711666666666,42734.29833333333,30
9345,6,80.86,3466.0348299319726,3371.536156462585,2771.043843537415,18003.98074829932,294
9346,6,80.87,5619.911504424779,3100.3541592920355,2225.64796460177,19439.201061946904,113
9347,6,80.88,1695.6147619047617,2888.932857142857,1930.8996825396823,12553.316825396825,63
9353,6,80.99,42265.99,9191.876923076923,8153.108,80413.55769230769,65
9355,6,81.01,22996.387575757577,9547.88696969697,5562.742424242424,72632.59348484849,66
9356,6,81.02,26942.018075117372,7321.509186228483,4195.6892018779345,69178.1589514867,639
9357,6,81.03,29545.6146,10919.7428,10399.0549,87577.0236,100
9358,6,81.04,29781.799523809525,8077.12,5264.849523809524,78934.57047619048,21
9359,6,81.05,38910.21041763341,13163.930046403711,8075.179582366589,96721.3552900232,431
9360,6,81.06,30437.048717948717,7201.677230769231,2061.6182564102564,82489.36738461538,195
9361,6,81.07,26874.799490909092,6089.742618181818,4743.3148,59632.90363636363,275
9362,6,81.08,32968.114421245424,5759.260157509158,4117.884051282052,58972.88786446887,2730
9363,6,81.11,16204.076704545454,4097.20125,3113.7085227272723,39344.625340909086,88
9365,6,81.13,13953.8104,3395.7968,2213.9664000000002,35251.7308,25
9368,6,81.16,10910.985714285713,2781.215,2085.679285714286,29832.799642857142,28
9374,6,81.23,18423.218076923076,2954.537692307692,2287.498846153846,35112.08192307693,26
9379,6,81.28,2461.2912903225806,1498.8235483870967,1413.5429032258064,11364.555483870967,31
9386,6,81.38,30309.411481481482,6006.585925925926,2918.774074074074,55858.54259259259,27
9387,6,81.40,23054.066862745098,4154.994019607843,1274.5809803921568,41321.52196078432,102
9391,6,81.45,19710.61429398148,4084.2680555555557,2535.320763888889,40704.17445601852,864
9392,6,81.46,9142.404166666667,3023.4641666666666,2776.4229166666664,25221.074583333335,48
9393,6,81.47,5369.602874285714,2541.916342857143,1915.061017142857,17867.511788571428,1750
9394,6,81.49,10489.971851851851,2882.6166666666663,2145.343888888889,24202.036296296297,54
9395,6,81.51,24198.91772683242,5073.999993542137,3629.048324184695,50609.59763965127,3097
9396,6,81.52,19532.94074723247,6845.030046125462,5556.128081180812,46369.87780442804,1084
9398,6,81.54,22765.75024879965,4758.382487996508,3643.1312876473157,48068.25837625491,2291
9405,6,81.65,11928.211236191477,4472.382635455024,2287.721388742767,23970.074608101,1901
9406,6,81.66,19066.743293091884,4773.923936955063,2498.6806639839033,32131.776599597582,2982
9412,6,81.81,23593.787962962964,6035.386296296296,4697.908148148148,51347.54981481481,54
9414,6,81.83,18232.76471669219,2913.81624042879,2328.9908882082696,34602.00852986218,1306
9418,6,81.91,142.9096587250483,3268.921571152608,2187.840135222151,9435.46608499678,1553
9419,6,81.92,162.4383285210138,3150.402422200834,1927.7105742701317,9196.71173885146,3117
9420,6,81.93,4871.4298,2125.7144,1833.3584,14903.8226,50
9421,6,81.94,7430.400310880829,2552.6275647668394,1561.4119689119173,21603.934611398963,193
9422,6,81.95,4482.219655172414,2066.8786206896552,1863.874827586207,13820.488965517241,29
9423,6,81.96,11543.459690721651,2993.3488659793816,2241.237010309278,26758.152577319586,97
9426,6,82.01,498.9938983050847,1047.1107627118645,537.4031355932203,4430.541906779661,236
9429,6,82.09,533.4067647058824,1640.5335294117647,1735.9661764705884,8092.685882352941,34
9430,6,82.21,351.1980215827338,1585.1248920863309,516.3592446043166,4625.633633093525,278
9431,6,82.22,454.24583333333334,2172.4025,1042.91625,7316.4454166666665,24
9432,6,82.29,695.4334636871508,1872.1689944134077,968.5712290502794,6863.02374301676,179
9435,6,82.36,1320.2436945812806,1483.4964532019706,2159.2800492610836,9838.840344827586,203
9439,6,82.44,1518.0123287671233,1179.4034246575343,1243.136392694064,7863.350639269406,219
9440,6,82.45,1043.073832599119,1286.5141997063142,1203.8333333333333,7390.0441556534515,681
9441,6,82.46,440.9336,1359.6756,1079.6372000000001,5887.732,25
9442,6,82.53,2428.075,1421.8082000000002,1116.3906,8762.482,50
9449,6,82.72,425.16159090909093,1571.9772727272727,3327.2875,13037.770227272727,44
9456,6,82.91,1123.9604761904764,1489.2432142857142,1264.09,8849.497023809523,84
9460,6,83.01,542.1012280701755,1466.9787719298245,632.6664912280702,5417.273070175439,114
9461,6,83.02,2003.3590789473685,5401.9525,5987.083289473684,21986.620263157893,76
9462,6,83.09,1387.2176623376622,3050.4931168831167,3270.3378571428575,13489.32012987013,154
9464,6,83.13,1828.8160714285716,2007.3714285714286,1399.6985714285713,10247.210000000001,28
9466,6,83.19,1488.2448000000002,1556.8518,606.773,8427.255799999999,50
9467,6,83.21,857.4131182795699,7940.57752688172,3374.1940322580645,16435.63569892473,186
9468,6,83.29,2797.7172916666664,2709.099583333333,3533.6498958333336,15508.039583333333,96
9469,6,83.31,772.51656167979,1761.361496062992,709.0373228346457,5885.712152230972,381
9470,6,83.32,1348.9391617933725,2453.9958089668617,1127.8083430799222,9687.614795321637,513
9471,6,83.39,1357.2892595362753,2411.817038145101,1313.2149439042635,9393.040029917725,1337
9475,6,83.45,3090.521474820144,3489.8808633093527,3696.9125899280575,19958.026151079135,278
9480,6,83.63,16980.38794117647,4504.414705882353,2609.535294117647,35754.1705882353,34
9481,6,83.64,1959.9376923076923,1793.519423076923,1613.0749615384616,10720.569942307693,520
9482,6,83.65,1701.1587969924813,2126.114135338346,1989.74992481203,11329.48969924812,133
9492,6,83.85,6284.666956521739,2047.9213043478262,1555.5791304347827,20646.991739130433,23
9495,6,83.88,5961.519873417722,2208.7630379746834,2108.3058860759493,16553.920506329112,158
9496,6,83.89,1111.8657831325302,1912.2074698795182,1273.3854216867471,8145.398192771085,83
9497,6,83.91,118.33300236406619,1590.0186130811664,877.3809377462568,7279.859984239559,1269
9499,6,83.95,636.146,4973.66123076923,2042.1166153846157,10980.010153846155,65
9502,6,83.98,235.9899074074074,1809.566049382716,1209.0905555555557,8330.59524691358,324
9505,6,84.01,1104.7013836477986,1681.0783962264152,1886.1894025157233,10706.565943396226,318
9506,6,84.02,977.7566037735849,1189.32,1202.6948113207548,8978.596698113208,106
9514,6,84.11,3506.7340825688075,4600.58628440367,4470.110688073394,23124.597201834866,218
9516,6,84.15,9783.212752293577,8344.227798165137,10879.440733944955,47458.14706422019,109
9518,6,84.17,6767.3961946902655,10262.731504424779,13369.960973451329,52821.46681415929,113
9520,6,84.21,5624.25152542373,1537.9838983050847,4240.545254237289,22362.77220338983,59
9521,6,84.22,6234.460994475138,1625.9597237569062,4881.68497237569,24836.914972375693,181
9529,6,84.3x,1339.8400892857142,1797.9623214285714,2151.670535714286,9229.120892857143,112
9530,6,84.55,11376.405555555555,4877.222222222223,5015.137407407407,28916.70296296296,27
9538,6,84.82,32231.67225,5765.50375,4526.1533,53647.378549999994,200
9539,6,85.0x,410.3273170731708,1487.1872357723578,1119.6297154471545,5229.9995121951215,246
9540,6,85.11,1728.651611624835,5103.480383091149,1613.1202774108324,10161.30963011889,757
9541,6,85.12,2204.2634146341466,4517.217317073171,1899.384024390244,11667.428292682927,82
9543,6,85.20,640.3354545454546,2109.325974025974,1628.9792207792207,10816.711688311689,77
9544,6,85.21,2811.532175578877,1758.3855355655505,309.13458937198067,6670.423065134099,12006
9545,6,85.22,1159.2036842105263,3223.344887218045,1121.6899999999998,9332.57417293233,266
9546,6,85.23,1785.598695652174,4596.904579710145,1578.0543333333333,13183.802289855073,690
9547,6,85.24,1041.602,1723.5925161290324,794.6364516129032,6866.032,155
9550,6,85.32,3080.21205882353,1954.6038235294118,1540.4020588235294,22982.919411764706,34
9551,6,85.33,20229.008494623657,6920.734623655913,1792.9212903225805,50193.688924731185,93
9552,6,85.34,1912.9571232876713,4205.14301369863,1400.293698630137,13553.521780821917,73
9553,6,85.35,29363.59230769231,5584.026153846154,1665.2303846153845,69708.535,26
9554,6,85.36,1712.380652173913,2556.4034782608696,1151.765,12527.22456521739,46
9555,6,85.41,2921.206637931035,7029.161249999999,2557.7250862068963,21035.567413793102,232
9556,6,85.42,5321.577916666666,3025.4541666666664,1498.6408333333331,17838.999166666665,24
9557,6,85.43,2986.8720125293657,7552.596280344557,2889.226413469068,21688.705810493346,1277
9559,6,85.45,3297.7820924574207,7663.441885644769,2475.2241849148418,22148.086362530412,822
9574,6,85.91,225.6257264957265,1339.4509401709402,1062.6952991452993,4756.107863247863,117
9576,6,85.94,3110.251685393259,2191.5806741573033,1238.7766292134831,15379.41988764045,89
9578,6,85.99,4030.157272727273,1309.3631818181818,1003.0004545454544,11169.215454545454,22
9579,6,86.01,409.3628690807799,2696.311448467967,2319.263008356546,8984.4017270195,359
9582,6,86.04,976.4660795454546,2746.9204545454545,2418.720838068182,10037.854488636363,704
9583,6,86.05,365.3584523809524,1991.960238095238,1032.9979761904763,5547.424464285715,168
9584,6,86.06,596.9090909090909,4899.465365853658,1794.3062084257206,9338.774101995567,451
9585,6,86.07,4580.3638155802855,4342.803767885533,4135.726073131956,17850.83292527822,629
9586,6,86.09,1004.1415053763441,2264.6397849462364,2307.623548387097,9954.380430107527,93
9587,6,86.11,294.3745858895706,3935.2890644171785,2282.1805368098157,10016.641702453988,652
9589,6,86.21,887.1267857142857,2124.525,2056.3401785714286,10461.576785714287,56
9590,6,86.22,2284.288909418657,3335.0762911221273,4183.848391167193,17469.478837314105,2219
9591,6,86.23,181.8964406779661,1543.1128813559324,861.4581355932203,6817.665932203389,59
9593,6,86.26,1385.5175294117648,1028.6631764705883,473.1677647058824,8032.029176470588,85
9594,6,86.27,435.2743478260869,1620.5473913043477,1427.571739130435,6756.584347826087,46
9595,6,86.28,537.7116716716716,2843.7924574574577,2671.2917267267267,10279.4894994995,1998
9596,6,86.3x,601.6623947750363,1775.0138624818578,715.7636175616836,5806.608695573294,5512
9597,6,86.4x,1340.7838297872343,3208.535011820331,1271.4028605200947,10709.849125295508,423
9599,6,86.59,430.7398148148148,3184.2885308641976,2762.650049382716,10387.142555555556,810
9601,6,86.61,1476.5883783783784,1640.075945945946,2003.3408108108108,12193.365675675677,37
9602,6,86.62,7969.207636363636,7468.007454545455,10066.357454545456,40995.272909090905,55
9603,6,86.63,4619.782,3310.1936363636364,4850.321636363637,25037.10109090909,55
9607,6,86.69,12785.064160401002,4872.705413533835,10238.137017543859,51520.354260651635,399
9608,6,86.70,3028.388415841584,3303.130297029703,4075.3046534653467,22376.778019801983,101
9609,6,86.71,868.9930882352941,1639.4593382352941,3179.578235294118,13727.664999999999,136
9611,6,86.73,2425.2761499999997,1667.7051500000002,4045.0272499999996,19080.14555,200
9612,6,86.74,3353.1172333848535,2682.5362132921173,3230.95998454405,20543.990479134467,647
9613,6,86.75,1131.4766594827588,1820.5617241379312,2038.786271551724,9887.778814655172,464
9615,6,86.83,1899.1514705882353,1908.1370588235295,1372.77,14505.12794117647,34
9616,6,86.84,2518.698656716418,1614.3074626865673,1805.6123880597015,17357.97865671642,67
9617,6,86.85,1774.7577966101694,1227.7403389830508,1095.303220338983,13989.458474576271,59
9620,6,86.89,1570.241,1930.5150555555556,2247.7325,12109.983555555556,180
9622,6,86.91,1196.0361904761905,2530.802380952381,1826.8771428571429,9921.798095238095,21
9627,6,86.99,109.99499999999999,1757.0568181818182,967.0229545454546,4781.145909090909,44
9628,6,87.03,338.00263479145474,3147.0868769074264,1926.7997151576803,7516.573387589013,983
9629,6,87.04,282.28608695652173,4805.465217391305,2755.248260869565,10158.266521739131,23
9636,6,87.24,7315.054230769231,4327.744615384616,1071.9730769230769,17216.50576923077,26
9642,6,87.41,235.95908946322066,3190.374731610338,1599.2799522862824,6648.232664015904,2515
9644,6,87.44,219.2175870967742,1631.0413806451613,724.796,4139.795135483871,775
9646,6,87.54,273.8442,1454.4424,1343.3354000000002,4585.339,50
9648,6,87.62,351.00522222222224,3592.436111111111,2607.139666666667,9269.577222222222,90
9658,6,87.83,44.89233333333333,529.9666666666667,194.25833333333333,959.554,30
9660,6,88.01,288.01157281553395,3366.2403883495144,1945.0761553398058,7263.687922330097,515
9662,6,88.19,230.62714285714287,2425.535714285714,712.5039285714286,5120.308571428572,28
9672,6,88.38,163.95000000000002,2733.709345794393,1451.4558878504672,6337.484112149533,107
9675,6,88.41,2460.0212928541923,4561.834069943549,3384.6820886685946,16111.85439487815,7263
9676,6,88.42,4103.421971153846,5217.797692307692,4844.603990384616,21171.94,208
9677,6,88.43,2748.3569999999995,6112.03,3605.287333333333,16645.230666666666,30
9678,6,88.44,5092.188529411765,5518.865735294117,5231.934558823529,23719.40823529412,68
9679,6,88.45,4129.937441860465,5270.5727906976745,2564.9395348837206,16718.000465116278,43
9680,6,88.47,7195.584742268041,5624.004278350516,6371.783762886598,29374.190670103093,194
9681,6,88.48,8090.631101694915,5666.6611016949155,3869.7010169491523,24194.914152542373,118
9682,6,88.49,5609.110606060607,4177.382121212122,2936.2709090909093,18473.504545454547,33
9683,6,88.50,1538.0,2562.590857142857,1544.8991428571428,11170.106,35
9684,6,88.51,6971.935612244897,3873.6085714285714,3532.533469387755,20191.31765306122,98
9686,6,88.53,1197.677722772277,3247.4079207920795,1677.4877227722773,9819.817722772277,101
9687,6,88.55,1209.918005546568,3703.658844464987,1535.5970085509591,10233.203244280101,21635
9688,6,88.56,1441.7687321428573,3636.568172619048,1690.0100654761907,10792.68450595238,1680
9689,6,88.57,1785.7585174693106,4199.084560906515,2293.09947592068,12818.684971671388,2118
9695,6,88.66,3705.439234449761,2853.061100478469,1730.8099043062202,12377.171052631578,209
9696,6,88.67,3266.8048275862066,2497.9675862068966,1460.398275862069,10477.482068965517,29
9697,6,88.71,138.9594930875576,3093.894516129032,2090.563456221198,7337.655944700461,217
9698,6,88.72,503.9096632996633,3104.4700673400675,1339.5662850729518,6357.8692255892265,891
9699,6,88.73,133.9728880866426,1665.9742238267147,540.6801083032492,4118.5765342960285,277
9700,6,88.74,199.07385185185186,2322.660962962963,1273.0256296296295,5162.5235555555555,135
9701,6,88.75,183.31425287356322,1950.8367816091952,931.1281609195402,4129.324022988506,87
9702,6,88.76,156.7388717948718,2023.9749914529916,936.0608547008546,4344.874393162393,585
9703,6,88.77,581.8558450704226,3495.3978873239435,1880.1897887323944,8077.330140845072,142
9704,6,88.78,94.90769230769232,1064.4846153846154,968.4317948717948,3303.334358974359,39
9705,6,88.79,74.06427480916031,1449.3763358778624,631.1785496183206,2925.878549618321,131
9707,6,88.90,64.58764705882352,2736.0670588235294,891.2934117647059,4726.552117647058,85
9708,6,88.91,130.95111548556432,3641.9743307086615,1791.007007874016,7340.35434383202,1524
9710,6,88.93,484.3408053691275,3295.4855704697984,1585.6704026845637,7136.57355704698,149
9713,6,88.97,260.8567010309278,3723.2082474226804,1873.3417525773195,7373.882989690722,97
9714,6,88.98,334.38458823529413,4184.503294117648,2069.919529411765,7656.996,85
9718,6,89.06,163.65372641509433,3309.0932547169814,1485.789245283019,6747.927688679245,212
9721,6,89.09,328.54606557377053,3266.524098360656,2117.2447540983608,7878.907868852459,61
9722,6,89.11,76.31565217391304,2762.875652173913,1152.544347826087,5528.08347826087,23
9723,6,89.13,239.22363636363636,4571.988181818181,1658.4963636363639,8498.505454545455,33
9724,6,89.14,189.2542367601246,3336.0071651090343,1202.0935202492212,6639.479127725856,321
9725,6,89.15,315.2117757009346,4960.554392523364,1884.7940186915887,8273.68429906542,107
9726,6,89.17,107.77539325842697,3092.935617977528,901.8104494382023,5885.418314606742,89
9728,6,89.19,45.47980597797588,1568.0407236497117,195.53648662821186,2481.139648662821,1907
9730,6,89.24,568.4653846153846,3702.455641025641,1312.3830769230767,11270.077692307694,39
9732,6,89.26,310.8617821782178,2599.9019801980194,2584.7962376237624,6682.0051485148515,101
9735,6,89.34,422.8100248138958,1818.777146401985,1981.6830521091813,6693.22,403
9736,6,89.37,162.68086311787073,2975.4736311787074,2403.475353612167,7413.875163498099,2630
9737,6,89.39,151.97762500000002,2060.15625,730.499375,3834.1401250000004,80
9740,6,89.50,444.8163150492265,3705.4450914205345,1536.6287623066105,7468.8635724331925,711
9742,6,89.52,250.86528364389235,2264.221734989648,1233.8087743271221,5093.432807453416,2415
9743,6,89.54,214.84067757009345,3442.238907366685,1954.0449711379881,8430.17593457944,7276
9744,6,89.59,7687.410238095237,3496.6770238095237,1193.5347619047618,14449.932142857144,84
9745,6,89.60,215.45790123456788,3284.086716049383,1969.4585185185183,8269.380222222222,405
9746,6,89.61,648.2170833333333,5929.168055555555,4457.518125,14908.532916666669,144
9749,6,89.65,211.7772017837235,3504.3880379041248,1705.8003901895206,7841.258545150502,1794
9750,6,89.68,832.5183636363637,6956.647545454545,5360.154181818181,18624.538545454547,110
9751,6,89.7x,278.79519999999997,1716.578977777778,747.9594777777778,4292.451888888889,900
9753,6,90.3x,260.6297297297297,1325.2054054054054,526.9978378378378,3049.7383783783785,37
9754,6,90.4x,396.29236842105263,1179.0539473684212,744.0742105263158,4381.825789473684,38
9755,6,90.5x,447.02682352941173,1553.9176470588236,534.8609411764706,3934.9075294117647,85
9756,6,90.6x,267.9030985915493,3707.1826291079815,2824.211690140845,10451.741502347417,213
9757,6,90.9x,221.65238095238095,911.5952380952381,354.4695238095238,2451.631428571429,21
9762,6,92.01,23.846060606060608,4618.768686868687,4698.536464646464,10937.367070707072,99
9768,6,92.18,59.49846153846154,4788.40576923077,7192.324615384616,13859.201538461539,52
9769,6,92.19,40.935873015873014,2825.1063492063495,8771.450317460318,12759.490634920636,63
9772,6,92.22,892.5434693877551,3171.8293877551023,8251.93551020408,36008.659387755106,49
9774,6,92.24,795.3996847224552,6870.24751635083,4109.211499245346,30905.92038906591,5963
9775,6,92.25,180.11451612903227,3736.861612903226,10735.081290322581,16075.84935483871,62
9776,6,92.27,3392.0896000000002,5468.217,12185.7126,30553.4042,200
9777,6,92.28,60.24630385487528,3323.6526530612246,3261.9836507936507,11471.802154195011,441
9778,6,92.29,666.0029141104295,4614.261848159509,3418.307768404908,21320.223458588956,1304
9779,6,92.31,674.0865817825661,3573.037179236043,2766.131792360431,24699.411165523998,1021
9780,6,92.32,187.27868024800708,2555.549512843224,1540.3315854738707,22218.72314437555,1129
9783,6,93.01,246.91359999999997,3672.456828571428,3316.6086285714287,13407.820285714284,350
9785,6,93.08,159.61213592233008,3474.2087378640776,1464.9944660194174,6873.605436893204,103
9787,6,93.11,941.1167692307691,3899.4364615384616,3558.1163076923076,25632.51446153846,65
9788,6,93.12,149.24176470588236,2893.3941176470585,4378.385882352941,21405.284705882354,34
9789,6,93.13,1113.121274509804,5165.6642156862745,4733.943039215686,35447.19578431373,102
9790,6,93.14,127.65864864864865,2556.0194594594595,891.8871171171171,11748.70981981982,111
9791,6,93.16,310.5331147540984,3382.1483606557376,2692.425655737705,17023.930409836066,122
9794,6,93.19,151.9307740585774,2316.008389121339,1799.8214016736401,10084.399163179916,478
9795,6,93.21,37.778,1455.6497777777777,1642.326888888889,7432.186222222223,45
9799,6,93.26,102.06308823529413,1898.403882352941,1462.8819264705883,9261.718647058824,680
9802,6,93.33,40.18191919191919,1621.6464646464647,1037.1850505050506,5235.0062626262625,99
9804,6,93.35,130.48763291698904,2294.194284293136,2066.8600011053386,7628.470496849784,18094
9805,6,93.38,328.98576307363925,3314.300106723586,4242.5694663820705,21338.582529348983,937
9806,6,93.39,118.17707688200748,2327.979335290977,2030.523328884143,7523.886297383876,7492
9807,6,93.41,888.7608823529412,7014.94205882353,6446.8244117647055,26780.97088235294,34
9808,6,93.42,156.69272727272727,1734.675034965035,1187.2411538461538,6083.823391608392,286
9809,6,93.44,2042.4660093896714,4685.5813145539905,3446.6791549295776,16450.044882629107,213
9810,6,93.46,164.36684210526315,2254.9261988304092,913.1250292397661,5932.170321637427,342
9812,6,93.52,333.1011111111111,3400.837037037037,1636.7525925925927,7939.093703703704,27
9813,6,93.53,219.7515476190476,2304.3886507936504,1418.4984523809524,6505.332460317461,252
9814,6,93.54,266.1142360379347,2092.632860906217,1751.575827186512,7151.13475763962,1898
9816,6,93.56,86.34983870967741,1908.0037096774192,1636.1085483870968,6310.299838709678,62
9817,6,93.57,2681.403333333333,1312.8070175438597,1840.1828070175438,10260.472807017542,57
9818,6,93.58,195.34671755725194,2838.985496183206,1589.9408396946565,7155.36106870229,131
9819,6,93.59,1656.1646753246753,2428.154805194805,3098.575714285714,11364.582077922078,77
9821,6,93.67,175.95212121212123,1441.1820454545455,1506.4327272727273,6620.126666666666,132
9825,6,93.83,172.62838383838383,3090.9131313131315,2112.209898989899,20354.700707070704,99
9828,6,93.89,135.6125702811245,3692.4729317269075,1499.5753413654618,8327.774136546184,249
9829,6,93.90,957.9279422782223,6529.299730972246,5451.356981951302,20131.270549123106,11746
9832,6,93.94,208.43361531611754,1742.845959801552,1395.7157562651064,5118.600171733877,7861
9833,6,93.95,277.8795890410959,2912.170438356164,2559.356109589041,9902.340630136987,365
9834,6,93.96,206.21062193126025,3449.600555373704,2396.4027266775774,8459.382863066012,9165
9835,6,93.98,316.44550724637685,4014.4007246376814,4126.247101449275,13074.658985507245,138
9838,6,94.02,67.05616740088105,3289.17577092511,1628.7112334801764,8185.436211453744,227
9842,6,94.11,104.6798245614035,2596.698245614035,931.4619298245615,6519.035087719299,57
9845,6,94.23,26.812964224872232,3120.6710391822826,960.5657751277682,14412.27724020443,587
9846,6,94.26,344.4736483931947,5073.960869565217,2008.5624763705105,18351.727334593572,529
9847,6,94.27,347.3930925737538,6199.6498474059,1632.6850762970498,19486.354018311293,983
9848,6,94.29,108.27442607897154,3200.664297520661,1149.9143067033976,9237.467943067033,1089
9849,6,94.32,129.74200000000002,4069.1240000000003,1207.0532,9595.1432,25
9850,6,94.33,18.847660167130922,2842.216991643454,532.6334540389972,9771.389470752089,359
9852,6,94.39,55.57163398692811,3014.383267973856,1114.3454901960786,13453.813300653595,306
9853,6,94.44,33.42576923076923,2034.5336538461538,871.7627884615384,8911.43125,104
9855,6,95.01,104.60927536231884,2660.527536231884,1304.763043478261,5242.376376811594,69
9858,6,95.04,30.11801587301587,1255.861111111111,623.1185714285715,2984.037222222222,126
9860,6,95.09,40.32612903225806,1248.6225806451614,837.0999999999999,5048.674838709677,31
9861,6,95.11,267.72191435768264,3237.5831989924436,928.3433249370277,7658.886221662468,397
9862,6,95.12,97.42092592592591,3728.062037037037,886.7020370370371,5805.528796296297,108
9863,6,95.13,21.435454545454544,2100.331818181818,563.4975,3135.315909090909,44
9867,6,95.23,109.594375,4147.995833333333,916.0183333333333,6574.062291666666,48
9873,6,95.41,121.20014285714286,2630.140857142857,1229.6484285714287,6492.375,70
9874,6,95.43,130.32936170212764,5343.9025531914895,1061.696170212766,9194.270425531915,47
9876,6,95.46,102.49011396011396,1910.2773219373219,1679.923247863248,5348.754074074074,351
9877,6,95.47,210.69076923076923,2972.693846153846,641.9200000000001,6354.208205128205,39
9880,6,96.04,2230.1999839871896,10100.784375500401,10763.686373098479,35119.97417534027,2498
9881,6,96.05,6188.668571428571,4639.354285714286,3695.3542857142857,21780.434285714284,21
9883,6,96.07,469.1710329171396,5030.836163450625,4645.469205448354,15179.889829738933,881
9884,6,96.08,1873.1316216216214,7620.2108108108105,9699.512432432433,26992.70945945946,37
9887,6,96.14,95.4025,1310.6660714285715,926.8657142857144,3757.7246428571425,28
9896,6,96.29,1000.8533816425121,2571.821884057971,250.94526570048308,4808.656425120773,207
9897,6,96.33,112.30684210526316,2098.4590643274855,470.1650292397661,5429.43081871345,171
9898,6,96.34,225.22918918918919,3006.781081081081,1292.4967567567567,7456.385945945945,37
9899,6,96.35,677.3497321428571,10963.47767857143,5697.145267857143,31190.147633928573,224
9901,6,96.37,276.21807197943446,2727.6252442159384,2933.020976863753,8515.732544987146,389
9903,6,96.39,257.41259708737863,3160.5836650485435,2968.758737864078,8973.822888349514,412
9905,6,96.44,115.13282442748091,2144.757061068702,1434.3438549618322,4683.328778625953,262
9910,6,96.49,179.02393258426966,1327.7612359550562,2132.836179775281,4676.051910112359,178
9911,6,96.51,112.25787375415283,3158.130664451827,1403.1404318936877,6124.805946843854,301
9912,6,96.52,191.74948717948718,2926.953846153846,1627.175641025641,7034.309487179487,39
9916,6,96.56,683.2409166666667,5108.795,4826.216916666667,17288.469666666668,120
9918,6,96.59,173.07,3148.7869565217393,1796.238260869565,6505.385652173913,23
9919,6,96.6x,1589.0532278481012,6469.921265822785,8637.902784810127,23789.19759493671,158
9920,6,96.70,5343.249565217391,17584.782608695652,13553.224782608695,59718.61086956522,23
9921,6,96.71,1889.9761852719228,7850.212750455374,7062.731678376268,25119.919328649492,3843
9922,6,96.72,5914.707925254191,22583.256595218467,27730.7286067601,87574.40123385545,3639
9923,6,97.01,627.5004819277109,5755.4997590361445,6436.436626506024,21517.238072289158,83
9925,6,97.05,2823.866730769231,3478.5517307692307,3539.9932692307693,12981.313846153846,52
9930,6,97.32,60.217619047619046,1311.2857142857142,513.4114285714286,2936.289047619048,21
9931,6,97.37,832.9685714285714,5703.311190476191,6310.844523809525,24216.958333333332,42
9932,6,97.38,320.8725,892.1831818181818,349.9670454545454,2903.7663636363636,44
9938,6,97.55,261.9522988505747,1066.621091954023,545.3278160919541,2721.8264942528735,174
9942,6,97.62,126.07820804550994,849.6543356359203,367.0045022348639,2445.726871190573,2461
9944,6,97.64,111.79774647887325,1222.0521126760564,793.8249295774648,3293.50338028169,71
9945,6,97.71,444.3749228791774,1614.1185475578407,625.9371336760926,4822.109498714653,778
9955,6,97.89,449.23017857142855,1794.8170089285716,1370.5689285714286,5698.976428571428,224
9957,6,98.02,510.391899641577,1596.4832437275986,1177.5691218637992,5474.472508960574,558
9958,6,98.03,503.00151515151515,2077.642272727273,957.6724242424243,5497.180454545454,66
9960,6,98.05,459.51965517241376,2255.6758620689657,1396.8489655172414,7078.3634482758625,29
9961,6,98.11,243.51385714285715,1285.123857142857,776.3542857142858,3793.035714285714,70
9962,6,98.12,410.37533333333334,1497.8946666666666,1042.4123333333332,4926.6033333333335,30
9965,6,98.15,1807.9606557377049,3867.2721857923502,2718.967431693989,16021.384207650273,183
9966,6,98.16,481.2520754716981,1323.1396226415093,572.8269811320755,5057.268113207548,53
9972,6,98.22,93.21640625,1524.1178125,536.446875,3318.23171875,64
9978,6,98.51,82.73112072207596,1705.8303873636705,758.2093456186536,4218.126261752539,2659
9980,6,99.01,449.04609756097557,5697.055365853658,1157.5746341463414,14527.846097560978,41
9982,6,99.03,274.5395782747604,3671.6354760383383,3233.1054376996804,11924.564900958467,1565
9983,6,99.04,295.177600507829,3634.864151502328,3357.8283199322896,12522.447367752857,2363
9984,6,99.05,464.25588235294117,3809.1804779411764,5086.307389705883,15783.168419117646,272
9985,6,99.06,171.48785714285714,1215.1000000000001,7094.071607142857,10856.766785714284,56
9986,6,99.07,663.5650666666666,4334.477466666667,5009.695822222223,16211.859777777778,225
9988,6,99.09,1658.3444736842107,4046.5342105263153,7506.261578947368,18548.225000000002,38
9989,6,99.10,1702.7676264329064,5860.445003371544,7909.278320971005,21019.19204989885,1483
9990,6,99.11,278.0478787878788,2696.8257575757575,8506.247575757576,14638.095757575758,33
9992,6,99.14,423.0096848739496,2790.3279201680675,6087.8753781512605,12252.314327731092,476
9993,6,99.15,741.5271830985915,4412.560563380282,1860.8449295774647,11460.016197183098,71
9994,6,99.16,80.13753623188406,1838.44,1160.474927536232,4612.9801449275365,69
9995,6,99.17,253.292290629244,4122.143431416931,1581.8214622000905,7881.335776369398,2209
9996,6,99.18,118.03,1309.4789473684211,523.0698245614035,2835.612456140351,57
9998,6,99.20,249.22476190476192,4159.734285714286,4595.039285714285,13187.906904761903,42
9999,6,99.21,284.85263081861956,1895.934470304976,1303.6707800963081,5441.660731942215,6230
10000,6,99.22,123.85064957264959,1279.2649572649573,1005.0816581196582,3549.2536923076923,585
10001,6,99.23,167.74107142857142,2387.3250000000003,2017.4267857142856,6419.322857142857,28
10002,6,99.24,51.209380460683086,982.3967831612391,1791.6262509928515,3426.1589118347897,1259
10003,6,99.25,427.2733389210181,2135.1732788534073,3511.7202750537817,7928.536388539658,71586
10006,6,99.28,185.24991632382677,1921.8218945680217,2095.609556516282,5370.171891778816,14341
10007,6,99.29,162.88197377501726,2240.9998205659076,1839.342933057281,6685.568081435473,1449
10009,6,99.60,666.5237804878049,4487.598780487805,3017.398682926829,12642.384000000002,410
10011,6,99.62,733.5964367816092,4233.233103448276,2566.055287356322,10860.789310344826,87
10012,6,99.63,755.3766304347827,3353.962934782609,2785.861847826087,10621.121847826087,92
10014,6,99.72,3076.517272727273,10972.965757575757,12249.69606060606,45381.51303030303,33
10015,6,99.73,1684.6357971014493,3415.789855072464,788.1227536231884,10187.589130434782,69
10016,6,99.74,1569.829393939394,4610.360606060606,1700.0669696969696,14359.254545454547,33
10020,6,99.79,1416.5303623188406,1787.529347826087,1832.3384782608696,14588.612463768117,138
10021,6,99.81,266.27037037037036,3621.7553703703707,2207.4016666666666,10019.067407407407,54
10022,6,99.82,164.56684466019416,2206.244207119741,1637.8342394822007,7331.63928802589,618
10023,6,99.83,176.58400603199578,2395.6287280356673,493.3448662470496,6206.387098085496,7626
10025,6,99.85,276.60754664823776,2613.2914616447824,1725.7856807187284,9496.92086731168,2894
10027,6,99.88,342.89428571428573,1298.5523809523809,1623.4842857142855,7338.11,21
10028,6,99.92,146.34653905370996,2398.0359735299344,2509.179889263931,8912.592305915794,33774
10032,6,99.99,241.01513157894738,3483.4630263157896,2312.3971710526316,8286.53177631579,152
