,basy_yydj,basy_ssjczbm1_for_str_7,HAOCAI-only_operation-7-E,JCJY-only_operation-7-E,YP-only_operation-7-E,ZFY-only_operation-7-E,记录条数-only_operation-7
0,1,,182.45914497965362,1267.8857547080534,1811.4634710261505,6582.025347465379,63402
13,1,00.9400,207.28102040816327,1442.2408163265306,3938.149795918367,9995.075714285715,49
20,1,01.4102,5152.879361702127,2303.1148936170216,4720.1089361702125,20128.86914893617,47
43,1,03.3101,981.0445918367346,1475.843724489796,5159.749693877551,12867.048826530612,196
49,1,03.5305,27082.026304347826,2886.413695652174,4417.613913043478,41090.321304347824,46
53,1,03.9100,254.15671052631578,1424.3436842105264,1122.6909210526314,9345.248157894737,76
54,1,03.9101,534.5345833333333,1744.3374999999999,891.78375,13446.262083333333,24
55,1,03.9102,414.0923312883436,1583.6564417177915,973.6912269938651,5936.303803680982,163
64,1,04.2x02,1182.798875,1961.4912499999998,615.80175,8385.103125,80
67,1,04.2x05,1983.3756701030927,1027.9131958762887,1381.491855670103,6211.381443298969,97
81,1,04.4900,2814.465948275862,1504.905172413793,3720.123189655172,12813.977241379309,116
88,1,04.7408,3644.525925925926,868.7744444444444,2225.88037037037,13203.292222222222,27
92,1,04.8101,107.8639875389408,1330.2068535825547,1268.025171339564,5590.333302180686,321
96,1,05.0x01,1184.239090909091,2055.1060606060605,815.7869696969698,17819.659393939393,33
99,1,05.3100,87.93590909090909,1243.87,1740.3740909090911,7569.2527272727275,22
113,1,06.4x00,6926.504594594595,2662.924054054054,2564.8505405405404,20607.777297297296,37
116,1,06.8100,1228.1882142857141,4345.589285714286,3213.991785714286,16568.14857142857,28
140,1,08.4401,104.9604761904762,513.6904761904761,195.39285714285714,2506.9361904761904,21
143,1,08.4902,186.93249027237354,625.061673151751,155.05750972762647,1827.659260700389,257
161,1,09.6x01,106.86723404255319,598.5180851063831,229.30255319148935,2224.6617021276597,47
165,1,09.8100,559.7287610619469,656.9398230088495,476.22150442477874,3333.72796460177,113
166,1,09.8101,977.6883720930232,563.4895348837209,621.7803488372093,4062.6854651162794,86
180,1,11.3201,211.66958598726114,574.2385350318472,252.6716560509554,2096.144840764331,314
181,1,11.3203,1957.98975,463.5058333333333,157.8885,3549.662,120
183,1,11.3900,313.6985714285714,787.8945054945054,151.4112087912088,2250.782637362637,91
184,1,11.3901,373.181113243762,560.370537428023,178.44992322456815,2335.4679078694817,521
197,1,12.6400,384.965652173913,909.8478260869565,340.6565217391304,3335.3230434782613,23
209,1,13.4100,2711.5480334620333,771.94109009009,193.91638996138997,6126.794270270269,7770
213,1,13.5900,2249.348484848485,640.9214141414142,226.06939393939393,4426.780707070708,99
216,1,13.7000,2273.874211409396,645.5804026845638,196.74810402684562,4527.449832214766,596
217,1,13.7100,1760.1208209633444,758.0921235989094,144.15058467131172,4997.371878218722,3301
234,1,14.6x02,3240.189041095891,812.7871232876712,347.8321917808219,6177.087260273973,73
239,1,14.7401,4777.5967005076145,873.5868020304569,390.4843147208122,11634.808578680204,197
241,1,14.7903,98.8716129032258,699.3984946236559,369.220752688172,1994.6120430107528,93
278,1,17.9127,459.43999999999994,1032.8,1011.1796153846154,5219.790769230769,26
279,1,17.912A,31.462298288508556,807.0353300733497,1236.1343398533008,4671.4147799511,818
280,1,17.9133,21.91918918918919,743.127027027027,1116.2324324324325,3378.0537837837837,37
281,1,17.9135,52.67047619047619,1413.1142857142859,3034.998333333333,6792.490714285714,42
291,1,17.9500,58.57746666666667,1263.4238666666665,1531.3028000000002,4404.378,75
295,1,17.9571,210.160987654321,855.4216049382716,1632.5506790123459,4649.547283950617,162
297,1,17.9610,32.00625,667.3375,584.2679166666667,3213.27,24
300,1,17.9700,72.09951219512195,920.5939024390243,1578.0546341463414,4012.0343902439026,41
311,1,17.972E,129.7642857142857,754.4571428571429,933.5285714285715,2705.847142857143,35
326,1,17.9832,3621.6704545454545,665.7647727272728,3776.927045454546,10321.41465909091,88
327,1,17.9833,2549.5945901639343,697.0310304449649,3529.164168618267,8906.514074941451,427
328,1,17.9834,1905.5105263157895,666.5636363636363,3944.423971291866,10002.08014354067,209
337,1,18.2900,771.4938775510203,775.3816326530612,1747.708163265306,5431.8393877551025,49
342,1,19.4x00,1010.2239506172839,1225.9506172839506,3659.827901234568,10542.56839506173,81
359,1,21.0904,1247.0458536585365,1019.0317073170733,1717.0075609756097,5809.110487804878,41
370,1,21.5x00,3390.5732000000003,1014.58,1476.9152000000001,9739.552,25
376,1,21.6903,2498.064892086331,873.740071942446,1653.3581294964029,7956.979640287769,139
377,1,21.6904,1132.2162666666666,506.03599999999994,1200.0702666666666,5024.2584,75
381,1,21.8400,1209.614882352941,671.2658823529412,2231.9103529411764,7087.02194117647,170
386,1,22.1200,1525.9057142857143,1488.2285714285713,3100.7461904761903,10663.531904761905,21
395,1,22.5203,1522.4545454545455,624.2272727272727,1428.1954545454546,8110.968181818182,22
396,1,22.5300,1242.6314423076924,1062.7291025641025,2587.778076923077,9544.113493589744,312
397,1,22.5301,827.6382608695652,976.6904347826087,1895.8241304347828,8727.143695652174,46
432,1,28.2x00,1731.5823333333333,1062.2794999999999,2287.5440000000003,7406.9113333333335,60
438,1,28.5x00,1384.3487096774193,592.4709677419354,902.6145161290323,4120.41806451613,31
439,1,28.5x02,1741.7118181818184,760.1431818181819,1376.8302272727271,5952.328181818182,44
441,1,28.6x00,1939.7687692307693,798.3033846153846,1449.5696923076923,7909.059692307693,65
442,1,28.6x01,2656.1064285714283,676.0714285714286,1045.315,7162.403214285715,28
443,1,28.6x02,2668.473636363636,844.7995454545454,1299.3886363636364,7252.801136363636,44
447,1,29.1100,35.40840909090909,456.0556818181818,1769.793409090909,3621.013409090909,88
454,1,29.9900,3025.2400000000002,598.8615384615384,1314.474871794872,7171.032692307693,78
455,1,30.0900,1085.4225925925925,750.6628395061729,1629.8907407407407,5997.010493827161,81
457,1,30.0902,1221.2842307692308,1236.2192307692308,1960.3246153846155,6844.255,26
458,1,30.0903,1171.7394545454545,991.4629090909091,1949.2810909090908,6299.511454545454,55
460,1,30.0905,635.8582758620689,941.0841379310344,1393.4010344827586,6055.372413793103,29
461,1,30.0906,763.5579245283019,667.1366037735849,1025.0216981132075,5019.066981132075,53
462,1,30.0911,955.8149019607843,897.0509803921568,2235.2496078431373,6532.043921568627,51
465,1,31.4200,26.19027777777778,487.2277777777778,1870.095,3510.7797222222225,36
478,1,33.2200,1.6637192982456142,6955.257543859649,3077.075859649123,17034.233789473685,285
480,1,33.2600,1812.9694666666664,989.9440000000001,1039.0980000000002,6202.3192,75
484,1,34.0401,1331.7214851485148,2376.751089108911,5172.970693069306,12946.58683168317,101
493,1,34.9100,199.17,2072.3900000000003,3531.2823809523807,9708.377619047618,21
494,1,34.9101,359.90500000000003,2625.5108695652175,4529.623260869565,11706.366956521739,46
507,1,38.3000,1505.229019607843,1101.5588235294117,2769.275882352941,12501.22794117647,102
511,1,38.5900,2447.468039215686,1528.5823529411764,2400.423725490196,15384.265882352942,51
512,1,38.5901,2023.3488402061855,1690.3311211340206,2572.01875,16002.718659793814,776
525,1,38.9100,4598.004402985074,1950.0328358208956,4567.167686567164,28654.61014925373,134
526,1,38.9300,349.3178571428572,1017.0952380952381,4911.063809523809,7895.981190476191,42
536,1,38.9900,85.63818181818182,1805.5124242424245,2216.3633333333337,6255.57606060606,33
537,1,39.2700,450.0728169014085,1274.9338028169016,1106.9222535211268,5678.878591549296,71
539,1,39.3000,2790.1710714285714,1315.3964285714285,1982.873214285714,13420.445000000002,28
543,1,39.4200,416.4647619047618,927.9047619047619,806.0033333333333,5702.398095238095,21
547,1,39.5000,5907.103274336282,1390.9088495575222,642.7057522123894,11772.33575221239,113
555,1,39.7903,8685.294705882354,2870.485294117647,5768.991176470588,30439.315294117645,34
564,1,39.9500,272.31946700507615,1411.9042893401015,2848.7071319796955,8389.48614213198,394
566,1,39.9600,727.0550000000001,1419.2703703703705,5676.1177777777775,9603.463333333333,54
567,1,39.9700,1434.5780263157897,1608.4736842105262,2854.127434210526,16589.856184210526,152
581,1,42.3200,168.05454545454546,474.6454545454546,4607.918181818181,5826.318181818182,22
584,1,42.3301,500.57727272727277,467.5318181818182,4618.992272727272,6789.401363636363,22
594,1,43.4100,325.70390625,683.5495312500001,3967.22875,6387.25484375,64
595,1,43.4101,123.01752711496745,839.380043383948,1937.8832321041216,4225.081887201735,461
597,1,43.4105,512.20375,1004.0280867346939,2925.3241581632656,6079.626403061224,392
604,1,44.1100,209.4866,1503.375,4536.5082,10937.1872,50
606,1,44.1300,120.01607868020304,1466.033109137056,1681.8612817258881,4499.406446700507,788
609,1,44.1401,226.89794117647057,1848.7470588235294,3343.385882352941,8810.67382352941,34
623,1,45.2300,665.8031818181819,1050.5001515151514,2530.319393939394,6779.166363636364,66
625,1,45.2302,815.438932038835,1000.5577184466018,2235.951601941748,5736.262330097087,206
637,1,45.4200,978.2592736077482,1028.569249394673,1446.003268765133,5648.002566585957,413
638,1,45.4201,1030.865,859.67734375,3020.52703125,7111.132890625,128
639,1,45.4202,1457.695,1008.675,1382.2281818181818,6717.510227272727,44
640,1,45.4300,1025.728888888889,1021.5541666666666,2744.9933333333333,7455.456666666667,36
642,1,45.4302,253.15076923076927,1962.3948717948717,1278.469487179487,6258.736923076923,39
645,1,45.4307,2314.346376811594,1139.9985507246377,539.0794202898551,7216.287536231885,69
658,1,47.0100,1384.9636257309942,1476.798245614035,2337.4973684210527,7981.611461988305,171
660,1,47.0901,490.8261333333333,1246.4005333333332,2679.1044,6878.607866666666,75
677,1,48.3601,415.0282608695652,842.0994565217391,2961.7953260869563,6240.396413043478,92
678,1,48.3602,372.83057324840763,755.8254777070064,3752.3488535031847,5928.92178343949,157
679,1,48.3603,653.1887254901961,729.8671568627451,2962.778137254902,6526.413137254902,102
682,1,48.4102,1300.3680952380953,1639.7380952380952,3029.5495238095236,8189.623333333333,21
691,1,48.7601,1784.442396313364,700.2535483870968,4279.099262672811,9916.18594470046,217
696,1,49.0100,393.77796610169486,855.9654237288136,1844.5033898305085,5658.6330508474575,59
698,1,49.0400,2443.7372727272727,752.1638842975207,3283.823719008264,8875.06041322314,121
699,1,49.0401,1327.4916129032258,640.8193548387097,3276.6693548387098,8238.533548387097,31
702,1,49.1200,1916.6174999999998,733.5224999999999,2801.000972222222,8253.976111111111,72
709,1,49.4200,512.9443103448276,756.9594827586208,3272.6224137931035,8660.645172413793,58
711,1,49.4500,2545.412529761905,793.850625,2242.148154761905,7930.821041666667,336
712,1,49.4501,2703.891450777202,899.7974093264248,2755.3687046632126,9609.567979274612,193
713,1,49.4600,668.856827309237,750.3323694779117,1718.8117670682732,6139.94032128514,249
716,1,49.4701,679.3654166666666,632.3680555555555,1157.195138888889,7296.208888888889,72
717,1,49.4900,3670.0606956521738,729.6489275362319,1129.174231884058,9476.13968115942,345
718,1,49.4901,6217.170842696629,694.9783707865168,2883.8410674157303,13590.4745505618,178
724,1,49.7301,1136.8334615384615,601.7207692307692,3195.3919230769234,6910.651153846154,26
741,1,51.0400,4798.023080168777,2226.994092827004,7241.682489451477,18493.988312236288,237
745,1,51.2200,1012.2896551724139,1429.7227586206895,3418.253103448276,9046.040344827587,29
747,1,51.2300,1497.9215419161676,1611.2607035928143,2930.5621856287426,9495.69618263473,668
764,1,53.0001,1285.475777777778,1304.3777777777777,1888.672,7280.194444444444,45
771,1,53.0202,1118.967142857143,986.0928571428572,960.967619047619,6319.85761904762,21
777,1,53.0401,1502.6398412698413,1117.0126984126985,1482.7496825396825,6263.686349206349,63
779,1,53.0501,1795.000847457627,1181.044406779661,1821.075593220339,6999.786610169492,59
814,1,54.5100,653.3007317073171,632.9271341463415,1391.1596341463414,16193.452560975611,164
816,1,54.5103,2456.4896928327644,539.0668941979523,788.0878156996588,16414.980614334472,293
819,1,54.5904,695.3342857142858,885.6285714285714,1229.73,12332.203214285715,28
822,1,54.9101,1379.8149019607843,2717.6433333333334,5540.558039215687,14546.974705882352,51
823,1,54.9105,338.3109302325582,2053.0883720930233,5740.92534883721,13339.742558139536,43
839,1,55.0402,6955.0718421052625,3106.2394736842107,7299.3105263157895,26608.594210526313,38
840,1,55.0404,6152.8925,2508.628125,5314.6575,21166.1378125,32
855,1,56.0x00,4546.036005089059,2200.5880407124682,4260.38096692112,14720.545368956744,393
857,1,56.0x03,4900.533653846154,1856.8115384615385,3534.098846153846,14930.739423076922,52
858,1,56.0x06,6174.663431372549,2034.2411764705882,4145.0392156862745,16762.85343137255,102
863,1,56.3100,2301.91,1594.5368421052633,2944.096315789474,9785.09052631579,38
865,1,57.0x00,556.9488,1525.6584,2595.17,7175.504,25
877,1,57.3200,386.9817948717949,1524.597435897436,2200.1053846153845,6162.76,39
888,1,57.9400,468.9515646258504,1978.280612244898,2524.422993197279,7675.827006802721,147
900,1,59.8x01,3490.6919444444447,2140.6111111111113,4098.3422222222225,11632.423055555555,36
901,1,59.8x03,3399.0755813953488,1744.211627906977,3479.567209302326,10863.949302325582,43
903,1,59.9900,183.13303030303032,612.7757575757576,1124.2242424242424,3131.409696969697,33
906,1,60.2900,1192.1460975609755,1935.309756097561,3448.5421951219514,10429.270975609756,41
907,1,60.2901,1347.8529166666667,1406.05,3109.900416666667,10678.25,24
908,1,60.2902,1239.9021818181818,1735.2454545454545,4032.386,10900.153090909092,55
927,1,62.9900,969.9742307692309,1765.2141025641026,1281.046282051282,8881.964871794871,78
929,1,63.1x00,364.06489361702126,703.7787234042553,1185.2974468085106,8025.664893617021,47
947,1,65.2501,951.3937837837838,1516.7675675675675,1778.907027027027,9866.095945945946,37
962,1,65.8102,6.748837209302326,530.5023255813953,651.3547674418605,22159.948372093026,86
968,1,66.0103,972.2107407407407,1099.3792592592592,1332.1366666666668,9914.41962962963,27
971,1,66.0202,262.2491578947368,614.4683157894736,1733.276842105263,15864.547368421052,95
978,1,66.2903,2287.5765714285717,829.9228571428571,1059.050857142857,10521.145714285714,35
982,1,66.4x00,2313.095714285714,1089.7685714285712,1076.3139285714285,10376.759642857143,28
983,1,66.4x02,1075.2036363636364,1366.749090909091,1211.8181818181818,9127.024545454546,44
984,1,66.5102,2205.7980701754386,1261.7350877192982,1046.4054385964912,10695.615789473684,57
990,1,66.6201,1379.7018518518516,1260.3555555555556,1294.9274074074074,8449.88962962963,27
995,1,66.7301,620.8808333333333,485.10833333333335,1227.135277777778,18708.1825,36
996,1,66.7900,350.0022950819672,641.5393442622951,2095.8531147540984,15157.162950819673,61
998,1,66.7905,93.61225108225108,647.841341991342,1781.4378787878788,16827.754696969696,462
1011,1,67.2x00,190.93880000000001,1230.1038,663.2905999999999,3746.5762,50
1013,1,67.3201,18.447394957983192,1024.2579831932774,2499.222773109244,4825.948487394958,119
1025,1,68.1200,511.5673648648649,1120.806081081081,711.938108108108,5059.394594594594,148
1026,1,68.1602,605.6014285714285,597.047619047619,404.4780952380953,3686.8514285714286,21
1029,1,68.2101,941.2938571428573,551.1611428571429,596.1590714285715,5136.4382857142855,140
1036,1,68.2901,909.8083870967743,1502.9222580645162,1844.4022580645162,9571.53129032258,31
1044,1,68.2915,645.3229629629631,841.925925925926,550.8565432098765,4777.498641975309,81
1045,1,68.2917,676.3645833333334,789.2333333333332,607.255,6479.374583333333,24
1050,1,68.4100,1134.9810344827586,2791.4310344827586,2438.633448275862,12821.34551724138,29
1051,1,68.4901,719.3085714285714,1762.0561904761905,2215.0561904761903,8391.972857142857,21
1056,1,68.5901,378.00857142857143,1886.8090476190475,1680.3614285714284,8577.972380952382,21
1060,1,69.0101,233.25464285714287,1412.5678571428573,557.6671428571428,3651.7428571428572,28
1061,1,69.0200,119.11333333333333,963.6211111111111,705.531388888889,3930.3500000000004,36
1062,1,69.0201,95.9824,875.1225333333333,589.3045333333334,4743.2036,75
1063,1,69.0202,76.54409090909091,725.9645454545454,1008.3695454545455,3586.9872727272727,22
1065,1,69.0901,272.83069892473117,1283.7081182795698,1805.0448387096776,5439.226827956989,186
1066,1,69.0902,169.45296296296297,971.5148148148148,1142.3185185185184,5253.950740740741,27
1077,1,69.5101,272.6353846153846,1579.2115384615386,393.80115384615385,4797.5646153846155,26
1096,1,70.5001,517.7341379310344,1025.5758620689655,1308.2489655172415,6721.775172413793,29
1101,1,70.7100,321.8721875,939.90828125,563.2725,6796.17484375,64
1117,1,71.7102,454.29901898734175,1342.9899367088608,724.0093037974683,13091.864905063292,316
1132,1,73.5900,233.7996551724138,738.5779310344827,311.47655172413795,4753.771724137931,29
1134,1,73.6x01,642.5135177865612,2061.918181818182,729.9963636363636,13772.76699604743,253
1141,1,74.1x01,1124.7290047114252,1784.7839163722026,1405.9003180212017,17860.391554770318,1698
1151,1,75.0x02,287.9402702702703,1249.0317567567567,1243.3216216216217,10939.574864864866,74
1155,1,75.6902,991.0791791044777,2840.834850746269,767.6342537313432,20500.910199004975,402
1188,1,77.5900,1294.8525806451612,1051.409677419355,1039.0916129032257,5065.550967741935,31
1230,1,78.4904,8927.362727272726,2257.2469696969697,4624.3457575757575,21284.556666666667,33
1243,1,78.5500,14953.757727272727,2323.122727272727,2756.5786363636366,25136.432727272728,22
1252,1,78.5900,17004.61652173913,1591.2886956521738,5397.96,31143.92130434783,23
1258,1,78.6103,593.1076530612245,928.3189795918366,927.9775510204082,4300.134897959184,98
1260,1,78.6201,472.20663157894734,985.6888421052632,1037.3485263157895,4465.1607368421055,95
1261,1,78.6301,913.9151219512195,865.3937804878047,923.5636585365854,4690.501707317073,82
1263,1,78.6303,657.1114705882353,986.2470588235294,899.3720588235294,4524.7876470588235,34
1265,1,78.6403,393.601,854.4623333333333,849.224,3618.8036666666667,30
1266,1,78.6501,2352.7223188405796,1185.3659420289855,1529.3298550724637,7628.893333333333,69
1268,1,78.6601,681.7320289855073,999.2804347826088,1023.382608695652,4628.377826086957,69
1270,1,78.6701,844.700125,1038.2528125000001,1237.2110625,5394.1771874999995,160
1271,1,78.6703,640.0469047619048,944.8314285714285,1049.432380952381,4672.752380952381,42
1272,1,78.6705,487.2616417910448,1040.8314925373136,955.1289552238806,4646.904029850746,67
1276,1,78.6803,819.4616000000001,1187.3968,925.9975999999999,5282.9868,25
1277,1,78.6900,488.1983783783784,1050.9864864864865,1075.4183783783783,4910.042162162162,37
1279,1,78.6903,812.1666666666666,831.4145454545454,669.7721212121212,3892.9572727272725,33
1282,1,78.6907,761.7384,998.4769333333334,1904.2602666666664,6492.270133333333,75
1290,1,79.0201,84.96404761904762,1373.4280952380952,930.0261904761904,3689.460476190476,42
1310,1,79.1500,14014.446119402985,2600.929104477612,3281.392686567164,25409.581194029848,67
1335,1,79.3100,11132.272837837838,1799.4145945945945,2403.2955405405405,20755.479594594595,74
1336,1,79.3101,14059.758428571427,2125.151714285714,2776.7231428571426,23271.937857142857,70
1337,1,79.3200,8966.916811594203,1646.9240579710145,2315.7260869565216,18625.477536231883,69
1338,1,79.3201,12172.1914,1766.922,2549.2592,20083.4222,50
1343,1,79.3400,2198.8084848484846,1007.6187878787878,1942.0951515151514,9386.974545454546,33
1344,1,79.3401,5126.011363636364,1376.2327272727273,2079.3404545454546,13093.792727272727,22
1345,1,79.3500,14875.348588235292,2801.1976470588233,2977.5689411764706,26446.083529411764,85
1346,1,79.3501,15291.848684210527,3009.1430263157895,3652.7175,27459.355263157893,76
1347,1,79.3600,14598.833643410853,2086.0860465116275,3156.067364341085,25493.803333333333,129
1348,1,79.3601,17544.329125,2585.8467499999997,4015.707625,29556.653625,80
1349,1,79.3602,14848.820952380953,1568.9909523809522,2415.8180952380953,22163.00761904762,21
1350,1,79.3603,12607.007358490566,2345.9084905660375,2906.690566037736,22468.948301886794,53
1351,1,79.3604,4377.1838,1914.37,2725.9696000000004,12782.2714,50
1352,1,79.3700,9349.81119047619,1656.795,3325.5719047619045,18839.347619047618,42
1356,1,79.3900,7424.815185185185,1740.7774074074075,2624.0860493827163,15382.425925925925,81
1360,1,79.3904,10646.69315068493,1623.0264383561644,2449.913835616438,17955.903424657532,73
1367,1,79.6400,2298.289411764706,981.3211764705882,2188.4825490196076,10139.82725490196,51
1394,1,80.1600,62.67127551020408,1346.320918367347,4597.2334183673465,26796.157653061226,392
1397,1,80.1604,64.83016949152542,1444.5389830508475,4979.506779661017,27112.893050847455,59
1399,1,80.1800,854.803846153846,1613.1230769230772,5236.008846153846,33327.14692307692,26
1405,1,80.4101,99.06875,1044.41,1489.9096875,5213.05125,64
1410,1,80.4601,123.11166666666666,1353.3296969696971,1203.2610606060605,6216.9951515151515,66
1414,1,80.5100,10519.169861111111,1654.153888888889,2710.1183333333333,21040.45513888889,72
1418,1,80.5107,7945.159629629629,1745.8603703703702,3145.1292592592595,17328.903333333335,27
1419,1,80.5108,23885.48230769231,5641.956,3311.5244615384613,42256.51753846154,65
1422,1,80.5111,6336.744588235295,3077.771176470588,1568.4314117647061,15896.126352941177,85
1423,1,80.5200,347.416231884058,1068.3337681159421,1062.697463768116,5638.916159420291,138
1424,1,80.5900,1204.2336613603472,1301.2216063675833,1618.1951374819105,7797.32969609262,691
1439,1,80.7601,6081.390571428571,2600.9857142857145,1628.4362857142858,16954.41857142857,35
1451,1,80.8602,1994.7332653061226,1919.9191836734697,2053.586530612245,12882.383673469389,49
1464,1,81.0801,24077.91625,2448.68,4127.3966666666665,44935.9625,24
1488,1,81.5100,27834.54581395349,2570.2152906976744,3828.3993023255816,47122.18273255814,172
1489,1,81.5200,18959.96068965517,2756.5358620689653,3219.545172413793,31847.51172413793,29
1490,1,81.5201,18958.83111111111,2393.7223611111112,3929.7215277777777,31412.339722222223,72
1492,1,81.5400,24699.3665625,3005.168125,4464.3275,46040.76739583333,96
1495,1,81.6500,11255.052553191488,2195.1329787234044,2605.4493617021276,19037.378191489363,94
1496,1,81.6600,10856.610206185567,2011.606701030928,1174.9325773195876,19274.19587628866,97
1497,1,81.6601,17703.708349514563,3124.9043689320392,1532.6182524271844,25834.58902912621,103
1503,1,81.9100,746.1130715935335,1452.0263279445728,2056.4700230946883,8481.911616628175,433
1505,1,81.9200,1020.01390625,1308.265625,2141.158125,7817.68421875,64
1506,1,81.9201,201.41243362831858,1336.6575221238936,679.7801327433629,4955.393185840709,226
1513,1,81.9600,1085.4384375,1616.925,2164.3925,11048.6196875,32
1523,1,82.2101,239.35703703703706,983.7362962962964,826.3144444444443,2976.4118518518517,27
1528,1,82.3601,8260.139728260869,753.0130434782608,3641.884510869565,17257.03793478261,184
1532,1,82.4501,2873.717619047619,790.5904761904762,2748.2342857142858,9677.619047619048,21
1554,1,83.1300,4138.967142857143,1301.444761904762,5015.697619047619,15595.011904761905,21
1559,1,83.1901,7.202592592592593,597.5777777777778,299.2814814814815,3200.1359259259257,27
1562,1,83.2900,3202.5004166666668,948.0319444444444,2289.9790277777774,12434.230000000001,72
1564,1,83.3101,235.85591836734696,1009.61,850.7718367346939,3334.687755102041,49
1568,1,83.3902,349.87029411764706,1301.5873529411765,1070.5767647058824,4357.934411764705,34
1572,1,83.4501,10137.9025,1211.7375,5449.9349999999995,23639.51653846154,52
1596,1,83.9105,108.11705984388551,1156.9897224631395,1049.5812402428446,4908.936999132698,1153
1597,1,83.9600,36.800000000000004,1597.611111111111,1272.232962962963,5430.1440740740745,27
1620,1,85.2100,318.90142857142854,840.7392857142858,776.0989285714286,4320.038571428571,28
1622,1,85.2301,572.4548,816.3560000000001,897.9467999999999,3663.2936,25
1630,1,86.0400,212.3317857142857,1476.4089285714285,2062.9674999999997,6522.473214285715,28
1638,1,86.2200,3220.161153846154,1358.4585576923077,3870.6444230769234,14176.166057692308,104
1639,1,86.2201,3745.637142857143,1244.9809523809524,2794.516031746032,11090.312857142857,63
1643,1,86.2701,4752.892592592592,1007.2111111111111,3463.1725925925925,13806.861111111111,27
1644,1,86.2800,1495.9438356164383,1263.3169863013698,2346.3178082191785,7944.889589041095,73
1646,1,86.3x00,417.9088,1194.0767999999998,1067.9608,3917.552,25
1648,1,86.3x02,298.0591304347826,930.6673913043478,1219.7995652173913,4028.2595652173914,23
1649,1,86.3x03,655.5355789473684,1008.6043157894737,771.5521052631578,4040.480631578947,95
1661,1,86.5902,2293.2862222222225,1509.2091111111113,2070.7586666666666,8455.334444444445,45
1676,1,86.7501,956.5928,1203.6760000000002,1847.7912,6025.517199999999,25
1690,1,87.0300,55.77657142857143,2007.8342857142857,1189.3677142857143,4151.855714285714,35
1694,1,87.2401,56.318999999999996,627.6433333333333,1281.7586666666668,3911.425666666667,30
1695,1,87.4101,362.5305882352941,1827.2294117647057,2982.8026470588234,6373.846470588235,34
1697,1,87.4401,603.0203827751196,1048.2162679425837,2220.462057416268,5410.816315789474,209
1712,1,88.2702,71.35130434782609,683.3652173913043,923.2839130434783,3846.061304347826,23
1724,1,88.4800,3628.470867052023,2037.101734104046,3918.9776300578037,23657.695317919075,173
1728,1,88.6600,2115.6080952380953,1190.8733333333332,2198.2305714285712,8211.497714285715,105
1732,1,88.7201,49.372121212121215,1796.418181818182,1623.5966666666668,4271.329393939393,33
1733,1,88.7600,249.84080645161288,1442.3532258064515,3486.603548387097,6796.469758064516,124
1738,1,88.9301,221.42366666666663,805.4,996.8153333333333,4450.307333333333,30
1739,1,88.9303,46.11714285714286,673.4530612244897,971.1996938775511,4124.724999999999,98
1748,1,89.5001,90.68387096774192,1689.7645161290322,2952.930322580645,6176.388387096775,31
1749,1,89.5200,363.1072602739726,1324.3013698630136,2004.2719178082193,5042.106712328767,73
1750,1,89.5400,168.41312883435583,2253.467791411043,3954.4906134969324,8341.088404907974,163
1755,1,92.2001,4453.265423728813,2634.0169491525426,25577.2506779661,40252.129661016945,59
1756,1,92.2400,1877.5779545454543,3993.75,10313.325454545455,51199.32227272727,44
1757,1,92.2700,2566.8317525773195,1218.7752577319588,33445.03329896907,42239.45020618557,97
1764,1,93.3500,51.097852348993285,1122.6769798657717,2241.954630872483,5908.895973154363,149
1769,1,93.3510,33.94607142857143,1050.8868452380952,1229.6589285714285,5130.04119047619,168
1772,1,93.3518,35.192173913043476,2040.0,496.6821739130435,4330.352608695653,23
1776,1,93.3900,16.21596153846154,628.7076923076922,1550.970769230769,4731.879230769231,52
1787,1,93.5300,708.3407500000001,1508.481,1423.51325,5512.15075,40
1788,1,93.5400,606.5980769230769,1463.7003846153846,1242.811153846154,4592.220769230769,52
1789,1,93.5401,323.74305263157896,1467.2726315789473,1266.0483157894737,4595.1945263157895,95
1790,1,93.5402,3098.151538461538,1166.7207100591716,1512.5936686390532,8459.634201183431,169
1792,1,93.5405,104.471,1899.91,1253.7918,5012.9028,50
1801,1,93.9000,247.42307692307693,2682.3379487179486,4951.291282051282,11761.92,39
1802,1,93.9401,37.72237410071942,883.0423021582734,1463.1702877697842,3109.234316546763,139
1803,1,93.9601,131.54672609400325,1622.805542949757,2376.2776499189627,5432.505445705024,617
1806,1,94.2702,205.21,8989.90909090909,1564.725,21955.95772727273,22
1809,1,95.0900,5.6000000000000005,1054.4166666666667,1227.1499999999999,3217.440416666667,24
1820,1,96.5601,0.0,7901.286352941177,2597.3016470588236,17449.138964705882,425
1824,1,96.7101,1575.1919230769233,2954.039230769231,9078.451153846154,35396.02307692308,26
1825,1,96.7201,648.6811111111111,2977.0518518518516,9094.715185185185,21380.585555555557,27
1830,1,97.6204,350.17558139534884,698.8843023255814,1382.9199999999998,3697.8216860465113,172
1852,1,98.5100,135.96809523809523,422.6904761904762,771.0970238095239,2303.8865476190476,84
1853,1,98.5101,12.637264957264957,1124.088034188034,751.9550427350428,3003.543247863248,117
1855,1,98.5103,29.13719489981785,914.2853825136611,1184.9352732240436,3082.926830601093,1098
1860,1,99.0301,242.88745098039212,2227.8078431372546,2893.2945098039213,7847.864901960784,51
1868,1,99.2100,36.06578512396694,1739.9537190082644,2021.8214049586775,4646.998595041322,121
1871,1,99.2501,7937.247672413793,2835.6991379310343,6858.639288793103,27098.75265086207,464
1872,1,99.2503,182.27471337579618,1358.3522292993632,3105.368280254777,5626.958598726114,157
1878,1,99.2902,100.82646739130435,1054.9204891304348,1825.1417391304349,5086.940923913044,184
1879,1,99.2904,1848.115925925926,1116.2,1898.7925925925927,9376.552962962962,27
1882,1,99.7900,1284.5795495495495,2546.7297297297296,2007.4615315315316,10400.914954954955,111
1887,1,99.8500,1708.8532394366198,2284.6901408450703,2214.1515492957747,13901.365211267606,71
1889,1,99.9200,25.209317738791423,991.9550097465886,1865.7703021442496,5196.277933723197,2052
1891,1,99.9204,51.76085470085471,966.6376068376069,766.1672222222222,3696.5196153846155,234
1892,1,99.9205,23.775357142857143,1615.3392857142858,2325.5950000000003,6285.381071428572,28
1893,2,,80.98720026248746,1351.0169453022465,1581.4953194240716,5281.74107996217,103624
1953,2,03.3101,1765.7560606060606,2396.0454545454545,1869.2227272727275,10846.78484848485,33
1957,2,03.5304,24559.741379310344,2892.353448275862,4319.513793103448,38341.033793103445,29
1958,2,03.5305,21292.233787878788,2682.350681818182,4594.7697727272725,35399.89787878787,132
1962,2,03.9100,255.59966666666665,688.5283333333333,580.4233333333334,3903.452166666667,60
1963,2,03.9101,520.4435714285714,713.3214285714286,522.5307142857143,4348.3042857142855,28
1964,2,03.9102,1523.6118181818183,1052.4129090909091,1302.8581818181817,7635.8490909090915,55
2008,2,04.8101,186.6890476190476,1380.117857142857,1095.2752976190477,5507.233630952381,168
2011,2,04.8900,42.559090909090905,735.75,949.4086363636364,4728.581363636364,22
2013,2,05.3100,62.903803680981596,1058.8484662576686,515.9681595092025,4381.1541717791415,163
2018,2,06.3100,859.1790909090909,1691.5727272727272,1407.6427272727271,7425.816363636363,22
2021,2,06.3900,915.9652173913043,1499.5239130434784,1677.7891304347827,8214.810869565217,23
2036,2,08.2000,138.87866666666665,935.6754999999999,704.2009999999999,2808.8439999999996,60
2049,2,08.4902,208.31288461538463,851.3348076923077,369.89846153846156,2351.688076923077,52
2063,2,09.8100,111.63730158730158,1029.8206349206348,852.7914285714286,3433.3271428571425,63
2077,2,11.3201,151.67137404580154,655.7061068702291,261.7978625954199,2720.188473282443,131
2078,2,11.3203,2184.0075925925926,473.02962962962965,148.5475925925926,4260.534074074074,54
2079,2,11.3900,80.92541666666666,898.84125,317.1354166666667,1978.0766666666668,24
2080,2,11.3901,89.51545454545455,854.6333333333333,414.520303030303,2835.3069696969696,33
2088,2,12.6400,155.64190476190475,785.4761904761905,760.9895238095238,4012.0990476190477,21
2098,2,13.4100,2665.23744968459,852.3159807750075,148.85234004205466,5910.338230699909,3329
2099,2,13.5900,2539.354861111111,1097.4569444444444,285.58402777777775,5242.772916666667,72
2103,2,13.7100,1586.9541066666668,1168.3372,183.14888,4610.579506666667,750
2115,2,14.6x02,462.305,808.046875,520.8878125,3473.200625,32
2118,2,14.7401,3123.824455445544,783.5257425742574,1085.4159405940593,8669.575544554455,101
2133,2,17.1200,3270.1979310344827,1410.4432758620692,1175.2417241379312,9597.04724137931,58
2134,2,17.1300,3556.089285714286,1434.0954761904763,1044.56,9857.051666666666,42
2147,2,17.912A,94.51622641509434,1048.366037735849,1455.630188679245,4988.808679245283,53
2148,2,17.9133,108.2395238095238,986.6904761904761,1923.4009523809523,5108.111904761905,21
2149,2,17.9200,56.4878305785124,1166.201673553719,1348.9468595041324,5030.3582644628095,484
2150,2,17.9211,73.68103448275862,848.251724137931,1284.0465517241378,4464.462068965517,29
2157,2,17.9265,56.00581395348837,958.7255813953487,1111.0693023255812,4401.921627906977,43
2160,2,17.9500,60.264111111111106,1194.008888888889,1446.211888888889,4820.944740740741,270
2161,2,17.9515,563.9634453781512,1174.857142857143,2131.2916806722687,6041.186218487395,119
2163,2,17.9542,21.75032258064516,1404.758064516129,655.7458064516129,4472.470322580645,31
2164,2,17.9571,746.3558181818182,1188.7727272727273,1346.7547272727272,4920.500545454546,55
2165,2,17.9572,74.6975,801.2386363636364,1559.615,4463.664772727273,44
2166,2,17.9610,130.86150943396225,1131.081603773585,2604.75070754717,6207.351367924528,212
2168,2,17.9612,116.069,1149.35,2969.6116666666667,6150.228,30
2171,2,17.9700,855.6808888888891,1282.94,1314.1382777777778,5292.4025,180
2184,2,17.9833,768.5687313432835,602.8735074626866,1844.7376865671642,5193.846492537314,134
2193,2,18.2900,229.0546875,1104.2878125,967.9921875,3768.080625,32
2205,2,20.0901,197.89142857142858,1016.5607142857143,1579.3710714285714,4873.3039285714285,28
2206,2,20.0902,45.23897435897436,1067.1717948717949,1191.2482051282052,3596.4730769230773,39
2218,2,21.0300,588.5761538461538,993.4884615384616,694.6369230769232,3576.3707692307694,26
2225,2,21.2100,71.87545454545455,1552.2045454545455,1146.2277272727274,4027.9927272727273,22
2229,2,21.3102,231.98142857142855,1384.661904761905,1386.5957142857144,6669.936666666667,21
2234,2,21.5x00,472.67,1187.9344827586206,862.1868965517242,4638.436551724138,29
2235,2,21.5x01,375.37,1334.3444444444444,1239.1944444444443,5538.286388888889,36
2241,2,21.6903,257.0253488372093,909.2325581395348,1035.353953488372,6316.843953488372,43
2245,2,21.8400,544.7248936170213,1440.1382978723404,1337.6023404255318,5805.283829787235,47
2252,2,22.2x01,709.7226923076923,1391.3807692307694,1313.116923076923,6466.595769230769,26
2256,2,22.5002,507.4082524271845,1110.6718446601942,1462.3709708737863,7137.480291262135,103
2259,2,22.5300,650.9482089552239,1168.034552238806,1785.5900746268658,7598.291119402985,134
2260,2,22.5301,844.0981818181818,1419.7336363636364,2834.4236363636364,8310.640303030303,33
2262,2,22.6002,158.16857142857143,1048.8228571428572,905.8576190476191,6056.73619047619,21
2300,2,27.0x10,228.2817391304348,1309.4973913043477,1293.051304347826,3854.1769565217387,23
2315,2,27.9900,963.645172413793,1136.9968965517241,1356.7548275862068,4858.466206896553,29
2320,2,28.2x00,770.2809523809524,1204.2247619047619,2289.634285714286,6720.926666666666,21
2321,2,28.2x03,609.5502631578947,1092.078947368421,1802.5826315789473,6774.888157894737,38
2329,2,28.6x02,371.18142857142857,648.1285714285715,1638.2071428571428,6061.685714285714,21
2332,2,29.1100,59.80416666666666,1417.4161111111111,1326.5511111111111,3965.0008333333335,36
2338,2,29.3905,204.5723076923077,1102.4923076923076,543.3830769230769,4798.256153846154,26
2347,2,30.0905,377.40137254901964,1155.5098039215686,1406.992156862745,5703.570784313725,51
2350,2,30.0911,221.2786956521739,1091.7613043478261,1454.9991304347827,5121.32695652174,23
2359,2,31.4200,113.5975,998.934375,1549.406875,4094.8334375,32
2360,2,31.4201,61.852799999999995,1465.1254000000001,1817.1634,4124.1622,50
2370,2,33.2200,126.33321428571428,2470.192857142857,1890.0767857142857,6905.802857142858,28
2373,2,33.2403,188.45716417910447,2299.626865671642,2416.8465671641793,6733.423134328358,67
2374,2,33.2600,1345.749,2550.767,3187.148333333333,9607.144333333334,30
2381,2,34.0401,423.668275862069,2669.309064039409,2677.193399014778,8245.29709359606,203
2391,2,34.9100,327.79125,2743.9926041666663,2900.3463541666665,8544.4996875,96
2392,2,34.9101,313.40631067961164,2763.3199029126213,2975.313009708738,8296.660194174758,103
2394,2,34.9103,439.2528125,3289.3034375,3050.9825,8931.7884375,32
2414,2,38.5900,446.59945945945947,1703.8272972972973,1521.7975675675675,7061.148648648648,37
2415,2,38.5901,422.37529411764706,1574.4374117647058,1366.3437647058824,6536.901,170
2431,2,38.9301,1206.7860714285714,3418.2875,11310.711249999998,22016.161607142858,56
2432,2,38.9302,609.8879268292683,3556.4143902439023,9353.128658536585,20463.366219512194,82
2433,2,38.9303,897.5255,6019.33375,6115.0095,19680.7605,40
2438,2,38.9700,917.8672727272726,5853.545454545455,7620.727272727273,22087.045454545456,22
2441,2,39.2700,283.3703448275862,1828.4896551724137,3312.235172413793,11020.576206896552,29
2443,2,39.3000,491.84617021276597,807.5212765957447,1823.159574468085,12917.568723404254,47
2444,2,39.3100,815.1527868852459,626.5622950819672,1204.5385245901641,8637.455409836066,61
2452,2,39.5000,4441.530476190476,1819.9,451.7880952380952,16552.31142857143,21
2456,2,39.5900,383.21046875,897.3953125,1780.032578125,15104.468125,128
2457,2,39.7900,9738.158148148148,2117.9796296296295,3342.13962962963,21984.074074074073,27
2463,2,39.9500,509.39895061728396,1410.8579012345679,2304.959444444444,6729.086234567901,162
2465,2,39.9700,257.0454054054054,2026.7972972972973,4325.751621621622,9785.52945945946,37
2483,2,41.3800,132.26521739130433,2246.4356521739132,2771.9230434782608,7188.018695652174,23
2508,2,43.4100,193.93338709677417,1313.2614516129033,1353.7830645161291,5568.841612903226,62
2509,2,43.4101,173.2286813186813,1257.610989010989,997.0106593406593,4489.776703296703,91
2510,2,43.4105,282.5068934911243,1403.9596893491125,1014.5732840236687,5114.634940828402,676
2524,2,44.1100,100.75761904761904,1853.2380952380952,1055.8157142857144,4069.2680952380956,21
2526,2,44.1300,111.39088803088804,1809.9205067567568,1611.0269546332047,4871.9251496138995,2072
2529,2,44.1401,125.2170068027211,2088.321836734694,1986.240476190476,5838.1321768707485,147
2542,2,45.1300,117.60257261410788,1808.3066804979253,1271.771286307054,4223.452323651452,241
2545,2,45.1600,82.325,1612.765625,1581.1953125,4509.1484375,32
2546,2,45.2300,204.2937012987013,1901.4042857142858,1371.051233766234,4811.562467532467,154
2548,2,45.2302,139.1211111111111,1582.3813756613758,1429.9015873015874,4290.191534391534,189
2553,2,45.2501,322.922,2087.996,1323.0220000000002,5884.804399999999,25
2569,2,45.4200,319.82182608695655,1388.0574565217391,1153.7253260869566,5535.201847826087,460
2570,2,45.4201,469.54448275862075,1209.8812068965517,1310.7891379310345,5333.903103448276,116
2572,2,45.4300,1073.5782857142858,1272.5324761904762,1261.8791428571428,6363.389238095238,105
2574,2,45.4302,724.622705882353,1656.7164705882353,831.576,5702.08494117647,85
2610,2,47.0100,1033.4501503759398,1502.7160257787327,1940.232814178303,7646.080182599356,931
2611,2,47.0901,351.92629032258066,1352.1921774193547,1910.8258467741935,6079.385524193549,248
2622,2,48.3508,497.52124999999995,2134.3035714285716,762.81375,6070.254821428572,56
2624,2,48.3510,1163.1642105263156,1289.028947368421,1045.9528947368422,5291.788157894737,38
2625,2,48.3600,219.28955357142857,1136.6526785714286,1068.9280357142857,5412.28625,112
2626,2,48.3601,953.1362068965517,1503.7689655172414,1047.9948275862068,6086.968103448276,58
2627,2,48.3602,206.42131147540982,1240.5595081967215,1566.0144262295082,5586.363770491804,61
2628,2,48.3603,300.60345679012346,1164.4345679012345,729.3923456790124,4039.722222222222,81
2630,2,48.4102,778.756171875,1280.23828125,1473.5015625,8477.645078125,128
2648,2,49.0100,187.50925925925927,1019.9550617283951,1745.900061728395,4933.632901234568,162
2650,2,49.0400,863.1453956834533,972.8253237410072,1760.2473381294965,6511.725971223022,139
2654,2,49.1200,945.1961224489796,1067.2581632653062,1760.5019387755103,7262.482959183673,98
2657,2,49.3901,119.7811111111111,1101.2113333333334,814.7437777777778,4954.310444444444,45
2661,2,49.4200,186.06287500000002,754.6242500000001,1883.76525,5481.948625,80
2662,2,49.4500,601.7454764930114,1173.2784879288438,1658.9868106734436,6141.548526048286,787
2664,2,49.4600,618.0052397260274,987.6834589041096,1542.5541780821918,5324.587705479453,292
2665,2,49.4601,164.67405405405404,1351.5737837837837,1437.2394594594596,6178.764324324325,37
2668,2,49.4900,3153.817871396896,912.1107538802661,1499.5878935698447,9642.188314855875,451
2669,2,49.4901,2277.6870000000004,1090.8956666666668,1663.4302222222223,8044.733333333334,90
2670,2,49.4903,1324.0356818181817,958.3409090909091,460.2927272727273,4997.155681818182,44
2673,2,49.7300,220.2866666666667,971.9809523809523,1143.9657142857143,5004.179523809524,21
2674,2,49.7301,330.6881818181818,1013.0496363636364,1421.7867272727274,5486.147454545454,55
2675,2,49.7302,366.47222222222223,1301.2074074074073,1744.197037037037,5470.056296296296,27
2693,2,51.0400,237.53382352941176,677.6794117647058,2466.194117647059,7503.7876470588235,34
2699,2,51.2200,696.0733333333334,1781.9741025641026,3755.93358974359,10592.829487179486,39
2701,2,51.2300,1150.6349767441861,1610.2737348837209,2080.525930232558,8526.512623255814,2150
2719,2,51.8803,2405.8827272727276,2556.3557575757577,4256.957878787879,16045.205454545456,33
2730,2,53.0001,1217.8832478632478,1390.2637606837607,1134.5023931623932,6525.673931623932,117
2731,2,53.0002,2808.900526315789,1594.0526315789473,1305.5647368421053,9539.467894736843,57
2735,2,53.0201,1234.3614705882353,1055.9823529411765,1004.6841176470589,5780.65205882353,34
2736,2,53.0202,527.4009375,1267.3003125,1442.3690625,6649.284375,32
2741,2,53.0302,1384.47825,1165.535,1273.2485000000001,6762.475,40
2743,2,53.0401,1800.6825405405407,1169.3258378378378,1040.0511891891892,6358.40545945946,185
2745,2,53.0501,1490.2469266055048,1337.1812385321102,1129.7489449541283,6437.4180275229355,218
2758,2,53.2901,1220.3500000000001,2454.0440909090908,3806.6745454545453,11692.240454545456,22
2777,2,54.0x00,285.72594594594597,1297.1559459459459,1667.37972972973,4939.412972972973,37
2781,2,54.1100,1276.0252380952381,2119.580952380952,3728.6738095238093,12037.986666666668,21
2786,2,54.2100,372.49523809523805,1050.4952380952382,1879.1723809523808,5478.589047619047,21
2802,2,54.5100,908.4619047619047,819.462380952381,1910.5033333333333,9647.078095238096,21
2803,2,54.5101,771.2107407407407,2076.076666666667,2694.915185185185,10088.558148148148,27
2806,2,54.5903,759.6934328358209,1376.2194029850746,1859.6898507462686,7973.517462686567,67
2813,2,54.9101,421.4196,2254.71,3259.0897999999997,8242.6748,50
2814,2,54.9105,231.15434782608696,2416.6765217391303,3044.4165217391305,7562.519565217392,46
2824,2,55.0106,853.4264864864865,1943.8008108108108,1614.2054054054054,9165.33027027027,37
2831,2,55.0402,2372.6319512195123,2059.09918699187,3109.1197560975606,19430.534146341466,123
2832,2,55.0404,3411.7908695652177,2170.550217391304,2634.936304347826,14783.815652173913,46
2852,2,56.0x00,2539.064221014493,1630.2134420289854,1518.3171920289853,9733.332826086957,552
2855,2,56.0x03,2496.978538461539,1615.8207692307694,1982.1109999999999,9736.901692307692,130
2858,2,56.0x06,2374.24417989418,1729.1716931216931,1523.5611111111111,9196.576243386244,189
2859,2,56.0x07,1158.9266666666667,1277.2166666666667,1230.8775,6663.820833333332,24
2865,2,56.3100,1316.1536666666666,1867.627,1638.7743333333335,7366.047666666666,30
2869,2,56.8901,1831.3565384615383,1996.576923076923,2525.430384615385,10843.366923076923,26
2871,2,57.0x00,475.33329787234044,1653.919574468085,1635.0221276595744,7153.581489361703,94
2882,2,57.1902,478.0309523809524,1512.8238095238096,1677.9852380952382,6283.067142857143,21
2885,2,57.3200,548.5005063291139,1855.6245569620253,1394.0849367088608,5474.871265822785,79
2903,2,57.9400,313.2763683304647,2197.964939759036,3789.3959724612737,8907.945232358003,581
2931,2,59.8x03,1930.9263157894736,1771.729052631579,1993.693,8439.14547368421,190
2935,2,59.9900,72.95564102564103,726.3299999999999,474.9971794871795,2262.350512820513,39
2939,2,60.2900,2216.854513274336,2117.326371681416,2799.418318584071,11418.957610619469,113
2940,2,60.2901,1142.558367346939,1609.9138775510203,3025.2561224489796,10032.84081632653,49
2941,2,60.2902,1364.104923076923,2409.1432307692307,2608.1506153846153,10973.293846153845,65
2956,2,61.4904,296.33054054054054,1150.6972972972974,1107.0775675675677,4386.643513513513,37
2976,2,64.0x00,784.642972972973,784.9297297297297,495.7735135135135,2981.729189189189,37
2986,2,65.0105,697.0520833333334,1360.3958333333333,1901.47375,8944.725,24
2995,2,65.2501,709.6530555555555,1583.4925925925927,1618.7023148148148,7937.010185185185,108
2999,2,65.2901,732.4031818181818,1526.1368181818182,1872.0768181818182,7796.433181818182,22
3004,2,65.4100,764.8773076923078,1832.746153846154,2634.2057692307694,9902.158076923077,26
3021,2,66.0103,496.6116216216216,1071.2054054054054,1597.436756756757,7367.232432432432,37
3032,2,66.4x02,734.9297368421053,1232.6379824561404,1709.106052631579,7664.832807017545,114
3034,2,66.5102,1010.4213333333333,1775.9170000000001,1727.743,8813.462,30
3040,2,66.6200,469.25410256410254,965.908717948718,1305.6905128205128,5593.949743589744,39
3041,2,66.6201,508.2944444444444,1218.8827777777778,1405.5938888888888,6885.620833333333,36
3057,2,67.0x00,52.71590909090909,1086.8,486.52818181818185,2346.9804545454544,22
3059,2,67.1200,71.75212765957447,1494.6778723404254,870.3006382978724,3644.3955319148936,47
3062,2,67.2x00,158.74084905660376,938.4794339622641,773.7878301886792,3619.9726415094337,106
3064,2,67.3201,98.29284782608696,1040.2295869565216,1044.2076739130434,3468.0905,460
3065,2,67.3202,192.17357142857142,1045.9385714285713,1002.3780952380952,3984.6109523809523,42
3070,2,67.3904,79.5041095890411,848.5465753424658,548.5235616438356,2503.1817808219175,73
3076,2,67.6100,106.44902439024389,861.0292682926829,674.9085365853658,3607.0265853658534,41
3079,2,68.1200,323.5597916666667,1356.7796666666666,1329.3128333333334,4337.797541666667,240
3080,2,68.1602,324.7468181818182,1720.3454545454545,782.9809090909092,4508.6504545454545,22
3083,2,68.2101,332.5804651162791,1178.3976744186045,1109.5634883720932,4607.068604651163,43
3085,2,68.2302,572.5389795918368,1143.6877551020407,895.2763265306122,5653.5344897959185,49
3088,2,68.2901,694.6365656565657,1693.8278787878787,2058.817777777778,9335.656565656565,99
3094,2,68.2912,1394.8195,1675.23025,2274.26075,10665.73,40
3095,2,68.2913,277.30898550724635,1298.224927536232,1144.6388405797102,5601.858405797101,69
3096,2,68.2915,484.6773033707865,1360.488651685393,1109.3203370786518,5652.700224719101,267
3097,2,68.2917,450.86783333333335,1162.4238333333333,1120.5105,5914.6145,60
3100,2,68.3102,997.3422222222222,1653.1202777777778,2286.0133333333333,10658.430833333334,36
3103,2,68.3901,548.1717333333333,1745.8193333333334,1884.9378666666667,8113.991466666666,75
3105,2,68.4100,1375.784642857143,2028.587142857143,2340.700357142857,12655.827738095239,84
3108,2,68.4901,696.0014893617022,1701.4687234042553,2258.5407446808513,9232.26244680851,94
3112,2,68.5100,674.77,1929.5382352941178,2197.9435294117648,11678.070588235294,34
3115,2,68.5901,511.90787878787876,1962.219090909091,1840.781212121212,8736.300000000001,66
3119,2,69.0100,68.54299999999999,693.0777647058824,339.193,2203.807,170
3120,2,69.0101,71.38820895522389,701.5807462686568,329.9610820895523,1891.1687313432835,268
3121,2,69.0200,56.67896296296296,586.1544814814814,476.7147777777778,2047.7251851851854,270
3122,2,69.0201,68.64338114754099,699.470737704918,422.8407172131147,2131.043442622951,488
3123,2,69.0202,264.95174089068826,748.45004048583,374.7377732793522,3266.0576518218622,247
3125,2,69.0901,85.9995979020979,1117.996853146853,853.3223601398602,3148.5498776223776,572
3126,2,69.0902,307.0337837837838,1540.7032432432432,914.0132432432432,4387.652612612613,111
3134,2,69.5100,190.91585365853658,789.9878048780488,344.8841463414634,2036.8560975609757,41
3135,2,69.5101,163.5344366197183,471.96007042253524,410.67133802816903,2016.3733802816903,142
3136,2,69.5102,30.2826,646.678,394.5932,1870.7582,100
3138,2,69.5200,36.34675,659.58175,516.365,2587.8044999999997,40
3140,2,69.5202,31.623690476190475,678.1811904761905,532.3092857142858,1994.684642857143,84
3142,2,69.5901,44.23104651162791,685.8546511627907,763.8738372093022,2252.2926744186047,86
3149,2,70.1400,18.780377358490565,598.8390566037735,267.3494339622642,2243.7437735849057,53
3153,2,70.2100,34.0296,1185.4,775.7056,3248.4836,50
3161,2,70.5001,367.27663366336634,1274.4115841584157,1228.5241584158416,5825.594257425742,101
3167,2,70.7100,88.44109550561798,647.7273876404495,442.55441011235956,3109.21095505618,356
3174,2,71.0902,103.99857142857144,1183.0433333333333,1134.4019047619047,3602.932857142857,21
3181,2,71.2200,171.6216923076923,963.7952307692308,864.4184615384615,3283.7078461538463,65
3187,2,71.2900,230.8803125,834.04125,995.49,3259.073125,32
3191,2,71.3x04,140.88372881355932,1138.744745762712,997.4315254237288,3669.5511864406776,59
3193,2,71.7100,132.72590909090908,687.0590909090909,793.1786363636364,3392.732727272727,22
3195,2,71.7102,176.41665991902835,741.2291093117409,526.5512753036437,3047.868846153846,494
3206,2,73.0100,540.8747692307693,745.4046153846155,757.6301538461538,3886.3753846153845,65
3207,2,73.0900,140.3677397260274,626.7166438356164,535.553493150685,2457.851438356164,146
3212,2,73.4x00,18.583787878787877,573.2078787878788,257.87060606060606,1526.848787878788,66
3218,2,73.5900,105.39734042553192,787.7997872340425,567.3479787234043,2882.635,94
3220,2,73.6x01,158.92419134396354,835.6982687927107,592.1263553530752,3357.5157403189064,439
3222,2,73.8x00,92.975,576.6284375,463.2246875,2190.485,32
3225,2,74.1x00,287.01581395348836,961.9906976744186,1196.6448837209302,6477.369999999999,43
3226,2,74.1x01,489.5077996845426,910.4199132492113,1235.8589826498421,5698.517109621452,2536
3227,2,74.1x02,610.3512121212121,986.2357575757576,1333.1166666666666,5973.300606060607,33
3237,2,75.0x02,63.421087866108785,642.6028033472803,827.9633054393306,2859.900669456067,239
3238,2,75.3400,349.1633898305085,1298.7016949152542,625.1142372881355,4645.26406779661,59
3240,2,75.4x00,119.976582278481,704.2616455696202,562.9159493670886,3117.2981012658224,79
3243,2,75.6900,192.54311475409835,894.9270491803279,491.29606557377053,3295.0465573770493,122
3244,2,75.6902,155.70090062111802,893.3450310559006,455.56406832298137,3345.8754347826084,322
3247,2,75.6905,240.96975609756097,1047.6463414634147,361.3209756097561,3889.6360975609755,82
3248,2,75.7x00,100.76971428571429,825.0857142857143,604.0600000000001,4143.492571428571,35
3295,2,77.5900,212.59199999999998,1009.3587272727274,773.8774545454546,3245.6212727272728,55
3309,2,77.6900,375.0489189189189,1317.9216216216216,1146.8513513513512,5276.177297297298,37
3338,2,78.1301,998.378275862069,1728.1979310344827,1365.1844827586206,5186.328275862069,29
3360,2,78.5500,11670.024761904762,2475.252380952381,2766.0509523809524,22407.551904761902,21
3370,2,78.5900,18817.753823529412,1859.5938235294118,2204.6735294117643,30142.435294117648,34
3372,2,78.5902,9116.235714285714,992.2942857142858,2997.5422857142858,23802.696571428572,35
3374,2,78.6000,376.664,1035.26,1188.466,5049.9788,25
3375,2,78.6100,463.30909090909086,994.9272727272728,961.7813636363636,4728.27,22
3377,2,78.6103,420.32615,938.4092999999999,852.4327499999999,4355.4037,200
3381,2,78.6201,772.5784337349398,963.1348192771085,1096.8818674698796,5023.7996385542165,166
3384,2,78.6301,452.5432584269663,988.0084831460674,836.9911797752809,4362.253146067415,178
3386,2,78.6303,601.2620967741935,934.8022580645161,932.0612903225807,4602.500322580646,62
3389,2,78.6403,302.1539344262295,861.9924590163935,949.7708196721312,4246.149344262295,61
3391,2,78.6501,1331.2250993377484,1034.0245033112583,1295.2134437086092,6038.26940397351,151
3393,2,78.6601,369.3418852459016,982.0369672131147,1030.9908196721312,4503.821721311476,122
3394,2,78.6700,3598.3958620689655,902.2841379310346,927.9972413793104,8511.216206896552,29
3395,2,78.6701,790.1042236024845,1019.1317701863354,1221.624751552795,5808.4453105590055,322
3397,2,78.6703,428.059552238806,1013.7334328358208,1006.8573134328359,4972.5791044776115,67
3398,2,78.6705,599.4918461538462,986.2654615384615,1042.6287692307692,5045.426923076923,130
3400,2,78.6800,420.05270270270273,862.6245945945946,901.4243243243243,4402.898378378378,37
3401,2,78.6801,427.8067857142857,824.6464285714285,1247.7257142857143,4467.941428571428,28
3402,2,78.6803,342.48305555555555,965.7627777777777,797.6897222222223,4254.706666666667,36
3403,2,78.6900,739.7081818181817,1106.3545454545454,1503.565303030303,6215.6163636363635,66
3405,2,78.6903,327.3460784313726,921.8156862745097,674.7317647058824,3546.628823529412,51
3406,2,78.6905,292.08956521739134,814.0173913043479,611.7091304347825,3632.1869565217394,23
3407,2,78.6907,1131.2385714285715,1130.7912030075188,1653.657894736842,6806.134962406015,133
3414,2,79.0201,743.1124675324676,1231.189090909091,1021.5287012987014,4234.870909090909,77
3436,2,79.1500,12822.785940594058,3167.099405940594,3555.449702970297,25779.166534653465,101
3437,2,79.1600,13719.658095238095,2206.552380952381,4009.280952380952,24361.830476190476,21
3469,2,79.3100,9989.55875,1951.584765625,3043.7290625,19978.93359375,128
3470,2,79.3101,12582.124923076923,1693.7389230769231,2472.8746666666666,20988.48748717949,195
3471,2,79.3200,10154.029565217392,1587.6770807453418,2693.1870807453415,18868.789751552795,161
3472,2,79.3201,10193.185895522387,1593.1034328358207,2447.570074626866,18752.137985074627,134
3473,2,79.3202,9804.252222222221,1553.91,3054.571481481482,18932.340555555555,54
3474,2,79.3300,6039.336666666666,1170.2666666666667,1972.3233333333333,11697.649166666666,36
3476,2,79.3302,6197.03193548387,1248.2941935483873,1934.3364516129031,12694.42612903226,31
3477,2,79.3400,3124.7913636363637,1153.204659090909,2300.3003409090907,10338.004318181818,88
3478,2,79.3401,3163.8681538461537,1089.3456923076924,2558.295692307692,11925.62523076923,65
3479,2,79.3500,13124.204758064516,3189.620887096774,4758.529677419355,28519.715967741933,124
3480,2,79.3501,17353.859878787876,2449.086606060606,4031.0754545454542,29433.987878787877,165
3481,2,79.3600,13374.367777777778,2242.411452991453,4294.0526068376075,27117.23478632479,234
3482,2,79.3601,18036.45090909091,1897.5020707070705,4355.9624747474745,30128.24409090909,198
3483,2,79.3602,12870.012352941176,1586.770588235294,2764.6626470588235,21455.959705882353,34
3484,2,79.3603,13670.085897435896,1777.3211538461537,3257.9917948717953,23810.38487179487,78
3485,2,79.3604,4951.2,1848.5920512820512,2659.0523931623934,13367.080854700855,117
3487,2,79.3700,10529.139009900991,1635.1776237623762,4076.1824752475245,22488.771485148514,101
3489,2,79.3702,7079.774074074074,1392.3285185185186,3079.5111111111114,16824.336296296296,27
3490,2,79.3800,3689.1585185185186,1245.611111111111,3366.332962962963,12024.167407407409,27
3491,2,79.3900,9067.858325791854,2091.1853846153845,3044.611176470588,19291.52407239819,221
3494,2,79.3903,17622.38625,3396.9216666666666,5751.446666666667,33142.57729166667,48
3495,2,79.3904,9705.774012738853,1620.1867515923568,2231.003312101911,17175.380828025478,157
3503,2,79.6400,901.5582978723405,881.0472340425532,1629.966170212766,5658.591702127659,47
3509,2,79.7100,1507.391914893617,1287.2629787234043,1256.3193617021277,5270.045531914893,47
3547,2,80.5100,11904.731730769232,2185.636826923077,3458.9578846153845,25466.04701923077,104
3548,2,80.5101,1310.1350000000002,1348.9411764705883,3666.0917647058823,10024.531470588236,34
3551,2,80.5107,1641.8958333333333,1481.8393333333333,2794.0365,9516.231666666667,60
3552,2,80.5108,17140.642647058823,2456.6111764705884,4553.938529411765,31042.47823529412,34
3553,2,80.5109,3723.3319047619048,1446.567619047619,1788.1057142857144,10861.429523809524,21
3555,2,80.5111,5493.798558558558,1921.0423423423424,2413.6204504504503,14472.116396396395,111
3556,2,80.5200,569.2431794871795,1081.6871794871795,912.6655897435897,5412.158717948718,195
3557,2,80.5900,433.66662447257386,1300.7665822784809,1278.3124472573838,7264.3139240506325,237
3613,2,81.4700,5106.076590909091,1139.1068181818182,1598.8827272727272,12140.775454545454,44
3616,2,81.5100,26224.297606837605,2452.357478632479,3954.314871794872,40588.61235042735,234
3617,2,81.5200,18000.60714285714,3022.7510714285713,4384.394285714286,31698.508928571428,56
3618,2,81.5201,18196.735547445256,2891.596788321168,4178.161605839417,32656.14518248175,137
3621,2,81.5400,27812.242950819673,2297.2846721311475,4322.747786885246,40392.87303278688,122
3625,2,81.6500,7748.138979591837,2581.053102040816,2173.3831836734694,15721.647428571428,245
3626,2,81.6600,14252.341523809524,1643.5514285714285,1375.3745714285712,20089.30904761905,105
3627,2,81.6601,15608.770656934306,2054.0063503649635,1518.7230656934307,22179.077883211678,137
3636,2,81.9100,73.47919999999999,1377.5512,1826.059422222222,5304.822666666667,225
3637,2,81.9101,44.35928571428571,1056.8833333333332,1172.544880952381,4241.220952380952,84
3639,2,81.9201,149.11911764705883,1006.333088235294,1088.1079411764706,5024.036911764706,136
3650,2,82.0101,146.29749999999999,853.5825000000001,505.8875,2705.6964285714284,28
3658,2,82.2101,125.74150684931509,941.9301369863012,504.6552054794521,2547.7926027397257,73
3664,2,82.3601,595.8895652173912,1448.2839130434782,2437.927391304348,7560.437391304347,23
3669,2,82.4500,355.8959459459459,864.0694594594595,1209.228918918919,4502.542972972973,37
3670,2,82.4501,668.0424137931034,561.72,1117.2151724137932,4506.277241379311,29
3702,2,83.2900,4082.806363636364,872.6968831168832,1962.2011688311686,13030.347792207793,77
3704,2,83.3101,162.55147826086954,953.1992173913044,571.5393043478261,2806.3208695652174,115
3705,2,83.3200,146.868,1213.128,877.7312,3866.4076,25
3707,2,83.3900,150.8068932038835,1180.6058252427183,595.0677669902913,3208.566310679612,103
3709,2,83.3902,412.8201086956522,1229.246304347826,876.6302173913043,4662.284891304348,92
3715,2,83.4501,2149.033684210526,2189.611052631579,2235.5476315789474,10773.618421052632,38
3718,2,83.6401,891.3463636363637,1024.261212121212,1461.9475757575756,5751.782121212121,33
3734,2,83.9105,25.377666433076385,1002.6465311843028,1118.4738332165382,4871.192683952348,1427
3751,2,84.2201,8346.489166666668,957.2541666666666,3249.9233333333336,21571.690833333334,48
3756,2,84.3x00,1074.8372222222222,739.2076388888888,1183.1870833333332,5732.727777777778,72
3768,2,85.2100,534.7261176470588,1179.1648235294117,645.0954117647059,3910.622705882353,85
3771,2,85.2301,374.22977272727275,1086.3829545454546,651.8380681818181,4214.383068181818,88
3782,2,86.0100,206.14289473684212,1572.1336842105263,1754.0805263157895,5920.41552631579,38
3784,2,86.0400,211.40752475247524,1148.6735643564357,1387.5228712871287,4092.4721782178217,101
3785,2,86.0401,7281.608780487805,1643.0990243902438,4098.256829268293,19149.428536585365,41
3794,2,86.2200,966.3967065868263,1346.5477844311379,2471.5911377245507,7927.06868263473,167
3795,2,86.2201,618.6722727272728,1215.1804545454545,1557.8831818181818,5427.733484848484,66
3801,2,86.2800,4179.127955390334,1720.2988475836432,1991.3608921933085,12067.660223048328,269
3803,2,86.3x00,170.96326086956523,1214.1988405797101,779.6924637681159,3655.921811594203,138
3805,2,86.3x02,155.82067567567566,1026.8212162162163,632.3555405405405,3014.7989864864867,148
3806,2,86.3x03,234.78299120234604,1064.3247507331378,711.7556598240469,3211.7899120234606,341
3808,2,86.3x07,87.24923076923076,1278.2692307692307,985.0996153846154,4300.216538461538,26
3811,2,86.3x13,266.85,1097.508076923077,619.5726923076923,3339.748461538462,26
3818,2,86.5900,236.40282352941173,1861.7438823529412,3147.0910588235292,7029.883058823529,85
3819,2,86.5901,130.68891891891892,1098.081081081081,2313.478918918919,4670.651081081081,37
3820,2,86.5902,445.10838028169013,1979.7434507042253,1530.7588028169014,5638.73852112676,142
3838,2,86.7501,1078.756388888889,1136.845,2377.0966666666664,7095.251111111112,36
3848,2,86.8900,277.3016666666666,891.4333333333333,1614.6746666666666,4705.832666666667,30
3849,2,86.8901,157.3688888888889,1153.6037037037038,813.1159259259259,3219.259259259259,27
3851,2,86.9900,162.56862068965518,910.1096551724138,753.8727586206898,3062.5686206896553,29
3852,2,87.0300,47.03107142857142,1107.6785714285713,945.3264285714286,2998.473571428571,28
3853,2,87.0301,77.1012,1510.858,1452.674,3903.2956,50
3856,2,87.2401,3723.0625,1544.9785714285715,853.282142857143,9029.605357142858,28
3858,2,87.4101,300.3029411764706,1736.1672268907562,1751.981680672269,4707.80487394958,119
3863,2,87.4401,156.69922330097089,885.2805825242718,725.9744660194174,2764.941553398058,103
3869,2,88.0100,173.9698214285714,1919.2250000000001,1537.5235714285716,4441.881607142857,56
3883,2,88.3800,1647.4914705882352,1365.0794117647058,635.6067647058824,5206.951470588236,68
3887,2,88.4101,1675.0709803921568,2278.927450980392,3419.3090196078433,9595.81725490196,51
3895,2,88.5500,1623.7278333333334,2243.2233333333334,3403.8945833333332,9960.249083333332,120
3904,2,88.7200,2223.7825806451615,1707.141935483871,1177.138064516129,6448.148064516129,31
3913,2,88.7601,38.30904761904762,946.9857142857143,769.7557142857144,2382.3304761904765,21
3914,2,88.7700,4315.165714285714,1798.8238095238096,1216.905238095238,9184.204285714284,21
3930,2,89.3701,355.63975609756096,2065.548780487805,1591.3963414634147,6127.833902439024,41
3932,2,89.5001,242.48285714285714,2387.495238095238,1796.9701587301586,5817.605238095238,63
3933,2,89.5200,918.3095156695157,1414.165527065527,1703.276581196581,5264.276666666667,351
3934,2,89.5400,217.78878048780487,2448.530820399113,3153.4139024390242,7950.249667405765,451
3935,2,89.5500,67.55236842105263,1242.1078947368421,821.6881578947368,2720.8326315789473,38
3937,2,89.6100,622.2795833333333,1729.8999999999999,1482.7641666666668,5395.839583333333,24
3957,2,93.3500,39.72304721030043,1131.787210300429,1010.9023175965665,4371.199742489271,233
3959,2,93.3503,193.5961052631579,1259.4421052631578,2010.701052631579,4480.754947368421,95
3960,2,93.3504,50.89615853658536,1011.3719512195122,1025.2019817073171,3168.5847560975612,328
3964,2,93.3510,71.4884693877551,2164.7664285714286,1752.3926530612246,7085.2052040816325,98
3969,2,93.3517,80.28171428571429,1364.5914285714284,770.1825714285715,3146.291142857143,35
3973,2,93.3802,35.38324324324324,1035.3164864864864,1678.8924324324325,11140.397297297297,37
3975,2,93.3900,50.810453172205435,1125.1851963746224,1597.6440785498487,5825.075951661631,331
3977,2,93.3902,194.34873493975903,920.8680722891567,1346.5307831325301,3733.2109638554216,166
3980,2,93.3907,37.10970588235294,991.8088235294117,793.4173529411765,3940.6602941176475,34
3981,2,93.3908,531.6372701949861,1029.376323119777,1785.038913649025,4073.2997493036214,359
3983,2,93.3910,76.70880952380952,938.952380952381,1624.0016666666668,4200.198571428571,42
3985,2,93.4200,45.27423076923076,1585.1192307692306,676.0592307692308,4491.161923076923,26
3991,2,93.4407,16098.10043478261,2470.291304347826,3588.910869565217,25986.22652173913,23
3992,2,93.4600,2285.938923076923,2425.02,2394.7540000000004,9634.984769230769,65
3994,2,93.5300,615.1346835443038,1233.2777215189874,1086.7149367088607,3934.257088607595,79
3995,2,93.5400,95.68290322580646,1003.9822580645161,696.3903225806451,3043.185161290323,62
3996,2,93.5401,836.863628318584,1288.03203539823,1346.043539823009,5033.895309734514,113
3997,2,93.5402,1073.15654494382,1420.9488764044943,1360.7220786516855,5285.586994382023,356
4004,2,93.6400,139.05104166666666,992.2854166666666,2759.5772916666665,6556.299166666667,48
4012,2,93.9000,356.00096296296294,3741.565925925926,3668.1691851851856,10997.609407407408,135
4014,2,93.9401,124.68479784366576,1133.0397641509435,1378.4227156334232,3592.710357142857,1484
4015,2,93.9601,82.12223673125527,1947.5369839932603,2165.008390901432,5599.314115417018,2374
4021,2,94.2702,109.66362549800796,1586.3258964143427,1244.1786055776893,13982.834661354582,251
4024,2,96.0400,1171.1051428571427,4381.883047619047,5609.374190476191,16909.157523809525,105
4025,2,96.0700,267.7202380952381,2520.5690476190475,3341.25,9428.509047619047,42
4032,2,96.3900,85.07051282051282,1405.6071794871796,1302.4533333333334,3595.451538461538,39
4039,2,96.7101,659.4562500000001,3223.572708333333,3341.8050000000003,11006.435833333335,48
4040,2,96.7201,643.3945098039217,5008.599607843137,5827.574901960785,21763.533529411765,51
4048,2,97.6203,34.3125,494.7361111111111,304.4538888888889,1433.3336111111112,36
4049,2,97.6204,53.73033519553072,785.8846368715084,320.01508379888264,1985.224469273743,358
4050,2,97.6205,56.747567567567565,905.2613513513513,466.3772972972973,2147.31027027027,37
4054,2,97.7100,129.16859649122807,1199.859649122807,572.7819298245614,3154.919122807017,57
4055,2,97.7101,76.02833333333334,1089.2555555555555,582.8772222222223,2824.2605555555556,36
4056,2,97.7102,291.3372222222222,1145.3152777777777,608.7988888888889,3552.3905555555557,72
4083,2,98.5101,38.84890909090909,995.7854545454545,1154.1889090909092,3424.3294545454546,55
4085,2,98.5103,43.474030520646316,1064.0469299820468,761.8545601436266,3192.9724685816877,1114
4088,2,99.0301,149.4967391304348,2628.663695652174,2456.3032608695653,8582.606304347826,46
4089,2,99.0401,165.112,2990.35,1782.6615,8330.2415,100
4091,2,99.1000,599.9078260869566,4113.415652173913,5862.047826086957,14487.166521739131,23
4096,2,99.2100,40.202400000000004,920.312,2017.1348,3729.0452,25
4099,2,99.2500,87.46333333333334,1621.782,4199.423,6554.414333333333,30
4100,2,99.2503,169.31622950819673,1752.7495081967213,3208.3718032786883,5910.356885245902,61
4106,2,99.2902,23.879622641509435,1322.3735849056604,1476.48679245283,5204.613710691824,159
4108,2,99.6000,256.9921875,2185.5528125,2471.18,7929.60125,32
4112,2,99.8200,245.42542635658916,1223.0,2025.837441860465,4601.038062015504,129
4113,2,99.8300,874.3403519061584,1216.7457478005865,904.8240175953079,4368.833870967742,341
4114,2,99.8301,101.654,1930.47,641.071,6314.3516666666665,30
4115,2,99.8500,67.43774193548387,1001.741935483871,576.2980645161291,2555.3616129032257,31
4116,2,99.9200,43.751260430390865,1056.3046069389547,1235.7231576635925,4842.915520421608,2277
4117,2,99.9201,8.567305699481865,1326.2181347150258,973.9240932642488,5758.086787564767,193
4119,2,99.9204,56.26245033112583,1225.8924944812363,1874.1862913907285,5880.114856512141,453
4120,2,99.9205,66.6276453488372,1005.1802325581396,1821.0621511627908,6287.531220930232,344
4122,3,,107.63414991084272,1465.1993714675605,1296.164719989871,4669.707405505595,284329
4141,3,00.6600,10267.047027027027,3582.6532432432437,2630.614864864865,27307.703513513516,37
4147,3,00.8000,20789.208723404256,3319.513191489362,3980.2880851063833,43024.942340425536,47
4152,3,00.8500,22223.056285714283,3620.7377142857144,4530.645714285714,41067.921428571426,35
4158,3,01.2400,18422.126363636366,11048.699545454547,23391.38590909091,81309.26727272727,22
4162,3,01.2408,14893.002346368714,10481.42279329609,14036.320446927373,60000.449050279334,179
4163,3,01.2409,4010.1906382978723,5530.514468085106,5314.154042553191,24275.370212765956,47
4166,3,01.2413,13976.645161290322,10041.920967741935,12106.657419354839,58092.027096774196,31
4172,3,01.3104,18314.939375,11817.225,16804.6953125,74818.07375,32
4174,3,01.3108,3220.1029487179485,3970.852564102564,4180.381666666667,18504.302564102567,78
4176,3,01.3900,16409.232244897958,10637.919387755102,13938.700612244897,69330.56408163265,49
4177,3,01.3901,5673.732444444444,8862.168222222223,10128.303111111112,44039.47688888889,45
4212,3,03.0900,12236.382258064516,2932.031290322581,3847.6493548387098,27168.945161290325,31
4216,3,03.0913,360.72566666666665,3278.0716666666663,4297.4304999999995,35167.69266666667,60
4217,3,03.0914,6296.2660638297875,2565.058510638298,1269.5655319148937,15833.047340425532,94
4219,3,03.3100,5592.914347826087,9459.612173913045,11515.972608695653,45302.83608695652,23
4220,3,03.3101,281.6019827586207,3287.659051724138,3084.660818965517,9910.692068965518,232
4226,3,03.5304,21201.03410526316,3774.6298947368423,4340.403789473684,42187.89852631579,95
4227,3,03.5305,24036.633175675677,3586.8350675675674,4451.578074324325,43542.948682432434,296
4231,3,03.9000,452.1958490566038,819.2884905660378,2515.526037735849,10211.361320754717,53
4232,3,03.9100,228.1362686567164,962.289552238806,782.5208955223881,5133.020447761194,67
4233,3,03.9101,335.76027586206897,1470.04,635.3015172413793,5343.0327586206895,145
4234,3,03.9102,96.41252066115703,1124.1301652892562,740.3954132231405,5012.48214876033,242
4235,3,03.9200,32.52025316455696,1985.7506329113924,1957.1402531645567,6449.315316455696,79
4236,3,04.0205,163.08925,1131.47,1225.98775,6441.002750000001,40
4259,3,04.2x05,1051.8736842105263,1536.1873684210525,3302.6692105263155,11076.524210526315,38
4275,3,04.4300,455.078,1386.7920000000001,1134.6884,5902.1812,25
4276,3,04.4900,69.11068493150685,1300.5780821917808,835.5361643835616,6023.507123287672,73
4278,3,04.4904,76.22542857142857,1794.4285714285713,2099.768857142857,6182.5657142857135,35
4289,3,04.7408,982.393,1047.175,2063.6923333333334,7922.373666666666,30
4296,3,04.8100,82.60054054054054,1244.7858108108107,1611.5422635135135,5122.662398648649,296
4297,3,04.8101,71.5206355140187,1567.7302803738319,1218.2096760124612,5853.59801246106,1605
4302,3,05.3100,451.29190476190473,1317.4857142857143,2313.2119047619044,8529.018095238096,21
4312,3,06.2x00,1210.8024324324324,2822.421621621622,1687.7497297297298,11004.042432432432,37
4314,3,06.2x02,1296.47625,2751.4875,1331.156875,10515.184375,32
4317,3,06.3100,1015.4664285714287,2205.945,1381.5221428571429,9816.9825,28
4319,3,06.3900,1433.0091150442477,2486.8915044247788,1461.9543362831857,10630.727168141591,113
4323,3,06.4x00,906.1326666666666,3484.0480000000002,1802.6886666666667,11929.592999999999,30
4342,3,08.2000,91.65527131782946,1068.4007751937986,481.6772868217054,2744.4926356589144,129
4361,3,08.4401,346.2422857142857,991.4271428571428,699.2531428571428,3897.106571428572,35
4364,3,08.4902,87.24708994708995,962.5174603174603,264.06920634920635,2415.9715873015875,189
4374,3,08.8101,221.65317073170732,1428.2963414634146,925.8624390243903,4190.432926829269,41
4387,3,09.4300,169.36869565217393,968.3804347826087,484.9939130434783,2768.3484782608693,46
4391,3,09.4900,160.60916666666668,1578.8555555555556,1431.0991666666666,4426.307222222222,36
4398,3,09.8100,287.81533333333334,1033.5893333333333,726.6704444444445,3929.992333333333,90
4406,3,10.3101,185.88724137931032,975.0112068965517,320.0705172413793,2687.296551724138,58
4418,3,11.3201,181.67886597938144,887.9463917525773,194.47460481099657,3073.950446735395,291
4420,3,11.3900,161.90752577319589,992.2207216494845,377.06670103092785,3025.935567010309,97
4421,3,11.3901,194.8798787878788,925.4603030303031,255.10254545454544,3058.927939393939,165
4426,3,11.6901,12.691612903225806,417.6406451612903,142.04129032258064,2556.79935483871,31
4429,3,12.6400,645.6971428571428,1490.757142857143,498.83714285714285,5938.529523809523,21
4435,3,13.3x00,636.453125,1431.171875,281.62,3962.055625,64
4436,3,13.4100,1995.6989924030386,1093.4634386245502,234.57772091163534,5678.294174330268,2501
4437,3,13.4101,1917.6686904761907,1380.1141666666667,310.10333333333335,6617.114166666666,84
4439,3,13.4300,966.1277777777779,1105.037037037037,175.44074074074072,4944.212962962963,27
4440,3,13.5900,1627.3686274509803,900.9718954248367,281.63444444444445,4477.6226143790855,153
4444,3,13.7000,2261.738648648649,1015.8972972972972,204.12135135135134,6461.6110810810815,37
4445,3,13.7100,1787.0375156950674,1194.5185470852018,268.39086098654707,5468.702744394618,1115
4459,3,16.2100,54.54541666666666,3416.244166666667,1324.2304166666665,6316.553958333334,48
4469,3,17.1100,3407.8787500000003,1431.2775,1116.9909375,10125.0940625,32
4470,3,17.1200,4078.1135761589408,1305.938940397351,1093.0931125827815,10298.352119205298,151
4471,3,17.1300,3617.051798941799,1468.3832275132274,966.6566666666668,9905.780502645503,378
4473,3,17.2200,6345.66193548387,1318.6683870967743,1191.8551612903227,14165.707096774193,31
4475,3,17.2400,7197.7796875,1326.0203125,1369.7775,14660.7034375,32
4478,3,17.3300,10807.728461538461,7724.511538461538,6113.166923076923,38796.123076923075,26
4485,3,17.9123,18.84390243902439,751.1439024390244,335.8551219512195,4567.072195121951,41
4487,3,17.9127,1.8203125,601.846875,660.98171875,3833.28953125,64
4488,3,17.912A,34.04350037397158,993.4638369483919,732.1950486163051,4305.52842183994,1337
4492,3,17.9135,18.659154929577465,1206.838028169014,938.1614084507042,4473.3199061032865,213
4493,3,17.9200,32.10727659574468,1458.1008936170213,1524.9998723404256,6435.1358723404255,235
4498,3,17.9300,68.255,3534.0345454545454,2294.6427272727274,7786.750454545455,22
4501,3,17.9500,65.48652528548124,1302.0386693078535,1370.2682498252154,4508.702216266604,4291
4506,3,17.9571,132.3,1003.6130232558139,1137.2186046511629,3591.7777209302326,215
4508,3,17.9700,235.56093511450382,1425.3745229007634,954.4379770992366,4346.109522900763,524
4510,3,17.9714,102.4224,1413.4160000000002,811.9772,2989.3056,25
4524,3,17.972E,135.2460975609756,1297.4280487804879,1005.4768292682927,3686.806829268293,41
4539,3,17.9833,259.16769230769233,984.3246153846154,1360.1498461538463,4966.222,65
4545,3,18.0901,67.06181818181818,676.8454545454546,708.7531818181818,2622.598636363636,22
4547,3,18.1100,37.19716101694915,1440.1889830508474,957.1842372881356,3272.530889830509,236
4549,3,18.2100,266.23571428571427,980.3848979591837,690.1910204081632,4427.366326530612,49
4551,3,18.2900,231.42616,1231.69832,614.91552,3779.0977599999997,125
4552,3,18.2901,77.55433333333333,953.7800000000001,289.5663333333333,2756.391666666667,30
4571,3,20.0100,440.5604,1144.5375999999999,908.0936,5057.4312,25
4574,3,20.0902,80.28628318584072,1158.2823008849557,1105.207610619469,3621.6158407079647,113
4580,3,20.5100,194.0903448275862,1108.651724137931,416.9162068965517,3103.560344827586,29
4585,3,21.0100,61.27605633802818,1077.2887323943662,538.0332394366197,2501.0291549295775,71
4586,3,21.0200,80.99827586206897,1111.2068965517242,1038.7448275862068,3407.3975862068964,29
4587,3,21.0300,171.76413793103447,998.3758620689656,561.8774137931034,2704.0175862068963,116
4589,3,21.0302,171.9957777777778,1183.4,571.7386666666666,3418.614,45
4593,3,21.0904,113.46136363636364,690.3113636363637,294.445,2409.993409090909,44
4598,3,21.2100,53.89886178861788,1398.0842276422763,943.9743089430895,4034.149268292683,123
4603,3,21.3102,415.1639189189189,1190.8297297297297,1334.1597297297299,8192.46216216216,74
4605,3,21.3104,702.7731764705883,1404.4151764705882,771.9482352941177,6450.349411764705,85
4608,3,21.3200,193.13000000000002,1213.4892857142856,760.5417857142858,3977.1439285714287,28
4611,3,21.5x00,569.7202985074628,1243.479104477612,1108.3651492537313,6087.137388059702,134
4612,3,21.5x01,487.13985185185186,1127.751111111111,1046.9483703703704,6123.086148148148,135
4618,3,21.6903,303.9430952380952,1079.8761904761905,1003.5895238095238,5285.094047619047,42
4619,3,21.6904,344.0471794871795,1128.4871794871794,683.0592307692308,4267.068461538462,39
4620,3,21.7100,244.1469105691057,1204.0154471544715,1049.7173170731708,4439.440406504065,123
4626,3,21.8400,493.8057142857143,1047.134761904762,954.6758333333333,5476.245714285715,84
4641,3,22.2x01,401.76178217821786,1243.555198019802,1005.3338613861387,7159.62099009901,202
4647,3,22.5002,481.4225806451613,1603.5109677419357,1781.482741935484,9145.277419354838,62
4648,3,22.5102,615.7489361702128,1154.5425531914893,857.5506382978723,7605.122978723405,47
4650,3,22.5300,584.5334517766497,1523.6839847715735,1371.844771573604,8616.60002538071,394
4651,3,22.5301,551.6452564102565,1705.6407692307694,1359.3629487179487,9168.911282051282,78
4653,3,22.6002,468.1243150684931,1420.5929452054795,1331.8127397260275,7657.66993150685,146
4655,3,22.6201,632.3178571428572,1387.0507142857143,1424.0332142857144,7425.854285714285,28
4662,3,23.1900,59.8978125,1605.78125,1158.059375,4344.5821875,32
4685,3,25.1x01,276.83666666666664,997.2904761904762,746.2257142857143,3746.415714285714,21
4697,3,26.2901,609.2185106382979,1563.6668085106382,1062.9885106382978,6283.244468085106,47
4714,3,27.0x10,140.0051515151515,1140.844090909091,1193.6665151515153,4448.021060606061,66
4723,3,27.4300,143.07793103448276,1949.6213793103448,1498.5534482758621,5212.084137931035,29
4724,3,27.4301,85.63214285714287,1143.7357142857143,330.63952380952384,2551.5490476190475,42
4732,3,27.5100,118.82618181818181,1843.4945454545455,1308.1450909090909,4849.599636363636,55
4742,3,27.9900,132.8358,1177.494,354.2343,3106.8307,100
4744,3,28.0x00,72.87894736842105,1164.3543859649121,881.0547368421053,3034.061052631579,57
4748,3,28.2x00,537.2527922077921,1378.1124675324677,1258.4649350649352,6370.667012987013,154
4750,3,28.2x03,1485.557608695652,1310.7386956521739,1453.6425,7006.030217391305,92
4751,3,28.2x04,1200.05,1420.0815789473684,863.9002631578948,6468.187105263158,38
4753,3,28.3x01,736.0709677419355,1551.4,738.1870967741935,6531.8280645161285,31
4755,3,28.3x03,1891.21,1254.0891304347826,963.5578260869564,7145.347391304347,23
4758,3,28.5x02,276.46717948717946,1356.7923076923078,1173.6974358974358,5647.554871794871,39
4760,3,28.6x00,750.9867499999999,1139.15,691.0435,6216.4712500000005,40
4767,3,29.1100,70.37808219178083,1752.172089041096,1064.8994520547947,4111.034434931506,584
4773,3,29.3901,359.35568181818184,1161.540909090909,1035.2047727272727,4721.841363636363,44
4775,3,29.3905,573.2103571428571,1622.167857142857,1160.6146428571428,6562.631785714286,28
4776,3,29.3906,894.283125,1160.6375,924.770625,6461.4728125,32
4781,3,30.0900,574.025,1414.4058139534884,1501.5338372093024,6624.376395348837,86
4782,3,30.0901,413.61291666666665,1313.9416666666666,1195.9791666666667,5828.409166666667,24
4783,3,30.0902,503.1317391304347,990.0782608695652,787.8178260869564,5586.188695652174,23
4784,3,30.0903,345.8440594059406,1380.6689108910891,973.5412871287128,5695.7333663366335,101
4785,3,30.0904,397.47476190476186,1768.7476190476189,1319.2190476190476,6823.4947619047625,21
4786,3,30.0905,398.712012987013,1504.4318181818182,967.4649999999999,6007.268896103897,154
4787,3,30.0906,386.065,1194.028947368421,872.7607894736843,5577.906052631579,38
4789,3,30.0911,563.8471590909091,1295.6397727272727,1177.1064772727273,6592.179545454546,88
4796,3,31.1x00,1964.5324000000003,9469.4496,12000.9652,40609.72,25
4800,3,31.4200,79.45575418994413,1728.6932402234638,1410.6524581005588,4268.857206703911,179
4801,3,31.4201,61.11866261398177,1698.0568389057748,1399.1574164133738,4201.884255319149,329
4813,3,32.2001,13447.070357142857,4832.435714285714,3279.6349999999998,29788.474642857145,28
4814,3,32.2002,11493.055,2406.995454545455,2608.776363636364,25609.8,22
4824,3,32.4100,19947.1984375,6133.4021875,4433.6840625,41911.2584375,32
4834,3,33.2200,241.87266968325793,3204.8028959276016,2364.540995475113,8248.357556561086,221
4837,3,33.2302,223.38232142857143,3167.135,2916.4916785714286,8591.728642857142,280
4838,3,33.2400,222.73574144486693,2883.496615969582,2133.407072243346,7523.708022813688,263
4841,3,33.2403,263.411370510397,2738.1111909262763,2489.7282892249527,8372.960293005672,1058
4842,3,33.2405,332.9516981132075,2266.872641509434,1795.7341509433963,6962.092452830189,53
4843,3,33.2600,1085.958523489933,3891.465973154363,2712.9044295302015,10536.026107382551,149
4844,3,33.2700,337.13619047619045,3364.9961904761903,2077.767142857143,8226.281904761905,21
4864,3,34.0401,703.909958677686,3110.3528925619835,2908.3099276859502,10441.704483471074,968
4878,3,34.4x01,418.28510638297877,1669.9902127659573,879.0844680851064,5183.911063829787,47
4880,3,34.7101,458.19195652173914,1366.2586956521739,1098.3523913043477,5020.683478260869,46
4884,3,34.9100,403.3760305343512,3320.1865648854964,3356.650687022901,10654.97645038168,262
4885,3,34.9101,408.61333992094865,3199.62104743083,2929.712885375494,9672.09061264822,506
4886,3,34.9102,396.54731707317075,1687.8834146341464,1438.9278048780486,5982.831219512194,41
4887,3,34.9103,562.7998550724639,4220.52,3615.6559420289855,12624.892028985509,69
4892,3,36.0601,9182.555,3540.2666666666664,3021.56,24411.76166666667,24
4894,3,36.0700,10824.504156626506,3436.773493975904,3104.364939759036,27782.295602409642,166
4920,3,38.5900,1237.3387878787878,1724.3801515151515,1490.9989393939393,9002.404848484848,66
4921,3,38.5901,656.6618333333333,1797.6833333333334,1094.1667222222222,7283.508277777778,360
4922,3,38.5902,954.7857142857143,1704.9761904761904,996.9661904761905,7170.745238095238,21
4923,3,38.5903,559.1490909090909,1824.0636363636365,1143.8404545454546,6867.327727272727,22
4937,3,38.9100,788.2327027027027,10389.848108108108,5775.05,27600.549459459457,37
4939,3,38.9301,1743.5910317460318,4771.513492063492,8209.329365079366,22239.55595238095,126
4940,3,38.9302,609.9792160278746,3897.0400871080137,6814.241114982578,16884.977857142858,574
4941,3,38.9303,1169.8294545454546,6712.080068181818,6920.283681818181,22537.421363636364,440
4942,3,38.9304,1236.265785123967,4817.835950413223,6050.066280991736,19111.754132231406,121
4944,3,38.9501,4152.011538461538,2254.0207692307695,1096.9784615384615,11216.231153846154,26
4945,3,38.9502,2087.824905660377,3441.1641509433966,2899.3143396226415,14323.660943396228,53
4946,3,38.9700,2414.736761904762,5046.984857142857,5169.994095238096,23185.22,105
4947,3,38.9800,1576.5592391304347,5798.315688405797,3928.2815942028983,15836.056123188406,276
4948,3,38.9900,152.1700796812749,1022.9203187250996,1315.7226693227092,4144.319920318725,251
4949,3,39.2700,1953.5079754601227,2612.654110429448,1735.5874846625768,10878.939570552147,163
4952,3,39.3100,3302.391025641026,849.0948717948717,1169.5594871794872,12075.710000000001,78
4965,3,39.5000,12740.525394736842,2255.547236842105,899.1340789473685,20459.520263157894,152
4971,3,39.5900,4304.4794,1316.7279999999998,2965.8941999999997,13682.2694,50
4981,3,39.7900,3876.328148148148,2119.0185185185187,2509.827777777778,16840.953333333335,27
4982,3,39.7902,3817.01625,1745.9624999999999,4424.78,19297.91875,24
4983,3,39.7903,3525.0264383561644,2454.0191780821915,4606.623698630137,19471.037534246574,73
4991,3,39.9500,1699.1244831013917,2820.0741451292247,3727.852365805169,18348.904413518885,1006
4993,3,39.9600,3682.3287096774193,2882.3612903225808,4204.309032258065,21863.208064516126,31
4994,3,39.9700,898.2924561403509,2065.4438596491227,2265.9775438596494,10509.266666666666,57
4999,3,40.1101,990.6627586206897,3127.9241379310347,2020.4831034482759,8188.152413793104,29
5025,3,41.3800,154.16028846153847,2821.349230769231,1854.977307692308,6835.682788461539,104
5028,3,41.5x00,3204.8695238095233,5933.588928571428,6351.469999999999,26339.35904761905,84
5038,3,42.3300,148.12978260869565,2291.0402173913044,1315.7147826086955,7141.169673913043,92
5039,3,42.3301,310.2739436619718,2011.6577464788734,1653.1976056338028,6105.880704225353,71
5041,3,42.3304,219.73147540983607,1889.5262295081968,1073.8277049180329,5967.106885245902,61
5052,3,42.4104,17629.37103448276,12314.020689655174,7451.323448275863,58317.38172413794,29
5059,3,42.8101,3454.36,3152.6767857142854,3233.6657142857143,13736.897857142858,28
5068,3,43.4100,1062.3430434782608,1869.2683695652174,1276.9551086956521,6715.513804347826,92
5069,3,43.4101,179.7033870967742,2303.543548387097,967.0546774193548,4574.3751612903225,62
5071,3,43.4105,324.10831497083603,1876.1865262475696,1101.4283668178873,5542.732981205444,1543
5073,3,43.4108,720.814296875,1878.0884375,866.288046875,5837.90671875,128
5082,3,43.7x00,12511.623225806452,7906.498387096774,7969.028709677419,44467.14419354839,31
5092,3,44.1100,179.6119469026549,1681.8317699115044,1107.4913274336284,4549.666017699115,113
5095,3,44.1300,117.66368782597634,2120.7323610227704,1429.1222605266505,5114.281208497647,7861
5097,3,44.1400,148.07892857142858,2824.9883673469385,1829.7345918367346,6702.980153061225,196
5098,3,44.1401,161.59229483282675,2622.6894072948326,1520.8423708206687,5999.774194528875,658
5105,3,44.4100,1569.5391836734693,4308.659387755102,5457.607551020408,18669.08918367347,49
5107,3,44.4102,1735.6568965517242,2953.959655172414,4461.4179310344825,15605.503103448276,58
5110,3,44.4300,151.23910994764398,3608.4100523560205,1439.3758115183248,7920.240890052356,191
5111,3,44.4301,174.22285714285712,2865.6666666666665,1862.7709523809524,6276.922380952381,21
5123,3,44.6901,2370.4573809523813,4890.393333333333,7951.008333333333,22460.38380952381,42
5124,3,44.6902,1778.772448979592,3415.597959183673,4832.798163265306,16640.933877551022,49
5130,3,45.1300,137.51135170603675,2140.7383070866144,1089.3466666666668,4635.185393700787,762
5131,3,45.1301,174.7576666666667,2431.163333333333,1280.875,5747.699333333334,30
5134,3,45.1600,138.60786440677967,2204.2908813559325,1228.8356610169492,4837.604983050847,295
5136,3,45.2300,138.12162751677855,2041.123355704698,1323.1525671140942,4895.21850671141,596
5137,3,45.2301,274.907,1986.002,1468.6970000000001,5645.650666666666,30
5138,3,45.2302,137.76508771929826,1993.2569200779728,1082.216403508772,4532.074980506823,1026
5142,3,45.2501,205.15737931034482,2481.733103448276,1143.33,5636.361172413793,145
5145,3,45.3001,299.50630434782613,2007.378260869565,1116.918260869565,4963.314347826087,46
5163,3,45.4200,479.96869918699184,2065.4690406504064,1000.7484986449864,5720.8909756097555,1845
5164,3,45.4201,551.1284289276808,2135.415561097257,977.3118453865336,5740.688753117207,401
5165,3,45.4202,366.74523809523805,2058.0773809523807,1408.8095238095239,5877.56630952381,84
5166,3,45.4300,841.130895522388,2413.7455597014928,929.9182835820895,6514.5264552238805,536
5167,3,45.4301,879.4665517241378,2455.486551724138,1195.0331034482758,7374.844137931035,29
5168,3,45.4302,635.3143198529411,1818.080900735294,1003.0141176470589,5962.987702205883,544
5170,3,45.4304,242.41172413793106,3695.195862068965,1357.536896551724,8383.980344827585,29
5173,3,45.4307,986.0781481481482,1012.2796296296297,619.7276851851851,4579.013611111111,108
5183,3,45.7302,10402.333461538461,7946.731923076923,9201.935,39750.84269230769,26
5206,3,46.1000,1950.6811764705883,4208.462058823529,4293.7620588235295,16596.909411764707,34
5217,3,46.5100,3635.848148148148,3716.1237037037035,3498.7170370370372,18847.396666666667,27
5234,3,46.7901,2291.0035416666665,5219.628125,6792.504375,22702.060208333332,48
5246,3,47.0100,1388.5057111307422,1613.5258237632509,1715.542250441696,8341.810132508834,4528
5249,3,47.0901,581.5422252010724,1666.0163538873994,1679.6646648793567,7211.0917292225195,746
5259,3,48.2400,138.48636363636362,2512.768181818182,1168.9615909090908,5352.776818181818,44
5260,3,48.2401,261.36384615384617,2543.25,1147.8019230769232,5371.72423076923,26
5267,3,48.3501,2080.2308333333335,2723.241666666667,1882.3958333333333,11244.6325,24
5268,3,48.3502,474.32153846153847,2264.105641025641,1268.7794871794872,8437.560000000001,39
5270,3,48.3508,729.581448275862,2126.4775862068964,1062.1600689655172,6684.293379310345,145
5271,3,48.3509,2679.8404761904762,1702.661904761905,2043.7080952380954,12793.411904761906,21
5272,3,48.3510,917.3636752136753,1894.940170940171,893.1782051282051,5746.358461538461,117
5274,3,48.3600,589.4943446852425,1417.7462435500518,1132.7611764705882,5894.28181630547,969
5275,3,48.3601,506.20330143540673,1643.7285167464115,1199.153923444976,6130.039473684211,209
5276,3,48.3602,453.74709589041095,1528.0624931506848,930.5535068493151,5083.890109589041,365
5277,3,48.3603,449.22024822695033,2432.1964539007095,1177.7051418439717,6074.328510638297,282
5278,3,48.4100,496.2052631578947,1404.552105263158,2693.081052631579,9974.812631578947,38
5280,3,48.4102,2428.7327272727275,1387.6477272727273,1525.2265909090909,8926.3475,44
5282,3,48.4105,1413.5045238095238,1071.6057142857144,1236.844523809524,6856.028095238095,42
5293,3,48.6900,9655.287419354838,7004.422258064516,6386.1159677419355,37422.64467741936,62
5309,3,48.7601,257.91397260273976,1039.6698630136987,2518.0961643835617,8816.986438356165,73
5310,3,48.7603,443.07466666666664,1612.0600000000002,2124.4363333333336,8786.557999999999,30
5314,3,48.8101,493.35434782608695,1108.5086956521739,1407.9295652173914,5866.035217391304,23
5317,3,49.0100,271.4951594746717,1226.0005065666041,1422.787636022514,5699.014971857411,533
5321,3,49.0400,363.1426332288401,1110.8504388714732,1308.7110971786835,5965.621159874608,638
5322,3,49.0401,223.3127868852459,1134.5147540983605,1626.4199999999998,6143.611803278689,61
5325,3,49.1100,196.4644117647059,1412.754411764706,1409.3673529411765,6331.159705882353,34
5326,3,49.1200,344.01484848484847,1268.4527651515152,1380.6723106060606,6432.187424242424,264
5332,3,49.3901,257.48881944444446,1026.9854166666667,1280.7220833333333,6322.934722222222,144
5335,3,49.3906,151.30844221105528,1097.6638190954775,1258.568391959799,6148.409648241206,199
5337,3,49.4100,147.09483870967742,3280.8709677419356,2471.3161290322582,8719.831290322581,31
5338,3,49.4200,238.5334762456547,915.5132097334879,1871.184067207416,7968.6146349942055,863
5339,3,49.4500,640.2819517184943,1063.081779869067,1248.2788420621932,6061.645728314239,2444
5340,3,49.4600,618.7570640291515,1063.6662571577303,1168.6073086933889,6062.066179073399,1921
5341,3,49.4601,366.43892307692306,1281.9075384615385,1047.0787692307692,5424.217692307692,65
5343,3,49.4701,311.8069230769231,764.0480769230769,638.5505769230768,4748.621346153846,52
5344,3,49.4900,2279.520170212766,1372.5214893617022,1105.5090212765958,8133.623063829787,235
5345,3,49.4901,2069.864361445783,1149.3606024096387,1613.4804819277108,9318.350674698795,415
5346,3,49.4903,2422.6209375,1367.21875,910.769375,8199.4059375,32
5348,3,49.5200,176.79318181818184,1254.359090909091,3334.6459090909093,9117.356363636363,22
5352,3,49.5903,378.1282142857143,1082.132142857143,1697.1507142857142,6930.398571428572,28
5354,3,49.7300,402.73965870307165,1178.9334129692832,2288.455324232082,9313.654607508532,293
5355,3,49.7301,363.18903030303034,1056.4862424242424,1279.552484848485,5842.650303030303,165
5356,3,49.7302,465.04464285714283,1112.6725000000001,1554.9417857142857,6462.430476190477,84
5363,3,50.0x03,1313.950909090909,2138.4454545454546,1722.158181818182,9686.722424242425,33
5365,3,50.1100,1086.0483333333334,4473.593333333333,3022.6186666666667,11976.029,30
5403,3,51.2200,1635.403152173913,2995.8039130434786,3738.116847826087,14137.686739130435,92
5404,3,51.2300,1517.3675537777779,1905.8026542222221,1691.5457208888888,9297.268812444445,5625
5413,3,51.4100,2571.366,3656.0776,4873.9708,18516.1838,50
5418,3,51.4903,2577.3964864864865,4430.382972972973,5935.503513513514,21794.613513513512,37
5433,3,51.8803,3366.076727272727,3826.1438181818185,4165.017818181818,18738.300727272726,110
5435,3,51.8805,3031.215111111111,3590.5235555555555,3683.8184444444446,17815.466444444442,45
5439,3,51.9800,1514.4291304347828,4259.058695652174,4280.335652173913,14645.816086956522,23
5458,3,53.0000,1460.967608695652,1263.895652173913,853.7569565217391,6249.188260869565,46
5459,3,53.0001,1519.1514937759337,1347.8866390041494,872.722531120332,6848.083070539419,241
5460,3,53.0002,3699.9113580246913,1415.5324691358026,1129.037160493827,10029.732592592592,81
5462,3,53.0101,1836.075909090909,1575.859090909091,697.0340909090909,7148.831363636364,22
5465,3,53.0201,1288.0949425287356,1402.221264367816,791.2067816091954,6591.2520689655175,87
5466,3,53.0202,513.6661111111111,1077.16625,648.5368055555556,4868.7508333333335,72
5467,3,53.0203,2866.459,1136.892,865.25125,8634.71825,40
5468,3,53.0204,1156.342584269663,778.8552808988763,394.8328089887641,5022.078876404495,89
5470,3,53.0301,2082.8172,1426.156,622.5024,7026.1964,25
5471,3,53.0302,1987.4227826086956,1562.3030434782609,805.9612173913044,7387.428,115
5473,3,53.0401,1929.6552427184465,1542.826779935275,875.0333818770226,7433.044838187702,618
5475,3,53.0501,2182.9298722627736,1500.7298357664233,962.1336131386861,7724.531624087592,548
5476,3,53.1000,2493.7456,1551.4444,1137.882,10075.2948,25
5484,3,53.1401,3487.6120588235294,1962.6732352941176,997.9814705882354,10683.961470588236,34
5486,3,53.1501,3682.4297826086954,1706.9465217391305,870.6369565217392,10655.14,46
5489,3,53.1701,4289.480606060606,1511.295303030303,1040.3822727272727,11004.739242424243,66
5491,3,53.2101,2160.36625,1461.2527083333334,1064.2047916666668,7336.2775,48
5493,3,53.2901,744.6801754385964,1853.8896491228072,1314.7412280701753,6951.51298245614,57
5517,3,54.0x00,271.7828,1447.0997,1357.6013,5050.207,100
5524,3,54.1100,1940.3021551724137,3825.3933620689654,4382.652844827586,17702.515862068965,116
5525,3,54.1101,2021.5325,4166.4141666666665,5456.021388888888,19987.180555555555,36
5532,3,54.2100,1283.3582954545454,1826.6519318181818,2079.615909090909,10387.24125,88
5540,3,54.3x01,444.2776,1525.746,561.8782,4580.189600000001,50
5546,3,54.4x00,3769.797826086957,3087.3621739130435,2663.309565217391,14307.093043478262,23
5553,3,54.5100,985.8048611111111,1741.4619444444443,1567.8972222222224,9183.283888888887,72
5554,3,54.5101,1495.219295774648,2178.014788732394,2330.6195774647886,11222.827323943662,71
5555,3,54.5103,1458.4833333333333,1694.0095238095237,1440.074761904762,10295.896666666666,21
5558,3,54.5903,1267.6024468085106,2332.978085106383,2632.9454255319147,11560.402446808512,94
5559,3,54.5904,506.85805555555555,1376.7069444444444,1085.2044444444446,7351.310555555556,36
5565,3,54.9101,471.60333333333335,3001.550750750751,3627.276066066066,10230.072672672673,333
5566,3,54.9105,241.53829268292682,2885.138292682927,2517.758048780488,8041.930487804879,164
5579,3,55.0106,1297.9666666666667,2593.2725806451613,1539.2686559139784,10432.633064516129,186
5584,3,55.0401,3901.07776119403,3273.853731343284,2314.5102985074627,15670.838507462686,67
5585,3,55.0402,4857.4824,2715.2682,2903.4424,17581.0088,50
5587,3,55.0404,3861.3976404494383,2977.2137078651685,2697.679775280899,16079.705505617978,89
5598,3,55.5103,3599.6000000000004,3959.8999999999996,3409.2538095238097,18330.296666666665,21
5614,3,56.0x00,3042.877177722153,1908.9054881101379,1668.1844242803504,10697.437546933666,1598
5617,3,56.0x03,2924.638288973384,1936.1333840304183,1581.9096958174905,11095.873802281369,263
5618,3,56.0x04,2062.0848484848484,3551.215151515152,2412.2569696969695,9616.156363636363,33
5620,3,56.0x06,2995.860349544073,2141.5139665653496,1711.3038753799392,11480.112234042552,658
5621,3,56.0x07,1354.0889285714286,2630.307678571429,2161.11375,8405.290714285713,56
5625,3,56.2x01,1280.4733333333334,2081.2666666666664,2141.6366666666663,11399.650476190476,21
5626,3,56.2x04,2331.0425806451617,2695.0270967741935,3164.8790322580644,14965.980645161291,31
5628,3,56.3100,1880.7699236641222,1973.7779389312977,1441.353893129771,8411.128320610687,131
5641,3,57.0x00,819.5103664921467,1895.917120418848,1396.627172774869,7289.121884816754,191
5646,3,57.0x06,870.1601694915254,2183.9818644067796,1619.2779661016948,8426.853389830509,59
5655,3,57.1902,819.3456,2264.08,2327.4032,9584.1604,25
5659,3,57.3200,376.835756302521,2016.8697478991596,1572.9064285714285,5515.356050420168,238
5663,3,57.4900,1863.8579120879122,2866.9362637362638,2603.4117582417584,11986.411208791207,91
5664,3,57.4901,1618.4854166666667,2914.5499999999997,2685.0429166666668,11776.10875,24
5685,3,57.9400,326.06497551420176,3112.463183153771,3635.4022820763957,11490.77708129285,1021
5686,3,57.9500,391.6418918918919,2867.1256756756757,2820.2854054054055,11820.98972972973,37
5699,3,58.3901,399.4715094339623,2064.3283018867924,1417.1650943396226,6242.873773584905,53
5701,3,58.3906,354.6471052631579,1669.0178947368422,913.4073684210528,5511.205526315789,38
5709,3,58.6x00,418.6632203389831,2176.471186440678,2231.835254237288,7553.724067796611,59
5730,3,59.8x00,1558.6065,2798.5389999999998,2414.95975,10421.891749999999,40
5733,3,59.8x03,1657.1711627906977,2046.2448671096345,1335.5007308970098,7606.011428571428,602
5742,3,59.9900,121.39124444444444,794.7390222222222,310.8191111111111,2270.6840888888887,225
5743,3,59.9901,1504.830909090909,1657.302727272727,839.1590909090909,5939.966590909091,44
5745,3,60.1100,724.5806060606061,4109.733333333334,4260.067878787879,12232.964545454546,33
5748,3,60.2900,2015.0592118226602,2722.9474137931034,2822.0878817733987,12984.912684729063,406
5749,3,60.2901,1405.44225,2061.4889166666667,2473.406583333333,10707.04175,120
5750,3,60.2902,1768.280668789809,2758.879076433121,2635.0428343949043,12535.42398089172,314
5762,3,61.2x02,380.56190476190477,1310.9690476190476,1078.2514285714287,5015.337142857143,21
5768,3,61.4901,450.2866666666667,819.9209523809524,439.6580952380952,4178.122857142857,21
5769,3,61.4904,466.0334482758621,1407.5593103448277,939.3663218390805,5433.475172413793,87
5785,3,62.5x00,563.486,1010.8376,821.7156,5485.1448,25
5790,3,63.1x01,483.9252173913044,1358.904347826087,806.4039130434783,4917.083913043479,23
5792,3,63.1x03,1192.3913333333333,1130.3616666666667,668.3396666666666,5579.814,30
5798,3,63.4x00,455.1561538461538,1698.8696153846154,1733.491153846154,6274.933846153846,26
5804,3,64.0x00,610.8153921568627,765.0313725490196,337.4112745098039,2834.7107843137255,102
5822,3,65.0105,727.5253571428572,1728.5807142857143,1557.9664285714284,8271.943571428572,28
5834,3,65.2501,823.0717672413792,1917.6459913793103,1288.5930603448278,8960.059094827586,464
5836,3,65.2503,763.5093103448276,1411.6586206896552,1054.719655172414,8573.815517241379,29
5840,3,65.2901,735.9534375,2039.67890625,1413.8114062500001,8221.80265625,64
5846,3,65.4100,927.1574999999999,2305.9994047619048,1484.7488095238095,9766.85011904762,84
5847,3,65.4900,1002.8472972972972,2669.4297297297294,1857.3232432432435,9997.09945945946,37
5852,3,65.6100,983.0685185185184,3796.925925925926,1786.4144444444446,11714.108518518518,27
5853,3,65.6300,1118.2286046511629,2733.3693023255814,1370.4881395348837,10454.337209302326,43
5857,3,65.7900,798.15625,1440.3733333333332,899.1154166666666,7083.904583333333,24
5870,3,66.0103,744.3086170212765,1206.720744680851,1142.4002127659573,7263.9741489361695,94
5873,3,66.0203,857.5635897435897,1255.1402564102564,1246.9351282051282,7420.307179487179,39
5879,3,66.3900,273.6772093023256,642.7930232558139,591.01,4262.736511627907,43
5880,3,66.4x00,705.3580000000001,1341.3444444444444,1293.8557777777778,7006.641555555556,45
5882,3,66.4x02,869.674552631579,1339.874552631579,1094.225052631579,7312.949131578947,380
5884,3,66.5102,709.2332653061225,1941.704081632653,1562.4173469387754,9481.823775510204,98
5886,3,66.6100,935.4144827586207,1753.384827586207,1369.0520689655173,7943.168620689656,29
5890,3,66.6104,907.3977142857142,1666.6817142857144,1360.0794285714285,8659.995142857144,35
5891,3,66.6200,701.1494838709677,1106.0734193548387,1059.6710322580645,6549.811806451613,155
5892,3,66.6201,726.8616428571429,1355.4460357142857,1102.6094999999998,7381.3545,280
5910,3,67.0x00,91.74214285714287,1415.1464285714285,792.3714285714285,4004.9435714285714,28
5912,3,67.1200,59.75479591836735,1835.5183673469387,803.1982653061224,3770.14806122449,98
5915,3,67.2x00,182.51101960784314,1220.334862745098,501.85352941176467,3745.622588235294,255
5918,3,67.3201,130.61279801324505,1245.7933609271522,430.40839403973513,3246.934735099338,604
5919,3,67.3202,114.33058823529412,1196.0123529411765,357.2074705882353,2926.561411764706,170
5920,3,67.3203,366.4577011494253,1499.3971264367817,570.409540229885,4814.46367816092,87
5923,3,67.3900,119.32652173913044,1380.161304347826,444.6691304347826,3215.2665217391304,23
5925,3,67.3902,201.52521276595743,1509.5723404255318,479.00776595744685,4419.579893617021,94
5927,3,67.3904,124.9577304964539,1150.0433333333333,425.64716312056737,2827.4172340425534,141
5936,3,67.6100,193.4660606060606,849.2769090909092,578.176303030303,3493.218666666666,165
5938,3,68.1200,293.32469465648853,1208.4533015267177,552.6161832061068,3897.2105534351144,524
5939,3,68.1602,108.53150943396227,1030.0622641509435,634.6705660377359,3389.7430188679245,53
5942,3,68.2101,261.2501363636364,1296.6785454545457,628.4166363636364,4620.133772727273,220
5945,3,68.2302,729.8604310344828,1325.3612068965517,652.7025862068965,6089.794396551724,116
5949,3,68.2901,775.4367924528302,1878.939858490566,1442.2265566037738,8785.69466981132,212
5952,3,68.2906,899.5345833333334,2235.7541666666666,1725.2483333333332,9295.56875,24
5955,3,68.2912,1011.5107142857142,1901.6661428571429,1474.4311428571427,10171.645904761905,210
5956,3,68.2913,334.717032967033,1436.5332417582417,610.5286813186814,5404.79467032967,182
5957,3,68.2915,287.58131713554985,1410.5674040920715,591.8756905370843,5311.904565217392,782
5958,3,68.2917,277.01965277777776,1373.529513888889,570.8160416666666,4975.263194444445,144
5962,3,68.3102,1165.164,2077.8754285714285,1479.9074285714287,11340.042285714286,35
5965,3,68.3901,773.7408,2246.8235,1561.236,9810.1161,100
5969,3,68.4100,1218.574876712329,2577.811506849315,1665.0531780821918,12808.196438356164,365
5973,3,68.4901,905.4533108108108,2662.1620608108105,2018.911418918919,11322.567635135136,296
5977,3,68.5100,1928.3998387096776,3241.622580645161,2608.9524193548386,14956.499838709677,62
5980,3,68.5901,713.9537142857143,2384.9483571428573,1694.1397142857143,10191.132857142858,140
5985,3,69.0100,73.47523605150215,706.0307510729614,368.64536480686695,2150.322854077253,466
5986,3,69.0101,38.60641833810888,793.2229512893982,340.5439828080229,1925.7050716332376,349
5987,3,69.0200,65.45248275862069,850.0640788177341,437.6496945812808,2350.154778325123,1015
5988,3,69.0201,55.96741254523523,727.8561218335343,424.14054282267796,2166.6355850422196,1658
5989,3,69.0202,140.60676217765044,761.587335243553,536.6774498567335,3041.567851002865,349
5990,3,69.0900,81.73882352941176,1114.4058823529413,960.8964705882353,3371.8176470588237,34
5991,3,69.0901,80.65705349794239,1345.4417530864198,577.501366255144,3143.5826255144034,1215
5992,3,69.0902,232.50175946547884,1451.4378396436525,684.4068596881959,4205.075991091314,449
6004,3,69.5100,178.09732142857143,718.4035714285714,247.06946428571428,2333.3780357142855,56
6005,3,69.5101,64.92702586206896,648.965948275862,281.026724137931,1855.0256896551725,232
6006,3,69.5102,95.34197879858657,735.536148409894,376.86890459363957,2090.9091872791523,283
6007,3,69.5103,285.33044117647063,1154.5157352941176,680.867205882353,4223.522352941177,68
6008,3,69.5200,41.0428,964.94,556.4148,2793.0836,25
6009,3,69.5201,91.659,512.9503333333333,504.37033333333335,2407.375666666667,30
6010,3,69.5202,49.94515748031496,754.7548818897637,405.3368503937008,2119.6333858267717,254
6011,3,69.5900,161.7396551724138,663.6,456.78034482758625,2086.1924137931037,29
6012,3,69.5901,59.87664,828.0871999999999,357.10240000000005,2118.62296,125
6014,3,69.9100,270.94068965517243,1746.9379310344827,1040.8327586206897,4702.498965517241,29
6016,3,70.0x00,83.96666666666667,1313.7277142857142,896.3075238095238,3542.7269523809528,105
6024,3,70.2100,106.14206896551724,3233.493103448276,2805.2477586206896,10593.263965517242,58
6027,3,70.3301,193.4740476190476,1108.6,418.9871428571428,3314.311428571428,42
6036,3,70.5001,531.3651497005987,1730.071736526946,1117.8996407185628,7105.657125748503,167
6039,3,70.5101,417.9575757575758,1758.591818181818,1078.2936363636363,6773.302424242424,33
6045,3,70.7100,164.51710094909404,895.5756600517688,649.3013546160483,3563.1075668679896,1159
6055,3,71.0900,159.98658536585364,925.1517073170731,533.6939024390244,2969.478780487805,41
6056,3,71.0902,93.69142857142857,1129.991224489796,783.6606122448981,3318.2234693877554,49
6057,3,71.0904,342.8,1217.5047619047618,411.4790476190476,4461.5314285714285,21
6058,3,71.1100,59.969032258064516,1575.648387096774,537.5429032258065,3440.647419354839,31
6061,3,71.2200,137.01955974842767,990.5204402515724,637.9788050314465,3109.915597484277,159
6065,3,71.2400,230.7438888888889,1169.2419444444445,769.2277777777778,3935.850277777778,36
6067,3,71.2900,100.8730693069307,1117.891287128713,525.828712871287,2981.9494059405943,101
6068,3,71.3x00,187.77958333333333,1416.3541666666667,792.7058333333333,4561.868333333333,24
6071,3,71.3x04,149.67551181102363,1395.0727559055117,581.5422047244094,3706.073622047244,127
6072,3,71.3x05,59.53130434782609,1661.304347826087,442.3347826086956,4064.240869565217,23
6077,3,71.7100,98.66376811594203,934.1144927536232,698.2249275362318,3466.0537681159417,69
6078,3,71.7101,171.63724137931032,734.5603448275862,485.4460344827586,3308.4513793103447,58
6079,3,71.7102,180.29795597484278,800.6523081761006,374.2381257861635,2980.9758805031447,1590
6084,3,71.7904,466.28749999999997,1089.6416666666667,1197.34625,6079.61375,24
6087,3,72.1x00,407.4413793103448,1529.9310344827586,973.0727586206897,6875.52448275862,29
6091,3,72.7100,305.3066666666666,936.6333333333334,637.6377777777777,3823.4708333333338,36
6092,3,72.7900,418.76772727272726,698.6590909090909,544.1245454545455,4183.915,22
6094,3,73.0900,73.26111386138614,701.9950495049505,426.5815594059406,2755.757574257426,404
6096,3,73.1x01,203.84969696969696,855.0484848484848,655.4366666666666,3878.8918181818185,33
6097,3,73.1x02,307.59,1008.2958333333332,559.5945833333334,4221.6050000000005,24
6100,3,73.4x00,49.703590225563914,783.9689097744362,481.83836466165417,2307.642312030075,532
6101,3,73.4x01,130.55823529411765,684.5840336134454,426.1594117647059,3033.806638655462,119
6102,3,73.4x02,120.72666666666666,828.7222222222222,466.8218518518519,3475.746296296296,27
6103,3,73.4x03,42.77729166666666,782.6252083333334,607.238125,2559.2741666666666,48
6104,3,73.5100,268.53944827586207,840.4744827586208,671.0117931034483,4787.117103448276,145
6105,3,73.5900,174.1606896551724,752.281827586207,493.3320948275862,3337.640818965517,1160
6106,3,73.6x00,290.1638095238095,1063.8666666666668,661.6242857142857,5642.178095238096,21
6107,3,73.6x01,232.17893213099194,869.6353251067868,478.3823777883247,3606.2390555291886,2107
6108,3,73.6x02,284.8998666666667,809.8679999999999,579.0577333333333,3693.6977333333334,75
6109,3,73.8x00,83.43361386138614,530.502698019802,280.67638613861385,1987.4192574257427,404
6111,3,73.9900,54.26878787878788,948.5787878787878,469.6969696969697,3394.9133333333334,33
6113,3,74.1x00,305.38715596330275,1028.570733944954,1160.0988990825688,5676.974128440367,109
6114,3,74.1x01,564.890582348456,1059.5384054517726,1169.361313381624,6457.023188143348,10492
6115,3,74.1x02,437.54189189189185,1060.5837837837837,1397.7490540540539,6572.405405405405,74
6117,3,74.3x00,509.475,1483.5617391304347,935.2702173913043,6289.628478260869,46
6119,3,74.3x04,355.298,1258.1733333333332,1044.2993333333334,5408.621333333333,30
6128,3,75.0x00,46.047333333333334,750.3323333333334,703.4153333333333,2733.4183333333335,30
6130,3,75.0x02,95.91333333333333,789.2754047619047,844.2381428571429,3123.7089285714287,420
6131,3,75.3400,99.61886666666666,1010.7875,762.5705333333334,4410.255933333334,300
6133,3,75.4x00,86.61578947368422,773.2660087719298,407.5875,3045.4950438596493,228
6135,3,75.5100,165.04699029126215,1000.5737864077671,574.514854368932,4128.057087378641,103
6136,3,75.6900,277.77397932816535,878.4284496124031,537.0457364341086,3833.350723514212,387
6137,3,75.6902,171.59513578549328,916.870305947061,511.4044860776899,3638.888494327948,2909
6138,3,75.6903,259.8934375,715.2421875,308.0371875,2794.19296875,64
6140,3,75.6905,193.04317269076304,738.727670682731,390.04200803212854,3291.7442168674697,249
6145,3,75.9200,209.235,953.3538095238096,529.7964285714286,3844.0476190476193,42
6146,3,75.9202,110.2371875,706.465625,306.625625,3284.6534375,32
6204,3,77.5900,295.11162393162397,1107.555128205128,558.369829059829,3464.5389743589744,117
6223,3,77.6900,882.4006896551724,1432.0594827586206,1046.5687068965517,6098.541379310345,116
6250,3,78.1100,59.60620689655172,894.2758620689655,1924.1524137931033,4075.8786206896552,29
6289,3,78.5500,12256.880285714285,3237.722,4114.472285714286,27298.46142857143,35
6293,3,78.5700,10350.2632,2531.0872,4272.428400000001,29114.858399999997,25
6298,3,78.5900,5377.55038961039,1688.8763636363635,2548.3483116883117,14263.565714285714,77
6303,3,78.6000,234.79481481481483,840.5925925925926,920.2044444444444,4505.4885185185185,27
6305,3,78.6100,493.6940909090909,1059.4704545454545,1143.269090909091,5403.672727272728,22
6306,3,78.6101,641.3552941176471,1204.4205882352942,1135.9364705882354,5783.075588235294,34
6307,3,78.6103,466.32198294243074,1073.824712153518,921.2872921108742,4926.125437100213,469
6308,3,78.6105,854.6615789473684,1511.0636842105262,1505.5192105263159,7400.204210526316,38
6311,3,78.6201,566.3204846938776,1067.5063520408164,920.000943877551,5246.170357142857,392
6314,3,78.6301,483.31054373522454,1126.5071631205674,899.5139716312057,5036.867730496453,423
6316,3,78.6303,491.339708029197,1114.13598540146,1064.9748905109489,5400.208102189781,137
6319,3,78.6403,292.6933333333333,988.9823684210527,669.4223684210526,4106.617807017544,114
6321,3,78.6501,1057.4305223880597,1284.9730223880597,1136.898656716418,6441.609813432836,268
6325,3,78.6601,489.24003378378376,1246.6408783783784,1051.6452364864865,5546.721047297297,296
6327,3,78.6700,342.6019444444444,1215.1916666666666,814.5238888888889,5690.211666666666,36
6328,3,78.6701,635.5106101190477,1202.256875,1211.7870833333334,6130.39994047619,672
6330,3,78.6703,671.8201324503311,1041.2007284768213,890.0001324503311,5290.148013245033,151
6332,3,78.6705,515.5464838709678,1191.0575806451611,1031.8423548387098,5628.644322580645,310
6333,3,78.6800,410.796582278481,1180.1226582278482,764.8016455696203,5259.756835443038,79
6334,3,78.6801,386.3824242424243,1024.7542424242424,720.8142424242424,4514.033636363636,33
6335,3,78.6803,470.76666666666665,1049.417238095238,863.5602857142858,4966.450857142858,105
6336,3,78.6900,922.7461073825505,1278.2123489932887,1475.7625503355705,6808.753288590604,149
6339,3,78.6903,337.3137962962963,881.7932407407408,401.93175925925925,3572.9107407407405,108
6341,3,78.6905,293.1102702702703,1042.964054054054,619.0035135135136,4098.041891891891,37
6342,3,78.6907,873.1694972067039,1396.3254189944134,1708.02343575419,7527.3943575419,358
6349,3,79.0000,197.54722222222222,1418.6819444444445,1122.1673611111112,5804.63875,72
6351,3,79.0100,893.68,1084.4916666666666,971.7695833333333,4431.649583333333,24
6352,3,79.0200,1243.517619047619,1306.7809523809524,624.1038095238096,4793.751904761904,21
6353,3,79.0201,214.83207207207207,1346.4822072072072,981.6877027027027,4205.425945945945,222
6361,3,79.0601,560.2395238095238,1808.938095238095,811.7538095238094,5694.610952380953,21
6374,3,79.1100,5302.1892307692315,1774.8030769230768,1980.079807692308,13835.843269230769,52
6375,3,79.1200,4261.503142857143,1589.9099999999999,1460.8482857142858,10954.701428571429,35
6376,3,79.1201,1611.8895454545454,1496.445909090909,1605.359090909091,7039.222727272727,22
6381,3,79.1400,1093.5770370370371,1117.141111111111,1162.5566666666666,6221.077777777778,27
6382,3,79.1500,12286.247413793104,4133.896168582375,3789.944808429119,28023.659501915707,522
6383,3,79.1600,11571.876020408165,2853.256734693877,3738.407755102041,27230.777653061225,98
6390,3,79.1800,1135.2217391304348,1392.7547826086957,2233.132608695652,8040.890869565217,23
6391,3,79.1900,7185.119333333333,2304.475,2416.7346666666667,17279.726000000002,30
6413,3,79.3100,10702.334285714285,2204.396445182724,2749.5585548172758,22454.276445182724,602
6414,3,79.3101,8719.860970149255,2187.5409701492536,2787.4451492537314,22157.81865671642,134
6415,3,79.3200,9975.746585365854,2135.7006504065043,2976.0406097560976,21722.31394308943,738
6416,3,79.3201,10280.450272727274,2225.678,2614.532,22051.273181818182,110
6417,3,79.3202,7774.759142857143,2101.8957142857143,2802.369142857143,19351.88457142857,35
6418,3,79.3300,5572.921023622047,1748.240157480315,1979.918031496063,13259.95346456693,127
6419,3,79.3302,7949.187575757576,1814.2333333333333,2108.9351515151516,16661.941212121215,33
6420,3,79.3400,2995.0809473684208,1056.890210526316,1616.6159298245614,10199.843087719297,285
6421,3,79.3401,2493.94725,1178.925,2224.0547500000002,11817.3685,40
6422,3,79.3500,13513.836655290102,3793.602542662116,4386.253395904438,31838.120819112628,586
6423,3,79.3501,14031.951241379309,3596.2335862068967,4149.825517241379,32456.79475862069,145
6424,3,79.3600,13201.449469835467,2771.1224405850094,4104.410959780622,29055.877294332724,1094
6425,3,79.3601,12443.999497206705,2702.298994413408,4368.552011173185,31171.589888268154,179
6426,3,79.3602,10845.692500000001,2960.6478125,2628.529375,23526.345937500002,32
6427,3,79.3603,9667.17918032787,2540.7612295081967,3161.2782786885246,24866.145327868853,122
6428,3,79.3604,4946.266962025316,2162.0994936708857,2850.8008227848104,16227.935253164556,158
6429,3,79.3700,9456.75447457627,2214.9764745762714,3567.4942372881355,22068.741762711867,295
6431,3,79.3702,5850.708214285713,1930.1517857142858,2347.3100000000004,17983.381785714286,28
6432,3,79.3800,2949.514,1509.5535714285713,2432.194,11651.348857142857,70
6433,3,79.3900,8305.08621681416,2572.2502986725663,3313.99814159292,20893.90267699115,904
6436,3,79.3903,13607.876944444444,5376.749583333334,5694.294583333333,34640.65111111111,72
6437,3,79.3904,7856.293724489797,2046.8202040816327,2337.5639795918364,19008.1875,196
6442,3,79.6000,2754.615714285714,1385.3885714285714,2205.947619047619,10968.944047619047,42
6447,3,79.6400,723.8030188679245,948.5970754716981,1736.8514150943397,6174.934339622642,106
6454,3,79.6800,450.5585714285714,1251.6542857142858,2293.5185714285712,6580.130571428572,35
6457,3,79.7100,135.28703124999998,1338.725,766.524375,3502.61203125,64
6463,3,79.7500,1827.8619047619047,1229.22,1110.0861904761905,6031.156190476191,21
6468,3,79.8100,7473.09431372549,1992.007843137255,2471.7870588235296,18029.66862745098,51
6482,3,79.8903,7278.462500000001,2432.542857142857,4384.7189285714285,20566.073214285716,28
6499,3,80.2000,2476.815416666667,1640.4125000000001,1512.993333333333,11498.86,24
6501,3,80.2600,3150.547105263158,2017.1552631578945,2421.8736842105263,15324.451315789474,38
6505,3,80.4101,218.24277777777775,1757.148148148148,988.9520370370369,6643.986296296296,54
6512,3,80.4601,235.8132432432433,1621.6891891891892,3986.1362162162163,9694.485675675676,37
6516,3,80.5100,12346.238709677418,3076.310376344086,3477.0796236559145,26509.202741935485,186
6517,3,80.5101,501.2956756756756,2140.9189189189187,1955.0520270270272,8196.652702702704,74
6522,3,80.5107,434.55827586206897,2178.115763546798,2049.3462561576353,8289.166453201971,203
6523,3,80.5108,17403.297903225804,3377.5427419354837,3742.1951612903226,37273.41935483871,62
6525,3,80.5110,4547.690416666666,2756.8172916666667,2567.5660416666665,17310.89416666667,48
6526,3,80.5111,6265.940294117648,2129.345392156863,1700.7275490196077,16403.81637254902,102
6527,3,80.5200,189.21415158371042,1436.1319004524887,1168.010418552036,5606.539004524888,884
6529,3,80.5900,717.8491926605504,1727.5500917431193,2069.6973577981653,8527.935816513762,545
6530,3,80.6x00,3088.3633333333332,1624.8020833333333,1386.5345833333333,11213.464166666667,24
6535,3,80.6x06,2886.9732653061224,2069.3357142857144,1893.8332653061225,12440.31775510204,49
6536,3,80.6x07,3509.41641025641,2310.2317948717946,1358.6915384615386,12485.320512820514,39
6540,3,80.7101,891.0485714285714,1418.7285714285715,2511.1917857142857,10049.996785714286,28
6545,3,80.7600,11934.460322580646,1789.810322580645,1493.255806451613,19380.63870967742,31
6546,3,80.7601,1793.5030769230768,1772.4815384615385,1943.2863736263737,11155.424505494506,91
6561,3,80.8601,1028.773846153846,1898.4423076923076,2719.6453846153845,10048.480384615385,26
6562,3,80.8602,1482.5391463414635,2370.830487804878,3648.598536585366,13572.388658536587,82
6578,3,81.0200,31051.826363636363,2844.8030303030305,6960.996666666666,50273.64121212121,33
6586,3,81.0701,29385.56866666667,3091.7488888888893,4028.297555555556,43981.084444444445,45
6589,3,81.0801,25958.915222222222,3508.8394444444443,4848.028555555556,46584.39822222222,90
6590,3,81.0802,29502.486818181816,3761.2045454545455,7590.043363636364,50617.63745454545,110
6618,3,81.4504,20502.04695652174,2513.708695652174,3257.0878260869567,37433.35130434782,23
6622,3,81.4700,3651.77456,1832.21232,1526.9408,12907.36576,125
6623,3,81.5100,23975.256726862302,3513.9527313769754,4341.870835214447,46851.18331828443,443
6624,3,81.5200,18569.27135135135,4187.841891891892,4545.708198198198,36334.13882882883,111
6625,3,81.5201,16007.581140939596,3939.296610738255,4233.697852348993,35381.83389261745,298
6628,3,81.5400,26854.51213768116,3585.041811594203,4013.2127536231883,51735.048623188406,276
6629,3,81.5401,28465.224365079364,3134.5690476190475,7078.997698412698,51362.742539682535,126
6631,3,81.6500,7771.519620758483,2580.465249500998,1436.8439520958084,16078.87263473054,501
6632,3,81.6600,14026.870027247956,3260.1254768392373,2047.7138964577657,25130.301280653952,367
6633,3,81.6601,12828.407231638419,2634.9993220338984,2462.007683615819,28021.208728813563,354
6641,3,81.8300,13035.81640625,2003.2325,2285.54953125,23618.4584375,64
6648,3,81.9100,45.00566739606127,1314.978271334792,1594.6350109409188,5563.747439824945,457
6649,3,81.9101,210.18754716981132,1672.4662264150945,950.5641509433963,4598.3154716981135,53
6650,3,81.9200,34.506061643835615,2020.3746575342466,2119.4948972602742,6977.890445205479,292
6651,3,81.9201,161.1121144967682,1554.1309602954757,1435.0213665743304,6091.1076915974145,1083
6653,3,81.9300,1532.9895833333333,1227.7854166666666,1695.7229166666666,8679.137083333333,24
6669,3,82.0101,127.79712643678161,859.7394252873563,431.59781609195403,2736.4118390804597,87
6677,3,82.2101,146.89126865671642,1010.3941044776119,360.8629104477612,2686.5746268656717,134
6679,3,82.2900,172.94264705882352,1263.4705882352941,286.2544117647059,2979.7876470588235,34
6680,3,82.3301,178.02,1031.801923076923,221.03538461538463,2737.8134615384615,26
6684,3,82.3601,580.4390804597701,930.4406896551724,1550.0124137931036,5568.4800000000005,87
6688,3,82.4400,418.7965882352941,896.8542352941176,1150.331294117647,5073.239764705882,85
6689,3,82.4500,511.40965517241375,881.6184827586206,1033.9935862068967,4885.655103448275,145
6690,3,82.4501,456.66770833333334,887.4897916666667,1213.7052083333333,5278.513229166667,96
6720,3,83.0904,96.22318181818181,1096.415909090909,1131.6490909090908,3747.9386363636363,44
6728,3,83.2900,974.2285714285714,1426.9503571428572,1793.0725,8153.428571428572,28
6730,3,83.3101,194.626186770428,1074.481167315175,494.0685214007782,3140.0311284046693,257
6731,3,83.3200,361.64053030303035,1331.5829545454546,1035.3449242424242,5143.4385606060605,132
6733,3,83.3900,385.3084117647059,1470.934294117647,665.8399411764706,4723.481117647059,170
6735,3,83.3902,492.712572815534,1443.41786407767,842.205,5608.882281553398,206
6737,3,83.3904,375.16235294117644,1472.5982352941176,735.1633333333334,4454.3501960784315,51
6741,3,83.4501,1108.742327586207,1677.2683620689656,2025.9800862068967,7712.203965517242,116
6744,3,83.6400,379.6837078651685,885.2328089887641,1256.3219101123595,5310.8456179775285,89
6745,3,83.6401,535.6179104477612,872.1626865671642,1255.032985074627,5923.911641791045,67
6746,3,83.6402,1565.1492592592595,1139.818888888889,1902.463703703704,8603.899259259259,27
6747,3,83.6500,1171.9458333333332,1265.3219047619048,1376.2097619047618,6990.809880952382,84
6762,3,83.8803,638.8155172413793,965.6427586206896,1077.7862068965517,4935.448275862069,29
6769,3,83.9105,40.783208020050125,1249.1940315073398,1424.3261403508773,5602.920225563909,2793
6773,3,83.9800,69.19547619047619,1400.4790476190476,1648.179761904762,5474.603095238095,42
6775,3,84.0100,456.93225806451613,1128.7003225806452,475.73838709677415,3948.6954838709676,31
6797,3,84.3x00,527.7314678899082,1040.1622935779817,1866.6244036697246,6529.205963302752,109
6805,3,84.8205,32134.351395348833,3730.3337209302326,3791.607674418605,48608.24511627907,43
6807,3,85.0x00,236.11133333333333,1134.5459999999998,1259.778,4304.484666666667,30
6810,3,85.1100,1359.4066666666665,3792.5,1682.9966666666667,8641.672333333332,30
6814,3,85.2100,1141.3999548532731,1352.4562076749435,422.26627539503386,4508.012957110609,443
6815,3,85.2101,3909.2176470588233,1366.255294117647,204.29082352941177,6562.087294117648,85
6817,3,85.2301,731.6231111111111,1435.316,732.9511111111112,4909.253555555556,45
6819,3,85.2401,458.74078947368423,1172.8165789473685,640.5068421052632,4120.329210526316,38
6827,3,85.4301,1831.4805263157893,4723.015263157894,2704.1026315789472,15919.89394736842,38
6837,3,86.0100,212.0846,1515.4761333333333,1352.4944,5159.944466666667,150
6842,3,86.0400,148.19394822006473,1317.915566343042,1331.6201294498383,4460.263203883495,309
6843,3,86.0401,5178.511509433962,2534.1603773584907,4138.066603773585,18514.182075471697,53
6845,3,86.0502,159.1386956521739,1099.213043478261,739.2639130434783,3233.3195652173918,23
6846,3,86.0600,410.6662025316456,4066.484810126582,2984.8082278481015,9205.000759493672,79
6848,3,86.0900,232.43702702702703,1087.831081081081,1169.9205405405407,4173.476756756757,37
6852,3,86.1100,94.25812499999999,1234.134375,949.6487500000001,3786.8284375,32
6857,3,86.2200,890.9445694200352,1666.5365729349737,2307.8609841827765,8442.20864674868,569
6858,3,86.2201,1407.4149595687331,1712.1187601078168,1784.303692722372,7216.973477088949,371
6861,3,86.2300,72.17242424242424,953.6393939393939,684.1954545454546,2779.099090909091,33
6864,3,86.2701,320.42511627906975,762.0918604651162,1192.8039534883721,4009.408837209303,43
6865,3,86.2800,563.710703125,1833.6548883928572,1681.5335267857142,6549.083537946428,896
6867,3,86.3x00,167.99291970802918,1420.0760583941608,509.0405839416058,3631.654598540146,274
6869,3,86.3x02,179.0282831325301,1167.51578313253,711.6153313253012,3512.298765060241,332
6870,3,86.3x03,188.2177047146402,1159.6296526054591,472.7077171215881,3096.490322580645,806
6872,3,86.3x05,130.53943396226416,725.7905660377359,260.0979245283019,2147.9956603773585,53
6875,3,86.3x10,248.07970588235293,923.7605882352941,345.85235294117643,2785.29,34
6878,3,86.3x13,286.87385542168676,1434.1955421686746,772.7315662650602,4106.301927710843,83
6880,3,86.3x15,148.54658536585364,1182.7365853658537,402.62975609756097,3002.5192682926827,41
6884,3,86.4x01,256.27758620689656,1547.596551724138,617.208275862069,3926.8441379310343,29
6888,3,86.5900,284.0175073313783,1596.9953079178886,1616.108944281525,5515.367536656891,341
6889,3,86.5901,475.11470588235295,1766.6155882352941,1413.4750000000001,6111.841764705882,34
6890,3,86.5902,672.5156643356644,2408.5058741258745,2116.415034965035,7884.491643356643,572
6903,3,86.6906,1922.9626923076924,2015.3576923076923,4450.267692307692,15978.353461538461,26
6905,3,86.700x,1005.4846875000001,1078.115625,1524.8103125,6899.4575,32
6913,3,86.7400,1399.8889285714286,1694.5571428571427,3276.209642857143,13416.753928571428,28
6915,3,86.7402,276.64959999999996,1493.3,1158.004,5720.5408,25
6920,3,86.7500,286.43733333333336,1262.1666666666667,1388.0193333333334,5955.416666666667,30
6921,3,86.7501,1108.6219199999998,1421.5664,1861.84536,7004.43736,125
6922,3,86.7503,486.4432558139535,1622.4693023255813,2284.3076744186046,8947.463488372094,43
6924,3,86.8300,244.60967741935482,1193.3719354838709,379.34548387096777,3066.41064516129,31
6932,3,86.8900,213.82500000000002,936.1022727272727,1146.9748863636364,4753.0394318181825,88
6935,3,86.9900,94.06544303797469,955.7777215189874,458.3564556962026,2698.0818987341772,79
6936,3,87.0300,98.15380341880342,2056.6250854700857,1422.21452991453,4601.788205128205,234
6937,3,87.0301,66.44700440528634,1859.2775770925111,1132.4166519823789,4170.93127753304,227
6938,3,87.0302,281.9790099009901,4098.573267326733,2247.737524752475,8085.815148514851,101
6945,3,87.4101,114.94514310494363,1796.2166782307027,1604.3569644405898,5103.476088464874,1153
6946,3,87.4102,73.73190476190476,2021.2285714285715,1943.0452380952383,5730.824761904762,21
6947,3,87.4103,236.393,3319.53,1819.9158000000002,6328.1934,50
6950,3,87.4401,66.32637037037037,952.3035555555555,851.708962962963,3206.761407407407,135
6956,3,87.7301,720.822619047619,2146.1047619047617,627.790238095238,5350.845952380952,42
6959,3,88.0100,162.09428571428572,1776.482773109244,1210.7003361344537,4294.218319327731,119
6963,3,88.1901,37.15392857142857,1100.5625,934.9003571428572,7664.030357142858,28
6975,3,88.3800,391.5471014492754,1983.9514492753622,1603.6352173913044,5542.632826086956,138
6981,3,88.4100,2027.4706666666668,3168.89,3376.0163333333335,13752.146999999999,30
6982,3,88.4101,2288.6464122137404,3770.584732824427,4267.348473282443,15707.315801526716,131
6984,3,88.4201,1886.5735135135135,4180.0594594594595,3242.098108108108,12096.494324324323,37
7001,3,88.5500,2023.114686078253,2937.8107279344863,1620.0091901728845,10077.62982711556,1099
7002,3,88.5600,1965.8740625,2980.7315625,1923.8690625,11014.84609375,64
7004,3,88.5701,2000.0004166666668,2873.3694444444445,1294.0858333333335,10180.541527777777,72
7014,3,88.7200,44.494608695652175,2024.7039130434785,1263.8997391304347,4763.163391304348,115
7015,3,88.7201,111.8790909090909,1922.0454545454545,1459.6009090909092,4863.2809090909095,55
7016,3,88.7300,11.333913043478262,974.0347826086957,453.4669565217391,3620.3786956521735,23
7024,3,88.7600,357.26432203389834,1409.9762711864407,1131.039152542373,4234.875508474576,118
7025,3,88.7601,52.97480392156863,1680.4686274509802,1246.4004901960784,4059.0015686274514,102
7026,3,88.7700,509.76379310344834,1969.6344827586208,1276.1993103448276,4875.754482758621,29
7035,3,88.9100,74.10878048780488,2666.0243902439024,2148.579756097561,6077.248292682927,41
7036,3,88.9101,82.3312087912088,2405.3175824175823,1714.877252747253,5236.922747252747,91
7048,3,89.0601,154.75777777777776,1322.361111111111,816.2761111111112,3241.8655555555556,36
7052,3,89.1201,149.0441176470588,3546.0251764705886,1540.4616470588237,6681.092705882353,85
7053,3,89.1400,9.123506493506493,1397.6153246753247,494.9737662337663,9634.205454545454,77
7059,3,89.3400,323.37347826086955,2015.195652173913,680.0573913043478,3835.2526086956523,23
7060,3,89.3701,83.91252411575563,1776.4423954983922,1551.700610932476,5029.051881028939,622
7065,3,89.5001,65.74128378378377,2045.7087162162163,1456.0802702702704,4807.837905405406,148
7066,3,89.5200,88.12332214765101,1251.2890939597316,1368.1043288590604,4096.177718120805,298
7068,3,89.5400,171.83830463576157,2058.012496688742,1943.9907284768212,6485.779609271523,1510
7071,3,89.6000,120.93197530864197,1727.8203703703705,1713.6502469135803,5903.402469135802,81
7072,3,89.6100,60.3639534883721,1706.4833720930233,1038.2161627906976,3980.830465116279,86
7074,3,89.6500,130.75744152046784,2242.9365789473686,1786.4023976608187,5563.211725146199,684
7082,3,92.2400,617.3101369863014,4232.4260273972595,7416.803972602739,40754.40273972603,73
7083,3,92.2401,1181.2739759036144,4159.831325301205,5533.038313253012,37459.24361445783,83
7086,3,92.2900,981.8112121212122,3828.6848484848488,5029.280303030303,33875.81272727273,33
7087,3,92.3101,1534.7929464285714,3400.577232142857,4881.415267857143,40158.419598214285,224
7090,3,93.0103,85.1767213114754,1509.8131147540985,1432.8511475409837,8164.693442622951,61
7094,3,93.1100,88.02651162790697,1231.6581395348837,905.9206976744185,10300.040930232559,43
7101,3,93.1900,69.49352941176471,2088.8279411764706,2316.9279411764705,9065.95205882353,34
7104,3,93.2600,84.01805714285715,1209.5,1338.5370285714287,4977.041057142857,350
7106,3,93.3500,116.62028609447772,1653.7467930805058,1807.91377910845,6118.220459081836,1503
7108,3,93.3502,55.07971428571428,1946.9542857142856,2654.2382857142857,6959.422571428571,35
7109,3,93.3503,98.974,1944.5950731707317,1857.8041951219511,6049.458878048781,205
7111,3,93.3505,52.90191489361702,2389.114893617021,1758.2704255319147,6651.381914893617,47
7112,3,93.3506,71.05133928571429,1660.957142857143,1204.2947321428571,5579.354821428571,112
7114,3,93.3510,8.99025352112676,1247.4454507042253,1078.8197746478875,4947.272211267606,710
7115,3,93.3511,65.15838709677419,557.3645967741936,686.8829838709678,3055.747580645161,124
7116,3,93.3512,39.42591549295774,1186.2588732394368,753.1485915492958,3424.7009859154928,71
7117,3,93.3513,61.654259259259256,1141.7,822.2044444444444,3583.4533333333334,54
7121,3,93.3517,187.81103942652328,1709.9983512544802,1714.156559139785,5799.849283154122,279
7122,3,93.3518,61.27133333333333,1735.6911111111112,1540.5062222222223,4786.759777777778,45
7125,3,93.3523,26.716436170212763,1846.1644680851064,616.8329787234043,5463.062180851063,188
7127,3,93.3525,66.48464285714286,944.2571428571429,1393.4314285714286,4011.9417857142857,28
7128,3,93.3800,75.17222222222222,1466.2686666666666,901.5297777777779,3811.4706666666666,45
7129,3,93.3802,134.62543624161074,2358.20966442953,2419.71932885906,15887.69624161074,149
7132,3,93.3900,88.30521531100479,1663.86523923445,1853.16509569378,6098.53538277512,418
7133,3,93.3901,1174.90375,2240.14,3466.1096875,10357.090625,32
7134,3,93.3902,153.7332928679818,1094.8551745068287,1093.7644006069802,4161.810136570562,659
7139,3,93.3907,60.018240740740744,1916.7281481481482,1333.582777777778,7119.231296296296,108
7140,3,93.3908,77.964,1185.2725161290323,1179.6853548387098,4591.954580645161,155
7142,3,93.3910,70.314433307633,1178.553107170393,1333.1000462606014,4170.8653122590595,1297
7144,3,93.4200,34.43074074074074,1415.3,1044.0125925925927,4896.857407407407,27
7145,3,93.4201,36.097027027027025,1441.8894594594597,938.3386486486486,4923.408918918919,37
7146,3,93.4400,1044.6109375,2926.5390625,2256.9096875,9623.2975,32
7150,3,93.4406,1080.795652173913,3347.1021739130438,2354.1865217391305,10471.69304347826,23
7151,3,93.4407,8841.5572,2293.5606,2542.826,17363.2042,50
7152,3,93.4600,295.7939534883721,2352.395581395349,1539.9977906976744,6355.164651162791,86
7154,3,93.5300,300.0778504672897,1491.0878504672896,1092.7343925233645,4644.689158878505,107
7155,3,93.5400,628.7848148148148,1553.1896296296297,1566.9307407407407,5531.221728395062,81
7156,3,93.5401,396.0105921052632,1546.077302631579,1381.455427631579,5020.22230263158,304
7157,3,93.5402,660.424357298475,1398.6287363834422,1297.9791612200438,5263.781568627452,918
7158,3,93.5403,157.97060606060606,1280.7757575757576,1419.7548484848485,4257.198181818182,66
7160,3,93.5405,94.46727272727274,1146.165909090909,847.1025000000001,3743.791818181818,44
7162,3,93.5602,117.73457142857143,827.5828571428572,1021.612857142857,3496.9082857142857,35
7169,3,93.6701,671.3772972972972,2445.058108108108,3060.6272972972974,8384.697567567568,37
7170,3,93.6702,188.2793137254902,1333.1323529411766,3878.098235294118,6871.537745098039,102
7174,3,93.9000,375.0188431151242,3151.0001410835216,2987.758030474041,11374.341055304742,1772
7175,3,93.9001,435.45810344827584,3096.8562068965516,3432.9991379310345,12132.836034482758,58
7176,3,93.9401,125.99725846407927,853.8685012386458,904.5029644921553,3066.8504789430226,2422
7178,3,93.9601,142.99349034385304,1642.3294206311823,1537.252637776731,5238.754027319831,2123
7179,3,93.9800,1329.815,3559.8571428571427,6527.70761904762,15794.831666666665,42
7180,3,93.9900,127.7058695652174,614.6086956521739,785.501304347826,2927.272391304348,46
7181,3,94.0200,258.2254430379747,2433.9193670886075,1753.9630379746839,5877.212816455696,316
7183,3,94.1100,14.24945945945946,708.6351351351351,494.99797297297295,11824.537972972974,74
7184,3,94.1102,18.671999999999997,765.08,306.842,10678.973999999998,25
7186,3,94.1105,50.417391304347824,907.9565217391304,602.8239130434783,10384.110869565216,23
7187,3,94.1200,710.793768115942,1481.8094685990338,703.143381642512,13998.609758454108,207
7188,3,94.2300,97.04358974358973,2819.6641025641024,421.6866666666666,6208.535897435897,39
7189,3,94.2501,107.61488372093022,1056.953488372093,377.4688372093023,12593.297674418605,43
7190,3,94.2600,479.2311235955056,1913.6752808988765,1067.0314606741574,10561.757303370787,89
7192,3,94.2701,228.53663157894735,1606.2736842105264,1089.5987368421054,11953.163789473685,95
7194,3,94.2900,101.12460674157303,3108.7182022471907,4425.390112359551,10856.085056179776,89
7196,3,94.3301,34.035861818181814,720.7595636363636,380.2701309090909,10838.083512727273,1375
7199,3,94.3903,8.407547169811322,864.8207547169811,366.8920754716981,10107.403396226415,53
7218,3,96.0400,1152.5601441441443,4654.2077657657655,4957.4312432432425,17280.811027027026,555
7221,3,96.0700,391.17251428571427,3305.951542857143,3500.9064,11238.146857142858,175
7223,3,96.1400,183.05428571428573,1215.0142857142857,666.3,3421.996785714286,28
7229,3,96.3300,155.26891304347825,1051.5471739130435,445.2919565217391,2203.4239130434785,46
7231,3,96.3500,414.51539682539686,4443.193492063492,3862.661904761905,13364.76873015873,63
7232,3,96.3700,176.87970588235294,2235.6876470588236,1490.6608823529411,6898.090294117647,34
7234,3,96.3900,156.79686274509805,2082.665882352941,1901.532156862745,5769.100392156863,51
7237,3,96.3904,144.02190476190475,2308.8742857142856,2827.0385714285717,7323.675238095238,21
7240,3,96.4400,11.337333333333333,751.0833333333334,292.3743333333333,1661.4283333333333,30
7244,3,96.5100,186.65413793103448,941.5747126436781,444.34781609195403,2740.1128735632183,87
7245,3,96.5200,86.6975,2220.453571428571,2422.0885714285714,6189.93,56
7248,3,96.5601,530.3648333333333,3335.635,1839.3078333333333,10234.127666666667,60
7254,3,96.7101,798.1396491228071,3978.217933723197,3659.579961013645,12589.589142300196,513
7256,3,96.7201,2182.9596018735365,10277.400632318502,13920.463231850117,43730.59002341921,427
7257,3,97.0101,465.4565517241379,3342.8193103448275,4541.92172413793,16743.743103448276,29
7276,3,97.6203,71.36663677130045,786.084932735426,288.4194618834081,1818.3756950672646,223
7277,3,97.6204,144.29884083044982,926.4582698961938,331.3520242214533,2306.0828027681664,578
7278,3,97.6205,72.39954545454546,981.3542532467532,396.57246753246756,2141.2767532467533,308
7281,3,97.7100,151.09396226415095,1212.528679245283,667.2402830188679,3267.3248113207546,106
7282,3,97.7101,92.26823529411764,1141.67,496.85558823529414,2972.393676470588,68
7283,3,97.7102,217.0869058295964,1132.159596412556,480.5839910313901,3590.726995515695,223
7292,3,98.0201,534.656388888889,1356.7555555555555,1019.1341666666667,4916.6963888888895,36
7306,3,98.1600,236.68133333333336,1243.9166666666667,596.7270000000001,3971.976,30
7311,3,98.2200,18.493750000000002,733.4583333333334,552.2574999999999,2226.3995833333333,24
7320,3,98.5101,41.79460526315789,1278.886842105263,627.4481578947368,3594.062763157895,76
7322,3,98.5103,49.638907672301684,1296.0060424794106,654.1485782401387,3311.9318552232335,2307
7325,3,99.0301,304.32932475884246,2330.781736334405,1802.6015112540192,7908.254372990354,311
7327,3,99.0401,146.33985754985756,2331.452706552707,2090.399829059829,8337.486723646723,351
7331,3,99.1000,199.29172413793103,3360.8736206896556,6688.1543103448275,13862.481551724137,58
7335,3,99.1008,817.7710256410256,4309.702564102564,11689.606923076923,23258.76307692308,39
7336,3,99.1009,388.48409090909087,3737.377272727273,9078.28409090909,18104.845454545455,22
7339,3,99.1700,108.63781818181818,2516.430909090909,1005.5552727272727,4704.237090909091,55
7342,3,99.2100,68.12036827195467,779.3127478753541,859.2233994334277,2750.0158640226628,353
7346,3,99.2500,432.7794830659537,2305.5980213903745,4598.164099821747,9286.346007130125,561
7347,3,99.2501,4505.446842105263,2397.692105263158,4930.47447368421,20928.97,38
7348,3,99.2502,986.9410457516341,1655.8960784313726,3356.3402614379083,12442.477712418302,153
7349,3,99.2503,266.3948964218456,1785.355122410546,2883.2557564344006,6234.920219711236,1593
7351,3,99.2505,1077.4628,2528.534,5076.626,12381.4228,25
7355,3,99.2800,236.3762359550562,1725.8432584269663,2555.2044382022473,5526.066910112359,178
7356,3,99.2801,170.51396226415096,1775.1014779874215,2051.7998113207545,5043.732232704403,318
7360,3,99.2902,30.490279569892472,1054.7127311827956,1195.99311827957,4598.202301075268,465
7364,3,99.6000,253.1467080745342,2440.5,1858.7613664596274,7354.430434782609,161
7371,3,99.8100,88.14125,1338.5170454545455,1947.8436363636363,4752.9996590909095,88
7372,3,99.8200,208.50034482758622,1682.5881773399017,1573.8693103448277,5704.928128078817,203
7373,3,99.8300,190.96475409836066,1263.4439344262296,1304.782786885246,5041.993278688525,61
7374,3,99.8301,76.98696721311475,1252.0891475409835,137.42773770491803,3390.0075081967216,610
7376,3,99.8500,169.7880745341615,1736.7917701863353,1641.8805279503106,5850.505186335404,322
7379,3,99.9200,47.47543206256109,1579.3495229716518,1264.151098729228,6434.882911045944,10230
7380,3,99.9201,25.29473504273504,1552.6371794871795,999.0086666666666,5531.056017094017,585
7381,3,99.9203,0.21163461538461537,694.4298076923077,1207.3776923076923,3997.121346153846,104
7382,3,99.9204,42.55663127413127,1141.8102316602315,1048.1814768339768,5367.18638030888,1036
7383,3,99.9205,101.17193611473273,1876.0659322033898,1323.583763581052,4899.530108648413,4602
7386,3,99.9209,40.76357142857143,589.3821428571429,1061.047857142857,3384.6292857142857,28
7390,4,,129.73248979770943,2009.7811106235463,1548.1139374259512,6167.411071130809,45578
7404,4,00.6600,13866.012666666666,4299.661733333333,2537.6785333333337,31052.14746666667,75
7418,4,01.2408,13242.126585365851,13057.153658536587,14474.984146341463,68789.3180487805,41
7426,4,01.3108,4348.208214285714,2861.0007142857144,2196.089285714286,15681.249642857143,28
7427,4,01.3900,11607.062272727273,9973.028181818181,11890.814545454547,54176.656136363636,44
7433,4,01.5900,3711.2446153846154,14098.532307692307,13049.103076923077,89840.53384615385,26
7440,4,01.5909,2213.7972727272727,9950.535,9627.604090909092,76748.59363636364,22
7464,4,03.3101,804.0315454545455,4504.811090909091,6752.3758181818175,19897.64018181818,110
7465,4,03.4x00,740.1223913043477,8000.690217391304,5311.376086956521,43422.78717391304,46
7475,4,03.5305,27563.295806451613,3256.3051612903228,3117.821290322581,41595.439032258066,31
7479,4,03.9100,250.6245238095238,967.7261904761905,430.15761904761905,4448.261666666666,42
7480,4,03.9101,328.63846153846157,775.4423076923077,561.3369230769231,3563.811923076923,26
7500,4,04.4911,19.71851851851852,1797.0185185185185,1989.3096296296296,8583.575185185186,27
7503,4,04.8100,52.8772,1932.16,754.6396000000001,4479.385200000001,25
7510,4,06.1101,205.02,3013.7129032258067,429.5483870967742,5703.9293548387095,31
7511,4,06.2x00,2331.7676923076924,3062.2884615384614,1880.5796153846154,15278.183076923076,26
7513,4,06.2x02,2893.0182993197277,3717.3115646258507,3062.7379591836734,25388.527687074828,147
7516,4,06.3100,509.056,2483.0673333333334,417.4296666666667,11853.038666666665,30
7518,4,06.3900,1464.3253125,2986.835625,1713.7875,13053.289375,32
7521,4,06.4x00,2797.859,4458.72625,3725.05525,30426.9175,80
7530,4,07.2102,1964.0481818181818,3847.9300000000003,1975.565,20250.99409090909,22
7540,4,08.2000,124.049375,1072.2375,227.05609375,3263.5609375,64
7554,4,08.4902,107.10263157894738,946.3491228070176,262.12157894736845,2741.071754385965,57
7566,4,09.4900,233.08666666666667,1501.8216666666667,457.325,3070.207,30
7572,4,09.8100,897.4861904761905,947.4845238095238,712.1766666666667,5880.570476190476,42
7575,4,10.3101,131.6025,1234.6178571428572,387.14,3322.412857142857,28
7585,4,11.3201,228.27068493150685,1087.961187214612,164.7262100456621,3334.4698630136986,219
7588,4,11.3900,1884.2376811594202,385.0050724637681,606.4902898550724,3966.428260869565,69
7589,4,11.3901,157.44338461538462,732.9892307692309,154.9716923076923,2660.8263076923076,65
7598,4,12.6400,1680.9522857142858,1123.567142857143,615.46,6769.382571428572,35
7607,4,12.8802,6255.129600000001,658.8,927.9875999999999,14087.3796,25
7613,4,13.4100,2754.029082774049,1000.1674976030681,638.2328443592202,6673.942499201022,3129
7614,4,13.4101,12698.919864864863,816.4459459459459,700.3012162162162,20503.96135135135,74
7616,4,13.5900,2606.565,623.3911764705882,254.52794117647062,6082.7588235294115,68
7620,4,13.7100,785.6855223880598,503.77960199004974,350.18208955223884,9332.472238805969,201
7633,4,14.6x02,3396.2702857142854,830.5385714285713,650.1545714285714,7793.065428571428,35
7638,4,14.7401,9403.88452173913,1041.3091304347827,1443.9767826086954,17837.623913043477,115
7642,4,14.7903,294.4547540983607,932.7836065573771,2080.162950819672,5602.205409836066,61
7643,4,15.1100,650.4563265306123,533.2755102040817,417.64816326530615,7063.944489795919,49
7647,4,15.3x01,810.4218421052632,497.9894736842105,491.0597368421053,8352.672631578947,38
7674,4,17.1200,3959.8436956521737,1606.1021739130433,1200.3439130434783,11212.39543478261,46
7675,4,17.1300,4604.248545454545,1813.661818181818,1011.6012727272728,10831.037272727273,110
7681,4,17.3300,7346.475909090909,6741.733181818182,9967.485909090909,47570.25454545455,22
7684,4,17.3600,6699.340952380952,5526.120476190476,9654.814761904761,45065.81857142857,21
7687,4,17.9200,24.36225,1813.266375,931.0557500000001,5847.989625,80
7688,4,17.9500,52.117144654088044,2577.617106918239,2045.0265911949684,6407.6147044025165,795
7689,4,17.9610,19.80818181818182,1327.090909090909,295.2640909090909,6846.163181818181,22
7691,4,17.9700,317.229,2076.337,896.8147,5394.5280999999995,100
7702,4,18.1100,113.06358490566038,2019.8462264150944,1109.8837735849058,5094.686226415094,106
7706,4,18.2900,302.2898591549296,1339.7422535211267,845.9045070422535,5144.057887323944,71
7723,4,19.4x00,1999.9084090909091,1877.1613636363638,2432.0211363636367,20015.26840909091,44
7724,4,19.4x01,1087.6423076923077,1738.2846153846153,2731.498846153846,20453.64576923077,26
7729,4,20.0100,746.5648275862069,1589.0120689655173,932.0924137931034,7562.182758620689,58
7731,4,20.0901,107.7709375,965.825,1427.5309375,4205.738125,32
7732,4,20.0902,83.07555555555555,2218.531388888889,1474.195,6414.537222222222,36
7742,4,20.9400,169.721,1837.65,1419.7137500000001,5441.55975,40
7744,4,20.9801,91704.6753488372,4049.813953488372,1075.579069767442,108191.79116279069,43
7748,4,21.0300,72.62979999999999,794.372,367.45059999999995,2539.955,50
7753,4,21.0904,880.2741666666666,1186.0749999999998,1171.7763888888887,7257.702777777778,36
7754,4,21.2100,79.60643835616439,1902.023287671233,1377.0439726027398,4884.398630136986,73
7763,4,21.5x00,1314.6627777777776,1497.8870370370369,1640.0653703703704,10355.749629629629,54
7764,4,21.5x01,151.1851923076923,1476.4134615384614,1010.9532692307693,5538.859615384616,52
7769,4,21.6903,1567.234647887324,1498.8309859154929,2036.3405633802815,12869.006901408451,71
7771,4,21.7100,511.134375,1438.1,1038.775625,5968.50625,32
7785,4,22.2x01,889.9157142857143,1381.234693877551,1541.3714285714286,8872.870612244898,49
7791,4,22.5002,205.39397260273972,1312.0150684931507,1267.1456164383562,7607.494109589041,73
7794,4,22.5300,958.2297391304347,1363.5695652173913,1167.8281739130434,8267.591304347827,115
7795,4,22.5301,1718.8954545454546,1491.540909090909,1571.7681818181818,10620.915,22
7797,4,22.6002,2948.181260504202,1795.504369747899,2897.520084033614,17718.907983193276,119
7857,4,27.9900,190.17391304347825,1336.0043478260868,311.41,4247.9147826086955,23
7865,4,28.2x00,737.2670512820513,1626.5215384615383,2185.1652564102565,10949.683461538461,78
7868,4,28.3x00,434.2624590163934,1618.5983606557377,799.949344262295,9992.951147540984,61
7869,4,28.3x01,303.84433333333334,1355.4779999999998,637.213,6944.598666666667,30
7872,4,28.5x00,505.8443181818182,1529.559090909091,2153.059772727273,12163.755909090909,44
7874,4,28.6x00,1273.367,1587.59125,1458.4115,13299.589875,80
7876,4,28.6x02,687.7521428571429,1325.6095238095238,1014.4930952380952,9418.029285714285,42
7879,4,29.1100,289.06023255813955,1931.6433720930231,1190.1094186046512,7174.389883720931,86
7885,4,29.3901,102.2396875,1007.809375,1528.4578125,8109.2240624999995,32
7886,4,29.3905,607.0274074074075,1727.1837037037037,1528.341111111111,10414.10888888889,27
7890,4,30.0900,642.1775,1908.8224999999998,1568.26675,10302.312,40
7893,4,30.0903,871.1959999999999,1159.855,1705.8920000000003,8353.92825,40
7895,4,30.0905,377.7468674698795,1290.472048192771,1015.5102409638555,6562.716746987951,83
7896,4,30.0906,734.4197058823529,1936.0382352941178,1981.899705882353,12146.443823529413,34
7899,4,30.0911,322.7583333333333,1183.1142857142859,1081.5133333333335,7668.522380952381,42
7911,4,31.4200,86.67121794871795,1615.059358974359,1010.6760897435897,3934.59608974359,156
7912,4,31.4201,61.00790322580645,1781.9129032258065,1713.4370967741936,5154.980564516129,124
7926,4,32.2001,3539.1943243243245,5386.487702702703,3044.9597297297296,41932.55540540541,74
7932,4,32.3000,2351.224406779661,7649.425084745763,3800.497118644068,52720.64542372881,59
7933,4,32.3001,5330.336585365853,6882.50243902439,3730.1743902439025,55486.379512195126,41
7935,4,32.3902,2523.7980434782608,9890.602173913043,4941.968478260869,58485.48978260869,46
7936,4,32.4100,9343.845,6212.833289473684,4410.946710526316,47819.42605263158,76
7942,4,33.2200,1038.9355555555555,5839.955555555555,6742.246666666667,31571.9937037037,54
7943,4,33.2302,433.0136065573771,3166.9855737704916,3297.063606557377,10386.564426229508,61
7944,4,33.2400,573.2434375,3672.04375,2148.2390625000003,9054.668125,32
7946,4,33.2403,480.55885835095137,4204.0226004228325,2976.0057928118395,11970.196427061312,473
7948,4,33.2600,974.9229629629629,4864.1807407407405,2362.1693827160493,12610.977283950619,81
7949,4,33.2700,385.08482758620687,6660.191034482759,2508.987931034483,14259.647586206895,29
7960,4,34.0400,634.7718,4547.84,4503.4346000000005,14491.938800000002,50
7961,4,34.0401,600.3053531598514,3519.5110780669143,3198.927732342008,11446.348513011153,269
7974,4,34.9100,802.1071153846153,4726.183076923076,5229.923076923077,16247.98326923077,52
7975,4,34.9101,471.23436781609195,3762.6052873563217,3097.6944827586203,10871.15275862069,87
7985,4,35.2401,5669.4800000000005,13507.570000000002,7826.229642857143,106440.42035714285,28
7988,4,35.5200,921.768,5228.4976,1151.5752,28965.127600000003,25
8004,4,36.0700,11266.95465116279,4262.587674418604,2533.5926910299004,29849.779069767443,301
8024,4,37.8301,29439.038620689655,3859.7344827586207,2794.851379310345,51798.09103448276,29
8038,4,38.5900,759.6554054054054,2024.1945945945945,1644.7135135135136,10522.914054054054,37
8039,4,38.5901,771.437417218543,1938.0346357615892,1250.49821192053,9577.892119205299,151
8056,4,38.9301,1349.8876923076923,4658.26564102564,6702.295384615384,19785.983333333334,78
8057,4,38.9302,745.682,3871.9698399999997,4473.98624,14331.68728,125
8058,4,38.9303,1548.1770085470084,9000.136752136752,8937.443076923077,29877.52153846154,117
8059,4,38.9304,948.9,5961.906,6643.0586,19924.0472,50
8063,4,38.9700,358.4546363636364,2073.5781818181817,2549.912909090909,8135.220363636364,110
8065,4,38.9900,352.709705882353,2708.6558823529413,3059.161176470588,8258.40176470588,34
8069,4,39.2700,873.2395081967213,3456.57868852459,2455.218032786885,11328.349344262297,61
8103,4,39.7903,690.6760674157304,1898.3516853932583,3941.7667415730334,23304.931685393258,178
8112,4,39.9500,599.8616034985423,2142.413498542274,2509.3121282798834,9904.07416909621,343
8145,4,41.3800,495.6790731707317,3435.7848780487807,7838.290341463415,16606.89287804878,205
8173,4,43.4100,405.41689655172416,2526.536551724138,1996.0027586206897,7672.991379310345,29
8174,4,43.4101,326.36966666666666,2025.675,769.4728333333334,5164.7626666666665,60
8175,4,43.4105,227.1194094488189,2069.8355708661416,1190.7540748031495,5743.449842519685,508
8196,4,44.1300,132.17817742908872,2191.1112975256488,1529.6991611345807,5696.697887748944,1657
8198,4,44.1401,242.02006944444443,2828.71625,1666.7180555555556,7180.705555555555,144
8205,4,44.4300,252.87483333333333,3340.5926666666664,2111.476833333333,8202.31,60
8215,4,45.1300,125.70922360248449,2514.3601242236023,1117.1387888198758,5231.851568322982,644
8219,4,45.1600,176.21673024523162,2809.4856948228885,1500.8891280653952,6323.326239782016,367
8220,4,45.2300,232.79420454545453,2311.039318181818,971.5015909090909,5044.519318181819,88
8222,4,45.2302,101.2610298102981,2268.401409214092,1436.6548238482385,5387.273279132792,369
8225,4,45.2500,431.34766666666667,3696.5806666666667,1894.8400000000001,8300.516,30
8226,4,45.2501,227.02884057971013,2892.6559420289855,1511.332463768116,6224.26420289855,69
8239,4,45.4200,453.5855641025641,1982.2415128205128,922.992782051282,5300.413576923077,780
8240,4,45.4201,307.7425974025974,1890.8874025974023,859.5811688311688,5060.416753246754,77
8241,4,45.4300,775.3329712460064,2539.1244728434503,1098.9784664536742,6837.0356549520775,313
8242,4,45.4301,181.41897435897437,2019.183076923077,578.3148717948718,4792.507179487179,39
8243,4,45.4302,259.4290134529148,2337.653542600897,988.4675784753363,5996.352286995516,223
8248,4,45.4307,456.6539130434783,2277.9565217391305,714.8739130434782,6469.397391304348,23
8285,4,46.5100,1820.1839655172414,4506.512586206897,4205.0455172413795,25017.296379310344,58
8286,4,46.5101,863.1932,4753.5744,5027.2008000000005,26848.7652,25
8300,4,47.0100,1310.880598885794,1968.4259331476323,1583.821601671309,8513.461323119778,718
8301,4,47.0901,803.5831707317074,2262.897073170732,2240.8765853658538,8905.645853658536,41
8309,4,48.3502,632.5724,2279.6367999999998,1988.0416,10810.781200000001,25
8311,4,48.3508,346.73125,2234.05875,726.47859375,5663.09328125,64
8313,4,48.3510,1023.9245454545455,1903.909090909091,759.6166666666667,6298.1466666666665,33
8314,4,48.3600,307.9711111111111,1954.8644444444444,838.1394444444444,5236.111481481482,54
8315,4,48.3601,470.94235294117647,1764.1985294117646,797.082794117647,5088.54044117647,68
8316,4,48.3602,332.7419047619048,1751.6835714285712,928.4866666666667,5177.488571428572,42
8317,4,48.3603,420.0317808219178,2820.912328767123,1022.1528767123289,5917.3394520547945,73
8319,4,48.4102,338.1765625,1738.90625,2890.519375,11848.722708333333,96
8351,4,49.0100,488.65,1500.8661538461538,1768.0667307692308,7445.823653846154,52
8353,4,49.0400,375.10770642201834,1428.291467889908,1546.4943119266056,7080.285688073394,109
8357,4,49.1200,307.53020408163263,1539.1577551020407,1130.9826530612245,6517.752040816326,49
8358,4,49.2100,108.90365853658537,1858.4878048780488,360.35341463414636,3178.530243902439,41
8367,4,49.4500,1092.4493121693122,1201.7717989417988,1203.271216931217,8416.36492063492,189
8368,4,49.4600,1110.9246537396123,1663.1939058171745,1370.8882271468144,8238.786509695292,361
8373,4,49.4901,2782.5784126984126,1139.6043386243387,1321.3225925925926,8902.721428571429,189
8391,4,50.2205,1702.3173333333334,4218.1269999999995,5380.576666666666,40076.655666666666,30
8395,4,50.2404,456.4739285714286,3540.4857142857145,2180.6625,19025.318571428572,28
8419,4,51.2300,1289.596107266436,2207.4225692041523,1615.9763754325259,9989.74115051903,1156
8438,4,51.8805,3634.505277777778,4480.325555555555,4174.5247222222215,21564.16611111111,36
8462,4,53.0202,579.3239285714286,1176.1364285714285,632.9878571428571,4852.055,28
8466,4,53.0302,1269.5610256410255,1184.5002564102565,366.9866666666667,7022.793333333333,39
8468,4,53.0401,1397.6998678414097,1265.2435682819382,454.6777092511013,7067.588502202643,227
8470,4,53.0501,2603.8125,1687.635,728.8128125,8017.8575,32
8527,4,54.9101,527.515,3534.6008974358974,3798.1030769230765,11826.41717948718,78
8529,4,54.9105,349.19348837209304,3629.4376744186047,5016.350930232558,13372.291162790698,43
8534,4,55.0106,1127.9699166666667,2610.6965833333334,1354.9154166666667,13730.608166666667,120
8537,4,55.0400,4648.128571428571,2477.6057142857144,2253.5109523809524,19050.300476190478,21
8541,4,55.0404,3237.3257407407405,3478.80962962963,2351.2122222222224,16844.405,54
8551,4,55.4x03,982.6679999999999,3650.580571428571,2050.744857142857,23890.940000000002,35
8555,4,55.5103,1611.1491111111113,4028.3857777777775,2741.323111111111,26902.838888888888,45
8563,4,56.0x00,2783.382486288848,2240.361224862889,1472.9384460694698,13208.795886654478,547
8565,4,56.0x03,3703.6626666666666,2009.3463703703706,1667.4665185185186,12791.645555555555,135
8567,4,56.0x06,3291.0494078947368,2617.9117763157897,1353.0400657894736,11948.120657894737,152
8572,4,56.3100,1914.9437142857143,2065.306285714286,1485.1937142857143,8867.517428571427,35
8583,4,57.0x00,1415.5967441860466,3012.340930232558,2232.8032558139535,12976.669999999998,43
8593,4,57.3200,194.76270833333334,1993.4190625,1264.0426041666667,4865.010833333333,96
8595,4,57.4900,1274.4427631578947,3469.5776315789476,2551.857105263158,14556.697894736842,76
8608,4,57.9400,363.7868224299066,3852.52492211838,2648.1632398753895,11740.621900311526,321
8609,4,57.9500,508.2567403314917,4722.0,2727.546022099448,16592.882375690606,181
8632,4,59.8x00,863.6019047619047,2461.5761904761903,1281.7852380952381,9534.805238095238,21
8634,4,59.8x03,1435.4532608695652,2223.5389855072463,1425.2439130434782,8354.266376811594,138
8638,4,60.1100,589.8612,3711.748,1532.7962,8224.4008,50
8641,4,60.2900,2057.5221164021164,2792.871746031746,2156.1316931216934,14109.151640211641,189
8643,4,60.2902,1955.8813888888888,3153.9395833333333,2697.4511111111115,13966.007916666666,144
8646,4,60.5x02,1247.1651724137932,4548.221379310346,2496.86724137931,30085.822413793103,29
8672,4,63.1x03,961.2807142857143,1379.962142857143,941.3289285714285,6970.141428571428,28
8701,4,65.2501,1325.2902631578947,1889.3684210526317,1344.2121052631578,8897.584736842104,76
8707,4,65.4100,1167.669642857143,3042.6178571428572,1594.7403571428572,10436.848571428573,28
8724,4,66.4x02,1270.506530612245,1721.0285714285712,1099.7663265306123,8404.262040816326,49
8726,4,66.5102,1211.9986363636365,2342.2327272727275,1997.2977272727273,11117.99,22
8730,4,66.6201,1581.6482142857144,1351.5,1032.9060714285713,7832.903928571429,28
8741,4,67.2x00,482.6880769230769,1334.426153846154,642.4276923076923,4431.884615384615,26
8743,4,67.3201,192.92249999999999,1580.2,341.9889285714286,3633.9249999999997,28
8745,4,67.3203,505.0014285714286,1487.9190476190477,348.4738095238095,4665.834285714286,21
8751,4,68.1200,322.5647826086956,1441.4391304347826,906.8034782608695,4883.684347826087,23
8754,4,68.2101,384.69190476190477,1277.9476190476191,391.83238095238096,3689.285238095238,21
8759,4,68.2901,1299.4554901960782,2056.870980392157,1854.0860784313725,10418.07156862745,51
8763,4,68.2912,1432.058,2312.772,1747.8956,11849.191599999998,25
8764,4,68.2913,572.7916666666666,1387.8738095238095,394.63166666666666,5435.6997619047615,42
8765,4,68.2915,451.63602339181284,1456.1175438596492,652.0791812865497,5416.768947368421,171
8769,4,68.4100,1854.4095238095238,2789.0,1770.046904761905,13766.497857142858,42
8771,4,68.4901,1102.8542592592592,2938.004814814815,2044.1959259259258,11791.126851851852,54
8773,4,68.5100,1807.701935483871,2856.6322580645165,2787.185161290323,14562.982580645163,31
8782,4,69.0101,59.80346153846154,651.2961538461539,174.51000000000002,1568.2276923076922,26
8783,4,69.0200,139.71402298850575,806.8793103448276,417.00333333333333,2537.8627586206894,87
8784,4,69.0201,43.54393617021277,768.1457446808511,269.1573404255319,2070.3843617021275,94
8786,4,69.0901,47.379999999999995,1753.0021582733812,432.9630215827338,3201.174892086331,139
8802,4,70.0x00,146.88777777777779,1329.3555555555556,550.2425925925926,3085.881111111111,27
8807,4,70.5001,446.12080000000003,1739.5392000000002,1007.8448,6638.606400000001,25
8818,4,71.2200,128.30689655172415,1102.3110344827587,618.7306896551723,3013.2799999999997,29
8830,4,71.7102,875.5800961538462,1615.1316346153847,720.2150961538462,15227.381153846152,104
8841,4,73.5900,282.4603921568627,1300.3801960784313,435.2623529411765,6392.162352941177,51
8843,4,73.6x01,312.52444444444444,1201.6772839506173,412.17061728395066,5281.640041152264,243
8848,4,74.1x01,1050.958385026738,1314.7382994652407,1051.4400748663102,9241.05494117647,935
8855,4,75.0x02,105.14166666666668,910.5428571428572,705.6359523809524,3851.0799999999995,42
8859,4,75.6900,291.17481481481485,1725.0185185185185,676.8981481481482,5930.484074074075,27
8860,4,75.6902,194.15538461538463,1084.9778106508875,356.231775147929,3709.2197633136097,169
8924,4,78.6103,356.0573611111111,1140.6677777777777,607.4909722222222,4745.960138888889,72
8927,4,78.6201,558.2846,1229.8804,922.2088,5790.349200000001,50
8929,4,78.6301,626.8086956521739,1083.3608695652174,773.3630434782608,5307.6741304347825,46
8930,4,78.6303,315.56759999999997,1126.7312,744.908,4988.526,25
8933,4,78.6501,1095.6693939393938,1202.2236363636364,1158.8760606060605,6439.8663636363635,33
8934,4,78.6601,538.1585416666667,1320.554375,678.515,5211.645833333333,48
8936,4,78.6701,666.0258095238095,1231.1630476190476,904.0313333333335,5761.339523809524,105
8939,4,78.6705,569.2879411764707,1278.8347058823529,830.5788235294118,6100.932647058823,34
8948,4,78.6907,817.4862857142857,1420.7837142857143,1135.6608571428571,7063.545714285715,35
8952,4,79.0201,158.46257142857144,1844.1714285714286,987.2694285714285,4959.119428571428,35
8966,4,79.1500,12345.734545454547,4629.3550649350655,3649.78025974026,31379.63038961039,77
8978,4,79.3100,10987.204678899083,2849.5594495412843,2424.1538532110094,23655.244678899082,109
8980,4,79.3200,11139.833411764706,2567.5758823529413,2667.2603529411767,23172.050470588234,85
8985,4,79.3400,2136.2137931034486,1179.7820689655173,1486.360344827586,8961.736896551723,29
8987,4,79.3500,15518.110140845072,4956.747042253521,3470.8035915492956,35227.07697183098,142
8989,4,79.3600,14168.940260416668,3130.392760416667,3482.5457812500003,30824.337239583332,192
8993,4,79.3700,10399.230181818182,2473.059272727273,2783.6725454545453,25268.61163636364,55
8996,4,79.3900,8566.299864864865,2441.22,2155.1742567567567,19225.24277027027,148
8998,4,79.3903,13873.651666666667,5639.991333333333,4090.8813333333333,33900.310333333335,30
9028,4,80.5100,4905.321818181818,4038.5631818181814,1850.2356060606062,26321.78893939394,66
9034,4,80.5110,10194.76909090909,3007.024090909091,2098.939090909091,22831.30181818182,22
9061,4,81.0200,1589.6809090909092,9219.546363636364,2290.724242424242,83674.7496969697,33
9070,4,81.0801,16563.34642857143,5410.236428571428,2782.877380952381,59419.23,42
9081,4,81.5100,26281.883163265305,3857.5191836734693,3020.6873469387756,46810.58285714286,98
9083,4,81.5201,16836.94,4451.690847457628,3123.431186440678,34757.22966101695,59
9085,4,81.5400,36343.386333333336,4121.161,3281.259,53621.084,30
9088,4,81.6500,12235.43720338983,3460.39406779661,1450.6148305084744,20700.876016949154,118
9089,4,81.6600,15543.694059405942,2814.998910891089,1475.447920792079,23959.612673267326,101
9090,4,81.6601,15065.901707317073,2083.2763414634146,1626.3851219512194,23888.661707317075,41
9095,4,81.9100,256.6497647058824,2109.097764705882,1595.1803529411766,7371.424823529412,85
9098,4,81.9201,33.45311320754717,1819.289245283019,1422.30320754717,7384.837641509434,106
9137,4,83.1901,28.90242914979757,1819.5485829959514,1265.69016194332,5823.540080971659,247
9140,4,83.2900,3117.4144444444446,937.5962962962963,2020.3418518518517,13837.345185185186,27
9142,4,83.3101,223.11233333333334,1084.5746666666666,449.877,4166.592333333333,30
9143,4,83.3200,304.7378787878788,2032.0630303030302,852.9206060606061,8352.421515151516,33
9144,4,83.3900,272.2245833333333,1817.5583333333334,1243.7695833333335,9492.44125,24
9146,4,83.3902,391.00176470588235,1458.5158823529412,787.2194117647059,5158.0232352941175,34
9148,4,83.3904,606.0065217391304,1952.9521739130435,1106.9878260869566,7735.462173913043,23
9167,4,83.9105,34.43,1423.3333333333333,758.4283333333333,6719.495416666666,24
9192,4,85.2100,702.2532678132678,1556.21714987715,206.3340049140049,7358.402678132678,407
9193,4,85.2101,5099.837631578947,1184.8605263157895,38.36105263157895,7332.753947368422,38
9203,4,85.4300,585.4055172413792,7821.586206896552,966.7927586206896,16928.10827586207,29
9206,4,85.4303,555.9136363636364,6807.032121212121,2728.06696969697,19097.336666666666,33
9216,4,86.0100,713.7895454545455,1891.4372727272728,1747.36,7091.452272727273,22
9219,4,86.0400,119.05341463414635,1294.8326829268292,937.6075609756097,4150.640487804878,41
9230,4,86.2200,1155.0628125,2200.9275,2754.844375,9836.014375,64
9231,4,86.2201,181.66972222222222,2263.8141666666666,1163.5408333333335,6713.145833333333,36
9236,4,86.2800,255.6540361445783,2064.1384939759037,1210.968795180723,6371.175361445784,166
9237,4,86.3x00,195.39632653061224,1046.4816326530613,238.07877551020408,2564.0267346938776,49
9239,4,86.3x02,254.23677083333334,1186.6961458333333,324.7320833333333,3154.0620833333337,96
9240,4,86.3x03,243.53534161490686,1337.2440372670808,464.9191304347826,4405.859627329192,161
9254,4,86.5900,133.535,1851.7360714285714,1407.8003571428574,5818.119821428571,56
9256,4,86.5902,103.7778125,2229.15625,1353.3934375000001,6005.5278124999995,64
9271,4,86.7501,93.8629411764706,1685.735294117647,1098.2811764705882,4993.167058823529,34
9284,4,87.0302,162.11047619047616,5112.271428571428,4321.719999999999,11859.768571428573,42
9289,4,87.4103,166.27913043478262,3514.4608695652178,1556.2047826086957,6108.379565217392,23
9290,4,87.4401,146.74963636363637,398.1092727272727,373.48254545454546,1646.2447272727275,55
9301,4,88.4100,2619.1687500000003,2445.8333333333335,2792.3583333333336,15407.4375,24
9302,4,88.4101,2546.0559498207886,3967.097849462366,3891.3971684587814,14748.74071684588,279
9309,4,88.4701,3147.222765957447,2699.81914893617,4970.222553191489,17312.654893617022,47
9318,4,88.5500,1403.5166909469303,3003.979292403746,1441.930072840791,9176.96653485952,961
9319,4,88.5600,1627.9846153846154,3622.773076923077,1692.6146153846155,9752.783076923077,26
9341,4,89.3701,135.57270992366412,2509.9740458015267,1864.6835877862595,6265.060038167939,262
9343,4,89.5001,244.15318181818182,3910.840909090909,3375.544545454545,9595.743181818181,22
9345,4,89.5400,122.03099678456591,2819.4508360128616,1232.7610932475884,5788.829742765273,311
9348,4,89.6200,1637.874117647059,5733.294411764706,7577.180882352941,22729.30911764706,34
9349,4,89.6500,171.59434782608696,2827.995652173913,3117.5878260869567,8362.995217391304,23
9352,4,92.2400,963.6227586206898,3992.602586206897,9892.387844827586,47881.980344827585,116
9363,4,93.3500,54.23143325143325,2489.1922194922195,1895.7890663390665,6367.667166257166,1221
9364,4,93.3501,44.24125,1497.159090909091,684.9032954545454,6602.66625,88
9365,4,93.3502,198.76541666666665,2297.9791666666665,614.9602083333333,11941.965416666666,48
9366,4,93.3503,33.18430769230769,1337.8892307692308,1041.2226153846154,5957.941384615385,65
9370,4,93.3510,53.6430303030303,1657.293181818182,2499.6123484848486,7040.339469696969,132
9376,4,93.3802,56.99707317073171,3395.5853658536585,1955.5975609756097,16817.163902439024,41
9377,4,93.3803,105.43666666666667,2837.3809523809523,535.22,4225.966190476191,21
9379,4,93.3900,64.66121212121213,2109.7787878787876,1617.1948484848485,5224.5621212121205,33
9380,4,93.3902,63.4113357400722,2302.1730685920575,1186.6335379061372,5715.140577617329,277
9384,4,93.3910,87.3225,1598.640625,1787.8940625,5423.8775000000005,32
9395,4,93.5401,240.41225806451612,1680.0812903225806,1389.915806451613,4789.25935483871,31
9396,4,93.5402,185.14645833333333,1803.5006944444444,1060.3695833333334,4857.729097222222,144
9404,4,93.9000,644.1263235294117,5147.597077205883,4096.433419117647,15365.883584558824,544
9405,4,93.9001,373.6278333333333,4381.641666666666,1530.7988333333335,9731.495499999999,60
9408,4,93.9401,145.8612643678161,923.7298850574713,748.0623563218392,2815.6493103448274,174
9410,4,93.9601,108.28059498956158,2791.8679540709813,1270.2739979123173,5733.612776617954,958
9414,4,94.2901,705.599245283019,7963.103773584906,766.8694339622642,21515.100754716983,53
9416,4,94.3301,31.948666666666668,5113.684444444444,616.9777777777778,17076.188666666665,45
9418,4,94.3901,15.19296551724138,6690.31724137931,532.6933103448275,12705.458689655172,145
9419,4,94.3903,39.17956521739131,4384.934782608696,639.6621739130435,13498.68956521739,23
9420,4,94.4401,14.176426858513189,6906.176258992806,398.14642685851317,13668.127410071942,417
9427,4,96.0400,1471.2823,7874.206999999999,7391.557199999999,26111.8849,100
9428,4,96.0700,394.2111851851852,4188.310370370371,2988.804222222222,13580.306444444444,135
9434,4,96.3500,454.02959459459464,4739.470720720721,2640.2116216216214,15877.933738738739,222
9437,4,96.3900,103.48826086956522,2452.108695652174,1281.9434782608696,5317.594347826087,23
9451,4,96.7100,917.235,2801.120833333333,3758.6804166666666,11510.958333333334,24
9452,4,96.7101,985.8781382978723,5055.652925531915,4003.1753723404254,14951.950957446807,188
9454,4,96.7201,2297.607076023392,12893.67239766082,12580.590818713448,43747.80403508772,171
9455,4,97.0101,444.8877622377622,4087.664335664336,2253.5515034965033,15606.045209790209,286
9463,4,97.6203,23.458846153846153,1172.9679487179487,511.26025641025643,2655.6147435897437,78
9464,4,97.6204,52.6630534351145,828.4843511450381,278.4474045801527,2515.012213740458,131
9465,4,97.6205,58.90010752688172,1166.316129032258,356.3037634408602,2807.201935483871,93
9469,4,97.7102,239.6816,1274.1624000000002,454.796,3717.8804,25
9490,4,98.5101,55.65037037037037,1527.648148148148,1031.1333333333332,4994.072592592593,27
9491,4,98.5103,33.45628787878788,1395.0482323232322,641.2932070707071,3441.098686868687,396
9492,4,99.0301,211.02440191387558,2918.3043062200954,4923.271626794259,13725.605598086124,209
9494,4,99.0401,431.90653225806454,4259.104838709677,2485.7129032258067,13136.395806451614,124
9497,4,99.1000,273.7550724637681,3702.3260869565215,6457.561884057971,13400.73231884058,69
9499,4,99.1005,220.7116,3668.9004,6988.2528,15015.2324,25
9506,4,99.1700,344.4212048192771,3033.640361445783,1574.080481927711,6279.141927710843,83
9507,4,99.2100,237.31622047244093,2443.1771653543306,3937.4764566929134,9093.943307086614,127
9508,4,99.2400,6.520666666666667,581.4673333333334,1262.528,1987.1326666666669,30
9509,4,99.2500,230.48232000000002,1791.1308000000001,3573.1573599999997,7324.45908,250
9512,4,99.2503,331.14264890282135,1878.740015673981,4275.303973354232,8473.199310344828,1276
9516,4,99.2800,284.6637724550898,1440.4417964071856,4246.346586826347,7290.02251497006,167
9517,4,99.2801,219.6013432835821,1991.7487562189056,2750.015422885572,6715.5733830845775,201
9520,4,99.2904,181.83341463414635,872.7214634146342,1300.2582926829268,8031.766097560975,41
9521,4,99.6000,377.4620512820513,3153.4666666666667,2485.9371794871795,8710.721794871795,39
9529,4,99.8300,35.198043478260864,739.6434782608695,1356.0289130434783,3565.6389130434777,46
9530,4,99.8301,146.80133333333333,1466.77,187.67283333333333,2485.2855,60
9531,4,99.8500,136.33,1806.5686363636364,1168.2504545454544,5080.045454545455,22
9532,4,99.9200,35.078976080570705,1534.216479227864,1227.1033780948385,6198.818732689887,2383
9534,4,99.9204,49.35827586206897,2405.5793103448277,870.5324137931034,6493.194827586207,29
9535,4,99.9205,80.54029465930017,2557.6686924493556,2099.7887845303867,6987.797661141804,543
9536,5,,97.2472927015978,1749.549322903942,1329.8524487081345,4908.549707233253,368382
9539,5,00.0900,27.714137931034482,1255.6120689655172,1472.8670689655173,5454.86,58
9540,5,00.0901,67.31233333333333,1580.34,478.29833333333335,4488.705333333333,30
9558,5,00.6300,33725.079722222225,4592.968055555556,5225.448055555556,75373.5038888889,36
9559,5,00.6301,49022.222181818186,5055.321818181818,5115.965454545454,72293.54981818183,55
9560,5,00.6400,35164.008166666674,4921.511,4242.267,59391.058333333334,60
9562,5,00.6500,75328.28848484848,7313.424242424242,9116.457272727272,121879.29575757576,33
9564,5,00.6600,13275.85256684492,3578.4889839572197,2954.917780748663,27854.22885026738,374
9568,5,00.7000,20274.640454545457,3939.822272727273,5961.550227272728,53528.1465909091,44
9572,5,00.8000,9347.02525,3708.19,5083.3017500000005,39971.206,40
9577,5,00.8500,19408.048749999998,3455.2098214285716,3790.514821428572,39773.522678571426,56
9580,5,01.0900,7053.42,7727.556296296296,15422.408888888891,45599.23407407408,27
9585,5,01.2400,12516.082045454545,9518.655340909092,12676.124772727273,53696.91477272727,88
9591,5,01.2408,12765.880549199084,10005.81304347826,14864.748032036612,63116.32228832952,437
9592,5,01.2409,4281.445238095238,5481.422619047619,6041.3684523809525,25167.743095238093,84
9594,5,01.2413,13168.151219512194,10700.054634146341,12776.445853658537,59955.902195121955,41
9602,5,01.3104,12366.466024096386,9750.88421686747,15698.977349397592,62632.45144578313,166
9606,5,01.3108,3618.916529209622,4085.466494845361,4232.480515463918,19877.39649484536,291
9607,5,01.3900,13535.733205128205,12951.485384615384,15430.126868131867,68121.36307692308,546
9608,5,01.3901,7523.588024691358,10459.897407407407,15359.015246913581,54458.361172839504,162
9610,5,01.3904,13653.490217391305,11767.134782608695,14513.460652173912,64235.36869565217,46
9612,5,01.3906,12320.200869565217,10894.238695652173,11143.515652173912,55812.21869565218,23
9622,5,01.5900,14250.842758620689,9561.227586206896,10939.66724137931,55277.981379310346,29
9636,5,01.5925,10829.9344,9062.119200000001,11001.239599999999,53516.8608,25
9643,5,01.6x00,1699.6699999999998,1956.3145714285713,931.6905714285715,7806.931428571428,35
9652,5,02.0503,14610.352777777776,3679.8913888888887,4858.010277777777,34413.640555555554,36
9653,5,02.0600,15094.692115384616,3409.1771153846153,4688.8475,35048.623076923075,52
9672,5,03.0900,15816.74659090909,4158.516931818182,4456.890227272727,38259.02909090909,88
9678,5,03.0909,10569.325652173913,1963.841304347826,2145.5195652173916,25420.808260869562,23
9685,5,03.3100,4827.948928571429,9157.664285714285,7942.370357142857,31554.220357142854,28
9686,5,03.3101,410.5966454352441,3774.162016985138,2731.5223779193207,10326.349755838643,942
9693,5,03.5301,16650.392173913046,3374.277391304348,3898.03,35665.953043478265,23
9696,5,03.5304,21065.628647342994,4291.211690821256,4695.173236714976,42653.97415458937,207
9697,5,03.5305,19888.92816360601,3706.6283305509182,4239.438196994992,39890.69756260434,599
9701,5,03.9000,530.8453846153847,1469.2535897435898,1002.1320512820513,6265.859487179487,39
9702,5,03.9100,439.4109782608695,1495.6727173913046,729.9640217391304,5124.529565217392,92
9703,5,03.9101,343.42929824561406,1445.5155263157894,766.1079824561403,5157.892982456141,114
9704,5,03.9102,337.5294230769231,1806.6063076923078,1222.7423076923078,6201.1080769230775,260
9705,5,03.9200,168.57615384615386,1617.4646153846154,1785.9723076923076,7333.261025641025,39
9734,5,04.2x02,1461.5481395348836,1715.3146511627906,371.3067441860465,5339.425581395349,43
9736,5,04.2x04,1520.1820833333334,3471.7724999999996,683.6974999999999,6856.6875,24
9737,5,04.2x05,1276.2490082644629,3517.552314049587,1211.2595454545453,8355.63103305785,242
9750,5,04.4100,16512.528461538463,3059.646153846154,1336.0246153846153,24745.018846153846,26
9754,5,04.4300,340.58633333333336,1837.9019999999998,929.2573333333332,6688.741999999999,30
9755,5,04.4900,257.5343502824859,1772.2884745762713,1735.2143502824858,9088.94141242938,177
9762,5,04.4908,919.6869230769231,1516.5230769230768,1293.0315384615385,8598.951153846154,26
9764,5,04.4911,20.37608695652174,863.8695652173913,1590.2465217391305,11309.405217391304,23
9769,5,04.7407,1392.0251428571428,1335.9771428571428,1786.8894285714287,10216.546857142857,35
9770,5,04.7408,1217.4276315789473,896.4289473684212,1446.7607894736843,8531.836315789475,38
9778,5,04.8000,58.22851851851852,1723.5185185185185,2105.415925925926,7248.093333333333,27
9779,5,04.8100,57.45466257668712,2116.4305521472393,1198.734846625767,6575.241165644172,163
9780,5,04.8101,181.65770584538024,1434.9427906976744,1086.7121495914519,5867.077686989314,1591
9783,5,04.8104,76.212,1804.4256666666665,1144.1276666666668,5290.337666666667,30
9788,5,05.3100,141.6492,1988.1168,1338.7922,8650.218,50
9791,5,06.1100,229.9685714285714,3022.375714285714,474.1977142857143,4723.25,35
9792,5,06.1101,346.9462121212121,2552.9643939393936,927.4663636363637,5019.340151515152,132
9796,5,06.2x00,1362.5265853658536,2939.399837398374,1496.0352032520325,11564.485609756097,123
9798,5,06.2x02,1478.604858490566,3870.3517452830188,1614.8966509433963,14760.37566037736,212
9800,5,06.2x04,1427.4484210526316,4444.208684210526,1902.372894736842,15472.417631578946,38
9801,5,06.3100,5250.442727272728,2323.1731168831166,855.61512987013,12418.000714285716,154
9804,5,06.3900,1267.6242196531791,2986.290838150289,1535.7233815028903,11851.033670520232,346
9805,5,06.3901,1366.7656521739132,2889.8921739130437,1650.1978260869566,12588.861739130434,23
9811,5,06.4x00,1680.1122077922078,5200.791168831169,2186.4842857142858,17934.11038961039,77
9816,5,06.7x01,657.2638333333333,1689.8466666666668,1003.1945,6736.048,60
9826,5,07.2102,4078.069393939394,3948.8516666666665,2521.3742424242428,20136.861515151515,66
9827,5,07.2201,3748.6311764705883,3935.7767647058827,2481.984117647059,19018.74294117647,34
9841,5,08.0902,89.74000000000001,1086.1857142857143,513.7934285714285,2628.117142857143,35
9845,5,08.2000,102.8005,1191.0902857142858,258.03592857142854,2634.515047619048,420
9849,5,08.2100,115.63039603960397,815.8695049504951,247.93495049504952,2028.2768316831682,101
9850,5,08.2200,67.18903225806451,863.9709677419354,234.2741935483871,1900.8154838709677,31
9857,5,08.3300,156.11454545454546,951.3636363636364,275.7104545454545,4537.024545454545,22
9864,5,08.4203,67.44394736842105,890.4728947368421,243.37026315789473,2474.3747368421054,38
9866,5,08.4302,100.0364,1103.8,487.504,2756.0468,25
9868,5,08.4401,108.12987577639751,1170.1801863354037,341.41639751552793,3135.144596273292,161
9871,5,08.4902,138.955,990.667995049505,255.43195544554453,2550.620915841584,404
9880,5,08.8101,213.31172839506172,2217.9790123456787,1391.148148148148,5821.574197530865,81
9881,5,08.8102,603.5453333333332,7901.841,4249.041,21836.400666666665,30
9895,5,09.4100,227.88,1753.6782926829267,417.9480487804878,3099.4629268292683,41
9902,5,09.4404,1442.0808823529412,1013.385294117647,251.30911764705883,4133.777647058823,34
9903,5,09.4900,33.636237623762376,1480.2326732673268,575.7390099009901,3090.997326732673,101
9908,5,09.6x01,92.63121951219513,1332.039512195122,395.0607317073171,3309.635365853658,41
9913,5,09.8100,753.3858156028368,1188.5632978723404,759.526524822695,4991.387092198581,282
9914,5,09.8101,1389.1289855072464,769.2949275362319,564.1479710144928,6773.296521739131,69
9921,5,10.3101,95.76186813186813,1162.7963186813186,226.2526373626374,2508.5263186813186,182
9925,5,10.4903,162.546,1242.8624,353.9888,3346.6984,25
9927,5,10.6x00,105.47783333333334,1276.9208333333333,544.865,3209.0361666666668,60
9928,5,10.9100,37.96757575757576,1102.6515151515152,516.5657575757575,2569.5427272727275,33
9932,5,11.1x01,58.34260869565218,1134.085652173913,506.7269565217391,2559.2452173913043,23
9936,5,11.3201,165.94388950276243,1047.3967182320441,241.25995580110498,3428.4495138121547,905
9938,5,11.3203,2645.210206185567,742.5494845360826,290.82134020618554,5429.87556701031,97
9939,5,11.3900,141.74188976377954,962.2587401574804,241.1844094488189,2561.2971653543304,127
9940,5,11.3901,169.83948963317386,1130.278740031898,317.07580542264753,3475.3625837320574,627
9946,5,11.5100,477.76521739130436,1251.2565217391304,754.5460869565218,4718.809130434783,23
9950,5,11.6400,2360.9563636363637,1167.0227272727273,1077.864090909091,9534.92409090909,22
9952,5,11.7400,270.39206896551724,1042.4827586206898,338.95241379310346,19646.605862068966,29
9967,5,12.6400,605.1394117647059,1168.5509803921568,656.0970588235293,5146.001764705883,51
9981,5,13.3x00,1783.706603773585,760.9924528301887,244.45566037735847,5028.95,53
9982,5,13.4100,2123.0760633080695,1163.73344404815,290.48056843513154,6300.119331252787,8972
9983,5,13.4101,4754.413106060606,613.5767045454545,282.77484848484846,15474.431931818182,264
9985,5,13.5900,1240.5855869565216,1243.6747173913043,403.4382826086956,5041.4390652173915,460
9989,5,13.7000,1401.4991612903225,870.0974193548387,341.4297419354839,5226.9398709677425,155
9990,5,13.7100,1884.4521489061397,1243.1790931545518,361.5480769230769,6191.00472124206,2834
10007,5,14.6x02,4066.7722950819675,1005.7622950819672,460.7429508196721,9599.159016393442,61
10012,5,14.7401,9890.656618357487,830.4057971014493,910.9626570048308,18676.437198067633,207
10016,5,14.7903,33.76730125523012,877.1937656903766,386.7779707112971,2557.2529707112967,478
10020,5,15.1100,291.0735416666667,844.6041666666666,297.2160416666666,6289.501875000001,48
10023,5,15.3x01,393.494,880.62,297.7768,7387.625599999999,25
10029,5,16.2100,114.1021052631579,3301.645263157895,859.8382894736842,6757.809144736842,152
10031,5,16.3900,396.01466666666664,1678.5131111111111,1188.4602222222225,5761.753777777777,45
10035,5,16.4900,373.7134482758621,1771.9537931034483,1189.0327586206895,5968.792413793104,29
10042,5,16.9200,295.875,1366.0364285714284,402.2996428571428,4685.1167857142855,28
10048,5,17.1100,4015.5696124031006,1738.6127906976744,1140.3171317829458,10840.779379844962,129
10049,5,17.1200,4055.525034364261,1474.6694673539519,1107.438470790378,10382.299536082475,582
10050,5,17.1300,4197.76428125,1664.6964166666667,1198.0931979166667,10997.00965625,960
10051,5,17.2100,6918.546307692308,1673.4415384615384,1237.9669230769232,14960.228000000001,65
10052,5,17.2200,6417.603780487805,1525.520731707317,1331.8441463414633,14728.909146341464,82
10053,5,17.2300,6352.838928571428,1752.0964285714285,1416.7532142857142,14492.187857142857,28
10054,5,17.2400,5571.957090909091,1683.0403636363637,1372.5378181818182,13485.443818181819,55
10057,5,17.3300,13019.153119266055,8684.134403669725,7144.335963302752,43135.70798165137,109
10060,5,17.3500,14808.719090909091,7709.344545454546,7313.076818181818,42776.83045454545,22
10061,5,17.3600,11864.929452054794,7541.5575342465745,6449.62602739726,40919.95821917809,73
10065,5,17.912A,29.942615384615383,1004.0492307692307,445.4075384615385,5455.129230769231,65
10066,5,17.9200,34.309302884615384,1289.6413461538464,952.10375,5484.601586538461,416
10068,5,17.9400,44.08948275862069,1844.2336206896553,1233.5175862068966,6059.219137931035,116
10069,5,17.9500,128.080566749733,1480.4900932716268,1398.0987945888216,4880.80898754005,14045
10074,5,17.9700,336.7548922211809,1615.646626054358,1058.413411433927,5465.045895032802,1067
10086,5,17.972E,88.19380952380952,1376.8095238095239,434.37285714285713,3056.352380952381,21
10099,5,17.9833,621.3110638297873,1047.936170212766,1088.6636170212767,5732.651276595744,47
10106,5,18.0901,57.36870370370371,863.0685185185184,552.4811111111111,2494.0646296296295,54
10108,5,18.1100,89.50659999999999,1916.64764,1237.1486400000001,4586.94772,250
10110,5,18.2100,374.36719008264464,1171.8464462809918,757.027520661157,4366.081074380165,121
10111,5,18.2101,183.3539534883721,1120.1911627906977,357.9781395348837,3026.4711627906977,43
10112,5,18.2900,183.54538461538462,1368.9259171597635,541.3689940828402,3717.9757988165684,338
10113,5,18.2901,88.26166666666667,1074.6001515151515,238.5598484848485,2639.9674242424244,66
10126,5,19.4x00,453.1982926829269,1265.8797560975609,1083.631219512195,6559.9568292682925,41
10127,5,19.4x01,459.8066666666667,1350.4190476190477,1344.9514285714286,8546.98619047619,21
10130,5,20.0100,608.9083582089552,1172.0564179104476,505.8079104477612,4102.686865671642,67
10132,5,20.0901,448.48594594594596,947.4027027027028,571.1045945945946,3269.0810810810813,37
10133,5,20.0902,72.86093023255813,1234.362965116279,832.2003488372093,3216.1218604651162,172
10137,5,20.3901,82.6727027027027,1980.1027027027028,852.5005405405406,3830.2164864864867,37
10139,5,20.4901,929.3661904761906,1441.845238095238,2075.941904761905,10509.328095238094,21
10140,5,20.5100,208.09391304347827,1333.3246376811594,426.8059420289855,3249.239855072464,69
10142,5,21.0000,300.01126984126984,1148.1825396825398,526.555873015873,4102.675714285714,63
10143,5,21.0100,162.14859649122806,1251.7345614035087,716.9481286549708,3307.0640935672513,171
10144,5,21.0200,194.79827586206895,1437.1858620689654,1270.9458620689654,4310.249137931035,58
10145,5,21.0300,219.85698412698412,1416.936530612245,363.81868480725626,2902.955918367347,441
10146,5,21.0301,388.7284,1007.134,244.75480000000002,2330.6478666666667,75
10147,5,21.0302,283.4324409448819,1057.222283464567,523.3440157480316,2853.179527559055,127
10148,5,21.0400,185.06228571428574,1046.4546666666668,380.336380952381,3316.7383809523812,105
10149,5,21.0900,576.1604255319149,962.2872340425532,400.3855319148936,2850.6021276595748,47
10150,5,21.0904,201.89697368421054,933.5605263157895,725.9542105263157,3052.4305263157894,76
10151,5,21.0905,298.3338095238095,1030.9285714285713,436.9480952380952,2653.8938095238095,21
10154,5,21.2100,82.34804,2231.4094,1126.44312,4934.483200000001,250
10161,5,21.3102,619.0776635514019,1996.822523364486,1622.5796261682242,9086.270093457944,107
10163,5,21.3104,516.828905109489,1636.2088321167882,1170.371313868613,6597.586058394161,137
10166,5,21.3200,347.9371538461539,1619.610846153846,688.392076923077,4663.777076923077,130
10167,5,21.3201,118.1909090909091,1455.021212121212,392.44060606060606,4053.8160606060605,33
10169,5,21.5x00,568.9322262773723,1354.5145255474451,1009.7101824817519,6198.997554744526,274
10170,5,21.5x01,816.8651785714285,1411.5711160714286,1227.7063839285713,6909.075044642857,224
10176,5,21.6903,748.3917441860466,1405.854534883721,1192.5218604651163,6511.510465116279,86
10177,5,21.6904,867.5707692307693,1392.7,886.3201282051282,5729.94076923077,78
10178,5,21.7100,474.9597959183673,1312.7214693877552,1043.6343265306123,5016.193224489796,245
10179,5,21.7200,584.1027906976744,1619.828372093023,1249.686511627907,5674.060232558139,43
10180,5,21.8100,186.93869565217392,1757.4352173913044,1077.708695652174,4921.80652173913,23
10183,5,21.8400,771.6080216802168,1415.909810298103,1264.7644444444445,6808.383360433604,369
10192,5,22.0100,37.917857142857144,1419.3678571428572,900.1160714285714,3333.134642857143,28
10196,5,22.2x00,363.5071111111111,1389.8844444444444,1380.9495555555557,7514.916888888889,45
10197,5,22.2x01,534.4697966101695,1423.9743389830508,1378.8411186440678,8001.641457627118,295
10206,5,22.5002,846.5959872611465,1262.5267515923567,1366.0059872611464,8081.071146496814,157
10207,5,22.5102,1581.025,1405.867380952381,1079.535,9108.032857142858,42
10209,5,22.5300,792.8571636845593,1565.5354671968191,1370.5195891318754,8793.036235917827,1509
10210,5,22.5301,966.9694708994709,1714.9185714285713,1568.7219047619049,9719.389841269842,189
10212,5,22.6002,732.3787412587412,1582.3722027972028,1207.3818881118882,8295.671643356643,286
10215,5,22.6201,611.0218867924528,2030.7374528301884,1363.7243396226415,8739.185943396225,106
10223,5,23.1900,102.92978947368421,1838.3233684210527,1405.8056842105264,5575.681473684211,95
10251,5,25.1x01,344.29972972972973,1361.75,577.8608108108108,4177.268378378378,37
10252,5,25.1x04,803.7746666666667,1612.958,877.5686666666668,6099.760888888889,45
10263,5,26.2901,726.3187499999999,2033.2147115384614,1222.1492307692308,7477.416153846154,104
10265,5,26.2904,781.6049999999999,2161.572142857143,1377.327142857143,7795.0596428571425,28
10267,5,26.3100,690.0233333333332,1836.4595833333333,1033.15625,6764.64875,24
10274,5,26.3203,847.3921428571429,2155.4889285714285,929.1228571428571,7237.714642857143,28
10278,5,27.0x03,300.9724324324324,2454.562162162162,1673.0743243243244,6986.875675675676,37
10282,5,27.0x10,111.23509615384616,1327.4921153846153,1066.2059615384615,3941.0459615384616,104
10290,5,27.4300,175.76020408163265,2028.1991836734692,1129.7804081632655,5136.6693877551015,49
10291,5,27.4301,158.1228205128205,1206.6774358974358,324.63820512820513,2609.5210256410255,39
10294,5,27.4902,491.87814814814817,2021.487037037037,997.944074074074,6086.1440740740745,27
10297,5,27.4906,152.0490322580645,866.5651612903226,470.27870967741933,2609.8322580645163,31
10298,5,27.5100,355.97090909090906,2342.1925974025976,2069.775974025974,7366.041428571428,77
10307,5,27.6902,1223.7065957446807,1809.4574468085107,1295.563829787234,7987.04,47
10311,5,27.7901,512.2108695652174,1610.0182608695652,580.2782608695652,4388.829130434782,23
10313,5,27.9900,180.94961538461538,1440.2507692307693,470.1297008547009,3483.6782478632476,234
10317,5,28.0x00,66.96109489051095,1296.1453284671534,904.9638686131387,3220.0427737226278,137
10322,5,28.2x00,750.1038068181817,1375.8776988636364,1399.174090909091,6675.855340909091,352
10324,5,28.2x03,1927.4331100478469,1348.0643062200957,1275.3390909090908,7644.4548325358855,209
10325,5,28.2x04,974.3720754716982,1630.5103773584906,1319.6303773584907,6835.78716981132,53
10326,5,28.3x00,1087.945806451613,1199.885,824.1670967741935,6391.869032258064,62
10327,5,28.3x01,1003.8558333333333,1359.38725,982.9589166666667,7003.880999999999,120
10329,5,28.3x03,1812.3235294117646,1589.7497647058824,777.3108235294118,7503.370294117647,170
10332,5,28.5x03,1859.9394736842105,1360.0,1971.2715789473687,7617.655526315789,38
10333,5,28.6x00,1403.672391304348,1270.823188405797,847.5342028985507,6352.716811594203,138
10334,5,28.6x01,1629.3903448275862,964.3865517241379,591.4910344827587,5836.03,29
10335,5,28.6x02,618.5140449438202,1351.2712359550562,753.0906741573034,6497.061797752809,89
10339,5,28.9201,937.5693181818183,1570.8720454545453,981.8,5991.2188636363635,44
10341,5,29.1100,71.13145607701564,1905.227099879663,1082.1869314079422,4381.244693140794,831
10344,5,29.1202,178.06966666666668,3343.8799999999997,966.2466666666666,6220.612999999999,30
10345,5,29.1203,355.80261538461536,3526.9123076923074,897.7756923076922,6343.110923076923,65
10349,5,29.3900,599.362962962963,1916.5981481481483,1352.2566666666667,7397.4655555555555,27
10350,5,29.3901,334.24128,1658.84528,544.88152,4410.19408,125
10351,5,29.3905,810.0956,1495.6715,1004.2349,6520.7267,100
10352,5,29.3906,496.7514285714286,2092.35,1306.6157142857144,8533.227619047619,21
10354,5,29.3908,740.6341860465117,1947.3255813953488,731.1011627906977,6203.720697674418,43
10358,5,30.0900,797.8458173076923,1379.3367307692306,1006.3437019230769,6602.774567307692,208
10359,5,30.0901,456.26407407407413,1511.6225925925926,947.857037037037,6848.669074074074,54
10361,5,30.0903,611.5377272727272,1379.5756459330144,889.4221052631578,5817.64447368421,418
10362,5,30.0904,406.63242990654203,1987.8118691588784,877.8365420560747,7299.6370093457945,107
10363,5,30.0905,537.0656179775282,1557.0433988764044,960.5096488764045,6314.053834269663,712
10364,5,30.0906,421.36756,1513.78196,871.5348399999999,6586.2402,250
10366,5,30.0911,651.3068789808917,1440.9249044585986,1040.408025477707,6457.277834394905,157
10373,5,31.1x00,3402.6022727272725,16384.91527272727,21593.329636363633,74352.52618181818,110
10378,5,31.4200,85.9015776699029,1937.1977184466018,1108.293567961165,4291.845291262136,412
10379,5,31.4201,94.09743589743589,2131.5387912087913,1294.0603113553113,4881.775091575092,546
10380,5,31.4202,253.3842857142857,3435.3839285714284,2052.9474999999998,8043.819107142857,56
10396,5,31.9400,230.5346551724138,5349.525862068966,2754.236551724138,11030.35896551724,58
10404,5,32.2000,16870.43125,6398.088000000001,3970.3480000000004,39793.043,40
10405,5,32.2001,13788.208885017422,5929.07299651568,3526.725156794425,33680.186968641116,287
10406,5,32.2002,11990.933899999998,3203.22185,3045.0548,28107.34375,200
10407,5,32.2003,14983.404186046511,6534.212558139535,4574.856279069768,36658.30395348837,43
10417,5,32.3000,19057.23983606557,6053.913278688525,3860.137540983607,42103.364426229506,61
10418,5,32.3001,18708.44754010695,6625.973957219251,3549.587486631016,41750.28700534759,187
10421,5,32.4100,19950.774334365327,7300.817832817338,4484.868142414861,44941.33628482972,323
10424,5,32.4902,17361.0596,7949.8288,7110.7716,48215.1704,25
10427,5,32.6x00,16839.572727272727,7506.27,5480.661363636364,42603.10363636364,22
10431,5,33.2200,459.2920264317181,3450.3506387665198,2555.9894713656386,9735.951563876652,454
10434,5,33.2302,317.32272727272726,3252.090120320856,2421.749812834225,8490.619478609626,748
10435,5,33.2400,399.7108140703518,3398.7421608040204,2220.7473768844225,8403.692492462313,995
10436,5,33.2401,185.35703703703703,2405.9725925925927,1890.2912345679013,7095.795802469135,81
10438,5,33.2403,371.24445434298445,3589.9086154417228,2775.0576391982186,10150.387557535263,2694
10439,5,33.2404,186.97464788732395,3092.7042253521126,1643.4938028169013,6949.282535211268,71
10440,5,33.2405,324.185,3697.926470588235,2486.640980392157,8809.081764705881,102
10441,5,33.2600,1167.5559729272418,4987.2792047377325,2682.9237563451775,11859.789627749577,591
10442,5,33.2700,552.6235664335665,4216.539090909091,2887.811748251748,10924.435594405595,143
10459,5,33.9903,297.8125,2984.453125,2789.996875,9938.3025,32
10464,5,34.0400,618.7978378378378,4530.8135135135135,3211.8048648648646,11946.50918918919,37
10465,5,34.0401,538.6493649579189,3537.4068400918136,2937.927781178271,10894.842417750573,2614
10471,5,34.0906,12574.905833333332,6649.610416666666,5708.665416666667,36026.90708333333,24
10475,5,34.2100,13704.313125,6492.76,6783.849375,39979.130625,32
10478,5,34.2400,885.258,4998.695333333333,2294.2363333333333,11426.426333333333,30
10482,5,34.3x04,4659.083103448276,4970.401724137931,2704.816034482759,22231.78844827586,58
10485,5,34.4x01,319.9264166666666,1757.3184166666665,807.0105833333333,5680.650333333334,120
10495,5,34.7101,321.7026923076923,1651.6112820512822,1498.471923076923,5775.417307692308,78
10500,5,34.9100,472.3032530120482,4023.970542168675,3494.120060240964,11917.54748995984,498
10501,5,34.9101,460.42206931702344,3733.666462793068,3093.925739041794,10849.981314984709,981
10502,5,34.9102,387.554375,2164.296875,2734.205,7846.9715625,32
10503,5,34.9103,603.5881699346405,4028.361437908497,3000.983660130719,11130.676405228758,153
10519,5,36.0601,11176.381203883495,3716.5948543689324,3133.881417475728,27288.24108737864,515
10521,5,36.0700,9728.877484737484,3533.3519047619047,3255.739603174603,26224.63545177045,1638
10525,5,37.0x00,607.8432608695653,4477.808260869565,3386.475,12212.914347826088,46
10526,5,37.0x01,517.4592857142857,5456.284285714285,3369.909642857143,12729.509285714286,28
10531,5,37.3302,39332.8075,2307.521875,1299.9168750000001,47930.10875,32
10532,5,37.3401,41941.89617647059,3654.2902352941173,1431.8535294117648,53596.710647058826,170
10542,5,37.7800,15506.60909090909,5366.252121212121,3172.5760606060603,33407.32242424242,33
10543,5,37.8000,35161.36,3142.434,1657.9113333333332,44728.92288888889,45
10545,5,37.8101,26881.851612903225,4114.62935483871,2312.4925806451615,39488.01677419355,31
10548,5,37.8301,36732.00846153846,3950.6550295857987,2186.5376331360944,50774.33662721894,169
10575,5,38.5900,1123.894391304348,1863.697347826087,1221.9635652173913,8944.284130434782,230
10576,5,38.5901,671.9539880239521,1981.7979281437126,1138.8688742514971,7926.567520958084,835
10577,5,38.5902,531.3752941176471,2021.0872549019607,1551.5807843137254,8417.54862745098,51
10578,5,38.5903,470.2346666666666,1887.1483333333335,1128.3986666666667,7643.333,30
10592,5,38.7x04,21890.736384615386,5492.683538461539,7221.972153846154,46607.79592307692,130
10606,5,38.9100,2881.7119736842105,8063.88052631579,5493.862105263158,24298.897631578948,76
10608,5,38.9300,1002.3522727272727,3804.8054545454547,2779.9345454545455,11567.238636363636,22
10609,5,38.9301,962.638339307049,3297.1132974910397,4846.177945041816,12858.655567502989,837
10610,5,38.9302,620.0803282275712,3474.645557986871,4199.913008752736,12404.653862144422,914
10611,5,38.9303,1177.2287591240877,5674.122025547445,6368.2534489051095,20802.68753649635,548
10612,5,38.9304,1264.9255135135136,3959.556,5223.528351351351,16245.669702702702,370
10614,5,38.9501,3393.3085087719296,3060.5091228070173,2318.9865789473683,14465.037631578947,114
10615,5,38.9502,1454.2817465753426,4244.244623287671,3034.3608561643837,14884.057363013699,292
10616,5,38.9700,1485.5983251231528,4843.913251231527,5835.238029556651,19547.054532019705,203
10617,5,38.9800,1786.975875,5780.975125,5643.614625,19902.209,80
10618,5,38.9900,509.3605466237942,1914.9799678456593,2201.5559807073955,7219.156495176849,311
10620,5,39.2700,1022.3482012195122,3334.829664634146,2753.349557926829,12897.331295731707,656
10625,5,39.3100,837.6731764705883,1627.1229411764707,3268.129764705882,15568.362705882353,85
10632,5,39.3113,1239.1313636363636,1205.4295454545454,1997.7959090909092,10316.361363636364,22
10636,5,39.4200,1058.3466666666668,2773.313333333333,1350.3843333333332,11011.671333333334,30
10638,5,39.4902,8150.9686249999995,1968.77575,900.5512500000001,15512.67075,80
10639,5,39.5000,10751.745675675676,2715.828558558559,1874.888873873874,22186.235450450447,222
10654,5,39.5104,28267.3656,13217.1684,14197.0,85051.9304,25
10658,5,39.5900,5115.120000000001,1948.6000000000001,2398.283913043478,17527.66956521739,23
10664,5,39.7204,104069.6527586207,7535.513103448276,9568.060172413792,137610.82620689654,58
10665,5,39.7205,104896.11305555556,6273.8775,6700.268611111111,133703.92305555556,36
10675,5,39.7400,55890.424044117644,9839.290294117647,10475.030882352941,100419.1549264706,136
10676,5,39.7401,52942.688292682935,7331.661707317074,10595.692682926829,94506.68414634146,41
10687,5,39.7900,11707.211304347826,4649.461449275363,4565.887101449276,30666.04144927536,69
10689,5,39.7902,7031.082758620689,3485.6949425287357,4564.2963218390805,23522.325747126437,87
10690,5,39.7903,7836.492443820225,3726.580870786517,4761.386629213483,24830.97278089888,356
10691,5,39.7904,7793.480967741935,4927.178387096774,4664.06935483871,25082.835483870967,31
10699,5,39.9008,21967.26785714286,4082.554285714286,3357.4700000000003,45137.340000000004,28
10700,5,39.9009,63024.143461538464,4997.663461538462,4051.0546153846153,83303.06153846154,26
10706,5,39.9200,348.15621951219515,1785.6631707317074,1155.3462195121951,6209.595731707317,82
10707,5,39.9500,1330.036278538813,2759.863610159817,2449.386506849315,12050.660365296804,3504
10708,5,39.9501,395.50039215686274,1689.8803921568626,3322.3109803921566,11139.434117647059,51
10710,5,39.9600,3267.3250000000003,3330.857205882353,3154.691470588235,14398.920588235294,68
10711,5,39.9700,67.96288888888888,1691.142222222222,1923.3784444444443,8048.101555555556,45
10716,5,40.1100,718.8617142857142,3704.6125714285713,2048.9834285714287,10621.643714285714,35
10717,5,40.1101,509.55977777777775,3678.6845555555556,1511.6516666666666,8096.307333333334,90
10719,5,40.1103,622.4629629629629,3121.2418518518516,1323.9025925925928,7245.3048148148155,27
10724,5,40.2900,546.3333333333334,2892.7303333333334,1172.9705,7050.769333333333,60
10742,5,41.3100,160.14872549019609,3311.8443137254903,1174.4677450980394,7704.671078431372,102
10743,5,41.3800,143.94770700636943,3302.480907643312,1743.0548089171973,8312.441257961784,628
10747,5,41.5x00,6021.387371428572,8319.396685714286,8121.975371428571,37823.50914285714,175
10748,5,41.5x01,10964.815555555557,5886.604074074074,4061.9948148148146,32162.44222222222,27
10752,5,42.2300,111.79962264150943,1777.2386792452828,862.4681132075472,4164.324905660377,53
10753,5,42.2400,363.07683333333335,3207.563166666667,1491.3563333333334,6856.929166666667,60
10757,5,42.3301,1175.2927272727272,2024.890909090909,850.9118181818183,6275.962272727274,22
10760,5,42.3304,439.7751428571429,1666.5631428571428,682.9391428571429,4310.549714285714,35
10761,5,42.3305,4348.126862745098,3785.1750980392158,2117.3035294117644,16629.108823529412,51
10763,5,42.3307,2508.734297520661,3385.41867768595,3825.6354545454546,15277.417024793389,121
10769,5,42.4100,16745.443461538463,8443.815384615385,10676.16230769231,52585.332307692304,26
10770,5,42.4101,19561.8992,10809.7304,9993.296,59787.014800000004,25
10772,5,42.4103,18097.4752,10410.554,11177.4824,66206.8784,25
10776,5,42.4202,22155.708775510204,9873.744489795918,9921.77775510204,61473.05387755102,49
10782,5,42.8101,4144.799450549451,3065.98010989011,2612.16945054945,12777.535164835164,91
10785,5,42.9100,2147.7512676056335,2850.1059154929576,3517.0414084507042,12735.786197183099,71
10786,5,42.9200,1944.3875757575759,2972.2696969696967,2162.262121212121,10581.579696969697,33
10788,5,42.9202,580.6321212121212,1736.4872727272727,1039.9919696969698,5200.540757575757,66
10794,5,43.1900,1542.7434615384616,4482.425769230769,6109.6057692307695,20424.535,26
10795,5,43.4100,1061.0416101694916,2155.4790254237287,1539.087288135593,7915.375974576271,236
10796,5,43.4101,343.9063809523809,2009.2615873015873,842.7266984126983,5786.146349206349,315
10798,5,43.4105,396.79055115397864,1938.3385842232174,934.7745814674474,5882.205962797107,2903
10800,5,43.4107,4134.190361445783,3477.305060240964,2010.18843373494,15338.312771084336,83
10801,5,43.4108,866.7604,2114.8884444444448,686.7952888888889,5575.185822222223,225
10805,5,43.4203,11558.191923076924,6244.443076923077,5132.3099999999995,33880.80423076923,26
10813,5,43.7x00,13298.60157894737,8474.338421052631,8848.467017543859,47322.31789473684,57
10815,5,43.7x03,19360.115223880595,9933.061791044776,8911.207761194031,53521.944925373136,67
10823,5,43.9901,10254.32576923077,9271.40923076923,7318.358846153846,42603.99153846154,26
10825,5,43.9905,17923.437692307692,9470.910256410256,8255.81358974359,52556.11692307692,39
10826,5,44.1100,122.50365671641792,1729.1564179104478,1171.6099253731345,4581.285447761194,134
10828,5,44.1300,139.92251156642433,2364.216507766028,1492.2902486781231,5750.510061962988,12104
10829,5,44.1301,177.78625,2232.8229166666665,1275.7604166666667,5677.931666666666,24
10830,5,44.1400,210.63718749999998,3232.0686458333334,1711.5570312500001,7569.15703125,192
10831,5,44.1401,202.55698602794413,3013.7152095808383,1667.2838323353294,6959.6067465069855,1503
10834,5,44.1901,119.66017045454545,2646.9048295454545,1372.8282954545455,5881.920284090909,176
10840,5,44.4100,2081.9482481751825,5819.290802919708,8071.220218978102,25872.705766423358,137
10842,5,44.4102,2775.2867857142855,4768.6029761904765,6478.651488095238,22578.298749999998,168
10843,5,44.4200,2577.9446753246752,5940.665194805194,6945.336493506494,25329.78779220779,77
10846,5,44.4300,820.3548091603053,3741.757633587786,3829.7029007633587,13173.174351145039,131
10848,5,44.4302,940.0291666666667,3529.3461111111114,2927.6161111111114,11580.655,36
10864,5,44.6901,2062.840989010989,6154.393626373626,8282.90142857143,26256.427032967033,91
10865,5,44.6902,2346.3618181818183,5155.5616666666665,7035.826212121212,23716.895606060607,66
10874,5,45.1300,149.52449451184287,2577.563948584633,1345.450944540728,5899.7626920855,3462
10879,5,45.1600,274.5332905982906,3014.505868945869,1475.528618233618,6811.270341880342,702
10881,5,45.2300,177.5975300546448,2455.8094972677595,1295.5185683060108,5489.9993005464485,915
10882,5,45.2301,74.93656250000001,2164.846875,1322.66875,5204.9990625,32
10883,5,45.2302,151.76810268948657,2413.6047970660143,1222.4236430317849,5400.627877750611,2045
10885,5,45.2401,334.89907407407406,2389.6944444444443,1743.2614814814815,6195.530555555556,54
10886,5,45.2500,193.72554054054055,3234.0006756756757,1231.5160810810812,6481.215675675676,74
10887,5,45.2501,286.4942828685259,3495.081752988048,1435.4482470119522,7143.113924302788,502
10891,5,45.3001,685.1763888888888,1943.0,1057.1077777777778,5737.870277777778,36
10892,5,45.3002,350.8388888888889,2217.014814814815,892.6411111111112,5943.431851851852,27
10906,5,45.4100,5631.357272727273,5654.826363636364,8652.585909090909,29876.67772727273,22
10914,5,45.4200,569.8780356629278,1990.0384728213976,935.4889358642507,5833.809174575784,3477
10915,5,45.4201,560.7700476190477,1849.7388571428571,930.4757936507937,5464.251761904762,630
10916,5,45.4202,310.87709401709407,4497.541111111112,933.4117094017093,7862.823076923078,117
10917,5,45.4300,1041.328496758509,2196.7681442463536,779.6932739059968,6241.799825769855,2468
10918,5,45.4301,852.322512562814,2572.14472361809,707.4804522613066,6082.934522613065,199
10919,5,45.4302,651.3201768346596,2258.245791335102,790.6684969053935,5983.70201591512,1131
10924,5,45.4307,1138.281871657754,2376.9438502673797,975.0602139037434,7108.370962566845,187
10928,5,45.6201,6602.288255813954,6953.4736046511625,7365.7832558139535,33189.43453488372,86
10933,5,45.6206,7146.508596491228,6579.620175438596,8097.940175438597,33439.735438596486,57
10934,5,45.6207,5761.914482758621,5875.408275862069,7606.825862068966,31109.44482758621,29
10938,5,45.7300,9779.174794520548,8731.72602739726,8682.248493150684,41609.00054794521,73
10940,5,45.7302,8606.417428571429,8768.412142857143,8581.951142857142,40725.26,70
10947,5,45.7600,9342.774666666666,7102.259999999999,8311.580666666667,37296.132,30
10948,5,45.7601,6249.1080487804875,7505.3919512195125,9238.020487804879,36411.68390243903,41
10968,5,46.1000,2623.8351851851853,5253.705555555555,6452.2861111111115,23768.041666666668,54
10987,5,46.5100,5801.9061249999995,3901.074375,4450.8405,21836.837125,80
10989,5,46.5200,5238.842391304348,5071.728913043478,5855.896086956521,26265.22239130435,46
10996,5,46.7300,4738.596296296297,6526.687407407408,6864.310370370371,26994.50037037037,27
11012,5,46.7901,2239.1227368421055,5202.117684210526,6630.462105263158,23739.81463157895,95
11031,5,47.0100,1396.461692992533,2037.0194342331993,1981.559577828834,9337.37173750718,6964
11033,5,47.0901,893.6455255255256,2539.954774774775,2935.618288288288,10869.08918918919,333
11041,5,48.2300,92.87089285714286,1846.2410714285713,1197.9676785714287,5130.831785714286,56
11043,5,48.2400,279.49094594594595,3331.083783783784,1286.4393243243242,6533.491891891892,74
11044,5,48.2401,361.9598630136986,2546.622602739726,1546.190410958904,6986.638219178082,73
11047,5,48.3200,465.9190625,2102.3640625,1207.54984375,6316.15671875,64
11048,5,48.3201,421.23962962962963,2147.411111111111,1475.0396296296296,6805.085555555555,27
11049,5,48.3500,707.4477272727273,2211.35,587.9045454545455,4488.229545454546,22
11050,5,48.3501,2298.7816000000003,3139.5159999999996,4023.29,15103.6768,25
11051,5,48.3502,1109.5075609756097,3035.9158536585364,1558.8439024390243,9439.67731707317,41
11053,5,48.3508,750.6983435582822,2281.628957055215,855.5260736196319,6597.024018404908,326
11054,5,48.3509,4272.059189189189,3076.699054054054,1489.8983783783783,13203.106891891892,74
11055,5,48.3510,1175.6409523809523,2191.341360544218,858.8114965986395,7030.742494331065,441
11056,5,48.3600,455.11324159021405,2433.9969418960245,1076.1436085626913,6427.9712232415895,327
11057,5,48.3601,470.9688888888889,1703.7976851851852,939.7912037037037,5478.056296296296,216
11058,5,48.3602,421.9960194174758,1970.2543203883495,811.528640776699,5353.196699029127,206
11059,5,48.3603,311.3059758551308,1808.9466599597586,859.0349496981892,5593.751971830986,497
11061,5,48.4102,1443.1088073394496,1136.3371100917432,1744.967752293578,8277.72256880734,218
11064,5,48.4105,2154.6457142857143,1867.127619047619,2049.632857142857,10005.78238095238,21
11068,5,48.5100,9020.979111111112,7645.697777777778,5991.372444444444,36900.46288888889,45
11075,5,48.6302,12869.224274809161,9355.819618320611,7171.268320610688,44472.68541984733,131
11078,5,48.6900,11987.906431924881,7311.060845070422,7520.330938967136,40976.888591549294,213
11084,5,48.6910,12268.734230769229,5997.753846153846,4666.545769230769,34285.18846153846,26
11089,5,48.7600,1203.1196,2242.1997,985.1612,10335.5417,100
11092,5,48.7603,2615.7913636363633,2095.485909090909,1386.6831818181818,11286.148181818182,22
11100,5,48.9900,292.9031944444444,1984.0704166666667,1430.9144444444444,7038.2252777777785,72
11101,5,49.0100,359.06906493506494,1416.6349740259739,1399.1194155844155,6120.061376623376,770
11106,5,49.0400,342.7405021834061,1273.9527729257643,1741.3707751091704,6742.868056768559,916
11107,5,49.0401,273.1051492537314,1634.6452238805969,1781.0598507462685,7332.699850746269,134
11109,5,49.1100,337.29241379310344,1276.483448275862,1079.9275862068966,5400.202413793103,29
11110,5,49.1200,370.6740371229699,1327.8154988399071,1346.3104176334107,6398.697726218098,431
11115,5,49.3900,434.9609375,1854.354375,1776.1596875,8228.4546875,32
11116,5,49.3901,576.5140972222222,1121.7458333333334,1035.2127777777778,5929.688194444444,144
11121,5,49.3906,1011.2446511627907,1272.1072093023254,998.0719379844961,6273.446201550387,129
11124,5,49.4200,509.7441884816754,1562.878795811518,964.7907853403142,6120.783350785341,191
11125,5,49.4500,1010.8021008984105,1278.754803040774,1410.3222805805115,6910.404333102972,2894
11127,5,49.4600,784.7227911392405,1203.5357436708862,1172.2388765822784,6415.065452531645,3160
11128,5,49.4601,1494.205932642487,1142.1922279792745,1514.9506476683937,9156.390233160622,386
11130,5,49.4701,442.21333333333337,1323.8424242424244,1123.3484848484848,5314.858787878788,33
11131,5,49.4900,2012.4809285714286,1264.2683333333332,1495.6806785714286,8586.978726190477,840
11132,5,49.4901,2324.7691335740074,1454.1531227436822,1707.5529783393501,9044.765397111914,554
11133,5,49.4902,1238.3313333333333,2072.133333333333,891.2118518518517,9477.248444444445,135
11134,5,49.4903,1325.2532876712328,1713.0351598173515,1598.9436529680363,9443.23602739726,219
11139,5,49.5903,274.25296296296295,1216.9251851851852,1358.0611111111111,6861.795185185185,27
11142,5,49.7300,316.57004926108374,1396.0848275862068,1401.4762068965517,6653.705960591134,203
11143,5,49.7301,317.8674193548387,1334.041935483871,1254.7908387096772,6422.553064516129,310
11144,5,49.7302,614.9494871794872,1234.4923076923076,1756.7471794871794,6916.226025641025,78
11146,5,49.7903,799.7418181818182,1031.7893939393941,917.7169696969697,6148.906969696969,33
11150,5,49.9400,188.4594642857143,1190.0401785714287,2498.2289285714287,7495.278571428571,112
11151,5,49.9500,545.0355555555556,1107.4407407407407,1116.3414814814814,5919.480740740742,27
11155,5,50.0x03,1668.1282653061226,2699.4373469387756,1664.8310204081633,11157.084183673469,98
11157,5,50.1100,1356.8213913043478,4718.049739130434,3064.9549565217394,12177.462695652173,115
11160,5,50.2200,7144.047941176471,7914.099705882353,7592.671176470589,36379.735,34
11164,5,50.2205,9406.220344827587,6577.489655172414,5573.280344827586,35289.49379310345,29
11174,5,50.2909,8187.309047619047,6080.448571428571,3435.0152380952377,27036.358571428573,21
11175,5,50.3x00,7085.561428571429,7161.778571428572,10835.148571428572,43828.32428571429,21
11177,5,50.3x02,8240.960833333333,8774.845833333333,9034.822777777777,44956.160833333335,36
11178,5,50.3x03,5043.2528125,6653.425,7124.4103125,33315.328125,32
11181,5,50.3x06,15287.16,8288.666666666666,6444.0,45844.33142857143,21
11186,5,50.9102,1797.2215384615383,6858.668461538462,6472.737692307693,20608.07830769231,65
11200,5,51.1000,7689.945531914894,6431.952340425532,5647.744680851064,28876.718936170215,47
11203,5,51.1102,334.53852941176467,1384.135294117647,627.9108823529413,3553.681764705882,34
11206,5,51.2200,2051.9346280991736,4020.052644628099,4662.476776859505,17910.262479338842,121
11208,5,51.2300,1631.0547376311845,2252.633066904048,1849.6781146926537,10305.002488755623,10672
11218,5,51.4100,2670.9193,4403.7558,6274.9839,22614.1297,100
11221,5,51.4903,2137.350476190476,4830.630833333334,5518.378095238096,21479.98773809524,84
11224,5,51.5900,3900.095652173913,5444.156521739131,7544.557391304348,23303.79,23
11243,5,51.8500,8601.098139534883,4857.681860465116,4336.5595348837205,26620.78953488372,43
11249,5,51.8800,9695.1271875,4844.272916666667,5176.276354166667,26696.476874999997,96
11250,5,51.8801,2215.2038095238095,3769.1671428571426,4395.552380952381,16985.355714285713,21
11251,5,51.8802,5667.974642857143,3953.471785714286,3585.8224999999998,19375.221785714286,28
11252,5,51.8803,3366.413827586207,4195.424206896551,4870.831896551724,21119.58175862069,290
11254,5,51.8805,3302.515922330097,4987.967961165049,4543.793932038835,22213.06145631068,206
11260,5,51.9601,1142.0180555555555,1991.0666666666666,1259.2641666666668,7102.320277777778,36
11261,5,51.9800,3492.785,4873.729081632653,3647.23112244898,15599.502244897958,98
11265,5,51.9809,87.96612903225807,1287.3493548387098,601.0751612903225,2648.734193548387,31
11291,5,52.7x00,14493.108604651165,14385.629069767443,16124.905581395347,70108.08953488372,43
11296,5,53.0000,1398.6940425531914,1333.186170212766,1303.6976595744682,7568.126382978723,47
11297,5,53.0001,1795.342314814815,1920.9318055555557,1367.9332407407408,8574.478194444444,216
11298,5,53.0002,2504.6344,1345.98896,926.9676800000001,8372.3732,125
11302,5,53.0201,1910.6446534653467,1621.3824257425742,1122.6857920792079,7990.220841584159,202
11303,5,53.0202,535.6566197183099,1084.837605633803,589.6963849765258,4949.7839436619715,213
11304,5,53.0203,2445.7798245614035,1350.2733333333333,685.8664912280701,8014.648070175439,57
11305,5,53.0204,828.2601754385964,905.1095087719298,420.2475438596491,5058.874666666667,285
11306,5,53.0301,2215.416590909091,1702.3568181818182,706.2363636363636,7959.507500000001,44
11307,5,53.0302,1964.9483248730965,1559.4668020304568,879.9230456852791,7563.128020304568,197
11309,5,53.0401,2149.457128482972,1530.6126083591332,899.6462074303405,7687.908537151703,1292
11311,5,53.0501,2122.4520820189277,1605.5673028391168,1056.7384700315456,8020.529274447949,634
11312,5,53.1000,4493.7414285714285,1821.0021428571429,1479.7689285714284,12490.16392857143,28
11314,5,53.1200,1047.0706382978724,890.2159574468085,426.99882978723406,5935.756808510639,94
11315,5,53.1201,2740.6438095238095,1339.7480952380952,915.7033333333334,9132.109047619047,21
11316,5,53.1202,1069.5755172413794,940.3731034482759,546.03,5746.7903448275865,29
11317,5,53.1203,2823.015161290323,1100.2293548387097,765.8170967741936,8787.928064516129,31
11319,5,53.1401,3652.513396226415,1540.4128301886794,835.3428301886792,10289.000188679245,53
11321,5,53.1501,3931.136752136752,1761.1336752136754,1304.405982905983,11265.505982905983,117
11324,5,53.1701,3973.644859813084,1867.1828971962618,1254.4076635514018,11658.533831775701,107
11325,5,53.2100,3894.261875,1860.234375,1153.729375,10960.165,32
11326,5,53.2101,2025.631129032258,2179.8507258064515,1313.491935483871,9267.129032258064,124
11328,5,53.2901,977.9833082706767,2382.372781954887,1843.0417293233081,9231.731203007519,133
11340,5,53.6101,4358.843888888889,1947.0163888888887,1571.8894444444443,12169.6725,36
11342,5,53.6302,4559.965238095238,1605.390476190476,860.6904761904761,10908.253809523809,21
11353,5,53.9x00,4324.5724,3775.1284,3291.0308,18372.6732,25
11355,5,53.9x03,2066.4521739130437,3468.4434782608696,4145.886956521739,16226.510434782609,23
11356,5,54.0x00,618.8165822784811,2124.8237974683543,2308.728924050633,7954.383481012659,158
11361,5,54.1100,2968.758085106383,5074.015212765958,6732.790531914894,24560.79329787234,94
11362,5,54.1101,4452.691304347826,5792.365434782609,8729.672826086957,29959.05804347826,46
11364,5,54.1900,1232.4876190476189,5427.6238095238095,6741.046666666667,22364.285714285714,21
11370,5,54.2100,1781.4817037037037,3112.154518518518,3345.815111111111,15035.51074074074,135
11381,5,54.3x00,310.6896551724138,1754.6006896551723,1329.3444827586206,7095.184827586207,29
11382,5,54.3x01,520.4376923076924,1673.5548076923078,594.4235576923077,5027.632307692308,104
11384,5,54.3x03,272.55695652173915,2034.6904347826087,1096.4534782608696,5572.004782608696,23
11390,5,54.4x00,3758.792537313433,3660.36776119403,2519.96,16633.924179104477,67
11400,5,54.5100,1524.4974074074073,1795.907037037037,1428.3654814814815,9791.34237037037,135
11401,5,54.5101,2224.133604651163,3211.042209302326,2966.156860465116,14762.01593023256,86
11405,5,54.5903,2264.0903496503497,4996.633846153846,6504.94958041958,23225.776433566432,143
11406,5,54.5904,592.6896296296296,1178.885185185185,1184.6581481481483,7451.321111111111,27
11415,5,54.9101,565.5806362378976,3453.9567496542186,3836.5021300138314,11396.117289073305,723
11419,5,54.9105,329.0402040816326,3598.2897448979593,3148.9946173469384,10643.02012755102,392
11426,5,54.9800,523.760294117647,2291.358333333333,2804.529705882353,7960.527254901961,102
11427,5,54.9900,1849.1297222222222,2970.144444444444,1659.6508333333334,12890.087500000001,36
11435,5,55.0106,1532.9751171875,2742.72173828125,1626.90482421875,11734.28345703125,512
11439,5,55.0300,4087.8061403508773,3126.6973684210525,3285.697543859649,16451.598070175438,57
11442,5,55.0400,4137.866571428571,4075.040714285714,2959.1730000000002,19796.757,70
11443,5,55.0401,4150.1194,3890.3035999999997,3947.0806,19404.9554,50
11444,5,55.0402,4401.939166666667,3087.5684226190474,3139.333660714286,18073.657857142858,336
11446,5,55.0404,4399.545295109612,3084.6554806070826,3155.706728499157,18048.719881956156,593
11457,5,55.2300,947.5865,3971.6458333333335,1849.7115000000001,9181.9745,60
11458,5,55.2301,667.7307692307693,3938.932307692308,1993.6376923076923,9237.14076923077,26
11467,5,55.4x03,4510.472727272727,4493.256818181818,3049.483863636364,21979.159545454546,44
11470,5,55.5101,2949.8582,5536.7856,4689.6946,23488.9188,50
11471,5,55.5103,4390.61247706422,4376.756972477065,2966.764495412844,21017.543853211006,109
11472,5,55.5104,6353.265384615384,7644.361538461539,4836.588461538462,32554.655769230772,26
11484,5,55.9201,2779.9303333333332,3754.1966666666663,3429.7543333333333,15351.020666666667,30
11488,5,55.9206,671.0073529411765,2710.2582352941176,628.7061764705882,5202.101470588235,34
11492,5,56.0x00,3509.7808498667455,2230.0339976310333,1792.6278708913237,11896.804663902873,3377
11493,5,56.0x02,4345.925803571428,1742.7135714285716,1439.1399107142859,11018.418839285714,112
11494,5,56.0x03,3945.8624174174174,1970.9713963963964,1703.2627927927929,12077.023183183184,666
11495,5,56.0x04,1943.3951612903227,2178.267741935484,1940.560806451613,9897.448387096774,62
11497,5,56.0x06,3650.6306273764258,1901.2085171102663,1754.3305893536121,12246.79827946768,1052
11498,5,56.0x07,2132.122875,2298.033125,1802.5859583333333,9732.214666666667,240
11502,5,56.2x01,2622.25275,3074.393,3854.53475,15903.662,40
11504,5,56.2x04,2461.31578313253,2946.2981927710844,2785.1662650602407,16475.057710843375,83
11506,5,56.3100,1341.7748444444446,2231.174266666667,1707.5557777777776,8013.228311111111,225
11509,5,56.4100,2560.7635999999998,2857.228,2986.006,12555.3652,25
11523,5,57.0x00,893.2856745182014,2298.969443254818,1816.1507708779443,9015.594175588865,467
11527,5,57.0x06,885.6090322580645,2103.338064516129,1596.2670967741935,8049.191612903225,93
11531,5,57.1700,1251.544827586207,2398.9834482758624,1851.3344827586207,8573.089655172414,29
11532,5,57.1701,772.1767857142858,2548.226785714286,2157.3757142857144,8664.419285714286,28
11535,5,57.1902,728.4475,2298.09375,2651.3615625,10403.0978125,32
11541,5,57.3200,285.8135638297872,2114.405824468085,1111.1345212765957,4991.920558510638,376
11542,5,57.3300,642.1627272727272,3204.6900000000005,1597.763181818182,8124.226818181818,22
11544,5,57.4900,2164.080245398773,3534.650337423313,2669.4772699386504,13858.823466257669,326
11545,5,57.4901,2018.8563157894737,3368.6445614035088,2300.4145614035087,12571.208596491228,57
11546,5,57.4902,1310.3048780487804,2970.6434146341467,2884.971219512195,14091.327317073172,41
11547,5,57.4903,1289.0454545454545,2507.3522727272725,1784.7963636363636,9783.782727272728,22
11560,5,57.7103,10369.832857142857,8510.555714285714,8068.884761904763,45886.42619047619,21
11569,5,57.9400,385.916353221957,4095.823050119331,3407.7269785202866,11801.831651551312,2095
11570,5,57.9500,324.71000000000004,3241.9089743589743,2689.662564102564,9705.776923076923,78
11582,5,58.3901,364.8298601398601,1831.1655244755245,1057.353986013986,6039.437622377622,143
11586,5,58.3906,366.3936904761905,1836.484404761905,1054.335238095238,5892.330714285715,84
11595,5,58.5x00,656.2779166666667,2106.6366666666668,1265.5820833333335,6387.981666666667,24
11597,5,58.6x00,582.0484313725491,1831.6526470588235,1134.2408823529413,5479.112156862746,102
11613,5,59.7900,1519.0271428571427,1695.6,1073.202380952381,8996.899047619048,21
11615,5,59.7903,3062.476521739131,1901.4043478260871,1220.7821739130436,10837.566086956522,23
11617,5,59.8x00,2220.7439705882352,2697.2775,1843.854411764706,9953.824705882353,136
11618,5,59.8x01,2329.9641176470586,2590.3705882352942,1253.6908823529411,9460.883529411763,34
11619,5,59.8x03,1947.461190320471,2436.3909810333553,1445.3186527141925,8236.828502289078,1529
11629,5,59.9900,84.25083333333333,644.7265625,255.5110416666667,1772.6782986111111,288
11630,5,59.9901,2142.6708633093526,1677.84345323741,1021.3971942446043,7250.338848920863,139
11632,5,60.0x00,673.7322727272727,2210.745454545455,2610.7981818181815,12978.268181818183,22
11633,5,60.1100,966.3276315789474,4449.599157894737,1978.9865263157894,9718.751789473685,190
11634,5,60.1101,754.6002469135802,3881.146913580247,2283.3834567901235,9479.681111111111,81
11637,5,60.2100,2089.4249494949495,4046.219696969697,2547.241717171717,15449.761616161615,99
11638,5,60.2900,2338.3753257142857,2963.7447428571427,2782.348285714286,13817.455211428573,875
11639,5,60.2901,2185.5513566433565,3229.8195664335667,2769.710867132867,14312.275272727273,715
11640,5,60.2902,1931.4124098124098,2873.792510822511,2829.942222222222,13610.465137085137,693
11645,5,60.5x02,6097.971666666666,6844.428666666666,6044.3910000000005,31979.445,30
11659,5,61.2x00,485.0619512195122,1435.5926829268294,582.590243902439,4891.6463414634145,41
11660,5,61.2x01,513.9721739130435,1525.6065217391304,666.9865217391304,5228.61347826087,23
11661,5,61.2x02,526.2773469387755,1813.5504081632653,901.7297959183674,5769.930408163265,49
11664,5,61.3x03,286.8880952380952,1455.6190476190477,697.7271428571429,4084.927142857143,21
11668,5,61.4901,538.759375,941.6809375,406.34171875,4439.4153125,64
11671,5,61.4904,469.68321428571426,1635.4036904761906,879.1711904761905,5638.774583333334,168
11672,5,61.4905,1131.178484848485,1017.9212121212122,414.52121212121216,5507.93393939394,33
11679,5,62.3x00,510.88195652173914,2241.94,1369.268043478261,6664.65695652174,46
11680,5,62.3x01,528.9862857142857,2819.594,1854.4457142857143,8673.171428571428,35
11685,5,62.5x00,516.4546031746032,1007.0790476190476,575.901111111111,5141.748412698413,63
11690,5,63.1x00,592.3588000000001,1328.6184,818.18,5704.7852,75
11691,5,63.1x01,326.7522222222222,1132.1134722222223,599.7940277777777,4365.83625,72
11692,5,63.1x02,473.2680555555556,1511.67125,699.3187499999999,5285.128472222223,72
11693,5,63.1x03,1157.4541558441558,1285.9406493506494,1109.8909090909092,6896.919870129869,77
11695,5,63.2x00,427.1132,1454.318,668.8052,4583.9336,25
11700,5,63.4x00,514.0240350877193,2421.8915789473685,1642.1768421052632,7496.790000000001,57
11701,5,63.5201,448.55709677419355,1269.2745161290322,965.3729032258065,5482.173225806451,31
11707,5,64.0x00,606.4992000000001,634.7839666666666,246.78823333333332,2164.9552666666664,300
11709,5,64.2x00,259.42185185185184,1541.0907407407406,1022.9625925925925,4512.314074074074,27
11710,5,64.2x01,272.7485294117647,1568.4035294117648,861.6820588235295,4230.493529411765,34
11711,5,64.3x01,964.7479310344827,3289.986896551724,2192.3324137931036,11429.453103448277,29
11727,5,65.0105,1440.1004545454546,2437.856818181818,1624.8363636363638,11120.44090909091,22
11735,5,65.2300,819.4803333333333,1922.4966666666667,1169.1346666666666,7790.655,30
11737,5,65.2500,965.9121739130435,1300.8347826086956,1319.6039130434783,7832.914782608696,23
11738,5,65.2501,1310.3607802690583,2166.807614349776,1317.2610493273544,9871.54130044843,1115
11740,5,65.2503,1241.3344827586207,1519.753448275862,1136.6372413793104,8181.746551724138,29
11744,5,65.2901,898.4484375,2458.40328125,1585.73703125,9744.80375,64
11748,5,65.3100,1220.9488372093024,2833.4220930232555,1509.7044186046512,11123.645581395349,43
11750,5,65.4100,1290.4187499999998,3014.0274596774198,1501.5494758064517,11076.112016129031,248
11751,5,65.4900,1073.4634615384616,3932.696346153846,2125.0396153846154,12573.300961538462,52
11754,5,65.6100,1050.0760344827586,3981.3381034482763,2352.2810344827585,13830.296379310344,58
11756,5,65.6300,1408.8127184466018,3154.093786407767,1473.5907281553398,11941.029174757283,206
11763,5,65.7900,908.0957142857143,1381.9708571428573,1166.4277142857143,7637.145428571429,35
11767,5,65.8102,909.7953571428571,1307.4432142857145,957.6460714285714,8374.795714285714,28
11772,5,66.0100,1131.3685714285716,2050.2414285714285,1484.9,9900.926666666666,21
11775,5,66.0103,1037.016192893401,1267.4894923857867,1143.607005076142,8135.046345177666,197
11778,5,66.0202,919.0159649122808,1535.4187719298245,1263.1887719298245,9588.335263157895,57
11779,5,66.0203,1003.0715789473685,1530.9612280701754,1165.2080701754387,8223.068245614035,57
11792,5,66.4x00,942.0534210526315,1968.8736842105263,1385.5105263157895,8900.88394736842,38
11794,5,66.4x02,1142.778801775148,1567.9700591715975,1166.8520857988167,8311.886597633136,676
11796,5,66.5102,1387.0057651245552,2568.7195729537366,1760.5097864768684,11723.875836298932,281
11797,5,66.6100,819.3141463414634,1887.191219512195,1178.3439024390243,8412.393902439026,41
11801,5,66.6104,1107.8587272727273,1633.5458181818183,1258.1799999999998,8429.003636363637,55
11802,5,66.6200,1055.3786285714286,1458.0176571428572,1165.3902857142857,8073.429657142857,175
11803,5,66.6201,1025.3731008902078,1553.1799406528191,1067.2278635014836,8019.710237388725,674
11807,5,66.6902,770.0692307692308,1581.1884615384615,1197.1446153846152,7930.785,26
11813,5,66.7905,490.22333333333336,1710.3074074074075,963.0,9388.522962962963,27
11822,5,67.0x00,242.44676470588232,1396.3141176470588,794.5135294117647,4525.97794117647,34
11825,5,67.1200,156.47365217391305,2424.6235652173914,633.1479565217392,4595.5707826086955,230
11827,5,67.1901,66.81695652173913,1732.3130434782609,1066.4447826086957,4550.655652173913,23
11828,5,67.2x00,322.8897575757576,1571.5780606060607,592.0480808080808,4706.2503636363635,495
11830,5,67.3200,64.55272727272727,885.760606060606,368.0427272727273,2557.1439393939395,33
11831,5,67.3201,106.73064829821718,1236.395056726094,435.8425931928687,3215.974829821718,617
11832,5,67.3202,158.1709871244635,1296.038626609442,426.20939914163085,3413.4350214592273,233
11833,5,67.3203,444.2988950276243,1539.780497237569,565.1827071823204,5347.074198895028,181
11836,5,67.3302,377.13783333333333,1606.23,690.9011666666667,4825.018,60
11837,5,67.3900,141.14548387096775,1724.7193548387097,456.70016129032257,3997.0996774193545,62
11838,5,67.3902,344.46036697247706,1698.4998165137615,548.8973394495413,4933.299495412844,218
11840,5,67.3904,120.28706467661692,1422.4324378109452,353.756368159204,3010.7441791044776,201
11851,5,67.6100,214.84671641791044,1441.4151492537314,798.9491791044776,5220.878507462687,134
11856,5,68.1100,72.34653846153846,1021.7003846153846,331.1238461538461,2435.805384615385,26
11857,5,68.1200,287.260337995338,1481.2901282051282,557.9082983682983,4382.093228438229,858
11861,5,68.1602,354.3914705882353,1251.4882352941177,496.07823529411763,3850.365588235294,34
11865,5,68.2101,506.3792993630573,1151.8569426751592,601.4419957537154,4638.573375796179,471
11870,5,68.2302,489.2980107526881,1595.3110215053762,658.0976344086022,5967.104623655914,186
11872,5,68.2500,4989.736896551724,1992.1212068965517,1886.4636206896553,16475.443448275862,58
11874,5,68.2900,684.0680555555556,1539.9,1058.9852777777778,6652.354444444445,36
11875,5,68.2901,916.3170100502513,2228.049447236181,1652.0966834170854,10008.848266331657,398
11877,5,68.2903,443.86228571428575,1595.1011428571428,725.3448571428571,5570.9685714285715,35
11880,5,68.2906,897.199090909091,2697.8575,1696.153409090909,10832.906818181818,44
11884,5,68.2912,1529.7464869888477,2282.254033457249,1667.0375278810411,11831.25403345725,538
11885,5,68.2913,604.1530021598272,1585.7390928725702,665.2044924406048,6196.5118574514045,463
11886,5,68.2915,466.9662485345838,1656.9751758499413,609.2435932004689,5727.047549824149,1706
11887,5,68.2917,529.9019407894737,1779.8913486842105,641.2216447368421,6157.864375,304
11891,5,68.3102,1516.096590909091,2712.9057954545456,1961.9304545454545,13323.484090909093,88
11893,5,68.3901,903.618064516129,2325.39311827957,1792.1211827956988,11424.692473118279,93
11897,5,68.4100,1941.3845522898155,3362.5182570061515,1897.4484073820915,15534.627334244702,1463
11898,5,68.4101,3196.049523809524,3567.887142857143,2301.737619047619,16905.954761904763,21
11899,5,68.4102,2446.4339215686277,4736.33,2406.9663725490195,19066.67558823529,102
11901,5,68.4900,327.0203125,1194.3062499999999,776.2271875,7031.3553125,32
11902,5,68.4901,1133.1514145383103,3543.17,2172.7915717092337,13724.368172888016,509
11903,5,68.4902,1324.5252173913045,4494.143478260869,2328.7128260869567,16533.920217391304,46
11907,5,68.5100,1420.3535915492957,3187.67852112676,1725.0355633802817,14977.530915492958,142
11909,5,68.5102,1008.1905555555555,2491.0962962962967,1886.2435185185184,13313.681296296298,54
11910,5,68.5900,921.9903773584905,2748.1481132075473,1725.8788679245283,11857.201132075472,53
11911,5,68.5901,820.4357946210268,2685.460073349633,1571.5128850855747,10600.026356968216,409
11912,5,68.6100,3200.305125,6166.3555,3703.6232499999996,25435.870625,80
11914,5,68.6900,2423.449019607843,6319.768823529412,3988.686078431372,24700.15274509804,51
11919,5,69.0100,120.10114457831325,780.8966867469879,503.1346987951807,2494.6472289156627,498
11920,5,69.0101,72.01643874643875,825.912678062678,433.6337891737891,2386.7282905982906,351
11921,5,69.0200,95.29653875671528,862.2153722179585,438.2089792785879,2485.307782041443,1303
11922,5,69.0201,62.178377088305496,804.7599582338902,426.33286992840095,2357.1109904534605,1676
11923,5,69.0202,122.86444852941176,1008.9621323529412,594.0766911764705,3568.153198529412,272
11925,5,69.0901,85.8107659574468,1520.702920212766,504.16122872340424,3293.9175159574465,1880
11926,5,69.0902,276.4545441595441,1693.705170940171,646.4655128205128,4606.308376068376,702
11937,5,69.2212,3394.1392307692304,2033.4540384615384,1363.6801923076923,13032.79923076923,52
11938,5,69.4900,609.2095833333334,761.0500000000001,929.4158333333334,5815.483749999999,48
11940,5,69.5100,115.75172413793103,953.1137931034483,347.5086206896552,2319.6920689655176,29
11941,5,69.5101,144.28964879852126,623.5305730129389,388.38985212569315,2133.935545286506,541
11942,5,69.5102,35.58840142095915,629.0095914742452,310.40554174067495,1931.225328596803,563
11943,5,69.5103,320.55132743362833,898.6819026548671,618.0234070796461,3853.662212389381,226
11944,5,69.5200,84.16941176470587,946.035294117647,592.09,2919.4808823529415,34
11945,5,69.5201,257.5757692307692,775.8203846153846,495.2384615384616,3083.5299999999997,26
11946,5,69.5202,138.10300675675674,852.4410135135136,399.75287162162164,2511.0704054054054,296
11948,5,69.5901,114.58389380530973,1108.1799115044248,515.3086725663717,2883.1145132743363,226
11950,5,69.9100,127.31397058823529,2614.0911764705884,1218.0942647058823,5719.596029411764,68
11955,5,70.0x00,64.0122,1506.50055,602.5488,3103.8711,200
11964,5,70.2100,85.86973684210527,1885.671052631579,820.3815789473684,3921.1334210526315,38
11969,5,70.3301,259.05375,1456.1355555555556,597.3641666666667,4162.877638888889,72
11978,5,70.5001,566.2299494949494,2153.1008080808083,1248.1541414141413,7974.717424242424,198
11979,5,70.5101,613.2910416666667,2137.1733333333336,948.3085416666667,7427.399791666667,48
11981,5,70.5201,456.057619047619,1652.7690476190478,1019.6280952380952,6793.272857142858,21
11987,5,70.7100,179.0432068965517,1279.6025172413792,640.6441379310345,4540.75224137931,290
12003,5,71.0900,146.14347826086956,1025.8785507246375,769.7665217391304,3486.0739130434786,69
12004,5,71.0902,109.13246753246754,1065.112077922078,626.4233766233766,2989.3712987012987,77
12010,5,71.2200,113.83176470588236,1123.633343653251,597.6448916408668,3151.1067182662537,323
12014,5,71.2400,249.7888,1670.672,732.4724,4577.978666666667,75
12016,5,71.2900,109.98871165644172,1094.3546012269937,540.7266257668712,2951.359693251534,163
12017,5,71.3x00,170.64878048780486,1318.0243902439024,600.9973170731707,3948.4424390243908,41
12018,5,71.3x01,176.4353846153846,1460.934230769231,477.8303846153846,3727.554230769231,26
12020,5,71.3x04,163.1561187214612,1472.9440182648402,463.737397260274,3769.3211872146117,219
12024,5,71.7100,108.02306666666668,1061.1857333333332,449.63880000000006,4120.990533333333,75
12025,5,71.7101,255.93962962962962,1143.3962962962962,620.3307407407408,4283.268148148149,27
12026,5,71.7102,228.0521818181818,1181.9765696969698,558.6180848484848,4053.324193939394,825
12027,5,71.7900,5691.18875,1962.1796875,1455.0509375,15511.6346875,32
12031,5,71.7904,456.2894117647059,1637.5632352941177,1137.9741176470588,6644.3038235294125,34
12033,5,72.0x00,570.6852173913044,1913.3086956521738,1092.763043478261,8157.296086956521,23
12034,5,72.1x00,727.3404166666667,1602.2486111111111,933.5334722222223,7304.414861111111,72
12037,5,72.7100,394.7889090909091,1541.2610909090909,738.1218181818182,6058.538727272728,55
12041,5,73.0100,185.57637931034483,1481.936551724138,863.6827586206896,5289.152241379311,58
12042,5,73.0900,188.4683606557377,1210.2029098360656,605.2284016393443,4143.609754098361,244
12044,5,73.1x01,358.1798076923077,1845.806346153846,930.399423076923,6488.7905769230765,52
12045,5,73.1x02,831.4255102040815,1904.2897959183672,916.1538775510204,8266.201224489796,49
12047,5,73.4x00,73.33027431421446,860.7364588528678,413.17391521197004,2468.5963591022446,401
12048,5,73.4x01,525.7159047619048,2070.7049523809524,1120.1613333333335,8015.565714285714,105
12049,5,73.4x02,63.22333333333333,782.9847826086956,333.31173913043483,2051.0121739130436,69
12050,5,73.4x03,38.323181818181816,841.8636363636364,437.44659090909096,2143.3347727272726,44
12052,5,73.5100,429.92434782608694,1122.6917391304348,713.9852173913043,6284.2447826086955,23
12053,5,73.5900,348.7632669322709,1292.3619189907038,696.2525365205843,5209.961142098274,1506
12054,5,73.6x00,292.04511627906976,1568.520930232558,696.836046511628,5352.514883720931,43
12055,5,73.6x01,326.03125860989354,1262.615648090169,601.0593080776456,5020.69803068253,3194
12056,5,73.6x02,277.83214285714286,1657.107142857143,675.385,3946.04625,56
12057,5,73.8x00,108.32286713286713,946.2657342657343,553.5904195804195,2966.0821678321677,143
12063,5,74.1x00,737.6085454545455,1228.0642424242424,1218.2923030303032,6376.377333333334,165
12064,5,74.1x01,719.690953314121,1333.614438040346,1354.672958501441,7713.818744092218,17350
12065,5,74.1x02,618.1558024691358,1417.6686419753087,1429.115925925926,7853.037283950617,81
12067,5,74.3x00,698.59248,1563.17752,852.86496,5913.76872,125
12071,5,74.3x04,502.8306976744186,1387.717441860465,1181.803023255814,6240.855581395348,43
12073,5,74.3x06,880.5918518518519,1625.1103703703704,1287.322222222222,8430.804814814815,27
12079,5,75.0x00,99.75585365853658,1083.920243902439,960.6690243902439,3872.5331707317077,41
12080,5,75.0x01,86.56636363636363,933.4599999999999,922.2095454545455,3456.446363636364,22
12081,5,75.0x02,109.765468164794,922.6248189762796,828.2845443196005,3423.8967790262172,801
12083,5,75.3400,51.47218181818182,985.3345454545455,188.89309090909092,2037.1129090909092,55
12084,5,75.3500,429.5996153846154,1274.4038461538462,751.8603846153845,4950.254230769231,26
12086,5,75.4x00,171.73866141732285,1354.0655118110237,695.7934645669292,4667.866692913385,127
12088,5,75.5100,303.24620967741936,1172.8364516129031,640.2333870967742,5268.6174193548395,124
12091,5,75.6900,246.10340894770005,1206.962627599244,572.044877126654,5058.643074984247,1587
12092,5,75.6902,301.145609475621,1158.3852483900644,570.7343100275989,4785.195036798528,4348
12093,5,75.6903,193.93354838709675,1043.3777419354838,480.33032258064515,4588.827096774194,31
12095,5,75.6905,330.73974025974024,829.5298701298701,497.26909090909095,4259.535454545455,77
12099,5,75.9200,216.73215686274511,1688.578823529412,580.3227450980391,6294.703137254902,51
12108,5,76.2x04,316.1563888888889,1529.9013888888887,639.531388888889,6215.987777777777,36
12120,5,76.7602,13135.350952380952,3657.836666666667,5180.198095238095,32827.19714285714,21
12154,5,77.2800,5029.667142857143,2149.8738095238095,1608.480476190476,14268.658095238095,21
12156,5,77.2900,459.71,2008.648275862069,2214.7172413793105,8956.325862068967,29
12169,5,77.5900,443.86857142857144,1371.285,996.7330952380953,5378.087142857143,42
12184,5,77.6701,2648.568181818182,2650.245,3102.5286363636365,14729.147727272728,22
12186,5,77.6800,868.5619642857143,1846.2408928571429,955.8539285714286,7162.871428571429,56
12189,5,77.6900,1219.2211229946524,1919.5051336898398,1443.0219251336898,8700.302513368984,187
12191,5,77.6902,1289.9288000000001,1586.1788000000001,965.3856,6845.6323999999995,25
12192,5,77.6903,696.7471428571429,2301.662857142857,1728.4990476190478,8669.364285714286,21
12239,5,78.1701,13420.537777777778,3641.5074074074073,5389.941481481481,38090.98333333334,27
12253,5,78.4904,6559.381081081081,2878.6608108108107,2644.9837837837836,20002.226216216215,37
12254,5,78.5100,8308.058181818182,2495.2045454545455,3804.7731818181815,22857.368636363637,22
12258,5,78.5104,21378.820476190474,7384.049999999999,9642.640952380953,54161.326666666675,21
12259,5,78.5200,7522.3976,2605.242,2663.7264,20681.293999999998,25
12267,5,78.5500,11915.533692307692,3627.249230769231,4951.218461538461,31565.06123076923,65
12271,5,78.5700,10202.7855,2952.225,4605.2155,29669.491749999997,40
12272,5,78.5701,7531.709230769231,2747.5523076923077,4357.532692307693,28749.661153846155,26
12276,5,78.5900,10482.332823529412,2321.164705882353,3166.085882352941,23263.638,85
12282,5,78.6100,653.7226086956522,1243.4576086956522,1029.4619565217392,5833.580869565218,46
12283,5,78.6101,764.409756097561,1358.701707317073,1203.779268292683,6951.5697560975605,41
12285,5,78.6103,518.874731585518,1210.1698002496878,861.1474032459425,5395.809275905119,801
12287,5,78.6105,1006.4678431372549,1588.269411764706,1571.9982352941176,8615.387450980392,51
12290,5,78.6201,590.8894621848739,1253.4723697478992,994.1955798319327,5946.885092436974,595
12293,5,78.6301,474.0179632721202,1214.8482971619367,912.6684140233723,5485.282687813022,599
12295,5,78.6303,492.2267657992565,1208.458847583643,849.5662453531598,5416.860780669145,269
12298,5,78.6403,401.87125827814566,1156.4438410596026,729.9643708609271,4854.096754966888,151
12300,5,78.6501,847.9188354898337,1383.573123844732,1345.8862292051756,7436.83573012939,541
12303,5,78.6601,469.71822641509436,1294.2619245283017,941.4300188679244,5687.711698113208,530
12304,5,78.6700,605.5246296296297,1354.538888888889,1474.4807407407409,8551.543333333333,54
12305,5,78.6701,617.2962760416667,1266.4899045138889,1095.8660069444443,6431.017907986111,1152
12306,5,78.6702,292.53333333333336,1242.7909523809524,611.5157142857142,3769.6161904761907,21
12307,5,78.6703,468.1737305699482,1180.2561658031088,910.1404663212436,5739.675129533679,193
12308,5,78.6705,450.104802259887,1222.064538606403,921.524802259887,5908.7382485875705,531
12310,5,78.6800,488.5786454183267,1151.9564940239045,951.0037450199203,5732.472310756973,251
12311,5,78.6801,548.0258490566038,1003.2264150943396,896.1132075471698,5410.901698113207,53
12312,5,78.6803,376.6535664335664,1230.252027972028,903.4416083916084,5617.2237062937065,143
12313,5,78.6900,859.6912571428571,1482.7422285714285,1470.1430285714287,7699.085771428571,175
12314,5,78.6901,917.5228571428571,1309.655,1787.1828571428573,8221.411071428573,28
12316,5,78.6903,300.05,1082.314387755102,664.810612244898,4733.098061224489,98
12318,5,78.6905,389.9514285714286,1135.1014285714286,681.156,4885.828285714286,35
12319,5,78.6907,790.2638053097345,1356.7178466076696,1623.3301032448378,7799.128466076696,678
12328,5,79.0100,151.5764705882353,2039.1182352941178,1169.935,6213.301764705882,34
12330,5,79.0201,222.75833333333333,1394.3242380952381,793.9058571428571,4259.774809523809,210
12335,5,79.0500,3325.0600000000004,4324.414642857143,2965.3942857142856,16039.124285714288,28
12337,5,79.0601,2445.5245454545457,1984.909090909091,2099.0027272727275,11788.630000000001,22
12344,5,79.0900,49.489999999999995,3145.614893617021,3079.7925531914893,11103.543191489362,47
12347,5,79.1100,6923.475324675324,2302.0933766233766,1945.314935064935,16293.42753246753,77
12348,5,79.1200,8494.089722222221,1911.392222222222,2009.819166666667,18383.26111111111,36
12351,5,79.1300,1324.7281818181818,1821.25,1377.8204545454546,8205.889090909091,22
12354,5,79.1400,930.652380952381,1298.4638095238097,1918.6440476190478,8065.594285714286,42
12355,5,79.1500,11662.424372469635,4278.626113360324,3686.0406153846156,28936.963943319835,1235
12356,5,79.1600,12611.331076923077,2865.3674871794874,3765.921538461538,27834.564615384614,195
12357,5,79.1601,10136.656206896552,2496.9224137931033,2637.7141379310347,22818.24206896552,29
12360,5,79.1700,6935.808611111111,2310.670833333333,2565.007222222222,17122.016944444444,36
12363,5,79.1900,7776.737741935483,2400.001935483871,2264.6348387096773,18232.053870967742,31
12368,5,79.2101,7553.07875,2276.670833333333,2412.195416666667,18600.138750000002,24
12376,5,79.2601,11581.253846153846,2812.1211538461534,4010.471153846154,30155.987692307695,26
12378,5,79.2603,8665.010476190477,2248.352380952381,3221.3271428571425,22193.15,21
12387,5,79.3100,9762.314559859155,2799.7043661971834,2859.1362676056337,23573.398934859157,1136
12388,5,79.3101,7381.31334437086,2337.7138410596026,2689.7737417218545,21540.618410596027,302
12389,5,79.3200,9171.29916184971,2423.5409055876685,2616.418795761079,21100.381156069365,1038
12390,5,79.3201,7528.613263598327,2003.2730125523012,2604.1015062761508,20389.80811715481,239
12391,5,79.3202,6529.274047619047,2044.713095238095,2298.795357142857,19472.328452380953,84
12393,5,79.3300,5585.655221674877,1841.8390640394089,2119.1618719211824,15054.79275862069,203
12395,5,79.3302,4618.901,1509.758857142857,1685.458142857143,14319.217571428571,70
12396,5,79.3400,1970.366223021583,1372.0354676258992,1845.148021582734,10230.641834532375,278
12397,5,79.3401,1658.787741935484,1256.8893548387098,1359.151129032258,8837.849193548387,62
12398,5,79.3500,12916.912302568982,4162.107773549001,4394.928620361561,33576.731313035205,1051
12399,5,79.3501,11588.912904564315,4470.1591701244815,4798.808921161825,34889.316390041495,241
12400,5,79.3600,12056.463114832535,2977.3715837320574,3911.1954784688996,29521.574200956937,2090
12401,5,79.3601,11585.599126213592,2852.1854045307446,4143.436731391585,31066.193171521034,309
12402,5,79.3602,9685.164210526316,2469.8457894736844,3161.932105263158,24110.965526315787,38
12403,5,79.3603,9135.18516,2503.27736,3353.6868799999997,25997.28556,250
12404,5,79.3604,3925.2723076923075,2599.9492735042736,2871.509017094017,16343.319615384615,234
12405,5,79.3700,7895.457730496454,2294.3599822695037,3314.725195035461,22433.796170212765,564
12407,5,79.3702,8141.53396226415,2101.9096226415095,2956.532075471698,22680.820188679245,53
12408,5,79.3800,3499.7517,1816.4378,2891.5546000000004,14355.4067,100
12409,5,79.3900,8933.874789248624,3290.0481612706167,3625.2278069639583,24431.144257788637,1637
12411,5,79.3902,9058.379230769231,2652.9103846153844,3189.076538461538,24123.98807692308,26
12412,5,79.3903,15913.153488372092,4515.0907906976745,6579.831720930233,40765.70753488372,215
12413,5,79.3904,7056.044110169491,1862.0006355932205,2223.305211864407,17421.071610169492,236
12418,5,79.6000,3307.5047999999997,1927.6445333333334,2946.566933333333,14706.921466666668,75
12425,5,79.6400,416.60487179487177,1020.1691794871795,1560.1524102564101,6070.069230769231,195
12428,5,79.6601,5067.092702702703,1745.7018918918918,2820.0427027027026,15099.59837837838,37
12433,5,79.6800,333.7748888888889,1389.1137777777778,2407.0155555555557,7170.820888888889,45
12436,5,79.7100,389.57585714285716,1566.2202857142856,775.0624285714287,4126.036571428572,70
12441,5,79.7500,218.17076923076925,1505.5515384615387,1016.0476923076923,4854.440384615385,26
12448,5,79.8100,7913.197634408602,2334.877204301075,2570.0754838709677,19939.11064516129,93
12461,5,79.8900,21113.468604651163,4315.388837209302,4712.945813953489,41134.28767441861,43
12480,5,80.1603,1143.140303030303,1773.448484848485,1974.549696969697,8662.422424242424,33
12481,5,80.1604,2470.7525,1924.2680555555553,1385.8874999999998,11685.075,36
12484,5,80.2000,4097.911,1554.6833333333334,1803.834,13113.196333333333,30
12486,5,80.2600,3609.858735632184,1531.078620689655,2208.580344827586,14802.015402298852,87
12491,5,80.4101,83.71052631578948,1480.348157894737,961.9931578947368,6112.0081578947365,38
12500,5,80.4603,234.3365789473684,2287.7257894736845,1291.4147368421054,8166.469473684211,38
12506,5,80.5100,10456.96147826087,3099.0210434782607,2837.052565217391,25911.861652173913,230
12512,5,80.5108,19808.829444444447,3967.6835714285717,4837.8405555555555,43412.170634920636,126
12513,5,80.5109,3655.3607407407408,3226.362962962963,2921.4574074074076,17316.45296296296,27
12514,5,80.5110,3737.5469166666667,3089.3980833333335,1841.81025,20541.91241666667,120
12515,5,80.5111,7184.4369740634,2917.2146397694523,1459.4295389048991,18456.613227665704,347
12516,5,80.5200,955.3776666666668,2061.3775,672.3398333333333,7448.7975,60
12517,5,80.5900,1434.4011298076923,2233.8027403846154,994.1186538461538,8257.957548076924,416
12518,5,80.6x00,1671.4345161290323,1413.4225806451611,1492.389677419355,10614.850322580645,31
12520,5,80.6x05,2366.706818181818,1985.411818181818,1302.486818181818,12857.331818181818,22
12521,5,80.6x06,2695.4628313253015,2300.645,1877.516626506024,16514.730722891563,166
12522,5,80.6x07,1894.7935,2150.9655000000002,1575.8145,12838.578666666666,60
12523,5,80.6x08,1904.8034090909093,2985.7509090909093,1895.9829545454545,15537.218863636364,44
12525,5,80.7101,3981.761875,2719.9365625,1888.8153125000001,16433.5315625,32
12532,5,80.7600,1348.7152173913043,1468.1565217391303,1226.4639130434784,8256.893478260869,23
12533,5,80.7601,2248.3877358490568,2271.2085849056607,1694.206320754717,12622.92353773585,212
12542,5,80.8201,378.5164705882353,2096.9779411764707,1436.2285294117646,7223.177941176471,34
12551,5,80.8602,2474.176274509804,2187.4654901960785,1678.4001960784315,12380.119019607844,51
12571,5,81.0200,19737.069166666664,5565.991,3684.4828333333335,44968.471,60
12576,5,81.0502,28536.358979591838,4558.673469387755,3592.6695918367345,48392.29795918368,49
12580,5,81.0701,24146.40960526316,5343.196447368421,4290.936710526315,48179.51052631579,76
12582,5,81.0800,19256.013461538463,5080.530769230769,4533.820000000001,48537.85153846153,26
12583,5,81.0801,20354.292051282053,4642.036570512821,4124.494583333333,46909.383429487185,312
12584,5,81.0802,23485.4958,4900.7338,4582.1584,49237.4254,50
12611,5,81.4504,18197.66238095238,3028.690634920635,3531.643492063492,39967.75968253968,63
12612,5,81.4505,18815.328333333335,3697.405,3462.002916666667,41610.198333333334,24
12613,5,81.4600,5382.0396,3282.6664,3685.4488,21033.192000000003,25
12615,5,81.4700,3774.862248394004,1869.4110920770877,1457.4916916488223,13458.605117773019,467
12619,5,81.5100,21796.6683402147,3679.2841948802643,3499.580677126342,41320.75809248555,1211
12620,5,81.5200,17004.78519148936,4515.674085106382,4233.989617021277,36296.39485106383,235
12621,5,81.5201,16947.11280730897,4499.93607973422,4515.962043189369,37896.34372093023,602
12624,5,81.5400,19308.052967959527,3690.233136593592,3380.1094266441823,40029.6926306914,593
12625,5,81.5401,21186.117714285716,3620.7157142857145,3373.384,39002.12685714286,35
12628,5,81.6500,10018.782926459438,3345.340902198636,1674.2943517816527,19217.44661106899,1319
12629,5,81.6600,15112.527623363545,3370.342839879154,1960.434833836858,26066.96866062437,993
12630,5,81.6601,16273.35949227373,2883.8657395143487,1802.0299558498898,25568.940794701986,453
12636,5,81.8101,21627.3904,4193.2104,4361.7104,45252.18519999999,25
12638,5,81.8300,9533.168555956678,2315.534476534296,2423.648700361011,26761.115234657038,277
12642,5,81.9100,106.70729241877257,1510.3418411552348,1283.341335740072,6038.353718411552,554
12643,5,81.9101,57.812051282051286,2179.5514102564102,1250.9315384615386,5507.728846153846,78
12644,5,81.9200,49.84094827586207,1574.7025862068965,1171.5043103448277,6553.63474137931,116
12645,5,81.9201,83.3467071935157,1977.4556332320162,1403.4831205673759,6545.879949341438,987
12650,5,81.9400,4453.669583333333,2056.7458333333334,2311.7141666666666,22946.227916666667,24
12658,5,81.9600,5097.915357142857,2503.567857142857,2600.399642857143,21653.241071428572,28
12663,5,82.0101,164.20477477477476,1094.6580180180179,480.5224324324324,3404.785945945946,111
12669,5,82.0902,211.34454545454545,1284.908181818182,829.2936363636363,4164.793636363636,22
12673,5,82.2100,230.7538095238095,1278.0285714285715,624.2723809523809,3911.4757142857147,21
12674,5,82.2101,206.26999999999998,1265.260578034682,445.5236416184971,3384.921387283237,173
12676,5,82.2900,299.2395555555555,1617.659111111111,684.0588888888889,5053.987777777778,45
12681,5,82.3601,547.2801829268293,1242.2448170731707,1975.0821951219511,7023.0515853658535,164
12686,5,82.4400,603.3301694915255,1113.9622033898306,1340.1870338983051,6103.164237288136,118
12687,5,82.4500,484.6711848341232,1145.7509478672987,1105.402085308057,5767.7428909952605,211
12688,5,82.4501,462.2264957264957,987.5023076923077,1012.2726495726495,5084.178376068376,117
12709,5,83.0101,98.0196,1013.7738,458.8342,3097.5682,50
12710,5,83.0102,186.94720930232558,967.0627906976744,590.6630232558139,3400.6388372093024,43
12717,5,83.0903,265.3034375,1326.0878125,463.3421875,3526.216875,32
12718,5,83.0904,280.19367346938776,1569.7795918367347,1418.635306122449,5725.1434693877545,49
12727,5,83.2900,1590.3437572254336,1613.3939306358384,2313.1426011560693,10660.528265895953,173
12728,5,83.3100,209.24478260869566,1138.8478260869565,375.7791304347826,3734.225652173913,23
12729,5,83.3101,212.0677428571429,1288.883057142857,445.26554285714286,3555.348085714286,350
12730,5,83.3200,468.3321556886228,1867.2825748502994,891.6594011976048,5908.013652694611,167
12732,5,83.3900,328.74556737588654,1683.487375886525,798.2388297872341,5593.797836879433,282
12734,5,83.3902,406.35615384615386,1575.8555311355312,887.6978021978022,5513.647435897436,273
12736,5,83.3904,376.8921276595745,1730.9305319148937,619.6252127659575,4674.616276595744,94
12740,5,83.4501,831.2715300546448,1550.3950273224043,2435.381038251366,8789.588415300546,183
12743,5,83.6400,756.4777304964539,1275.9597163120568,1741.1626241134752,7262.475319148936,141
12744,5,83.6401,1103.9658620689654,1133.344827586207,1785.3408620689656,7419.452586206897,58
12745,5,83.6402,2414.0192156862745,1440.8903921568628,2246.262549019608,11551.296666666667,51
12746,5,83.6500,1094.9944186046512,1628.6709302325582,1802.331976744186,8095.792325581396,86
12758,5,83.8800,3512.668085106383,1654.1510638297873,1941.7734042553193,16810.79425531915,47
12761,5,83.8803,1403.8439393939393,1163.0254545454545,1513.9363636363637,6860.288181818182,33
12769,5,83.9105,55.22570900123305,1405.2342170160296,1102.2034093711468,6350.961695437731,1622
12774,5,83.9800,59.494897959183675,2010.6357142857141,1278.9867346938775,7861.911632653061,49
12775,5,84.0100,354.04,1302.4055,1018.220125,5598.503624999999,80
12777,5,84.0102,241.48571428571427,1348.7333333333333,1403.6571428571428,5987.5404761904765,21
12786,5,84.1100,856.0668292682926,4354.486097560975,4334.705609756097,16420.103414634144,41
12792,5,84.1501,2689.8257692307693,6814.549999999999,7884.441153846154,27964.816923076924,26
12801,5,84.3x00,289.3496202531645,1116.6520253164556,1467.8687341772152,5292.097721518987,79
12803,5,84.5501,4251.162,1513.3496,1793.3092,15424.281200000001,25
12811,5,84.8205,26106.877631578947,4713.996929824561,4615.695,47769.918333333335,114
12814,5,85.0x00,284.22378048780485,1346.6013414634147,1398.3439024390243,5292.526829268293,82
12816,5,85.0x02,265.6840740740741,1376.7918518518518,1362.1381481481483,5030.809259259259,27
12817,5,85.1100,849.7320535714287,3524.039017857143,826.8426785714286,6858.381160714285,112
12818,5,85.1200,391.5635714285714,2590.2321428571427,1039.4807142857144,7538.3304761904765,42
12821,5,85.2100,2067.5851945320715,1710.589905362776,378.8142744479495,5849.3971083070455,1902
12822,5,85.2101,2493.418,908.3833333333333,180.36866666666668,5055.523999999999,45
12823,5,85.2200,599.2085714285715,3259.4904761904763,1162.6085714285714,8680.072857142857,21
12825,5,85.2301,596.0586092715232,1812.3147019867552,662.8583443708609,5110.208278145695,151
12827,5,85.2401,688.0571666666667,1581.3175,775.7368333333333,5901.970833333334,60
12834,5,85.4100,1202.8842857142859,3827.3582142857144,1811.1939285714286,11380.795714285716,28
12836,5,85.4300,2368.4422580645164,5386.806451612903,3172.2567741935486,17618.42870967742,31
12837,5,85.4301,1946.572331838565,5647.945829596412,2852.520717488789,17431.47215246637,223
12839,5,85.4303,1796.194,5464.2,2782.4179999999997,17589.3548,25
12840,5,85.4500,1877.3073076923076,5450.08076923077,2795.8715384615384,16675.23423076923,26
12846,5,85.9100,194.4674074074074,1438.351851851852,940.2525925925926,4352.645925925926,27
12850,5,86.0100,282.4614204545455,1906.1669886363636,1649.48375,6360.265681818182,176
12855,5,86.0400,342.169216152019,1851.588432304038,1636.6745843230403,6256.607933491687,421
12856,5,86.0401,3454.3712820512824,2789.910128205128,5146.701923076923,18636.145769230767,78
12859,5,86.0502,255.21684210526314,1312.1276315789473,846.5686842105264,4429.582631578948,38
12860,5,86.0600,365.39489583333335,4348.491666666667,2011.0458333333333,8641.226875,192
12863,5,86.0701,5751.2289743589745,4120.870512820513,5031.095384615384,18308.279487179487,39
12864,5,86.0900,198.65548387096774,1393.4548387096775,996.0754838709678,4527.2696774193555,31
12868,5,86.1100,276.53588235294114,2362.183647058823,1025.7049411764706,5813.9667058823525,85
12873,5,86.2200,767.7130158730159,2233.9576984126984,2448.0902947845807,9650.20671201814,882
12874,5,86.2201,470.7881686746988,2160.7719036144576,1766.8759759036145,7220.198891566265,415
12877,5,86.2300,62.269387755102045,1098.3491836734695,810.8910204081633,3892.1908163265307,49
12883,5,86.2800,299.8167019027484,2118.5823308668078,1750.871088794926,6863.513657505286,1892
12884,5,86.3x00,160.54156398104269,1892.8315165876777,395.61997630331757,4188.175,422
12886,5,86.3x02,159.432895480226,1481.5252824858756,471.83929378531076,3604.694110169492,708
12887,5,86.3x03,237.2187979539642,1457.0959782608695,455.16772378516623,3740.7526406649617,1564
12889,5,86.3x05,253.18186813186813,750.3615384615384,229.63857142857142,3037.4212087912088,91
12893,5,86.3x10,321.22185185185185,913.9814814814815,401.8016666666667,2957.769074074074,54
12895,5,86.3x12,41.91571428571429,2893.921428571429,517.5710714285714,4956.527499999999,28
12896,5,86.3x13,342.4789240506329,1666.715569620253,545.3912658227848,4489.046582278481,158
12898,5,86.3x15,203.1222950819672,1539.6678688524592,457.2293442622951,4203.2836065573765,61
12901,5,86.4x01,205.68121951219513,1685.5787804878048,526.9424390243902,3972.201951219512,41
12902,5,86.4x02,372.31479999999993,1819.2079999999999,620.568,5203.715999999999,25
12905,5,86.5900,218.32024630541872,2235.517512315271,2247.515886699507,7291.858768472906,406
12906,5,86.5901,550.4064615384615,1093.5900000000001,985.7843076923076,4447.102153846154,65
12907,5,86.5902,246.37900924702774,2749.795151915456,2319.988837516513,8116.463645970938,757
12923,5,86.6906,3686.0887234042557,2752.183404255319,4389.484042553191,19978.95489361702,47
12925,5,86.700x,1069.113125,2093.6125,2515.186875,14842.105625,32
12932,5,86.7400,2130.038918918919,2710.2432432432433,4253.755405405405,21685.797027027027,37
12937,5,86.7500,397.3702777777778,1233.5711111111111,1429.9927777777777,6413.022777777778,36
12938,5,86.7501,524.5347457627119,1754.0816101694916,2260.286949152542,7618.925423728813,118
12940,5,86.7503,350.18756097560976,1577.5639024390246,1087.0824390243902,5890.523170731708,82
12942,5,86.8300,306.5273913043478,1098.0560869565218,464.8304347826087,3250.0789855072467,69
12951,5,86.8900,790.5233576642336,1243.1454014598542,1478.6453284671534,6623.497299270073,137
12956,5,86.9900,195.8169696969697,1023.9578787878788,623.3972727272727,3302.46696969697,33
12957,5,87.0300,68.40760479041916,1864.287005988024,1393.3340419161677,4274.968832335329,334
12958,5,87.0301,59.73984848484849,1975.0348484848485,1739.5769696969696,5364.1525757575755,66
12959,5,87.0302,237.54447513812156,3896.269723756906,2141.6512154696134,7688.283977900552,362
12967,5,87.4100,460.1377272727273,4053.809090909091,1412.2177272727274,7128.541818181819,22
12968,5,87.4101,120.00848214285713,2392.404300595238,1694.3316964285714,5705.62037202381,672
12969,5,87.4102,140.30440000000002,2525.304,2581.452,7595.2011999999995,25
12970,5,87.4103,265.7522222222222,3384.9819444444447,1035.6118055555555,5362.604166666667,72
12972,5,87.4400,88.1054054054054,927.9891891891891,798.4345945945946,3447.040810810811,37
12973,5,87.4401,92.18369696969697,862.0190303030304,798.4218181818183,3100.494484848485,165
12986,5,87.8300,29.6265,609.3725000000001,115.87250000000002,1052.2292499999999,40
12989,5,88.0100,169.1407299270073,2622.3897810218978,2018.7888321167884,5815.459124087592,137
12999,5,88.3800,117.61833333333334,2128.106111111111,1289.361388888889,4906.130277777778,36
13003,5,88.4100,2007.8584939759037,3048.597951807229,3514.290843373494,13409.271445783133,166
13004,5,88.4101,2908.368324681454,3409.4362010382256,3400.415176970269,15482.99245398773,2119
13008,5,88.4201,7288.491052631578,3532.26,3755.6415789473685,19991.870394736845,76
13016,5,88.4500,5707.037307692308,3296.3096153846154,2427.041923076923,15930.788846153846,26
13018,5,88.4701,4088.2,3501.3671999999997,3362.0808,17012.2608,25
13023,5,88.4800,11383.53037037037,3992.5392592592593,3566.029259259259,24794.643333333333,27
13029,5,88.5000,1403.12535,2391.23025,2886.51235,11648.49835,200
13033,5,88.5500,1462.095955327013,2793.9177743853443,1698.6280909529164,9695.313872730194,6223
13035,5,88.5600,1687.1607724425887,2886.762317327766,2049.4522964509397,10872.736597077244,479
13036,5,88.5700,1407.6159615384615,3182.540384615385,1920.5267307692307,11187.708846153846,52
13037,5,88.5701,1897.9064193548386,2499.046532258065,1539.3681612903226,9684.656403225807,620
13042,5,88.6600,1878.423448275862,2464.0844827586207,1837.8882758620691,9484.539655172415,29
13050,5,88.7104,50.08526315789473,2896.969368421053,1162.1925263157896,4896.910315789473,95
13051,5,88.7200,74.46195652173913,2093.5434782608695,1740.449347826087,5636.793913043478,46
13052,5,88.7201,72.77999999999999,2074.318181818182,1264.1172727272728,5010.579242424242,66
13056,5,88.7400,110.914,3647.4573333333333,2146.2546666666667,7462.309333333334,30
13060,5,88.7600,77.7403125,1368.6326041666669,1257.5846875,3626.2213541666665,96
13062,5,88.7700,87.84206896551724,2408.750344827586,1870.0231034482758,5881.0879310344835,29
13070,5,88.9100,98.79116279069767,2900.5697674418607,2391.1020930232557,7609.650930232558,43
13071,5,88.9101,74.18577981651376,2505.311376146789,1937.1765137614677,5636.293944954129,109
13084,5,89.0900,37.825714285714284,2352.5428571428574,629.9938095238094,3704.7909523809526,21
13087,5,89.1400,67.49938271604938,2821.773703703704,774.4740740740741,4553.535679012346,81
13091,5,89.1900,78.18909090909091,2298.9151136363635,644.9948863636364,4098.601818181818,88
13096,5,89.3400,110.60193548387096,2023.2087096774194,1104.2270967741936,4804.0161290322585,31
13097,5,89.3701,95.79406222222222,2355.432008888889,1601.2506577777779,5651.688417777777,1125
13102,5,89.5001,143.5455676855895,2637.549344978166,1562.6764628820963,5849.30307860262,458
13103,5,89.5200,77.51286821705426,2057.5132945736436,1108.577984496124,4275.03523255814,258
13104,5,89.5400,146.478743697479,2378.9491428571428,1611.774369747899,6405.113764705882,2380
13107,5,89.6000,53.59703539823009,2060.32407079646,911.1703097345132,4818.962079646018,226
13108,5,89.6100,127.79199999999999,2497.3300000000004,1381.1418461538462,5935.089999999999,130
13111,5,89.6500,176.60900763358777,1778.4706870229006,738.8404580152671,5927.294071246819,393
13114,5,89.7x00,65.548,2264.0879999999997,328.80120000000005,4102.0188,25
13118,5,90.6x01,544.9186363636364,2341.9409090909094,1286.5404545454546,6558.545454545455,22
13123,5,92.2400,839.3344370860927,4860.767466887417,3064.988394039735,31764.46125827815,604
13127,5,92.2900,1090.7356666666667,3176.92,4139.482,24425.818333333336,30
13128,5,92.3101,618.6214468085107,4058.1857446808513,3304.7235319148936,32717.284680851066,235
13130,5,92.3202,792.545,2565.113043478261,5836.243260869565,28742.710434782606,46
13132,5,93.0103,169.54203125,2200.8078125,2100.6625,8626.77328125,64
13133,5,93.0107,51.71113636363636,2193.6522727272727,2425.3695454545455,6766.677727272728,44
13145,5,93.1600,1781.0002439024388,2156.9756097560976,1526.8119512195121,12212.183170731707,41
13147,5,93.1800,239.20029197080294,2844.75,2100.3120437956204,7169.790437956205,274
13148,5,93.1900,142.2876811594203,1917.5710144927536,1556.258115942029,10879.10608695652,69
13151,5,93.2600,78.69443243243244,1599.0916756756758,1805.8135135135135,8671.004594594595,185
13154,5,93.3500,294.46452395032526,1780.5147604967474,1382.9718214074512,5743.920165582495,3382
13156,5,93.3502,98.66466666666665,1453.847,867.4596666666667,4748.775833333333,60
13157,5,93.3503,201.04893478260868,1464.0517173913045,1520.615847826087,6847.330086956521,460
13158,5,93.3504,73.06869565217391,1688.9956521739132,2173.615652173913,7016.62304347826,23
13159,5,93.3505,1616.5471739130435,1683.2010869565217,967.1371739130434,8754.79847826087,46
13160,5,93.3506,55.694782608695654,1912.3695652173913,867.682463768116,5095.660724637682,69
13162,5,93.3510,327.9142127659574,1463.376319148936,1410.0056382978723,6793.548085106383,470
13163,5,93.3511,64.29,4833.882857142857,1494.5404285714285,8597.156142857144,70
13165,5,93.3513,34.26547619047619,2609.581547619048,2537.382380952381,7905.633928571428,84
13167,5,93.3517,80.88164356435644,1675.1764851485148,1496.5807029702971,5066.908504950495,1010
13168,5,93.3518,142.4208888888889,2413.867777777778,1158.189111111111,5301.972666666667,45
13169,5,93.3519,11.517142857142858,2514.1238095238095,875.9009523809525,6622.512380952381,21
13170,5,93.3520,46.793157894736844,806.0871052631579,503.2057894736842,3618.527368421053,38
13173,5,93.3523,51.15606299212598,1845.636089238845,809.8935170603675,5386.620997375328,381
13175,5,93.3800,41.71234042553191,1147.7042553191488,845.2278723404255,4205.051914893617,47
13177,5,93.3802,570.5447660818713,3136.07567251462,3461.83230994152,18488.937894736842,342
13178,5,93.3803,314.6095833333333,3384.3375,2605.71875,12235.339583333334,24
13180,5,93.3900,97.9914346895075,1405.4387580299785,790.9912205567452,4382.075289079229,467
13181,5,93.3901,85.13076923076923,1800.2269230769232,3685.5834615384615,8945.975769230768,26
13182,5,93.3902,280.5824326672459,2152.984665508254,1554.3798262380537,6889.962180712424,1151
13183,5,93.3903,0.0,1489.4297674418603,1838.635023255814,6598.674325581395,215
13186,5,93.3907,74.72073260073259,1730.702564102564,1822.755421245421,7398.156263736263,273
13187,5,93.3908,132.49288732394368,1705.5877464788732,1143.8834154929577,5737.387605633803,284
13189,5,93.3910,84.55904144144144,1343.2854306306306,1171.0326810810811,4281.144648648648,2775
13192,5,93.4200,31.535147058823526,1519.8779411764706,570.7241176470588,5237.9825,68
13193,5,93.4201,104.70760563380281,1405.9222535211268,586.7214084507042,4973.208591549295,71
13194,5,93.4400,915.3692,3559.274933333333,2128.584533333333,10643.7988,75
13197,5,93.4406,2559.5130487804877,3394.6780487804876,2928.9686585365853,15198.19512195122,82
13198,5,93.4407,3230.7880821917806,2163.0520547945202,1881.3634246575343,13346.89698630137,73
13199,5,93.4600,374.93463414634147,2539.353048780488,1319.1759756097563,7052.402804878049,164
13200,5,93.5201,266.6544,3221.3559999999998,1260.9496,6611.7212,25
13201,5,93.5300,262.0619691119691,2035.7845559845557,1133.30861003861,5201.3446718146715,259
13202,5,93.5400,190.71418032786886,1856.8643442622952,1056.3894262295082,5177.016147540983,122
13203,5,93.5401,202.6609214092141,1675.6463414634147,1156.338888888889,5082.812466124661,369
13204,5,93.5402,408.4855243902439,1788.9634390243903,1123.495768292683,5216.406609756097,820
13205,5,93.5403,187.4574418604651,1904.8251162790696,1193.0718604651163,5664.78,43
13206,5,93.5404,562.2705714285714,2244.002285714286,2323.3140000000003,7130.238571428572,35
13207,5,93.5405,148.56680327868852,1344.8838524590162,702.1518852459017,4726.592295081968,122
13209,5,93.5601,59.28804347826087,2058.641304347826,1329.8697826086957,5904.618695652174,46
13210,5,93.5602,1085.7698484848486,2250.822727272727,1391.295,6692.759848484849,66
13213,5,93.5900,356.0692592592593,2356.2074074074076,2414.624074074074,8922.368518518519,27
13216,5,93.6200,35.71076923076923,2068.2115384615386,2147.033076923077,7985.6038461538465,26
13218,5,93.6700,12.72409090909091,1411.1727272727273,602.6459090909091,5429.579090909091,22
13220,5,93.6702,360.84,2525.58202247191,745.5644943820225,6704.002808988764,89
13223,5,93.8900,92.03268707482994,1805.9551020408162,2114.2516326530613,8818.054251700682,294
13224,5,93.9000,598.4617176165804,4112.139909326425,3889.216383419689,13344.014777202072,3860
13225,5,93.9001,390.69146666666666,3655.387,2638.332066666667,12798.9728,150
13229,5,93.9401,102.14930203045685,1003.0310575296108,1075.0276882402707,3530.6262774957695,4728
13230,5,93.9500,89.1395918367347,1551.4204081632654,2549.631836734694,11279.432653061223,49
13232,5,93.9601,200.686704637917,2506.5182546786004,2112.93733726607,6726.590333604556,4916
13233,5,93.9800,601.1671621621622,4190.732162162162,2332.3004054054054,11207.647567567568,74
13238,5,94.2700,846.1034482758621,1516.2310344827586,1088.5031034482759,14101.534137931034,29
13239,5,94.2701,319.6768181818182,2148.75,1325.908181818182,15887.139090909091,22
13240,5,94.2702,364.21017857142857,2333.203571428571,1385.4594642857141,11300.967321428572,56
13242,5,94.2901,166.56750000000002,2593.167857142857,6050.285357142857,19946.01214285714,28
13247,5,95.0102,42.92928571428571,1416.1075,424.4485714285714,2669.675357142857,28
13265,5,96.0400,1468.6176686390531,5713.58872781065,6631.268372781065,21439.863828402365,1690
13268,5,96.0700,240.34487234042552,3381.7454468085107,3051.4105319148935,9689.113042553192,470
13279,5,96.3300,86.65463963963963,1117.4122522522523,252.78972972972971,3410.813018018018,222
13280,5,96.3400,232.82655172413794,1953.874827586207,484.1655172413793,5389.509655172414,29
13281,5,96.3500,777.6790909090909,5500.380727272727,6501.801454545455,21377.737636363636,55
13282,5,96.3700,149.11190476190475,1521.6933333333332,2121.642380952381,5807.659523809524,42
13283,5,96.3701,89.82046728971963,1782.6766355140187,2023.066448598131,5773.557943925233,107
13285,5,96.3900,159.9970754716981,2708.26141509434,2026.0534905660377,6821.720471698113,106
13286,5,96.3901,217.8657142857143,2453.156428571429,2399.2407142857146,6314.073571428571,28
13288,5,96.3904,228.81545454545454,3460.748888888889,3791.4651515151513,9992.339696969697,99
13291,5,96.4400,82.16269230769231,2937.269230769231,2285.27,7840.874615384615,26
13298,5,96.5100,38.281505376344086,1311.074193548387,468.95075268817203,2699.330752688172,93
13303,5,96.5601,734.4331683168317,3598.45198019802,3173.7978217821783,10724.190891089109,101
13313,5,96.7100,1038.5101764705882,4750.901764705883,4655.970823529412,14710.95294117647,170
13314,5,96.7101,1372.9637689969604,4546.1878905775075,4051.595027355623,14673.907227963526,1645
13315,5,96.7200,4129.799886363637,14448.9125,23652.93943181818,70916.01943181817,88
13316,5,96.7201,3199.483742926435,11517.812999191592,13126.264244139045,44932.58944219887,1237
13328,5,97.3700,823.8885185185185,4813.49037037037,4967.400740740741,20714.39111111111,27
13336,5,97.5503,48.51471698113208,1041.9362264150943,339.97566037735845,2079.279433962264,53
13342,5,97.6203,131.07745283018866,873.752358490566,425.7097169811321,2417.2384433962266,212
13343,5,97.6204,81.23670345842532,707.6699779249448,298.09630610743193,1979.9813171449593,1359
13344,5,97.6205,71.14441988950276,815.9935220994474,375.51341160221,2013.2869337016575,724
13347,5,97.6402,26.815652173913044,737.4,440.73043478260877,2028.537391304348,23
13348,5,97.7100,191.90754545454544,1380.4214545454545,559.0968181818182,3599.2667272727276,110
13349,5,97.7101,117.54596774193548,1368.548064516129,682.1239516129032,3575.618629032258,124
13350,5,97.7102,251.59329741379312,1188.5199784482759,421.1059482758621,3654.6388793103447,464
13358,5,97.8900,352.66481481481475,1436.5474074074073,455.957037037037,4245.70925925926,27
13364,5,98.0200,401.6695454545454,1433.7888636363637,848.5009090909091,4302.758409090909,44
13365,5,98.0201,314.0471034482759,1411.0778620689655,727.8646206896551,4009.4944827586205,145
13373,5,98.1100,165.7176595744681,1179.6885106382979,764.4831914893617,3295.7187234042553,47
13379,5,98.1501,286.4238666666667,3450.9546666666665,2237.8313333333335,8744.310666666668,75
13383,5,98.1600,343.2149019607843,1155.2490196078431,544.6705882352941,3970.6613725490197,51
13389,5,98.2200,44.58844444444445,855.521111111111,433.66,2163.8006666666665,45
13400,5,98.5101,59.19163636363636,1349.7772727272727,699.1185454545455,3668.4532727272726,55
13402,5,98.5103,35.64537649542576,1296.292294159043,593.2365446868403,3352.8633286418017,2842
13408,5,99.0301,164.95580165289255,2554.9200991735534,1972.6201983471074,8659.552429752066,605
13409,5,99.0400,120.0606956521739,2827.54,2014.3937391304348,9415.80147826087,115
13410,5,99.0401,193.3912871287129,2608.341663366337,1602.0265742574259,8452.542524752474,1010
13411,5,99.0500,232.63047619047617,2582.7595238095237,2181.4557142857143,10699.320952380953,42
13414,5,99.0701,240.60944444444445,3362.516203703704,2335.356574074074,10458.275092592592,108
13417,5,99.1000,406.928480565371,4198.184310954063,7035.149575971732,15678.60448763251,566
13422,5,99.1005,2507.760551724138,4451.117586206897,6555.981241379311,17255.635172413793,145
13425,5,99.1008,1346.0800943396225,4936.581886792453,7028.5816981132075,17205.007264150943,212
13428,5,99.1400,103.27636363636363,1926.8772727272728,1943.7445454545452,9213.277272727273,22
13431,5,99.1501,111.16854838709678,2083.2693548387097,1527.641935483871,4434.223870967742,62
13435,5,99.1700,142.15209337349398,2497.6624849397595,1395.9614156626506,5631.856506024097,664
13436,5,99.1800,14.372222222222222,501.72222222222223,517.6664444444444,1562.823111111111,45
13439,5,99.2100,179.95792270531402,1285.3459903381643,1041.7359516908211,3949.1852946859904,1035
13441,5,99.2300,100.47741379310344,826.3213793103448,871.4272413793103,2371.4501724137926,58
13443,5,99.2500,291.7927445109781,1755.9230339321357,2912.045848303393,6666.1444111776445,1002
13444,5,99.2501,3851.2858823529414,3681.9582352941175,4962.970980392157,20197.964509803922,51
13446,5,99.2503,241.64231058866747,1895.3350013775369,2628.1347185232803,6079.387627881349,10889
13448,5,99.2505,841.4051111111112,3042.150111111111,4214.563,12347.398888888887,90
13449,5,99.2506,163.6768,1768.1644000000001,1778.7256,4928.208,25
13451,5,99.2700,107.35000000000001,1578.9754098360656,1151.2821311475411,5208.180327868852,61
13452,5,99.2800,122.4219304229195,1715.3607844474761,1636.354590723056,4440.559017735334,1466
13453,5,99.2801,117.4811917659805,1622.472621885157,1584.6165438786566,4389.970736728061,923
13455,5,99.2900,161.59333333333333,2418.2833333333333,1764.7964912280704,7123.769649122807,57
13456,5,99.2901,49.55861111111111,1181.2388888888888,663.95,2615.8369444444447,36
13457,5,99.2902,69.3364255319149,2854.701489361702,1524.7329361702127,6617.642978723405,235
13458,5,99.2904,32.43521739130435,955.5260869565217,730.3652173913044,3274.2221739130437,23
13461,5,99.6000,328.2751117318436,3245.3076256983236,2412.2490223463687,9104.71717877095,358
13463,5,99.6200,737.9609090909091,4648.665,3475.021818181818,12939.65409090909,22
13464,5,99.6201,348.2888461538462,4109.590769230769,1976.6096153846154,8520.116538461538,26
13466,5,99.6300,411.14399999999995,3375.2207499999995,2239.8775,8516.591,40
13467,5,99.7900,877.3557142857143,1650.4257142857143,561.9668571428572,6228.974571428571,35
13469,5,99.8200,445.240670995671,1476.9633766233765,1581.8643073593075,5802.986558441558,462
13470,5,99.8300,59.82894915254238,1393.5118813559322,577.0200677966102,4069.1754237288137,590
13471,5,99.8301,107.04396907216496,1679.5024702616972,283.55918715305313,4794.345681998414,2522
13472,5,99.8500,106.81981549815498,1565.3860885608856,1528.6246986469866,6504.545018450184,813
13475,5,99.9200,85.7245730109576,1588.4637196283945,1329.1476316102908,7184.257168294426,16792
13476,5,99.9201,69.9167700729927,1539.7177372262772,1145.3944708029198,7625.773193430657,548
13478,5,99.9204,512.718833819242,1172.8528668610302,990.2642759961127,6619.84677356657,1029
13479,5,99.9205,68.47450621724387,1628.4474165039564,1513.5424242112836,4879.758667146234,9731
13485,5,99.9900,223.19,3970.557142857143,1717.0685714285714,9942.808095238095,21
13486,6,,163.03275209565098,2751.9282506215,1760.3671685653487,6971.501605611971,441271
13491,6,00.0900,422.7214285714286,1446.1655102040816,1026.5198979591837,6634.5364285714295,98
13492,6,00.0901,220.2933935742972,2475.3945582329316,942.3792771084337,11304.779939759037,498
13497,6,00.1301,244.03770270270272,4962.927837837838,5055.139594594595,13630.217972972972,74
13501,6,00.1800,123.14236486486486,2018.3606081081082,3306.673648648649,6465.254121621621,148
13502,6,00.1801,177.211914893617,2273.195744680851,2562.526170212766,6443.739893617022,188
13506,6,00.2400,14896.72746031746,3681.5979365079365,1823.7715873015873,26934.086507936507,63
13513,6,00.5100,88602.21462962963,10085.278518518518,4833.565555555556,165784.7424074074,54
13520,6,00.5500,23890.809130434784,5079.865217391304,6725.310434782608,48889.08043478261,23
13523,6,00.5902,11703.520714285714,2911.2300714285716,1732.3435714285715,25891.256785714286,140
13526,6,00.6101,33674.12637254902,6475.637254901961,6031.259411764706,83609.08617647058,102
13527,6,00.6102,28682.707619047622,7200.080317460317,6484.358412698413,70888.01492063493,63
13528,6,00.6200,45006.997912087914,8852.350219780219,9842.865824175824,93788.179010989,91
13531,6,00.6300,52149.78294478527,7233.155398773007,5621.807484662577,79701.29613496932,163
13532,6,00.6301,49780.51730337078,7369.691741573033,5667.3574719101125,76484.06061797752,178
13533,6,00.6400,38265.07357142857,6538.796176470588,5330.604117647059,63664.22852941177,238
13535,6,00.6500,68741.23202247192,8929.099325842697,8189.520112359551,107137.46876404496,89
13537,6,00.6600,15550.46284073107,4942.033023498695,3323.340939947781,34229.02007310705,1915
13538,6,00.6601,16033.244403669725,5218.165137614679,3231.1979816513763,34460.94009174312,109
13540,6,00.6800,789.4901818181818,12631.326909090909,7585.016909090909,31365.06909090909,55
13543,6,00.7000,40353.39975903615,6942.3608433734935,5850.198072289157,77452.24060240964,83
13545,6,00.7200,30227.21307692308,8459.885384615385,7150.876153846154,66886.99153846155,26
13548,6,00.8000,46906.70321428571,5064.5542857142855,5337.460714285714,81349.38857142857,28
13553,6,00.8400,25845.705217391303,4750.7008695652175,2746.892608695652,45787.77260869565,23
13554,6,00.8500,21357.140266666665,5047.7644,2760.344266666667,41410.27106666667,75
13556,6,01.0900,9756.371573033708,14559.586629213483,19441.246966292136,62990.11685393259,89
13558,6,01.1000,1178.4612,7478.2731,10752.4382,27859.0507,100
13567,6,01.2400,14621.457421052632,9022.607210526316,12147.18557894737,56079.81442105263,190
13568,6,01.2404,20714.6325,8065.75425,8418.303,56554.1585,40
13572,6,01.2408,19596.63667386609,15958.012159827214,20026.31142548596,85665.46732181426,463
13573,6,01.2409,5167.824027777778,9232.388055555555,11388.309027777777,43129.07958333333,72
13577,6,01.2413,25827.028875,23695.969375,32438.24125,128017.180625,80
13589,6,01.3104,17890.32951388889,13371.907037037037,17228.222199074076,76820.26381944444,432
13590,6,01.3105,6823.640923076923,6921.0121538461535,9164.119076923076,36658.72723076923,65
13592,6,01.3107,3065.9133333333334,5365.530476190476,4333.8076190476195,20683.80619047619,21
13593,6,01.3108,4413.872302521008,5235.39268907563,6435.441798319328,25837.56630252101,595
13594,6,01.3900,19747.48031992687,16096.262230347349,22757.87963436929,93822.17734917732,1094
13595,6,01.3901,9580.427352941177,14597.175756302522,21487.90462184874,71587.20483193277,238
13596,6,01.3904,25871.305757575756,19418.107272727273,26498.896363636366,109771.38363636364,33
13598,6,01.3906,20578.57894736842,13175.505263157895,15403.929999999998,71827.38631578948,38
13603,6,01.5100,25105.947,11901.1225,13430.059099999999,74541.3033,100
13608,6,01.5106,18752.39069767442,10743.859186046511,10110.303255813953,66947.0053488372,86
13614,6,01.5900,17359.178930635837,13034.283988439305,13553.10578034682,76608.07514450866,346
13615,6,01.5901,23136.39717948718,12593.104615384616,14446.35641025641,76029.69051282051,39
13616,6,01.5902,15898.591041666667,13264.087708333333,12329.283333333333,69553.92375,48
13617,6,01.5903,19375.308387096775,14883.384193548389,24985.21258064516,99175.12580645162,31
13621,6,01.5907,23073.70625,13331.981249999999,10358.844583333334,81433.69416666667,24
13622,6,01.5908,16491.75299145299,12874.423247863248,16046.182564102564,76794.58658119658,117
13623,6,01.5909,14497.103217391304,11842.89147826087,12410.865565217391,73862.73991304348,345
13626,6,01.5913,15212.941856287425,11142.844910179641,12778.909580838323,71062.25215568862,167
13630,6,01.5918,17100.09139013453,10948.566412556054,10740.050224215247,73745.08650224216,223
13632,6,01.5920,18507.90170212766,13859.44,14890.912978723405,78849.01936170213,47
13634,6,01.5923,13931.038833333332,10747.530666666666,10037.273666666668,67374.50483333334,60
13636,6,01.5925,20050.60794871795,14832.280256410259,28248.76128205128,96202.89256410257,39
13641,6,01.5930,18758.085694444442,12364.86625,12770.300555555556,69598.32875,72
13642,6,01.5931,7857.702230215828,7789.919712230217,8998.202086330934,50724.55812949641,139
13645,6,01.5936,25426.566226415096,17394.840188679245,9996.498113207548,82393.08981132075,53
13647,6,01.5940,14360.630789473684,10590.37342105263,12137.110789473685,68431.62421052631,38
13648,6,01.6x00,4629.184,3558.2658181818183,2673.602909090909,18529.13327272727,110
13653,6,02.0203,14431.586060606061,6165.189696969697,7156.790606060606,41826.562424242424,33
13654,6,02.0300,15775.289375,6415.6671875,6699.0478125,45732.31,32
13659,6,02.0502,3480.606956521739,5266.836086956521,4892.437391304347,86264.9504347826,23
13660,6,02.0503,21782.094885496186,5787.544351145038,8813.938091603053,49488.31679389313,131
13663,6,02.0600,16493.477238805972,5217.714104477613,6388.991417910448,41347.2223880597,134
13679,6,02.2101,10070.859152542373,15421.817966101695,16505.384745762713,64563.00779661017,59
13680,6,02.2200,11379.33548387097,9379.973225806452,18333.018387096778,58394.78290322581,31
13689,6,02.3400,21996.542388059705,9035.26208955224,16350.872835820895,93619.34298507463,67
13690,6,02.3401,25531.675172413794,9102.587241379311,13067.958275862069,75839.80931034483,29
13693,6,02.3405,32632.565000000002,13252.544615384617,20624.324230769227,105005.5253846154,26
13700,6,02.9301,230889.18264705883,5420.623235294118,3566.7280882352943,258696.86852941173,68
13702,6,02.9303,134307.9904347826,6944.760869565217,2413.1278260869567,166481.4052173913,23
13703,6,02.9405,12696.0703125,9409.46875,4562.4925,34045.050937500004,32
13705,6,03.0100,16480.2900990099,8779.48702970297,6466.1320792079205,48298.96792079208,101
13706,6,03.0900,28699.484006968643,7379.538397212544,5342.034146341463,65124.497560975615,287
13710,6,03.0909,39305.51714285714,7609.996190476191,5921.144285714286,76100.13761904761,21
13715,6,03.0914,9138.373623188407,4361.851449275362,1709.3507246376812,24608.43768115942,69
13718,6,03.3100,3536.4858035714283,8515.248214285715,9006.822767857144,31460.91205357143,112
13719,6,03.3101,449.13662607449857,5742.837017191978,3565.3979627507165,14238.9836991404,6980
13722,6,03.4x00,17516.16990740741,9429.606018518518,8098.466388888889,65601.58342592593,108
13724,6,03.4x03,27122.828181818182,8406.523636363638,8459.146666666666,66591.09393939395,33
13726,6,03.4x05,36830.317727272726,13072.583636363637,8812.240909090908,85210.47772727272,22
13727,6,03.4x06,27556.857435897433,9317.292051282051,7640.875641025642,64379.24051282051,39
13731,6,03.5300,39251.02129032258,5076.403225806452,3919.511612903226,60101.35822580645,62
13732,6,03.5301,32918.97689655172,5377.975172413793,4418.386896551724,55488.91724137931,29
13733,6,03.5302,37598.1344,12434.787466666667,11433.468533333333,90471.25426666667,75
13735,6,03.5304,30178.16266846361,6804.369137466308,6956.087035040431,59268.817304582204,371
13736,6,03.5305,28766.328006535947,5495.210446623094,5928.279814814815,54329.65883442266,918
13738,6,03.6x00,2857.774756097561,3349.640975609756,1293.9548780487805,17491.216829268295,82
13739,6,03.6x02,1349.200462962963,5085.374722222222,803.0186111111111,21266.185833333333,108
13740,6,03.7100,19726.736190476193,10079.03619047619,11568.977142857142,89641.99047619048,21
13742,6,03.9000,397.6215228426396,3659.421116751269,1558.778375634518,9567.444822335025,197
13743,6,03.9100,418.1294117647059,3280.153911764706,1184.4906470588235,8985.1705,340
13744,6,03.9101,461.6783163265306,2475.3167857142857,1373.9017857142858,7852.900816326531,196
13745,6,03.9102,1180.2833802816901,3300.054894366197,1496.165616197183,10261.462165492958,568
13746,6,03.9200,366.10722838137474,2329.4738359201774,7012.734279379158,13924.185365853658,451
13748,6,03.9202,377.1439837398374,2669.3343089430896,6085.964471544716,12445.199512195122,123
13752,6,04.0101,28150.294545454544,14005.390909090907,12770.346363636363,80710.48045454545,22
13754,6,04.0200,13538.511842105265,3287.616842105263,1958.2120175438597,26234.44464912281,114
13755,6,04.0205,1958.8509999999999,2156.2176666666664,1895.5468333333333,11177.383333333333,60
13756,6,04.0300,3949.132727272727,2226.039659090909,2299.1929545454545,17912.379090909093,88
13772,6,04.0700,2079.671086956522,3730.206086956522,2114.9773913043477,14145.832173913044,46
13778,6,04.0713,1876.8115384615385,3006.673076923077,1188.4632692307694,10594.276346153845,52
13792,6,04.2x00,2493.655909090909,2850.990909090909,1169.7072727272728,10974.280909090909,22
13794,6,04.2x02,1359.121212121212,4334.710303030303,1280.0757575757575,11787.043787878789,66
13796,6,04.2x04,1107.1442857142856,4641.005102040816,985.9498979591837,15408.10469387755,98
13797,6,04.2x05,1495.0601657458565,3275.3483425414365,1700.0344751381215,12458.44044198895,181
13799,6,04.2x07,1166.9008510638298,3362.1957446808515,1186.0665957446809,12707.746382978723,47
13800,6,04.2x08,557.0222727272727,4064.7681818181813,1032.2181818181818,11337.063181818183,22
13801,6,04.2x11,2292.7035294117645,3571.3382352941176,1120.3661764705882,11512.356764705883,34
13807,6,04.3x10,4064.3385714285714,1339.5721428571428,2620.4482142857146,15300.605357142858,28
13810,6,04.3x13,2012.4870833333334,1069.3055555555557,1708.5280555555555,11544.039444444445,72
13813,6,04.4100,11296.995918367345,3877.2286394557823,2032.6890476190474,24407.31707482993,147
13814,6,04.4101,12328.167711864407,4190.610338983051,4515.1825423728815,40491.835,118
13821,6,04.4204,12656.213949275361,4534.1042391304345,3742.5914855072465,39297.97402173913,276
13822,6,04.4205,15855.004615384616,5897.654230769231,4786.943076923077,38483.41038461539,26
13827,6,04.4300,1228.8280180180182,2000.9742342342345,1278.8887387387388,9465.03981981982,111
13829,6,04.4900,508.41832478632483,2289.0838803418806,1379.0207692307692,10174.88041025641,585
13834,6,04.4907,3957.75775862069,2289.805344827586,1822.9787931034484,13575.134655172415,58
13835,6,04.4908,2222.9513793103447,2589.803563218391,1555.9949425287357,11433.059770114942,87
13845,6,04.6x00,2312.2323809523814,2117.885714285714,1469.7409523809524,11949.807142857144,21
13848,6,04.7408,1217.0574000000001,1412.07,3447.4918,17394.328400000002,50
13849,6,04.7409,3357.127272727273,1433.090909090909,3173.989545454546,15890.628636363637,22
13859,6,04.8000,80.2515,2609.445,844.9592500000001,7717.705749999999,40
13860,6,04.8100,287.1501587301587,3744.1961904761906,1618.8569047619048,9545.220634920635,126
13861,6,04.8101,203.26208783783784,2487.983939189189,1756.4743378378378,9157.63825,2960
13862,6,04.8102,291.46574999999996,3744.91025,1824.3509999999999,10098.0085,40
13864,6,04.8104,516.6929213483146,2812.929775280899,1807.5169662921348,7930.913932584269,89
13867,6,04.8900,80.71138888888889,1537.8827777777778,1162.0330555555556,7797.036666666667,36
13870,6,04.9900,1364.0479411764704,3958.9073529411767,1770.826176470588,11930.551323529411,68
13872,6,05.0x01,1386.6780536912752,1775.3604026845637,1121.8724161073824,12460.763422818793,149
13877,6,05.3100,214.73528901734105,3209.529190751445,1321.5009248554913,9789.756445086705,346
13882,6,06.0900,2088.9138000000003,3762.9602,3329.755,14555.8642,50
13885,6,06.1100,1280.8824657534246,3515.964383561644,843.4091780821918,7299.428219178082,73
13886,6,06.1101,550.4003554868625,3874.987774343122,1194.7457032457496,7378.584142194745,647
13892,6,06.2x00,4068.499926650367,3766.7301466992662,2315.056136919315,17622.362322738387,409
13893,6,06.2x01,3527.2403539823013,3924.7337610619466,1939.8273451327432,22076.625973451326,226
13894,6,06.2x02,4174.75753783684,4120.832499077151,2277.1807530454043,20694.309365079363,2709
13895,6,06.2x03,4215.858219178082,3998.8136986301374,1983.0746575342466,17829.730273972604,73
13896,6,06.2x04,4566.867242798354,4410.078189300411,2508.9932510288068,20904.85868312757,243
13897,6,06.3100,7383.091295546558,2487.5149068825913,1034.623174089069,15477.554696356276,1235
13899,6,06.3102,10233.577456647397,3561.256069364162,528.0977456647399,15463.926300578034,173
13900,6,06.3900,3679.4316160220997,4053.0977900552484,1998.9143508287293,18096.696160220992,724
13901,6,06.3901,5438.688222222222,4469.350777777778,2199.9132222222224,23022.356,90
13905,6,06.3905,3526.6028571428574,4044.2914285714287,3023.7032142857142,18413.52857142857,28
13908,6,06.3908,5068.89380952381,3500.4409523809522,1808.7352380952382,18656.69380952381,21
13909,6,06.4x00,4732.612496493689,5294.251444600281,3074.950392706872,25669.596189808322,2139
13910,6,06.4x01,5675.367000000001,4832.3712,3647.414,25810.21,50
13911,6,06.4x02,4877.717096774194,5100.317419354838,3438.7648387096774,24593.112903225807,31
13913,6,06.5100,3820.9332499999996,6023.92275,2356.892,22998.572,40
13914,6,06.5101,4525.4908000000005,5591.7880000000005,2695.5044,24237.6192,25
13917,6,06.7x00,1971.3775,2126.4842857142858,1245.3210714285713,10414.217857142856,28
13918,6,06.7x01,1416.3873362445415,1929.648515283843,1196.8643231441047,9361.92231441048,229
13919,6,06.7x02,1392.2239393939394,1752.7363636363636,1153.5415151515153,8950.104545454546,33
13920,6,06.8100,3788.343384615385,7346.406461538461,3395.8367692307693,28813.155846153844,65
13923,6,06.8902,3723.1809677419355,7204.630483870968,3247.1398387096774,25399.855967741936,62
13924,6,06.8903,3703.146037735849,6395.586981132075,2240.7684905660376,22580.987924528305,53
13928,6,06.9900,7182.54,2985.868571428571,711.4519047619048,14915.436666666666,21
13931,6,07.2100,5245.294285714285,7700.576666666666,3914.6614285714286,34464.550476190474,21
13933,6,07.2102,4886.075923753665,5810.95715542522,5442.931085043988,27903.582316715543,341
13935,6,07.2201,6490.789801587302,5346.485714285714,3172.2024206349206,29346.249206349206,252
13938,6,07.2902,5270.343596491229,4432.771271929824,2292.5735964912283,27379.546271929823,228
13945,6,07.6200,11435.011501706485,10653.401535836178,8793.288259385665,52163.78201365188,293
13946,6,07.6201,12201.713653846153,11014.885384615385,11497.287499999999,55968.211730769224,52
13947,6,07.6202,6500.804,12579.311714285714,9055.447428571428,56491.27542857143,35
13957,6,07.8300,5103.787826086957,6196.263695652174,5361.754347826087,29420.577608695654,46
13959,6,07.8401,7553.281774193548,6348.955967741936,5381.331774193549,35013.618709677416,62
13964,6,08.0902,94.29960000000001,2181.678,1118.93,4675.2828,25
13969,6,08.2000,195.4556052631579,1340.9349605263158,314.65519736842106,3339.5373684210526,760
13970,6,08.2001,634.6687499999999,1411.3135416666667,496.454375,5656.499791666666,48
13973,6,08.2100,215.79767567567566,847.9791891891891,354.6644324324324,2814.5768648648645,185
13974,6,08.2200,244.00772727272727,975.690909090909,255.20030303030305,3151.8839393939393,66
13975,6,08.2201,403.3842857142857,587.8809523809524,243.60809523809525,3204.2561904761906,21
13976,6,08.2300,372.63564102564106,982.1479487179487,213.71230769230772,4777.494871794872,39
13977,6,08.2400,292.93704545454545,1090.665909090909,173.30090909090907,3464.3475000000003,44
13978,6,08.2500,163.63476190476192,824.3857142857142,110.90380952380953,2081.7585714285715,21
13980,6,08.3101,465.1025925925926,1593.0259259259258,570.2503703703704,6445.45,27
13984,6,08.3300,436.4774825174825,919.9878321678323,315.67153846153843,5846.395734265734,143
13990,6,08.4202,238.268679245283,909.8207547169811,271.98471698113207,3114.432075471698,53
13991,6,08.4203,169.5700819672131,1003.595737704918,187.43934426229507,3101.759918032787,122
13995,6,08.4302,231.56416666666667,843.1873333333333,295.8596666666666,3548.8725,60
13997,6,08.4401,251.927581300813,1066.9115650406504,242.96888211382114,3623.668780487805,492
14001,6,08.4902,240.52071856287426,1148.5692215568863,263.20824351297404,3237.2599600798403,501
14006,6,08.6100,856.9620454545455,1462.736818181818,816.0356818181818,9480.321136363636,44
14010,6,08.7000,337.53896551724137,2423.337931034483,784.9455172413792,6875.497586206896,29
14016,6,08.8101,410.258828125,2598.555703125,1645.53921875,7339.503984375,128
14017,6,08.8102,570.2386666666666,2001.19,1553.6426666666666,7255.399333333334,30
14038,6,09.4100,347.6355294117647,1837.1988235294116,615.0925882352941,4110.133294117647,85
14039,6,09.4200,601.2882352941176,1903.7082352941175,968.1939215686274,4933.062156862746,51
14040,6,09.4300,882.8780113636363,1513.99375,301.37874999999997,4209.015056818182,176
14041,6,09.4400,1386.3839999999998,1055.3316666666667,321.186,4623.9473333333335,30
14042,6,09.4401,1216.9857692307692,768.5192307692307,196.84192307692308,4258.4773076923075,26
14043,6,09.4402,1564.148048780488,1680.7887804878048,205.27829268292683,4359.85243902439,164
14044,6,09.4403,263.32911764705887,751.8382352941177,140.84029411764706,4606.563823529412,34
14045,6,09.4404,1552.0333333333333,1235.652380952381,321.6152380952381,4304.931428571428,21
14047,6,09.4900,314.34096989966554,2266.3488294314384,1069.646989966555,4981.785217391304,299
14050,6,09.5200,291.8938095238095,1566.6857142857143,364.99619047619046,3596.162380952381,21
14054,6,09.6x01,189.26159420289855,1480.893115942029,401.5115217391304,3785.2023188405797,138
14058,6,09.7201,794.4408333333334,714.9166666666666,178.20749999999998,3583.2795833333334,24
14059,6,09.7300,938.4887234042553,904.82695035461,254.17964539007093,3640.4560283687943,141
14060,6,09.7301,1018.6084848484849,1571.527878787879,941.3283838383837,6434.359494949495,99
14061,6,09.8100,887.6613173652694,1408.302359281437,674.4525748502995,6268.078718562875,835
14071,6,10.3101,190.68763925729445,1241.5303448275863,214.80923076923077,3015.667877984085,377
14086,6,10.4903,383.5835555555555,1209.9688888888888,294.18755555555555,4035.5797777777775,45
14087,6,10.5x01,305.4230136986301,1698.2712328767125,194.20205479452054,5575.461780821918,73
14088,6,10.6x00,462.9821875,1683.7920833333335,578.3752083333333,4487.4061458333335,96
14089,6,10.9100,43.5901680672269,1463.1663025210084,803.8986554621849,3747.5125210084034,119
14090,6,10.9900,255.65192307692308,1083.2307692307693,847.0726923076923,5319.3146153846155,26
14091,6,10.9901,164.35541666666666,1284.6541666666667,242.97,3069.419583333334,24
14093,6,11.1x01,301.93384615384616,1319.2897435897437,511.77538461538455,3503.2941025641026,39
14097,6,11.3200,258.1083870967742,1196.4354838709678,209.9416129032258,3556.257741935484,31
14098,6,11.3201,284.1954408060453,1253.3885831234256,241.64861460957178,3742.2016750629723,1588
14100,6,11.3203,1678.2496551724137,1063.8206896551724,180.1944827586207,5484.293448275863,29
14101,6,11.3900,320.4715151515152,1238.671818181818,301.53212121212124,3761.1219191919195,99
14102,6,11.3901,239.76729540918163,1187.5925449101796,213.89709580838326,3396.867594810379,1002
14105,6,11.4903,922.2110606060606,1693.8257575757575,993.6245454545455,5688.778939393939,66
14106,6,11.5100,1394.8996987951807,1454.1873493975904,1068.3477108433735,7806.045240963856,166
14110,6,11.6200,5071.929999999999,1166.6131147540982,1097.9701639344262,18549.05,61
14111,6,11.6400,1463.5267857142858,1580.1339285714287,1304.0773214285714,13263.88875,56
14120,6,12.1101,203.9790909090909,2075.4,594.1386363636364,4738.9745454545455,22
14125,6,12.1403,937.5275609756097,1419.651219512195,557.08,5515.455853658536,41
14140,6,12.4401,141.98239999999998,3213.3,380.5,6785.7824,25
14142,6,12.5400,3485.7978947368424,1556.2947368421053,575.1589473684211,12908.121315789473,38
14143,6,12.5900,2248.208043478261,1213.95,450.7828260869565,12534.82195652174,46
14145,6,12.6400,700.8074605954466,1587.2350788091069,461.5038003502627,5876.61295971979,571
14153,6,12.6704,3373.051086956522,1459.3815217391304,871.5842391304348,10708.203043478261,92
14156,6,12.7200,150.4965306122449,1647.334693877551,505.9959183673469,3946.304081632653,49
14157,6,12.7300,174.34173913043477,841.4304347826088,173.06478260869565,2119.107391304348,23
14162,6,12.8100,1802.8489285714284,1805.6869642857143,1418.0533928571429,9433.570357142857,56
14170,6,12.8801,317.36833333333334,1554.213095238095,406.9207142857143,8554.075476190475,84
14177,6,12.9101,1123.438625,2393.1552500000003,1218.0976249999999,6927.356875,80
14178,6,12.9102,798.3553571428572,1614.4910714285713,925.4296428571428,5683.295714285714,28
14188,6,13.1902,2305.5608695652177,1605.3869565217392,591.6347826086957,7902.106521739131,23
14190,6,13.3x00,1585.8473684210526,1490.6315789473683,371.3572368421053,6520.693684210527,76
14192,6,13.4100,2493.478182709942,1499.2618236874653,261.20204034631297,7187.402465134132,23447
14193,6,13.4101,4545.408179347826,1261.7621195652175,181.03926630434782,12128.48616847826,368
14195,6,13.4300,1759.673552631579,1884.0526315789473,295.41473684210524,5820.9152631578945,152
14196,6,13.5900,1619.1901423487545,1300.425800711744,359.0329893238434,5532.1207473309605,281
14200,6,13.6502,286.0469565217391,1466.908695652174,504.2773913043478,4721.148260869565,23
14201,6,13.6503,436.5165217391305,1733.682608695652,436.2273913043478,4228.808695652174,23
14202,6,13.6900,1683.9775862068966,2103.7255172413793,722.826551724138,7693.787931034483,29
14204,6,13.7000,1670.53734375,1373.873125,208.04140625,5955.10671875,64
14205,6,13.7100,2663.454170650975,1127.449405418659,286.026933921785,7551.535091332598,8157
14206,6,13.7200,1969.3128387096774,1424.9451612903226,400.88425806451613,7147.212967741935,155
14207,6,13.8x00,1656.3,1545.5957142857142,303.46914285714286,6564.894285714286,35
14208,6,13.9000,1254.7925925925927,1699.7814814814815,262.34444444444443,6281.748888888889,27
14209,6,13.9001,1020.9652380952381,1186.304761904762,435.66333333333336,5036.169047619048,21
14210,6,13.9002,1979.3929166666667,2003.0291666666665,322.28041666666667,7048.900416666666,24
14212,6,13.9100,1182.285024390244,726.88,417.88297560975604,6366.728195121951,205
14222,6,14.2402,299.63959183673467,2371.049897959184,967.4486394557824,6190.1048639455785,294
14225,6,14.2900,5295.5286153846155,1302.8738461538462,440.05961538461537,15080.836461538462,130
14230,6,14.3400,680.4412500000001,1737.475,872.44625,5152.5753125,32
14233,6,14.4100,2222.5837142857144,950.5285714285715,342.0522857142857,7631.479714285713,35
14237,6,14.5200,1475.8977631578946,1296.2671052631579,337.0184210526316,7224.898026315789,76
14238,6,14.5400,3421.6692592592594,1304.7092592592594,491.61148148148146,10007.03962962963,54
14246,6,14.6x02,1598.1201089918256,1353.803451407811,325.61976385104447,6748.613687556766,1101
14247,6,14.7100,2931.3986390532546,2598.7609467455623,1677.2271597633137,14066.55698224852,169
14249,6,14.7201,618.5081818181818,2687.0809090909092,1013.8713636363635,6869.851818181818,22
14250,6,14.7202,5182.91717549325,1545.913894080997,528.338743509865,14926.812803738318,963
14252,6,14.7300,3342.108769230769,1320.8953846153845,719.2804615384616,10934.519692307693,65
14253,6,14.7400,4959.908181818182,1544.4274125874126,310.92454545454547,12521.694475524477,143
14254,6,14.7401,6111.471671446128,1591.1412371978697,592.1367595247849,14264.059541171653,2441
14257,6,14.7900,264.9409677419355,1864.8145161290322,409.50709677419354,4057.776935483871,62
14260,6,14.7903,221.62531105990783,1299.5863087557605,615.9999861751152,3629.631751152074,4340
14269,6,15.1100,566.8387162162162,1084.8752364864865,416.74375,5737.183006756756,296
14272,6,15.1900,255.6057142857143,2549.7333333333336,817.6304761904763,6984.615714285714,21
14274,6,15.2200,598.7182089552239,983.4405970149254,351.9949253731343,6278.3279104477615,67
14277,6,15.3x01,667.7001576182137,989.91057793345,381.2422066549912,7259.012154115587,571
14280,6,15.4x01,658.1225000000001,1016.9964285714286,476.645,6681.630357142857,28
14282,6,15.5x00,567.6212,850.936,293.52119999999996,5625.3924,25
14286,6,16.0101,1293.1677941176472,3962.6180882352946,2297.3214705882356,12866.907720588235,136
14287,6,16.0900,1502.8829411764707,2174.779411764706,1498.8279411764706,11623.56338235294,68
14292,6,16.1x00,1197.24,1675.1612903225807,598.1990322580644,6787.116129032258,31
14295,6,16.2100,282.3733834586466,3988.761372180451,1329.5692857142858,8632.7325,532
14299,6,16.3100,3609.7772972972975,1141.7178378378378,773.4808108108108,9806.09581081081,74
14300,6,16.3900,773.8554716981131,1508.5575471698114,1030.7115094339622,6365.763867924528,106
14302,6,16.4101,4292.29,1536.4852500000002,809.4957499999999,10841.22525,40
14304,6,16.4900,583.182,2454.979,1545.6178,7739.839599999999,50
14316,6,16.8200,775.9328260869567,1811.2113043478262,1148.3839130434783,6966.165760869565,92
14321,6,16.9100,46.75033333333333,2271.063333333333,812.306,4329.091666666666,30
14322,6,16.9200,658.2129411764706,1886.5395294117645,527.5928235294117,5553.91205882353,170
14323,6,16.9201,2251.7052,2493.1032,1211.1932000000002,11828.9356,25
14324,6,16.9300,876.8576351351351,1849.534527027027,777.7428378378379,7443.322027027027,148
14328,6,17.1100,5469.293988439306,1939.0512138728322,1233.44,13129.376618497108,346
14329,6,17.1200,5444.129041429732,1795.30358245329,1199.5847684809098,12669.77443541836,1231
14330,6,17.1300,5461.169893314367,1922.0681436699858,1250.3511806543386,13306.770995732575,1406
14331,6,17.2100,9945.843137254902,2267.0501960784313,1367.3389215686275,19243.863235294117,204
14332,6,17.2200,8969.766996904025,1882.4492260061918,1205.9287306501546,17769.567925696596,323
14333,6,17.2300,9861.8787,2316.9913,1370.2477,19268.0966,100
14334,6,17.2400,8919.377372881356,2364.520508474576,1305.1719491525425,19021.199237288132,118
14336,6,17.3101,17232.381923076922,9116.270576923078,7193.550961538462,51188.04288461538,52
14337,6,17.3200,10221.710000000001,5571.788235294117,6081.359411764706,32743.12705882353,34
14338,6,17.3300,15800.2206020558,9458.305888399413,9190.385330396475,52503.82898678414,681
14340,6,17.3401,16855.9996,8638.524,9143.930400000001,51726.4216,25
14341,6,17.3500,17575.196966292136,9877.935505617977,10443.665112359551,55958.74696629214,178
14342,6,17.3600,16020.191386861314,8859.167542579075,8551.939683698296,51797.91255474452,411
14343,6,17.3900,13994.428703703705,9842.198703703703,9937.664444444445,53945.63055555555,54
14345,6,17.5500,19571.865555555556,6480.586111111112,4485.022777777778,42499.51833333334,54
14346,6,17.5501,35556.498095238094,5821.311904761905,3984.2285714285717,64195.1680952381,21
14350,6,17.9121,204.38008849557525,2805.4020648967553,2706.902330383481,7601.784749262536,339
14351,6,17.9123,132.66935483870967,1916.2903225806451,1276.1835483870968,4561.532258064516,31
14354,6,17.9127,330.7517123287671,3021.818493150685,3260.2686301369863,9714.992602739725,146
14356,6,17.912A,343.4101513292434,2257.437128834356,2292.311263803681,7937.8041799591,2445
14357,6,17.912a,136.6748263888889,4002.8564814814813,3370.4169675925928,11875.973854166667,864
14359,6,17.9133,729.8323733333334,2984.228266666667,3204.6444533333333,9532.226693333334,375
14360,6,17.9135,103.29815789473685,3308.9081578947366,3155.7063157894736,11128.394210526316,38
14362,6,17.9137,287.43060606060607,2824.709696969697,3410.8284848484845,11225.860909090909,33
14363,6,17.9200,75.86576530612244,1773.627,1492.2401836734696,7292.660632653061,980
14369,6,17.9300,174.4349180327869,2106.2918032786883,2886.837868852459,7705.539180327869,61
14370,6,17.9400,83.92394904458598,1981.8291719745223,2384.327515923567,7949.397579617834,157
14371,6,17.9500,146.8137407070653,2243.567731186821,2398.542306787185,7107.5982211049895,18697
14372,6,17.9515,423.632,2647.5748837209303,3349.1626511627906,8654.00776744186,215
14373,6,17.9521,518.5754838709677,3229.5,3550.695806451613,9713.166451612902,31
14374,6,17.9522,316.69259259259263,2646.6481481481483,3370.015185185185,8955.263333333332,27
14376,6,17.9524,109.04318181818181,4357.045454545455,3096.0186363636367,9681.895909090908,22
14379,6,17.9542,433.63372727272724,3034.8818181818183,2673.9991818181816,9629.713818181819,110
14382,6,17.9571,743.5246319018405,2666.2257668711654,3283.0740184049077,9365.065705521472,326
14383,6,17.9572,245.47241379310344,2949.9862068965517,3916.83275862069,9273.708965517242,29
14384,6,17.9610,16.71650969529086,2881.5038781163435,624.9587257617728,7443.681939058172,361
14385,6,17.9611,17.379411764705882,2895.3970588235293,640.89,7404.431176470588,34
14386,6,17.9612,19.751666666666665,3373.7083333333335,830.2541666666666,8064.464166666668,24
14387,6,17.9700,263.602659453303,1849.8482175398635,2088.1424544419133,8023.888422551253,1756
14404,6,17.9742,251.84455172413792,2973.4172413793103,2634.3426896551723,16567.933448275864,145
14405,6,17.9743,387.0965217391305,3791.3695652173915,4455.453913043479,26636.866086956525,23
14410,6,17.9833,2081.3613620071683,1391.6255197132616,2093.682258064516,9398.62129032258,279
14411,6,17.9842,236.54101694915255,2434.998305084746,4076.7640677966106,8733.946101694915,59
14417,6,18.0201,74.70571428571428,1197.4761904761904,457.7633333333334,2807.6099999999997,21
14419,6,18.0900,256.04761904761904,1241.695238095238,1058.7371428571428,4491.651904761905,21
14420,6,18.0901,107.27983333333333,1036.6215,558.7441666666667,3077.2509999999997,60
14422,6,18.1100,127.75057692307692,2473.9471153846152,1815.6834478021979,6240.713681318681,728
14425,6,18.2100,676.4965459610028,1355.180557103064,768.0683844011141,5774.906713091922,359
14426,6,18.2101,460.15493150684927,1343.7438356164384,572.8704109589041,4509.958630136986,73
14427,6,18.2900,540.369408528198,1590.5550206327373,702.8767950481431,5460.076341127923,727
14428,6,18.2901,447.2129605263158,1343.8817105263158,384.62434210526317,4269.021644736842,152
14432,6,18.2907,549.5735789473684,1139.0162105263157,380.305052631579,5892.025473684211,95
14439,6,18.7100,953.4041666666667,1536.476111111111,1347.9341666666667,9851.313333333334,36
14441,6,18.7103,3674.1564000000003,1546.0323999999998,2039.1544000000001,35603.112400000005,25
14445,6,18.7900,1651.9915625,1065.6575,586.1125,16073.1421875,32
14454,6,19.2901,2825.1109782608696,2351.949456521739,1386.896195652174,15298.006847826086,92
14455,6,19.3x00,3201.076538461539,1985.3115384615385,1768.3407692307692,16126.081153846153,26
14456,6,19.3x01,2122.0835714285718,1938.3500000000001,1406.4289285714287,18380.14214285714,28
14459,6,19.4x00,1393.8371751412428,1696.3238700564973,1507.8677683615822,11511.741949152542,354
14460,6,19.4x01,1282.9033613445379,1654.9255462184876,1218.9314285714286,11436.107058823529,238
14461,6,19.5200,1411.2220304568527,1625.9100507614214,1158.8459390862945,12435.80852791878,197
14462,6,19.5300,2569.4066666666668,2027.5638888888889,1424.3972222222224,17254.23402777778,72
14467,6,20.0100,1110.2590389610389,1615.7834025974025,729.9251168831169,6263.784363636363,385
14469,6,20.0901,368.1219696969697,1473.5430303030303,602.6622727272727,4061.177878787879,66
14470,6,20.0902,103.37481481481483,1652.0702880658437,1034.9880658436214,4904.103497942387,486
14474,6,20.2301,954.7931868131869,1517.5665934065935,1380.0042857142857,7002.553626373627,91
14479,6,20.4900,2287.9089393939394,2125.1078787878787,1745.3754545454544,14926.926212121212,132
14480,6,20.4901,2257.6887908496733,2303.0951960784314,1626.6255555555556,16936.39954248366,306
14481,6,20.5100,722.8919078947368,1544.1344736842104,548.5313815789474,5662.17572368421,152
14496,6,20.9400,104.4538043478261,1785.4641304347826,2019.556847826087,5674.989130434783,92
14498,6,20.9801,1227.4557575757576,1953.5242424242424,859.8166666666667,19891.485454545455,33
14502,6,21.0100,125.22613445378151,1849.4361344537815,1372.431932773109,4698.440588235294,119
14503,6,21.0200,228.4310714285714,1777.6057142857142,1117.245357142857,4390.361428571428,28
14504,6,21.0300,652.0792424242424,1256.792,726.5037878787879,4394.560303030303,330
14506,6,21.0302,508.14344262295083,1351.1450819672132,835.5233606557377,4284.830163934426,122
14507,6,21.0400,755.6171102661597,1416.0460456273763,664.5933460076045,4960.200532319392,263
14510,6,21.0900,1145.1592105263157,1304.4276315789473,545.4017105263158,4151.309342105264,76
14513,6,21.0904,287.5778512396694,881.3785123966942,300.4803305785124,3307.9593388429753,121
14518,6,21.2100,157.5406855791962,2934.2855555555557,1805.8436406619385,6650.301985815603,423
14519,6,21.2200,492.64933333333335,5104.172666666666,1148.3203333333333,8600.291000000001,30
14521,6,21.3000,977.2496000000001,2566.8920000000003,1139.4080000000001,8049.41,25
14524,6,21.3102,1379.2075147928995,2149.0730769230768,1715.230177514793,11234.578165680474,169
14525,6,21.3103,1138.9418918918918,3071.9494594594594,1176.2394594594596,10097.098108108108,37
14526,6,21.3104,1541.2403703703703,2333.859012345679,1138.1093827160494,9829.966543209877,243
14529,6,21.3200,560.7935267857143,1651.0844642857141,750.0787499999999,5207.809017857143,224
14530,6,21.3201,740.9738541666667,2206.176770833333,675.9215625,7117.063229166666,96
14532,6,21.5x00,1646.0259568345325,1650.32945323741,1315.3098992805756,8384.80073381295,695
14533,6,21.5x01,1882.3508459214502,1949.1140181268881,1427.4183081570998,9620.467099697884,331
14536,6,21.6200,567.2197916666667,1060.1499999999999,1118.5629166666665,6960.529375000001,48
14539,6,21.6903,1543.7610344827585,1632.295775862069,1035.4870689655172,6878.091551724138,232
14540,6,21.6904,1760.929109947644,1836.5823036649213,913.63554973822,7310.898115183246,191
14541,6,21.7100,606.4524024024024,1300.1634234234234,893.5414564564564,4915.5250300300295,666
14542,6,21.7200,1037.7301282051283,1762.783205128205,1515.4194871794873,8318.08641025641,78
14543,6,21.8100,593.4084,1954.3092,1418.112,6811.5884,25
14549,6,21.8400,1224.5950452781371,1692.9732212160416,1789.0510737386805,9970.276157826649,773
14556,6,21.8700,1319.5772,1472.404,1460.0246,8032.280600000001,50
14564,6,21.9900,415.40444444444444,1577.7396296296297,972.0237037037036,5584.909629629629,27
14566,6,22.0000,64.2725641025641,970.9307692307693,584.7035897435898,4965.736410256411,39
14575,6,22.2x00,1747.140357142857,2343.5835714285713,1462.7096428571429,11336.495357142858,28
14576,6,22.2x01,1457.8914030915575,1830.6220808561236,1276.6261236623068,10931.77405469679,841
14587,6,22.5002,1897.8736,2358.198,2584.7496,14168.5264,75
14588,6,22.5102,1271.0697916666666,2591.6852916666667,1016.7469166666667,11766.368958333333,240
14590,6,22.5203,1273.7639880952381,2239.8825,951.071369047619,11086.839702380952,168
14592,6,22.5300,1728.0156803170412,1924.9925858652575,1718.8200495376486,12197.058229854689,3028
14593,6,22.5301,1674.2405012531328,1848.1828822055138,1848.8443107769424,12525.373558897243,399
14595,6,22.6001,2996.163181818182,2621.6370454545454,1674.7140909090908,14222.825681818182,44
14596,6,22.6002,1516.593317865429,1745.068143851508,1429.9381670533642,10787.238422273782,431
14599,6,22.6201,2164.4016804407715,2159.7085674931127,2094.5650137741045,13323.232479338842,363
14600,6,22.6300,1090.6425,2037.6458333333333,1429.5855555555556,10622.599166666667,36
14601,6,22.6301,999.4634567901234,2254.9354320987654,1221.4807407407407,11261.100864197531,81
14603,6,22.6303,2189.173,2406.0825,1635.2485000000001,13680.964000000002,40
14606,6,22.6403,2685.8977419354837,2543.3109677419357,2272.2848387096774,14893.974838709679,31
14612,6,23.1100,243.70395833333336,2182.2166666666667,1239.36375,7331.610833333333,48
14613,6,23.1900,396.0270817120623,2354.4357976653696,1602.8974708171206,8519.330155642023,257
14615,6,23.1902,614.9334090909091,2072.5836363636363,1277.3111363636365,7427.431136363637,44
14632,6,24.3100,4058.047470588235,3781.252529411765,2362.4024705882352,18731.143882352942,170
14636,6,24.4x00,1355.1772093023255,2238.050813953488,1456.1961627906976,10775.880930232559,86
14637,6,24.4x01,1054.7769230769231,1911.5823076923077,990.9682692307692,8993.496538461539,52
14638,6,24.4x04,954.4208571428572,2330.92,1161.997142857143,9460.728285714285,35
14641,6,24.5x00,3654.3919047619047,1756.904761904762,755.8809523809524,23397.435714285715,21
14654,6,25.1x01,2360.974536082474,3234.5159793814432,1896.231237113402,13068.892731958762,194
14657,6,25.1x04,1196.0033636363637,1969.9384545454545,1071.3658181818182,7336.228454545455,220
14659,6,25.2x00,16977.75494117647,6462.081882352941,5461.201176470588,46297.735882352936,85
14661,6,25.4x00,5133.9400000000005,5252.7409677419355,3913.574516129032,25744.830322580645,31
14662,6,25.5100,4671.129259259259,2741.7200000000003,4138.684444444444,17981.45666666667,27
14664,6,25.9100,423.4148484848485,941.1075757575758,378.9712121212121,3841.5333333333333,33
14665,6,25.9101,370.875,694.515625,297.5446875,3016.03953125,64
14668,6,25.9900,563.2147826086957,802.4673913043479,328.1808695652174,3306.594347826087,23
14670,6,26.0x01,729.2542857142857,2444.885714285714,2192.2409523809524,8495.848095238096,21
14671,6,26.1100,341.13954545454544,5099.619848484848,1159.3439393939393,8355.10787878788,66
14674,6,26.2901,2427.3725440806047,2587.8599496221664,1719.3423677581866,12276.82692695214,397
14676,6,26.2903,845.9350649350649,1601.9932467532467,1036.553116883117,6960.382727272727,77
14677,6,26.2904,1515.3511494252873,2727.1128735632183,1581.3681609195403,10475.850689655172,87
14678,6,26.2905,767.6729166666668,1743.5266666666666,1154.2629166666668,7442.059166666667,24
14680,6,26.3100,3006.6893684210527,2848.8093684210526,1781.5831052631577,13863.644105263158,190
14681,6,26.3101,2842.9732467532467,3355.087467532467,1802.506168831169,13721.430324675324,154
14682,6,26.3102,1534.9045454545455,3241.2336363636364,1481.4513636363636,11627.85681818182,22
14687,6,26.3201,4774.544942528735,4495.779540229885,2365.773103448276,21221.982413793103,87
14688,6,26.3202,1068.4519285714284,1777.7860714285714,1288.279,8184.543785714287,140
14689,6,26.3203,1741.816013986014,2739.4358041958044,1674.4464335664336,11561.07804195804,143
14694,6,27.0x01,2255.0010975609757,5730.128658536585,7343.752560975609,25588.458536585367,82
14696,6,27.0x03,712.3596249999999,2925.172125,3098.783125,11427.079125,80
14700,6,27.0x08,1670.7359677419356,5597.945322580645,5825.15629032258,21307.14064516129,62
14702,6,27.0x10,668.0825161290323,2983.3585806451615,2719.0514193548383,10080.192322580646,155
14707,6,27.2300,228.32645299145298,6350.038076923077,2001.010170940171,10606.41311965812,234
14710,6,27.2402,354.1461538461538,4979.974615384615,1399.0952307692307,8980.136153846153,65
14713,6,27.3101,1739.6317021276595,2565.0936170212763,1392.5874468085105,10790.933829787235,47
14718,6,27.4300,539.167142857143,2446.558163265306,2417.4553061224487,9022.709387755101,49
14719,6,27.4301,655.5834959349594,1776.9121138211383,815.7934146341463,6146.220243902439,123
14721,6,27.4900,13436.81567164179,6054.340447761194,4920.514179104478,40014.9347761194,67
14722,6,27.4901,1830.91,2875.0428571428574,1647.7604761904763,10400.261904761905,21
14723,6,27.4902,1100.6372222222224,2461.5251388888887,1234.9177777777777,8985.18375,72
14724,6,27.4903,9594.251538461538,5991.683653846154,4808.921346153847,32038.824230769227,52
14725,6,27.4904,2244.1840677966106,2536.735593220339,1334.071694915254,10756.273220338982,59
14727,6,27.4906,11408.267797619048,4458.531011904762,3671.8063095238094,34765.70363095238,168
14730,6,27.5100,678.2124324324325,2866.7354054054053,2307.484054054054,9798.936756756757,111
14733,6,27.5400,1518.8019587628867,1075.3350515463917,780.0664948453608,18932.788969072164,97
14749,6,27.6200,947.5382178217822,979.2144554455446,661.0380198019801,10008.81188118812,101
14753,6,27.6900,3149.9361,3474.4402,3156.8363,16934.291,100
14755,6,27.6902,1537.3659790732436,1447.1160986547086,1044.6563677130046,8548.30687593423,669
14758,6,27.6906,2711.7716091954026,3301.0474712643677,3035.4486206896554,15041.100804597701,87
14761,6,27.7901,835.7881395348837,1638.2495348837208,758.7927906976744,5702.080465116279,43
14763,6,27.9201,109.91000000000001,2381.0125000000003,1248.2304166666665,5786.700833333333,24
14764,6,27.9900,917.5897080291971,2046.6028467153287,869.1705109489051,7004.950839416058,274
14765,6,27.9901,7801.221839080459,5088.681149425288,3347.65632183908,26068.100574712644,87
14767,6,28.0x00,131.25252252252253,1448.3918468468469,1128.1522072072073,3898.0351351351355,222
14769,6,28.0x02,83.28589743589744,1474.7589743589742,1101.3897435897436,3858.58358974359,39
14771,6,28.1101,296.0251851851852,4022.794074074074,948.1133333333332,6758.014814814815,27
14772,6,28.2x00,1841.4281404421326,1836.6681274382315,1652.4477113133942,9244.887698309492,769
14775,6,28.2x03,2350.019574074074,1678.7871388888889,1570.3484444444446,9362.444342592593,1080
14776,6,28.2x04,1076.5899074074075,1652.6790740740742,1352.0487962962961,8284.143240740741,108
14777,6,28.3x00,1251.1622950819672,1461.0101639344261,770.7186885245902,8064.442950819673,61
14778,6,28.3x01,2102.3603759398497,1486.514844253491,858.3663694951665,9566.604457572503,931
14779,6,28.3x02,1736.1561904761904,1555.7185714285715,1561.4795238095237,9439.728095238095,21
14780,6,28.3x03,2128.841920654912,1729.6940680100756,1194.9474307304786,9575.21403652393,1588
14781,6,28.5x00,237.1290476190476,1218.7666666666667,494.5088095238095,6297.139761904762,42
14782,6,28.5x02,118.99022222222223,934.0822222222222,407.7488888888889,6102.629111111111,45
14784,6,28.6x00,1989.1166073194856,1275.9330563798221,777.9632443125618,7250.029831849654,1011
14785,6,28.6x01,1683.4940082644628,1584.4073553719008,978.0576446280991,7865.44785123967,242
14786,6,28.6x02,1440.9040524781342,1244.0412827988337,749.0169679300292,6657.6829154518955,343
14791,6,28.9201,1405.418,1923.8081052631578,1244.858105263158,7642.71547368421,95
14793,6,29.1100,178.64724166666667,2712.069754166667,1456.4656166666666,6007.35155,2400
14796,6,29.1202,644.8047142857143,5666.750142857143,1570.3424285714286,10353.063285714286,70
14797,6,29.1203,525.9829739776952,4695.17531598513,1450.6881412639405,8996.529293680296,269
14798,6,29.1204,824.7054838709677,4542.435483870968,1647.7490322580645,10161.553225806452,31
14800,6,29.2x00,1045.086923076923,1852.6524615384617,983.2415384615384,8189.895692307692,65
14803,6,29.3900,1539.5602040816325,3446.6487755102044,1495.5238775510204,11258.499183673468,98
14804,6,29.3901,1075.862310030395,1654.996018237082,809.0939513677811,6584.574346504559,329
14805,6,29.3902,1754.8404166666667,2237.5291666666667,1761.743333333333,13594.514583333332,24
14807,6,29.3905,1102.9987817258884,1875.9281218274114,1046.5699492385786,7648.4437563451775,394
14808,6,29.3906,877.4247368421053,1563.0140350877193,814.161052631579,7350.551754385965,57
14809,6,29.3907,1238.1829166666666,1983.0625,1457.7329166666666,9215.686666666666,24
14810,6,29.3908,1095.4433093525179,2803.427050359712,1296.4660431654677,8987.073381294964,139
14813,6,29.5200,1176.3729032258063,1771.6867741935484,918.1080645161289,9022.330967741937,62
14818,6,30.0900,1335.1701585820895,1725.9745335820894,1215.090578358209,8153.848367537313,1072
14819,6,30.0901,638.4606060606061,1642.6834343434343,1105.079696969697,7177.264949494949,99
14820,6,30.0902,1753.361111111111,2278.8258333333333,1804.6955555555555,10629.865,36
14821,6,30.0903,853.1329918032786,1826.946557377049,1049.0253961748633,7000.679316939891,732
14822,6,30.0904,639.4462989323844,1833.947971530249,1253.7931672597865,7493.497722419928,281
14823,6,30.0905,562.6922579051383,1569.6848863636365,947.6653013833992,6749.388601778655,2024
14824,6,30.0906,570.7673052631578,1803.555547368421,920.9609789473685,7646.661768421052,950
14827,6,30.0911,851.1267849223947,1957.5801552106432,1309.9313303769402,8345.544745011086,451
14828,6,30.1x00,3865.72052631579,7082.471578947368,4317.601052631579,34557.64605263158,38
14834,6,30.2204,1078.86,2741.669736842105,1316.3547368421052,13687.833684210525,38
14835,6,30.2900,4030.9214285714284,7412.888000000001,5797.568,31659.858,70
14847,6,30.4x00,6521.3614,9944.7384,7578.085999999999,51436.8566,50
14853,6,31.1x00,4949.0693687707635,21324.64760797342,30973.644750830565,89384.70890365448,301
14855,6,31.2900,2576.8581481481483,14125.552592592592,14029.724444444444,45758.89444444444,27
14856,6,31.3x00,567.3368571428572,1821.2551428571428,1517.1948571428572,6529.769428571429,35
14862,6,31.4200,160.8153758865248,2520.7755319148937,1342.114219858156,5798.685361702128,1410
14863,6,31.4201,165.27481643356643,2818.422473776224,1755.7520367132868,6519.848968531468,1144
14864,6,31.4202,452.54,4859.043225806451,3622.4632258064516,13213.194838709676,62
14865,6,31.4300,464.2796341463415,3830.293902439024,1407.027195121951,8292.178170731708,82
14867,6,31.4400,538.2295744680852,4717.456170212766,2790.435319148936,11255.74255319149,47
14870,6,31.5x00,2552.0830434782606,5788.7260869565225,2668.473043478261,19494.33391304348,23
14884,6,31.7201,451.71200000000005,1059.2424,455.6576,5192.578399999999,25
14897,6,31.9400,903.054074074074,5217.579629629629,2646.472222222222,14892.945740740743,54
14903,6,32.0100,1194.1771559633028,6050.6040366972475,3612.370642201835,16939.32880733945,109
14904,6,32.0101,3575.742142857143,7236.581071428571,5816.507500000001,24757.176071428574,28
14905,6,32.0102,3069.2813043478263,6525.580869565217,3727.7382608695652,19675.70260869565,23
14911,6,32.2000,21007.804392857146,6836.3685,3829.6355357142857,44536.391892857144,280
14912,6,32.2001,14623.020943146761,6631.140599382988,3593.0652005288675,38936.12167915382,2269
14913,6,32.2002,14075.129962686568,3268.799291044776,3290.4125559701497,31946.74432835821,536
14914,6,32.2003,15961.766603773585,7813.054339622641,3965.3135849056603,39968.33066037736,106
14916,6,32.2201,20041.7825,4577.494615384616,4192.689807692308,43286.51519230769,52
14917,6,32.2400,9391.854893617021,5172.946028368794,1894.329219858156,21332.607375886524,141
14929,6,32.2904,12822.632608695652,8609.796086956521,5969.63347826087,43827.72826086957,23
14931,6,32.3000,22959.204397011737,7797.399967982924,3896.1731696905013,47301.94200640341,937
14932,6,32.3001,19428.804577464787,6810.340619718309,3625.500028169014,47172.51904225352,2130
14934,6,32.3902,18013.694444444445,11110.777777777777,6573.205555555555,59132.78055555556,36
14935,6,32.4100,21204.378881012657,8671.86688607595,4707.08324556962,52390.829351898734,3950
14936,6,32.4101,25883.316627906977,8684.423023255815,4697.7030232558145,53267.087790697675,86
14939,6,32.4902,21803.490772946858,11058.718985507247,8166.977198067633,60975.53647342996,207
14941,6,32.5000,19245.175714285713,8949.990476190476,3707.8419047619045,44472.32,21
14945,6,32.6x00,23248.01463414634,8548.270487804879,6054.942073170731,53003.08451219512,82
14946,6,33.0x00,7486.318695652173,30958.205217391303,32626.848260869567,112007.48913043478,23
14954,6,33.2200,425.626216904277,5881.745280040734,4007.698467413442,14015.123447046843,1964
14956,6,33.2301,1178.7471428571428,7081.476190476191,2462.5542857142855,14899.570476190474,21
14957,6,33.2302,460.82219985621856,4652.1183465133,2885.926168224299,11499.34261682243,1391
14958,6,33.2400,468.5484493874919,4969.346318504191,3083.5302127659575,11943.434671179884,6204
14959,6,33.2401,454.1735,5065.5885,3107.5250833333334,11995.371041666665,240
14960,6,33.2402,1468.8506976744186,8695.30046511628,4618.320465116279,18986.353255813952,43
14961,6,33.2403,454.1503274181455,5164.777936765809,3899.8000662334416,13271.399550112472,8002
14963,6,33.2405,427.59242811501593,3669.785335463259,3673.0849680511183,10770.029408945687,626
14965,6,33.2600,1238.3224829931971,6612.795039682539,2776.66503968254,13880.359759070294,3528
14966,6,33.2700,743.6499331103679,6982.515540691194,3539.3546265328873,15018.389476031214,897
14967,6,33.2701,2493.197950310559,10112.866708074534,3381.821304347826,21496.090248447203,161
14968,6,33.2702,1167.3581215469615,8287.256740331492,3340.673038674033,16551.228011049723,362
14972,6,33.3400,25659.47,8489.779655172413,16278.082413793103,76786.6424137931,29
14975,6,33.3903,7319.953214285714,7654.4232142857145,5982.544285714285,33506.0125,28
14981,6,33.4902,16042.311428571427,9149.579523809525,8586.121428571429,55414.38142857143,21
14987,6,33.9101,3297.554347826087,4783.222826086957,3393.454782608696,16158.147173913045,46
14992,6,33.9900,1024.5666666666668,5472.371875,3957.1145833333335,15350.133958333334,48
14994,6,33.9903,587.3541414141414,5496.656464646465,5109.6253535353535,16293.68494949495,99
14996,6,34.0101,1655.4620689655173,2787.793103448276,3202.892068965517,11067.336551724138,29
14999,6,34.0200,8068.344761904761,6644.754761904762,5339.248095238095,33072.39523809524,21
15000,6,34.0400,546.3353333333333,4625.6785,2682.6001666666666,11531.482333333332,60
15001,6,34.0401,790.959165621079,5469.680539523212,4406.886053952321,15914.290991217063,4782
15004,6,34.0900,5772.206666666667,10205.948,13663.7016,46221.94093333333,75
15008,6,34.0906,14338.66552631579,8780.451842105263,8807.217368421052,50325.0502631579,38
15012,6,34.2000,1003.9318360655739,7668.441672131147,3015.3267213114755,17116.715016393442,305
15013,6,34.2100,2319.429054054054,7056.252567567568,2626.0459459459457,18136.021081081082,148
15014,6,34.2300,833.7163888888889,5748.886111111111,2580.307777777778,12039.376388888888,36
15015,6,34.2301,923.3184615384615,5341.523076923077,1447.523076923077,12326.562820512821,39
15016,6,34.2400,1367.966855670103,8310.081597938144,3021.282216494845,16839.55412371134,194
15017,6,34.2500,1200.3194339622642,7477.691886792452,2924.2656603773585,15145.098490566037,53
15023,6,34.3x02,9226.317023809524,10490.056666666667,7983.066547619047,48398.103809523804,84
15024,6,34.3x04,5722.12849609375,5432.38388671875,3371.705546875,27434.6609375,512
15026,6,34.4x00,6522.056956521739,6372.746086956522,4154.612608695652,28845.27347826087,23
15027,6,34.4x01,1834.9773384030418,3346.5807984790877,1841.294030418251,11741.855095057035,263
15029,6,34.4x03,5593.202333333334,7716.169,7243.754333333333,33428.458666666666,30
15037,6,34.7101,441.87073529411765,2752.557794117647,3344.613088235294,10410.873382352942,68
15041,6,34.7400,20185.3790625,2320.593125,2142.318125,35556.621875,32
15050,6,34.9100,911.7726605504587,6253.696472986749,5337.064128440367,17961.31165137615,981
15051,6,34.9101,712.7583816425121,5310.8249456521735,4125.7185809178745,14595.046400966183,1656
15052,6,34.9102,407.46206896551723,2715.5668965517243,2464.968448275862,9150.59551724138,58
15053,6,34.9103,1018.3287564102565,6511.244051282051,5284.415666666667,17979.74767948718,780
15054,6,34.9104,1705.8508108108108,6631.392027027027,5728.468918918919,19154.92864864865,74
15063,6,35.0502,162562.98222222223,19885.41149758454,7730.7339613526565,240708.33492753623,207
15064,6,35.0600,157020.4903448276,15819.721724137931,8112.559310344827,206887.82724137933,58
15068,6,35.1101,40020.72025,22852.03475,17968.968,174264.075,40
15070,6,35.1201,43513.44688888889,19291.238222222222,16359.067777777778,111403.18422222222,45
15075,6,35.2101,66469.16992957747,20654.42838028169,17958.43943661972,181549.1997887324,142
15076,6,35.2200,80921.02916666666,21356.782916666667,21963.195416666666,178893.94874999998,24
15077,6,35.2201,46127.07906542056,20930.109392523365,21410.3211682243,137120.0429906542,214
15078,6,35.2300,66791.69857142858,19766.691714285713,16790.927428571427,154819.88314285714,35
15079,6,35.2301,56375.906842105265,23287.553263157894,17769.988421052632,179608.3001052632,95
15081,6,35.2400,46765.77364705883,19202.502235294116,24595.223411764706,129389.11894117646,85
15082,6,35.2401,41339.29416666667,16266.362866666668,13128.008633333333,111116.0993,300
15083,6,35.2402,102524.56259259259,14532.154444444444,14220.637037037037,171711.19148148148,27
15089,6,35.3300,27705.872413793106,17092.350862068964,11055.715172413793,99684.91137931035,58
15095,6,35.5100,17667.047083333335,9151.281875,6099.1189583333335,54462.80666666667,48
15096,6,35.5200,21092.847130089373,4445.2995134061575,1078.5498113207545,35558.00146971201,1007
15097,6,35.5201,21922.38448275862,4029.329655172414,712.2168965517242,33069.34310344827,29
15098,6,35.5300,11970.698333333334,8582.818055555555,4583.051944444444,47268.90777777778,36
15101,6,35.5500,19904.526692913387,4855.306062992126,1560.7584251968503,40478.489212598426,127
15103,6,35.6101,17674.815121951222,10128.09512195122,5475.7851219512195,60133.41756097561,41
15104,6,35.6201,17603.02896103896,14568.938051948051,8109.481818181818,69201.17909090909,77
15106,6,35.7100,24731.184193548386,7122.812258064516,5197.282580645162,53885.502258064516,31
15124,6,36.0400,8994.780476190475,6420.446666666667,6307.5485714285705,31785.550476190478,21
15125,6,36.0600,13834.943793103448,5616.80275862069,4071.6817241379313,37048.00103448276,29
15126,6,36.0601,11822.581669784846,4828.61883536015,3577.534981290926,31030.76901309635,2138
15128,6,36.0700,12362.953341454502,4840.417281033013,3297.8960275307586,32352.990677305395,8209
15133,6,36.1200,29086.008846153847,19500.528461538463,14947.109230769232,101993.8626923077,26
15134,6,36.1300,56022.69761904761,23837.634761904763,20069.15738095238,152130.85952380951,42
15135,6,36.1400,67457.29756756756,28123.078378378377,22357.09162162162,169106.04405405404,37
15139,6,37.0x00,904.3062913907285,6708.9349668874165,3572.443112582782,15188.919668874172,151
15140,6,37.0x01,863.3891304347826,7656.409492753623,3629.0252898550725,16633.282826086954,138
15145,6,37.2100,6203.94816,7987.3002400000005,3738.31768,24720.95552,125
15146,6,37.2200,3504.7950000000005,6032.374642857142,4238.443571428571,21352.240714285716,56
15147,6,37.2300,1387.9752631578947,4650.260350877194,2299.035789473684,12669.923859649123,57
15149,6,37.2600,7538.671714285714,3523.986342857143,504.62462857142856,14233.10017142857,175
15156,6,37.3300,26461.627586206894,12269.168965517241,8864.236896551723,69016.09068965518,29
15158,6,37.3302,36143.304531249996,3425.7667187499997,1134.5077604166665,46210.91895833333,192
15161,6,37.3400,60887.58268656716,4947.2337313432845,1780.5346268656715,74358.89597014926,67
15162,6,37.3401,37141.66859592712,4417.850814576635,1090.0653554841015,54219.321797070384,2799
15164,6,37.3403,70113.71705263157,4812.779789473684,1791.3876842105262,92631.57989473685,95
15166,6,37.3406,47804.25112903226,5669.769516129033,2139.901935483871,60839.21943548387,124
15175,6,37.6101,20660.95840909091,13423.125,14046.946363636363,74163.13704545454,44
15180,6,37.7800,10373.033295454545,6328.319772727273,5252.261931818181,29396.930227272725,88
15183,6,37.8000,40518.46106557377,4974.3566393442625,2701.629098360656,54183.319098360655,122
15184,6,37.8001,29849.082631578945,7595.36052631579,5140.122631578947,50964.992105263154,38
15186,6,37.8101,40045.20628571429,5088.184714285714,2588.489523809524,57729.28233333333,210
15188,6,37.8201,72581.3084375,5823.85078125,2185.14515625,86374.61203125,64
15190,6,37.8301,37078.312653219546,5088.597703646237,1825.3993560899924,51558.222141194725,1289
15191,6,37.8501,22154.376666666667,3502.6626666666666,1031.6386666666665,34153.3324,75
15193,6,37.8701,27538.037409638553,3446.0506927710844,978.1483734939759,36709.79451807229,332
15195,6,37.9000,66221.099625,6671.476,2853.1352500000003,92905.104,80
15198,6,37.9400,90503.16310344827,7494.3822413793105,3013.4774137931036,113208.78793103449,58
15200,6,37.9402,38335.00020833333,6189.978125000001,2448.7266666666665,133600.755625,48
15208,6,38.0300,994.8908695652173,3303.019565217391,2648.778260869565,11937.246956521738,23
15220,6,38.0801,11589.537857142857,7935.09880952381,7249.733571428571,39253.19261904762,42
15222,6,38.0900,19097.34956521739,3315.060869565217,3388.3595652173913,38352.34391304348,23
15225,6,38.1200,8117.044545454546,12221.860113636363,8942.099659090909,44272.11988636363,88
15232,6,38.3000,3324.24725,1861.1391666666668,4058.9015833333333,19633.560916666665,120
15235,6,38.3300,2226.574838709678,1263.4693548387097,2797.543387096774,14704.385161290322,62
15246,6,38.4400,17177.06357142857,17800.674285714285,21618.606428571427,121144.8075,28
15247,6,38.4500,65777.6464516129,27925.440967741935,22922.691290322582,192371.5077419355,31
15249,6,38.4503,78193.2,24668.10395348837,24070.85465116279,179049.1793023256,43
15250,6,38.4504,111343.78319148935,32958.86914893617,45544.75297872341,272588.4474468085,47
15261,6,38.5900,3394.6072405841655,2096.3663105303613,1590.4605073020755,14431.659677171405,1301
15262,6,38.5901,1343.0858775090067,2377.829037570767,1667.1152702007207,11455.802959341225,1943
15263,6,38.5902,1562.7379816513762,1990.714862385321,1451.16752293578,11140.910366972477,109
15267,6,38.5906,1292.351379310345,2378.2303448275866,1180.4182758620689,10546.369655172415,29
15269,6,38.6000,1921.482291666667,2332.086041666667,1294.0616666666667,8962.61875,48
15270,6,38.6100,20339.720357142858,13180.962857142858,14986.871428571427,85282.02285714286,28
15271,6,38.6101,26966.0785,13616.875999999998,20466.933166666666,97869.21916666668,60
15273,6,38.6200,7992.028399999999,3532.9179999999997,1908.3132,21695.4964,25
15274,6,38.6201,1126.989761904762,2253.359523809524,989.2033333333334,8023.629047619047,42
15289,6,38.7x04,26705.06500914077,7325.958775137112,7922.0183729433265,56051.586489945155,547
15303,6,38.8609,1377.5474285714288,1821.1094285714287,1852.5892857142858,12275.718142857144,70
15310,6,38.9100,3444.096956521739,7294.704130434783,7042.220434782609,28531.461630434784,92
15311,6,38.9200,1489.2135483870968,8090.858709677419,6261.539677419355,36065.5670967742,31
15312,6,38.9300,4024.0590683229816,7111.702422360249,5323.354223602485,23758.492732919254,161
15313,6,38.9301,1665.723298327499,5249.96414235706,6165.467728510307,18918.15566705562,2571
15314,6,38.9302,919.5334985096871,4829.570976154992,5624.897291356185,15967.37557004471,2684
15315,6,38.9303,1515.951665332266,8752.596124899921,9563.660608486789,29084.791297037627,1249
15316,6,38.9304,2764.1062286324786,6967.934711538461,7982.223814102565,26174.337756410256,936
15317,6,38.9500,3719.503921568628,6634.793137254902,4588.85568627451,23006.887450980394,51
15318,6,38.9501,4627.0676816609,5879.375692041523,4335.687647058823,23835.861314878894,578
15319,6,38.9502,2869.773015647226,6580.194310099573,4945.855206258891,22645.321024182078,703
15320,6,38.9700,1401.148429158111,4974.828850102669,5665.217669404517,17260.088316221765,974
15321,6,38.9800,575.3414847161573,4632.452019650655,3311.542598253275,13481.877772925764,916
15322,6,38.9900,396.33103123158514,2851.7879021803183,2077.6769121979964,8008.556803182086,3394
15324,6,39.1x10,39924.96913793103,7047.455632183908,7779.352183908046,93043.87287356322,174
15334,6,39.2700,1288.3631041106416,4556.006780637726,3095.152497118709,14955.19175182482,2603
15336,6,39.2801,24184.675319148937,16415.30595744681,17085.783404255322,94585.07425531915,47
15341,6,39.3100,1370.1540152038701,1944.550421561852,4755.500324809951,23169.896675881133,1447
15342,6,39.3101,5276.801724137931,3946.4206896551723,10893.232068965517,47405.56224137931,58
15344,6,39.3105,2401.7925714285716,2401.4777142857142,5770.449428571429,29041.252,35
15348,6,39.3113,1891.1074074074074,1994.8476296296296,4317.890148148149,22767.038074074077,135
15349,6,39.3200,2238.9454347826086,2752.129347826087,3661.939565217391,18447.84739130435,46
15354,6,39.4200,2492.6020289855073,2672.564637681159,1518.0538405797101,12412.353768115943,138
15357,6,39.4900,4424.2972,2427.9392,2965.8140000000003,21252.108399999997,25
15358,6,39.4902,8177.382678185745,2482.4876241900647,977.3917710583154,16352.245982721382,463
15359,6,39.5000,11781.179480604864,3517.5566995397767,2115.128415516108,26385.49445759369,1521
15360,6,39.5001,21484.09870967742,4617.335483870967,1953.1916129032259,50265.94516129032,31
15362,6,39.5004,31387.38618556701,7624.6171134020615,6556.718144329897,62169.82969072166,97
15365,6,39.5007,16499.494642857142,3713.444285714286,4745.302142857143,38905.14392857143,28
15369,6,39.5011,27920.88088235294,6454.055,4352.047352941176,50525.83882352941,34
15371,6,39.5013,6425.129999999999,1929.4911111111112,1046.139777777778,16488.716,45
15376,6,39.5100,29600.16109375,15709.1834375,20302.50109375,99681.00546875,64
15377,6,39.5101,24417.071666666667,12291.05375,13850.38,87903.10875,24
15378,6,39.5102,29028.2104,11598.0576,18827.8404,91019.61,25
15379,6,39.5103,27984.2659375,15201.632625000002,21093.7761875,103671.17199999999,160
15380,6,39.5104,27671.807263681592,14061.585223880596,18709.879651741292,96449.92358208956,201
15383,6,39.5107,29729.88966887417,14492.234437086092,22806.69450331126,101926.72251655628,151
15387,6,39.5300,8472.116551724139,3160.785172413793,1347.416551724138,20113.903793103447,29
15394,6,39.5900,10739.622258064515,4839.9947311827955,7108.013548387097,43850.65698924731,93
15396,6,39.6500,58083.79625,41153.293750000004,62547.22053571429,235890.67875,56
15398,6,39.7101,113122.84238095238,10468.311904761904,7035.569047619047,146510.62476190476,21
15399,6,39.7102,96978.83933774834,9397.328476821192,6654.128079470199,176348.7138410596,151
15401,6,39.7200,43385.83810810811,7364.684864864866,9787.576486486485,80411.51783783785,37
15403,6,39.7203,93140.70375,10373.760694444445,13724.366527777778,154028.04486111112,72
15404,6,39.7204,96108.82346534653,8785.411287128713,9360.481188118812,134643.40480198018,202
15405,6,39.7205,124389.80948497854,8926.950515021459,9909.79991416309,164280.41467811159,233
15406,6,39.7206,43983.11063829787,2758.507234042553,3095.8151063829787,185161.9859574468,47
15407,6,39.7207,102683.14904761904,7793.442857142856,8482.461428571429,136712.54952380952,21
15408,6,39.7208,106405.81466666667,7804.123777777778,7169.149111111112,140790.90066666668,45
15409,6,39.7209,38727.068695652175,6563.938260869565,6717.061739130434,70296.60043478261,23
15416,6,39.7300,112490.365,12344.095833333333,8993.743333333334,158240.62416666665,36
15417,6,39.7301,71203.38925,11308.652,6477.4715,131415.538,40
15419,6,39.7303,85613.26000000001,12310.136875,8288.628258928571,152653.36209821427,224
15420,6,39.7400,62380.0159672619,10625.015282738095,11102.57724702381,105805.13869047619,672
15421,6,39.7401,55937.801437500006,8998.911250000001,11235.79775,92802.2036875,160
15423,6,39.7500,70343.8386,8174.748142857143,9524.926657142858,133401.07997142858,350
15424,6,39.7501,84688.55307692307,10461.338846153845,16526.080384615383,152988.42923076922,26
15426,6,39.7503,126717.40223404256,7127.7775531914895,10937.796276595744,165001.22999999998,94
15433,6,39.7800,73283.75607142856,8470.380714285715,6676.689642857143,101053.73035714286,28
15434,6,39.7900,14753.999605633804,6173.870126760564,4388.853535211268,38173.42315492958,710
15436,6,39.7902,6906.947963855421,7233.698746987951,5028.796409638554,29384.573590361444,830
15437,6,39.7903,8275.148878235857,4438.125155001598,5448.400162991371,28541.18900607223,3129
15438,6,39.7904,11035.74206185567,5926.645463917525,4693.429484536083,35381.157422680415,97
15440,6,39.7906,17671.614,9741.546,6662.7472727272725,50416.40781818182,55
15444,6,39.8901,6621.156666666667,8137.358333333334,5335.409166666666,38975.96791666667,24
15445,6,39.9000,43994.00704,5767.78096,4823.28712,67875.9988,125
15449,6,39.9004,48819.79810126582,7579.5813924050635,5554.9264556962025,80038.20898734177,79
15453,6,39.9008,28759.557099999998,5645.8132,3171.6861,50094.024900000004,100
15454,6,39.9009,57369.64384146341,7042.551280487804,5414.858597560975,86613.13182926828,164
15460,6,39.9016,22701.15698412698,5009.700476190476,2719.3885714285716,41294.938412698415,63
15462,6,39.9200,504.2582835820896,1816.9328358208954,1980.0511940298506,8201.46708955224,134
15465,6,39.9500,1806.835328724605,5013.189741817156,4222.059290349887,18482.293840293452,7088
15466,6,39.9501,819.7800000000001,3843.7076595744684,4063.048510638298,17329.767234042556,94
15467,6,39.9600,3250.739796954315,4377.141421319797,3171.760812182741,16780.71355329949,197
15468,6,39.9700,966.4784057971016,3223.2115942028986,4385.330289855072,13976.161739130435,69
15473,6,40.1100,1800.1637119113573,7114.609889196676,2809.8084210526313,15446.067091412742,361
15474,6,40.1101,887.9899060150376,6653.078646616541,2763.283402255639,13634.050770676691,532
15475,6,40.1102,1052.1205369127517,7697.3617449664425,3464.846979865772,15384.767046979867,149
15476,6,40.1103,893.8828415300546,6360.494918032788,2563.055300546448,12262.304153005465,183
15477,6,40.1104,828.1927000000001,6640.0204,2222.0460000000003,12494.0138,100
15481,6,40.2100,1719.9002439024391,5303.45837398374,3075.8248780487806,15501.245203252032,123
15482,6,40.2300,1250.8811764705881,4732.783676470588,2286.3076470588235,13157.854705882353,68
15483,6,40.2400,1508.0596363636364,8065.044727272728,3330.6185454545457,18063.724181818183,55
15484,6,40.2900,1645.082105263158,4703.804060150375,2138.9966165413534,13069.85342105263,266
15485,6,40.2901,828.2228,5100.1652,2315.2508,11671.0072,25
15491,6,40.2910,1872.9122727272727,2959.7386363636365,1801.109090909091,13277.539545454545,22
15492,6,40.3x00,3518.9655696202535,4669.391329113923,1986.2894303797468,17823.767784810127,158
15494,6,40.4100,4730.862040816326,5813.8069387755095,3270.900204081632,25337.463775510205,98
15495,6,40.4200,4200.063666666667,6048.048666666667,3791.6639999999998,27692.602666666666,30
15497,6,40.5100,1478.8693333333333,4282.753,2372.250666666667,14671.337,30
15500,6,40.5400,2065.5919444444444,6090.519444444445,3517.4969444444446,22214.166944444445,36
15514,6,40.9x00,805.3034375,2482.8053125,1363.82625,9552.8334375,32
15518,6,41.0401,1812.9403508771932,11605.833157894736,41149.24701754386,95710.77245614036,57
15519,6,41.0500,4800.518333333333,24473.105,80573.25527777777,181814.36694444445,36
15521,6,41.0800,3367.8643333333334,15358.655333333334,78197.43699999999,150828.758,30
15525,6,41.3100,765.9606302521008,8474.072337184874,6051.412169117647,21085.25674894958,1904
15527,6,41.3800,411.8214749689698,5452.239710384775,4442.095411667356,15051.835401323955,4834
15531,6,41.5x00,10968.666484641637,10245.181911262798,11247.205358361774,52193.076621160406,293
15532,6,41.5x01,12814.559545454546,6901.628522727274,7182.526647727273,45157.36994318182,176
15541,6,42.2300,303.802994011976,2669.611497005988,1884.6523952095808,7331.476826347304,167
15542,6,42.2400,470.2713839285714,4381.862276785714,1891.5890178571428,9271.140535714285,224
15546,6,42.3201,14284.56172413793,7765.727586206896,9878.967931034484,44750.41896551724,29
15548,6,42.3300,636.275796178344,2566.404076433121,673.306050955414,5854.534585987261,157
15549,6,42.3301,2198.5498260869567,3101.3134782608695,1625.1042608695652,10563.520260869565,115
15550,6,42.3302,260.427770700637,1962.3426751592356,915.2887898089172,4983.818598726115,157
15551,6,42.3303,6223.725217391304,4673.975217391304,2798.1339130434785,20228.549565217392,23
15552,6,42.3304,627.5056637168142,1897.967610619469,980.0964601769912,6155.710884955752,113
15553,6,42.3305,4719.0943715847,5099.264098360656,2401.1348087431693,19258.177231329693,549
15554,6,42.3306,1583.0895945945947,2475.422027027027,1180.2413513513513,8077.301351351352,74
15555,6,42.3307,3409.2550980392157,4371.518995098039,4644.796482843138,18378.234080882354,816
15556,6,42.3308,6740.061712707182,4716.632817679558,6944.420662983425,25548.189005524862,181
15557,6,42.3309,8423.615689655171,4854.538965517241,7533.547586206897,28304.46620689655,58
15558,6,42.3310,1292.231052631579,5654.72,3766.5263157894738,15032.398421052632,38
15559,6,42.3311,14562.611363636364,10314.729090909092,11745.344090909091,53335.97454545454,22
15562,6,42.4100,20029.507999999998,9998.688454545454,13221.172818181818,67414.34772727273,110
15563,6,42.4101,30101.374861111115,13690.668125,22177.785972222224,91335.49986111111,144
15564,6,42.4102,30991.80210526316,13055.148542510122,16117.776275303644,82169.94344129555,247
15565,6,42.4103,20521.836761133603,10835.270607287448,10122.04024291498,73099.29631578948,247
15566,6,42.4104,21238.719733333335,11859.438088888888,13768.0532,76276.07382222221,225
15569,6,42.4202,28653.36866666667,13063.7,14766.055333333332,79479.384,30
15581,6,42.7x03,4346.730750000001,3211.42775,2827.66325,18497.73725,40
15583,6,42.8101,6030.515079365079,3786.313888888889,3369.406507936508,17230.83992063492,252
15589,6,42.9100,4491.696459854015,4192.529635036497,4713.236715328468,19618.325474452555,274
15590,6,42.9200,3112.959746835443,2730.3735443037976,1987.1227848101266,11468.054430379747,158
15592,6,42.9202,743.6132876712329,2052.4681278538815,1139.1649771689497,6085.879360730594,219
15597,6,43.1100,3186.16303030303,10334.80696969697,12121.363030303031,43314.63545454545,33
15598,6,43.1900,2691.6918181818182,5772.638701298702,9075.423376623376,27941.302077922075,77
15601,6,43.4100,3752.7101486199576,3527.4343205944797,2973.396677282378,14602.95457537155,942
15602,6,43.4101,260.9985395189003,2465.6422508591068,1071.9174312714777,6190.679475945018,1164
15605,6,43.4105,427.513359457742,2431.548241897903,983.0203452658335,6492.402130904469,4721
15607,6,43.4107,6072.5952874743325,4655.933285420945,2357.738767967146,20276.354271047225,974
15608,6,43.4108,764.2546967455621,2188.915599112426,1052.1487647928996,6400.789045857988,1352
15609,6,43.4109,4079.6426666666666,4871.086666666667,4709.327,18864.433,30
15610,6,43.4110,9802.578125,3724.918125,5715.098125,26389.2315625,32
15612,6,43.4202,10237.85681818182,10992.956818181818,9395.494545454545,45205.075454545455,22
15613,6,43.4203,14946.4228125,7271.070833333334,5160.619270833334,40501.190729166665,96
15614,6,43.5x00,17356.67,11017.018604651163,13044.606976744186,64805.95279069768,43
15615,6,43.5x01,19093.368275862067,11822.745172413792,10491.822758620689,63926.40724137931,29
15616,6,43.5x02,20108.94462962963,9776.04574074074,9021.527407407408,60735.58074074074,54
15617,6,43.5x03,22612.236511627907,9405.951395348839,8795.039302325582,62270.4076744186,43
15618,6,43.6x00,14291.236071428571,9786.720357142856,10694.936785714284,54209.10357142857,28
15619,6,43.6x01,11382.187407407408,10354.517777777777,10945.49851851852,56604.18555555556,27
15620,6,43.6x02,19778.60093023256,10279.901395348837,12442.783023255815,66417.10209302326,43
15621,6,43.7x00,22612.308659217877,12802.188575418993,14990.139217877095,71621.51689944134,358
15624,6,43.7x03,25556.39178343949,10249.151995753715,10739.483099787685,67631.67097664544,471
15626,6,43.8200,20304.639716216217,6318.384918918919,4355.171297297297,45049.22729729729,740
15627,6,43.8201,18820.32515625,8322.32671875,7304.8,50824.143203125,128
15629,6,43.8901,16207.240609756098,10532.41975609756,8078.220975609756,53707.861707317075,82
15632,6,43.9900,20895.798988764047,10727.09595505618,10239.254494382023,63683.503483146065,89
15633,6,43.9901,22198.09912280702,11116.332280701754,11521.303684210527,68371.48573099416,171
15636,6,43.9905,26868.355265151517,12389.30553030303,12025.275643939394,75556.08068181819,264
15637,6,44.1100,467.24354838709684,3007.007741935484,2843.855806451613,9209.496129032259,31
15639,6,44.1300,248.36825925114957,3323.2621365228815,1907.7934388000876,7696.066981059777,18268
15640,6,44.1301,290.3291616766467,4365.7339520958085,2399.8591616766466,9357.745029940119,167
15641,6,44.1400,309.2300287356322,3604.142040229885,1877.6867816091954,8267.94882183908,348
15642,6,44.1401,354.147833461835,4000.029275250578,1977.1326754047802,8808.90169622205,2594
15643,6,44.1402,489.13842105263154,4680.600394736842,2120.4030263157897,9701.401578947369,76
15644,6,44.1901,71.90450000000001,1167.1083333333333,481.88283333333334,2790.094,60
15652,6,44.3801,16305.44619047619,11270.972142857143,17492.279285714285,64523.79023809524,42
15654,6,44.3903,13086.902857142857,9898.248730158732,14553.923492063492,56888.829365079364,63
15655,6,44.4100,3732.345947368421,7950.022473684211,10137.606578947369,33752.52884210526,190
15657,6,44.4102,3018.6691847826087,6122.297663043479,8579.636630434781,28492.064347826086,184
15658,6,44.4200,4115.088896103896,7866.439025974027,10549.443051948052,36436.505454545455,154
15661,6,44.4300,1545.5362430939226,5275.937430939227,4473.525193370166,16931.334751381215,362
15662,6,44.4301,196.1709677419355,1904.026129032258,2400.7848387096774,8362.661612903226,31
15663,6,44.4302,1867.4868131868132,4859.978351648352,5400.281868131869,18946.327142857142,91
15664,6,44.4303,2152.0248,6778.5564,7467.2266,26080.541,50
15665,6,44.4400,15814.275172413792,12033.895689655172,13727.599482758622,67511.9348275862,58
15668,6,44.4403,14627.360555555555,12603.816666666668,17290.114166666666,67612.52722222223,36
15674,6,44.5x05,674.9346153846154,1819.4066666666668,987.886923076923,5477.354487179487,78
15676,6,44.6100,5523.017826086957,10224.095652173914,13023.629130434783,47474.19,23
15685,6,44.6901,4680.033623188406,8753.234710144927,15139.987028985506,44361.20514492753,138
15686,6,44.6902,3648.30126984127,6400.006190476191,10534.436746031746,33290.430555555555,126
15700,6,45.1300,259.0610291060291,3682.909547817048,1902.0228101178102,8146.455939015939,5772
15701,6,45.1301,533.745,3455.612946428572,1853.2682142857143,7894.743571428572,112
15702,6,45.1302,2716.8867123287673,4294.087671232877,2114.104794520548,11918.525342465753,73
15704,6,45.1401,2697.304545454546,7071.716818181818,2839.1179545454547,16741.36590909091,44
15706,6,45.1600,398.4982214082214,4402.104371184371,2004.2864713064714,9384.150309320308,2457
15709,6,45.2300,285.270415200563,3022.342814919071,1508.4510767065447,6691.468289936664,1421
15710,6,45.2301,175.79820143884893,2970.6923741007195,1531.9218705035971,6568.540071942446,139
15711,6,45.2302,248.78604809437385,3268.2617468239564,1615.2565698729582,7124.323078493648,4408
15713,6,45.2401,310.3643137254902,3686.7477450980396,2216.0380392156862,8652.533039215687,102
15714,6,45.2500,344.34413953488377,3868.019813953488,1753.755441860465,7941.765162790698,215
15715,6,45.2501,418.95905263157897,4525.530401913875,2127.2889856459333,9522.569588516748,1045
15719,6,45.3001,993.3688888888888,2476.5755555555556,1378.3482222222221,7820.29488888889,90
15720,6,45.3002,205.08425287356323,2325.577011494253,1167.4857471264368,6010.773908045977,87
15721,6,45.3004,5574.804871794872,3762.275384615384,2639.0241025641026,19158.939487179487,39
15722,6,45.3005,1266.6576344086022,2111.7418279569893,1197.3440860215053,7280.078602150538,93
15726,6,45.3300,6375.084242424243,7572.1618181818185,8034.983636363637,35825.59060606061,33
15727,6,45.3301,7621.2928125,9622.513125,11147.8140625,44133.9640625,32
15728,6,45.3302,4992.105714285714,4724.006666666666,4325.874761904763,24536.836666666666,21
15735,6,45.4100,11925.772765957447,6515.671914893617,4831.536170212767,38114.84042553192,47
15743,6,45.4200,657.8496141692998,2388.931638117412,916.3190121403625,6453.5425877265925,6013
15744,6,45.4201,557.4049054820416,2363.9383459357277,1087.664054820416,6485.255141776938,1058
15745,6,45.4202,697.3017142857143,922.323,618.2877142857143,4359.897857142857,70
15746,6,45.4300,1309.9532365348769,2511.0842117139214,1029.0668497988815,7655.425121161582,10193
15747,6,45.4301,662.9491954022989,2638.6792873563218,930.3691494252874,6490.928229885057,435
15748,6,45.4302,732.1939566520637,2641.5521558681116,830.276460687111,6448.3977472907545,4337
15749,6,45.4303,1079.1680357142857,2681.5171428571425,1050.7628571428572,7228.495892857143,56
15750,6,45.4304,1533.8640625,4508.61,4536.25578125,15907.1184375,64
15751,6,45.4305,1026.480909090909,2869.1645454545455,2463.6286363636364,9741.774545454546,22
15753,6,45.4307,1306.7018426501036,2291.1809937888197,1033.4766252587992,6676.682587991719,483
15756,6,45.6200,9226.2478125,6907.42796875,7499.95015625,37601.1434375,64
15757,6,45.6201,10993.30929054054,10836.282094594595,13359.396520270271,55268.810405405406,296
15760,6,45.6204,12667.201538461539,11111.35923076923,12756.521025641026,53245.47512820513,39
15762,6,45.6206,9554.084787234042,8868.312765957447,10911.391117021276,45054.137819148935,188
15763,6,45.6207,8529.172199999999,8554.0044,9987.5112,44357.0896,50
15764,6,45.6208,11615.444067796609,9001.904576271187,8850.556440677967,46016.98322033898,59
15767,6,45.7200,12061.78185185185,11231.722592592592,16050.077777777777,56425.40666666667,27
15770,6,45.7300,13016.987802690583,11685.09130044843,12398.483049327355,54746.4060089686,223
15772,6,45.7302,13413.953451957295,11636.060355871887,10997.553167259786,54733.238932384345,281
15776,6,45.7401,10090.170625,8625.651875,8869.8696875,45224.1625,32
15777,6,45.7500,11300.755500000001,11728.29475,10559.8095,54578.14925,40
15778,6,45.7501,15944.584918032788,11444.008360655738,11919.731311475409,57803.73819672131,61
15779,6,45.7600,11868.2008045977,10964.141379310346,12547.418505747126,54154.102643678154,87
15780,6,45.7601,11671.159494949496,11723.72404040404,14762.271313131314,57579.22090909091,99
15784,6,45.7901,10332.899615384616,12137.126923076923,13722.821538461538,55276.18538461539,26
15786,6,45.8100,21594.698571428573,10131.093571428572,12437.175357142858,65578.43607142857,28
15800,6,46.0302,2646.417857142857,7260.672142857143,5629.362857142857,25708.40607142857,28
15802,6,46.1000,5086.256808510639,7653.477127659574,7904.764574468085,33113.29664893617,188
15803,6,46.1100,5515.1122857142855,8221.574857142858,10719.066428571428,39423.76371428571,70
15804,6,46.1300,3591.164761904762,7324.334285714285,6710.578095238096,27658.79904761905,21
15806,6,46.2000,6445.292745098039,13212.271764705882,14957.74156862745,61528.79980392157,51
15808,6,46.2100,5231.842432432432,9912.917297297297,12183.10081081081,49799.8072972973,37
15811,6,46.3900,4216.488095238095,7351.352857142857,11027.263333333332,35375.566666666666,21
15825,6,46.5100,6821.328107569721,4949.959163346613,5059.991434262948,26593.74099601594,502
15826,6,46.5101,6676.648461538462,5596.286666666667,5611.317435897436,25959.53076923077,39
15827,6,46.5200,9466.032119205298,5829.745761589404,6950.88059602649,34321.83582781457,151
15835,6,46.7300,4950.852291666667,9972.2825,11276.030416666666,41933.91541666666,48
15838,6,46.7303,2810.4491304347825,6092.493913043478,9205.386086956521,30582.866956521735,23
15854,6,46.7901,3577.1949999999997,7160.100562500001,9269.279375,31982.616312500002,160
15858,6,46.8002,1113.0527272727272,1773.7216883116885,1009.0377922077922,7942.174025974026,77
15859,6,46.8100,2257.8567647058826,2794.141764705882,2581.959117647059,16279.544411764706,34
15860,6,46.8101,3750.19568627451,5953.742941176471,5585.453137254902,25820.269607843136,51
15873,6,46.8600,5924.117894736842,4677.609473684211,3366.1505263157896,19257.286842105263,38
15878,6,46.9600,1606.0682608695652,2781.158695652174,1308.7528260869565,8137.654130434782,46
15879,6,46.9601,85.85797297297297,1179.6020270270271,290.00614864864866,2457.7079054054057,148
15881,6,47.0100,1830.523922852984,2248.491536572052,2276.1908387918484,11199.745069141194,10992
15883,6,47.0901,2144.875563506261,3525.0397495527727,3925.512468694097,15464.92998211091,559
15888,6,47.2x01,1288.8688571428572,3663.674285714286,2573.343714285714,14035.743142857144,35
15895,6,48.2300,368.4039130434783,4189.20652173913,1886.1997826086956,8339.193913043478,46
15896,6,48.2301,192.36708333333334,3518.7291666666665,1109.92625,6989.4279166666665,24
15897,6,48.2400,783.9618090452261,5115.451155778895,1979.1852261306533,11454.133567839197,199
15898,6,48.2401,503.59924137931034,5222.827172413794,2421.4079310344828,11653.199172413792,145
15901,6,48.3200,837.4804044117648,2396.303088235294,870.1269852941177,7252.287389705882,272
15902,6,48.3201,825.0389655172414,1923.4655172413793,1054.2644827586207,7010.214482758621,29
15903,6,48.3500,535.426301369863,3304.114383561644,859.6331506849315,7453.49602739726,146
15904,6,48.3501,2141.3601694915255,2958.5194915254237,2203.8661016949154,12271.292711864407,59
15905,6,48.3502,1322.070119047619,3707.944583333333,2100.00005952381,12659.071547619047,168
15908,6,48.3508,872.8192262773723,2591.8558832116787,860.8881167883211,7226.386270072992,1370
15909,6,48.3509,4553.374066666666,4072.7549500000005,1611.7882333333334,15508.61765,600
15910,6,48.3510,1092.4884183082272,2470.234177288529,976.9756662804172,7484.040411355736,1726
15912,6,48.3513,1254.790623306233,2708.034620596206,807.6423712737127,7696.575528455285,738
15914,6,48.3600,907.8446943765281,2704.8293643031784,1000.9551222493888,7467.016650366748,818
15915,6,48.3601,754.2110212765957,1964.4117021276595,1310.5887872340425,7067.599361702128,470
15916,6,48.3602,529.7101042873696,2583.1503012746234,906.4584936268831,6843.515202780996,863
15917,6,48.3603,386.63353717859627,2266.282147324531,1146.5302710215428,6823.535663655316,1439
15920,6,48.4102,2328.5239858490568,1356.0627358490565,2962.6464858490567,12070.802617924528,424
15922,6,48.4105,1575.7235494880547,1685.838361774744,3256.8537542662116,11888.564061433448,293
15928,6,48.5100,14979.234316239317,9746.117264957265,9111.912136752137,51102.07790598291,234
15932,6,48.6100,16604.537916666664,9338.328333333333,8701.580416666666,51787.2825,24
15933,6,48.6200,10939.006,11895.871666666668,8025.4991666666665,46539.5355,60
15934,6,48.6201,17907.540694444444,11100.268194444445,9019.693194444444,55695.07027777778,72
15935,6,48.6300,11006.058444444445,9221.490444444444,6940.803055555556,45814.424166666664,180
15936,6,48.6301,12839.77211764706,12230.848823529412,8690.369529411764,50324.76423529412,85
15937,6,48.6302,18774.268783783784,10001.400146396396,8952.502995495495,55858.29818693693,888
15938,6,48.6303,13656.761722222222,8396.438777777777,6442.273111111111,49764.238999999994,180
15940,6,48.6900,9859.471918819188,6415.227269372694,5710.886199261992,34884.057730627304,542
15942,6,48.6902,15350.405200000001,18363.516,17842.2616,74717.2184,25
15944,6,48.6904,16285.596666666665,11482.897142857142,12298.722380952382,57550.24714285714,21
15947,6,48.6909,15537.455675675676,8988.45864864865,6173.278468468468,51242.54702702702,111
15948,6,48.6910,16258.623500000002,9327.46575,9084.5295,51693.012,40
15949,6,48.6911,20309.620888888887,9882.016444444444,10771.600555555557,56346.62966666667,90
15957,6,48.7600,1159.1178955696203,1937.9823259493671,1954.5229430379748,10188.730284810126,632
15958,6,48.7601,1443.798403990025,1402.4925187032418,2171.352019950125,11094.69193266833,802
15960,6,48.7603,1306.4095166163142,2033.9863746223564,2213.8935347432025,11603.110120845922,331
15962,6,48.7900,1246.8974468085107,2314.123404255319,3069.614255319149,11812.645319148935,47
15965,6,48.8101,560.7803370786517,3078.698314606742,2859.927640449438,11333.905168539326,89
15973,6,48.9900,481.6946296296296,1757.1165432098767,2480.75475308642,9603.332283950618,162
15974,6,49.0100,436.8973444283647,1552.1289073806076,1867.857438494935,7661.9030680173655,1382
15979,6,49.0400,695.9740285273709,1639.5728643022358,2260.0088126445644,9483.254228989976,2594
15980,6,49.0401,592.7753846153846,1532.7627692307692,1948.0163076923077,8709.854461538462,65
15982,6,49.1100,708.8825,1355.6009722222223,1948.3755555555556,8580.0525,72
15983,6,49.1200,793.1190845518119,1718.0055880483153,2289.0204577240943,9545.89006993007,1573
15984,6,49.2100,276.6000425531915,1955.1864680851065,1689.695744680851,6022.905276595745,235
15988,6,49.3900,1242.515925925926,4272.273703703704,4554.010370370371,18173.32185185185,27
15989,6,49.3901,563.2544072948328,1462.6354103343465,1355.8264741641337,7048.214103343465,329
15993,6,49.3905,321.2988311688312,1723.6503896103895,1233.2681818181818,7203.885584415583,77
15994,6,49.3906,276.19166666666666,1401.8936979166667,1084.2310416666667,5445.189114583333,192
15995,6,49.3907,422.50290322580645,1919.6703225806452,1363.4893548387097,7940.094516129032,31
15997,6,49.4200,805.4664343163538,1788.8805898123323,1863.302600536193,7920.484262734584,373
15999,6,49.4500,945.103123722685,1408.2252177330608,1758.3056673479011,8805.953475868575,6361
16000,6,49.4600,939.287627511592,1466.6328380989182,1791.7538388717155,8427.524217542505,5176
16001,6,49.4601,1192.2503587051617,1442.5633333333333,1444.5336395450568,8610.864470691164,1143
16002,6,49.4700,95.50304347826088,905.704347826087,395.8251086956522,2557.443152173913,92
16003,6,49.4701,1522.5417073170731,1405.0468292682926,1648.1070731707316,7004.457073170732,41
16004,6,49.4900,2418.3694305694303,1917.9434565434565,2259.684965034965,11733.776063936064,1001
16005,6,49.4901,3254.935576496674,2123.2846119733927,2674.3852328159646,13102.550332594235,902
16006,6,49.4902,896.3351351351351,2250.6216216216217,1956.737837837838,9591.172702702703,37
16007,6,49.4903,2789.312274368231,2120.836101083032,1697.2580866425992,10967.7802166065,277
16009,6,49.5200,284.66467032967034,1456.6258241758244,1504.140989010989,10659.717252747252,182
16011,6,49.5901,592.7149295774648,1376.53661971831,2054.6988732394366,9104.000563380283,71
16013,6,49.5903,842.1613333333333,1579.3283333333334,1722.4791666666667,8959.610833333334,60
16016,6,49.7300,435.712654028436,1702.52336492891,1892.7556398104266,10102.165624012638,633
16017,6,49.7301,750.9396918335901,1511.626718027735,2041.0772110939909,9542.35405238829,649
16018,6,49.7302,359.6236559139785,1473.2791397849462,1644.3366666666666,8335.916666666666,93
16021,6,49.7903,1192.677755102041,1713.4595918367347,1355.554149659864,8840.094965986395,147
16024,6,49.9300,738.5124999999999,1596.64875,2085.5448863636366,10073.615227272727,88
16027,6,49.9500,390.06717391304346,1648.1847826086957,1998.0621739130436,7294.697173913044,46
16028,6,49.9900,360.56,1351.661904761905,1848.948095238095,7609.770476190476,21
16031,6,50.0x03,2728.558772845953,3216.8277806788515,2050.730600522193,15141.760678851175,383
16032,6,50.0x04,4271.153414634146,7497.536341463415,11395.11024390244,37535.87219512195,41
16033,6,50.1100,1308.9218906605922,5596.929020501138,3271.3387471526194,13158.083917995444,878
16034,6,50.1101,2364.4827272727275,5859.52,2060.549090909091,12722.531818181818,22
16036,6,50.1300,9026.979666666668,8587.303333333333,7352.834000000001,33841.242666666665,30
16037,6,50.1400,3832.5791803278685,5225.103114754098,4847.4177049180325,23657.718524590164,61
16038,6,50.2200,10729.861168091169,8984.940740740742,9859.075185185186,50538.29245014245,351
16040,6,50.2202,15123.425294117646,11961.254705882353,11796.568823529411,61324.885882352944,34
16041,6,50.2203,13772.960515463918,7568.212268041237,7889.6270103092775,47538.66494845361,97
16043,6,50.2205,10085.965547169812,6662.805698113208,6821.214,42804.11088679245,530
16048,6,50.2402,9446.865789473684,4446.805263157895,4678.496315789474,23326.90105263158,38
16049,6,50.2403,9729.853525179855,4714.912805755395,3933.148129496403,25317.133165467625,139
16050,6,50.2404,3655.995073529412,4426.98125,2855.3176470588237,23068.941911764705,136
16051,6,50.2501,12161.155303030304,5247.291818181819,5355.070151515151,32397.61212121212,66
16052,6,50.2502,5367.040384615384,4940.422692307692,4040.1776923076923,33358.517692307694,26
16057,6,50.2908,11792.70171875,9199.20609375,11946.285,52476.72703125,64
16058,6,50.2909,10398.358713450292,5893.161520467836,5562.954502923976,33883.516023391814,171
16060,6,50.3x00,14902.299295774648,10195.0838028169,15281.583239436619,59143.03605633802,71
16061,6,50.3x01,17982.3700625,13088.8904375,17086.774562500003,75175.853625,160
16062,6,50.3x02,14535.263529411766,9088.169411764706,12165.12568627451,58226.291372549014,204
16063,6,50.3x03,11520.367851851852,9302.187851851853,9548.450296296296,54065.421925925926,135
16064,6,50.3x04,13072.993787878788,10628.448787878788,10307.452727272728,61270.94712121212,66
16065,6,50.3x05,15597.680710227274,7579.904630681819,8364.722727272727,50198.19991477273,352
16066,6,50.3x06,16751.068163265307,8649.124081632654,9341.883265306124,57991.185306122454,294
16067,6,50.5900,206540.0760869565,47349.074782608695,77974.95565217391,465389.17369565216,46
16071,6,50.6101,9366.876129032256,13668.053225806452,12620.710967741938,58914.782258064515,31
16074,6,50.9101,2660.297014925373,7662.116567164179,7903.665373134328,23477.850895522388,67
16075,6,50.9102,2396.1910714285714,7921.668409090909,8477.723733766234,24848.33616883117,308
16076,6,50.9103,1755.7446341463415,3502.670975609756,1758.581463414634,9100.159512195121,41
16077,6,50.9200,20484.26146103896,12086.463311688312,16722.720032467532,77847.97694805195,308
16078,6,50.9300,3789.668125,6027.99546875,5390.45171875,20897.0940625,64
16079,6,50.9402,1039.926551724138,3187.496896551724,2070.4024137931033,8035.268275862069,29
16081,6,51.0102,2950.3648076923077,6840.8130769230775,7048.841923076922,22790.79076923077,52
16082,6,51.0103,1814.9630526315789,5686.773157894736,4965.703263157895,16471.918842105264,95
16085,6,51.0400,2519.9024242424243,2744.2147474747476,1824.1965656565656,12292.955656565659,99
16089,6,51.1000,9139.080490196078,5304.566960784313,5660.14,27046.702598039217,204
16091,6,51.1102,359.7436842105263,1108.5435087719297,367.82912280701754,2728.864210526316,57
16092,6,51.1104,4134.686829268293,5110.186341463415,5892.244390243902,25842.276097560978,41
16104,6,51.2200,6086.896424581006,6788.262849162012,8659.426815642457,33898.294804469275,179
16106,6,51.2300,2244.36628978188,2586.767778309896,2054.5406756933257,12025.898430928642,22969
16107,6,51.2301,2487.5271428571427,3559.1760714285715,2534.5021428571426,15346.355,28
16112,6,51.3601,18181.955454545456,10805.7775,18041.072272727273,67798.12113636364,44
16117,6,51.3901,11784.914444444445,7632.7385185185185,10006.54074074074,47146.08740740741,27
16118,6,51.3907,15890.203225806452,9131.12,11716.515161290323,57123.1264516129,31
16119,6,51.4100,5379.997391304348,8417.268478260869,11360.284076086957,40487.10494565217,184
16128,6,51.4903,4937.839897959184,6361.5501020408165,8896.534591836735,32641.66581632653,98
16132,6,51.5900,2541.763712121212,5191.604393939394,6692.473409090909,20551.90659090909,132
16137,6,51.6300,10991.019705882352,5419.342058823529,5762.5952941176465,52565.77117647059,34
16138,6,51.6301,9538.866785714286,6413.195714285714,8590.393214285714,44458.23285714286,28
16141,6,51.6400,9338.194428571429,7725.501142857142,3897.0455714285713,30679.996857142854,70
16156,6,51.7910,4067.3710810810812,6993.8929729729725,6847.02018018018,30827.027207207208,111
16157,6,51.8200,9652.065,6967.48,5906.9946666666665,36297.382333333335,30
16158,6,51.8201,8159.8324999999995,5618.730357142857,6417.112857142857,30699.891428571427,28
16163,6,51.8500,9634.386589327147,5764.817981438515,5302.945684454756,29310.32559164733,431
16166,6,51.8503,8849.786548672566,6016.8724336283185,4564.579247787611,27662.70159292035,226
16167,6,51.8600,6205.494857142858,5907.6425714285715,5045.292571428571,22960.17542857143,35
16168,6,51.8700,8699.136129032257,6098.236370967742,5247.611451612903,26931.3810483871,124
16171,6,51.8800,8479.158557692308,4704.995993589743,4151.396153846154,25402.520416666666,312
16172,6,51.8801,3401.2466666666664,3473.828666666667,4234.396166666667,18020.027166666663,60
16173,6,51.8802,9616.971883116883,5443.8781168831165,4698.438181818182,27347.69155844156,154
16174,6,51.8803,4427.12773006135,4981.431705521472,6160.32317791411,26172.293337423314,815
16176,6,51.8805,5054.461494607088,5609.856379044684,6002.136625577812,27055.299260400614,649
16177,6,51.8806,6385.516181818182,3999.1016363636363,4660.515818181818,23679.702363636363,55
16187,6,51.9601,646.632705882353,1062.948,571.6273529411765,3702.6521176470587,170
16188,6,51.9800,3437.905955369595,5963.041380753138,5580.032357043236,19830.119302649928,717
16192,6,51.9804,3007.4353424657534,5191.305342465753,4861.7242465753425,16709.076438356165,73
16197,6,51.9809,183.2638775510204,1181.8638775510206,577.0562244897959,3024.7464285714286,98
16204,6,52.1100,2119.5305357142856,5924.792857142857,5098.730357142857,18620.739107142857,56
16205,6,52.1101,3811.179012345679,7239.326419753086,3706.4344444444446,20447.416543209878,81
16206,6,52.1200,5209.3422,7520.7586,8267.9162,37532.2098,50
16208,6,52.1900,430.47370731707315,5116.025268292683,3627.302390243902,11771.285024390245,205
16209,6,52.2101,9878.76380952381,7627.595714285715,8877.847619047618,43763.88857142857,21
16211,6,52.2201,13248.865116279068,14052.238139534884,26705.786744186047,78155.33697674419,43
16221,6,52.5101,16237.842,10927.829333333333,17360.757,73233.56,30
16230,6,52.5205,11622.620853658536,8703.57975609756,11242.898048780487,59513.30195121951,82
16233,6,52.5301,16315.864583333334,11307.517083333332,13246.697083333333,68283.34333333334,24
16234,6,52.5901,13630.60356321839,19681.785172413794,37383.426781609196,115009.21793103447,87
16237,6,52.5904,15740.800185185184,9884.360185185184,15016.844074074073,65545.97962962963,108
16238,6,52.5905,12247.855555555554,9460.972222222223,11754.31814814815,58751.27296296297,27
16242,6,52.6x03,21862.52576923077,12559.683076923076,19040.06076923077,91769.91153846154,26
16243,6,52.7x00,22226.101408045975,14487.910833333333,22420.58698275862,90655.07931034484,348
16244,6,52.7x01,21220.24928,13824.13304,22716.735760000003,101109.54007999999,125
16245,6,52.9200,7743.640909090909,19612.02727272727,22713.258636363636,69061.68318181818,22
16253,6,53.0000,3258.6929411764704,2978.2688235294117,2756.1867647058825,13573.953235294117,34
16254,6,53.0001,2316.558538011696,2845.6556140350876,2330.8130409356727,12463.568538011697,171
16255,6,53.0002,4193.12,1888.0101587301588,1366.2627777777777,12181.278571428573,126
16260,6,53.0201,1927.2628440366973,2285.0011926605507,2041.0623853211011,10524.06605504587,109
16261,6,53.0202,1019.9195500000001,1519.2416,921.78995,6877.0325,200
16262,6,53.0203,1346.723634868421,1109.5967269736843,583.325740131579,7189.163059210526,608
16263,6,53.0204,1606.9496415770611,1010.3980764635603,496.9298924731183,6307.768554360813,837
16265,6,53.0301,3961.182222222222,1949.6351851851853,825.687037037037,10098.729074074074,54
16266,6,53.0302,3488.96015625,2075.29015625,1046.7741250000001,10036.9218125,320
16267,6,53.0400,2768.0582608695654,1678.0782608695654,1746.4526086956523,10328.906086956522,23
16268,6,53.0401,3427.9721428571434,2059.685568356375,1094.427549923195,10319.430076804916,1302
16270,6,53.0501,2837.914125,2134.3550892857143,1104.941142857143,9610.354892857144,560
16271,6,53.1000,4258.4016,2830.5335999999998,2075.8564,14998.451200000001,25
16273,6,53.1200,1615.9302369668246,949.8344707740915,456.1538546603476,6966.61532385466,633
16275,6,53.1202,1472.138846153846,1605.1165384615383,722.8488461538461,8056.843076923076,26
16276,6,53.1203,1266.9924018838306,1062.5910518053374,506.97324960753537,8058.7208791208795,637
16279,6,53.1401,6387.425454545455,2486.3138961038962,1225.9607792207792,14805.099610389609,77
16281,6,53.1501,6313.937837837838,2249.961531531532,1231.478738738739,14630.180900900901,111
16283,6,53.1601,6668.275161290322,2570.1387096774192,1539.9403225806452,16106.58935483871,31
16285,6,53.1701,6339.793409090908,2490.8707954545457,1453.808409090909,15656.95659090909,88
16286,6,53.2100,5597.575070422536,2436.5381690140844,1506.254647887324,14854.541126760563,71
16287,6,53.2101,3676.3311864406783,2658.439152542373,1423.3711864406778,11971.750762711865,118
16289,6,53.2901,2223.0861607142856,3742.9260714285715,3029.962142857143,14691.932053571427,112
16296,6,53.4901,1775.973125,3253.0771875,2462.061875,12821.2265625,32
16297,6,53.5100,2423.13,2544.097272727273,2713.632727272727,12807.993636363635,22
16298,6,53.5101,17214.821304347828,3417.073913043478,2443.8469565217392,31242.51695652174,23
16300,6,53.5901,2287.2136,2679.7528,2127.974,12244.123599999999,25
16302,6,53.6101,10839.873548387097,3577.896129032258,3061.3595698924732,24184.34946236559,93
16304,6,53.6301,18709.59524390244,4435.491829268293,3771.5136585365854,36476.30756097561,82
16305,6,53.6302,12849.747142857143,3298.4314285714286,2345.5852380952383,24864.71619047619,21
16306,6,53.6900,4455.4288,2304.104,1711.0656,12353.9124,25
16307,6,53.6901,6873.498571428571,2810.5485714285714,1802.6092857142855,17441.575714285715,28
16308,6,53.7100,14651.3875,4627.069375,3727.88375,35637.6875,32
16309,6,53.7101,12678.403170731708,4550.520487804878,4289.394390243902,35429.29414634147,41
16320,6,53.9x00,4851.9639759036145,4779.98313253012,4623.993855421687,22088.816024096384,83
16322,6,53.9x03,4697.156666666666,5293.373333333334,5337.120909090909,24306.487878787877,33
16323,6,54.0x00,979.8600602409638,3008.617048192771,2632.3775903614455,10740.631566265061,166
16329,6,54.1100,5158.436785714286,9844.284,10012.089571428573,40661.28235714286,140
16330,6,54.1101,5423.368085106383,7899.678723404256,9849.672765957446,36082.49063829787,47
16332,6,54.1900,3868.5378125,8514.545416666666,11195.478125,37518.182812499996,96
16339,6,54.2100,4149.316347031963,5257.524383561644,5659.041141552511,24671.98406392694,219
16340,6,54.2200,3752.7697435897435,6543.1874358974355,5122.928205128205,24650.48692307692,39
16342,6,54.2300,3542.0249999999996,7120.415769230769,4289.753365384615,23709.311346153845,104
16346,6,54.2400,1539.7826717557252,7088.934045801527,3823.981450381679,16041.380763358778,131
16347,6,54.2401,2339.1066666666666,8575.444761904762,5623.452380952381,20180.21857142857,21
16350,6,54.2404,1194.065,6383.401666666668,1623.3379166666666,12729.795833333332,24
16354,6,54.3x00,1188.762528735632,2281.020344827586,2399.639540229885,11586.882413793104,87
16355,6,54.3x01,1222.4195373665482,2360.9697153024913,1173.9168683274022,8494.283879003558,281
16357,6,54.3x03,1322.5363768115942,3293.735507246377,1329.0098550724638,9647.114492753624,69
16363,6,54.4x00,6369.176093023257,7464.995813953489,5643.9248372093025,33539.470046511626,215
16365,6,54.4x02,7285.337619047619,10326.870952380952,8454.984761904763,46780.775873015875,126
16374,6,54.4x15,5899.302307692308,6423.548,4078.8633846153843,30520.990923076923,65
16376,6,54.5100,2764.7931192660553,2375.0108256880735,2211.603623853211,13411.643165137615,218
16377,6,54.5101,2664.536981818182,3841.7906909090907,4162.2872,19039.049309090908,275
16381,6,54.5903,3916.4653731343283,5916.590298507463,8541.81067164179,29721.635708955226,268
16393,6,54.9100,1102.4825974025975,6145.173636363636,4879.395714285714,16341.90883116883,77
16394,6,54.9101,961.4035266118563,5266.4877585460845,6235.721817395067,17653.660419731717,2311
16397,6,54.9104,3156.8757142857144,8075.43761904762,7284.421904761905,27447.95904761905,21
16398,6,54.9105,736.913149448345,5046.076298896691,5093.662728184554,15413.09373119358,997
16403,6,54.9300,2779.363884297521,5371.294297520661,5264.89347107438,20879.05338842975,121
16409,6,54.9702,456.6611764705882,3522.4088235294116,3010.4935294117645,9395.069705882353,34
16411,6,54.9800,327.55743781094526,2805.634353233831,2197.0836815920397,7148.614092039801,804
16413,6,54.9900,2663.4918620689655,3915.596551724138,2185.4293103448276,18459.23172413793,145
16415,6,54.9902,8166.76962962963,7964.791111111111,6464.958888888889,36992.60166666667,54
16417,6,54.9904,6231.185593220339,5946.747966101695,3864.45220338983,28415.732881355932,59
16421,6,55.0106,2624.001353568499,3243.305324036095,1876.332296964725,15428.825168170632,1219
16426,6,55.0300,3983.7268047337275,5325.16076923077,4318.263964497041,20495.472899408283,169
16427,6,55.0302,5425.864583333333,4069.1633333333334,5408.269166666666,24058.177916666667,24
16428,6,55.0400,5456.776052631579,3521.9265789473684,3598.9697368421052,21268.80960526316,76
16429,6,55.0401,7137.3010045662095,3744.116484018265,3943.383333333333,23953.3000456621,219
16430,6,55.0402,5306.5969414316705,3505.183210412147,3416.9312147505425,19817.936160520607,461
16431,6,55.0403,5584.161619047619,3414.706476190476,3333.848095238095,24970.748857142855,105
16432,6,55.0404,5895.852517766498,3836.392101522843,3550.255695431472,21406.49233502538,985
16440,6,55.1108,4307.216363636364,3423.6272727272726,2315.411818181818,19670.596666666665,33
16441,6,55.1109,4698.341212121212,4445.336969696969,3368.591212121212,23763.773636363636,33
16445,6,55.2300,618.2769088743299,5989.275818939845,1832.6170160810007,10959.536081000595,1679
16446,6,55.2301,805.1373372781064,4968.658816568047,1978.5725443786982,10178.325029585798,169
16452,6,55.3900,5351.098431372549,5590.586078431373,3691.6311764705883,26636.809019607845,51
16453,6,55.3902,6058.146428571429,4042.985,2430.559642857143,19111.35107142857,28
16455,6,55.4x00,5467.575652173913,7257.821739130434,5034.656521739131,29873.332608695655,23
16457,6,55.4x03,5942.3717191283295,5643.63593220339,3570.438111380145,36048.232808716704,413
16458,6,55.5100,6859.33125,9706.227083333333,8551.050416666667,46197.956249999996,24
16459,6,55.5101,4841.742743362833,6626.396637168141,5648.663805309735,32934.11256637168,113
16461,6,55.5103,5959.0297509829625,5158.406107470511,3617.914377457405,28398.398833551768,763
16462,6,55.5104,7605.069353233831,7480.223084577115,5592.4555721393035,40440.08184079602,201
16467,6,55.6901,41409.01620689655,11576.829080459771,23972.00068965517,117209.44695402299,174
16474,6,55.8702,5705.420281690142,2806.945352112676,2766.3121126760566,19977.08056338028,71
16475,6,55.8703,5467.532105263158,3896.748315789474,3069.5947368421052,39171.79494736842,95
16480,6,55.9201,2158.1237142857144,4741.187904761905,2891.4774285714284,13318.246285714284,105
16481,6,55.9203,1379.166590909091,6025.413409090909,4384.837045454545,15055.934318181819,44
16483,6,55.9206,449.29851063829784,2938.4147872340423,1209.314680851064,6127.215319148936,94
16484,6,55.9300,1930.7340540540542,3055.789189189189,3121.5424324324326,10700.507297297298,37
16486,6,55.9601,488.3760869565217,2885.5660869565218,1434.7828985507247,5837.785507246377,69
16487,6,56.0x00,4539.845295172864,2705.015123939987,2091.956679712981,14929.415006523155,6132
16489,6,56.0x02,4127.232380952381,3691.1023809523813,4184.803333333334,18451.216666666667,21
16490,6,56.0x03,5755.4476909722225,2937.4104079861113,2123.393576388889,16471.084565972225,1152
16492,6,56.0x06,4750.024022988506,2948.593326572008,2163.1261122379988,15571.150757268424,1479
16493,6,56.0x07,1764.007638888889,2971.957361111111,2507.834444444444,11997.14763888889,72
16496,6,56.2x01,2773.498260869565,3455.0391304347822,3467.870869565217,17609.104347826087,23
16498,6,56.2x04,4144.574242424243,3518.485333333333,2573.6161818181818,18834.11696969697,165
16499,6,56.2x05,3166.0546896551723,3386.642068965517,2525.2205517241377,17784.775310344827,145
16500,6,56.3100,2615.927391304348,2776.331739130435,1827.8367826086958,10294.942260869564,115
16502,6,56.3300,1984.2565714285713,4723.894,2623.4491428571428,13818.402285714286,35
16504,6,56.4100,4481.202146118721,3661.5665753424655,2505.6633333333334,16823.60114155251,219
16508,6,56.4105,6340.076129032259,5299.681290322581,5151.415806451613,30644.16129032258,31
16513,6,56.7402,5113.497,3471.0855,3115.173,35624.33275,40
16514,6,56.8100,3560.8327999999997,4134.94,2821.1944,16342.8696,25
16518,6,56.8908,5563.312800000001,4643.5812,4398.42,44170.785200000006,25
16522,6,57.0x00,1568.932407079646,3013.357982300885,2298.809610619469,11708.467115044248,565
16526,6,57.0x04,2022.7791666666665,4539.903333333333,3632.30875,17163.76875,24
16528,6,57.0x06,1343.7994495412845,2982.2907339449544,1710.819633027523,10533.365412844038,109
16532,6,57.1700,1613.4301666666665,3855.92,2842.3108333333334,12761.476,60
16533,6,57.1701,912.4529032258065,2944.718064516129,1756.8554838709676,8589.869354838711,31
16534,6,57.1800,956.89,3085.5526923076923,2721.2461538461534,11169.44076923077,26
16536,6,57.1902,1308.9528947368422,3659.5763157894735,2852.718684210526,13553.091842105263,38
16540,6,57.2100,1062.5265789473685,3745.9510526315794,3337.08,12005.398684210528,38
16542,6,57.3200,481.4890384615385,3047.8923489010986,1490.420618131868,6895.363983516484,728
16543,6,57.3300,614.5953030303031,4156.464696969697,1729.229696969697,8777.33893939394,66
16546,6,57.4900,2252.0683176214648,4060.8801667875273,2895.190797679478,15985.233205221175,1379
16547,6,57.4901,2679.584318181818,4475.966818181819,3040.904602272727,16576.47215909091,176
16548,6,57.4902,2157.791504424779,2964.150796460177,2324.242123893805,13006.230884955752,113
16550,6,57.4904,2226.1052272727275,4908.9968181818185,2965.644318181818,17246.845454545455,44
16551,6,57.5100,1427.9732142857142,3073.3574999999996,2227.082142857143,15611.009642857143,28
16553,6,57.5900,1334.1117857142856,3761.628214285714,2848.6164285714285,13121.833928571428,28
16561,6,57.7100,10076.018214285714,9534.610714285713,9095.795,54085.87107142857,28
16562,6,57.7103,16734.218731343284,10466.571641791046,9671.163134328359,65321.79514925374,134
16579,6,57.9101,1985.75125,2459.9703125,1981.3209375000001,11928.10375,32
16582,6,57.9400,577.1131848552338,6018.551345211581,4682.402048997773,16719.316173719377,2245
16583,6,57.9500,567.48475,6165.165166666667,5533.602,20448.443833333335,120
16585,6,58.0x00,1643.0079166666667,2532.81,2010.35625,10556.600833333332,24
16592,6,58.2200,542.4142857142857,2100.7685714285712,1367.9642857142858,5752.042380952381,21
16596,6,58.3101,987.1365384615384,2274.2359615384617,1375.1259615384615,8856.138269230769,52
16598,6,58.3103,2637.3744897959186,2901.264897959184,2509.527755102041,13895.213061224491,49
16599,6,58.3901,642.7968020304569,2165.4119796954315,1566.8072588832486,7958.239390862944,197
16603,6,58.3905,977.7497435897435,2558.180512820513,4670.807692307692,19827.343846153846,39
16604,6,58.3906,550.9680434782608,2227.0665942028986,1227.6063043478262,7445.594927536232,138
16606,6,58.4301,1349.3430434782608,835.3039130434784,1967.165652173913,14592.273913043478,23
16611,6,58.4500,1716.9380864197528,945.2324691358025,1503.6547530864198,16638.876851851852,162
16613,6,58.4502,1316.483125,1159.6834375,1965.1521875,14441.720625,32
16616,6,58.4700,922.6875,1848.5441666666666,1811.9033333333334,9823.8575,24
16618,6,58.4901,970.2211538461538,1557.5961538461538,1278.8919230769231,10828.95,26
16620,6,58.5x00,1342.6601785714286,3759.8450000000003,2763.3182142857145,12863.988214285713,56
16623,6,58.6x00,1148.2503626943005,2647.427202072539,1869.3491191709845,8583.613937823835,193
16633,6,59.0302,3216.274047619048,4125.940476190476,2451.0466666666666,19848.169523809524,42
16639,6,59.5x00,9164.880000000001,2456.4526666666666,1891.9626666666666,18368.265333333333,30
16642,6,59.7900,8892.61301724138,1989.5391379310345,1140.3858620689657,18094.818965517243,116
16643,6,59.7903,8080.792909090909,2501.409363636364,1496.2593636363636,17363.491545454544,110
16644,6,59.7904,12779.947333333334,1657.8886666666667,1098.7943333333335,19924.256,30
16645,6,59.8x00,7598.354337349398,3121.9210240963857,1959.1634939759037,18449.178042168674,332
16646,6,59.8x01,3721.3429545454546,3408.8568181818187,2221.582954545455,12976.702727272728,44
16648,6,59.8x03,2235.4548880597017,3055.4837206823026,1995.7014392324093,10547.624253731345,1876
16656,6,59.9900,154.42440217391305,940.3689130434783,554.9748369565217,2815.9202173913045,368
16657,6,59.9901,3170.1971249999997,2235.66575,1172.94221875,10351.522500000001,320
16660,6,60.1100,818.6327450980392,5646.304561403509,1886.062012383901,10231.509525283798,969
16661,6,60.1101,867.5785620915032,5365.058496732026,2141.1007843137254,11389.309542483661,153
16664,6,60.2100,1980.3808521303258,3988.1314285714284,3238.5168170426064,18285.80042606516,399
16665,6,60.2900,3391.927221502591,4187.657215025907,2825.109760362694,17317.82272668394,1544
16666,6,60.2901,2249.5787788018433,4616.201513056836,3543.6746543778804,17947.8453609831,1302
16667,6,60.2902,2463.921906519065,3389.7824108241084,3223.481451414514,16234.313431734317,813
16671,6,60.5x02,6419.10008908686,7654.164922048997,4622.23574610245,52513.762605790645,449
16672,6,60.6100,2485.12,4008.311304347826,3728.5730434782604,19174.318260869564,23
16683,6,61.0x02,512.2421875,2444.6071875000002,2729.8934375,8787.2965625,32
16689,6,61.2x00,690.9412280701755,2267.6291228070177,1371.8180701754386,7749.345789473685,57
16690,6,61.2x01,637.1152500000001,2375.50575,975.4264999999999,7217.628999999999,40
16691,6,61.2x02,614.9812,2084.5472,1897.7556000000002,8106.1836,75
16692,6,61.3x00,601.6733333333333,3217.7652380952377,2753.8261904761903,10474.866666666667,21
16694,6,61.3x03,487.3342553191489,2310.886595744681,1174.0748936170212,6711.611276595744,47
16698,6,61.4901,769.0327595628415,911.0129508196721,575.0401912568306,5571.334590163934,366
16701,6,61.4904,713.9425663716813,1902.715884955752,1095.8758849557523,6963.61349557522,226
16702,6,61.4905,1731.5890032154343,970.8681350482315,541.1383279742765,6825.451704180065,311
16706,6,62.0x01,1786.4693939393942,1265.3830303030302,490.2921212121212,8890.372727272726,33
16710,6,62.2x00,579.6945569620253,1095.4316455696203,867.3044303797469,5960.053544303797,79
16712,6,62.3x00,1284.8473214285714,3162.8224107142855,1742.7283928571428,10000.692232142857,112
16713,6,62.3x01,878.7566666666667,3392.6808333333333,2310.1861904761904,10423.210833333333,84
16715,6,62.3x03,1152.2512,2760.8848,1651.5944,9981.5924,25
16723,6,62.5x00,829.1438655462184,997.0592647058824,579.0872268907564,6656.732731092437,476
16724,6,62.5x01,1846.589097744361,1047.3023308270676,593.5975187969925,9061.895112781955,133
16725,6,62.5x02,607.4237931034484,1066.4413793103447,655.7606896551724,5403.345862068965,29
16728,6,62.9900,617.2813333333332,1399.0333333333333,831.1903333333333,8071.317,30
16730,6,63.1x00,1369.8305896805898,1403.87257985258,1130.8908353808354,8208.582235872236,407
16731,6,63.1x01,716.1870270270269,1501.986891891892,799.0124324324324,5962.272567567567,74
16732,6,63.1x02,657.3504166666667,1459.8657291666666,647.3813541666667,5800.107291666667,96
16733,6,63.1x03,1776.7782671480145,1570.7016606498194,1062.7753068592058,8226.31606498195,277
16735,6,63.2x00,628.0391304347826,2063.415,1184.4884782608697,6669.610434782609,46
16739,6,63.3x03,677.8388,2640.9084000000003,1592.7335999999998,9433.8124,25
16740,6,63.4x00,748.66175,2692.09125,2095.413,8781.088749999999,80
16741,6,63.5201,783.6910344827586,1249.395,1191.6241379310345,6732.707586206896,58
16753,6,64.0x00,876.4816566265059,881.7347289156627,300.12734939759036,3255.2160843373495,332
16755,6,64.2x00,506.17851063829784,1760.1540425531916,904.9225531914893,5376.6917021276595,47
16756,6,64.2x01,651.0798412698413,2255.1092063492065,1307.6580952380953,7835.541428571429,63
16757,6,64.3x01,1483.312625,4277.66075,2979.707375,15147.368625,80
16763,6,64.4901,1215.8383783783784,835.8510810810811,948.1052702702704,12433.01918918919,74
16764,6,64.4902,1227.4654074074076,980.6974814814815,1288.588,9574.305185185185,135
16766,6,64.4905,1409.891935483871,730.9406451612903,892.8109677419354,12990.551774193547,62
16775,6,65.0104,1419.2990476190475,1617.167142857143,1095.337142857143,9576.449047619048,21
16776,6,65.0105,2133.0538235294116,2816.741176470588,1809.409705882353,14240.118235294118,34
16785,6,65.2300,1693.4218333333333,3009.2216666666664,1288.4096666666667,11941.796333333334,60
16788,6,65.2501,2409.028538884525,2839.781584184341,1392.201673212883,13950.897590992407,3819
16789,6,65.2502,1274.6571875,2342.9371875,1592.7259374999999,10724.1775,32
16790,6,65.2503,1831.3318749999999,2521.77375,1465.5039583333335,11091.142291666665,48
16794,6,65.2901,2604.5594382022473,4097.949382022472,2657.440056179775,16319.914044943822,178
16798,6,65.3100,2075.0687692307692,3387.3623076923077,1633.7926153846154,13932.863384615384,65
16800,6,65.4100,2255.1672636103153,3605.098753581662,1666.5100143266475,14816.066719197708,698
16801,6,65.4900,3375.1838938053093,6314.863628318584,3638.2513274336284,22271.070707964598,113
16804,6,65.5300,2496.3669230769233,4163.842,1702.4933846153847,18454.028000000002,65
16806,6,65.6100,7196.855873015873,8166.212592592592,5790.119735449736,32652.62142857143,189
16809,6,65.6300,2305.931616481775,4143.240998415214,1602.8790808240888,15935.154358161648,631
16814,6,65.7900,2076.372987012987,1954.8616883116883,1682.7996103896105,10388.50025974026,77
16817,6,65.7905,2604.0260000000003,2956.3735,1448.7182500000001,13013.977,40
16819,6,65.8102,1631.736875,1847.7859375,1348.0775,11716.6046875,32
16824,6,66.0100,1803.059090909091,2425.9500000000003,1595.8504545454546,11696.292727272727,22
16827,6,66.0103,1672.1785684647302,1771.0578630705395,1169.5898962655601,10093.74765560166,482
16830,6,66.0202,1942.2368208092485,2245.4163005780347,1330.0617919075144,12400.764277456648,173
16831,6,66.0203,1824.9867619047618,1674.2626666666665,1347.6045714285715,10254.441333333334,105
16837,6,66.2903,2131.6394915254236,2041.4440677966102,1050.779152542373,12505.426949152541,59
16840,6,66.4x00,1653.8756,2518.608,1898.4335999999998,11922.1152,25
16842,6,66.4x02,1872.3207239819005,2086.224536199095,1429.0089253393664,11300.286368778281,884
16845,6,66.5102,2001.8803290676417,2989.0421206581354,1885.3465813528335,14091.483418647165,547
16847,6,66.6100,1920.9451694915253,2485.117966101695,1309.6723728813558,11920.781525423728,118
16850,6,66.6104,1689.9626373626375,2616.187142857143,1643.1206593406594,12060.133736263735,91
16851,6,66.6200,1329.885546875,1677.893828125,1276.535625,9560.31328125,128
16852,6,66.6201,1793.3123238255034,1728.1074999999998,1193.6350755033557,9950.24384228188,1192
16857,6,66.7301,2430.0544999999997,1714.0475,1123.22825,14896.93425,40
16859,6,66.7900,3199.3763157894737,1981.5473684210526,1119.2052631578947,15079.361578947368,38
16861,6,66.7905,2578.344295652174,1915.116191304348,934.598,15454.47132173913,575
16865,6,66.8x02,1671.3622751322753,2119.3635449735452,1116.99708994709,10924.22544973545,189
16875,6,67.0x00,392.46514705882356,1838.7430882352942,680.2304411764705,4671.636176470588,68
16877,6,67.1100,267.3539285714286,3700.515,1054.2625,6373.035000000001,28
16878,6,67.1200,227.7777319587629,3812.3629209621995,929.9835395189004,6778.667010309278,291
16879,6,67.1901,188.38423076923075,2869.055,606.2753846153846,4854.066538461539,26
16880,6,67.2x00,597.2153540252183,2389.530145489816,702.6265664403492,6776.072841901067,1031
16882,6,67.3200,243.9353125,1666.265625,580.0696875,5656.856875,32
16883,6,67.3201,233.69232653061226,1601.1189591836735,439.28085714285714,3841.701673469388,490
16884,6,67.3202,273.5566883116883,1703.8276901669758,264.6004545454545,3683.0973469387754,1078
16885,6,67.3203,622.2035934664246,1856.241996370236,678.204609800363,6076.210308529945,551
16888,6,67.3302,614.1412068965518,2376.3844827586204,1018.8987931034483,7244.07224137931,58
16889,6,67.3900,577.7988461538461,2584.589230769231,1094.5223076923075,6777.278461538461,26
16890,6,67.3902,571.0378523489933,1831.1471140939598,589.7129082774048,5574.490380313199,447
16891,6,67.3903,2476.3008695652175,3229.952173913043,1581.6095652173915,15585.43956521739,23
16892,6,67.3904,197.30796511627906,1776.9813372093022,468.911511627907,4009.7363372093023,172
16894,6,67.4x00,1415.7016216216216,3667.46972972973,1906.8635135135135,15924.512972972972,37
16902,6,67.5101,2706.24,1879.6166666666666,1146.9180000000001,12109.158,30
16904,6,67.5901,576.1852142857142,2250.342857142857,2426.6682142857144,8515.026,140
16905,6,67.6100,433.271282051282,1651.3789743589743,973.3835897435897,6814.059743589744,39
16910,6,68.1100,40.197391304347825,1361.9569565217391,285.3678260869565,2725.86,23
16911,6,68.1200,381.7725261780105,1674.502552356021,620.5174738219895,4860.803612565445,764
16915,6,68.1602,651.2595714285715,2057.174476190476,786.3993333333333,6463.561190476191,210
16918,6,68.2101,753.8438774002954,1484.2890915805021,645.0348079763663,5652.051661742984,1354
16921,6,68.2206,1171.2163636363637,1596.8239393939396,761.1831818181818,8121.08303030303,66
16922,6,68.2300,4017.978809523809,2354.0333333333333,704.7359523809524,11634.066666666666,42
16924,6,68.2302,390.4603050847458,1967.166406779661,748.3515254237288,7751.769186440679,295
16926,6,68.2500,6000.337671957673,3728.2936507936506,2883.5251851851854,23171.77291005291,189
16929,6,68.2901,1884.065183175034,3181.8744911804615,1879.5463364993213,13849.501763907736,737
16931,6,68.2903,676.6551515151515,1878.249090909091,789.3639393939393,6808.650000000001,66
16932,6,68.2904,1638.6627756653993,3371.9648288973385,1069.6774904942965,14003.177376425856,263
16933,6,68.2905,813.9914388489209,4915.244604316546,1109.349928057554,14005.3245323741,139
16934,6,68.2906,1838.7865217391306,3404.901413043478,1936.037391304348,14084.695,92
16938,6,68.2912,2947.7584152401987,3133.538746548868,1595.5571286581999,16300.332313638874,1811
16939,6,68.2913,983.9977155409116,1874.8900933552993,765.3659747391542,7386.281334431631,1821
16941,6,68.2915,733.7976380661189,1782.3817083890694,628.5189241352952,6869.084731511561,5233
16943,6,68.2917,952.0182561307902,2095.461948228883,743.3212397820164,8257.081689373297,734
16947,6,68.3102,2485.3904347826087,3814.799130434783,1652.0954891304348,18092.050597826088,184
16951,6,68.3901,1839.8436666666666,3628.4832499999998,2584.0528333333336,15854.198999999999,120
16955,6,68.4100,2962.3412884371032,4392.894383735705,2040.6271461245235,20797.38649047014,3935
16956,6,68.4101,3672.5307462686565,7156.126865671642,3149.7883582089553,25959.508656716418,67
16957,6,68.4102,3432.457417218543,5438.417003311259,1936.0068377483447,22934.032566225167,604
16960,6,68.4901,3560.7233103448275,6298.340396551725,3945.470224137931,25141.692137931033,1160
16961,6,68.4902,4161.21320610687,7428.698396946565,3385.064656488549,27543.592671755727,131
16962,6,68.4903,3740.9915625,9103.15171875,4675.91078125,33856.649375,64
16965,6,68.5100,3429.158743455497,4657.927486910995,1913.7129842931936,21716.38204188482,191
16966,6,68.5101,5400.874,4549.0380000000005,2579.1936666666666,26008.390666666666,30
16967,6,68.5102,1835.9047826086955,4321.544782608696,1670.4039130434783,19541.25652173913,23
16968,6,68.5900,1353.3132608695653,4086.4454347826086,1948.6732608695652,15475.993478260869,46
16969,6,68.5901,1766.0278048780488,3494.2083658536585,1743.4828536585364,14002.69124390244,410
16970,6,68.6100,6188.692720450282,7660.5066041275795,3676.815666041276,36789.01198874297,533
16971,6,68.6101,4813.122857142857,7089.857142857143,4053.805714285714,28681.71321428571,28
16972,6,68.6900,4305.258458049887,8555.809274376417,4690.322902494331,33676.489297052154,441
16973,6,68.6901,3641.5238596491226,6904.561052631579,3088.935789473684,25698.24596491228,57
16978,6,69.0100,193.64360774818402,1151.8909200968524,561.8105811138014,3347.838450363196,413
16979,6,69.0101,222.50540650406504,1257.551382113821,556.47581300813,3293.7106097560973,246
16980,6,69.0200,130.8393896713615,1143.48035546613,528.6055063715628,3023.1178672032192,1491
16981,6,69.0201,168.6866646077826,977.4248919085854,488.42880172946263,2975.7583137739343,1619
16982,6,69.0202,251.5161010830325,1567.4338267148014,992.9414079422384,5374.2821660649815,277
16984,6,69.0901,157.85959414504325,2182.6216699933466,701.917618097139,4779.790226214238,1503
16985,6,69.0902,360.784,1643.4620934065933,631.984456043956,4419.461016483517,1820
16986,6,69.1900,2201.938823529412,3318.0676470588237,1655.4050000000002,15378.228529411765,34
16993,6,69.2200,6099.214893617022,3770.457234042553,1627.770319148936,20346.802340425533,94
17001,6,69.2212,13934.230833333331,2990.9583333333335,1408.9867857142858,27040.02380952381,84
17002,6,69.4900,1955.7167924528303,2005.632075471698,1531.774716981132,9973.468490566036,53
17003,6,69.4903,2794.479807692308,2311.1530769230767,1782.576923076923,14963.579807692307,52
17005,6,69.5100,228.10815789473685,1262.1184210526317,472.49868421052633,3347.061578947368,38
17006,6,69.5101,206.793367003367,781.7295117845118,457.62824915824916,2652.613872053872,594
17007,6,69.5102,278.96433723196884,1083.9053606237817,458.3616959064327,3011.315916179337,1026
17008,6,69.5103,525.7263937621833,1093.648820662768,767.0585867446393,4374.214385964912,1026
17010,6,69.5201,318.6373076923077,2062.971153846154,1414.7390384615383,8027.637115384616,52
17011,6,69.5202,171.05124324324325,1413.2020900900902,540.4483873873874,3416.1853333333333,1110
17013,6,69.5901,271.6078918918919,1942.3750810810811,704.621027027027,4459.0136216216215,185
17015,6,69.9100,225.23441860465118,2879.313100775194,1287.2724031007754,6322.576434108527,129
17020,6,70.0x00,132.48141463414635,1731.0059024390246,1029.5436585365853,4011.940341463415,205
17021,6,70.1100,602.8260869565217,1681.378260869565,484.5008695652174,5110.680434782608,23
17024,6,70.1202,2173.4703703703703,4011.996296296296,4019.6322222222225,18154.30851851852,27
17030,6,70.2100,127.97782608695651,3581.7927536231887,986.752608695652,6035.047826086957,69
17031,6,70.2400,233.74880000000002,3775.2848,761.9076,6354.6116,25
17037,6,70.3301,575.6176923076923,2239.006923076923,893.4982051282051,6541.162051282052,156
17045,6,70.4x03,321.66727272727275,5720.298787878787,1648.1466666666665,19322.605454545454,33
17047,6,70.5001,974.1376331360947,2589.753195266272,1309.163905325444,10159.816627218936,169
17049,6,70.5101,985.4168181818183,2662.7343181818183,1389.4352272727274,9764.958181818181,44
17051,6,70.5201,1035.499090909091,2254.389090909091,1157.9775757575758,9537.17909090909,33
17052,6,70.5300,10783.532083333334,2908.460416666667,1535.87375,22276.985,24
17055,6,70.5305,16089.361403508772,3257.0236842105264,1581.005263157895,29512.1749122807,57
17056,6,70.5400,13973.123695652175,2663.9969565217393,1379.6828260869565,24123.065652173915,46
17061,6,70.7100,386.59976923076925,1788.9074615384616,647.4047692307691,5239.505769230769,130
17071,6,70.7802,5352.732058823529,4226.146764705882,1281.7970588235294,30343.18117647059,34
17080,6,71.0100,321.9390322580645,1129.6809677419355,308.0270967741936,3182.2599999999998,31
17081,6,71.0900,322.09263157894736,1289.5503947368422,901.0123684210527,4339.814736842105,76
17083,6,71.0902,114.91844444444445,1288.7013333333332,746.6248888888889,3559.126666666667,90
17085,6,71.1100,92.00581818181817,2569.5687272727273,662.4585454545455,4542.5372727272725,55
17088,6,71.2200,204.0557342657343,1366.261724941725,744.3291375291376,3820.5359673659673,429
17091,6,71.2400,551.7943835616438,2012.315479452055,874.1186301369862,6002.653835616438,73
17093,6,71.2900,205.34029585798817,1365.2886982248522,636.9426627218935,3656.4376331360945,169
17094,6,71.3x00,231.1386607142857,1614.0145535714287,387.5836607142857,5149.4376785714285,112
17095,6,71.3x01,596.1452777777778,1996.2927777777777,757.5469444444444,6523.741944444444,36
17098,6,71.3x04,418.8211462450593,1963.7985375494072,550.8243083003952,5241.393873517786,253
17099,6,71.3x05,16.6642,1181.4144000000001,179.2582,4106.2508,50
17102,6,71.5x00,2907.0245833333333,6157.712500000001,3831.4979166666667,26066.686666666665,48
17106,6,71.7101,394.9896428571428,985.7592857142857,813.2392857142858,4394.6,28
17107,6,71.7102,249.10716666666664,1502.2752666666668,687.6080666666667,5019.569833333333,300
17109,6,71.7900,10095.696373626373,2425.693076923077,1129.0232967032966,19286.545824175824,91
17113,6,71.7904,701.6965217391305,2288.4895652173914,1478.9439130434782,9255.762608695653,23
17115,6,72.0x00,496.7614634146342,1974.539512195122,1152.4460975609757,9232.60463414634,41
17116,6,72.1x00,698.4337689969605,2007.869574468085,1324.19452887538,11708.560151975684,329
17120,6,72.7100,598.5652427184466,1970.3703883495145,870.3596116504854,7952.783398058252,103
17123,6,73.0100,242.36090909090908,1675.678787878788,667.6157575757576,5727.599999999999,33
17124,6,73.0900,270.92407142857144,1576.1854285714285,787.5802142857143,5157.876214285715,140
17126,6,73.1x01,745.2404761904762,1869.732857142857,891.4699999999999,6833.082380952382,21
17127,6,73.1x02,297.59999999999997,1549.540909090909,720.6554545454546,6731.365454545455,33
17128,6,73.4x00,77.15490909090909,1231.179090909091,546.6181272727273,3051.0159272727274,550
17129,6,73.4x01,273.4178846153846,1993.6096153846154,997.0521153846154,5981.3099999999995,52
17130,6,73.4x02,273.0181578947369,2157.1118421052633,766.8568421052632,5157.620789473684,38
17131,6,73.4x03,69.51034482758621,1341.7879310344829,877.8420689655172,3339.6186206896555,87
17133,6,73.5900,333.01199501246884,1512.3360491628073,761.7807588172426,6712.1960990381185,2807
17134,6,73.6x00,380.5817647058824,1350.942205882353,949.4820588235294,7127.493382352941,68
17135,6,73.6x01,455.1562759242561,1641.925049594229,826.4966411181244,7518.060144274121,4436
17137,6,73.8x00,182.0406015037594,1583.0965413533834,671.0084210526315,4441.666015037594,133
17140,6,73.9100,345.31652173913045,1388.204347826087,268.32217391304346,3486.7617391304348,23
17142,6,74.0x00,3625.9245833333334,4615.119583333333,3623.6908333333336,22492.32541666667,24
17143,6,74.1x00,1888.4927777777777,2409.0759259259257,1712.9018930041154,10195.48341563786,486
17144,6,74.1x01,1309.2153314517295,1916.4610822839775,1689.1897904906643,11082.817918294977,27636
17145,6,74.1x02,1491.5400819672132,2369.550081967213,1920.064262295082,12269.6031147541,122
17147,6,74.3x00,849.4804377104377,1723.8017508417508,861.9354208754208,7125.194747474747,297
17148,6,74.3x02,962.9533333333334,1830.2785714285715,1314.980476190476,7298.586666666667,21
17150,6,74.3x04,1326.4007317073172,2151.789105691057,1411.6822764227643,10330.715040650406,123
17152,6,74.3x06,1409.5703448275863,1990.0841379310345,1288.68,10157.698275862069,29
17154,6,74.3x08,1867.9658108108108,2517.8094594594595,1687.1817567567566,11932.063783783784,74
17155,6,74.3x09,579.0175,1327.5921875,848.07,5823.06875,32
17156,6,74.4x00,835.7435294117647,966.4,1450.0142352941175,9096.772176470588,170
17158,6,74.9100,3203.1632653061224,4514.703265306122,4261.440816326531,21587.381836734694,49
17159,6,74.9900,1427.0528205128205,1685.741923076923,2229.8402564102566,11768.811025641025,78
17160,6,75.0x00,114.43681818181818,1646.7920454545456,1123.3370454545454,5130.170681818182,44
17161,6,75.0x01,202.472,1635.3084000000001,1405.7201333333335,5379.4,75
17162,6,75.0x02,143.02281025641025,1474.808441025641,1081.6986871794873,4664.907743589743,975
17164,6,75.3200,16.721481481481483,1124.037037037037,152.65370370370368,1789.1648148148147,27
17165,6,75.3400,60.29545824847251,1435.470631364562,373.32252545824844,2801.1793890020367,491
17166,6,75.3500,221.9909090909091,1674.2870454545455,312.8452272727273,3777.3522727272725,44
17169,6,75.4x00,405.82186274509803,2219.8316666666665,1523.7879411764704,8172.512156862745,102
17171,6,75.5100,450.2121782178218,1799.448184818482,899.469405940594,7083.570462046205,303
17175,6,75.6900,367.98239009816473,1556.4934400341442,729.8083525394793,6328.050870678617,2343
17176,6,75.6902,413.4618993526322,1583.1432514962746,847.8047099059485,7964.585060461708,8187
17177,6,75.6903,387.22333333333336,1764.1866666666665,2063.0209523809526,9477.211904761905,21
17179,6,75.6905,231.53955882352943,964.4607352941176,630.3196323529412,4436.319264705882,136
17183,6,75.9200,386.01878504672896,1579.0160747663551,686.9842990654206,7471.106355140187,107
17186,6,75.9900,369.2491150442478,3174.6017699115046,1251.5952212389382,8024.5176106194685,113
17193,6,76.0904,1284.6504166666666,1705.1745833333334,1294.9054166666667,8160.938333333333,24
17197,6,76.2x00,4170.033554817276,2051.6810631229237,1471.8893023255814,17276.835415282392,301
17198,6,76.2x01,2327.808343558282,2416.2190797546014,2167.3157055214724,13868.212024539878,163
17199,6,76.2x02,1312.2277857142858,2098.0672857142854,1928.0730714285712,11436.721642857143,140
17201,6,76.2x04,1649.7518579234975,1867.9554098360657,1671.6752459016393,11160.48,183
17202,6,76.3100,4114.774342105264,3313.392631578947,2746.1222368421054,17351.45460526316,76
17205,6,76.3900,9287.379523809524,6932.742857142857,5250.772380952381,35894.66333333334,21
17206,6,76.3902,2043.2335064935066,3162.1848051948054,1846.2403896103897,12990.477662337662,77
17222,6,76.6501,20708.93487179487,16113.054615384615,2284.7789743589747,64310.137948717944,39
17225,6,76.6900,1070.2096666666666,2100.129,1841.4803333333332,12958.096,30
17232,6,76.7200,17926.3703125,4080.4975,4282.851875,35310.535312500004,32
17233,6,76.7201,19925.83818181818,5048.257792207792,5105.396753246753,42428.57818181818,77
17234,6,76.7300,955.0746875,1526.771875,1139.470625,7073.345625,32
17236,6,76.7400,25026.811481481483,11462.02962962963,2732.8396296296296,53752.19148148148,27
17237,6,76.7401,24075.89359375,6316.66296875,5113.84109375,49409.77890625,64
17241,6,76.7601,16925.85870967742,11372.696774193548,2128.3077419354836,40565.50806451613,31
17242,6,76.7602,18963.81325203252,5673.281788617886,5503.721219512195,43285.366341463414,123
17247,6,76.7903,17337.1525,2760.313888888889,2896.460277777778,37222.49388888889,36
17253,6,76.9400,11371.586875,9768.40625,1032.7634375,31706.3253125,32
17257,6,76.9700,842.4502409638553,1652.386746987952,1010.1755421686746,10225.487951807228,83
17258,6,76.9701,1116.9665432098764,1850.0158024691357,1404.047160493827,10643.63012345679,81
17279,6,77.1500,9272.397323943662,3279.090845070423,2701.4521126760565,22438.71338028169,71
17290,6,77.2700,9230.190566037736,5920.74716981132,4699.7288679245285,48588.53924528302,53
17292,6,77.2800,6271.8424038461535,2888.349230769231,1949.8329807692307,26938.467115384618,104
17294,6,77.2900,19363.165783132532,7189.563975903615,5442.979397590362,48230.2243373494,83
17312,6,77.4500,3151.095666666667,4338.138666666667,1786.3626666666669,14134.367333333334,30
17317,6,77.4900,3251.5529411764705,6474.078823529411,2213.984705882353,16655.555294117647,34
17321,6,77.4904,2633.2458333333334,6721.4035,3140.4691666666668,17685.411166666665,60
17332,6,77.6103,3158.848,4163.635,2729.9993333333337,16853.010666666665,30
17335,6,77.6201,10290.096779661017,4060.152372881356,2364.858983050847,29005.571355932203,59
17342,6,77.6501,11197.948826530614,5037.059897959183,3789.240153061224,33716.26316326531,196
17346,6,77.6701,8546.750893854749,4628.379776536312,4352.542346368715,29569.675139664803,179
17348,6,77.6800,4048.1030952380947,2964.815119047619,2312.8063095238094,15847.345357142858,84
17351,6,77.6900,14180.056764705882,6081.915617647059,5056.5665,36748.29894117647,340
17353,6,77.6902,2559.851458333333,2392.9065625,1220.3863541666667,11752.1865625,96
17354,6,77.6903,2335.7282758620686,3674.7856896551725,3556.4975862068964,17008.255862068963,58
17409,6,78.0701,8084.602333333333,3500.605666666667,4363.033,28267.692666666666,30
17419,6,78.1103,556.9822222222223,3937.077777777778,1702.032962962963,10068.881851851851,27
17423,6,78.1301,11121.607999999998,3131.2634285714284,2413.7614285714285,23057.845142857142,35
17428,6,78.1701,22043.606170212766,6981.32914893617,9974.602765957447,63485.977021276594,47
17434,6,78.1901,38828.28954545454,13936.122727272728,14898.479090909093,93052.54227272727,22
17446,6,78.3701,14721.049756097562,5817.296097560976,7418.563170731708,50053.472195121954,41
17451,6,78.4600,8391.126538461538,2868.023076923077,1929.893076923077,21555.30269230769,26
17466,6,78.5300,9366.450454545455,2782.281818181818,1955.2704545454544,23050.484545454547,22
17469,6,78.5400,4812.28590909091,2220.0363636363636,1822.8195454545455,17826.068636363638,22
17471,6,78.5500,17223.8368,7702.028,6366.514,46628.7088,25
17475,6,78.5700,15218.237843137254,4560.195882352941,3516.5256862745096,35210.44960784313,51
17480,6,78.5900,17984.266697247705,4729.219449541284,4339.624678899083,42649.3880733945,109
17485,6,78.6000,1484.24,1624.5703703703705,1133.017037037037,7745.467777777778,27
17486,6,78.6100,758.8655319148936,1498.0395744680852,1146.6440425531916,6899.209148936171,47
17487,6,78.6101,924.6368421052631,1419.5236842105264,1429.3923684210527,7578.916578947369,38
17488,6,78.6103,782.8748025613661,1499.2077908217716,1139.5793383137675,6853.778473852721,937
17490,6,78.6105,1174.2306611570248,2064.5100826446283,2629.1847933884296,10649.66743801653,121
17491,6,78.6107,1785.8948780487806,2219.0326829268292,1522.7675609756097,10433.08975609756,41
17492,6,78.6201,869.4588323699422,1553.552543352601,1214.7622543352602,7509.828427745664,865
17495,6,78.6301,821.0296537949401,1591.691810918775,1138.5976431424767,7305.966324900133,751
17497,6,78.6303,734.4968556701032,1530.0734020618556,1085.515412371134,7112.928505154639,388
17498,6,78.6401,426.49199999999996,1430.01,1197.2932,8082.0312,25
17500,6,78.6403,539.0137751004016,1448.2172690763052,890.041967871486,6334.884698795181,249
17502,6,78.6501,1271.6453531598513,1873.1084262701363,1520.4641511771995,9234.58086741016,807
17504,6,78.6600,1329.1983050847457,2139.2422033898306,1295.8954237288135,9695.406779661016,59
17505,6,78.6601,642.6044021739131,1692.7018614130436,1119.9784239130436,7005.4675,736
17507,6,78.6700,852.4485714285714,1658.7162857142857,1294.439142857143,8485.443428571429,70
17508,6,78.6701,906.4581289947705,1680.9274956420686,1323.2625973271354,8215.703672283556,1721
17509,6,78.6702,967.2233333333334,1712.2950666666668,1048.3966666666668,7412.638933333334,75
17510,6,78.6703,703.9626748971193,1570.1023045267489,981.1635390946502,7147.284938271605,243
17512,6,78.6705,645.5724600355239,1546.2880728241564,1100.7661190053286,7070.806376554174,1126
17513,6,78.6706,1327.1942857142858,1451.2814285714285,472.96214285714285,7046.9232142857145,28
17514,6,78.6800,742.0859249329758,1562.1371849865952,1256.8334048257373,7491.13672922252,373
17515,6,78.6801,933.708888888889,1673.218888888889,1059.6001111111111,7935.809333333333,90
17517,6,78.6803,575.1086746987952,1439.2029718875501,972.1468674698796,6630.05843373494,249
17519,6,78.6900,1216.1721025641025,1957.4308717948718,1774.094487179487,9681.906128205128,390
17520,6,78.6901,1794.6254545454547,2251.7664772727276,2524.6073863636366,12939.077272727272,88
17522,6,78.6903,345.39317343173434,1187.8760147601477,795.4665682656827,5373.910553505535,271
17523,6,78.6905,382.3325806451613,1292.1999999999998,905.336935483871,6190.544677419355,62
17524,6,78.6907,1432.675497237569,2037.3859392265192,2020.022255985267,10285.436546961326,1086
17530,6,78.8100,1000.089375,6207.43625,2379.3628125,13353.958125,32
17536,6,78.8900,1827.4462500000002,7387.060714285714,2124.628392857143,16107.104107142857,56
17538,6,79.0100,1065.6615625,1814.9028125,916.3340625000001,7203.9303125,32
17540,6,79.0201,486.15643382352937,1701.6037132352942,1142.035955882353,6254.040551470588,272
17541,6,79.0202,228.4774074074074,1538.751851851852,430.00074074074075,5587.205925925926,27
17547,6,79.0601,3536.029642857143,2380.9935714285716,3150.9485714285715,14661.228214285715,28
17549,6,79.0603,329.4896428571429,1661.917857142857,870.3578571428571,6290.480714285714,28
17553,6,79.0702,111.39863636363636,1284.7181818181818,712.7472727272727,5022.144090909091,22
17559,6,79.1100,7490.217511961722,2650.492822966507,1771.6308612440191,19863.931961722486,209
17560,6,79.1200,6174.119047619048,2043.7029365079366,1313.5836507936508,16940.208095238097,126
17563,6,79.1300,2058.4722950819673,2292.96,1605.2345901639344,11317.541147540984,61
17566,6,79.1400,1509.991875,1516.8755208333332,1464.4861458333335,8666.682604166666,96
17567,6,79.1500,13156.546436781608,6204.304744572159,4789.486979565773,36535.356008939976,1566
17568,6,79.1600,14888.222136752136,4201.4500854700855,4461.661652421652,35248.804387464384,351
17569,6,79.1601,11695.114571428572,4704.719142857142,5719.990857142857,32758.803428571424,35
17572,6,79.1700,8949.893678160919,3150.487816091954,2988.9632183908043,23406.337931034483,87
17575,6,79.1800,3012.044761904762,2439.3285714285716,2273.2461904761903,15123.733333333334,21
17576,6,79.1900,10265.079459459459,3320.7327027027027,2224.603783783784,22974.46945945946,37
17579,6,79.1903,19460.797,11302.573,8814.7636,66728.8108,50
17592,6,79.2601,20383.817812499998,6621.0840625,8575.1778125,54771.3259375,32
17602,6,79.3100,12299.763667546173,3629.1437308707123,3374.006944591029,29240.49260158311,1895
17603,6,79.3101,11264.88075949367,3756.2395886075947,2950.8362658227848,27327.600379746837,316
17604,6,79.3200,12009.081296008295,3191.847693105236,3231.938797304303,27672.835484707102,1929
17605,6,79.3201,11738.468014981274,3225.9519850187266,3151.081573033708,26349.06913857678,267
17606,6,79.3202,8720.70738095238,2957.973095238095,2673.4849999999997,22435.687539682538,126
17607,6,79.3300,6680.698477157361,2143.662487309645,2097.013578680203,17028.310812182743,394
17609,6,79.3302,7688.619552238806,2475.45776119403,2344.448358208955,18893.13134328358,67
17610,6,79.3400,2943.659875346261,1465.2994044321329,1795.918379501385,11749.051634349029,722
17611,6,79.3401,2681.48010989011,1830.297912087912,2993.878351648352,13384.665934065935,91
17612,6,79.3500,17697.670152284263,6802.221426959954,6030.204624929498,45954.972075578116,1773
17613,6,79.3501,15449.24065359477,6583.767189542484,4606.703464052288,40359.87437908497,306
17614,6,79.3600,16488.99734682406,4313.472518268691,4866.679856661045,38476.157498594715,3558
17615,6,79.3601,16320.062923076923,4712.76117948718,5049.606333333333,39213.05853846154,390
17616,6,79.3602,11980.113529411765,3314.333823529412,4148.928235294117,29575.84617647059,34
17617,6,79.3603,12880.861398416886,3812.91290237467,3129.677678100264,30065.023113456464,379
17618,6,79.3604,5506.018773584906,3373.1932783018865,3150.510683962264,20270.845872641512,424
17619,6,79.3700,11929.145762527234,3378.302668845316,4140.391710239651,29839.55391067538,918
17621,6,79.3702,9529.156329113925,3209.7050632911396,3657.589113924051,25417.9435443038,79
17622,6,79.3800,4022.3802531645565,1889.47,2725.6633544303795,15915.179810126583,158
17623,6,79.3900,11526.131514297222,4678.7497583568265,4967.930628272251,32542.28455497382,2483
17625,6,79.3902,14129.45806451613,4647.208387096774,3828.557741935484,32763.055161290322,31
17626,6,79.3903,19517.560344827587,7027.700344827586,7556.673486590038,47690.85038314176,261
17627,6,79.3904,9617.977046632124,3152.9118134715027,3147.486269430052,23436.045336787563,193
17633,6,79.6000,3993.629891304348,2436.1829347826088,2920.2625000000003,18154.582934782607,92
17640,6,79.6400,809.7784782608695,1270.045543478261,1477.6008695652174,7076.6010869565225,184
17643,6,79.6601,16621.678260869565,6009.765,9389.624130434782,52667.853043478266,46
17647,6,79.6702,6430.6180952380955,2887.1880952380952,3563.727619047619,22482.635238095238,21
17648,6,79.6800,1213.2231707317073,1519.8853658536586,1983.7756097560975,9627.771951219513,41
17651,6,79.7100,386.8726666666667,1873.3641333333333,802.2914666666667,4692.935733333333,75
17655,6,79.7500,1430.0083783783782,2204.921891891892,955.0070270270271,9242.234054054055,37
17660,6,79.8100,10238.170162162161,3127.4261081081077,2833.5804324324326,24401.405621621623,185
17661,6,79.8200,13832.846666666666,5194.674814814814,5733.807777777778,44069.40333333333,27
17665,6,79.8401,1386.0820689655172,1429.551724137931,1362.5527586206897,8527.709655172413,29
17667,6,79.8500,9253.312191780822,4088.1505479452053,2450.5586301369863,39503.93890410959,73
17672,6,79.8803,11320.700285714285,3435.0545714285713,3276.7768571428574,29074.849142857143,35
17673,6,79.8900,28410.71529411765,5871.082941176471,4817.089705882353,52897.8444117647,68
17695,6,80.1604,2579.387868852459,3265.5904098360656,1498.685737704918,16122.585245901639,122
17699,6,80.2000,9169.562249999999,2483.825,1683.764,23374.713750000003,40
17700,6,80.2100,16482.64548387097,3090.777419354839,1996.4587096774194,29194.023870967743,31
17702,6,80.2300,7944.36652173913,2379.304347826087,1316.9478260869564,22866.88086956522,23
17704,6,80.2600,4730.8575,3673.6409375000003,2381.9126875,18863.508875,160
17705,6,80.2700,6498.322222222223,2844.9777777777776,1852.1944444444443,19840.606666666667,27
17714,6,80.4101,255.78477941176467,2369.398823529412,836.2991176470588,9448.936323529413,136
17715,6,80.4102,4733.197051282051,2976.0802564102564,1926.1734615384614,20389.846794871795,78
17716,6,80.4201,303.9488349514563,1857.6388349514561,647.8352427184466,9278.110388349514,103
17717,6,80.4202,3032.1115384615387,2758.5938461538462,1350.125769230769,18109.851153846153,26
17723,6,80.4501,874.8371794871795,2118.4461538461537,709.0528205128205,8751.161538461538,39
17725,6,80.4601,551.0040697674418,2080.685930232558,970.303953488372,9290.613372093023,172
17726,6,80.4603,827.2908108108109,2615.3631531531532,1473.840990990991,15051.347117117117,111
17727,6,80.4701,2241.442222222222,2197.4133333333334,1587.1913333333334,13046.659555555554,45
17734,6,80.5100,17971.393970345965,4880.014332784185,3708.6313509060956,38409.86161449753,607
17736,6,80.5102,40647.696444444446,6008.120740740741,4505.8074074074075,65436.64874074074,135
17737,6,80.5103,9680.733571428571,4882.294285714285,2283.193333333333,27172.86523809524,42
17742,6,80.5108,30716.731233766233,6124.601515151515,5077.590800865802,56022.99428571428,462
17743,6,80.5109,6801.091886792453,4401.955754716981,3099.770566037736,28523.63103773585,106
17744,6,80.5110,9713.084069343065,4000.2549270072996,1911.3632664233578,24549.68760948905,548
17745,6,80.5111,8096.306853448276,3812.3905459770112,2326.438843390805,24263.52074712644,1392
17746,6,80.5200,579.2523851203501,2307.0404595185996,1273.0371334792121,9976.191509846825,457
17749,6,80.5900,2346.148794788274,3150.2528013029314,1297.3182084690554,11420.264657980457,307
17750,6,80.6x00,3540.868372093023,2109.007441860465,1515.4048837209302,13915.688604651163,43
17754,6,80.6x05,4819.475384615384,2450.015384615385,1657.059230769231,18948.635769230772,26
17755,6,80.6x06,3559.04045,2965.6728000000003,1915.63715,16140.30105,200
17756,6,80.6x07,3612.3536466165415,2704.3887593984964,1512.7289473684211,15089.81,266
17757,6,80.6x08,2918.772326530612,2803.976734693878,1213.5172244897958,14089.907632653061,245
17760,6,80.7101,9348.032741935484,2773.969516129032,2103.4714516129034,24683.217903225806,62
17769,6,80.7600,4771.771777777778,3192.6164444444444,2495.918888888889,18778.436222222223,45
17770,6,80.7601,7198.696023255814,2931.1686976744186,2170.344860465116,22149.100860465114,430
17771,6,80.7700,3734.5044,2758.7776,1418.912,15967.902,25
17772,6,80.7701,4687.120769230769,2846.397692307692,1529.2657692307694,18436.398076923077,26
17777,6,80.8102,8951.400192307692,2892.2828846153843,2356.6711538461536,23411.78903846154,52
17779,6,80.8201,1983.9606382978723,3017.6153191489366,1927.0074468085108,12770.10425531915,47
17782,6,80.8301,1913.4415625000001,3151.7796875,2517.5490624999998,13915.59,32
17785,6,80.8401,1268.2683870967742,1936.0835483870967,1409.7003225806452,8738.888387096773,31
17787,6,80.8501,8684.568260869564,8489.387391304348,11155.405652173913,46908.516086956515,23
17790,6,80.8601,2757.8521428571426,3544.8059523809525,3347.6791666666663,16814.421071428573,84
17791,6,80.8602,3824.84184079602,3316.169502487562,2573.182885572139,18585.515074626866,201
17792,6,80.8700,7782.614285714286,2628.483142857143,1952.3577142857143,21502.053714285714,35
17793,6,80.8701,3359.058222222222,3537.038444444445,2766.347777777778,17507.161111111112,45
17794,6,80.8702,6409.117575757576,3005.3448484848486,1778.1833333333334,19885.926969696968,33
17795,6,80.8800,2635.415333333333,2375.445,1727.2333333333333,12905.618666666667,30
17796,6,80.8801,841.2506060606061,3355.74,2116.0509090909095,12233.042424242425,33
17806,6,80.9903,36658.63958333333,8450.689166666667,6291.126458333333,69505.40333333334,48
17809,6,81.0102,19717.629743589747,9815.529743589743,5882.594871794871,72760.69025641025,39
17811,6,81.0105,29220.63956521739,9076.68956521739,5446.324782608695,73446.98826086956,23
17812,6,81.0200,26942.018075117372,7321.509186228483,4195.6892018779345,69178.1589514867,639
17813,6,81.0300,29545.6146,10919.7428,10399.0549,87577.0236,100
17817,6,81.0500,39082.85285714286,9736.824761904762,7273.97738095238,79882.28023809523,42
17818,6,81.0501,26909.270447761195,13095.563582089553,11409.626119402985,103278.3671641791,134
17819,6,81.0502,45188.15149019608,13764.320352941177,6454.923333333333,96049.2045490196,255
17820,6,81.0600,24365.964623655913,7685.562258064517,2116.7512903225806,87469.12612903226,93
17821,6,81.0601,37255.93265306122,6668.821326530612,1933.7835714285716,79014.07336734694,98
17824,6,81.0701,26219.414103773586,6209.220754716981,4836.348160377359,57560.75283018868,212
17825,6,81.0702,27487.387037037035,5774.422592592593,4270.076851851852,66973.60555555556,54
17826,6,81.0800,32382.434999999998,5464.367948207171,4380.720338645418,56573.727968127496,502
17827,6,81.0801,31912.90719883041,5779.291187134503,4020.388374269006,58160.56329824561,1710
17828,6,81.0802,37019.10944015444,5978.918127413127,4185.014922779923,63979.554420849425,518
17829,6,81.1100,13962.306799999998,4161.986,3018.823,40462.7618,50
17830,6,81.1101,19153.773947368423,4011.958157894737,3238.557894736842,37873.39315789474,38
17832,6,81.1300,13953.8104,3395.7968,2213.9664000000002,35251.7308,25
17836,6,81.1600,10910.985714285713,2781.215,2085.679285714286,29832.799642857142,28
17843,6,81.2300,18423.218076923076,2954.537692307692,2287.498846153846,35112.08192307693,26
17852,6,81.2801,2619.1633333333334,1485.4307407407407,1449.0148148148148,11500.697407407408,27
17864,6,81.4000,23248.16557894737,4014.708947368421,1131.916105263158,40898.458,95
17872,6,81.4501,20285.72266666667,4300.543333333333,2185.4353333333333,40439.799333333336,30
17874,6,81.4503,21014.25324324324,3604.164864864865,3576.7527027027027,39145.18054054054,37
17875,6,81.4504,19170.943318250378,4036.8629864253394,2322.5474358974357,40043.0897586727,663
17876,6,81.4505,22404.483916666664,4332.694,3044.4930833333333,44613.57241666667,120
17877,6,81.4600,7863.691363636364,3172.006818181818,2931.5095454545453,22099.89409090909,22
17878,6,81.4601,10224.391923076922,2897.774230769231,2645.195769230769,27862.073461538464,26
17879,6,81.4700,5369.602874285714,2541.916342857143,1915.061017142857,17867.511788571428,1750
17880,6,81.4900,11019.229523809525,3282.3642857142854,2600.9438095238097,26154.02047619048,21
17881,6,81.4902,10153.171515151515,2628.231818181818,1855.4166666666667,22959.864545454548,33
17882,6,81.5100,24198.91772683242,5073.999993542137,3629.048324184695,50609.59763965127,3097
17883,6,81.5200,18699.420634920636,6996.778775510204,5712.882925170068,47551.15566893424,441
17884,6,81.5201,20012.321606864276,6736.769313572543,5449.354134165366,45454.20801872075,641
17887,6,81.5400,22581.884015461575,4767.571173260573,3613.7307003183264,48042.26764893133,2199
17888,6,81.5401,27160.55293478261,4538.7529347826085,4345.869239130435,48689.49326086957,92
17895,6,81.6500,11928.211236191477,4472.382635455024,2287.721388742767,23970.074608101,1901
17896,6,81.6600,19369.65753846154,4727.7838717948725,2338.58721025641,31942.052825641025,1950
17897,6,81.6601,18494.37625968992,4861.107199612403,2801.1828294573643,32490.26628875969,1032
17904,6,81.8101,23011.954705882352,5956.447352941176,4776.429411764706,47792.647647058824,34
17907,6,81.8300,18734.891558966076,2950.8306865912764,2327.5769143780294,35266.07149434572,1238
17908,6,81.8301,8532.244923076923,2248.3987692307696,2362.0876923076926,21822.851076923078,65
17914,6,81.9100,113.01463480613165,3173.1353381424706,1937.680081154193,9307.697294860234,1109
17915,6,81.9101,217.5798873873874,3508.1714189189192,2812.6768468468467,9754.600292792793,444
17916,6,81.9200,87.74039513677812,3803.016382978723,1768.0620364741642,11061.321306990882,329
17917,6,81.9201,171.45630387931033,3075.2792959770118,1947.5367636494252,8980.569809626437,2784
17919,6,81.9300,4332.9113333333335,2070.2193333333335,1676.7535555555555,14007.33,45
17922,6,81.9400,7880.682544378698,2641.686272189349,1505.9491715976333,22503.38704142012,169
17927,6,81.9500,4402.732307692308,2081.2723076923075,1890.6323076923077,14010.253846153848,26
17930,6,81.9600,11543.459690721651,2993.3488659793816,2241.237010309278,26758.152577319586,97
17934,6,82.0101,512.7575113122172,1057.1544796380092,552.3009954751132,4485.577149321267,221
17943,6,82.0902,595.3277777777778,1544.9681481481482,1741.684814814815,8250.052222222223,27
17944,6,82.2100,269.7231666666667,1823.0921666666666,394.12966666666665,4796.8623333333335,60
17945,6,82.2101,373.6222935779817,1519.6293119266056,550.0004128440366,4578.506467889908,218
17946,6,82.2200,454.24583333333334,2172.4025,1042.91625,7316.4454166666665,24
17947,6,82.2900,695.4334636871508,1872.1689944134077,968.5712290502794,6863.02374301676,179
17952,6,82.3601,1330.4817412935324,1465.3068656716418,2173.1775621890547,9849.664527363184,201
17957,6,82.4400,1518.0123287671233,1179.4034246575343,1243.136392694064,7863.350639269406,219
17958,6,82.4500,1017.7690581162325,1304.6703206412826,1211.1336472945893,7449.540941883768,499
17959,6,82.4501,1112.4534065934065,1236.7345054945054,1183.8176373626372,7226.918351648351,182
17961,6,82.4602,420.12772727272727,1475.0404545454546,1099.2272727272727,5972.456363636364,22
17962,6,82.5301,2428.075,1421.8082000000002,1116.3906,8762.482,50
17974,6,82.7202,425.16159090909093,1571.9772727272727,3327.2875,13037.770227272727,44
17981,6,82.9100,1143.5528125,1498.36390625,1324.8384375,8778.5603125,64
17987,6,83.0101,572.72,1558.7170588235294,815.615,5968.287352941176,34
17988,6,83.0102,421.94573770491803,1369.488524590164,432.5701639344262,4759.705409836066,61
17992,6,83.0203,714.0758823529411,1884.3561764705883,1606.905882352941,7774.318823529413,34
17993,6,83.0204,3663.87625,11852.218333333332,13637.671666666667,44834.30541666667,24
17996,6,83.0902,1459.952380952381,2769.695238095238,2026.7838095238094,10368.237142857144,21
17997,6,83.0903,579.9102083333333,1673.7897916666668,1244.0908333333334,8045.778958333333,48
17998,6,83.0904,1275.1817647058824,3037.3695588235296,3413.1608823529414,12306.678970588237,68
18001,6,83.1300,1860.167619047619,1951.352380952381,1517.661904761905,9578.44142857143,21
18006,6,83.1900,1674.067619047619,1459.064761904762,465.32190476190476,8029.343333333333,21
18008,6,83.1903,1357.5855555555554,1655.7862962962963,733.1481481481482,8754.923333333332,27
18009,6,83.2100,857.4131182795699,7940.57752688172,3374.1940322580645,16435.63569892473,186
18010,6,83.2900,2797.7172916666664,2709.099583333333,3533.6498958333336,15508.039583333333,96
18011,6,83.3100,2147.9315094339627,2179.2971698113206,1029.216037735849,9848.690943396226,53
18012,6,83.3101,550.2696341463414,1693.829207317073,657.3011280487805,5245.352774390244,328
18013,6,83.3200,1327.952700587084,2456.5701565557733,1129.0785714285714,9663.857769080236,511
18015,6,83.3900,1342.7576944065484,2425.8017053206,1256.942482946794,9555.32065484311,733
18016,6,83.3901,1801.438484848485,2053.0557575757575,920.4206060606061,9313.295454545454,33
18017,6,83.3902,1136.3011698113207,2121.424566037736,1147.821283018868,8276.232754716983,265
18018,6,83.3903,2073.1332142857145,3066.7374999999997,3606.09375,15121.965714285716,56
18019,6,83.3904,1415.16644,2579.2843199999998,1191.76708,8828.295880000001,250
18024,6,83.4500,3629.135394736842,5042.8488157894735,2334.788552631579,27505.54828947368,76
18025,6,83.4501,2887.874653465347,2905.595891089109,4209.394900990099,17118.364356435643,202
18031,6,83.6301,20157.7372,4733.407999999999,2655.328,39834.6056,25
18032,6,83.6400,1536.7673170731707,1414.1303902439024,1639.0371707317072,9867.90175609756,205
18033,6,83.6401,1348.0984615384614,1382.8819230769232,1645.605,8416.865576923077,52
18034,6,83.6402,2414.7979770992365,2176.4618702290077,1590.6096946564885,11866.373778625955,262
18036,6,83.6500,1698.393559322034,2205.755593220339,2077.1189830508474,11588.771525423728,118
18052,6,83.8500,6284.666956521739,2047.9213043478262,1555.5791304347827,20646.991739130433,23
18056,6,83.8800,6866.185819672131,2354.614262295082,2189.644918032787,18489.95762295082,122
18058,6,83.8803,2752.6005714285716,1698.5891428571429,1850.3957142857143,9866.729428571429,35
18060,6,83.8901,1141.993125,1936.7153750000002,1291.87825,8235.242750000001,80
18063,6,83.9101,112.01609467455621,1982.8668639053255,458.2955029585799,6213.968106508876,169
18067,6,83.9105,62.35485768500949,1507.4920493358634,926.1985294117648,7218.03779886148,1054
18070,6,83.9501,625.0052,5008.1668,2512.5856,12256.820800000001,25
18071,6,83.9502,733.7768965517241,4431.593448275862,1495.068620689655,9395.954137931034,29
18074,6,83.9800,235.9899074074074,1809.566049382716,1209.0905555555557,8330.59524691358,324
18077,6,84.0100,1154.1186631016044,1616.4094652406418,1225.0260427807486,8603.241978609625,187
18079,6,84.0102,766.4785185185184,1675.1932407407407,2964.2846296296298,13070.056018518519,108
18081,6,84.0201,977.7418269230768,1198.903076923077,1216.2596153846155,9025.772596153845,104
18091,6,84.1100,3414.2146000000002,5105.2096,5147.0424,23660.581000000002,100
18092,6,84.1101,5199.788139534883,5664.087209302325,4877.410697674419,30118.017906976744,43
18093,6,84.1102,2784.255671641791,2954.8117910447763,2627.2665671641794,17418.855970149256,67
18096,6,84.1500,9431.619166666667,8801.010416666666,12800.96125,54568.77208333334,24
18097,6,84.1501,9882.486235294118,8215.253882352941,10336.893764705883,45450.44117647059,85
18100,6,84.1701,6727.791,9916.479636363636,13219.800363636365,51193.72054545454,110
18102,6,84.2101,5624.25152542373,1537.9838983050847,4240.545254237289,22362.77220338983,59
18104,6,84.2201,6468.2460919540235,1641.3224712643678,4958.055,25320.312586206896,174
18114,6,84.3x00,1339.8400892857142,1797.9623214285714,2151.670535714286,9229.120892857143,112
18115,6,84.5501,11376.405555555555,4877.222222222223,5015.137407407407,28916.70296296296,27
18127,6,84.8205,32445.759109947645,5441.90722513089,4454.0437696335075,52457.14366492147,191
18128,6,85.0x00,398.4918264840183,1493.4604566210046,1070.0263926940638,5171.870867579909,219
18131,6,85.1100,1728.651611624835,5103.480383091149,1613.1202774108324,10161.30963011889,757
18132,6,85.1200,2204.2634146341466,4517.217317073171,1899.384024390244,11667.428292682927,82
18134,6,85.2000,640.3354545454546,2109.325974025974,1628.9792207792207,10816.711688311689,77
18135,6,85.2100,2689.2595139391747,1755.0159603548152,318.14881517016653,6579.615882512671,11048
18136,6,85.2101,4221.624415448851,1797.244686847599,205.17930062630478,7717.644102296451,958
18137,6,85.2200,1159.2036842105263,3223.344887218045,1121.6899999999998,9332.57417293233,266
18138,6,85.2300,1986.4822245322248,5233.999750519751,1804.738814968815,15057.450415800417,481
18139,6,85.2301,1323.2782296650719,3130.671196172249,1056.3546411483253,8871.722153110048,209
18140,6,85.2400,1202.6041666666667,1744.37,858.8791666666666,7089.130833333334,24
18141,6,85.2401,1024.658527131783,1728.1198449612402,794.907519379845,6894.167906976744,129
18145,6,85.3200,3080.21205882353,1954.6038235294118,1540.4020588235294,22982.919411764706,34
18146,6,85.3300,20229.008494623657,6920.734623655913,1792.9212903225805,50193.688924731185,93
18147,6,85.3400,1570.0548936170212,4172.537659574468,1366.3125531914893,13287.938085106382,47
18148,6,85.3401,2532.8188461538457,4264.083461538461,1461.7211538461538,14033.615384615385,26
18149,6,85.3500,29363.59230769231,5584.026153846154,1665.2303846153845,69708.535,26
18150,6,85.3600,1756.2021739130435,2645.1139130434785,1090.078695652174,12724.871304347826,23
18151,6,85.3601,1668.5591304347827,2467.693043478261,1213.4513043478262,12329.577826086956,23
18152,6,85.4100,2921.206637931035,7029.161249999999,2557.7250862068963,21035.567413793102,232
18153,6,85.4200,5321.577916666666,3025.4541666666664,1498.6408333333331,17838.999166666665,24
18154,6,85.4300,3827.093387096774,8074.532056451612,3527.575080645161,23773.08298387097,248
18155,6,85.4301,2909.805501567398,7067.525721003135,2951.5672570532915,20814.647068965518,638
18156,6,85.4302,2726.9339247311827,8908.94129032258,2541.699516129032,22398.117741935483,186
18157,6,85.4303,2446.1013658536585,7200.180536585366,2238.28043902439,21243.6976097561,205
18161,6,85.4500,3253.6311707317072,7668.572841463415,2473.8586707317077,22113.04508536585,820
18178,6,85.9100,225.6257264957265,1339.4509401709402,1062.6952991452993,4756.107863247863,117
18180,6,85.9400,3110.251685393259,2191.5806741573033,1238.7766292134831,15379.41988764045,89
18182,6,85.9900,4030.157272727273,1309.3631818181818,1003.0004545454544,11169.215454545454,22
18183,6,86.0100,429.73376175548594,2603.521379310345,2526.7966144200627,9107.934012539186,319
18184,6,86.0101,246.90500000000003,3436.31225,664.1825,7999.231750000001,40
18189,6,86.0400,493.51217041800646,2452.357379421222,1966.5167202572345,8106.9279742765275,622
18190,6,86.0401,5199.195833333333,5204.250138888889,6148.738194444445,26441.95097222222,72
18192,6,86.0500,342.59133333333335,2219.6802222222223,1113.6533333333334,5571.564,90
18194,6,86.0502,387.22783783783785,1762.3862162162163,970.0517567567567,5545.0614864864865,74
18196,6,86.0600,323.1061038961039,4827.992640692641,2351.627402597403,9875.095454545453,231
18197,6,86.0601,239.06389473684212,5296.57052631579,942.6111052631578,8034.721631578948,190
18198,6,86.0603,4971.545,2934.8059999999996,2897.002,13468.098666666667,30
18199,6,86.0701,4580.3638155802855,4342.803767885533,4135.726073131956,17850.83292527822,629
18200,6,86.0900,135.88484848484848,1630.8530303030304,1269.6377272727273,5422.932272727272,66
18203,6,86.1100,294.3745858895706,3935.2890644171785,2282.1805368098157,10016.641702453988,652
18207,6,86.2102,877.0374358974359,2020.1225641025642,1956.0215384615383,10266.546153846153,39
18208,6,86.2200,2524.381255358236,3621.48890385793,4483.117483159828,18825.44442131047,1633
18209,6,86.2201,1506.9608728652752,2305.75715370019,2909.154421252372,12205.978273244782,527
18210,6,86.2202,5695.437916666667,7849.412083333334,15496.729166666666,54035.81958333334,24
18211,6,86.2203,447.5317142857143,2374.942857142857,1656.652857142857,8383.216571428571,35
18212,6,86.2300,207.89919999999998,1592.6552,961.1618000000001,7192.1578,50
18215,6,86.2601,1241.2257377049182,973.5418032786886,473.8275409836065,7479.869344262295,61
18216,6,86.2602,1752.2591666666667,1168.7633333333333,471.49083333333334,9435.435416666667,24
18218,6,86.2701,503.63875,1384.099375,1488.704375,6530.83625,32
18219,6,86.2800,537.7116716716716,2843.7924574574577,2671.2917267267267,10279.4894994995,1998
18220,6,86.3x00,443.94365853658536,1509.0123639774858,674.6324765478424,5013.692363977486,533
18221,6,86.3x01,1500.4098518518517,1399.744148148148,1224.823111111111,9892.983851851852,135
18222,6,86.3x02,545.1733227344993,1762.1395310015896,664.1796343402226,5556.25039745628,1258
18223,6,86.3x03,527.2492358674464,1855.092662768031,670.2920038986355,5620.521578947369,2565
18225,6,86.3x05,553.8830120481928,752.277108433735,407.30903614457833,3559.221084337349,83
18229,6,86.3x10,867.0565354330708,868.8854330708662,599.0962992125984,5419.359527559055,127
18231,6,86.3x12,105.57583333333334,2088.9375,2248.6529166666664,7734.836666666666,24
18232,6,86.3x13,1068.5407272727273,2501.190431818182,1043.6126590909091,7943.338886363636,440
18233,6,86.3x14,384.9089,934.7352000000001,228.9114,3287.7066999999997,100
18234,6,86.3x15,693.398883248731,1622.5435532994925,711.3126395939086,5747.76959390863,197
18236,6,86.4x00,1001.3901639344263,2700.6573770491805,1149.889344262295,9558.313606557376,61
18237,6,86.4x01,1448.2973640167365,3115.0133891213386,1206.575857740586,10220.926485355649,239
18238,6,86.4x02,1213.2053030303032,3035.8071212121213,1112.1633333333334,9657.926818181819,66
18239,6,86.4x03,1400.9147368421052,4344.188421052631,1857.6447368421052,15210.25350877193,57
18241,6,86.5900,520.0976538461539,2811.736230769231,2730.801653846154,10294.922807692308,260
18242,6,86.5901,330.82652173913044,2816.3217391304347,2769.379130434783,12032.14695652174,23
18243,6,86.5902,391.0148956356736,3384.1496963946865,2778.0690512333963,10360.84660341556,527
18246,6,86.6101,1584.466875,1566.6375,2140.6706249999997,12691.36375,32
18249,6,86.6202,13096.525769230771,7450.991923076924,10819.762692307693,50974.517692307694,26
18254,6,86.6304,5643.960789473685,3635.2647368421053,5596.093684210527,27991.2,38
18262,6,86.6901,17485.30178082192,6220.270684931507,10522.819589041095,71889.13657534246,73
18263,6,86.6902,9260.14138211382,2934.8029268292685,5558.5956097560975,34362.42886178862,123
18266,6,86.6905,22983.19277777778,6678.7797222222225,20095.45277777778,80740.80777777778,36
18267,6,86.6906,11574.644318181818,5970.087045454546,12212.32446969697,51836.6418939394,132
18268,6,86.7000,1658.0932142857143,2210.8214285714284,2680.6696428571427,14136.316071428573,28
18269,6,86.700x,3553.981095890411,3722.0980821917806,4610.233150684931,25537.50315068493,73
18271,6,86.7101,452.76084507042253,1111.08,1574.9984507042254,6505.459154929577,71
18272,6,86.7104,589.2672916666667,2042.095625,5745.196666666667,22316.372083333335,48
18275,6,86.7300,2444.503664921466,1678.7776439790578,4134.176178010472,19325.14329842932,191
18278,6,86.7400,3543.592284710018,2636.4500878734625,3199.0307381370826,21131.2251142355,569
18283,6,86.7406,1966.4891999999998,3730.8484000000003,5467.6588,16690.458,25
18285,6,86.7500,1085.7390532544377,1190.982071005917,1527.8500591715976,8839.131479289941,169
18286,6,86.7501,763.2941525423729,2694.9072033898306,2043.2251694915255,9454.086949152543,118
18288,6,86.7503,970.0753658536586,1676.0128048780487,1520.448231707317,8617.35481707317,164
18298,6,86.8401,2812.953076923077,1637.0423076923075,1870.9723076923076,16082.462884615383,52
18302,6,86.8501,1508.547037037037,1286.6511111111113,1333.2337037037037,15568.119259259258,27
18303,6,86.8502,2144.3874074074074,1146.448148148148,958.5988888888888,12969.024074074076,27
18308,6,86.8900,1659.9583116883118,2044.4327272727273,2270.8185064935064,12698.617207792207,154
18309,6,86.8901,1038.8384615384616,1255.771923076923,2110.992307692308,8623.461153846154,26
18311,6,86.9100,1196.0361904761905,2530.802380952381,1826.8771428571429,9921.798095238095,21
18318,6,86.9900,109.99499999999999,1757.0568181818182,967.0229545454546,4781.145909090909,44
18319,6,87.0300,345.9216795366795,2631.8182432432436,1445.893996138996,6502.318474903475,518
18320,6,87.0301,190.77793103448275,2732.062068965517,2211.362344827586,7150.022551724138,145
18321,6,87.0302,391.894875,4169.23609375,2576.32340625,9324.491875,320
18322,6,87.0400,282.28608695652173,4805.465217391305,2755.248260869565,10158.266521739131,23
18332,6,87.2400,7916.159583333333,4442.765,1117.3933333333334,18294.404583333333,24
18340,6,87.4100,568.3714634146341,5004.106097560976,3294.137317073171,11319.268536585367,41
18341,6,87.4101,216.06315196078432,2849.3648480392158,1603.09856372549,6251.193803921568,2040
18342,6,87.4102,146.5040476190476,2743.859523809524,1437.8680952380953,6122.011428571429,42
18343,6,87.4103,314.13510256410257,4825.371051282051,1406.8571794871796,8272.142076923077,390
18346,6,87.4400,215.64814102564102,1832.7628205128206,943.0847435897437,4651.433461538461,156
18347,6,87.4401,220.11715670436186,1580.2036672051695,669.7830048465266,4010.8523586429724,619
18352,6,87.5403,88.54333333333334,1041.8723076923077,782.7823076923078,3225.9682051282048,39
18355,6,87.6200,351.00522222222224,3592.436111111111,2607.139666666667,9269.577222222222,90
18372,6,87.8300,44.89233333333333,529.9666666666667,194.25833333333333,959.554,30
18374,6,88.0100,292.8032914046122,3385.2052410901465,2006.9640461215934,7390.653375262054,477
18381,6,88.1901,208.22080000000003,2578.64,773.0652,5395.0048,25
18393,6,88.3800,192.51880952380952,2786.1261904761905,1570.852380952381,6698.836309523809,84
18400,6,88.4100,2391.4374342105266,3953.2913251879695,3062.05359962406,15590.86382518797,1064
18401,6,88.4101,2386.6911198133644,4676.393487752041,3444.0469955007497,16086.409861689717,6001
18403,6,88.4103,5591.347073170732,4249.914756097561,3298.0466463414637,20064.798597560977,164
18406,6,88.4201,2437.9733742331287,4971.646687116565,5113.330552147239,19513.10073619632,163
18411,6,88.4300,2748.3569999999995,6112.03,3605.287333333333,16645.230666666666,30
18412,6,88.4401,3422.232307692308,3805.325384615385,3549.6257692307695,16370.364230769232,26
18413,6,88.4403,6221.71512195122,6499.41243902439,6336.543658536586,28421.666829268295,41
18415,6,88.4500,4129.937441860465,5270.5727906976745,2564.9395348837206,16718.000465116278,43
18417,6,88.4701,8475.771818181818,4600.343838383838,5531.698181818182,27514.784545454546,99
18420,6,88.4705,5270.176956521739,6329.573913043479,5675.4947826086955,25659.532608695652,23
18422,6,88.4707,4076.843823529412,6960.146470588235,7763.137647058823,31976.059411764705,34
18423,6,88.4800,8331.536936936936,5766.571711711711,3729.8489189189186,24425.59279279279,111
18430,6,88.5000,1538.0,2562.590857142857,1544.8991428571428,11170.106,35
18432,6,88.5102,7564.688953488372,4024.222558139535,3630.8252325581393,21192.336162790696,86
18435,6,88.5302,1197.677722772277,3247.4079207920795,1677.4877227722773,9819.817722772277,101
18436,6,88.5500,1209.918005546568,3703.658844464987,1535.5970085509591,10233.203244280101,21635
18437,6,88.5600,1441.7687321428573,3636.568172619048,1690.0100654761907,10792.68450595238,1680
18438,6,88.5700,2239.38,4078.9063414634147,2947.8758536585365,15846.23731707317,41
18439,6,88.5701,1776.8040250361098,4201.456880115551,2280.174183919114,12758.921059220029,2077
18450,6,88.6600,3690.067079207921,2855.5706435643565,1759.0239603960397,12418.450346534655,202
18453,6,88.6702,3749.892272727273,2650.531818181818,1596.4304545454545,11254.097272727273,22
18455,6,88.7100,260.3517808219178,3281.5416438356165,710.4157534246575,6770.1663013698635,73
18457,6,88.7103,73.9345,3156.26175,6975.202,12625.48125,40
18458,6,88.7104,79.53803921568628,2935.4323529411763,1115.4168627450981,5624.376078431373,102
18459,6,88.7200,800.1354629629631,2974.8611111111113,1245.9300925925927,6503.176157407408,216
18460,6,88.7201,387.82951486697965,3103.6884663536775,1353.097496087637,6166.060876369327,639
18461,6,88.7202,786.9775000000001,3895.9972222222223,1661.2044444444446,8890.625833333332,36
18462,6,88.7300,154.66238095238094,2828.9826984126985,644.0737301587301,5774.747857142857,126
18463,6,88.7301,118.72573426573426,684.7345454545454,438.2071328671329,2719.228951048951,143
18465,6,88.7400,216.70046296296297,2406.4465740740743,1201.9693518518518,5079.1326851851845,108
18468,6,88.7500,172.86,1944.598780487805,904.9167073170731,4088.578170731707,82
18472,6,88.7600,160.30890109890112,2038.8541025641027,937.5556227106227,4369.591465201465,546
18473,6,88.7601,106.75846153846153,1815.6674358974358,915.1341025641025,3998.835384615384,39
18474,6,88.7700,599.2410852713178,3318.220930232558,1931.5818604651163,7865.928372093023,129
18476,6,88.7800,100.836,977.7639999999999,820.0156,2920.926,25
18478,6,88.7900,58.523148148148145,1199.687037037037,515.4629629629629,2678.837962962963,54
18480,6,88.7902,22.774838709677418,1076.6580645161291,369.6119354838709,1846.473870967742,31
18486,6,88.9000,64.58764705882352,2736.0670588235294,891.2934117647059,4726.552117647058,85
18487,6,88.9100,105.94248780487804,3789.4241463414633,2028.9981463414633,7896.739573170732,820
18488,6,88.9101,160.08048295454546,3470.228806818182,1513.8014204545455,6692.29200284091,704
18492,6,88.9301,642.2787179487179,3698.5923076923077,1015.6533333333334,7034.027435897436,39
18494,6,88.9303,364.873908045977,3150.6724137931033,1749.6332183908046,6804.442068965517,87
18503,6,88.9700,382.2082352941176,3562.4666666666662,1880.402549019608,7603.297843137255,51
18506,6,88.9703,149.17233333333334,3925.463333333333,2229.7706666666663,7628.388333333333,30
18509,6,88.9800,334.38458823529413,4184.503294117648,2069.919529411765,7656.996,85
18513,6,89.0601,163.65372641509433,3309.0932547169814,1485.789245283019,6747.927688679245,212
18516,6,89.0900,328.54606557377053,3266.524098360656,2117.2447540983608,7878.907868852459,61
18517,6,89.1100,76.31565217391304,2762.875652173913,1152.544347826087,5528.08347826087,23
18520,6,89.1400,189.2542367601246,3336.0071651090343,1202.0935202492212,6639.479127725856,321
18521,6,89.1500,315.2117757009346,4960.554392523364,1884.7940186915887,8273.68429906542,107
18523,6,89.1701,78.37241379310345,2237.368965517241,771.4893103448277,4294.335517241379,29
18524,6,89.1702,114.27897959183673,3750.077551020408,972.1355102040816,6992.883673469388,49
18526,6,89.1900,45.47980597797588,1568.0407236497117,195.53648662821186,2481.139648662821,1907
18528,6,89.2400,568.4653846153846,3702.455641025641,1312.3830769230767,11270.077692307694,39
18530,6,89.2600,310.8617821782178,2599.9019801980194,2584.7962376237624,6682.0051485148515,101
18534,6,89.3400,422.8100248138958,1818.777146401985,1981.6830521091813,6693.22,403
18535,6,89.3701,160.95102999210732,2970.9367048145227,2422.86544988161,7419.602012628256,2534
18536,6,89.3702,208.34124999999997,3095.2295833333333,1891.6576041666667,7262.710208333334,96
18538,6,89.3901,97.22380000000001,2448.12,764.2883999999999,4379.348,50
18543,6,89.5001,444.8163150492265,3705.4450914205345,1536.6287623066105,7468.8635724331925,711
18545,6,89.5200,250.86528364389235,2264.221734989648,1233.8087743271221,5093.432807453416,2415
18546,6,89.5400,214.84067757009345,3442.238907366685,1954.0449711379881,8430.17593457944,7276
18547,6,89.5900,293.8285714285714,4283.46,1299.85,6985.865238095239,21
18548,6,89.5901,10151.93746031746,3234.4160317460314,1158.0963492063493,16937.954444444444,63
18549,6,89.6000,215.45790123456788,3284.086716049383,1969.4585185185183,8269.380222222222,405
18550,6,89.6100,648.2170833333333,5929.168055555555,4457.518125,14908.532916666669,144
18553,6,89.6500,211.7772017837235,3504.3880379041248,1705.8003901895206,7841.258545150502,1794
18554,6,89.6800,550.6466666666666,6731.140285714286,4824.778285714286,16733.178285714286,105
18556,6,89.7x00,278.79519999999997,1716.578977777778,747.9594777777778,4292.451888888889,900
18558,6,90.3x00,260.6297297297297,1325.2054054054054,526.9978378378378,3049.7383783783785,37
18559,6,90.4x00,396.29236842105263,1179.0539473684212,744.0742105263158,4381.825789473684,38
18560,6,90.5x00,447.02682352941173,1553.9176470588236,534.8609411764706,3934.9075294117647,85
18562,6,90.6x01,265.9570283018868,3674.768396226415,2775.7922169811322,10290.58174528302,212
18563,6,90.9x00,221.65238095238095,911.5952380952381,354.4695238095238,2451.631428571429,21
18569,6,92.0101,22.415348837209304,4853.576744186046,5322.127906976744,11888.551162790698,86
18578,6,92.1800,59.49846153846154,4788.40576923077,7192.324615384616,13859.201538461539,52
18579,6,92.1900,40.935873015873014,2825.1063492063495,8771.450317460318,12759.490634920636,63
18583,6,92.2201,892.5434693877551,3171.8293877551023,8251.93551020408,36008.659387755106,49
18585,6,92.2400,795.3996847224552,6870.24751635083,4109.211499245346,30905.92038906591,5963
18587,6,92.2501,174.83072727272727,3859.3636363636365,11974.506363636363,16853.582545454545,55
18588,6,92.2700,3643.9882467532466,5334.626623376624,11752.561363636363,31262.538571428573,154
18591,6,92.2706,1313.1499999999999,7263.893103448276,18602.278965517242,31420.408275862068,29
18592,6,92.2800,148.54966101694916,3069.00313559322,2438.807118644068,14749.334745762711,118
18593,6,92.2801,27.98687306501548,3416.682507739938,3562.7106811145513,10274.437306501548,323
18594,6,92.2900,666.0029141104295,4614.261848159509,3418.307768404908,21320.223458588956,1304
18595,6,92.3101,640.9606847826086,3183.356695652174,2621.2492391304345,23864.765445652174,920
18596,6,92.3102,975.8274257425743,7122.60198019802,4085.8540594059405,32302.124653465344,101
18597,6,92.3200,287.1215309446254,3075.827361563518,2888.785667752443,24986.67745928339,307
18598,6,92.3201,147.44969474969474,2361.384493284493,1040.1685836385836,21210.658534798535,819
18603,6,93.0103,239.7285798816568,4304.911301775148,4713.115976331361,16513.72875739645,169
18604,6,93.0104,93.64166666666667,1884.6958333333332,830.8620833333333,4531.697916666667,24
18606,6,93.0107,167.59950704225352,3173.395070422535,1863.4404929577463,9620.835211267606,142
18609,6,93.0800,159.61213592233008,3474.2087378640776,1464.9944660194174,6873.605436893204,103
18611,6,93.1100,1358.7553846153846,2128.276923076923,1142.1561538461538,12735.81076923077,26
18614,6,93.1103,278.9856,2822.56,1638.8748,25781.596400000002,25
18615,6,93.1200,149.24176470588236,2893.3941176470585,4378.385882352941,21405.284705882354,34
18617,6,93.1301,1122.5632673267326,5183.656930693069,4681.477821782179,35603.02732673268,101
18618,6,93.1400,127.65864864864865,2556.0194594594595,891.8871171171171,11748.70981981982,111
18619,6,93.1600,310.5331147540984,3382.1483606557376,2692.425655737705,17023.930409836066,122
18622,6,93.1900,151.9307740585774,2316.008389121339,1799.8214016736401,10084.399163179916,478
18623,6,93.2100,37.778,1455.6497777777777,1642.326888888889,7432.186222222223,45
18627,6,93.2600,102.06308823529413,1898.403882352941,1462.8819264705883,9261.718647058824,680
18631,6,93.3300,40.18191919191919,1621.6464646464647,1037.1850505050506,5235.0062626262625,99
18633,6,93.3500,120.06805510204082,2274.5992663265306,2293.831192857143,7839.861754081632,9800
18634,6,93.3501,112.98581081081082,1834.4013513513514,2183.984864864865,7765.418648648649,74
18635,6,93.3502,133.63140495867768,2596.4471074380162,2051.1485950413226,9381.79611570248,121
18636,6,93.3503,149.19316973415135,2221.681145194274,1926.1307055214725,7329.301186094069,978
18637,6,93.3504,171.89216602720614,1691.224426229508,1405.6241820718521,5495.095102895012,2867
18638,6,93.3505,97.81343042071197,3189.7299029126216,1981.9597411003238,7494.641747572815,309
18639,6,93.3506,154.85404545454546,2175.213181818182,1492.1596818181818,9388.706409090908,220
18642,6,93.3510,117.96372473118278,3033.8409161290324,1808.3682451612904,9500.175359139785,2325
18643,6,93.3511,47.28736842105263,1662.517543859649,1877.6308771929826,6647.2914035087715,57
18644,6,93.3512,133.2027272727273,2980.7272727272725,3391.651363636364,9471.440454545454,22
18647,6,93.3515,189.5197435897436,1257.3692307692309,1770.367435897436,6034.288974358974,39
18648,6,93.3517,112.52676842105264,2351.861947368421,2589.432694736842,7204.556431578948,950
18649,6,93.3518,70.07781818181819,2055.66,1984.6894545454545,6417.4447272727275,55
18654,6,93.3523,98.80939393939393,2574.7581818181816,2239.3409696969698,7689.96090909091,165
18655,6,93.3525,369.3066666666667,2799.337142857143,3223.9180952380952,8751.235714285714,42
18657,6,93.3800,160.1941666666667,2503.1875,2027.6310416666665,17658.453333333335,48
18658,6,93.3801,18.643809523809523,860.857380952381,215.91738095238097,22310.556666666667,42
18659,6,93.3802,343.3694893617021,3570.1532198581563,5000.421957446809,22409.75680851064,705
18660,6,93.3803,133.08662337662338,3287.9532467532467,1732.0836363636363,11677.171818181818,77
18661,6,93.3804,730.2175384615384,2754.7656923076925,3234.2284615384615,23255.106307692306,65
18662,6,93.3900,116.95558948261237,2524.3422985581,2107.1177608142493,8737.615835453775,1179
18664,6,93.3902,119.90501404494381,2814.747518726592,2040.6496863295881,8635.250674157303,2136
18665,6,93.3903,146.96,3633.372727272727,1321.7072727272728,7058.028636363637,22
18667,6,93.3905,160.09671532846716,620.1459854014598,810.0176642335766,2717.8377372262776,137
18668,6,93.3906,161.18134615384616,1137.1467948717948,1040.1753205128205,4306.24625,312
18669,6,93.3907,70.05287671232877,1281.8917808219178,1563.8021917808219,6094.535342465753,73
18670,6,93.3908,102.5987659574468,2720.833212765958,2353.1097234042554,8123.102117021277,940
18671,6,93.3909,48.70408866995074,1077.8004926108374,1133.0840886699507,6120.897339901478,203
18672,6,93.3910,122.31445967741935,2029.4001572580644,2151.885677419355,6595.826975806452,2480
18675,6,93.4102,983.1659999999999,7461.057666666667,7004.7373333333335,28476.130333333334,30
18676,6,93.4200,55.611964285714286,1657.5303571428572,1352.0341964285712,6682.293214285714,112
18677,6,93.4201,94.96713450292397,1730.6196491228072,1070.8095906432748,5514.522631578948,171
18679,6,93.4400,1337.6442465753425,5203.74602739726,3946.629589041096,17153.53410958904,73
18683,6,93.4406,1852.9152777777776,4536.306111111111,2942.895138888889,14152.8575,72
18684,6,93.4407,3916.748333333333,4035.8297916666666,3395.96625,18927.44125,48
18685,6,93.4600,164.36684210526315,2254.9261988304092,913.1250292397661,5932.170321637427,342
18687,6,93.5201,333.1011111111111,3400.837037037037,1636.7525925925927,7939.093703703704,27
18688,6,93.5300,219.7515476190476,2304.3886507936504,1418.4984523809524,6505.332460317461,252
18689,6,93.5400,297.9983185840708,2229.7090265486727,2201.440353982301,8580.489247787611,226
18690,6,93.5401,279.02555555555557,2419.8172401433694,1543.9240143369175,6973.9341218638,279
18691,6,93.5402,219.81833789954337,2080.9716347031963,1351.2262557077624,6052.665415525114,1095
18692,6,93.5403,1021.7637313432836,2238.2688059701495,1113.4623880597014,6253.456119402985,67
18693,6,93.5404,112.42190476190477,2439.1190476190477,1848.427619047619,6740.342380952381,21
18694,6,93.5405,230.32838095238094,1490.1165238095236,3824.756619047619,11903.515238095239,210
18698,6,93.5602,52.11780487804878,1890.3202439024392,1666.4668292682927,6234.466829268293,41
18699,6,93.5700,2681.403333333333,1312.8070175438597,1840.1828070175438,10260.472807017542,57
18700,6,93.5800,195.34671755725194,2838.985496183206,1589.9408396946565,7155.36106870229,131
18701,6,93.5900,1867.3695588235296,2500.773823529412,3331.1098529411765,11750.298088235295,68
18708,6,93.6701,669.7204347826087,1435.6339130434783,731.3321739130434,5209.0234782608695,23
18709,6,93.6702,75.95949999999999,1420.9985000000001,1718.8426000000002,6991.7568,100
18714,6,93.8301,165.08521276595744,2827.3500000000004,1724.5942553191492,19547.46904255319,94
18717,6,93.8900,135.6125702811245,3692.4729317269075,1499.5753413654618,8327.774136546184,249
18718,6,93.9000,970.3787120671188,6598.620585505178,5552.455023205997,20202.329237772225,11204
18719,6,93.9001,700.5507749077491,5096.327675276753,3361.5000553505533,18662.374704797046,542
18722,6,93.9400,424.90203592814373,3984.154131736527,2040.7526946107785,9553.989580838323,167
18723,6,93.9401,203.7351195736938,1694.1978619703664,1381.7150844814141,5022.329047309591,7694
18724,6,93.9500,277.8795890410959,2912.170438356164,2559.356109589041,9902.340630136987,365
18725,6,93.9600,201.47297297297297,4087.426756756757,6514.329189189189,15094.531081081082,37
18726,6,93.9601,206.22982581069238,3447.0151511831727,2379.7108687554773,8432.48754272568,9128
18727,6,93.9800,316.44550724637685,4014.4007246376814,4126.247101449275,13074.658985507245,138
18730,6,94.0200,52.618587570621465,2998.755367231638,1593.534463276836,7954.6718079096045,177
18731,6,94.0204,118.1652,4317.264,1753.237,9002.3422,50
18737,6,94.1105,126.46555555555555,2837.177777777778,940.9697777777777,6024.992666666666,45
18741,6,94.2300,23.39044483985765,3138.984519572954,930.2135765124556,14807.049395017793,562
18742,6,94.2301,103.75120000000001,2708.9840000000004,1642.8832,5537.7992,25
18743,6,94.2600,344.4736483931947,5073.960869565217,2008.5624763705105,18351.727334593572,529
18745,6,94.2701,372.56035658914726,6147.980930232558,1832.0921860465116,20435.52860465116,645
18746,6,94.2702,271.5411145510836,6307.922910216718,1246.6704334365324,17488.517120743036,323
18747,6,94.2900,82.18893333333334,3099.9466666666667,1493.1934666666666,7121.982400000001,75
18748,6,94.2901,110.20382642998027,3208.1138264299802,1124.523836291913,9393.938767258383,1014
18749,6,94.3200,129.74200000000002,4069.1240000000003,1207.0532,9595.1432,25
18750,6,94.3300,19.504890965732088,2888.18722741433,449.5343613707165,8709.232024922117,321
18751,6,94.3301,13.295789473684211,2453.8894736842108,1234.602105263158,18743.824736842103,38
18753,6,94.3900,34.400865384615386,3199.3903846153844,993.1737019230769,14613.154951923078,208
18754,6,94.3901,118.43756097560974,2739.3607317073174,1350.5668292682926,9124.975975609756,82
18756,6,94.4401,33.42576923076923,2034.5336538461538,871.7627884615384,8911.43125,104
18759,6,95.0102,115.91911764705883,3285.864117647059,2054.2700000000004,7098.695588235294,34
18760,6,95.0104,102.32843749999999,2103.625625,621.9053124999999,3578.353125,32
18765,6,95.0400,30.11801587301587,1255.861111111111,623.1185714285715,2984.037222222222,126
18767,6,95.0900,41.10166666666667,1170.0166666666667,836.0186666666667,4989.618,30
18769,6,95.1100,267.72191435768264,3237.5831989924436,928.3433249370277,7658.886221662468,397
18771,6,95.1201,97.87830188679246,3744.7188679245282,894.9964150943396,5829.515849056605,106
18772,6,95.1300,21.435454545454544,2100.331818181818,563.4975,3135.315909090909,44
18776,6,95.2300,109.594375,4147.995833333333,916.0183333333333,6574.062291666666,48
18784,6,95.4101,86.36181818181818,2259.6363636363635,1755.4213636363636,5576.419999999999,22
18785,6,95.4102,141.62366666666668,3180.3586666666665,807.5176666666666,7359.406666666667,30
18786,6,95.4300,130.32936170212764,5343.9025531914895,1061.696170212766,9194.270425531915,47
18789,6,95.4601,102.49011396011396,1910.2773219373219,1679.923247863248,5348.754074074074,351
18790,6,95.4700,210.69076923076923,2972.693846153846,641.9200000000001,6354.208205128205,39
18793,6,96.0400,2230.1999839871896,10100.784375500401,10763.686373098479,35119.97417534027,2498
18798,6,96.0700,469.1710329171396,5030.836163450625,4645.469205448354,15179.889829738933,881
18799,6,96.0800,1873.1316216216214,7620.2108108108105,9699.512432432433,26992.70945945946,37
18802,6,96.1400,95.4025,1310.6660714285715,926.8657142857144,3757.7246428571425,28
18811,6,96.2900,1000.8533816425121,2571.821884057971,250.94526570048308,4808.656425120773,207
18812,6,96.3300,112.30684210526316,2098.4590643274855,470.1650292397661,5429.43081871345,171
18813,6,96.3400,225.22918918918919,3006.781081081081,1292.4967567567567,7456.385945945945,37
18814,6,96.3500,677.3497321428571,10963.47767857143,5697.145267857143,31190.147633928573,224
18816,6,96.3700,445.2565942028985,3520.451739130435,3116.4182608695655,10397.4284057971,138
18817,6,96.3701,183.2805577689243,2291.7286055776895,2832.189003984064,7481.174661354582,251
18819,6,96.3900,227.2057558139535,3128.228953488372,2349.6977906976745,8351.168488372094,172
18821,6,96.3902,478.96619047619043,2880.1538095238093,5368.934761904762,12715.466190476189,21
18822,6,96.3904,259.6026291079812,3196.1993427230045,3203.2932394366194,9007.479342723005,213
18824,6,96.4400,115.13282442748091,2144.757061068702,1434.3438549618322,4683.328778625953,262
18830,6,96.4901,273.26945454545455,1629.8827272727274,3279.030181818182,6419.24509090909,110
18831,6,96.4902,26.56794117647059,839.035294117647,278.69882352941175,1856.1805882352942,68
18832,6,96.5100,112.25787375415283,3158.130664451827,1403.1404318936877,6124.805946843854,301
18833,6,96.5200,231.80206896551724,3126.9241379310347,1609.2141379310344,7478.062413793104,29
18839,6,96.5601,727.3444318181818,5545.393181818182,5642.085909090909,19516.178863636364,88
18842,6,96.5900,173.07,3148.7869565217393,1796.238260869565,6505.385652173913,23
18845,6,96.6x02,1183.0068181818183,7098.407272727272,7737.723181818182,22707.42818181818,22
18846,6,96.6x03,2192.933225806452,7058.264677419355,11071.35822580645,27073.874032258063,62
18847,6,96.6x04,1210.0896,3930.6728000000003,4942.2796,15683.4148,25
18848,6,96.6x05,1108.4224390243903,6469.8624390243895,5540.240731707317,20160.392682926828,41
18849,6,96.7000,5343.249565217391,17584.782608695652,13553.224782608695,59718.61086956522,23
18850,6,96.7100,1378.218761904762,7816.794904761904,6565.252333333333,24257.457809523807,210
18851,6,96.7101,1919.557539223782,7852.144417836499,7091.4877098816405,25169.77259565098,3633
18852,6,96.7200,5062.317173913044,22334.655942028985,25529.651449275363,87189.53130434782,138
18853,6,96.7201,5948.30687517852,22593.05576406741,27817.489145958298,87589.57177092259,3501
18854,6,97.0101,627.5004819277109,5755.4997590361445,6436.436626506024,21517.238072289158,83
18857,6,97.0501,1944.2886486486489,3581.281081081081,3197.5572972972973,11466.253243243244,37
18865,6,97.3200,60.217619047619046,1311.2857142857142,513.4114285714286,2936.289047619048,21
18866,6,97.3700,832.9685714285714,5703.311190476191,6310.844523809525,24216.958333333332,42
18867,6,97.3801,309.6530769230769,788.5041025641026,283.3348717948718,2568.438717948718,39
18876,6,97.5500,468.674,534.9333333333333,262.34666666666664,2220.7046666666665,30
18877,6,97.5501,100.18729729729729,933.3175675675676,276.6010810810811,1854.0594594594593,37
18879,6,97.5503,89.11435897435898,1234.4351282051282,771.260641025641,2924.965769230769,78
18889,6,97.6203,86.86473829201103,826.0279614325069,310.3947107438016,2343.618209366391,363
18890,6,97.6204,123.57725722757598,810.6126612305411,355.15264640474425,2421.2206152705708,1349
18891,6,97.6205,145.3157123655914,928.5664112903227,414.31470430107527,2514.4195430107525,744
18895,6,97.6402,62.04392857142857,637.657142857143,188.15196428571429,1563.2191071428572,56
18896,6,97.7100,224.45744444444443,1792.9564444444443,562.5765555555555,4120.707222222222,90
18897,6,97.7101,302.11979381443297,1970.6476288659794,725.2551546391752,4917.486288659794,97
18898,6,97.7102,501.2130287648055,1528.3677326565144,619.2850253807106,4913.267969543147,591
18911,6,97.8900,511.7450476190476,1854.1809523809525,1166.7905714285714,5957.782095238095,105
18913,6,97.8902,244.68000000000004,1553.1317073170733,627.9409756097562,3538.5853658536585,41
18914,6,97.8903,465.9559016393443,1694.4460655737705,1715.2193442622952,5725.699180327869,61
18917,6,98.0200,500.6672151898734,1519.729493670886,1071.3621518987343,5373.690632911393,79
18918,6,98.0201,511.9957620041754,1609.1420041753654,1195.0855114822546,5491.094154488518,479
18919,6,98.0301,440.82830508474575,1795.1667796610168,600.6613559322034,4608.23593220339,59
18926,6,98.1100,243.51385714285715,1285.123857142857,776.3542857142858,3793.035714285714,70
18928,6,98.1201,413.5211538461539,1464.0288461538462,917.4369230769231,4663.115384615385,26
18933,6,98.1503,1855.7797419354838,4090.1237419354843,2924.1733548387097,17077.939548387098,155
18934,6,98.1504,1542.4860869565218,2180.505652173913,1201.688260869565,8797.06652173913,23
18935,6,98.1600,481.2520754716981,1323.1396226415093,572.8269811320755,5057.268113207548,53
18942,6,98.2200,105.61854166666666,1515.6758333333335,544.488125,3147.11125,48
18952,6,98.5101,146.1781443298969,2082.023298969072,947.579381443299,5070.312268041237,97
18954,6,98.5103,79.03680408323517,1688.247797408716,748.3909854731056,4176.197605025521,2547
18958,6,99.0102,412.37025641025645,5450.554615384615,1111.668205128205,14156.00923076923,39
18960,6,99.0301,274.5395782747604,3671.6354760383383,3233.1054376996804,11924.564900958467,1565
18961,6,99.0400,292.17635593220336,3164.456355932203,4245.231355932203,13111.22406779661,118
18962,6,99.0401,295.3353496659243,3659.589371937639,3311.1853095768374,12491.500530066816,2245
18963,6,99.0500,464.25588235294117,3809.1804779411764,5086.307389705883,15783.168419117646,272
18964,6,99.0600,176.69279999999998,1234.5,6976.6194000000005,9769.1724,50
18966,6,99.0700,333.7052380952381,2595.695238095238,786.4780952380953,6269.988095238095,21
18967,6,99.0701,460.0235204081633,4316.560357142857,5387.916887755102,16418.23994897959,196
18970,6,99.0900,740.6806896551725,4588.320689655172,9064.339655172414,20477.600344827588,29
18972,6,99.1000,879.1589659863945,5928.001659863945,7891.4470612244895,19867.07323809524,735
18977,6,99.1005,762.2993770491803,5435.678163934426,8053.20331147541,19332.15826229508,305
18979,6,99.1007,7037.27761904762,8993.493809523809,8014.489523809524,32593.92761904762,21
18980,6,99.1008,2052.391339869281,5746.173954248366,7613.09068627451,21191.164673202613,306
18981,6,99.1009,1633.7549152542372,5598.513898305085,8488.933050847458,20933.95542372881,59
18982,6,99.1100,278.0478787878788,2696.8257575757575,8506.247575757576,14638.095757575758,33
18984,6,99.1400,416.9678646934461,2795.149661733615,6113.190084566597,12271.371966173363,473
18988,6,99.1502,352.6755102040816,4502.889795918368,1187.7781632653061,10523.267551020408,49
18989,6,99.1600,80.03515151515151,1874.2751515151515,1080.0042424242424,4620.799545454545,66
18991,6,99.1700,253.292290629244,4122.143431416931,1581.8214622000905,7881.335776369398,2209
18992,6,99.1800,118.03,1309.4789473684211,523.0698245614035,2835.612456140351,57
18994,6,99.2000,249.22476190476192,4159.734285714286,4595.039285714285,13187.906904761903,42
18995,6,99.2100,284.85263081861956,1895.934470304976,1303.6707800963081,5441.660731942215,6230
18996,6,99.2200,123.85064957264959,1279.2649572649573,1005.0816581196582,3549.2536923076923,585
18997,6,99.2300,167.74107142857142,2387.3250000000003,2017.4267857142856,6419.322857142857,28
18998,6,99.2400,51.27400159108989,982.4253778838504,1793.9519252187747,3426.494701670644,1257
19000,6,99.2500,479.2099403578529,2114.881463717694,3337.271878727634,7986.485208747515,4024
19001,6,99.2501,8129.008862275449,3961.384910179641,4954.668323353293,27059.910658682635,167
19002,6,99.2502,3305.336896551724,3752.7389655172415,4007.5471034482757,17983.916620689655,145
19003,6,99.2503,383.95225677543414,2110.537392434349,3489.4629984676403,7755.590965837389,66564
19004,6,99.2504,547.7388461538462,3287.8647115384615,8054.924615384616,19334.573942307692,104
19005,6,99.2505,2397.655921325052,4329.153167701863,6489.055445134576,19236.71397515528,483
19006,6,99.2506,496.9640404040404,2159.626262626263,3108.6935353535355,7703.341919191919,99
19009,6,99.2800,207.18698741199063,1869.3138670791552,2284.2488969490078,5575.342045018135,9374
19010,6,99.2801,143.7702662900948,2019.4010086746018,1735.2530825095823,4972.511837805124,4957
19012,6,99.2900,99.97605633802817,2682.021327967807,1298.5273641851106,5508.829496981891,497
19013,6,99.2901,55.42272727272727,1447.8969696969696,735.4080303030303,3317.0230303030303,66
19014,6,99.2902,150.71858316221764,2544.260821355236,3261.646119096509,9195.788028747433,487
19015,6,99.2904,291.1783061889251,1520.0385016286646,917.2466775244299,5591.562931596091,307
19016,6,99.2905,204.37644736842105,1109.9855263157895,817.5326315789474,4716.119868421052,76
19019,6,99.6000,666.5237804878049,4487.598780487805,3017.398682926829,12642.384000000002,410
19021,6,99.6200,1102.5127586206895,4008.254137931034,2739.956896551724,12265.18379310345,29
19022,6,99.6201,554.3578947368421,4397.512807017544,2515.5498245614035,10275.037192982456,57
19024,6,99.6300,755.3766304347827,3353.962934782609,2785.861847826087,10621.121847826087,92
19026,6,99.7200,3076.517272727273,10972.965757575757,12249.69606060606,45381.51303030303,33
19027,6,99.7300,1684.6357971014493,3415.789855072464,788.1227536231884,10187.589130434782,69
19028,6,99.7400,1569.829393939394,4610.360606060606,1700.0669696969696,14359.254545454547,33
19033,6,99.7901,1391.5262222222223,1808.0374074074073,1868.5443703703702,14741.099629629629,135
19034,6,99.8100,266.27037037037036,3621.7553703703707,2207.4016666666666,10019.067407407407,54
19035,6,99.8200,164.56684466019416,2206.244207119741,1637.8342394822007,7331.63928802589,618
19036,6,99.8300,112.7323706491063,2113.65029162747,1437.829651928504,6164.540301034807,1063
19037,6,99.8301,186.92596678348318,2441.300383970745,340.3679765351211,6213.164965716898,6563
19039,6,99.8500,208.14989065255733,2618.50715696649,1729.2285432098765,9441.189446208113,2835
19040,6,99.8501,7451.573333333334,2662.6041666666665,1938.5075,17401.93375,24
19041,6,99.8502,107.2690909090909,2926.336363636364,1281.7663636363636,10066.467272727272,22
19047,6,99.9200,123.64867210503452,2297.5004349085293,2381.290912294251,9576.398710237969,20717
19048,6,99.9201,57.06570264765784,2076.2349083503054,2502.4366598778,11861.426069246436,491
19049,6,99.9203,87.4529347826087,2631.836956521739,1466.9074999999998,6818.7626086956525,92
19050,6,99.9204,116.73012448132779,2043.7979253112032,1955.0844398340248,9317.088008298755,241
19051,6,99.9205,189.95439730307515,2593.036229238612,2751.2335857589214,7688.005487584279,12162
19053,6,99.9208,104.70236842105264,1354.0552631578946,1735.8892105263155,5200.9107894736835,38
19054,6,99.9210,73.81806451612904,1626.5516129032258,1566.3625806451614,7052.883225806452,31
19058,6,99.9900,241.01513157894738,3483.4630263157896,2312.3971710526316,8286.53177631579,152
