,basy_yydj,basy_ssjczbm1_for_str_9,age_group,AGE-HAOCAI-only_operation-9-E,AGE-JCJY-only_operation-9-E,AGE-YP-only_operation-9-E,AGE-ZFY-only_operation-9-E,记录条数-only_operation-9
0,1,,0,188.81809430255404,1047.458978388998,1037.9443516699412,5975.821257367387,1018
1,1,,1,438.00559202813594,976.4289683470106,1248.6794255568582,6881.075779601407,853
2,1,,2,342.2769240780911,1201.5776355748374,1478.1091062906726,7417.358720173536,2305
3,1,,3,293.01522325581396,1263.1232558139534,1483.9471627906976,7567.977286046511,4300
4,1,,4,290.68246269717207,1296.6238041779168,1498.1381199374732,7312.749887736251,7037
5,1,,5,242.75103624792473,1247.3854973713337,1525.807761483121,6641.262937188711,14456
6,1,,6,115.0574543163201,1257.4762228823477,1824.8522675308309,6197.900643622288,11109
7,1,,8,94.35670447578173,1276.453832771306,2064.620081238504,5950.879846719803,13048
8,1,,9,95.88662570073308,1348.1241472617507,2493.5015297542045,6657.593440060371,9276
111,1,03.3101,4,2266.4922727272724,1623.9136363636362,6471.955454545454,15745.175909090909,22
112,1,03.3101,5,1256.923137254902,1378.1864705882351,5043.6498039215685,12479.066470588235,51
113,1,03.3101,6,403.43,1462.6352631578948,5917.3426315789475,12351.660526315789,38
114,1,03.3101,8,829.9974193548388,1415.2445161290323,5137.685483870968,13454.18258064516,31
131,1,03.5305,5,26990.035652173916,2753.668695652174,4605.349130434783,40797.80086956522,23
160,1,03.9102,4,553.6688888888889,1430.888888888889,1163.075925925926,7217.726296296297,27
161,1,03.9102,5,336.35603773584904,1462.9245283018868,913.3647169811321,5401.233962264151,53
162,1,03.9102,6,825.2027272727272,1733.7272727272727,826.7818181818182,6089.842121212121,33
163,1,03.9102,8,128.11103448275864,1865.2586206896551,1009.7758620689655,6195.4834482758615,29
190,1,04.2x02,5,1213.7664285714286,1873.9035714285715,673.2253571428572,8577.923928571428,28
204,1,04.2x05,5,1353.209,1041.2675,1275.8960000000002,5518.9842499999995,40
242,1,04.4900x0,4,3506.441612903226,1414.8806451612904,3067.623548387097,11781.590322580645,31
243,1,04.4900x0,5,3618.6473529411765,1533.864705882353,4466.864117647059,15219.711764705882,34
271,1,04.8101,4,59.641555555555556,1162.7222222222222,1210.0904444444445,5204.768444444444,45
272,1,04.8101,5,185.5152688172043,1268.163870967742,1314.3013978494623,6029.2520430107525,93
273,1,04.8101,6,44.44859375,1253.528125,1214.0796875,5218.365,64
274,1,04.8101,8,131.69706666666664,1450.4570666666666,1329.5472000000002,5763.286,75
275,1,04.8101,9,37.66241379310345,1705.368275862069,1556.3306896551726,5925.7572413793105,29
402,1,08.4902,5,120.70666666666666,723.7740740740742,153.39,1904.5666666666668,27
403,1,08.4902,6,171.85450980392156,586.2578431372549,130.44588235294117,1656.8239215686276,51
404,1,08.4902,8,229.46418181818183,621.0077272727274,170.16345454545453,1925.1807272727274,110
405,1,08.4902,9,145.53902439024392,579.8548780487805,162.87658536585366,1770.2878048780487,41
437,1,09.6x01,8,85.27961538461538,599.9307692307692,226.39884615384614,2442.415384615385,26
449,1,09.8100,5,390.59825,693.9525,409.96425,2640.10775,40
461,1,09.8101,5,1053.7558333333334,527.0,569.0087500000001,4179.908333333334,24
462,1,09.8101,6,901.1847826086956,539.8826086956522,629.2934782608696,3824.74347826087,23
506,1,11.3201,4,146.6518181818182,613.5318181818183,266.7609090909091,2058.725,22
507,1,11.3201,5,192.7292857142857,586.375,236.02511904761906,2008.4366666666665,84
508,1,11.3201,6,169.56927710843374,571.1168674698795,232.10819277108433,1998.1078313253013,83
509,1,11.3201,8,282.7788235294118,579.6882352941177,270.50529411764705,2304.288235294118,85
510,1,11.3201,9,284.3115384615385,535.8269230769231,308.2069230769231,2186.7219230769233,26
514,1,11.3203,6,2014.2548484848485,466.67575757575753,150.28848484848484,3496.3154545454545,33
515,1,11.3203,8,1882.9575925925924,454.7037037037037,159.2624074074074,3440.446851851852,54
525,1,11.3900x0,5,230.1676923076923,771.2,131.83153846153846,2039.2188461538462,26
526,1,11.3900x0,6,213.2027272727273,820.3515151515151,156.7227272727273,2239.447878787879,33
531,1,11.3901,4,501.16057142857153,473.4314285714286,192.60542857142855,2366.7997142857143,35
532,1,11.3901,5,547.1572033898306,535.9453389830509,181.0115254237288,2633.6916101694915,118
533,1,11.3901,6,341.8685906040269,563.2419463087249,188.39657718120804,2234.9183892617452,149
534,1,11.3901,8,278.265628742515,587.7865269461079,171.68856287425152,2212.2613173652694,167
535,1,11.3901,9,302.72902439024386,625.5317073170731,147.12219512195122,2336.911951219512,41
596,1,13.4100,4,4758.844181818182,768.3727272727273,204.92800000000003,8983.459454545455,55
597,1,13.4100,5,3937.6146209386284,742.2032129963899,215.84054151624548,8260.817075812274,277
598,1,13.4100,6,2579.6529555555558,758.5892222222222,200.39138888888888,6180.8578777777775,900
599,1,13.4100,8,2354.473315380012,736.0094793536805,196.7227528426092,5680.070329144225,1671
600,1,13.4100,9,2110.425413153457,731.1703035413153,180.352478920742,5427.755801011805,593
607,1,13.4100x0,4,5723.580491803278,911.9680327868853,203.29311475409835,9506.892295081967,61
608,1,13.4100x0,5,4270.386967213115,800.9472677595629,193.24213114754096,8186.233743169399,366
609,1,13.4100x0,6,3095.142122370937,806.3283938814532,196.85604206500958,6430.095305927342,1046
610,1,13.4100x0,8,2573.5852839506174,787.2758518518519,188.21295308641973,5845.494355555556,2025
611,1,13.4100x0,9,2334.2479282868526,797.5821381142098,192.7975166002656,5594.74139442231,753
624,1,13.5900x0,8,2168.84375,640.8125,223.34104166666668,4335.771250000001,48
631,1,13.7000,5,2561.798039215686,651.9862745098038,190.0607843137255,4775.858823529412,51
632,1,13.7000,6,2259.04890625,653.11640625,188.286796875,4486.526796875,128
633,1,13.7000,8,2275.8477854671282,644.8395155709343,199.3342560553633,4513.51705882353,289
634,1,13.7000,9,2178.69131147541,624.0811475409836,201.83975409836066,4388.099098360655,122
638,1,13.7100,5,2024.4366071428572,870.2723214285714,186.7811607142857,4892.897232142857,112
639,1,13.7100,6,2009.9926558891455,865.308545034642,153.92771362586603,4832.1050346420325,433
640,1,13.7100,8,1912.2233136094674,882.9102958579881,165.5408520710059,4678.031159763314,845
641,1,13.7100,9,1865.5451515151515,885.0533333333333,163.8351212121212,4638.658939393939,330
643,1,13.7100x0,4,1881.7486363636365,681.3727272727273,175.63136363636363,7113.044545454544,22
644,1,13.7100x0,5,1250.43832,630.2912,116.48432000000001,5755.32904,125
645,1,13.7100x0,6,1370.978170103093,622.5809278350515,128.0062113402062,5356.741675257732,388
646,1,13.7100x0,8,1717.7439740259738,624.464025974026,119.62135064935065,5215.838623376623,770
647,1,13.7100x0,9,1534.493007518797,631.0484962406015,119.15364661654135,5053.59522556391,266
683,1,14.6x02,5,2710.5969444444445,832.1061111111111,380.63194444444446,5596.265277777778,36
703,1,14.7401,5,4408.236172839506,874.9604938271606,377.71666666666664,11672.137901234568,81
704,1,14.7401,6,5069.13679245283,906.8660377358491,403.89188679245285,11340.49,53
705,1,14.7401,8,4881.8953125,896.259375,387.51125,11909.0978125,32
712,1,14.7903,6,160.01230769230767,676.0907692307693,237.86576923076925,1846.8534615384617,26
713,1,14.7903,8,10.724666666666668,751.9233333333334,446.0713333333333,2060.7683333333334,30
797,1,17.912A0,3,17.740277777777777,674.7277777777778,938.8536111111111,3839.101666666667,36
798,1,17.912A0,4,19.088686868686867,750.2050505050505,610.0381818181818,4148.457070707071,99
799,1,17.912A0,5,15.591348837209301,726.1813953488372,858.9789302325581,4393.821348837209,215
800,1,17.912A0,6,42.37575581395349,878.7372093023255,1413.1481395348837,4894.347034883721,172
801,1,17.912A0,8,37.5504347826087,859.3000000000001,1621.4103381642512,4977.605314009662,207
802,1,17.912A0,9,56.59988095238096,876.1166666666667,1786.5933333333332,5087.913095238096,84
852,1,17.9500x0,8,86.25375000000001,1156.2250000000001,1705.4508333333333,4810.312916666667,24
865,1,17.9571,8,44.406969696969696,862.1212121212121,1507.1336363636365,4083.949090909091,33
866,1,17.9571,9,49.47629629629629,751.5111111111111,1731.1951851851854,4245.597407407407,27
870,1,17.95710,5,949.591724137931,1034.3103448275863,1718.6644827586206,6212.68551724138,29
871,1,17.95710,6,98.1568,855.092,1972.1716000000001,5180.1804,25
955,1,17.98320,2,3834.7916666666665,655.6555555555556,3575.3261111111115,10385.950555555555,36
962,1,17.98330,2,2762.9695138888887,664.473611111111,3320.968194444444,8990.634097222222,144
963,1,17.98330,3,2747.0178048780485,686.3731707317073,3572.668170731707,9198.996951219513,82
964,1,17.98330,4,2570.2088732394363,676.5485915492957,3748.26676056338,9059.970422535212,71
965,1,17.98330,5,2148.767294117647,744.6376470588235,3752.7268235294123,8558.757529411765,85
971,1,17.98340,2,1885.418181818182,627.4363636363636,3655.816181818182,9728.431454545454,55
972,1,17.98340,3,1595.2127272727273,659.7927272727272,3786.4365454545455,8761.35690909091,55
973,1,17.98340,4,1752.1354838709678,685.3483870967742,4268.669032258064,9259.912903225806,31
974,1,17.98340,5,2187.068571428572,723.1142857142858,4561.423428571429,12064.626857142857,35
1012,1,19.4x00x0,1,1192.565769230769,1491.430769230769,3189.685,10838.473846153847,26
1149,1,21.6903,1,1965.2080952380954,928.2723809523808,1326.4742857142858,6461.090476190476,21
1152,1,21.6903,4,2455.1746875,881.5875,1820.643125,8053.6628125,32
1153,1,21.6903,5,2376.3236842105266,882.7673684210525,1959.4452631578947,8369.262368421052,38
1158,1,21.6904,1,1136.8108695652174,476.2608695652174,1137.0226086956523,4949.339130434782,23
1179,1,21.8400x0,2,1278.3757142857141,633.3357142857143,2059.699285714286,6915.776071428571,28
1180,1,21.8400x0,3,1131.3407142857143,688.545238095238,2081.232857142857,6836.189047619047,42
1181,1,21.8400x0,4,1184.5703125,767.353125,2521.061875,7444.3809375,32
1182,1,21.8400x0,5,1229.6479545454547,644.5954545454546,2333.320227272727,7256.237045454545,44
1234,1,22.5300x0,1,1587.3956,1273.0439999999999,2839.0359999999996,10345.4172,25
1235,1,22.5300x0,2,1221.62625,1205.780625,2721.4190625,9787.015,32
1236,1,22.5300x0,3,1278.8262790697675,1064.6716279069767,2669.4046511627907,9717.859999999999,43
1237,1,22.5300x0,4,1179.5071875,1116.7340625,2696.9375,9702.425625,64
1238,1,22.5300x0,5,1217.1873170731708,996.7639024390244,2596.857317073171,9528.511219512196,82
1239,1,22.5300x0,6,1192.4872413793103,912.7965517241379,2378.3813793103445,9495.878620689655,29
1352,1,28.6x00x0,0,1903.0617777777777,819.6897777777777,1285.309111111111,8115.986666666668,45
1357,1,28.6x02,0,2449.1656,751.1152000000001,1142.138,6531.5188,25
1372,1,29.1100x0,5,38.28695652173913,499.36086956521734,1823.5282608695652,3836.7452173913043,23
1400,1,29.9900,5,2985.6512,629.812,1377.8728,7432.222,25
1407,1,30.0900x0,5,1125.5734482758621,712.7655172413794,1690.2789655172412,6100.648965517242,29
1450,1,30.0911,5,828.0142857142857,770.4285714285714,2016.9790476190476,6112.9195238095235,21
1504,1,33.2200x0,4,1.9282,6907.321999999999,2858.136,16291.6728,50
1505,1,33.2200x0,5,0.0,7366.174999999999,3049.274523809524,17976.522976190474,84
1506,1,33.2200x0,6,1.0331746031746032,6486.871428571429,3255.845714285714,16415.007142857143,63
1507,1,33.2200x0,8,0.0,6767.363829787234,3259.298085106383,17440.91085106383,47
1512,1,33.2600,5,1340.9588,562.656,926.79,4737.0127999999995,25
1528,1,34.0401,6,630.3979310344828,1813.2796551724139,4223.315172413793,9182.39896551724,29
1530,1,34.0401,9,559.2565517241379,2795.565517241379,5216.837586206897,13031.480689655173,29
1581,1,38.3000,5,1578.0596774193548,1109.4193548387098,2832.8225806451615,11980.729032258063,31
1604,1,38.5901,3,1985.076923076923,1580.8948717948717,2668.53358974359,17367.12076923077,39
1605,1,38.5901,4,1928.4441346153847,1627.9057692307692,2512.7718269230772,15917.824134615385,104
1606,1,38.5901,5,1990.775966101695,1670.5627118644068,2564.374440677966,15962.119559322033,295
1607,1,38.5901,6,2057.7682233502537,1674.3190355329948,2592.646649746193,16480.83192893401,197
1608,1,38.5901,8,2148.840948275862,1823.0655172413794,2538.824396551724,14921.102844827587,116
1637,1,38.9100,3,4624.472962962963,1912.6444444444442,4698.894074074074,29356.826296296294,27
1638,1,38.9100,4,7520.811176470589,1856.0588235294117,4815.706470588235,32189.888235294115,34
1639,1,38.9100,5,3498.516590909091,1996.709090909091,4336.1052272727275,26329.228636363638,44
1744,1,39.5000x0,5,6763.924999999999,1350.6222222222223,629.9697222222222,11845.077222222222,36
1745,1,39.5000x0,6,4230.102083333333,1416.1625000000001,889.4491666666667,12215.413333333332,24
1787,1,39.9500,4,249.51098360655737,1175.3068852459016,2609.5642622950822,7152.387540983606,61
1788,1,39.9500,5,158.05380165289256,1281.2869421487603,2645.632314049587,7018.0922314049585,121
1789,1,39.9500,6,197.70915662650603,1598.5206024096385,3092.3836144578313,9797.501927710844,83
1790,1,39.9500,8,227.95671641791046,1391.7628358208956,2171.8583582089555,7306.556268656716,67
1791,1,39.9500,9,397.98,1666.8341666666668,2814.1179166666666,10066.829166666666,24
1815,1,39.9700,4,1850.0543333333333,1585.4233333333332,3283.4583333333335,19410.942666666666,30
1816,1,39.9700,5,2759.999333333333,2136.233333333333,4262.609,23678.508333333335,30
1901,1,43.4101,3,224.66206896551722,724.3068965517242,1869.7837931034485,3885.4906896551724,29
1902,1,43.4101,4,119.5645744680851,804.3872340425531,1843.541595744681,3982.3817021276595,94
1903,1,43.4101,5,105.20670212765958,847.0702127659575,1879.9860106382978,4204.293776595745,188
1904,1,43.4101,6,85.41842105263157,899.4092105263159,1925.4511842105264,4262.286710526316,76
1905,1,43.4101,8,108.88942307692308,916.0923076923077,1838.304423076923,4142.255384615384,52
1909,1,43.4105,2,644.8614285714286,553.1057142857143,4065.784285714286,6208.750857142857,35
1910,1,43.4105,3,484.25757575757575,834.4272727272727,3710.983333333333,6649.901818181818,33
1911,1,43.4105,4,552.1603947368421,879.7125000000001,3107.0178947368418,5981.449210526316,76
1912,1,43.4105,5,559.943046875,996.4825,2640.426796875,5964.063828125,128
1913,1,43.4105,6,298.21757142857143,1402.9342857142856,2401.1949999999997,5891.417571428571,70
1914,1,43.4105,8,643.4551219512196,1161.809756097561,2786.468536585366,6655.084634146341,41
1940,1,44.1300,4,273.08363636363634,1119.5,2044.4915151515152,4685.571212121213,33
1941,1,44.1300,5,167.11560606060607,1135.780303030303,1706.3783333333333,4388.780303030303,66
1942,1,44.1300,6,83.74885714285715,1303.737142857143,1976.0368571428573,5011.011428571428,35
1943,1,44.1300,8,109.03241379310344,1371.5137931034483,1969.3075862068965,4806.652413793104,29
1953,1,44.1300x0,3,72.86840000000001,1088.2264,1201.3476,3201.3552,25
1954,1,44.1300x0,4,60.39546875,1331.3678125000001,1137.85015625,3448.03921875,64
1955,1,44.1300x0,5,117.72631249999999,1450.629875,1372.5520000000001,4236.530000000001,160
1956,1,44.1300x0,6,124.46335714285713,1640.351,1610.1994285714286,4589.784928571428,140
1957,1,44.1300x0,8,107.74246575342465,1820.241232876712,1878.5078767123289,5119.400000000001,146
1958,1,44.1300x0,9,110.82374999999999,1829.30625,1828.67125,4970.1675000000005,32
1997,1,45.2300,5,260.5668181818182,1181.03,2491.497272727273,6734.451818181818,22
2007,1,45.2302,4,1036.0311904761904,762.3047619047619,2486.0904761904762,6098.10238095238,42
2008,1,45.2302,5,970.9095588235296,865.528088235294,2408.2632352941177,6005.068676470588,68
2009,1,45.2302,6,597.1263157894737,1238.6436842105263,1710.572105263158,5132.3386842105265,38
2010,1,45.2302,8,664.4327272727273,1354.1072727272729,1911.6504545454545,5303.947727272727,22
2039,1,45.4200,4,995.1957575757575,952.2333333333333,663.9921212121211,4756.568181818182,33
2040,1,45.4200,5,1178.746612903226,1199.4967741935484,628.0185483870968,5258.993870967742,62
2041,1,45.4200,6,1400.7414634146342,1057.9536585365854,694.7773170731707,5886.781951219512,41
2046,1,45.42003,5,1726.8461538461538,932.7333333333333,401.54051282051284,6291.70358974359,39
2052,1,45.4200x0,4,658.748695652174,929.9304347826088,2775.4947826086955,5776.682608695653,23
2053,1,45.4200x0,5,432.78142857142853,965.0610389610389,2599.057402597403,5478.661558441559,77
2054,1,45.4200x0,6,701.2433333333333,953.9814814814815,2768.7014814814816,6166.192962962963,27
2060,1,45.4201,5,1030.1645945945945,920.8,2755.536486486487,7154.672972972973,37
2061,1,45.4201,6,1548.3825,793.9499999999999,3740.647916666667,8603.080416666666,24
2067,1,45.4202,5,1941.7230434782607,861.8217391304348,1182.6117391304347,7132.218695652174,23
2075,1,45.4300x0,5,1345.7442857142858,902.2404761904761,3006.715714285714,8064.524285714286,21
2096,1,45.4307,5,2421.286086956522,1159.2434782608696,537.3073913043478,7293.863913043478,23
2120,1,47.0100,4,1462.568,1606.4566666666665,2409.411,8661.499333333333,30
2121,1,47.0100,5,1247.4108,1474.1979999999999,2419.2454000000002,7983.344,50
2122,1,47.0100,6,1602.8458333333335,1491.3125,2513.47,8276.327083333334,24
2134,1,47.0901,5,542.8126086956522,1411.821304347826,2673.471739130435,7388.5886956521745,23
2183,1,48.3601,5,492.33,879.4454545454546,3191.529696969697,6454.404545454546,33
2188,1,48.3602,2,311.2107142857143,598.4285714285714,3519.0099999999998,5244.485,28
2190,1,48.3602,4,629.9096551724139,801.1413793103449,3947.2327586206898,6421.033448275862,29
2191,1,48.3602,5,481.776862745098,767.3235294117648,4074.843725490196,6463.706274509805,51
2192,1,48.3602,6,191.0038095238095,917.7857142857143,2798.629523809524,5150.682857142857,21
2197,1,48.3603,5,830.9952380952382,751.2059523809525,2988.8138095238096,7118.213095238096,42
2226,1,48.7601,2,1716.1000000000001,664.86,3879.9296296296297,8422.095185185186,27
2227,1,48.7601,3,1901.3325,683.775,4317.867749999999,10902.72625,40
2228,1,48.7601,4,1687.943137254902,684.1803921568627,4461.648627450981,9570.187058823529,51
2229,1,48.7601,5,1802.5880597014927,721.889552238806,4112.32343283582,9779.501940298507,67
2230,1,48.7601,6,1617.7318181818182,746.8545454545455,4600.428181818182,10056.358181818183,22
2263,1,49.0400x0,2,3202.156,700.8757499999999,3667.9085,10090.3455,40
2264,1,49.0400x0,3,2749.016176470588,718.0991176470588,3695.2361764705884,9727.205,34
2279,1,49.1200,3,2129.391304347826,643.0252173913043,3032.8243478260874,8647.120434782608,23
2311,1,49.4500,1,3460.7607692307693,651.6480769230768,1724.5223076923078,7625.1061538461545,26
2312,1,49.4500,2,3318.3818446601945,727.2935922330098,2205.460291262136,8378.612524271844,103
2313,1,49.4500,3,2685.610731707317,774.8065853658536,2666.468048780488,8805.556097560975,41
2314,1,49.4500,4,3049.6648387096775,836.5145161290322,2245.6390322580646,8370.81,31
2315,1,49.4500,5,2287.5407407407406,770.0501851851851,2893.4675925925926,8737.721481481482,54
2321,1,49.4500x0,5,224.26285714285714,1020.1096428571428,1372.2528571428572,4683.873214285714,28
2324,1,49.4501,2,2330.622162162162,794.5600000000001,2550.7191891891894,10036.634054054055,37
2325,1,49.4501,3,2892.8105555555553,846.5244444444445,2955.971388888889,10497.172222222223,36
2326,1,49.4501,4,2668.6812765957447,966.1165957446809,2850.406170212766,9389.371489361703,47
2327,1,49.4501,5,2786.1086666666665,996.0973333333333,2718.969555555556,9425.51,45
2331,1,49.4600,2,1137.0219047619048,593.6285714285714,3309.3752380952383,7945.9138095238095,21
2332,1,49.4600,3,1117.3414814814814,690.1292592592594,2588.05,7518.001481481482,27
2334,1,49.4600,5,747.6157777777778,827.7584444444444,2760.5442222222223,6684.967111111111,45
2341,1,49.46003,4,389.526,686.748,418.99800000000005,4659.8423999999995,25
2342,1,49.46003,5,325.8696428571429,729.8678571428571,383.055,4526.985357142857,28
2343,1,49.46003,6,350.0039130434783,813.3565217391305,380.8295652173913,4876.398695652174,23
2366,1,49.4900,4,3933.62380952381,629.0952380952381,1121.2466666666667,13083.736190476191,21
2367,1,49.4900,5,4463.57037037037,722.925925925926,1110.5444444444445,11978.155555555555,27
2372,1,49.49003,3,1337.7959375,646.7156249999999,425.7903125,6038.88125,32
2373,1,49.49003,4,1469.847435897436,754.5410256410256,437.65512820512816,6565.07358974359,39
2374,1,49.49003,5,1396.6522641509434,757.7150943396226,436.19056603773583,6409.907358490566,53
2379,1,49.4900x0,3,7744.495000000001,758.65,2445.3305882352943,13294.701764705882,34
2381,1,49.4900x0,5,7631.486818181817,887.63,2569.0768181818185,13096.575454545453,22
2385,1,49.4901,3,6448.632162162162,716.5859459459459,2560.1635135135134,13522.565675675676,37
2386,1,49.4901,4,6006.498409090909,693.03,2778.0995454545455,13398.310227272728,44
2387,1,49.4901,5,6342.816833333333,677.2031666666667,2963.4080000000004,13806.957833333332,60
2445,1,51.0400x0,2,4536.291944444445,2193.6916666666666,7237.144166666667,18052.699444444446,36
2446,1,51.0400x0,3,4816.3254,2219.544,7049.775799999999,18341.571200000002,50
2447,1,51.0400x0,4,4954.896206896551,2185.591379310345,7269.315689655173,18641.47344827586,58
2448,1,51.0400x0,5,4817.465352112676,2242.2239436619716,7467.551126760563,18743.872253521127,71
2469,1,51.2300,2,1481.0825806451612,1806.241935483871,3710.9196774193547,10622.081612903225,31
2470,1,51.2300,3,1631.8475675675677,1820.2513513513513,3759.5882432432427,10547.437432432433,74
2471,1,51.2300,4,1588.607894736842,1606.6315789473683,3120.6359649122805,9780.280964912281,114
2472,1,51.2300,5,1455.5609523809524,1523.8372619047618,2622.9814285714283,9024.11876984127,252
2473,1,51.2300,6,1383.8526785714287,1534.6964285714287,2641.8949107142857,9151.102946428571,112
2474,1,51.2300,8,1468.46338028169,1674.0388732394365,2859.068591549296,9430.632394366197,71
2563,1,53.0401,8,1489.7313333333334,1093.35,1643.2073333333333,6470.819,30
2571,1,53.0501,8,1664.945909090909,1241.7845454545454,2362.2077272727274,7541.3777272727275,22
2655,1,54.5100x0,2,710.1954237288136,598.1186440677966,1295.6793220338984,16985.538813559324,59
2656,1,54.5100x0,3,651.91390625,562.64921875,1462.05609375,15583.87140625,64
2657,1,54.5100x0,4,888.5930434782608,729.9695652173913,1270.3221739130436,18116.201739130436,23
2664,1,54.5103,2,2588.938761904762,529.7438095238095,685.1661904761904,16496.74066666667,105
2665,1,54.5103,3,2562.8603007518795,574.5571428571429,829.6203007518797,16554.907368421053,133
2666,1,54.5103,4,2009.4962,482.028,872.45,15848.216999999999,50
2766,1,56.0x00x0,2,4487.872571428572,2196.342857142857,4701.286285714285,15040.878857142858,35
2767,1,56.0x00x0,3,4897.497402597403,2380.0701298701297,5082.328441558441,16045.655714285715,77
2768,1,56.0x00x0,4,4556.857227722772,2254.2930693069306,4265.038613861387,14724.638316831682,101
2769,1,56.0x00x0,5,4590.251100917431,2057.470642201835,4016.784495412844,14425.024128440366,109
2770,1,56.0x00x0,6,3663.661666666667,2204.7833333333333,3732.040714285714,13322.172380952381,42
2771,1,56.0x00x0,8,4665.691904761905,2003.7714285714285,3498.9561904761904,13835.694761904762,21
2786,1,56.0x06,5,6162.536,2089.6028571428574,4175.463428571428,16811.985714285714,35
2868,1,57.9400,6,1350.6653846153847,1677.3057692307693,2216.4830769230766,7162.892307692307,26
2869,1,57.9400,8,180.36818181818182,2362.2227272727273,2756.2263636363637,7137.174242424242,33
2870,1,57.9400,9,312.1896923076923,2097.003076923077,2780.1821538461536,8288.980923076922,65
2951,1,60.2902,8,1234.9515625,1890.28125,4055.443125,11023.7290625,32
2988,1,62.9900x0,3,971.4559615384616,1806.0673076923076,1290.0090384615385,8854.05153846154,52
3064,1,65.8102,2,6.122162162162161,583.481081081081,631.9702702702704,22910.98297297297,37
3065,1,65.8102,3,7.300344827586207,482.0206896551724,666.0927586206897,21820.410344827586,29
3086,1,66.0202,2,274.4376744186047,596.1090697674418,1770.1139534883719,15739.56534883721,43
3087,1,66.0202,3,271.081914893617,614.4893617021277,1663.310425531915,15936.696382978724,47
3108,1,66.4x02,3,1162.073846153846,1215.6761538461537,1088.74,8695.353461538461,26
3112,1,66.5102,3,2346.8571794871796,1224.9076923076923,1014.3602564102565,10655.649487179488,39
3144,1,66.7301,3,663.5904166666667,464.0708333333334,1255.3445833333333,19130.952083333334,24
3148,1,66.79001,2,173.0074193548387,632.1322580645161,2146.9709677419355,14827.11,31
3149,1,66.79001,3,262.7876,564.268,2145.8508,15423.2908,25
3155,1,66.7905,2,90.88325242718447,649.5150485436893,1870.0819902912622,16512.86563106796,206
3156,1,66.7905,3,101.89357142857143,640.1885714285714,1792.5611904761904,16744.462761904764,210
3157,1,66.7905,4,71.1252380952381,696.0619047619048,1334.0916666666667,18567.138333333336,42
3195,1,67.3201,3,8.812727272727273,947.8340909090908,2655.2863636363636,4817.600909090909,22
3196,1,67.3201,4,13.532195121951219,1009.3646341463414,2471.4843902439025,4758.938780487804,41
3197,1,67.3201,5,24.056578947368422,1078.6223684210527,2490.271842105263,4808.588157894737,38
3228,1,68.1200x0,3,631.8798076923077,1283.8076923076924,695.5384615384615,5289.358461538462,52
3229,1,68.1200x0,4,439.84534883720926,1073.960465116279,685.0932558139534,4643.166279069767,43
3244,1,68.2101,2,921.4595238095238,609.6761904761905,574.6252380952382,5015.573809523809,21
3245,1,68.2101,3,918.1204000000001,523.7686,587.5772000000001,5147.5496,100
3287,1,68.2915,3,739.5294117647059,619.1999999999999,492.50676470588235,4338.225588235295,34
3350,1,69.0201,3,93.52166666666666,950.0899999999999,569.1516666666666,4285.216904761905,42
3362,1,69.0901,3,448.05064516129033,1055.4048387096775,1592.8609677419356,5262.013548387097,31
3363,1,69.0901,4,153.8025641025641,1285.826282051282,2022.9715384615386,5554.611666666667,78
3364,1,69.0901,5,322.39708333333334,1461.0639583333334,1815.069375,5573.624166666667,48
3445,1,70.7100,2,312.83714285714285,866.0338095238095,466.6473809523809,5171.345476190477,42
3485,1,71.7102,2,398.2557142857143,1182.7820833333335,751.5111309523809,12040.552976190476,168
3486,1,71.7102,3,522.6620422535211,1554.1668309859156,697.084647887324,14686.424647887325,142
3527,1,73.6x01,2,636.336875,1952.0696875,678.8504375,11941.861874999999,160
3528,1,73.6x01,3,703.0892753623187,2529.4246376811593,741.2784057971014,16265.140289855071,69
3545,1,74.1x01,2,958.0301293103448,1466.1503735632184,1351.06875,13236.759885057472,696
3546,1,74.1x01,3,1331.164858681023,2195.1774966352623,1495.3502288021534,19718.69071332436,743
3547,1,74.1x01,4,1601.7203773584906,2986.7028301886794,1857.1662264150943,24970.106603773584,53
3549,1,74.1x01 剖,2,836.0728571428572,989.7362337662338,1071.194025974026,25459.954675324676,77
3550,1,74.1x01 剖,3,836.1413043478261,1104.362956521739,1157.798347826087,25888.37017391304,115
3570,1,75.0x02,2,190.24360000000001,1229.4804,1201.7364,10768.0168,25
3571,1,75.0x02,3,378.3437142857143,1402.086857142857,1205.8365714285715,11450.536,35
3580,1,75.6902,2,819.6273837209302,2706.4196511627906,722.5973837209302,18713.117325581396,172
3581,1,75.6902,3,1145.4280275229357,2986.9611926605508,806.263119266055,22206.608027522936,218
3822,1,78.6103,5,1004.1329729729729,978.9921621621621,899.5016216216216,4881.495675675676,37
3834,1,78.6201,5,484.48727272727274,1070.3263636363636,1090.6090909090908,4689.367575757576,33
3843,1,78.6301,5,896.1861111111111,921.4888888888888,993.3922222222222,4769.84,36
3869,1,78.6501,5,3160.459696969697,1178.7878787878788,1462.0448484848487,8281.372727272726,33
3878,1,78.6601,5,903.8960869565218,971.9921739130434,1296.7652173913043,4976.269130434783,23
3888,1,78.6701,4,1194.0532142857141,895.4978571428571,1273.1860714285715,5726.983928571428,28
3889,1,78.6701,5,799.0864705882352,1097.4642647058824,1406.8692647058824,5653.414411764706,68
3904,1,78.6705,5,449.29400000000004,1040.382,942.9496,4631.3423999999995,25
3950,1,78.6907,5,713.38575,947.07,2116.2225000000003,6678.64175,40
4143,1,79.3201,5,11955.20875,1832.4174999999998,3203.765,20387.02125,24
4196,1,79.3500x0,9,14071.063055555556,2764.741944444444,2677.0297222222225,25762.50361111111,36
4203,1,79.3501,9,15174.789333333332,3028.478666666667,3442.54,26742.560333333335,30
4214,1,79.3600x0,4,15704.65,1995.8639130434783,2832.9978260869566,25162.305652173913,23
4215,1,79.3600x0,5,11793.350857142857,2322.401428571429,3397.0111428571427,25123.160571428572,35
4223,1,79.3601,5,19109.447428571428,2821.5314285714285,4519.481714285714,32271.851142857144,35
4283,1,79.3900x0,6,7803.720476190477,1845.4809523809522,2908.93,15487.477142857144,21
4388,1,80.1600,2,51.03825,1063.975,4535.67425,26913.888750000002,40
4389,1,80.1600,3,51.84836065573771,1012.5311475409836,4147.5814754098365,27534.02229508197,61
4390,1,80.1600,4,57.660784313725486,1199.1254901960785,4190.554215686274,24264.071960784313,102
4391,1,80.1600,5,72.30642201834863,1537.1834862385322,4916.683027522935,27748.060366972477,109
4392,1,80.1600,6,67.5107843137255,1539.3176470588235,4966.067254901961,29171.456274509805,51
4393,1,80.1600,8,72.22826086956522,1790.7043478260869,5345.61,27465.691739130438,23
4426,1,80.4101,5,96.86727272727272,1002.9387878787879,1560.4818181818182,5081.195454545455,33
4441,1,80.4601,5,43.70454545454545,1324.4681818181818,1235.1286363636364,6392.926363636364,22
4478,1,80.5108,5,21731.118000000002,4803.300666666666,3519.769333333333,39093.58433333333,30
4495,1,80.5111,5,6001.3490624999995,2973.828125,1848.689375,15083.196249999999,32
4501,1,80.5200,4,352.34708333333333,1285.7191666666665,841.0995833333333,5957.149166666666,24
4502,1,80.5200,5,376.74499999999995,902.5988461538461,1155.4242307692307,5470.558461538461,52
4503,1,80.5200,6,358.8827586206897,1129.1903448275862,975.9189655172414,5884.3575862068965,29
4509,1,80.5900,4,1094.4752631578947,1934.965789473684,920.5592105263158,8325.939736842105,38
4510,1,80.5900,5,1170.746712328767,1951.4205479452057,938.3960273972604,9782.640684931506,73
4511,1,80.5900,6,1098.615,2249.0666666666666,1058.1658333333335,10142.534166666666,36
4516,1,80.5900x0,3,1689.6580555555556,891.9483333333333,1890.9616666666666,7514.093055555555,36
4517,1,80.5900x0,4,1767.603956043956,934.5312087912088,2027.965934065934,7698.262747252747,91
4518,1,80.5900x0,5,1166.0372680412372,1008.0437113402062,1701.1900515463917,6809.620051546392,194
4519,1,80.5900x0,6,1309.2348148148149,1066.0281481481481,1987.1141975308642,7669.42086419753,81
4520,1,80.5900x0,8,570.210985915493,1246.320281690141,1761.344366197183,6632.6436619718315,71
4671,1,81.5100,5,32529.581224489797,2479.710612244898,3510.8404081632652,51046.381632653065,49
4672,1,81.5100,6,24766.512727272726,2617.9258181818186,3892.0074545454545,45301.37054545454,55
4673,1,81.5100,8,30007.120714285717,2801.319285714286,3886.0471428571423,46166.64428571429,42
4682,1,81.5201,8,18175.19,2734.8732,3284.5008000000003,30434.336,25
4683,1,81.5201,9,18505.55605263158,2282.164736842105,4127.962631578947,31486.265000000003,38
4687,1,81.5400,6,24152.2048,3471.3736,4464.1376,48210.8416,25
4688,1,81.5400,8,22198.595555555556,2827.5569444444445,4723.055555555556,45495.881944444445,36
4703,1,81.6500,8,11052.457906976744,2123.2267441860463,1674.4262790697676,17663.936976744186,43
4704,1,81.6500,9,11134.281923076924,2374.734615384615,2575.2823076923078,18610.06923076923,26
4711,1,81.6600x0,8,10787.138076923078,2280.3688461538463,1490.8973076923078,20318.348846153844,26
4714,1,81.6601,6,20992.06133333333,3129.4083333333333,1600.8743333333332,29845.25233333333,30
4715,1,81.6601,8,15566.687954545456,3032.0386363636367,1475.8836363636365,23666.19840909091,44
4716,1,81.6601,9,17581.58846153846,3283.269230769231,1598.2276923076922,24973.87576923077,26
4731,1,81.9100,3,691.0714705882352,1412.785294117647,2035.3258823529413,9865.944411764705,34
4732,1,81.9100,4,188.0572580645161,1568.1274193548386,1997.5433870967743,8837.899032258065,62
4733,1,81.9100,5,1816.113968253968,1482.8595238095238,2029.9713492063493,9838.319047619047,126
4734,1,81.9100,6,166.3519277108434,1399.9313253012049,2005.6926506024095,7520.5892771084345,83
4735,1,81.9100,8,112.0440506329114,1387.7632911392404,2330.3908860759493,6739.731645569621,79
4736,1,81.9100,9,95.56076923076922,1240.9653846153847,1985.048846153846,5680.049999999999,26
4745,1,81.9200,5,1309.7329166666666,1479.7583333333332,2384.7770833333334,9231.297499999999,24
4752,1,81.9201,4,7.478620689655172,1265.0593103448277,409.77,4111.156206896551,29
4753,1,81.9201,5,42.883478260869566,1364.5249275362319,512.8552173913043,4831.906086956522,69
4754,1,81.9201,6,356.3483333333333,1450.8459259259257,795.4977777777777,5541.877222222222,54
4755,1,81.9201,8,91.49767441860466,1242.5586046511628,921.5734883720932,5144.309069767442,43
4811,1,82.3601,2,7352.8275,674.7333333333333,3086.42375,15713.552916666667,24
4812,1,82.3601,3,11998.122000000001,760.0,4974.401999999999,24830.278857142857,35
4813,1,82.3601,4,6824.740930232558,865.153488372093,3769.770465116279,16015.46488372093,43
4814,1,82.3601,5,8827.134716981132,713.467924528302,3607.1403773584907,16908.86452830189,53
4963,1,83.4501,5,8279.590952380953,889.3190476190476,4488.459047619048,19927.998571428572,21
5032,1,83.9105,3,55.25,913.6361111111112,869.8536111111111,4750.781111111111,36
5033,1,83.9105,4,65.77791139240506,1147.9303797468353,734.9740506329115,4438.920759493671,158
5034,1,83.9105,5,83.93855450236967,1141.3561611374407,977.295,4788.14163507109,422
5035,1,83.9105,6,66.7070517928287,1210.160956175299,1118.0252589641436,5041.9837848605575,251
5036,1,83.9105,8,267.4420918367347,1174.6323979591837,1276.7215306122448,5288.1278571428575,196
5037,1,83.9105,9,76.09276315789474,1231.2657894736842,1462.0082894736843,5314.723552631579,76
5173,1,86.2200x0,5,8630.59653846154,1015.4615384615385,4864.006923076923,22395.436538461538,26
5233,1,86.3x03,5,224.14192307692306,979.9399999999999,792.9107692307692,3282.3746153846155,26
5406,1,87.4401,4,313.15521739130435,725.4869565217392,976.2769565217391,3713.4408695652173,23
5407,1,87.4401,5,915.5801960784314,932.6882352941176,2024.9672549019608,5680.428823529412,51
5408,1,87.4401,6,623.4794871794873,988.4076923076924,2531.508205128205,5450.004358974359,39
5409,1,87.4401,8,194.7708108108108,1263.8162162162162,2518.2164864864862,5442.117567567568,37
5410,1,87.4401,9,104.55488372093022,1273.746511627907,3086.737209302326,5791.560930232558,43
5467,1,88.4800,3,3704.9132142857147,2120.057142857143,3985.5221428571426,24190.599642857145,28
5468,1,88.4800,4,3507.1149090909094,1942.9054545454546,3948.6596363636363,23187.2,55
5469,1,88.4800,5,3145.155,1977.3739130434783,4120.93,23788.230652173916,46
5482,1,88.6600x0,5,2886.6875,1190.00125,2141.00575,9000.139500000001,40
5483,1,88.6600x0,6,3175.7380952380954,1216.5,1491.757142857143,8096.947619047619,21
5504,1,88.7600x0,6,132.6292,1450.2320000000002,3805.5212,7136.1248,25
5505,1,88.7600x0,8,504.7163414634146,1734.7048780487803,3518.36243902439,7596.19,41
5506,1,88.7600x0,9,137.86275862068965,1408.4689655172413,3976.1206896551726,6997.1313793103445,29
5528,1,88.9303,5,52.721923076923076,666.5576923076923,964.3453846153845,4135.2711538461535,26
5529,1,88.9303,6,41.77607142857143,680.8785714285715,984.6010714285715,4014.9200000000005,28
5530,1,88.9303,8,46.062083333333334,646.2666666666667,898.2075,4197.46125,24
5557,1,89.5200,8,63.66909090909091,1196.05,1988.151818181818,4140.575454545455,22
5561,1,89.5400,6,111.13906250000001,2184.1203125,4784.658125,9134.841875,32
5562,1,89.5400,8,159.49521739130435,2375.163043478261,4304.343260869566,9121.607826086956,46
5563,1,89.5400,9,168.42432835820895,2236.2895522388058,3615.167014925373,7598.077462686567,67
5589,1,92.2700,5,2752.8246153846153,1246.2307692307693,33348.49179487179,42343.696923076925,39
5591,1,92.2700,8,2819.855652173913,1311.2695652173913,42080.656956521736,51524.01608695653,23
5621,1,93.3500x0,5,31.355675675675677,971.1767567567567,2746.1883783783783,6621.6870270270265,37
5622,1,93.3500x0,6,46.07452380952381,1235.0795238095238,1998.1016666666667,5293.590952380952,42
5623,1,93.3500x0,8,60.98771428571429,1307.7314285714285,1972.672,5394.586857142857,35
5638,1,93.3510,5,24.87864864864865,1029.6945945945945,910.8548648648648,4644.521621621621,37
5639,1,93.3510,6,29.72783783783784,1033.0902702702701,1415.184054054054,5216.831351351351,37
5640,1,93.3510,8,58.43181818181818,1045.1363636363637,1137.3918181818183,4889.3684848484845,33
5641,1,93.3510,9,36.76310344827586,1282.951724137931,1605.6806896551723,6182.461724137932,29
5740,1,93.5401,5,403.7173913043478,1774.2521739130436,1371.0821739130436,5659.26,23
5748,1,93.5402,4,3642.9568,1120.708,1997.368,9902.698400000001,25
5749,1,93.5402,5,2681.1703636363636,1161.9127272727271,1579.1003636363637,7713.096727272728,55
5750,1,93.5402,6,2644.7269565217393,1250.982608695652,1422.786956521739,7745.771304347826,23
5793,1,93.9401,0,42.728750000000005,378.515625,1331.2459375,2253.5371875,32
5798,1,93.9401,6,47.1184,1065.5504,1835.45,3825.9284000000002,25
5799,1,93.9401,8,25.575833333333335,1165.3194444444443,1420.4958333333334,3386.3575,36
5805,1,93.9601,5,70.13844827586207,1448.5003448275863,2021.1499999999999,4735.495517241379,58
5806,1,93.9601,6,169.05754237288133,1671.0693220338983,2511.852542372881,5635.236016949152,118
5807,1,93.9601,8,133.25984,1662.1932,2333.37356,5428.498799999999,250
5808,1,93.9601,9,127.39419540229885,1614.2013793103447,2493.827931034483,5584.381206896552,174
5860,1,96.5601,3,0.0,8401.970588235294,2294.5397058823532,17530.561764705883,34
5861,1,96.5601,4,0.0,8473.532142857142,2334.7659523809525,19157.52880952381,84
5862,1,96.5601,5,0.0,8029.535460992908,2516.178014184397,17779.428368794324,141
5863,1,96.5601,6,0.0,9155.259756097561,2782.6417073170733,18428.66682926829,82
5864,1,96.5601,8,0.0,5067.290625,2962.0725,13172.15921875,64
5887,1,97.6204,3,283.3959459459459,702.3108108108108,1297.8843243243243,3500.925675675676,37
5888,1,97.6204,4,195.75780487804877,647.8268292682927,1206.9146341463415,3291.986585365854,41
5889,1,97.6204,5,657.2932653061224,741.4448979591838,1645.7491836734696,4454.241632653061,49
5945,1,98.5100,2,63.59130434782608,352.04347826086956,598.3326086956522,1912.8804347826087,23
5946,1,98.5100,3,72.59142857142857,366.60714285714283,674.5828571428572,2038.9242857142858,28
5954,1,98.5101,5,11.172291666666666,1182.3229166666667,739.02625,3124.9997916666666,48
5955,1,98.5101,6,11.142142857142858,1201.3785714285714,550.2421428571429,2908.4860714285714,28
5964,1,98.5103,2,22.839146341463415,834.4524390243903,1054.5858536585365,2811.357682926829,82
5965,1,98.5103,3,21.86671875,815.6591145833332,1078.5257291666667,2860.8213020833336,192
5966,1,98.5103,4,16.42766798418972,888.2664031620553,1136.9203162055337,2960.274466403162,253
5967,1,98.5103,5,44.03205333333334,926.0757333333333,1271.6985866666666,3193.33504,375
5968,1,98.5103,6,30.014799999999994,1029.4256,1190.708,3211.87536,125
5969,1,98.5103,8,19.87241935483871,1065.008064516129,1361.1437096774193,3621.684677419355,62
6005,1,99.2100,6,23.445925925925923,1641.888888888889,1883.3825925925926,4287.384074074074,27
6006,1,99.2100,8,36.03936170212766,1795.4744680851065,1962.5644680851065,4645.7165957446805,47
6007,1,99.2100,9,61.451739130434774,1850.8478260869565,2354.572173913043,5275.915217391304,23
6017,1,99.2501,4,8242.679866666667,2539.8133333333335,7040.886666666666,26957.889199999998,75
6018,1,99.2501,5,8100.320566037735,2973.0880503144654,6845.756352201258,27315.915911949684,159
6019,1,99.2501,6,8106.574054054054,2843.3261261261264,7512.10981981982,28381.24675675676,111
6020,1,99.2501,8,7614.680493827161,2734.8395061728397,5860.534814814815,25501.65975308642,81
6024,1,99.2503,4,113.30047619047619,1130.6285714285714,2472.657142857143,4609.3361904761905,21
6025,1,99.2503,5,247.12777777777777,1334.0755555555556,2654.911777777778,5106.219555555555,45
6026,1,99.2503,6,113.62363636363638,1347.9136363636364,3449.0254545454545,5784.830909090909,44
6027,1,99.2503,8,195.77387096774194,1496.867741935484,3270.5335483870967,6039.426129032257,31
6053,1,99.2902,5,30.652181818181816,1110.312181818182,1339.9358181818181,4387.193454545455,55
6054,1,99.2902,6,21.023000000000003,1004.7819999999999,1619.1709999999998,4672.77175,40
6055,1,99.2902,8,32.6090243902439,1064.0236585365853,2335.783414634146,5560.931463414634,41
6073,1,99.7900,4,1312.0418181818181,2672.8727272727274,1971.7030303030303,10366.587272727273,33
6074,1,99.7900,5,1293.4026470588235,2390.564705882353,1849.5367647058824,9858.386470588235,34
6089,1,99.8500x0,4,433.3658064516129,2294.6774193548385,2151.0590322580647,13752.65064516129,31
6096,1,99.9200,4,29.07793103448276,873.5310344827586,1171.6831034482757,3277.8793103448274,29
6097,1,99.9200,5,32.47972222222222,895.3777777777777,1215.3879166666666,3407.054861111111,72
6098,1,99.9200,6,34.945,950.7893939393939,1350.773181818182,3619.451666666667,66
6099,1,99.9200,8,50.101724137931036,1010.3885057471265,1646.6735632183909,4016.019655172414,87
6100,1,99.9200,9,93.69631578947369,1284.7578947368422,2296.213157894737,5409.542368421053,38
6102,1,99.9200x0,2,14.730833333333335,650.7791666666667,1731.8070833333334,4678.1954166666665,24
6103,1,99.9200x0,3,16.239285714285714,779.9802040816327,1989.595,5103.543163265306,98
6104,1,99.9200x0,4,17.50061776061776,851.3008494208494,2067.1454826254826,5494.313359073359,259
6105,1,99.9200x0,5,17.499135593220338,888.1501694915255,1892.7096101694915,5158.90072881356,590
6106,1,99.9200x0,6,22.880775862068965,1105.9977586206896,1894.2816091954023,5574.573362068965,348
6107,1,99.9200x0,8,30.671554252199414,1191.6681818181817,1963.7785337243402,5777.941994134897,341
6108,1,99.9200x0,9,31.582298850574713,1241.095747126437,1837.0319540229884,5755.78,87
6112,1,99.9204,3,40.26909090909091,948.1454545454545,535.5213636363636,3820.8177272727276,22
6113,1,99.9204,4,49.428958333333334,928.3708333333334,768.7116666666666,3442.159791666667,48
6114,1,99.9204,5,46.36867469879518,969.7361445783133,675.5502409638553,3620.68156626506,83
6115,1,99.9204,6,47.43351351351351,986.0027027027027,758.5286486486486,3621.754864864865,37
6116,1,99.9204,8,84.11870967741935,1006.0806451612904,1120.389677419355,4270.189032258064,31
6123,2,,0,104.36077814310319,607.9148598716142,715.6708532957571,2275.104842649131,6387
6124,2,,1,50.85825563909774,769.9894887218045,754.3580250626567,2866.8422656641605,1995
6125,2,,2,52.56648556876061,994.4550012127092,795.3662697065243,4375.811018675721,4123
6126,2,,3,71.49117261238202,1134.285701487762,970.3305311150217,5309.517434010559,6251
6127,2,,4,67.49980607247797,1258.515014691479,1222.614914789422,5848.0330078354555,10210
6128,2,,5,73.54122702624886,1343.1711195354865,1365.466564614425,5725.515578002783,20839
6129,2,,6,78.00263491878675,1449.9699633230482,1815.2365220934971,5517.418018280258,17177
6130,2,,8,88.72358198326509,1525.9612092754141,2009.324661741143,5425.719516645896,22468
6131,2,,9,99.16670241286864,1647.8854973895866,2200.961298151545,5653.537383236913,14174
6280,2,03.5305,4,18200.963200000002,2570.388,4215.9008,31718.7968,25
6281,2,03.5305,5,23680.315692307693,2782.9546153846154,5363.974923076923,39582.366769230764,65
6282,2,03.5305,6,20357.460000000003,2614.5513333333333,3256.5736666666667,31156.655333333336,30
6404,2,04.8101,5,52.59115384615385,1371.746153846154,939.6044230769231,5105.948076923077,52
6405,2,04.8101,6,552.8618181818182,1372.9681818181818,1359.5511363636363,5994.725,44
6406,2,04.8101,8,62.316052631578955,1289.3973684210525,1033.1118421052631,5609.163947368422,38
6422,2,05.3100x0,4,41.14041666666667,795.0625,332.55333333333334,3892.910416666667,24
6423,2,05.3100x0,5,39.22363636363636,1030.1977272727272,421.5054545454546,3953.281363636364,44
6424,2,05.3100x0,6,65.10352941176471,1160.4411764705883,718.3935294117647,4799.864705882353,34
6425,2,05.3100x0,8,93.2561224489796,1140.2204081632653,545.7448979591836,4459.060204081633,49
6530,2,08.4902,8,456.16,826.0333333333334,347.5419047619048,2570.8376190476192,21
6593,2,11.3201,5,115.11235294117648,624.6323529411765,250.0988235294118,2805.800588235294,34
6594,2,11.3201,6,154.1743181818182,680.3000000000001,261.23318181818183,2715.051590909091,44
6595,2,11.3201,8,196.864,650.8285714285714,286.4214285714286,2731.6814285714286,35
6598,2,11.3203,5,2365.7036363636366,478.96818181818185,151.50590909090909,4463.973181818182,22
6651,2,13.4100,5,3539.7518181818186,1007.4772727272727,288.6118181818182,7393.203181818182,22
6652,2,13.4100,6,2347.5647826086956,970.9695652173912,251.16884057971018,5577.173768115942,69
6653,2,13.4100,8,2428.354,991.5806451612904,239.20277419354838,5352.137096774193,155
6654,2,13.4100,9,2305.2172413793105,992.4224137931035,175.51241379310343,5171.7036206896555,58
6656,2,13.4100x0,4,4475.5978125,779.146875,183.425,7764.069687499999,32
6657,2,13.4100x0,5,3854.356378600823,811.6753086419753,159.06234567901234,7169.770411522633,243
6658,2,13.4100x0,6,2932.9126470588235,846.5056265984655,138.43411764705883,6260.484117647059,782
6659,2,13.4100x0,8,2465.850082815735,839.8046928916494,137.39472049689442,5718.661904761904,1449
6660,2,13.4100x0,9,2271.8155642023344,839.328793774319,140.47634241245134,5452.4010116731515,514
6664,2,13.5900,8,2261.092,1120.04,248.6432,4782.215200000001,25
6677,2,13.7100,6,1481.945283018868,1095.9811320754718,105.46245283018868,4286.42283018868,53
6678,2,13.7100,8,1351.1286290322582,1067.0645161290322,115.44209677419354,4242.340080645162,124
6679,2,13.7100,9,942.8337837837837,1174.3972972972974,197.74135135135137,4097.137297297297,37
6681,2,13.7100x0,5,1999.8747222222219,1210.2222222222222,199.4663888888889,5093.344166666666,36
6682,2,13.7100x0,6,1738.0134736842106,1196.48,202.646,4842.857578947368,95
6683,2,13.7100x0,8,1715.4238768115943,1189.286231884058,200.49702898550726,4750.153224637681,276
6684,2,13.7100x0,9,1529.0132710280373,1238.9672897196263,237.6241121495327,4657.780747663551,107
6712,2,14.7401,5,2922.9399999999996,777.5470588235294,917.5155882352941,8240.999705882352,34
6713,2,14.7401,6,3305.4558333333334,824.8125,1106.5562499999999,8953.535,24
6714,2,14.7401,8,3182.660714285714,757.3571428571429,1135.4264285714285,8734.338928571427,28
6755,2,17.1200x0,5,3073.1042857142857,1424.1,1125.15,9368.042380952382,21
6813,2,17.9200x0,3,44.25028571428572,891.9285714285714,831.2197142857143,4148.466571428571,35
6814,2,17.9200x0,4,47.79794520547945,1124.0821917808219,1184.5357534246575,4831.671232876713,73
6815,2,17.9200x0,5,58.34049382716049,1132.817901234568,1300.695987654321,5071.670308641975,162
6816,2,17.9200x0,6,65.46484210526316,1254.3894736842105,1451.0686315789474,4997.803157894737,95
6817,2,17.9200x0,8,64.4976923076923,1252.9808974358973,1470.895641025641,5354.409102564102,78
6818,2,17.9200x0,9,42.00307692307692,1363.6192307692306,2314.293076923077,6371.421153846153,26
6850,2,17.9500x0,4,37.74761904761905,1075.0,888.5502380952381,4052.231666666667,42
6851,2,17.9500x0,5,52.80597014925373,1063.7179104477614,1525.2031343283581,4784.036865671641,67
6852,2,17.9500x0,6,72.21152173913043,1298.0565217391304,1784.9832608695651,5106.330869565218,46
6853,2,17.9500x0,8,70.62616666666666,1377.0916666666667,1709.4313333333334,5394.385166666666,60
6854,2,17.9500x0,9,75.24756756756756,1346.545945945946,1379.2954054054055,4880.803513513514,37
6859,2,17.95150,5,397.3775,1256.4375,1841.411875,6449.595625,32
6860,2,17.95150,6,132.315,977.5178571428571,1976.2885714285715,4703.603571428571,28
6861,2,17.95150,8,1764.8095454545457,1453.5227272727273,2806.095,8566.563636363637,22
6890,2,17.96100,4,117.20095238095237,854.1142857142858,1905.4404761904761,5484.424761904762,21
6891,2,17.96100,5,124.8323076923077,1091.457142857143,2577.0873626373627,6071.813956043956,91
6892,2,17.96100,6,139.473,1207.375,2762.5005,6242.1915,40
6893,2,17.96100,8,146.95052631578946,1362.9342105263158,2846.2715789473687,6848.448157894737,38
6916,2,17.9700x0,5,2507.66125,1340.873,1687.932,8114.808500000001,40
6917,2,17.9700x0,6,169.40764705882353,1170.3455882352941,1330.3332352941177,3859.715,34
6918,2,17.9700x0,8,196.26975,1205.346,923.9010000000001,3659.089,40
6919,2,17.9700x0,9,197.66521739130437,1721.682608695652,1870.9734782608696,6906.154782608695,23
6950,2,17.98330,4,857.8160714285714,609.7003571428571,1932.1589285714288,5146.011785714285,28
6951,2,17.98330,5,809.3186956521738,561.4530434782608,1976.5345652173912,5272.339347826087,46
6952,2,17.98330,6,746.5619047619048,645.0809523809525,1626.598095238095,5326.088571428571,21
7221,2,22.5002,5,523.861282051282,1213.6666666666667,1591.3658974358973,7430.787692307692,39
7239,2,22.5300x0,5,911.8426315789472,974.3894736842107,1576.706052631579,7038.293421052632,38
7560,2,33.2403,8,211.93153846153848,2711.6499999999996,2418.3646153846153,7315.700000000001,26
7584,2,34.0401,5,273.81333333333333,2504.204761904762,2823.6361904761907,7882.7814285714285,21
7585,2,34.0401,6,347.2571111111111,2723.8142222222223,3010.400444444445,8536.256222222222,45
7586,2,34.0401,8,657.7586153846154,2834.8941538461536,2750.449076923077,8844.112307692309,65
7587,2,34.0401,9,374.25145833333335,2856.26,2783.0343749999997,8888.875,48
7613,2,34.9100,8,478.5576190476191,2446.4909523809524,1953.5414285714287,7394.698571428571,21
7614,2,34.9100,9,230.69133333333332,2960.633333333333,2984.3063333333334,8640.621333333334,30
7620,2,34.9101,6,277.15208333333334,2440.1208333333334,2468.16375,6781.735833333333,24
7621,2,34.9101,8,391.7196774193548,2886.7951612903225,3402.871935483871,8827.282903225807,31
7622,2,34.9101,9,335.62689655172414,3211.8241379310343,3095.6051724137933,9827.338275862068,29
7691,2,38.5901,5,424.0010144927536,1490.1595652173912,1307.818695652174,6430.92,69
7692,2,38.5901,6,319.50690476190476,1550.252619047619,1111.002380952381,5930.054761904762,42
7693,2,38.5901,8,560.07975,1815.73325,1605.0897499999999,7402.8945,40
7723,2,38.9301,5,1258.0840740740741,3286.5222222222224,11304.500370370371,22321.603703703706,27
7728,2,38.9302,5,285.4684375,2626.63125,9230.5590625,14876.624375,32
7842,2,39.5900x0,4,384.655625,895.91875,1762.6853125,15987.5728125,32
7843,2,39.5900x0,5,411.7642553191489,932.063829787234,1815.991914893617,14910.900000000001,47
7866,2,39.9500,4,651.9277272727272,1143.6772727272728,2195.470909090909,6201.572272727272,22
7867,2,39.9500,5,603.8295,1624.0282499999998,2362.2695,6399.880999999999,40
7868,2,39.9500,6,437.81621621621616,1157.0124324324324,2306.713783783784,6456.3848648648645,37
7869,2,39.9500,8,519.3414705882353,1335.1394117647058,2560.399705882353,7875.903529411764,34
7990,2,43.4101,5,218.4469696969697,1248.9545454545455,924.9236363636363,4264.900909090909,33
8004,2,43.4105,3,229.3061904761905,1225.952380952381,695.04,3873.184761904762,21
8005,2,43.4105,4,250.4070796460177,1271.7558407079646,951.035575221239,4862.711946902655,113
8006,2,43.4105,5,287.8610344827586,1340.7317931034481,967.3771034482758,5027.591310344827,290
8007,2,43.4105,6,298.33248322147654,1471.579597315436,1050.2244295302014,5346.1657718120805,149
8008,2,43.4105,8,292.54822222222225,1694.345111111111,1232.5556666666666,5571.690333333333,90
8053,2,44.1300,4,86.34272727272726,1611.136909090909,1309.8358181818182,4102.696181818182,55
8054,2,44.1300,5,92.0375,1879.4295714285715,1592.5115714285714,4884.5494285714285,140
8055,2,44.1300,6,113.946,2176.5983636363635,1840.7771818181818,5474.249909090909,110
8056,2,44.1300,8,123.07270833333332,2395.67,1734.087083333333,5916.894166666666,96
8061,2,44.13001,5,168.7574193548387,1223.516129032258,1426.8909677419356,5831.260967741935,31
8067,2,44.1300x0,3,89.80225806451612,1348.1290322580646,1143.2333870967743,3512.7258064516127,62
8068,2,44.1300x0,4,71.12114457831326,1548.1717469879518,1288.6189156626506,3933.7457228915664,166
8069,2,44.1300x0,5,93.68035443037974,1657.0170379746835,1344.0159746835445,4204.268455696202,395
8070,2,44.1300x0,6,105.22340966921121,1839.6150636132315,1765.4121882951654,5034.15834605598,393
8071,2,44.1300x0,8,136.54088311688312,1951.6511688311687,1809.9616623376623,5401.21025974026,385
8072,2,44.1300x0,9,204.3580612244898,2210.0090816326533,2171.210918367347,6036.170612244898,98
8087,2,44.1401,5,192.7877142857143,1954.486285714286,1902.0311428571429,5902.601428571428,35
8088,2,44.1401,6,108.804,2039.5169999999998,2011.09125,5436.5912499999995,40
8089,2,44.1401,8,105.50904761904762,2261.5261904761905,2010.9883333333332,6193.7185714285715,42
8129,2,45.1300x0,4,69.4573076923077,1748.3730769230767,1240.9,3877.1061538461536,26
8130,2,45.1300x0,5,65.65321428571428,1951.2448214285716,1051.2457142857143,3927.7912499999998,56
8131,2,45.1300x0,6,112.27641025641024,2001.4641025641026,1196.918717948718,4276.675384615384,39
8132,2,45.1300x0,8,82.72791666666667,1913.8062499999999,987.12125,3991.4347916666666,48
8151,2,45.2300,4,235.0040909090909,1606.8227272727272,1036.1631818181818,3830.855,22
8152,2,45.2300,5,158.11435897435896,1763.051282051282,1258.4917948717948,4255.540769230769,39
8153,2,45.2300,6,230.75733333333335,1984.0606666666667,1550.6193333333333,5269.419,30
8154,2,45.2300,8,210.55090909090907,2470.2163636363634,1718.6139393939395,6011.02696969697,33
8168,2,45.2302,3,137.99380952380952,1324.0528571428572,1102.209523809524,3408.1871428571426,21
8169,2,45.2302,4,41.23095238095238,1328.314761904762,1034.3971428571429,3398.640952380952,21
8170,2,45.2302,5,142.27203389830507,1460.6969491525424,1178.1864406779662,3695.703220338983,59
8171,2,45.2302,6,119.49263157894738,1702.5505263157895,1630.5044736842106,4921.489210526316,38
8172,2,45.2302,8,109.9734375,1752.79375,1820.5265625,4953.223125,32
8222,2,45.4200,4,452.93931034482756,1599.9896551724137,834.4172413793103,4867.333793103448,29
8223,2,45.4200,5,438.09319148936174,1593.8980851063832,961.0117021276596,5012.025531914894,47
8224,2,45.4200,6,559.4610714285715,1860.8932142857143,1181.1667857142857,5899.632142857144,28
8229,2,45.42002,5,96.77363636363636,894.5909090909091,1198.605,5066.459545454545,22
8230,2,45.42002,6,144.1282608695652,963.6304347826087,1120.7747826086957,5874.352608695653,23
8239,2,45.42007,5,126.76657894736843,1169.4473684210527,1195.2,6130.9755263157895,38
8240,2,45.42007,6,227.80047619047616,1135.3095238095239,1551.49,6176.332857142857,21
8245,2,45.4200x0,4,282.67533333333336,1579.2,902.3063333333333,4712.000666666666,30
8246,2,45.4200x0,5,411.66225806451615,1413.6064516129034,1048.0540322580646,4993.933387096774,62
8247,2,45.4200x0,6,334.0135714285714,1737.6178571428572,1164.1842857142858,5635.301071428571,28
8248,2,45.4200x0,8,503.99840000000006,1627.96,1102.2828,5580.9836,25
8252,2,45.4201,4,427.48793103448276,1206.0551724137931,1087.7758620689656,4941.486551724138,29
8253,2,45.4201,5,447.8248888888889,1131.8537777777779,1306.0315555555555,5470.406222222222,45
8264,2,45.4300x0,4,909.85125,1232.8416666666667,1075.3620833333332,5231.847083333333,24
8265,2,45.4300x0,5,1140.9037142857142,1336.817142857143,1158.0082857142856,6857.062285714285,35
8266,2,45.4300x0,6,1017.4091304347826,1379.2260869565218,1413.5791304347827,6991.318695652173,23
8275,2,45.4302,5,674.9156666666667,1857.4866666666667,858.2623333333333,5663.018666666667,30
8276,2,45.4302,6,654.7783999999999,1669.7479999999998,940.58,6111.6176000000005,25
8334,2,47.0100,1,921.7928387096775,1235.460193548387,1521.193806451613,6611.61935483871,155
8335,2,47.0100,2,1083.8977227722771,1331.481881188119,1985.5873267326733,7449.807920792079,101
8336,2,47.0100,3,1101.164647887324,1568.7042253521126,1886.3775352112675,7706.556056338028,142
8337,2,47.0100,4,1001.1686577181208,1483.698389261745,2007.155369127517,7839.9700671140945,149
8338,2,47.0100,5,1038.9964210526316,1508.4638947368421,1984.5051578947368,7753.555368421053,190
8339,2,47.0100,6,1073.2949438202247,1724.6759550561799,2292.659438202247,8363.453483146068,89
8340,2,47.0100,8,1087.0144444444445,1859.4263492063492,2177.8307936507936,8590.793333333333,63
8349,2,47.0901,1,355.2969444444445,858.3058333333333,1144.346388888889,4456.522222222222,36
8350,2,47.0901,2,281.9695238095238,1236.1904761904761,1704.0657142857142,5349.08,21
8351,2,47.0901,3,366.50235294117647,1374.7258823529412,1957.6982352941177,6180.038235294117,34
8352,2,47.0901,4,318.46641025641026,1494.1948717948717,2025.7828205128205,6313.249743589743,39
8353,2,47.0901,5,320.8086274509804,1400.7339215686272,1869.1817647058824,5995.014117647058,51
8354,2,47.0901,6,323.597,1382.906,2149.8726666666666,6310.719666666667,30
8355,2,47.0901,8,405.3514285714285,1884.9742857142858,2899.2933333333335,8557.558571428572,21
8426,2,48.36002,5,124.97571428571428,1068.9107142857142,1061.7717857142857,5118.524285714286,28
8441,2,48.3602,5,276.64230769230767,1380.716153846154,1878.1734615384617,6120.846538461539,26
8448,2,48.3603,5,231.8095238095238,1004.9833333333333,667.3228571428572,3577.291190476191,42
8460,2,48.4102,3,1044.4003333333333,971.45,1552.4593333333332,7783.664333333333,30
8461,2,48.4102,4,1061.0346875,1278.515625,1570.2828125,8666.34625,32
8462,2,48.4102,5,393.9864285714285,1403.125,1362.2307142857142,8573.014642857142,28
8515,2,49.0100x0,2,193.5961904761905,1017.7476190476191,1666.8204761904763,4990.201428571429,21
8516,2,49.0100x0,3,222.22214285714287,928.5500000000001,1781.0160714285714,4980.066785714285,28
8518,2,49.0100x0,5,216.07892857142858,960.4892857142858,1495.3060714285714,4515.817857142857,28
8528,2,49.0400x0,2,1188.9183333333333,977.975,1855.5766666666668,7055.264166666667,24
8529,2,49.0400x0,3,842.9351428571429,885.4828571428571,1545.478,5907.804,35
8530,2,49.0400x0,4,820.8567999999999,825.08,1791.0336000000002,6413.4724,25
8531,2,49.0400x0,5,965.8632258064515,1112.4499999999998,1998.0045161290323,7363.377419354838,31
8549,2,49.1200,4,852.6669230769231,1067.1115384615384,1804.701923076923,7103.0646153846155,26
8550,2,49.1200,5,1064.58,1117.059375,1842.0453125,7724.125,32
8584,2,49.4200,5,179.59333333333333,720.2333333333333,1877.9152380952382,5877.8133333333335,21
8594,2,49.4500,2,302.7095454545455,943.6954545454545,1558.107727272727,5000.217727272728,22
8595,2,49.4500,3,389.65714285714284,1123.654761904762,1963.7109523809524,5937.346666666666,42
8596,2,49.4500,4,409.37048387096775,1077.4532258064517,1951.8312903225806,5955.324354838709,62
8597,2,49.4500,5,541.7421875,1172.57,2182.8563541666667,6321.1876041666665,96
8598,2,49.4500,6,367.8776190476191,1303.2619047619048,1991.5976190476192,6411.889523809524,21
8602,2,49.4500x0,2,667.3146341463415,945.7146341463415,1337.7487804878049,5627.671463414634,41
8603,2,49.4500x0,3,518.858125,1052.385,1328.561125,5399.030000000001,80
8604,2,49.4500x0,4,690.3634586466166,1171.0566917293233,1422.0560902255638,6000.061428571429,133
8605,2,49.4500x0,5,626.9306097560975,1240.7524390243902,1465.8906707317074,6245.488170731707,164
8606,2,49.4500x0,6,814.0400000000001,1329.4081967213115,1718.1004918032788,7051.917540983606,61
8607,2,49.4500x0,8,850.1474074074074,1477.3074074074075,2401.9992592592594,8043.414444444445,27
8611,2,49.4600,2,619.5085185185185,895.6740740740742,1531.5385185185185,5226.437037037037,27
8612,2,49.4600,3,574.5893617021277,849.8957446808511,1611.742340425532,5103.095106382979,47
8613,2,49.4600,4,694.0335294117647,998.6117647058823,1641.6774509803922,5493.753725490196,51
8614,2,49.4600,5,663.8929824561404,1049.283947368421,1534.1766666666667,5562.658947368421,114
8616,2,49.4600,8,441.77103448275864,1033.1310344827587,1443.5724137931034,4970.995172413793,29
8643,2,49.4900x0,2,3387.841886792453,773.1415094339623,1430.1101886792453,9169.481886792453,53
8644,2,49.4900x0,3,3550.8167088607597,792.5924050632912,1580.8440506329114,9816.717721518986,79
8645,2,49.4900x0,4,3499.2008641975312,854.5358024691358,1632.1053086419754,10570.76024691358,81
8646,2,49.4900x0,5,3366.489173553719,906.7669421487603,1501.4177685950413,10169.516446280992,121
8647,2,49.4900x0,6,3244.91375,986.4458333333333,1419.1495833333336,9873.05,48
8652,2,49.4901,4,2240.7004347826087,971.8134782608695,1488.7947826086956,7567.536086956522,23
8653,2,49.4901,5,2429.77,1124.6567567567567,1697.2718918918918,8340.82027027027,37
8740,2,51.2300,2,1179.9090825688072,1245.464128440367,2084.373027522936,8083.6161467889915,109
8741,2,51.2300,3,1138.1957727272727,1458.7357727272727,2029.4275,8296.681181818183,220
8742,2,51.2300,4,1111.9803183023873,1443.1709814323606,1973.6729177718832,8079.3395490716175,377
8743,2,51.2300,5,1175.7623738872403,1589.5234569732938,2068.609821958457,8450.668694362019,674
8744,2,51.2300,6,1053.4325436408978,1727.9412967581047,2058.5605735660847,8553.331645885288,401
8745,2,51.2300,8,1278.2698832684825,1917.2827626459143,2241.4298832684826,9430.260038910506,257
8746,2,51.2300,9,1418.909,2272.44425,2430.1945,10679.96975,40
8750,2,51.23001,5,1240.7961904761905,1690.8333333333333,2440.3390476190475,8882.342380952381,21
8824,2,53.0001,6,1215.7041935483871,1470.319677419355,1093.2377419354839,6190.7774193548385,31
8825,2,53.0001,8,1226.709411764706,1378.1841176470589,1287.0826470588236,6543.332647058824,34
8877,2,53.0401,5,1568.6022222222223,947.0231111111111,987.3186666666668,5654.444222222222,45
8878,2,53.0401,6,2125.63,1184.3526315789475,1020.7855263157894,6731.973684210527,38
8879,2,53.0401,8,1665.7563492063493,1225.6085714285714,1053.8549206349207,6419.94619047619,63
8880,2,53.0401,9,2034.867391304348,1541.0434782608695,1215.8808695652174,7260.2991304347825,23
8888,2,53.0501,5,1405.088918918919,1132.51,1104.248918918919,5829.983513513513,37
8889,2,53.0501,6,1496.6654166666667,1361.89125,1019.0389583333332,6414.754791666666,48
8890,2,53.0501,8,1508.3613793103448,1371.115632183908,1242.314827586207,6691.215747126437,87
8891,2,53.0501,9,1386.499090909091,1555.049090909091,1075.7433333333333,6523.289393939393,33
9121,2,55.0402,4,2591.3281818181817,2029.0136363636366,2850.4995454545456,18277.446363636365,22
9122,2,55.0402,5,2401.2360937500002,2012.1625,3303.56078125,20311.108125,64
9173,2,56.0x00x0,2,2557.0892000000003,1382.8452,1169.802,8175.0676,25
9174,2,56.0x00x0,3,2745.851343283582,1339.0158208955224,1558.621343283582,9475.471343283582,67
9175,2,56.0x00x0,4,2225.7992307692307,1547.9146153846154,1373.4446153846152,9076.205961538462,104
9176,2,56.0x00x0,5,2570.1681725888325,1612.7427411167514,1593.7171573604062,10218.27543147208,197
9177,2,56.0x00x0,6,2827.3331707317075,1823.5657317073174,1495.6641463414635,10322.130487804878,82
9178,2,56.0x00x0,8,2606.9984313725486,2040.935294117647,1522.5554901960784,10001.098627450981,51
9187,2,56.0x03,5,2392.028275862069,1670.1672413793103,2040.5086206896551,9803.166379310345,58
9199,2,56.0x06,3,2868.355777777778,1717.8644444444444,1214.2566666666667,9779.275111111112,45
9200,2,56.0x06,4,1501.8593333333333,1850.2333333333333,1566.766,8569.990666666667,30
9201,2,56.0x06,5,2527.77652173913,1701.2075362318842,1668.3736231884059,9271.653768115943,69
9251,2,57.0x00x0,5,344.8128571428571,1514.352380952381,1700.4052380952382,7171.405238095239,21
9253,2,57.0x00x0,8,558.0576923076923,1820.1715384615384,1918.1511538461539,7441.838846153846,26
9338,2,57.9400,5,1555.961111111111,2416.3938888888893,4517.370555555555,11155.63111111111,36
9339,2,57.9400,6,248.64144578313255,2294.7921686746986,4586.671084337349,9879.334457831326,83
9340,2,57.9400,8,259.26705607476634,2160.0669158878504,3548.337056074766,7970.4494859813085,214
9341,2,57.9400,9,204.67778260869565,2240.7284347826085,3714.212739130435,9237.720304347826,230
9408,2,59.8x03,3,2116.8316,1394.2,1817.8195999999998,8175.4052,25
9409,2,59.8x03,4,1435.571851851852,1560.3703703703704,2162.3811111111113,7931.532962962963,27
9410,2,59.8x03,5,1997.8960273972602,1861.3910958904107,1765.081506849315,8297.491232876711,73
9411,2,59.8x03,6,2180.076,1879.5651428571427,2509.974857142857,9620.442571428572,35
9441,2,60.2900x0,6,2317.5916,2123.4604,2129.1704,10679.044399999999,25
9442,2,60.2900x0,8,2229.1766000000002,1887.3213999999998,2782.6623999999997,11168.667800000001,50
9443,2,60.2900x0,9,2232.3132,2881.472,3174.5932000000003,13150.573999999999,25
9449,2,60.2902,6,993.8673913043478,1667.8521739130433,2720.986956521739,10234.678695652174,23
9450,2,60.2902,8,1606.397037037037,2502.5148148148146,2486.112962962963,10728.987407407407,27
9570,2,65.2501,3,759.073,1579.4370000000001,1710.4755,8216.53225,40
9571,2,65.2501,4,592.8521212121212,1811.2766666666666,1655.5584848484848,8186.525454545455,33
9660,2,66.4x02,2,849.3342857142858,974.1647619047619,1685.4014285714286,7921.655238095239,21
9661,2,66.4x02,3,763.7590476190476,1254.8466666666666,1764.5549206349208,7721.984603174604,63
9662,2,66.4x02,4,555.6439130434783,1274.895652173913,1597.104347826087,7127.410434782609,23
9693,2,66.6201,3,439.16,1236.9165217391305,1251.6769565217392,6684.777391304348,23
9746,2,67.2x00,4,145.5513888888889,863.6444444444445,592.8255555555556,3214.708055555556,36
9747,2,67.2x00,5,205.9975,933.4416666666667,780.5825,3672.485555555556,36
9757,2,67.3201,2,80.11947368421052,953.14,1035.7518421052632,3492.1428947368418,38
9758,2,67.3201,3,86.22805555555554,1054.1698148148148,1179.9415740740742,3650.4957407407405,108
9759,2,67.3201,4,108.39626582278481,1012.9320253164558,1013.526329113924,3367.48082278481,158
9760,2,67.3201,5,102.3431007751938,1067.31,949.1101550387597,3362.914341085271,129
9769,2,67.3202,4,191.2926086956522,1117.0095652173914,1002.4234782608696,4216.962173913043,23
9789,2,67.3904,4,117.97476190476192,753.1428571428571,505.2038095238096,2597.078095238095,21
9790,2,67.3904,5,58.97105263157895,942.9368421052632,510.4555263157895,2437.754736842105,38
9804,2,67.6100,2,103.07448275862069,740.5913793103449,681.9865517241379,3399.0244827586207,29
9811,2,68.1200,3,304.45695652173913,1227.11,1374.4773913043477,4141.51652173913,23
9812,2,68.1200,4,335.9364444444444,1463.7564444444442,1708.1586666666667,4761.418,45
9813,2,68.1200,5,205.23480769230767,1411.0926923076925,1427.0096153846155,4288.3975,52
9818,2,68.1200x0,4,310.22365853658533,1314.3756097560977,1128.9563414634147,4201.523658536586,41
9819,2,68.1200x0,5,443.3868292682927,1467.199024390244,1147.100243902439,4516.494634146341,41
9839,2,68.2302,4,518.9272,1040.396,786.1108,5153.4072,25
9847,2,68.2901,3,621.1466666666668,1550.2683333333334,2053.557333333333,9135.912333333334,30
9848,2,68.2901,4,747.3305660377358,1679.271886792453,2000.0394339622642,9188.757547169811,53
9862,2,68.2912,4,1481.9471428571428,1915.8704761904762,2705.9880952380954,11869.718571428572,21
9867,2,68.2913,4,193.47190476190477,1227.1814285714286,1173.064285714286,5616.337142857143,21
9868,2,68.2913,5,453.5278260869565,1288.8434782608697,1252.5326086956522,6011.817391304347,23
9871,2,68.2915,3,515.2946969696969,1228.439696969697,1028.8874242424242,5521.254545454545,66
9872,2,68.2915,4,504.63823529411764,1442.1536134453781,1110.4655462184874,5757.440336134454,119
9873,2,68.2915,5,386.9540350877193,1386.6559649122808,1158.5192982456142,5588.54350877193,57
9878,2,68.2917,4,329.6940740740741,1105.037037037037,1154.262962962963,5817.081111111112,27
9885,2,68.3102,4,1051.041304347826,1744.7478260869564,2360.6504347826085,10912.434347826087,23
9892,2,68.3901,4,559.1481818181818,1655.301590909091,2041.9461363636365,8283.175454545455,44
9893,2,68.3901,5,496.6651851851852,1671.114074074074,1590.3814814814816,7301.064074074075,27
9897,2,68.4100,4,1317.1258974358975,2011.5646153846155,2393.3953846153845,12756.593333333334,39
9898,2,68.4100,5,1419.7325714285714,1947.6399999999999,2399.604857142857,12489.610285714285,35
9905,2,68.4901,4,725.3692857142858,2008.1142857142856,2574.275,10305.971071428572,28
9906,2,68.4901,5,650.8142857142857,1475.6836734693877,1969.834693877551,8460.477959183672,49
9930,2,68.5901,8,621.0410714285715,1946.0571428571427,2042.8228571428572,9001.553214285714,28
9938,2,69.0100,2,65.06818181818181,954.295909090909,323.57454545454544,2202.8245454545454,22
9939,2,69.0100,3,103.11208333333333,836.8754166666666,267.15916666666664,2028.9724999999999,24
9942,2,69.0100x0,2,59.93577777777778,552.1182222222222,362.2386666666667,2175.5415555555555,45
9943,2,69.0100x0,3,50.75711538461538,619.0842307692308,370.98749999999995,2383.1034615384615,52
9946,2,69.0101,2,89.25950980392156,703.0637254901961,338.3103921568628,1906.0760784313727,102
9947,2,69.0101,3,58.17483333333333,693.747,327.61233333333337,1887.2296666666666,120
9948,2,69.0101,4,64.59545454545454,727.6666666666666,254.6660606060606,1705.240606060606,33
9950,2,69.0200,2,92.97379310344827,612.9310344827586,457.6655172413793,2116.8503448275865,29
9951,2,69.0200,3,96.33666666666667,604.5414285714286,526.995238095238,2231.939523809524,21
9955,2,69.0200x0,2,45.885185185185186,601.3404938271606,487.1264197530864,2091.7200000000003,81
9956,2,69.0200x0,3,55.57130952380952,586.6936904761905,455.3221428571428,2037.683214285714,84
9957,2,69.0200x0,4,36.28342857142857,582.1711428571429,417.334,1799.9688571428571,35
9958,2,69.0201,1,76.20964285714285,603.0392857142857,427.6882142857143,2323.2335714285714,28
9959,2,69.0201,2,67.32897297297298,696.730918918919,435.8778918918919,2110.4013513513514,185
9960,2,69.0201,3,67.30891891891892,715.6765765765766,402.9624324324324,2124.7246396396395,222
9961,2,69.0201,4,76.02230769230769,694.3115384615384,458.0078846153846,2137.1503846153846,52
9964,2,69.0202,2,270.57829113924055,734.1548101265823,356.9732911392405,3261.425126582278,158
9965,2,69.0202,3,248.90611940298507,766.3380597014925,412.7520895522388,3181.995074626866,67
9970,2,69.0901,2,43.759,870.34,875.9886666666666,2785.2546666666667,30
9971,2,69.0901,3,80.93322222222221,1010.7276666666668,848.6401111111111,3039.187777777778,90
9972,2,69.0901,4,86.20931451612903,1098.7692338709678,840.183870967742,3134.2174596774194,248
9973,2,69.0901,5,91.41728395061729,1156.8945061728396,775.7175925925926,3064.7196296296297,162
9974,2,69.0901,6,109.9285185185185,1479.3714814814814,1073.3388888888887,3874.6577777777775,27
9980,2,69.0902,4,310.7022580645161,1540.7456451612902,810.5653225806452,4175.078870967742,62
9981,2,69.0902,5,351.39,1779.7404347826086,1217.6039130434783,4909.546956521739,23
10003,2,69.5101,2,94.50268656716419,435.12388059701493,397.7137313432836,1928.5564179104476,67
10004,2,69.5101,3,227.12779661016947,527.5089830508474,413.9449152542373,2091.8183050847456,59
10007,2,69.5102,2,25.74657142857143,659.3571428571429,412.2722857142857,1833.4342857142856,35
10008,2,69.5102,3,35.07553191489362,631.0255319148936,387.636170212766,1848.729574468085,47
10015,2,69.5200,3,27.560434782608695,671.1343478260869,501.21173913043475,2472.4891304347825,23
10022,2,69.5202,2,30.26628571428571,666.9885714285714,362.09200000000004,1777.4782857142857,35
10023,2,69.5202,3,36.435,689.9138888888889,632.1013888888889,2173.728055555556,36
10030,2,69.5901,2,37.514,603.2040000000001,533.6896,1921.0084,25
10031,2,69.5901,3,39.97475,748.7225000000001,808.1955,2298.2884999999997,40
10048,2,70.1400x0,2,18.36090909090909,590.800606060606,278.3851515151515,2232.4842424242424,33
10079,2,70.5001,4,345.325,1080.2014285714286,1103.992857142857,5445.8425,28
10080,2,70.5001,5,365.11704545454546,1350.6620454545455,1216.277272727273,5874.625227272728,44
10095,2,70.7100,1,110.9748484848485,605.6166666666667,481.7512121212121,2878.631515151515,33
10096,2,70.7100,2,81.50152173913042,640.1830434782609,419.7579130434783,3087.3049130434783,230
10097,2,70.7100,3,97.70133333333334,657.9388888888889,483.96233333333333,3222.8704444444447,90
10137,2,71.2200x0,4,196.96428571428572,1011.6761904761905,663.572380952381,3069.1666666666665,21
10170,2,71.3x04,4,138.99095238095236,1255.3766666666666,804.4033333333334,3694.792857142857,21
10185,2,71.7102,1,218.98,644.3847826086957,459.99869565217386,3245.1565217391308,23
10186,2,71.7102,2,169.3968316831683,731.4070627062706,502.33584158415846,2984.172739273927,303
10187,2,71.7102,3,185.50854166666667,775.1884722222222,561.4156250000001,3135.2632638888886,144
10213,2,73.0100,2,578.18575,716.6575,765.0215000000001,3988.99075,40
10220,2,73.0900x0,2,138.78228915662652,619.3855421686746,509.7636144578313,2442.4718072289156,83
10221,2,73.0900x0,3,117.92235294117647,602.774411764706,540.7864705882354,2253.1832352941174,34
10248,2,73.5900x0,2,93.25264705882353,692.9,468.20735294117645,2805.171764705882,34
10253,2,73.6x01,1,184.21212121212122,748.9606060606061,633.3057575757575,3239.8651515151514,33
10254,2,73.6x01,2,169.24309375,851.1566875000001,576.8080625,3442.9879374999996,320
10255,2,73.6x01,3,107.54083333333334,805.7345238095238,636.92,3087.9369047619048,84
10273,2,74.1x01,1,486.863375,888.48575,1110.95925,5229.818,80
10274,2,74.1x01,2,484.90747905027933,890.9103910614525,1257.7313966480447,5642.744860335195,1432
10275,2,74.1x01,3,497.62580063626723,941.7332555673382,1211.1471580063626,5827.583435843054,943
10276,2,74.1x01,4,478.93913580246914,912.4432098765432,1260.2285185185185,5644.841111111111,81
10304,2,75.0x02,2,68.47469879518073,696.042530120482,863.7477108433735,3031.838674698795,83
10305,2,75.0x02,3,49.934736842105266,607.4013157894736,784.2724561403509,2711.585614035088,114
10306,2,75.0x02,4,74.29652173913043,650.4173913043478,708.025652173913,2573.385217391304,23
10308,2,75.3400,2,404.01000000000005,1398.0,676.0613333333333,5068.151333333333,30
10309,2,75.3400,3,380.7904761904762,1274.4761904761904,663.14,4965.249523809524,21
10317,2,75.4x00x0,2,84.23780487804878,726.8219512195122,542.5868292682927,3115.1739024390245,41
10318,2,75.4x00x0,3,81.16826086956522,630.6291304347826,503.02956521739134,2786.7291304347823,23
10329,2,75.6900x0,2,193.72797297297296,863.7256756756757,482.85878378378385,3250.3367567567566,74
10330,2,75.6900x0,3,181.18297297297298,875.3432432432433,478.69513513513516,3264.1105405405406,37
10333,2,75.6902,2,159.7822660098522,889.6192118226602,451.1770935960591,3343.1830541871923,203
10334,2,75.6902,3,149.93283018867925,884.0462264150943,461.718679245283,3308.0507547169814,106
10340,2,75.6905,2,267.76875,1072.28125,356.75687500000004,3945.424375,64
10343,2,75.7x00,2,92.90434782608696,839.6521739130435,590.8091304347827,4231.178695652174,23
10661,2,78.6103,3,445.6495454545455,967.199090909091,935.9554545454546,4714.556363636364,22
10662,2,78.6103,4,310.5462857142857,874.6011428571429,817.3097142857143,4219.057714285714,35
10663,2,78.6103,5,538.0182716049383,999.9801234567901,896.9106172839505,4664.734691358025,81
10664,2,78.6103,6,265.664,969.3426666666667,861.4373333333333,4200.109,30
10685,2,78.6201,5,776.58796875,923.1428125,1115.4184375,5184.05359375,64
10686,2,78.6201,6,1124.375925925926,1160.4292592592592,1183.3448148148148,5766.558888888889,27
10704,2,78.6301,4,253.57500000000002,944.57,1087.9091666666666,4601.777916666667,24
10705,2,78.6301,5,439.0742465753425,1054.7386301369863,909.3584931506849,4550.999452054795,73
10706,2,78.6301,6,311.41903225806453,892.8532258064516,802.3593548387097,4012.3903225806453,31
10726,2,78.6403,5,255.79857142857145,811.6761904761905,1022.9909523809524,4130.415714285714,21
10737,2,78.6501,5,427.5557407407407,1006.5333333333334,1128.0766666666666,4822.984629629629,54
10738,2,78.6501,6,1459.7360714285714,1145.2771428571427,1536.33,6566.314642857143,28
10748,2,78.6601,5,287.82840909090913,929.4381818181818,833.1400000000001,4107.784318181818,44
10749,2,78.6601,6,346.64827586206894,1080.195172413793,1399.826896551724,5126.2734482758615,29
10765,2,78.6701,3,380.9653333333333,933.302,1154.6853333333333,4968.634,30
10766,2,78.6701,4,898.3675675675676,1181.5110810810809,1223.712972972973,6853.297567567568,74
10767,2,78.6701,5,884.8706779661018,934.612966101695,1190.7227118644068,5586.435169491525,118
10768,2,78.6701,6,511.333137254902,1084.4964705882353,1277.5927450980394,5311.1290196078435,51
10778,2,78.6703,5,341.7973076923077,1018.48,1183.9326923076924,5025.081538461538,26
10784,2,78.6705,5,436.46218181818176,947.7125454545455,989.4534545454546,4724.522545454545,55
10785,2,78.6705,6,363.4608333333333,1092.4458333333334,1058.0629166666665,5051.992916666667,24
10847,2,78.6907,4,1037.64875,1016.2858333333334,1666.0095833333335,6638.47625,24
10848,2,78.6907,5,1266.4681690140847,1181.5257746478874,1712.637042253521,7096.999577464789,71
10849,2,78.6907,6,632.0795833333333,1170.9116666666666,1415.4895833333333,5926.00875,24
10867,2,79.0201,5,1442.5752,1207.2232000000001,1376.9456,5570.2712,25
10938,2,79.1500x0,8,12317.629047619048,3017.619523809524,3455.3290476190477,25057.539047619044,21
10939,2,79.1500x0,9,11293.41380952381,3692.534285714286,4361.259523809524,26348.29523809524,21
11040,2,79.3100x0,5,11348.3104,2083.2472,3772.5008000000003,22730.212400000004,25
11041,2,79.3100x0,6,9834.217391304348,2477.3939130434783,3246.5252173913045,21509.729130434782,23
11042,2,79.3100x0,8,11320.963181818182,2111.9,3358.2168181818183,20921.67772727273,22
11044,2,79.3101,0,6211.652608695653,1074.1947826086957,763.5804347826087,11081.723043478261,23
11045,2,79.3101,1,8966.8668,954.1568,1398.158,14133.403599999998,25
11049,2,79.3101,5,12470.09,1769.2594736842104,3347.5436842105264,22793.29894736842,38
11050,2,79.3101,6,18977.473142857143,2109.034571428572,2568.906285714286,28439.085714285713,35
11051,2,79.3101,8,12906.168181818182,1892.7763636363636,2529.0481818181815,21133.176363636365,33
11064,2,79.3200x0,5,10186.902647058823,1539.2205882352941,2754.7035294117645,19140.604705882353,34
11065,2,79.3200x0,6,9728.22125,1734.596875,2528.5284375,18477.693437500002,32
11073,2,79.3201,5,9814.193777777777,1915.4213333333332,2557.5228888888887,19327.744,45
11126,2,79.3401,5,3236.5265217391307,1297.0330434782609,4080.3591304347824,15406.072173913042,23
11141,2,79.3500x0,6,12461.7484,2973.304,4915.9196,27603.3508,25
11142,2,79.3500x0,8,11392.235172413793,2716.2437931034483,4102.908275862069,24736.866206896553,29
11143,2,79.3500x0,9,12956.495833333334,3850.8104166666667,4275.42375,29654.289999999997,24
11149,2,79.3501,5,20611.783666666666,2479.9166666666665,5448.851333333334,34510.022333333334,30
11150,2,79.3501,6,15576.83875,2449.42,4293.0199999999995,26927.947083333333,24
11151,2,79.3501,8,15896.47806451613,2785.390967741935,3418.6729032258063,28102.61193548387,31
11152,2,79.3501,9,14192.809583333334,2525.483541666667,3501.99,26616.466041666663,48
11170,2,79.3600x0,3,14564.585833333333,2123.535,5088.184166666667,27797.966666666664,24
11171,2,79.3600x0,4,13634.4675,2157.6320833333334,5710.309166666667,30005.30083333333,24
11172,2,79.3600x0,5,12877.676911764705,2138.7710294117646,4127.753529411764,26858.251911764703,68
11173,2,79.3600x0,6,9922.556585365854,1897.588536585366,3750.616829268293,21647.24780487805,41
11179,2,79.3601,3,18211.578461538462,1747.690769230769,4600.117692307692,29919.277692307693,26
11180,2,79.3601,4,18427.154137931033,2058.6062068965516,4443.891724137931,30617.96827586207,29
11181,2,79.3601,5,19134.178333333333,1937.3157575757575,5235.437424242424,33424.25363636363,66
11182,2,79.3601,6,17845.899310344827,1744.7234482758622,4002.9206896551723,28136.21551724138,29
11207,2,79.3604,5,4650.424285714286,1698.2,3328.1585714285716,14345.955714285714,28
11208,2,79.3604,6,4417.820263157894,1823.518157894737,1814.3376315789474,11691.903421052632,38
11225,2,79.3700x0,4,11369.407826086957,1549.2521739130436,5786.125652173912,25206.27739130435,23
11226,2,79.3700x0,5,8873.402258064518,1543.7354838709678,3600.9387096774194,20077.88129032258,31
11266,2,79.3900x0,4,8142.065,2049.1749999999997,3185.403333333333,19031.075833333332,24
11267,2,79.3900x0,5,8622.268115942028,2132.1443478260867,3161.3208695652174,19599.71115942029,69
11268,2,79.3900x0,6,8590.831509433963,2247.8549056603774,3272.351320754717,19996.889245283022,53
11269,2,79.3900x0,8,7294.941363636363,1920.4027272727274,2574.390909090909,15411.63,22
11282,2,79.3903,5,19418.856666666667,3888.0504761904763,5774.905238095239,34889.241904761904,21
11289,2,79.3904,4,10509.285,1464.8039285714287,2394.8739285714287,17085.741071428572,28
11290,2,79.3904,5,11114.275000000001,1839.9011538461539,2200.205576923077,18943.966923076925,52
11291,2,79.3904,6,9676.725185185185,2218.582962962963,2832.2618518518516,19144.337407407405,27
11437,2,80.5100x0,5,14364.687407407408,2058.8733333333334,2883.7274074074076,27756.97888888889,27
11438,2,80.5100x0,6,16290.722083333334,2080.920833333333,3713.80625,32247.397500000003,24
11442,2,80.5101,5,1098.194761904762,1362.6904761904761,3784.458095238095,10154.291904761905,21
11474,2,80.5111,4,4470.6867999999995,1646.964,2218.3572,12837.4836,25
11475,2,80.5111,5,4874.583611111111,1853.8694444444445,2305.338888888889,13720.610833333332,36
11476,2,80.5111,6,7426.875454545454,1948.690909090909,2773.538636363636,16696.683636363636,22
11482,2,80.5200,4,795.5044827586207,914.2965517241379,739.3748275862068,4812.617931034483,29
11483,2,80.5200,5,495.0681481481481,1114.70987654321,948.6241975308642,5459.692345679013,81
11484,2,80.5200,6,588.9602564102564,1067.5897435897436,897.7092307692309,5565.091282051282,39
11485,2,80.5200,8,577.5370833333333,1313.5916666666665,971.7879166666667,5918.445833333334,24
11490,2,80.5900,5,288.73266666666666,1071.2740000000001,1238.7373333333335,7600.647,30
11491,2,80.5900,6,98.35666666666667,1153.9666666666667,1521.712083333333,8137.791249999999,24
11496,2,80.5900x0,5,339.82660714285714,1331.0982142857142,945.74,5852.529821428571,56
11497,2,80.5900x0,6,336.56459459459455,1424.0108108108109,918.0575675675675,6317.6591891891885,37
11498,2,80.5900x0,8,465.68160000000006,1484.356,2588.3012,9935.5772,25
11640,2,81.5100,5,28906.58136986301,2277.1720547945206,3713.238082191781,42569.58315068493,73
11641,2,81.5100,6,24069.743888888886,2483.6600000000003,4307.693518518518,37891.45185185185,54
11642,2,81.5100,8,24156.27786885246,2448.779836065574,3641.8903278688526,35953.61262295082,61
11661,2,81.5201,8,18140.541219512193,2529.8339024390243,4526.565853658537,31857.710731707313,41
11662,2,81.5201,9,18151.469156626506,3178.958674698795,3926.3310843373492,32849.8608433735,83
11668,2,81.5400,6,27583.078333333335,2381.1310416666665,4453.091875,40134.03958333333,48
11669,2,81.5400,8,27871.159999999996,2217.9304347826087,4211.927391304348,40329.56673913044,46
11683,2,81.6500,6,9666.11406779661,2098.7715254237287,2415.9274576271187,16990.74779661017,59
11684,2,81.6500,8,7791.27243902439,2493.9668292682927,1803.9593902439026,14587.738048780488,82
11685,2,81.6500,9,7486.7615853658535,2864.026219512195,1899.7115853658538,14976.849024390245,82
11695,2,81.6600x0,8,13362.22818181818,1835.5963636363635,1398.4345454545453,19635.66939393939,33
11698,2,81.6601,6,15951.469523809523,1683.5764285714288,1299.0935714285715,22031.937380952382,42
11699,2,81.6601,8,15658.102545454545,2603.2581818181816,1742.8427272727274,22793.780727272726,55
11700,2,81.6601,9,15081.266551724137,1778.6889655172413,1484.2744827586207,21534.71103448276,29
11723,2,81.9100,5,119.42244897959183,1273.4708163265307,1707.0048979591838,5180.298367346939,49
11724,2,81.9100,6,43.244202898550725,1242.2242028985506,1704.4044927536233,5005.032463768116,69
11725,2,81.9100,8,50.00755102040816,1405.1073469387754,2062.388775510204,5812.420408163265,49
11726,2,81.9100,9,134.95275862068965,2056.886206896552,2672.0217241379314,6916.339310344827,29
11732,2,81.9101,6,40.18724137931035,1151.0413793103448,1258.3527586206897,4609.660689655173,29
11733,2,81.9101,8,28.39916666666667,1072.6166666666666,945.5541666666667,4009.1283333333336,24
11742,2,81.9201,5,220.1592307692308,895.2358974358974,897.5089743589743,5167.305384615384,39
11743,2,81.9201,6,165.74035714285714,892.1785714285714,1412.097142857143,5131.328214285714,28
11744,2,81.9201,8,69.09290322580645,1229.6870967741936,1137.313870967742,5536.701935483871,31
11788,2,82.2101,5,83.79809523809524,694.8142857142857,470.267619047619,2112.169047619048,21
11937,2,83.3101,4,149.07304347826087,1019.4560869565219,449.58652173913043,2615.047391304348,23
11938,2,83.3101,5,157.40657142857143,954.3199999999999,528.4737142857143,2691.158857142857,35
11939,2,83.3101,6,201.8980952380952,1058.9771428571428,662.7438095238095,3329.528571428572,21
11965,2,83.3900x0,5,91.44172413793103,1264.3275862068965,821.5703448275863,3442.8924137931035,29
11976,2,83.3902,5,270.31951219512194,1192.3995121951218,791.0712195121952,4350.985609756098,41
12066,2,83.9105,3,14.739154929577465,780.3785915492957,641.7767605633803,4104.2801408450705,71
12067,2,83.9105,4,20.252415730337077,931.1783707865169,1033.543033707865,4771.285617977528,178
12068,2,83.9105,5,19.318469601677148,909.036394129979,934.6654716981132,4522.10890985325,477
12069,2,83.9105,6,34.57654952076677,1061.400607028754,1192.5796485623002,5117.6146964856225,313
12070,2,83.9105,8,27.332692307692305,1124.038811188811,1368.9724125874125,5286.476188811189,286
12071,2,83.9105,9,40.48759036144578,1345.1139759036143,1701.2286746987952,5625.029759036144,83
12127,2,84.3x00,5,1489.195,756.995,1261.7676666666666,6271.763999999999,30
12173,2,85.2100x0,4,675.6590476190477,1277.895238095238,553.1657142857142,4296.599047619047,21
12182,2,85.2301,2,388.5009090909091,934.2954545454545,569.7290909090909,4137.506363636364,22
12183,2,85.2301,3,389.41249999999997,1083.8999999999999,758.1891666666667,4667.198333333333,24
12297,2,86.2200x0,5,991.300909090909,1354.4151515151514,2406.0642424242424,7094.113636363636,33
12298,2,86.2200x0,6,808.6583333333333,1511.2208333333335,3812.43375,8778.820833333333,24
12333,2,86.2800,3,6503.920952380953,1019.3933333333332,2020.4709523809524,15204.521428571428,21
12334,2,86.2800,4,9406.039677419354,1596.6032258064515,2442.8432258064518,21111.066774193547,31
12335,2,86.2800,5,6774.37081632653,1599.3938775510205,1926.1638775510203,16306.11081632653,49
12337,2,86.2800,8,3222.9638095238097,4374.441904761905,3580.4409523809522,15177.931428571428,21
12344,2,86.2800x0,5,171.6590476190476,1464.4090476190477,1760.3438095238096,4700.225238095238,21
12345,2,86.2800x0,6,269.7061904761905,1513.0047619047618,2543.9633333333336,6650.3876190476185,21
12356,2,86.3x00,4,91.46227272727273,1307.7681818181818,340.68363636363637,2817.1463636363637,22
12357,2,86.3x00,5,216.67318181818183,1149.295,972.8111363636364,4270.279090909091,44
12368,2,86.3x02,4,211.67285714285714,864.2238095238096,582.9571428571429,2734.599523809524,21
12369,2,86.3x02,5,95.44686274509804,997.7829411764706,611.9980392156863,2792.051764705882,51
12370,2,86.3x02,6,163.65347826086955,1269.3352173913042,612.0539130434784,3557.3991304347824,23
12375,2,86.3x03,2,185.1447619047619,936.9733333333332,609.3419047619047,2880.134761904762,21
12376,2,86.3x03,3,192.8697435897436,1119.7615384615383,567.385641025641,3047.024358974359,39
12377,2,86.3x03,4,248.22870967741935,1035.8048387096774,671.7316129032258,3023.4590322580643,62
12378,2,86.3x03,5,240.06185840707965,1011.9210619469027,695.6996460176991,3130.5931858407084,113
12379,2,86.3x03,6,254.82122807017544,1123.802105263158,884.1031578947368,3693.3891228070174,57
12380,2,86.3x03,8,226.22225806451613,1107.4967741935484,910.9348387096774,3490.764516129032,31
12454,2,86.5902,5,346.50942857142854,2092.3877142857145,1769.8705714285716,5821.544857142857,35
12455,2,86.5902,6,185.95999999999998,1568.7333333333333,1878.334285714286,5000.563809523809,21
12457,2,86.5902,9,301.3676,2615.212,1615.02,6356.2036,25
12603,2,87.4101,5,457.72119999999995,1541.156,1424.0008000000003,4236.9184,25
12604,2,87.4101,6,672.5904,1763.092,1735.4228,5006.436,25
12605,2,87.4101,8,140.0341666666667,2003.6722222222222,1816.490277777778,5082.197777777777,36
12624,2,87.4401,5,148.52869565217392,941.4695652173913,789.3373913043478,3074.0704347826086,23
12701,2,88.5500,6,1845.2851428571428,2059.6800000000003,3324.2122857142854,10016.840285714286,35
12702,2,88.5500,8,1671.6,2231.3881578947367,3680.496315789473,10432.918684210526,38
12703,2,88.5500,9,1434.6204545454545,2412.0113636363635,3845.6245454545456,10406.756363636365,22
12830,2,89.5001,8,117.805,2640.6041666666665,1728.6433333333334,6173.7733333333335,24
12832,2,89.5200,0,50.72681818181818,369.6227272727273,438.69545454545454,1228.8813636363636,22
12835,2,89.5200,3,420.83000000000004,800.2238095238096,749.3409523809523,2651.4185714285713,21
12836,2,89.5200,4,1469.241785714286,1234.8999999999999,2125.7400000000002,6001.816428571429,28
12837,2,89.5200,5,934.7430434782608,1126.4188405797101,1024.1757971014492,4258.010869565217,69
12838,2,89.5200,6,821.5931343283582,1490.0477611940298,1599.1341791044774,5025.814925373134,67
12839,2,89.5200,8,1790.4340579710147,2059.2333333333336,3042.438260869565,9115.13884057971,69
12840,2,89.5200,9,606.9746666666666,2229.608888888889,2262.5435555555555,6356.214,45
12844,2,89.5400,5,100.41862068965517,2206.2275862068964,2117.096896551724,5567.163103448276,29
12845,2,89.5400,6,485.6639024390244,2358.5817073170733,3083.803292682927,7972.5146341463405,82
12846,2,89.5400,8,155.57236641221374,2563.6396946564882,2991.490839694656,7907.173435114503,131
12847,2,89.5400,9,171.01278947368422,2513.9747368421054,3650.425263157895,8734.45952631579,190
12918,2,93.3500x0,3,24.48923076923077,1159.1153846153845,466.7176923076923,3331.1761538461537,26
12919,2,93.3500x0,4,39.85974358974359,922.597435897436,654.664358974359,3822.906923076923,39
12920,2,93.3500x0,5,35.01590909090909,1127.8530303030304,1030.5406060606063,4225.729242424242,66
12921,2,93.3500x0,6,46.943783783783786,1254.6243243243243,1217.0029729729729,5375.096486486486,37
12931,2,93.3503,5,159.6812,1302.096,1962.2395999999999,4309.7628,25
12935,2,93.3504,0,56.54577981651376,1002.3623853211009,727.7998165137614,2718.619633027523,109
12936,2,93.3504,1,36.44782608695652,999.3913043478261,880.0813043478261,2915.5630434782606,23
12937,2,93.3504,2,29.525652173913045,928.8260869565217,1098.1773913043478,3040.8347826086956,23
12938,2,93.3504,3,28.16413793103448,986.3103448275862,1065.4251724137932,3130.3455172413796,29
12939,2,93.3504,4,67.65363636363637,962.469696969697,1331.3769696969698,3521.7339393939396,33
12940,2,93.3504,5,60.56078431372549,949.1470588235294,1190.350980392157,3479.0143137254904,51
12941,2,93.3504,6,50.46629629629629,1022.6481481481482,1056.9518518518519,3312.7981481481484,27
12942,2,93.3504,8,42.284400000000005,1171.58,1292.712,3717.7432,25
12955,2,93.3510,6,67.583125,1913.215625,1729.7865625,7039.780625,32
12956,2,93.3510,8,82.18690476190476,2582.5597619047617,1834.222380952381,7857.004761904762,42
12987,2,93.39002,4,1.5096,1113.98,1408.9984,5553.3688,25
12988,2,93.39002,5,1.563943661971831,1082.3661971830986,1549.757323943662,5814.838732394366,71
12989,2,93.39002,6,3.328275862068965,1131.603448275862,1707.633103448276,6022.961206896552,58
12990,2,93.39002,8,34.25325,1179.6625,2178.4695,7093.013249999999,40
12995,2,93.3900x0,5,22.921904761904763,730.0142857142857,866.17,3599.0233333333335,21
12996,2,93.3900x0,6,42.304761904761904,1211.5428571428572,1641.422380952381,5011.214285714285,21
12997,2,93.3900x0,8,174.93571428571428,1242.48,1472.4688571428571,5780.656285714285,35
13004,2,93.3902,0,542.4370731707317,814.439024390244,1576.938536585366,3826.321707317073,41
13009,2,93.3902,5,30.689411764705884,966.2735294117648,1143.674705882353,3472.4641176470586,34
13010,2,93.3902,6,252.9875,959.5642857142857,1632.1482142857144,4037.030357142857,28
13025,2,93.3908,3,45.9690625,1070.175,1209.5690625,3021.3678125,32
13026,2,93.3908,4,168.41851851851854,963.7724074074074,1547.3966666666665,3361.5301851851855,54
13027,2,93.3908,5,314.01190476190476,1025.3242857142857,1742.0837142857144,3809.1426666666666,105
13028,2,93.3908,6,481.28315789473686,915.9147368421053,1973.972105263158,4121.862105263158,57
13029,2,93.3908,8,1331.4271830985915,1091.3388732394367,2130.871549295775,5366.24028169014,71
13092,2,93.4600x0,9,1664.2148000000002,1833.3239999999998,1534.5868,6831.8436,25
13106,2,93.5300x0,5,683.2221739130435,1244.017391304348,1285.4908695652175,4493.905652173913,23
13124,2,93.5401,5,1354.0535483870967,1206.4103225806452,1875.7374193548387,6125.134838709677,31
13125,2,93.5401,6,497.78695652173917,1238.9,967.8121739130435,3596.001304347826,23
13129,2,93.5402,1,859.6915384615385,1218.4769230769232,699.0915384615384,4123.258076923077,26
13131,2,93.5402,3,224.0652380952381,1229.1285714285714,761.7695238095238,3112.658095238095,21
13132,2,93.5402,4,971.2141538461539,1403.2163076923077,1772.1703076923077,5531.080615384615,65
13133,2,93.5402,5,968.0347872340426,1377.6531914893617,1488.6246808510639,5395.294468085106,94
13134,2,93.5402,6,2114.3694545454546,1587.329090909091,1574.5287272727273,6692.637454545455,55
13135,2,93.5402,8,1214.2917948717948,1697.9497435897438,1787.7133333333331,6892.221538461539,39
13136,2,93.5402,9,307.6082608695652,1480.7913043478259,884.0682608695652,3579.956086956522,23
13177,2,93.9000x0,6,357.72818181818184,3662.031818181818,3326.9786363636363,10390.579545454546,22
13178,2,93.9000x0,8,321.12142857142857,3896.6311904761906,3084.3595238095236,10503.189523809524,42
13179,2,93.9000x0,9,426.57257142857145,3967.769714285714,3130.462857142857,10961.671142857143,35
13181,2,93.9401,0,124.95580321285141,915.3433835341366,1119.0758634538154,3040.026325301205,996
13182,2,93.9401,1,107.32703703703703,950.9641975308642,1170.0524691358025,2982.13950617284,81
13183,2,93.9401,2,33.16809523809523,1006.7857142857143,772.007142857143,2438.09380952381,21
13184,2,93.9401,3,39.63625,1050.44375,1072.0634375,2824.8675,32
13185,2,93.9401,4,38.69090909090909,1388.3030303030303,1030.9751515151515,3275.591515151515,33
13186,2,93.9401,5,40.33012658227848,1478.2708860759492,1623.796835443038,4038.27253164557,79
13187,2,93.9401,6,435.92785714285714,1764.8957142857143,2034.3165714285715,5529.832428571429,70
13188,2,93.9401,8,81.76021276595745,1993.3734042553192,2662.7347872340424,6121.677659574468,94
13189,2,93.9401,9,93.0075641025641,2108.2948717948716,2957.512307692308,6806.703846153847,78
13193,2,93.9601,3,44.2624,1373.612,1086.2256,3276.1608,50
13194,2,93.9601,4,68.57623529411764,1727.92,1537.4462352941175,4389.29505882353,85
13195,2,93.9601,5,119.79703071672354,1706.601023890785,1835.0690102389078,4922.950307167235,293
13196,2,93.9601,6,75.68245283018868,1956.7746331236897,2094.576289308176,5522.640607966457,477
13197,2,93.9601,8,78.70798298906439,2014.6419198055894,2193.6934507897936,5685.74397326853,823
13198,2,93.9601,9,80.01175986842105,2084.2486842105263,2620.886677631579,6373.171858552632,608
13218,2,94.2702,2,125.22812499999999,1399.43125,1263.315,14484.265,32
13219,2,94.2702,3,100.64980769230769,1455.326923076923,1109.440769230769,13857.72326923077,52
13220,2,94.2702,4,106.04333333333334,1531.125,1054.894,13428.112333333333,60
13221,2,94.2702,5,118.9061111111111,1733.5833333333333,1374.1472222222224,14397.949166666665,72
13232,2,96.0400,6,2293.358333333333,5644.226,6878.637,22710.16933333333,30
13233,2,96.0400,8,786.9463636363636,3691.430909090909,4392.770909090909,14095.83,33
13234,2,96.0400,9,835.9669565217392,4323.038260869565,7463.372608695652,17926.354347826087,23
13283,2,96.7101,8,655.4912499999999,2995.91625,3154.6079166666664,10995.265,24
13288,2,96.7201,8,584.6140909090909,4857.19,5696.572727272727,19957.33409090909,22
13311,2,97.6204,2,35.8872,829.1,262.6588,1874.4107999999999,25
13312,2,97.6204,3,59.62872727272727,862.5545454545454,251.20963636363638,1990.8700000000001,55
13313,2,97.6204,4,37.623636363636365,755.8701298701299,368.35948051948054,2051.7431168831167,77
13314,2,97.6204,5,38.66850877192982,746.0701754385965,306.74912280701756,1889.7858771929825,114
13315,2,97.6204,6,88.20374999999999,835.305,401.49375,2216.34,40
13316,2,97.6204,8,103.52815789473685,803.9605263157895,342.9263157894737,2047.522894736842,38
13329,2,97.7100,4,150.91559999999998,1197.3319999999999,646.752,3239.0364,25
13330,2,97.7100,5,126.81666666666668,1130.2761904761905,445.9642857142857,3075.1680952380952,21
13338,2,97.7102,4,333.2870833333333,990.6916666666666,670.7691666666666,3662.7408333333333,24
13339,2,97.7102,5,216.41000000000003,1316.6241379310345,490.40379310344827,3413.171379310345,29
13406,2,98.5103,2,50.98736842105263,981.6014473684212,743.0903947368421,3137.285394736842,76
13407,2,98.5103,3,31.872673796791446,1034.6030481283422,686.0945454545454,2952.281069518717,187
13408,2,98.5103,4,58.01782786885246,1061.3178278688524,815.873524590164,3238.630532786885,244
13409,2,98.5103,5,33.76664921465969,1054.6007591623036,726.4371989528796,3178.00054973822,382
13410,2,98.5103,6,61.64824817518248,1112.7537226277373,828.1141605839416,3308.518394160584,137
13411,2,98.5103,8,33.88388059701492,1206.1373134328358,859.1586567164179,3566.345373134328,67
13427,2,99.0401,6,200.42045454545453,2704.259090909091,1644.9404545454547,7419.070454545454,22
13428,2,99.0401,8,153.0239393939394,3122.5151515151515,1622.9663636363637,8639.987575757577,33
13429,2,99.0401,9,128.58517241379312,3419.7655172413793,2303.022068965517,9385.236896551723,29
13462,2,99.2503,6,184.81916666666666,2311.68,3941.0633333333335,7472.378333333333,24
13474,2,99.2902,5,21.486,1226.354,1013.9689999999999,4498.952,50
13475,2,99.2902,6,16.398000000000003,1448.6542857142858,1860.9037142857142,6089.615142857143,35
13476,2,99.2902,8,32.66916666666666,1412.3083333333334,1869.2283333333335,5745.650833333333,36
13493,2,99.8200x0,5,97.028,926.0857142857143,2085.3474285714287,4121.001142857143,35
13494,2,99.8200x0,6,100.0485294117647,1260.1470588235295,2210.593529411765,4633.140588235294,34
13495,2,99.8200x0,8,637.2242857142857,1409.3714285714286,2228.693714285714,5590.073714285714,35
13497,2,99.8300x0,0,84.59506329113924,679.8348101265823,912.8551265822784,2318.0131645569622,158
13498,2,99.8300x0,1,59.74952380952381,695.2428571428571,682.0771428571429,2039.9266666666667,21
13502,2,99.8300x0,5,1787.8163043478262,1614.8065217391306,848.2828260869566,6189.377391304348,46
13503,2,99.8300x0,6,2069.5707142857145,1763.314285714286,1273.0907142857143,7538.540714285715,28
13504,2,99.8300x0,8,1282.2445945945944,2135.0054054054053,506.86324324324323,6265.192972972974,37
13506,2,99.8301,0,101.654,1930.47,641.071,6314.3516666666665,30
13516,2,99.9200,4,60.20083333333333,721.2745833333333,1472.5879166666666,3560.740416666667,24
13517,2,99.9200,5,75.79403225806452,908.3175806451613,1869.6714516129034,4397.307419354839,62
13518,2,99.9200,6,96.45026315789474,931.5294736842106,2248.378157894737,5144.57,38
13519,2,99.9200,8,83.20853658536586,1058.1980487804879,2429.2482926829266,5135.536097560976,41
13522,2,99.9200x0,2,30.50090909090909,937.7818181818183,709.6613636363637,4147.280909090909,22
13523,2,99.9200x0,3,20.885499999999997,824.0319999999999,874.9427000000001,4029.1929999999998,100
13524,2,99.9200x0,4,41.240036101083035,960.3389891696752,981.686642599278,4444.976967509026,277
13525,2,99.9200x0,5,40.67161875945537,1018.6114674735251,1064.2775189107415,4621.012904689864,661
13526,2,99.9200x0,6,41.5759410430839,1149.084807256236,1243.8455102040816,5157.042380952381,441
13527,2,99.9200x0,8,44.24254041570439,1170.0025404157043,1385.9945958429562,5336.993879907622,433
13528,2,99.9200x0,9,41.66772727272727,1141.8727272727272,1404.9400649350648,5173.874415584416,154
13531,2,99.9201,5,1.4657777777777778,1441.9311111111112,918.8295555555555,4707.8786666666665,45
13532,2,99.9201,6,8.68195652173913,1318.8739130434783,793.5891304347825,6067.608043478261,46
13533,2,99.9201,8,14.948653846153848,1380.698076923077,1274.1142307692307,6817.961730769231,52
13534,2,99.9201,9,14.743478260869566,1179.4739130434782,797.6617391304349,4916.913478260869,23
13537,2,99.9204,3,37.63897435897436,688.8179487179488,1381.9951282051281,4510.39282051282,39
13538,2,99.9204,4,51.23236842105263,985.1368421052631,1254.610263157895,4564.632105263157,38
13539,2,99.9204,5,55.08614754098361,1036.6573770491802,1751.2889344262296,5177.604016393442,122
13540,2,99.9204,6,53.924954954954956,1176.5567567567568,1928.4416216216216,5817.04981981982,111
13541,2,99.9204,8,61.70822916666666,1549.190625,2078.769375,6461.3446875,96
13542,2,99.9204,9,74.8709090909091,1900.1568181818182,2621.8031818181817,9132.51840909091,44
13546,2,99.9205,4,37.1496,1130.38,1013.3652000000001,3712.4144,25
13547,2,99.9205,5,44.461999999999996,979.71,1442.1282,4501.1284000000005,50
13548,2,99.9205,6,46.70596153846154,830.2307692307693,1445.701153846154,4754.839615384615,52
13549,2,99.9205,8,67.16729411764706,1006.6529411764706,1880.2350588235295,6681.726823529412,85
13550,2,99.9205,9,99.66934579439253,1044.303738317757,2475.1033644859813,8544.548411214953,107
13552,3,,0,84.15065765314638,641.3649401880599,621.1026146627348,2353.359476807804,53919
13553,3,,1,59.87647955941537,820.028778860411,621.4807254818894,2514.952919932218,9442
13554,3,,2,58.86701792114695,980.314582078853,612.7946989247313,2979.9217376344086,13950
13555,3,,3,72.34834091174069,1183.9407689168706,844.9842135944969,3795.061696397342,17154
13556,3,,4,88.28255410511852,1395.1978349364479,1061.283735829612,4661.644655616627,23288
13557,3,,5,114.06981350555178,1576.7186521640608,1272.7923451167005,5136.408866757308,44130
13558,3,,6,124.32730336772752,1770.35757289483,1609.9299264926085,5552.034667991615,36731
13559,3,,8,134.02723327340942,1920.6668113959668,1809.9321834453651,5858.286658199156,51176
13560,3,,9,142.53771041431426,2168.5192313037437,2127.846583572194,6701.418621847766,34539
13678,3,01.2408,4,15641.281818181818,7600.775,9758.901818181817,48970.774545454544,22
13679,3,01.2408,5,18067.006363636363,12231.032954545453,17971.961590909094,75453.46727272727,44
13680,3,01.2408,6,15219.58388888889,12187.583333333334,17518.334166666667,67665.96694444444,36
13681,3,01.2408,8,12462.3402,10944.293,12266.841999999999,55344.109599999996,50
13720,3,01.3108,8,3312.383103448276,3582.4327586206896,3438.2855172413792,17188.26655172414,29
13831,3,03.0914,5,5575.920645161291,2556.8870967741937,1496.7674193548387,15609.899677419355,31
13832,3,03.0914,6,6085.401666666666,2642.6666666666665,1255.545,15641.55375,24
13843,3,03.3101,0,252.37380281690142,2865.9394366197184,2481.865915492958,9530.732253521126,71
13844,3,03.3101,1,197.8436363636364,2239.0772727272724,2147.0754545454542,5975.744090909091,22
13847,3,03.3101,4,212.3758333333333,3441.8233333333333,5206.20125,11270.886666666667,24
13848,3,03.3101,5,270.28852941176467,2950.1235294117646,3099.795294117647,9017.213823529411,34
13849,3,03.3101,6,334.4083333333333,4487.429166666667,4456.383333333333,13330.913333333336,24
13850,3,03.3101,8,468.32214285714286,3990.789285714286,3068.8660714285716,10546.909642857141,28
13868,3,03.5304,5,22124.790416666667,3425.3925,3498.0195833333332,38335.27375,48
13873,3,03.5305,4,23209.605102040816,3825.232448979592,4618.482244897959,41402.03510204081,49
13874,3,03.5305,5,23608.402074074074,3335.9694814814816,4308.648370370371,42302.34814814815,135
13875,3,03.5305,6,24196.037833333332,3978.8543333333337,4966.081999999999,46864.086833333335,60
13876,3,03.5305,8,21930.430952380953,3736.7261904761904,3917.325714285714,37535.51904761905,21
13900,3,03.9100,2,263.4944117647059,904.0617647058823,639.9585294117647,4640.30294117647,34
13910,3,03.9101,2,461.0698484848485,1503.0136363636364,499.3357575757576,5113.471363636363,66
13911,3,03.9101,3,343.08200000000005,1731.62,466.63366666666667,5452.881666666667,30
13919,3,03.9102,4,60.82103448275862,1053.7103448275861,622.971724137931,4536.4289655172415,29
13920,3,03.9102,5,146.65614457831327,1061.9469879518074,583.8434939759036,4671.778674698795,83
13921,3,03.9102,6,82.93113207547171,1164.8641509433962,895.5592452830189,5318.021509433963,53
13922,3,03.9102,8,97.47863636363637,1257.5136363636364,1002.3831818181818,6046.616590909091,44
13929,3,03.9200,8,0.0,2255.185185185185,2163.154814814815,6707.505925925926,27
14098,3,04.8100,5,44.92259259259259,1073.1814814814816,1313.3618518518517,5063.128888888889,27
14099,3,04.8100,6,52.30272727272727,1238.609090909091,1772.36,5933.844545454545,22
14100,3,04.8100,8,59.97272727272727,1405.8363636363636,1836.349393939394,6206.119090909091,33
14105,3,04.8100x0,5,96.66460000000001,1162.9460000000001,1441.749,4230.2076,50
14106,3,04.8100x0,6,97.28473684210526,1288.5526315789473,1478.2005263157896,4548.9642105263165,38
14107,3,04.8100x0,8,105.53716981132077,1299.4509433962262,1800.7494339622642,5277.101698113208,53
14110,3,04.8101,2,22.30636363636364,758.535,514.4818181818182,2938.314545454545,22
14111,3,04.8101,3,39.62566666666667,1276.425,1161.5203333333334,4862.990833333333,60
14112,3,04.8101,4,65.1,1304.4063492063492,897.1074074074075,4996.2241798941795,189
14113,3,04.8101,5,67.75891540130152,1513.2911930585683,1156.3517787418657,5376.622169197397,461
14114,3,04.8101,6,60.307500000000005,1733.8398453608247,1467.7734793814432,6422.153608247423,388
14115,3,04.8101,8,79.38502976190476,1602.9136607142857,1146.6774404761904,6201.719851190476,336
14116,3,04.8101,9,124.28179310344828,1813.7775172413792,1484.795379310345,7085.387310344828,145
14197,3,06.3900x0,5,1325.104054054054,2407.6202702702703,1317.9205405405405,10292.268918918919,37
14198,3,06.3900x0,6,1262.9480952380952,2903.9566666666665,1854.4157142857143,10860.884285714286,21
14273,3,08.2000x0,5,79.19,1089.5222222222221,344.8348148148148,2591.1766666666667,27
14338,3,08.4902,6,79.41046511627907,944.4279069767442,254.44232558139535,2540.127674418605,43
14339,3,08.4902,8,69.47038461538462,1014.8397435897435,267.56,2333.338717948718,78
14340,3,08.4902,9,148.90853658536585,967.2585365853658,337.3941463414634,2702.16,41
14433,3,09.8100,5,302.2371428571428,1056.0497142857141,574.2805714285714,3524.8222857142855,35
14510,3,11.3201,4,201.48533333333336,756.4466666666667,241.24533333333332,3227.3906666666667,30
14511,3,11.3201,5,167.86352272727274,849.7136363636364,187.80727272727273,3015.7161363636365,88
14512,3,11.3201,6,170.8757894736842,944.4052631578948,196.58473684210526,3082.8476315789476,76
14513,3,11.3201,8,227.8338028169014,987.8436619718309,179.28169014084506,3156.3357746478873,71
14520,3,11.3900x0,5,108.54111111111112,966.6729629629629,316.7096296296296,2649.8292592592593,27
14521,3,11.3900x0,6,160.24763157894736,1025.7452631578947,382.82605263157893,3130.1286842105264,38
14522,3,11.3900x0,8,116.82565217391306,1038.462608695652,491.6408695652174,3313.288695652174,23
14527,3,11.3901,5,180.4217391304348,920.0989130434783,177.25369565217392,2887.3715217391305,46
14528,3,11.3901,6,208.87024390243903,881.7560975609756,306.53170731707314,3062.857073170732,41
14529,3,11.3901,8,234.15,1021.9862499999999,367.61275,3464.4315,40
14561,3,13.3x00x0,8,638.2872222222222,1426.6666666666667,279.4144444444444,3949.378333333333,36
14564,3,13.4100,5,1948.3352083333332,962.2416666666667,224.9070833333333,5890.755625000001,48
14565,3,13.4100,6,1855.4844554455444,856.0633663366336,185.9118811881188,5509.1871287128715,101
14566,3,13.4100,8,1871.5100440528636,906.4343612334802,211.6044052863436,5660.5851541850225,227
14567,3,13.4100,9,1687.3871028037383,912.1018691588785,252.74429906542056,5537.961588785047,107
14574,3,13.4100x0,4,2037.7828571428572,1095.7380952380952,214.70333333333332,5533.2904761904765,21
14575,3,13.4100x0,5,2080.8784375,1078.8487499999999,246.7979375,5604.5798125,160
14576,3,13.4100x0,6,2137.8723880597017,1125.0028997867803,234.558315565032,5791.5381236673775,469
14577,3,13.4100x0,8,2020.7033190118152,1126.8585714285716,235.43180451127822,5672.839398496241,931
14578,3,13.4100x0,9,1891.0243236714975,1198.480120772947,250.35644927536234,5605.114492753623,414
14580,3,13.4101,6,2112.0207692307695,1407.9653846153847,271.6234615384615,6803.096153846154,26
14581,3,13.4101,8,1860.342972972973,1321.2348648648647,238.24783783783784,6326.751351351351,37
14594,3,13.5900,8,1485.8767741935485,651.1290322580645,282.6454838709677,4068.667419354839,31
14599,3,13.5900x0,8,1649.3913461538464,1076.7961538461539,263.365,4628.810769230769,52
14612,3,13.7100,5,2348.8114285714287,932.6267857142857,188.81857142857143,5954.925,28
14613,3,13.7100,6,2201.8995774647888,891.0908450704225,184.03690140845072,5705.885633802817,71
14614,3,13.7100,8,1901.8426436781608,915.9477011494253,200.66454022988503,5390.477931034483,174
14615,3,13.7100,9,2030.5783529411765,910.0150588235294,186.0604705882353,5308.963294117647,85
14618,3,13.7100x0,5,2040.8252727272727,1428.0709090909093,539.8278181818182,6498.525272727273,55
14619,3,13.7100x0,6,1843.3817714285715,1277.0765714285715,328.76885714285714,5623.0436,175
14620,3,13.7100x0,8,1599.419065934066,1341.0112637362636,258.74565934065936,5317.641675824176,364
14621,3,13.7100x0,9,1544.3464743589743,1342.4070512820513,304.0247435897436,5308.498974358974,156
14697,3,17.1200x0,5,3703.9329032258065,1194.3690322580646,905.5796774193549,9754.069677419355,31
14698,3,17.1200x0,6,4289.053714285715,1395.7542857142857,1088.704,10173.428857142857,35
14699,3,17.1200x0,8,4690.413913043479,1562.3147826086956,1110.452608695652,10534.07304347826,23
14708,3,17.1300x0,4,3446.1566666666663,1123.4503703703704,895.4777777777779,9122.91148148148,27
14709,3,17.1300x0,5,3109.032967032967,1232.7412087912087,821.8224175824175,8910.122527472528,91
14710,3,17.1300x0,6,3680.4565957446807,1548.6996808510637,976.360425531915,10014.770957446808,94
14711,3,17.1300x0,8,3735.753333333333,1729.394623655914,991.9994623655914,10498.48752688172,93
14712,3,17.1300x0,9,3429.011428571429,1838.8000000000002,1043.747619047619,10062.312857142857,21
14792,3,17.91270,5,2.261904761904762,610.447619047619,659.8976190476191,3496.197619047619,21
14798,3,17.912A0,3,12.647704918032787,724.2090163934427,386.97868852459015,3606.2249180327867,61
14799,3,17.912A0,4,22.403658536585365,787.2878048780487,419.65054878048784,3580.078414634146,164
14800,3,17.912A0,5,22.19122077922078,922.1920779220779,541.5017922077922,3981.348285714286,385
14801,3,17.912A0,6,36.824079422382674,1024.0604693140795,808.9918772563177,4549.9034296028885,277
14802,3,17.912A0,8,49.0376897689769,1124.729702970297,937.9184158415843,4608.059636963697,303
14803,3,17.912A0,9,55.459477611940294,1262.126119402985,1247.6823880597015,5190.385895522388,134
14815,3,17.91350,4,22.74875,1086.5208333333333,852.3395833333334,4379.801666666667,24
14816,3,17.91350,5,17.753333333333334,1202.763888888889,896.29125,4476.839583333333,72
14817,3,17.91350,6,19.211153846153845,1239.951923076923,1004.7034615384616,4704.692692307692,52
14818,3,17.91350,8,15.196829268292683,1287.621951219512,1081.2582926829268,4717.644390243902,41
14820,3,17.9200x0,0,71.96391304347826,765.6534782608695,384.1484782608696,2630.4767391304345,46
14824,3,17.9200x0,4,6.7828,984.52,1914.664,7348.1916,25
14825,3,17.9200x0,5,21.96903846153846,1643.2215384615386,1854.0623076923077,6771.6857692307685,52
14826,3,17.9200x0,6,13.023888888888889,1618.7761111111113,1688.5525,6891.964722222223,36
14827,3,17.9200x0,8,14.63357142857143,1624.0492857142856,2049.6360714285715,7645.001785714286,28
14828,3,17.9200x0,9,71.56391304347827,2707.677391304348,1886.3534782608695,10717.640434782608,23
14848,3,17.9500x0,0,61.743479623824456,673.4675026123302,571.4128108672937,2253.746133751306,957
14849,3,17.9500x0,1,46.074615384615385,803.817032967033,660.4998901098901,2544.9728571428573,182
14850,3,17.9500x0,2,62.11889763779527,857.4557480314961,899.538031496063,3404.5823622047246,127
14851,3,17.9500x0,3,46.36005649717514,977.4699435028248,1057.8345762711865,3902.517627118644,177
14852,3,17.9500x0,4,38.676048951048955,1085.1987762237761,1155.476013986014,4099.801118881119,286
14853,3,17.9500x0,5,80.1110625,1250.5420625000002,1374.89878125,4705.5343125,640
14854,3,17.9500x0,6,58.00862542955326,1560.9569931271478,1816.6218384879724,5674.625240549828,582
14855,3,17.9500x0,8,73.86946144430844,1725.7138433292532,1931.5853977968177,5785.022851897184,817
14856,3,17.9500x0,9,78.37277246653919,2075.022600382409,2037.3029254302103,6483.00741873805,523
14870,3,17.95710,5,247.6866129032258,950.7919354838709,1219.3570967741935,3680.7554838709675,62
14871,3,17.95710,6,87.64441860465116,965.9255813953489,1287.2583720930234,3607.9376744186047,43
14872,3,17.95710,8,134.9745945945946,1147.8864864864865,1618.168918918919,4386.765135135135,37
14873,3,17.95710,9,99.36103448275861,1127.355172413793,1102.2137931034483,3426.946551724138,29
14880,3,17.9700x0,0,153.0944,974.1356,236.10080000000002,3922.6567999999997,25
14881,3,17.9700x0,1,112.68921052631578,861.816052631579,337.8728947368421,2373.3205263157893,38
14883,3,17.9700x0,3,128.84484848484848,1257.9966666666667,737.5324242424242,3508.489090909091,33
14884,3,17.9700x0,4,152.89242424242423,1208.8533333333335,587.5136363636364,3413.481818181818,33
14885,3,17.9700x0,5,323.2320353982301,1432.5290265486726,1217.0229203539823,4751.01610619469,113
14886,3,17.9700x0,6,212.72470588235294,1270.692549019608,800.6426470588235,3934.2197058823526,102
14887,3,17.9700x0,8,252.5091346153846,1712.660096153846,1212.2315384615385,5108.810673076923,104
14888,3,17.9700x0,9,342.0656603773585,1945.393962264151,1298.2390566037736,5486.779433962264,53
14965,3,17.98330,5,320.8077272727273,915.4636363636364,1357.7177272727274,5132.747727272727,22
14997,3,18.1100,0,50.59516129032258,957.332258064516,488.3216129032258,2258.363548387097,31
15001,3,18.1100,4,24.552758620689655,1292.2241379310344,828.0193103448277,2759.9289655172415,29
15002,3,18.1100,5,31.33679245283019,1314.5169811320754,860.1354716981132,3030.050377358491,53
15003,3,18.1100,6,34.09676470588235,1892.0735294117646,1597.0658823529411,4636.717352941177,34
15004,3,18.1100,8,44.507948717948715,2187.9435897435897,1427.7479487179487,4690.34641025641,39
15039,3,18.2900x0,5,177.9041666666667,1122.1208333333334,465.1525,3168.429583333333,24
15040,3,18.2900x0,6,196.87130434782608,1540.8739130434783,751.1839130434782,4566.093913043478,23
15116,3,20.0902,5,59.97,1166.0382352941178,1091.464705882353,3582.7952941176472,34
15117,3,20.0902,6,114.40727272727273,978.1363636363636,1177.3027272727272,3529.129696969697,33
15182,3,21.0300x0,6,262.12782608695653,1121.391304347826,909.8234782608697,3404.305652173913,23
15183,3,21.0300x0,8,139.76238095238097,977.0428571428572,494.8842857142857,2363.935238095238,21
15219,3,21.2100,0,45.39590909090909,851.4954545454547,667.1190909090909,2991.701363636363,22
15224,3,21.2100,5,48.98037037037037,1565.3703703703704,793.7251851851853,3724.54037037037,27
15245,3,21.3102,5,364.0107407407408,1168.8333333333333,1604.0103703703703,8583.887777777778,27
15257,3,21.3104,5,863.7084,1391.494,627.6992,6435.8976,25
15285,3,21.5x00x0,5,292.44413793103445,1390.051724137931,966.671724137931,5645.11724137931,29
15289,3,21.5x01,2,549.2554166666667,1045.7333333333333,1000.6333333333333,6076.414583333334,24
15291,3,21.5x01,4,470.5882142857143,1200.5035714285714,1182.4310714285714,6149.084642857143,28
15292,3,21.5x01,5,489.2590697674419,1162.486046511628,1020.4441860465116,6308.434186046511,43
15323,3,21.7100,1,149.28666666666666,917.6555555555556,440.44666666666666,3030.644444444444,27
15327,3,21.7100,5,273.36153846153843,1349.7653846153846,1698.1265384615385,6076.951923076923,26
15361,3,21.8400x0,5,377.49931034482756,1066.5689655172414,890.438275862069,5334.610689655172,29
15410,3,22.2x01,3,337.05400000000003,960.1360000000001,907.5612,6780.471600000001,25
15411,3,22.2x01,4,343.12275862068964,1287.951724137931,966.1775862068966,7023.929655172414,29
15412,3,22.2x01,5,415.53310810810814,1336.1344594594593,958.2782432432432,7166.43972972973,74
15413,3,22.2x01,6,386.0363636363636,1180.7666666666667,956.3406060606061,7028.285757575757,33
15436,3,22.5002,5,441.5282608695652,1621.8304347826086,1736.088695652174,8944.887826086955,23
15454,3,22.5300,5,600.8969696969697,1451.2818181818184,1460.8169696969696,8690.356666666667,33
15460,3,22.5300x0,3,357.9190476190476,1369.0285714285715,1309.5347619047618,8239.310714285713,42
15461,3,22.5300x0,4,601.7211764705883,1422.7241176470586,1129.3105882352943,7992.651960784314,51
15462,3,22.5300x0,5,502.21959183673465,1505.334693877551,1284.9585714285715,8430.587448979591,98
15463,3,22.5300x0,6,739.9466666666667,1767.1222222222223,1439.022037037037,9099.559074074074,54
15470,3,22.5301,5,704.6474074074074,1715.0288888888888,1500.9425925925925,9525.23851851852,27
15480,3,22.6002,3,531.695,1246.065,1470.1520833333334,7601.424166666667,24
15481,3,22.6002,4,507.1826086956522,1340.1060869565217,1247.2052173913044,7180.501739130435,23
15482,3,22.6002,5,469.13865384615383,1488.0575000000001,1333.4559615384617,7801.85673076923,52
15483,3,22.6002,6,285.2232,1603.5896,1159.464,7344.4536,25
15818,3,28.2x00x0,2,498.65208333333334,1561.95,1245.9854166666667,6450.137083333334,24
15819,3,28.2x00x0,3,530.751,1391.5013333333334,1393.1823333333334,6356.219333333333,30
15821,3,28.2x00x0,5,496.7336363636363,1349.6277272727273,1381.8931818181818,6732.777727272726,22
15825,3,28.2x03,0,1575.282962962963,1377.9788888888888,1219.2388888888888,7185.047777777778,27
15842,3,28.3x01,0,860.2380952380952,1599.204761904762,656.4795238095238,6718.432857142857,21
15865,3,28.6x00x0,0,757.0527586206896,947.948275862069,650.2251724137931,6400.202413793103,29
15882,3,29.1100,0,50.440000000000005,819.5999999999999,697.8345161290322,3173.4616129032256,31
15890,3,29.1100x0,0,102.87692307692308,1042.6076923076923,987.4676923076923,3150.0807692307694,26
15892,3,29.1100x0,2,52.79882352941177,1388.6852941176471,983.7441176470589,3403.444411764706,34
15893,3,29.1100x0,3,54.76313725490196,1187.41,826.2094117647059,2924.7694117647056,51
15894,3,29.1100x0,4,47.394933333333334,1743.4552,726.4457333333334,3534.0896,75
15895,3,29.1100x0,5,68.79839694656489,1847.7256488549617,1081.918854961832,4314.408778625954,131
15896,3,29.1100x0,6,80.88390804597701,2127.9136781609195,1205.262528735632,4680.455172413793,87
15897,3,29.1100x0,8,88.89376470588236,2070.2430588235293,1179.1282352941175,4575.291294117647,85
15898,3,29.1100x0,9,72.40916666666666,2252.442777777778,1742.5558333333333,6056.488888888889,36
15952,3,30.0900x0,4,640.9870833333333,1529.6625000000001,1552.0275000000001,7070.017083333333,24
15953,3,30.0900x0,5,554.5546428571428,1276.7285714285715,1376.162142857143,6267.279642857143,28
15970,3,30.0903,5,358.9179545454545,1551.5090909090907,1083.196590909091,5992.814772727273,44
15981,3,30.0905,3,358.93839999999994,1334.3896,827.8488000000001,5757.5036,25
15982,3,30.0905,4,407.716,1423.304,1092.3124444444443,6105.712444444444,45
15983,3,30.0905,5,396.6386666666667,1504.082222222222,893.7526666666668,5758.450222222223,45
15995,3,30.0911,4,500.1276190476191,1337.2,1165.807619047619,6186.442380952381,21
15996,3,30.0911,5,589.7725641025642,1277.525641025641,1271.2207692307693,6615.260256410256,39
16026,3,31.4200x0,4,86.8884,1594.864,1280.0588,4212.7472,25
16027,3,31.4200x0,5,62.19769230769231,1587.7128205128206,1495.3458974358973,4225.53717948718,39
16028,3,31.4200x0,6,85.58741935483872,1978.842258064516,1523.6051612903227,4650.247096774194,31
16029,3,31.4200x0,8,70.88227272727273,1936.05,1718.065909090909,4758.637727272727,22
16033,3,31.4201,2,64.34809523809524,1295.3857142857141,867.1442857142856,3021.7961904761905,21
16034,3,31.4201,3,64.52,1135.6758620689654,862.8268965517241,2832.1424137931035,29
16035,3,31.4201,4,52.56782608695652,1699.6804347826087,1294.554347826087,4133.003043478261,46
16036,3,31.4201,5,45.458000000000006,1682.1168421052632,1255.3847368421052,3907.3554736842107,95
16037,3,31.4201,6,79.75517857142857,1893.0830357142856,1627.9485714285713,4817.032321428572,56
16038,3,31.4201,8,69.72653846153847,2104.85,2054.070192307692,5462.829423076923,52
16136,3,33.2200x0,5,206.16309523809525,2616.2352380952384,1902.3019047619046,6729.565,42
16137,3,33.2200x0,6,166.8355,2978.52975,2362.4985,7952.75275,40
16138,3,33.2200x0,8,283.60901960784315,3546.599411764706,2897.965882352941,9460.805098039216,51
16146,3,33.2302,4,148.6862068965517,2431.2506896551727,1715.8013793103448,5764.896551724138,29
16147,3,33.2302,5,182.09873015873015,2621.1115873015874,2141.4807936507937,6719.511111111111,63
16148,3,33.2302,6,214.83237288135595,3055.588474576271,2945.732203389831,9036.983559322034,59
16149,3,33.2302,8,270.4538888888889,3791.150416666667,3357.9018055555553,9849.435277777777,72
16150,3,33.2302,9,416.2532,5155.76,7544.4764000000005,17487.74,25
16162,3,33.2400x0,5,176.04500000000002,2528.483846153846,1755.0642307692308,6425.72,52
16163,3,33.2400x0,6,203.4961904761905,3094.4238095238097,2071.9992857142856,7073.278333333334,42
16164,3,33.2400x0,8,197.1648148148148,3403.3722222222223,2514.03962962963,8895.113888888889,54
16165,3,33.2400x0,9,331.5473333333333,3123.575,3152.5299999999997,11176.763,30
16174,3,33.2403,2,129.90550000000002,1558.2405,1091.40075,4258.7425,40
16175,3,33.2403,3,267.70192982456143,1957.0392982456142,1820.082456140351,7201.479298245614,57
16176,3,33.2403,4,232.77356435643566,2336.238118811881,2366.1355445544555,8263.741782178218,101
16177,3,33.2403,5,208.33291666666668,2403.148143939394,2071.157878787879,6873.5346590909085,264
16178,3,33.2403,6,260.32004464285717,2843.8370982142856,2598.0531696428575,8599.839241071428,224
16179,3,33.2403,8,282.8161788617886,3019.3218699186996,2674.797723577236,9008.906991869919,246
16180,3,33.2403,9,462.4030188679245,4193.566320754717,4177.048773584906,13300.41396226415,106
16195,3,33.2600x0,5,888.7570833333333,3046.8441666666663,1726.7908333333335,7519.3670833333335,24
16196,3,33.2600x0,6,1133.6996774193549,4093.576451612903,3432.858387096774,11930.292580645162,31
16197,3,33.2600x0,8,1113.556111111111,4055.9796296296295,2641.495925925926,11234.451111111111,54
16243,3,34.0401,1,209.7279166666667,1277.1258333333333,856.875,4392.447916666667,24
16244,3,34.0401,2,397.86536585365855,1993.4565853658537,1605.8226829268292,6255.803658536585,41
16245,3,34.0401,3,759.6422222222221,2265.862962962963,1626.4581481481482,8087.850740740741,27
16246,3,34.0401,4,608.2352307692308,2320.628769230769,1932.269846153846,7902.299076923077,65
16247,3,34.0401,5,1023.5898159509202,2967.445398773006,3146.544539877301,10959.022515337423,163
16248,3,34.0401,6,1045.4838974358975,2958.1799487179487,2976.9198461538463,10634.592307692308,195
16249,3,34.0401,8,505.97150627615065,3267.854895397489,2895.284518828452,10177.219246861925,239
16250,3,34.0401,9,506.31574766355146,3947.9611214953275,3616.678691588785,12715.982523364484,214
16308,3,34.9100,5,274.82068965517243,2371.1451724137933,2496.398620689655,8760.233103448276,29
16309,3,34.9100,6,340.9689583333333,3625.379375,3946.293125,11601.141458333334,48
16310,3,34.9100,8,405.7043661971831,3583.8422535211266,2981.661549295775,10089.895352112675,71
16311,3,34.9100,9,385.70406779661016,3674.1876271186443,4010.1491525423726,12438.651186440678,59
16317,3,34.9101,4,364.93689655172415,3024.0679310344826,2557.1951724137934,8838.137586206896,29
16318,3,34.9101,5,517.9544927536232,3217.239275362319,3265.570579710145,10114.246376811594,69
16319,3,34.9101,6,497.1741573033708,3618.3333707865168,3625.706179775281,10912.489550561797,89
16320,3,34.9101,8,346.46040268456375,3152.391476510067,2612.900134228188,9116.217248322147,149
16321,3,34.9101,9,422.0924390243903,3370.5242276422764,3335.0984552845525,11014.718699186991,123
16332,3,34.9103,8,586.11625,3977.65,3834.0991666666664,13388.002083333333,24
16356,3,36.0700,5,8893.45806451613,2552.5354838709677,2437.334516129032,22886.455806451613,31
16357,3,36.0700,6,10927.7403125,3065.421875,2450.97875,26253.048125,32
16358,3,36.0700,8,11367.934687500001,3266.4403125,3077.01390625,28407.27015625,64
16359,3,36.0700,9,11287.898799999999,4708.0368,3964.8559999999998,32017.452400000002,25
16437,3,38.5901,4,702.1082857142858,1663.4457142857143,1075.0222857142858,6960.307142857143,35
16438,3,38.5901,5,660.973046875,1652.8475,1021.3577343750001,7029.399375,128
16439,3,38.5901,6,623.2257142857143,1829.558761904762,968.6160952380952,7197.264095238095,105
16440,3,38.5901,8,594.2490789473684,2042.4177631578948,1444.2909210526316,8004.626184210526,76
16501,3,38.9301,5,1813.1691666666666,3145.585416666667,7367.593333333333,17918.4925,24
16502,3,38.9301,6,2150.886,4361.352,7998.015666666667,20769.999333333333,30
16503,3,38.9301,8,1272.133,5104.22,8732.562333333333,24698.194666666666,30
16504,3,38.9301,9,1776.8524137931036,6667.493448275862,9867.301034482758,27837.12172413793,29
16508,3,38.9302,4,272.3105357142857,3167.589285714286,6208.025892857143,15372.907321428573,56
16509,3,38.9302,5,654.422705882353,3334.1964705882356,6545.678411764707,15587.46682352941,170
16510,3,38.9302,6,360.09507246376813,3201.5478985507243,5908.595579710145,13531.733405797102,138
16511,3,38.9302,8,803.2023931623932,4102.383760683761,7362.763504273504,17966.714188034188,117
16512,3,38.9302,9,969.0346268656716,7178.186567164179,9948.348059701491,28588.525970149254,67
16516,3,38.9303,4,1149.2526666666668,5047.652666666666,5542.894666666666,17092.982,30
16517,3,38.9303,5,617.8001754385965,4744.187894736842,4280.984912280702,14485.228245614035,57
16518,3,38.9303,6,981.0122727272727,5311.571818181818,5970.119848484848,19355.85712121212,66
16519,3,38.9303,8,1474.4063793103448,7196.951206896551,7641.181293103448,24956.73198275862,116
16520,3,38.9303,9,1283.5697350993378,8450.882516556292,8656.318874172184,27863.596158940396,151
16525,3,38.9304,5,923.7624999999999,4161.289583333333,5487.666249999999,18917.0425,24
16526,3,38.9304,6,729.868,4039.7952,5281.915599999999,15544.3124,25
16527,3,38.9304,8,788.5511111111111,4117.077777777778,4353.447407407408,14299.234074074075,27
16528,3,38.9304,9,1199.8988888888891,7604.41925925926,10935.520740740742,30701.416666666668,27
16554,3,38.9700x0,6,991.2991666666667,4608.2375,4418.93875,16702.5275,24
16555,3,38.9700x0,8,837.1228,4921.184,5940.2176,27197.3004,25
16564,3,38.9800,9,1480.6318181818183,10494.736818181818,7557.5477272727285,25122.199090909093,22
16568,3,38.9800x0,3,1045.7461904761903,5500.952380952381,2990.230952380952,13272.262857142858,21
16570,3,38.9800x0,5,2593.9840350877193,5236.3403508771935,3475.438245614035,16685.020701754387,57
16571,3,38.9800x0,6,1072.5157692307691,3919.3076923076924,3048.795769230769,11231.533461538462,26
16572,3,38.9800x0,8,1301.9765909090909,5416.632045454546,3620.7195454545454,15423.077954545453,44
16573,3,38.9800x0,9,983.6903846153847,6328.167692307692,4108.123076923077,15945.738846153847,26
16575,3,38.9900,0,88.12872340425533,511.3212765957447,757.093085106383,2367.515425531915,94
16581,3,38.9900x0,0,0.0,399.189898989899,355.58222222222224,1434.179898989899,99
16607,3,39.2700x0,5,1831.8512,2407.958,1399.1401999999998,9594.8502,50
16608,3,39.2700x0,6,1440.3056,2433.264,1588.6452,9314.8212,25
16609,3,39.2700x0,8,1892.3854838709676,2737.8790322580644,1495.5764516129034,10494.565806451612,31
16669,3,39.5000x0,5,11741.410655737705,2192.7032786885243,677.2418032786885,18987.069344262294,61
16670,3,39.5000x0,6,11845.123448275863,2298.7144827586208,749.8913793103447,19374.93413793103,29
16671,3,39.5000x0,8,14939.256666666668,2436.3836363636365,1474.9993939393937,24221.641212121212,33
16715,3,39.7903,5,2254.481739130435,2054.604347826087,4260.1321739130435,17858.73956521739,23
16738,3,39.9500,2,1813.448275862069,2250.267586206897,3351.384482758621,19072.62103448276,29
16739,3,39.9500,3,1696.4540384615384,1935.3115384615385,3519.0990384615384,16830.087115384616,52
16740,3,39.9500,4,2200.272857142857,2270.7258503401363,4012.0474149659863,20861.493333333332,147
16741,3,39.9500,5,1848.307709923664,2429.980572519084,3593.1546946564886,18314.127786259545,262
16742,3,39.9500,6,1514.5618134715025,2792.431554404145,3378.166062176166,17249.478808290158,193
16743,3,39.9500,8,1344.0752020202021,3118.3522222222223,3448.108080808081,16938.640505050505,198
16744,3,39.9500,9,1042.820625,3584.8459375,3439.0302083333336,16506.485208333335,96
16877,3,41.3800x0,5,83.12782608695652,2687.144347826087,2376.2004347826087,6383.006956521739,23
16879,3,41.3800x0,8,172.05846153846153,2624.35641025641,1429.628205128205,6564.007435897436,39
16887,3,41.5x00,5,3153.4623333333334,5000.332333333334,5785.1089999999995,23299.446666666667,30
16918,3,42.3300x0,5,142.5109756097561,2394.5536585365853,1365.3224390243902,7410.624390243902,41
16924,3,42.3301,5,291.1196551724138,1913.9137931034484,1540.0875862068965,5660.123103448276,29
16935,3,42.3304,5,315.4439130434783,2022.908695652174,950.9995652173913,5984.711739130435,23
17018,3,43.4100x0,5,1096.873,1718.7666666666667,1464.1213333333333,6911.691000000001,30
17024,3,43.4101,5,186.71428571428572,2144.9821428571427,767.9639285714286,4332.688214285715,28
17030,3,43.4105,2,365.6695454545454,1574.1363636363637,785.0309090909091,4073.6504545454545,22
17031,3,43.4105,3,347.36894736842106,1720.307894736842,900.0044736842104,4690.358289473684,76
17032,3,43.4105,4,317.15867469879515,1691.3602409638554,935.1977911646586,4975.736746987952,249
17033,3,43.4105,5,308.41471819645733,1815.937391304348,1059.1787600644122,5417.015281803543,621
17034,3,43.4105,6,356.7150439882698,1923.4343401759531,1168.7628152492669,5880.700821114369,341
17035,3,43.4105,8,327.5061722488038,2209.9707177033492,1356.8136363636363,6394.614593301435,209
17036,3,43.4105,9,202.7076,2518.424,1643.8608,6465.2432,25
17046,3,43.4108,5,854.6624,1744.388,866.8366000000001,5766.0036,50
17047,3,43.4108,6,688.0002941176472,1946.9911764705882,891.9235294117648,6197.935882352941,34
17101,3,44.1100,4,100.15869565217392,1518.5434782608695,910.0821739130434,3613.581739130435,23
17102,3,44.1100,5,302.0817391304348,1796.6695652173914,1264.214347826087,4874.676956521739,23
17110,3,44.1300,2,116.90864864864865,1240.7486486486487,1123.9710810810811,3587.4583783783783,37
17111,3,44.1300,3,87.52616438356164,1599.2780821917809,1267.1499999999999,4203.548356164384,73
17112,3,44.1300,4,88.04458333333334,1736.074523809524,1125.985892857143,4293.640714285714,168
17113,3,44.1300,5,87.10040100250626,2025.9777443609023,1545.8198496240602,5203.9866416040095,399
17114,3,44.1300,6,223.99130597014928,2033.8851119402984,1642.8564925373134,5644.014962686567,268
17115,3,44.1300,8,96.7888679245283,2156.21720754717,1927.3045283018869,6010.147056603773,265
17116,3,44.1300,9,171.51552238805968,2523.344776119403,2191.515074626866,7588.116865671642,67
17119,3,44.13001,4,108.90260869565216,2752.3704347826088,1973.9739130434784,6200.768695652174,23
17120,3,44.13001,5,186.92326530612243,3496.108163265306,2402.7855102040817,7759.878163265305,49
17121,3,44.13001,6,186.7815,3162.4285,2593.40275,7208.8505000000005,40
17126,3,44.1300x0,1,59.16076923076923,1097.3615384615384,571.6253846153846,2609.8032051282053,78
17127,3,44.1300x0,2,74.53951515151516,1454.9998787878787,989.2690303030304,3513.575090909091,165
17128,3,44.1300x0,3,91.88716080402011,1706.3659296482413,1047.4516080402009,3939.1050251256283,398
17129,3,44.1300x0,4,83.37558645707377,1865.6253325272066,1062.04022974607,4129.014171704958,827
17130,3,44.1300x0,5,106.71823235130628,2071.4047581989994,1253.0025125069483,4743.120961645358,1799
17131,3,44.1300x0,6,126.29547282204021,2213.926262099777,1473.9591362621,5328.451012658228,1343
17132,3,44.1300x0,8,136.2126474622771,2376.9115020576132,1671.55231824417,5789.55938957476,1458
17133,3,44.1300x0,9,166.77305177111717,2625.04863760218,1877.9650408719347,6670.026294277929,367
17143,3,44.1400,5,130.3539393939394,2664.2606060606063,1333.700606060606,6343.047575757576,33
17144,3,44.1400,6,149.76103448275862,3295.3482758620694,2008.0979310344826,8371.804482758622,29
17145,3,44.1400,8,147.39000000000001,2721.689189189189,2017.1878378378378,7231.679729729731,37
17156,3,44.1401,3,177.2116,1928.524,893.1132000000001,4207.7188,25
17157,3,44.1401,4,172.1124074074074,2465.3722222222223,1282.7875925925925,5625.458333333333,54
17158,3,44.1401,5,133.71366279069767,2442.0180232558137,1366.0859302325582,5430.03976744186,172
17159,3,44.1401,6,143.6326219512195,2556.0628048780486,1556.2001829268293,5768.0895731707315,164
17160,3,44.1401,8,192.66769230769228,2874.0852747252748,1636.5817032967034,6765.598296703296,182
17161,3,44.1401,9,182.36818181818182,3047.502,1948.152,7094.426545454546,55
17217,3,44.4300x0,5,105.06569230769232,3574.993692307692,1054.4415384615384,7303.074769230769,65
17218,3,44.4300x0,6,150.444,3558.373777777778,1249.2624444444443,7419.073555555556,45
17219,3,44.4300x0,8,248.39000000000001,4338.221034482759,2346.686551724138,10593.309310344826,29
17276,3,45.1300x0,2,100.32043478260869,1429.5304347826086,601.155652173913,2817.2465217391305,23
17277,3,45.1300x0,3,80.15823529411765,1662.9264705882354,663.8632352941177,3307.0041176470586,34
17278,3,45.1300x0,4,119.4487341772152,2059.926582278481,880.8660759493671,4196.225822784811,79
17279,3,45.1300x0,5,137.5063,1998.65945,990.8462,4180.53255,200
17280,3,45.1300x0,6,165.7650724637681,2319.6307971014494,1161.5651449275363,5047.091376811594,138
17281,3,45.1300x0,8,152.1123076923077,2327.6884615384615,1223.8317307692307,5319.238333333334,156
17282,3,45.1300x0,9,171.0965,2798.02625,1705.2459999999999,6742.26375,40
17294,3,45.1600,4,154.4792,1544.16,885.7228,3624.4556,25
17295,3,45.1600,5,141.36016949152543,1766.1796610169492,1042.4157627118643,3905.532711864407,59
17296,3,45.1600,6,128.34354166666665,1967.6375,1222.9614583333334,4577.0564583333335,48
17297,3,45.1600,8,136.49525,2793.94,1579.116,6223.103,40
17298,3,45.1600,9,144.24409090909091,2741.6136363636365,1558.2045454545455,6139.648636363636,22
17303,3,45.1600x0,6,138.1481818181818,2588.609090909091,1289.7431818181817,5482.026818181818,22
17309,3,45.2300,3,136.2204761904762,1633.1166666666666,1169.395238095238,4294.961904761904,42
17310,3,45.2300,4,110.25862500000001,1628.307625,978.1088750000001,4069.603875,80
17311,3,45.2300,5,117.50188888888889,1889.7400555555557,1073.2216666666666,4351.812555555555,180
17312,3,45.2300,6,142.4810465116279,2173.8855813953487,1360.1574418604653,5292.033372093023,86
17313,3,45.2300,8,157.6326168224299,2067.352523364486,1286.1655140186915,4955.016448598131,107
17314,3,45.2300,9,124.03942857142857,2511.7085714285713,2195.811142857143,6436.91,35
17317,3,45.23003,6,163.23142857142858,3399.6666666666665,2647.412380952381,7374.953333333333,21
17328,3,45.2302,2,71.1840625,1282.340625,621.9965625,2869.5840625,32
17329,3,45.2302,3,97.07424657534247,1520.3410958904108,904.6468493150685,3650.239452054794,73
17330,3,45.2302,4,120.72561538461538,1694.9767692307694,865.4063076923078,3732.2188461538462,130
17331,3,45.2302,5,168.50315972222222,1884.0334027777778,967.4664930555555,4290.270312500001,288
17332,3,45.2302,6,123.33173515981736,2130.2803652968037,1173.4375342465753,4765.543607305936,219
17333,3,45.2302,8,154.51488151658768,2380.615165876777,1296.1676303317536,5430.067962085309,211
17334,3,45.2302,9,118.05734375,2308.396875,1548.475,5564.806875,64
17350,3,45.2501,5,241.57967741935485,2182.8322580645163,953.4787096774194,5133.2009677419355,31
17351,3,45.2501,6,180.16918918918918,2843.745945945946,1336.6302702702703,6308.024594594594,37
17352,3,45.2501,8,250.2621212121212,2350.4121212121213,1058.6866666666667,5551.851212121212,33
17412,3,45.4200,3,209.51319999999998,1912.04,582.6598,4665.8428,50
17413,3,45.4200,4,273.5903597122302,2035.9669064748202,899.8450359712231,5379.168129496403,139
17414,3,45.4200,5,303.5372905027933,2120.336620111732,894.2853631284916,5523.268156424581,358
17415,3,45.4200,6,355.6551923076923,2211.225,1078.6108653846154,6110.477644230769,208
17416,3,45.4200,8,384.99686274509804,2449.357843137255,1083.9069607843137,6366.785392156863,102
17426,3,45.42007,5,1631.9677272727274,3202.659090909091,1193.0259090909092,7730.652727272726,22
17427,3,45.42007,6,1701.8232142857144,2938.0714285714284,1485.4139285714286,7616.772857142857,28
17432,3,45.4200x0,3,553.4454054054054,1481.7027027027027,699.0683783783784,4449.907837837838,37
17433,3,45.4200x0,4,413.74201298701297,1693.155974025974,925.3491558441558,5137.496298701299,154
17434,3,45.4200x0,5,527.1239047619048,1874.394507936508,950.0080317460319,5416.564222222222,315
17435,3,45.4200x0,6,512.2396858638743,2008.498272251309,1148.9712041884816,5832.643769633508,191
17436,3,45.4200x0,8,628.3579720279721,2028.332937062937,1202.738111888112,6212.8969230769235,143
17437,3,45.4200x0,9,686.2096296296296,2256.3037037037034,1484.5744444444445,6795.013703703704,27
17439,3,45.4201,3,605.3978260869565,1755.0095652173914,881.6191304347827,5394.834347826087,23
17440,3,45.4201,4,526.9945,1992.95,941.221,5269.819,60
17441,3,45.4201,5,497.56597402597407,2038.665909090909,945.5640259740261,5591.903181818182,154
17442,3,45.4201,6,609.7839759036144,2325.087951807229,924.2312048192771,5980.197831325301,83
17443,3,45.4201,8,593.7821212121213,2463.0813636363637,1202.8595454545455,6521.3128787878795,66
17448,3,45.4202,5,344.28333333333336,2177.266666666667,1214.6699999999998,5640.9839999999995,30
17459,3,45.4300x0,3,755.3708695652174,2108.439565217391,638.2734782608695,5041.395217391304,23
17460,3,45.4300x0,4,682.1943010752689,1981.7905376344086,730.3358064516128,5606.481935483871,93
17461,3,45.4300x0,5,721.4932352941177,2388.860833333333,851.5421078431373,6266.399656862745,204
17462,3,45.4300x0,6,1050.0304347826086,2706.5325217391305,1132.0117391304348,7377.965739130435,115
17463,3,45.4300x0,8,940.3998630136987,2812.2087671232875,1127.668082191781,7557.972602739726,73
17472,3,45.4302,4,558.7718390804598,1413.8954022988505,772.1793103448276,5031.75,87
17473,3,45.4302,5,596.4234199134199,1804.3654112554111,942.3658441558442,5796.607662337663,231
17474,3,45.4302,6,692.3324166666666,1894.5858333333333,1088.8464166666668,6382.0,120
17475,3,45.4302,8,645.670641025641,2123.721794871795,1349.1383333333335,6873.934743589744,78
17495,3,45.4307,5,677.2418421052632,710.142105263158,424.11763157894734,3822.1186842105267,38
17496,3,45.4307,6,1186.0842857142857,1481.0678571428573,1065.4857142857143,5682.506071428572,28
17686,3,47.0100,0,1363.2244444444445,1281.431746031746,964.3563492063491,7314.186507936508,126
17687,3,47.0100,1,1411.700543478261,1349.997214673913,1324.8812635869565,7545.301182065217,736
17688,3,47.0100,2,1376.5188715277777,1455.9494444444445,1661.3271006944444,8069.895590277778,576
17689,3,47.0100,3,1394.9271082621083,1495.5455128205128,1662.9167094017093,8105.77047008547,702
17690,3,47.0100,4,1396.705380116959,1592.2439473684212,1861.0384064327486,8545.186257309942,684
17691,3,47.0100,5,1414.1084318181818,1687.218943181818,1846.6080227272728,8546.00909090909,880
17692,3,47.0100,6,1394.0507918552034,1935.791674208145,1974.2465837104073,9022.446380090498,442
17693,3,47.0100,8,1453.154048582996,2276.297165991903,2083.3415789473684,9739.824493927124,247
17694,3,47.0100,9,1391.6317460317462,2585.2492063492064,2203.2579365079364,10338.215555555555,63
17708,3,47.0901,0,489.39825,1278.308,865.8,5554.8435,40
17709,3,47.0901,1,488.87857142857143,1231.5369047619047,1178.0845238095237,6000.452222222222,126
17710,3,47.0901,2,493.1663636363636,1394.0468831168832,1362.4150649350647,5988.859480519481,77
17711,3,47.0901,3,519.7921875000001,1415.0444791666666,1810.5389583333333,6886.405520833334,96
17712,3,47.0901,4,481.34358490566035,1695.7706603773586,1811.3230188679245,7334.181886792453,106
17713,3,47.0901,5,588.8331297709924,1710.0253435114505,1797.2625190839697,7572.471984732824,131
17714,3,47.0901,6,628.2989411764706,1936.5331764705884,1912.221294117647,7803.61,85
17715,3,47.0901,8,1054.6226666666666,2596.045833333333,2411.6213333333335,10042.271666666667,60
17716,3,47.0901,9,797.5872,2768.9308,2262.5508,9749.0536,25
17792,3,48.3508,4,521.8144,1990.576,917.158,5820.795999999999,25
17793,3,48.3508,5,796.1822950819673,1941.032786885246,988.7590163934427,6259.9878688524595,61
17794,3,48.3508,6,601.1472413793103,2478.9517241379313,1127.0541379310346,7001.267241379311,29
17795,3,48.3508,8,1013.7995652173913,2609.5847826086956,1521.557391304348,8919.181739130434,23
17808,3,48.3510,5,719.0497222222223,1934.986111111111,887.0636111111112,5551.4825,36
17809,3,48.3510,6,1012.286875,1912.6,968.4765625,6063.144375,32
17816,3,48.3600,3,406.29083333333335,941.1468333333333,1052.1051666666667,5085.059166666667,60
17817,3,48.3600,4,580.3522535211268,1149.4866197183098,1150.8795774647888,5420.902112676056,142
17818,3,48.3600,5,644.3917365269461,1552.896107784431,1196.7141017964072,6233.2774251497,334
17819,3,48.3600,6,670.8521022727273,1611.0738636363637,1345.0004545454544,6585.027897727272,176
17820,3,48.3600,8,794.5647126436783,1774.1793103448276,1443.2741379310346,7175.999540229885,87
17823,3,48.3600x0,4,155.3793103448276,897.8275862068965,453.92931034482757,3709.8189655172414,29
17824,3,48.3600x0,5,288.6746875,1167.6875,526.3721875,4303.775,64
17825,3,48.3600x0,6,479.8611111111111,1099.513888888889,574.7255555555555,4512.450555555555,36
17831,3,48.3601,4,600.7697222222222,1392.7444444444445,914.7624999999999,5085.6525,36
17832,3,48.3601,5,546.545,1687.0710526315788,1131.7611842105264,5989.1089473684215,76
17833,3,48.3601,6,488.96021276595746,1643.0948936170214,1355.1817021276595,6691.007021276596,47
17834,3,48.3601,8,386.1875,2377.1875,1774.0220833333333,7965.687083333333,24
17838,3,48.3602,4,380.976,1283.6128571428571,699.1154285714287,4534.112714285715,70
17839,3,48.3602,5,451.1540131578948,1392.7059210526315,908.0061184210526,4890.804210526316,152
17840,3,48.3602,6,499.2705555555556,1859.6347222222223,1022.8376388888888,5578.3375,72
17841,3,48.3602,8,596.8757142857143,2084.005,1395.0680952380953,6571.339285714285,42
17845,3,48.3603,4,311.01978260869566,2421.1160869565215,1001.671956521739,5572.247173913043,46
17846,3,48.3603,5,502.169175257732,2150.884948453608,1173.9446391752579,5787.251649484537,97
17847,3,48.3603,6,532.2525555555555,2633.980666666667,1249.1286666666667,6589.553555555555,90
17848,3,48.3603,8,328.5957142857143,2950.285714285714,1332.4814285714288,6743.136428571429,28
17910,3,48.6900x0,8,9976.56409090909,7357.846818181818,6561.922272727273,37756.92727272728,22
17953,3,48.7601,5,296.5093103448276,1057.4344827586206,2362.0703448275863,8511.02,29
17986,3,49.0100,2,212.55346153846156,1056.825,1687.1088461538461,6317.161538461539,26
17987,3,49.0100,3,169.77708333333334,1108.6533333333334,1484.24125,5457.69625,24
17988,3,49.0100,4,139.53454545454545,1106.3613636363636,1244.9913636363638,5467.688636363637,22
17989,3,49.0100,5,250.42576923076922,1120.8742307692307,1642.5096153846155,6655.588461538461,26
18005,3,49.0100x0,2,209.61066666666665,1072.287,1248.6948333333335,4826.835999999999,60
18006,3,49.0100x0,3,374.103125,1101.453125,1244.561125,5037.735624999999,80
18007,3,49.0100x0,4,230.90333333333334,1197.0669333333333,1373.6736,5723.297733333334,75
18008,3,49.0100x0,5,348.31727272727267,1365.5460606060606,1643.48898989899,6148.202222222222,99
18009,3,49.0100x0,6,263.575,1497.8915625,1599.3540625,6348.4465625,32
18032,3,49.0400x0,1,244.4618181818182,1045.1045454545454,1135.0386363636362,5162.483636363636,22
18033,3,49.0400x0,2,343.0622826086956,995.9194565217391,1211.8258695652173,5519.211956521739,92
18034,3,49.0400x0,3,332.35333333333335,1043.068085106383,1352.1775886524824,6043.202765957447,141
18035,3,49.0400x0,4,409.64096,1239.5098400000002,1295.54608,6454.22336,125
18036,3,49.0400x0,5,351.8302564102564,1211.9397435897438,1270.0176923076924,6138.239145299145,117
18037,3,49.0400x0,6,410.25295454545454,1230.1000000000001,1314.220681818182,6344.772727272727,44
18056,3,49.1200,2,331.47369565217394,1108.2413043478261,1202.8578260869565,5728.575217391305,46
18057,3,49.1200,3,491.6622950819672,1245.7770491803278,1386.2462295081968,6220.6598360655735,61
18058,3,49.1200,4,288.839393939394,1230.7065151515153,1383.0616666666667,6567.708939393939,66
18059,3,49.1200,5,313.9161904761905,1357.9079365079365,1410.6266666666666,6491.453650793651,63
18079,3,49.3901,3,260.8644444444445,1027.1518518518517,1266.2692592592591,6598.5285185185185,27
18080,3,49.3901,4,218.91470588235296,1086.2264705882353,1287.6323529411766,6312.489411764706,34
18081,3,49.3901,5,194.6593023255814,933.4046511627907,1438.2316279069767,6478.611395348837,43
18093,3,49.3906,3,95.1345,1054.7024999999999,1161.48425,5807.2855,40
18094,3,49.3906,4,182.35037735849056,1079.2264150943397,1334.8662264150944,6210.43716981132,53
18095,3,49.3906,5,169.07111111111112,1126.4407407407407,1196.398888888889,6298.898703703703,54
18096,3,49.3906,6,79.88689655172415,1175.8758620689655,1192.5296551724139,6198.47551724138,29
18113,3,49.4200,3,198.3568,891.87,1784.6156,7184.8548,25
18114,3,49.4200,4,190.27382352941177,847.1264705882353,1858.865294117647,7501.585588235294,34
18115,3,49.4200,5,262.336511627907,877.153488372093,1789.1083720930233,7243.869534883721,43
18120,3,49.4200x0,2,226.8451724137931,905.3327586206897,1799.078103448276,7529.571206896552,58
18121,3,49.4200x0,3,215.22577777777778,875.4385185185185,1937.877037037037,8150.334962962963,135
18122,3,49.4200x0,4,311.89429378531077,907.6785310734464,1919.2036158192088,8282.5902259887,177
18123,3,49.4200x0,5,199.8175799086758,890.4310502283105,1886.0288584474886,8064.253150684931,219
18124,3,49.4200x0,6,263.2796739130435,1040.3304347826086,1899.9346739130433,8272.71554347826,92
18125,3,49.4200x0,8,193.459,1059.03,1817.97475,8050.2392500000005,40
18129,3,49.4500,2,548.3077586206897,1007.331551724138,1329.3541379310343,5854.477413793104,58
18130,3,49.4500,3,787.667596153846,956.6292307692308,1257.0108653846155,6218.759615384615,104
18131,3,49.4500,4,529.2068275862069,974.8250344827586,1289.1058620689655,5960.9817241379305,145
18132,3,49.4500,5,635.3590506329114,1043.5444936708861,1267.0543670886075,6155.452531645569,158
18133,3,49.4500,6,573.5077777777778,1213.6037037037038,1328.6846296296296,5966.347592592593,54
18134,3,49.4500,8,495.687,1335.1083333333333,1776.3903333333333,7256.92,30
18139,3,49.4500x0,1,429.5106666666667,996.6933333333333,1039.8093333333334,5404.616666666667,30
18140,3,49.4500x0,2,617.7992349726776,967.0028415300546,1161.3921857923497,5567.440327868852,183
18141,3,49.4500x0,3,716.7971098265896,1052.9211271676302,1197.439710982659,5948.941184971098,346
18142,3,49.4500x0,4,637.7258371040724,1038.9169004524888,1203.4215837104073,5963.75092760181,442
18143,3,49.4500x0,5,678.8156294964028,1061.175917266187,1217.5020143884892,6120.065881294964,556
18144,3,49.4500x0,6,597.5379710144928,1216.823768115942,1357.3899516908211,6498.621014492754,207
18145,3,49.4500x0,8,577.2042857142858,1148.3765306122448,1408.055,6402.109387755102,98
18148,3,49.4600,1,349.10441176470584,765.5661764705883,781.0017647058824,4758.842941176471,34
18149,3,49.4600,2,670.1054022988505,1040.9451149425288,1144.4475287356322,6147.1585632183915,174
18150,3,49.4600,3,592.3694879518073,992.5196987951807,1251.6600903614458,6187.426837349398,332
18151,3,49.4600,4,631.3274321503133,1048.0701043841336,1151.1349895615867,6023.453089770354,479
18152,3,49.4600,5,645.0005546218488,1081.577025210084,1144.12512605042,6057.775378151261,595
18153,3,49.4600,6,578.0908994708994,1095.05835978836,1201.011216931217,5992.889629629629,189
18154,3,49.4600,8,636.8701098901099,1343.0604395604396,1169.6959340659341,6248.618461538462,91
18165,3,49.4601,5,381.3180952380952,1233.904761904762,990.1628571428571,5438.050476190476,21
18192,3,49.4900x0,3,2312.3682051282053,1330.6384615384616,1052.9446153846154,7814.071282051283,39
18193,3,49.4900x0,4,2133.8861818181817,1255.7963636363636,1090.0481818181818,8062.9729090909095,55
18194,3,49.4900x0,5,2750.123918918919,1553.5962162162161,1057.412027027027,8605.483783783784,74
18195,3,49.4900x0,6,1886.7207142857144,1519.7392857142856,1298.3028571428572,8498.007857142857,28
18199,3,49.4901,2,2205.5055263157897,1035.9684210526316,1363.528947368421,8684.179210526316,38
18200,3,49.4901,3,2137.5447126436784,1084.6885057471263,1562.0610344827585,8961.320114942528,87
18201,3,49.4901,4,2128.466272727273,1115.8231818181819,1624.748090909091,9445.53681818182,110
18202,3,49.4901,5,2023.1429166666667,1216.5137499999998,1628.1880833333335,9411.622083333332,120
18203,3,49.4901,6,1680.9557142857145,1100.6471428571429,1807.3282857142856,10002.885714285714,35
18247,3,49.7300x0,2,522.56525,1078.4180000000001,2415.41,9511.58825,40
18248,3,49.7300x0,3,401.7349295774648,1236.6591549295774,2469.7950704225354,10015.215915492958,71
18249,3,49.7300x0,4,405.7380392156863,1126.621568627451,2318.496862745098,9510.677450980393,51
18250,3,49.7300x0,5,421.68126984126985,1220.779365079365,2283.4292063492067,9669.543968253969,63
18251,3,49.7300x0,6,421.12772727272727,1340.2,2759.126818181818,10558.177272727273,22
18254,3,49.7301,2,271.7078260869566,1084.356956521739,1386.331304347826,5710.712608695651,23
18255,3,49.7301,3,428.8519512195122,1074.301219512195,1227.520243902439,5887.661707317074,41
18256,3,49.7301,4,344.2955,1057.2350000000001,1172.10025,5515.8457499999995,40
18257,3,49.7301,5,405.1915789473684,948.8336842105264,1329.2636842105262,5742.055789473684,38
18264,3,49.7302,5,422.7303846153846,1043.4476923076923,1495.2807692307692,6436.284230769232,26
18424,3,51.2200,8,2115.4748,3399.0268,4120.7336,16142.5252,25
18426,3,51.2300,1,1560.37725,1645.0925,1781.2775000000001,9364.0615,40
18427,3,51.2300,2,1580.713021582734,1609.8770863309353,1486.3187410071941,8337.587949640289,278
18428,3,51.2300,3,1463.9234540389973,1663.5669777158776,1479.581991643454,8566.516852367688,718
18429,3,51.2300,4,1510.264549222798,1738.1166839378238,1616.17985492228,8954.44785492228,965
18430,3,51.2300,5,1515.211573033708,1855.9107276618513,1626.9233921883358,9126.154938469768,1869
18431,3,51.2300,6,1549.057517948718,2021.3619487179487,1703.5493025641026,9530.194984615384,975
18432,3,51.2300,8,1513.455453125,2363.9754375,2127.625078125,10637.267921875,640
18433,3,51.2300,9,1829.654117647059,3128.520588235294,2841.209117647059,13102.148725490195,102
18519,3,51.8803,5,3476.2070833333332,3949.066666666667,4140.949166666666,18890.404166666667,24
18520,3,51.8803,6,3645.4217391304346,3858.7608695652175,4265.686956521739,18489.446086956523,23
18521,3,51.8803,8,3879.753636363637,4423.652121212121,5095.454545454545,20880.443333333333,33
18594,3,53.0001,0,427.7107692307692,731.2784615384616,287.88384615384615,3886.415769230769,26
18598,3,53.0001,5,1749.52,1137.0538888888889,731.8333333333334,6241.427222222223,36
18599,3,53.0001,6,1704.8782,1323.481,988.1125999999999,7055.8616,50
18600,3,53.0001,8,1435.1473529411765,1467.7432352941178,894.4679411764706,7154.677794117647,68
18601,3,53.0001,9,1911.3425,2015.988888888889,1339.0058333333334,9091.959444444445,36
18607,3,53.0002,5,4485.531818181818,1498.140909090909,1202.965,10825.923636363637,22
18634,3,53.0201,8,1526.8828571428571,1345.8242857142857,552.6466666666666,6220.638095238095,21
18636,3,53.0202,0,422.5081132075472,858.8356603773585,424.04377358490564,4124.152641509434,53
18652,3,53.0204,0,1132.6895121951218,750.1490243902439,363.35048780487807,4880.13231707317,82
18666,3,53.0302,5,1564.5618181818181,1199.7204545454545,686.9345454545454,6300.315909090909,22
18667,3,53.0302,6,2098.213947368421,1611.0355263157894,815.2468421052632,7429.588947368421,38
18668,3,53.0302,8,2109.88,1667.9628205128206,815.7720512820513,7670.448974358975,39
18682,3,53.0401,4,2080.014516129032,1442.8290322580644,1040.3293548387096,7384.793548387097,31
18683,3,53.0401,5,1980.8106040268458,1402.9070469798658,872.810067114094,7326.626040268457,149
18684,3,53.0401,6,1844.4610322580647,1406.2487096774194,848.5603225806452,7109.869935483872,155
18685,3,53.0401,8,1886.7890566037738,1690.9641509433961,944.036289308176,7614.324276729561,159
18686,3,53.0401,9,1973.3591764705882,1943.4589411764707,802.1,8053.249411764706,85
18697,3,53.0501,4,2391.1273076923076,1404.1561538461538,852.5073076923077,7651.616538461539,26
18698,3,53.0501,5,2243.1012621359223,1303.244854368932,853.2392233009708,7247.668252427184,103
18699,3,53.0501,6,2006.69375,1454.2173529411764,891.7007352941176,7454.773676470588,136
18700,3,53.0501,8,2145.2527173913045,1568.048043478261,1050.6590217391306,7894.545326086957,184
18701,3,53.0501,9,2447.9509722222224,1888.5947222222223,1146.9716666666668,8805.623055555556,72
18740,3,53.1701,9,4297.478571428572,1777.257142857143,1284.4190476190477,11498.420476190475,21
18761,3,53.2901,8,637.8761904761905,1828.7785714285715,1556.8728571428571,7596.250952380952,21
18844,3,54.1100,3,751.6660869565218,1532.9965217391305,2042.4291304347828,9017.245652173913,23
18846,3,54.1100,5,2496.3942857142856,5447.676190476191,5005.749523809524,22366.166666666668,21
18887,3,54.2100,3,1094.14,1026.7304347826087,1337.3,7908.77652173913,23
18967,3,54.5100x0,3,669.8992307692308,1532.2076923076925,1059.4865384615384,7152.658846153847,26
18997,3,54.5903,2,823.5656521739131,1915.4239130434783,1487.6304347826087,8361.603913043478,23
18998,3,54.5903,3,659.5882142857143,2009.7635714285714,1754.5525,8686.836428571429,28
19033,3,54.9101,4,500.30782608695654,2822.552173913043,3386.67,10364.24347826087,23
19034,3,54.9101,5,460.7753061224489,2787.89306122449,3971.8508163265305,10649.420612244898,98
19035,3,54.9101,6,455.9592105263158,2927.621710526316,3364.5832894736845,9672.936184210526,76
19036,3,54.9101,8,481.2224358974359,3165.809871794872,3798.2033333333334,10318.172435897435,78
19037,3,54.9101,9,526.5082926829268,3563.5634146341463,3430.678292682927,10835.52731707317,41
19042,3,54.9105,5,235.48607142857142,2842.2214285714285,2314.7535714285714,8206.299642857142,28
19043,3,54.9105,6,195.47658536585365,2748.917073170732,2181.449512195122,7368.568292682927,41
19044,3,54.9105,8,230.99475,3301.7470000000003,2645.2264999999998,8785.941499999999,40
19045,3,54.9105,9,342.325,2559.245454545455,3133.0699999999997,8494.998181818182,22
19085,3,55.0106,5,1423.9229268292681,2546.561951219512,1738.7790243902439,10625.688536585365,41
19086,3,55.0106,6,1094.658813559322,2521.7332203389833,1339.0950847457627,9792.422881355931,59
19087,3,55.0106,8,1494.7305660377358,2764.73962264151,1633.063396226415,11230.61358490566,53
19107,3,55.0401,5,3563.03125,3026.1625,2204.97375,15271.867916666668,24
19113,3,55.0402,5,5063.563043478261,2698.663043478261,2863.4234782608696,18230.26304347826,23
19121,3,55.0404,5,3829.9005714285713,2544.2354285714287,2271.2968571428573,14860.117142857142,35
19185,3,56.0x00,3,3164.310454545455,1536.234090909091,989.1913636363636,9336.263181818182,22
19186,3,56.0x00,4,3866.7768,1663.03,965.0508,9828.2176,25
19187,3,56.0x00,5,3878.93859375,1575.96015625,996.11765625,9809.544375,64
19188,3,56.0x00,6,4820.791481481481,1571.0166666666667,1029.8237037037036,10810.272592592592,27
19192,3,56.0x00x0,2,2451.691851851852,1571.1788888888889,1633.3735802469137,9213.00024691358,81
19193,3,56.0x00x0,3,2696.772108108108,1663.8499459459458,1570.6707027027028,10051.85535135135,185
19194,3,56.0x00x0,4,3035.7758214285714,1781.7681071428572,1743.5150714285712,10592.184642857144,280
19195,3,56.0x00x0,5,2912.250271317829,1969.6525,1712.661492248062,10709.259360465116,516
19196,3,56.0x00x0,6,3005.6902074688796,2059.9598340248963,1816.331078838174,11194.736514522821,241
19197,3,56.0x00x0,8,3400.9515454545453,2528.720090909091,1969.9565454545454,12439.969000000001,110
19198,3,56.0x00x0,9,2688.817777777778,2731.614814814815,1880.3544444444444,11992.62037037037,27
19207,3,56.0x03,3,2628.872068965517,1827.8651724137933,1429.7893103448275,11950.633103448276,29
19208,3,56.0x03,4,3556.6662903225806,1797.3054838709677,1732.3840322580645,11367.255645161289,62
19209,3,56.0x03,5,3008.7403529411763,1908.8035294117647,1441.787294117647,10808.924470588236,85
19210,3,56.0x03,6,2286.9814285714283,1913.5,1696.3324489795916,10676.376530612246,49
19211,3,56.0x03,8,2827.0233333333335,2373.6692592592594,1499.2596296296297,11189.616296296297,27
19224,3,56.0x06,3,2303.211772151899,1881.9834177215191,1377.9445569620252,10041.196329113924,79
19225,3,56.0x06,4,3420.140410958904,1952.0320547945205,1608.17198630137,11446.526849315069,146
19226,3,56.0x06,5,3260.254218009479,2214.8409952606635,1719.3470616113743,11728.30279620853,211
19227,3,56.0x06,6,2776.9308064516126,2378.666370967742,1909.6037903225806,11896.161612903226,124
19228,3,56.0x06,8,2694.6534375,2313.781875,2106.3390625,12468.66015625,64
19233,3,56.0x07,5,1498.68,2642.480952380952,2173.2261904761904,8805.988095238095,21
19261,3,56.3100,4,1933.0280952380954,1474.8142857142857,896.962380952381,6925.004761904762,21
19262,3,56.3100,5,1894.3767567567568,1967.0713513513513,1298.3421621621624,8202.745135135136,37
19264,3,56.3100,8,1797.407142857143,2524.056666666667,1834.464761904762,8526.110952380952,21
19291,3,57.0x00x0,5,1031.2240909090908,1561.2568181818183,992.3588636363637,6492.895,44
19292,3,57.0x00x0,6,730.1722857142856,1722.8228571428572,1457.6734285714285,7152.034571428571,35
19293,3,57.0x00x0,8,723.3601886792453,2309.0994339622644,1786.6209433962265,8235.817547169812,53
19365,3,57.3200x0,5,286.1159375,1633.963125,1605.5846875,4725.1478125,32
19366,3,57.3200x0,6,223.83428571428573,1752.0511904761904,1203.2307142857144,4381.660476190476,42
19367,3,57.3200x0,8,486.64915254237286,2182.7101694915254,1871.4330508474575,6232.487796610169,59
19368,3,57.3200x0,9,574.695925925926,2910.453703703704,1614.1792592592592,7188.572222222223,27
19385,3,57.4900x0,8,1747.7721739130436,2753.645652173913,2803.9465217391307,12486.260434782609,23
19386,3,57.4900x0,9,2275.2,3584.426,3447.9195999999997,14549.943599999999,25
19438,3,57.9400,5,327.9257142857143,3139.869642857143,2830.2586904761906,9969.6075,84
19439,3,57.9400,6,227.72133333333335,2728.1305185185183,3128.059037037037,9835.308814814814,135
19440,3,57.9400,8,371.67333333333335,3155.5629051987767,3782.9212538226298,11667.428470948013,327
19441,3,57.9400,9,335.02415274463004,3255.825059665871,4005.6769451073983,12640.215035799522,419
19445,3,57.9500,9,302.66857142857145,2534.532380952381,2591.9838095238097,9749.614285714286,21
19474,3,58.3901,8,432.70863636363634,2443.7136363636364,1380.9763636363637,6627.307727272727,22
19564,3,59.8x03,2,1518.1305882352942,1510.9873529411764,1175.1073529411765,6296.309411764705,34
19565,3,59.8x03,3,1501.1807999999999,1627.9658666666667,1084.5492,7058.447466666667,75
19566,3,59.8x03,4,1617.8574999999998,1778.81375,1026.6339423076922,6848.150096153846,104
19567,3,59.8x03,5,1584.746649746193,2017.5691370558375,1318.2692893401015,7378.162741116752,197
19568,3,59.8x03,6,2230.24752688172,2283.3252688172042,1524.184623655914,8685.938387096774,93
19569,3,59.8x03,8,1449.8567647058824,2652.951029411765,1837.1126470588235,8971.048970588236,68
19570,3,59.8x03,9,1537.1366666666668,2842.0851851851853,1772.7177777777777,8568.425555555556,27
19597,3,59.9900x0,3,81.29484848484849,634.2542424242424,229.27636363636364,1976.5478787878787,33
19598,3,59.9900x0,4,126.60533333333333,652.7031666666667,248.29633333333334,2146.506,60
19599,3,59.9900x0,5,65.71452830188679,902.5830188679246,358.86924528301887,2384.580566037736,53
19600,3,59.9900x0,6,359.7292307692308,886.2769230769231,363.3326923076923,2694.5926923076922,26
19601,3,59.9900x0,8,41.74090909090909,893.7045454545455,272.7640909090909,1966.111818181818,22
19633,3,60.2900x0,6,2103.219306930693,2601.95297029703,2595.9718811881185,12511.785445544556,101
19634,3,60.2900x0,8,2109.984638554217,2795.4393373493976,2945.965060240964,13644.388795180723,166
19635,3,60.2900x0,9,2034.311038961039,3226.3144155844157,3329.9075324675327,14439.314675324675,77
19637,3,60.2901,6,1682.6055172413792,1989.4896551724137,2183.5775862068967,10252.370689655172,29
19638,3,60.2901,8,1188.9930303030303,2023.1810606060608,2495.989090909091,10590.778484848484,66
19641,3,60.2902,6,1559.8904166666666,2464.3062499999996,2284.727361111111,11807.553472222222,72
19642,3,60.2902,8,1961.2295454545456,2690.567784090909,2749.170965909091,12552.447897727274,176
19643,3,60.2902,9,1492.3014035087717,3272.3394736842106,2741.999649122807,13378.945964912282,57
19712,3,61.4904,5,411.6436,1266.46,879.174,4737.6392,25
19713,3,61.4904,6,548.3895238095238,1597.4009523809523,872.3085714285714,5528.719523809524,21
19820,3,64.0x00,2,705.3691304347826,604.8173913043478,140.71173913043478,2195.9695652173914,23
19910,3,65.2501,2,838.2868595041322,1809.1671074380165,1305.3477685950413,8706.426198347108,121
19911,3,65.2501,3,742.2601785714286,1835.9280357142857,1262.1423214285714,8740.061011904761,168
19912,3,65.2501,4,788.3655645161291,2048.8887903225805,1249.3329838709678,9063.936774193548,124
19913,3,65.2501,5,717.0051851851852,1881.6974074074076,1350.7422222222222,10042.123703703703,27
19955,3,65.4100,4,658.9418181818181,2119.168181818182,1823.6936363636364,10029.60181818182,22
19956,3,65.4100,5,1028.0184210526315,2234.8723684210527,1244.1507894736842,9290.679210526316,38
19984,3,65.6300,5,829.1840909090909,2782.8036363636365,1198.7859090909092,9979.43909090909,22
20029,3,66.0103,2,772.7180487804877,1197.8456097560975,1117.7141463414634,7237.820487804878,41
20030,3,66.0103,3,765.6626829268293,1189.151219512195,1131.4073170731706,7278.699512195122,41
20039,3,66.0203,3,787.2368181818182,1265.299090909091,1125.4109090909092,7401.120000000001,22
20060,3,66.4x00,3,612.5869565217391,1273.4652173913043,1075.5621739130436,6683.145652173914,23
20067,3,66.4x02,2,832.2285106382978,1195.2971276595745,1055.1271276595744,6837.159574468085,94
20068,3,66.4x02,3,969.7137440758294,1343.4150710900474,1090.620758293839,7420.698293838863,211
20069,3,66.4x02,4,643.653148148148,1516.8583333333333,1116.6531481481481,7575.756666666666,54
20077,3,66.5102,3,558.6204545454545,1649.6136363636363,1608.0036363636364,9090.110454545455,22
20078,3,66.5102,4,794.096,2265.482222222222,1680.6644444444444,10202.770666666667,45
20079,3,66.5102,5,735.960909090909,1750.2818181818182,1469.189090909091,8968.056818181818,22
20106,3,66.6200,2,760.829,1248.364,1131.57,7325.195000000001,30
20107,3,66.6200,3,687.4056862745099,1144.2441176470588,1040.595882352941,6471.759607843137,51
20110,3,66.6200x0,3,523.2209090909091,937.1336363636364,982.9275757575758,6193.874545454545,33
20113,3,66.6201,2,605.255064935065,1356.3971428571429,1050.1067532467532,7096.284545454546,77
20114,3,66.6201,3,723.1373780487805,1360.7153048780488,1123.0338414634145,7392.259268292683,164
20115,3,66.6201,4,977.4897142857143,1389.8285714285714,1129.3688571428572,7984.499428571428,35
20177,3,67.1200x0,5,49.4890625,1777.921875,700.7878125,3611.605,32
20187,3,67.2x00,3,164.09559322033897,1121.1330508474578,464.80593220338983,3592.241186440678,59
20188,3,67.2x00,4,203.5113698630137,1189.9164383561642,528.3353424657535,3645.1249315068494,73
20189,3,67.2x00,5,141.2865934065934,1267.3375824175823,447.201978021978,3760.640659340659,91
20199,3,67.3201,2,131.9786956521739,1005.2673913043479,328.92760869565217,2696.493043478261,46
20200,3,67.3201,3,128.99842519685038,1190.9434645669292,432.9581102362205,3230.51125984252,127
20201,3,67.3201,4,139.03608490566037,1246.8441981132078,455.40000000000003,3303.189764150943,212
20202,3,67.3201,5,131.7308875739645,1243.0142011834319,373.54591715976335,3175.9441420118346,169
20210,3,67.3202,3,91.90317073170732,1039.5951219512197,327.3760975609756,2621.7243902439022,41
20211,3,67.3202,4,139.06132352941177,1223.554411764706,355.4345588235294,3019.856470588235,68
20212,3,67.3202,5,100.47933333333333,1244.1777777777777,387.69955555555555,3027.9731111111114,45
20217,3,67.3203,4,410.668,1558.0545,616.091,4976.06625,40
20218,3,67.3203,5,270.8186206896552,1524.203793103448,480.27103448275864,4664.422413793103,29
20243,3,67.3902,4,177.97805555555556,1510.9127777777778,462.7977777777778,4248.733055555556,36
20244,3,67.3902,5,223.03685714285714,1609.5137142857143,510.1891428571428,4543.034,35
20251,3,67.3904,3,205.41125,1025.9416666666666,479.3725,3137.790833333333,24
20252,3,67.3904,4,111.351875,1059.4481250000001,352.92916666666673,2615.2916666666665,48
20253,3,67.3904,5,105.57132075471698,1252.3641509433962,462.58981132075473,2816.451132075472,53
20276,3,67.6100,2,204.13481481481483,873.6999074074074,566.4205555555556,3482.1805555555557,108
20277,3,67.6100,3,202.0577272727273,867.1022727272727,606.1452272727273,3609.8018181818184,44
20285,3,68.1200,3,261.5140909090909,1174.6049999999998,559.4904545454546,3959.3022727272723,22
20286,3,68.1200,4,246.9303125,1227.204375,468.2009375,3742.8234375,32
20292,3,68.1200x0,2,274.00214285714287,955.6982142857142,492.47946428571424,3637.314464285714,56
20293,3,68.1200x0,3,312.13620689655176,1056.1456896551724,538.5496551724138,3810.4380172413794,116
20294,3,68.1200x0,4,344.5612244897959,1318.1774149659864,613.1474829931973,4102.011904761905,147
20295,3,68.1200x0,5,264.57536082474223,1300.0348453608249,495.3224742268041,3774.9425773195876,97
20309,3,68.2101,2,261.2272549019608,1153.3901960784315,721.1452941176472,4808.457647058824,51
20310,3,68.2101,3,255.2754736842105,1246.5374736842105,625.8072631578948,4545.131368421053,95
20311,3,68.2101,4,265.9585416666667,1409.6045833333335,517.29625,4575.363958333333,48
20312,3,68.2101,5,278.6363636363636,1579.2318181818182,629.2004545454546,4516.415909090909,22
20321,3,68.2302,4,702.8024528301887,1299.7716981132075,655.7020754716981,6094.028113207547,53
20322,3,68.2302,5,560.8528947368421,1364.3368421052633,597.6702631578947,5713.692894736842,38
20335,3,68.2901,3,650.1139024390244,1719.6804878048779,1440.9378048780486,8495.36975609756,41
20336,3,68.2901,4,855.4028455284553,1953.0740650406506,1450.8138211382113,9082.648455284552,123
20337,3,68.2901,5,727.6702777777778,1918.2649999999999,1485.9694444444444,8701.331666666667,36
20358,3,68.2912,3,849.0571698113207,1664.1260377358492,1465.9596226415094,9931.782830188678,53
20359,3,68.2912,4,1044.6357983193277,1920.6252100840336,1516.3187394957984,10329.849831932772,119
20360,3,68.2912,5,1143.5168965517241,2077.2382758620693,1273.1537931034482,9699.001034482759,29
20364,3,68.2913,3,349.3518604651163,1309.599069767442,614.099069767442,5263.15976744186,43
20365,3,68.2913,4,369.70625,1455.0744444444445,676.7472222222223,5809.317916666667,72
20366,3,68.2913,5,291.5936170212766,1466.2617021276596,508.86191489361704,5061.5102127659575,47
20370,3,68.2915,2,236.98932584269662,1253.7622471910113,517.2251685393259,4838.594382022472,89
20371,3,68.2915,3,300.2521171171171,1272.6146846846848,617.6563063063063,5246.246306306306,222
20372,3,68.2915,4,294.65845360824744,1419.7263917525772,623.8418900343643,5417.656323024055,291
20373,3,68.2915,5,279.2303355704698,1629.8326174496644,509.46248322147653,5356.479731543624,149
20374,3,68.2915,6,301.8857692307692,1661.875,725.8707692307692,5867.718846153846,26
20377,3,68.2917,3,256.0645454545455,1145.2757575757576,507.14909090909083,4434.376969696969,33
20378,3,68.2917,4,317.8803389830508,1436.2805084745762,656.6698305084745,5431.500677966102,59
20379,3,68.2917,5,289.5674193548387,1443.7387096774194,488.79999999999995,5092.577419354839,31
20397,3,68.3901,4,656.8848888888889,2262.16,1635.4164444444446,10199.670444444444,45
20398,3,68.3901,5,876.1933333333333,2240.3755555555554,1494.6617777777778,9337.007333333333,45
20407,3,68.4100,4,1091.4046762589928,2436.6506474820144,1690.0170503597121,12454.934172661871,139
20408,3,68.4100,5,1322.2593063583815,2533.132369942197,1575.3747398843932,12688.209768786128,173
20409,3,68.4100,6,1166.225357142857,2885.962142857143,1746.3267857142857,12985.982142857143,28
20421,3,68.4901,4,900.44125,2493.4524107142856,1860.4132142857143,11219.935714285715,112
20422,3,68.4901,5,839.31304964539,2514.856524822695,2001.171914893617,10816.762056737589,141
20423,3,68.4901,6,1253.5454166666666,3502.7574999999997,2843.67625,13927.514583333332,24
20436,3,68.5100,5,1948.328064516129,3188.1129032258063,2621.1151612903222,15032.794838709679,31
20450,3,68.5901,5,577.6517073170731,1982.9229268292681,1832.919756097561,9533.38243902439,41
20451,3,68.5901,6,535.2291111111111,2097.897111111111,1470.5582222222222,9348.950666666668,45
20452,3,68.5901,8,1020.0102127659575,2846.416808510638,1787.006595744681,11414.168723404257,47
20470,3,69.0100,3,183.31096774193549,746.832258064516,414.42451612903227,2346.6825806451616,31
20478,3,69.0100x0,2,70.96735483870968,659.0349032258065,386.34651612903224,2126.4650967741936,155
20479,3,69.0100x0,3,60.80832402234637,721.2790502793296,338.45972067039105,2120.36469273743,179
20480,3,69.0100x0,4,40.403513513513516,809.4864864864865,324.9364864864865,2229.3086486486486,37
20482,3,69.0101,2,37.093790322580645,740.6186290322581,292.0985483870968,1814.1686290322582,124
20483,3,69.0101,3,41.639252873563215,801.4298850574712,356.1014942528736,1935.2478735632185,174
20484,3,69.0101,4,32.596756756756754,869.081081081081,371.5340540540541,2069.238648648649,37
20487,3,69.0200,2,118.46090163934426,910.3541803278689,462.0373770491803,2657.004754098361,122
20488,3,69.0200,3,78.25955555555555,906.0923333333333,500.69933333333336,2553.9247777777778,90
20489,3,69.0200,4,43.67102564102564,793.9958974358974,493.66435897435895,2128.3692307692304,39
20495,3,69.0200x0,1,84.02727272727273,725.1393939393939,415.77818181818185,2188.7978787878787,33
20496,3,69.0200x0,2,54.045214521452145,827.6008910891089,428.99544554455446,2323.3149834983496,303
20497,3,69.0200x0,3,48.61058823529412,858.0440247678017,407.1015479876161,2275.458854489164,323
20498,3,69.0200x0,4,65.50922077922078,828.403896103896,408.61402597402594,2162.122077922078,77
20500,3,69.0201,1,67.00161290322582,757.1161290322581,500.95193548387095,2389.4285483870967,62
20501,3,69.0201,2,59.25092987804878,726.5079115853658,450.42243902439026,2219.5190853658537,656
20502,3,69.0201,3,53.60423387096775,733.6048521505377,393.31555107526884,2109.0093951612903,744
20503,3,69.0201,4,50.094479166666666,696.8388020833332,428.38765624999996,2130.035260416667,192
20505,3,69.0202,1,123.896,672.7552000000001,535.9416,2846.196,25
20506,3,69.0202,2,163.00544973544973,741.8989417989418,525.0957142857143,3090.089894179894,189
20507,3,69.0202,3,121.6684347826087,822.2555652173913,561.9106956521739,3076.3497391304345,115
20521,3,69.0901,2,80.72042253521126,1199.7929577464788,509.5643661971831,2707.023521126761,71
20522,3,69.0901,3,59.27204188481675,1299.507277486911,541.022722513089,2957.3295287958113,191
20523,3,69.0901,4,79.94515267175574,1261.8035877862594,534.9886068702291,2897.6533969465645,524
20524,3,69.0901,5,95.89434523809524,1406.9463095238095,602.2260119047619,3343.3170833333334,336
20525,3,69.0901,6,86.584,1919.2175,874.558,4632.5405,40
20526,3,69.0901,8,57.71219512195122,1723.6829268292684,856.6273170731707,4480.063170731707,41
20529,3,69.0902,2,223.82192307692307,989.0607692307693,558.2407692307693,3277.0557692307693,26
20530,3,69.0902,3,211.82969696969695,1342.5880808080808,720.1822222222222,4046.598484848485,99
20531,3,69.0902,4,218.1683157894737,1485.6714210526316,665.7358421052631,4144.668210526315,190
20532,3,69.0902,5,270.85560000000004,1560.5081599999999,704.96464,4544.572639999999,125
20565,3,69.5100,3,179.4909375,692.403125,220.675625,2387.5134375,32
20569,3,69.5101,2,56.45515625,623.2984375,341.80484375,1840.964375,64
20570,3,69.5101,3,72.5793984962406,657.5533834586466,257.71759398496243,1880.4446616541354,133
20571,3,69.5101,4,47.35931034482759,633.9379310344827,270.3248275862069,1699.8572413793104,29
20573,3,69.5102,2,71.5591089108911,722.8207920792079,344.42920792079207,2006.139108910891,101
20574,3,69.5102,3,113.7947619047619,696.2124489795918,387.1422448979592,2073.8440816326533,147
20575,3,69.5102,4,74.61107142857144,1020.532142857143,446.1321428571428,2461.2414285714285,28
20578,3,69.5103,3,327.2655263157895,1048.5360526315787,697.2444736842106,4219.647368421053,38
20590,3,69.5202,2,41.00604395604396,814.5804395604395,442.84318681318683,2283.0221978021978,91
20591,3,69.5202,3,53.07640625,713.160390625,379.565703125,2019.132890625,128
20592,3,69.5202,4,62.50769230769231,714.6096153846154,356.52846153846156,1937.5573076923076,26
20600,3,69.5901,2,42.820540540540534,809.9605405405406,360.4075675675676,2085.987297297297,37
20601,3,69.5901,3,66.04636363636364,724.9538181818182,385.67745454545457,2063.391090909091,55
20602,3,69.5901,4,53.69608695652174,936.8652173913044,296.6813043478261,2086.9978260869566,23
20619,3,70.0x00,2,91.3190625,1312.99375,951.5325,3571.0859375,32
20620,3,70.0x00,3,60.916000000000004,1219.1966666666667,1010.3446666666666,3780.012333333333,30
20645,3,70.2100,5,157.31652173913045,2985.735652173913,2229.675652173913,9962.061304347826,23
20680,3,70.5001,4,542.2622727272727,1711.921818181818,1215.2677272727271,7166.321590909091,44
20681,3,70.5001,5,532.7509210526316,1667.3692105263158,1042.9196052631578,6971.04302631579,76
20705,3,70.7100,1,138.66654205607477,934.1345794392523,731.8741121495327,3633.3587850467293,107
20706,3,70.7100,2,166.50837535014006,894.8519327731093,646.9812044817927,3586.221176470588,714
20707,3,70.7100,3,180.89845323741005,908.6169424460433,628.6955395683452,3623.323956834532,278
20708,3,70.7100,4,170.67000000000002,1022.8269230769231,668.3830769230769,3634.2115384615386,26
20765,3,71.2200x0,2,92.28862068965518,847.2586206896551,545.8096551724137,2648.2272413793103,29
20766,3,71.2200x0,3,140.62764705882353,907.814705882353,745.4135294117648,3401.014705882353,34
20767,3,71.2200x0,4,147.24772727272727,929.9170454545455,571.4988636363637,2870.5588636363636,44
20768,3,71.2200x0,5,138.02656249999998,1293.7125,764.3459375,3537.78875,32
20797,3,71.2900x0,3,122.34499999999998,986.8088235294117,550.140294117647,2934.049411764706,34
20798,3,71.2900x0,4,110.06333333333333,1086.2866666666666,535.1948148148148,2966.817037037037,27
20820,3,71.3x04,3,158.68173913043478,1493.7,543.4586956521739,3746.731739130435,23
20821,3,71.3x04,4,162.2557142857143,1559.8754285714285,554.522,4042.3022857142855,35
20822,3,71.3x04,5,178.1179411764706,1354.4382352941177,729.1279411764707,3989.2549999999997,34
20842,3,71.7100,2,128.06129032258065,1022.9354838709677,417.83419354838713,3321.085806451613,31
20852,3,71.7101,2,183.57151515151514,681.7424242424242,389.4206060606061,3324.197575757576,33
20858,3,71.7102,1,124.52829545454546,611.6977272727273,308.2959090909091,2442.53625,88
20859,3,71.7102,2,182.66138170974156,774.9574850894631,346.51162027833004,2881.4069284294237,1006
20860,3,71.7102,3,182.80494553376906,883.8346405228758,431.0696078431373,3231.5186928104577,459
20861,3,71.7102,4,175.65384615384616,743.8803846153846,405.6642307692308,3013.7884615384614,26
20904,3,73.0900,2,58.88897959183674,545.434693877551,397.32459183673467,2489.892142857143,98
20905,3,73.0900,3,96.8279365079365,677.5920634920635,512.8085714285714,2762.34746031746,63
20910,3,73.0900x0,2,77.01925170068027,787.9044897959184,420.8175510204082,2961.97231292517,147
20911,3,73.0900x0,3,63.35090909090909,780.9218181818181,393.79954545454547,2770.779090909091,66
20924,3,73.4x00,2,65.68790322580645,832.8016129032258,702.086129032258,2656.3645161290324,62
20925,3,73.4x00,3,83.26322580645162,801.3258064516128,661.6132258064515,2726.9112903225805,62
20926,3,73.4x00,4,35.71222222222222,591.9222222222222,405.7851851851852,1984.1862962962962,27
20928,3,73.4x00x0,2,47.45745222929936,794.1129299363057,409.2707643312102,2174.163821656051,157
20929,3,73.4x00x0,3,42.8262874251497,784.327125748503,434.4732335329341,2257.432634730539,167
20930,3,73.4x00x0,4,28.279722222222222,828.1444444444445,418.2872222222222,2130.507222222222,36
20932,3,73.4x01,2,126.77957142857143,682.59,442.74942857142855,3077.7034285714285,70
20933,3,73.4x01,3,115.4525,697.0972222222222,411.1847222222222,3036.563888888889,36
20943,3,73.5100,2,295.45246913580246,833.7753086419754,687.0308641975308,4935.818518518518,81
20944,3,73.5100,3,231.01315789473685,833.1175438596491,639.2122807017544,4536.96403508772,57
20946,3,73.5900,1,193.455,492.56052631578945,328.42526315789473,2824.4657894736843,38
20947,3,73.5900,2,203.55315192743765,609.1412925170068,372.3954875283447,3149.638752834467,441
20948,3,73.5900,3,126.04795081967214,638.5897540983607,399.4275,2940.186024590164,244
20951,3,73.5900x0,2,184.84772549019607,1017.232,652.1236862745099,3902.623019607843,255
20952,3,73.5900x0,3,163.30551470588236,977.3933823529412,731.5641176470589,3757.560367647059,136
20959,3,73.6x01,1,158.5607650273224,670.9351912568306,361.34191256830604,2819.678306010929,183
20960,3,73.6x01,2,237.73271604938273,871.3889278752437,475.8526250812216,3614.7237231968807,1539
20961,3,73.6x01,3,245.92693121693122,955.019656084656,540.9486243386243,3944.1129894179894,378
20964,3,73.6x02,2,294.3315517241379,817.2758620689655,604.9272413793103,3721.063103448276,58
20967,3,73.8x00,1,61.647222222222226,430.30555555555554,153.04805555555555,1685.1397222222222,36
20968,3,73.8x00,2,66.14198924731183,422.9569892473118,142.65209677419355,1686.8198924731182,186
20969,3,73.8x00,3,64.84173076923076,468.2076923076923,226.90576923076924,1825.3371153846153,52
20972,3,73.8x00x0,2,114.51053571428572,688.7964285714286,547.6380357142857,2588.9301785714283,56
20973,3,73.8x00x0,3,154.51823529411766,841.2721568627451,565.5366666666666,2665.7433333333333,51
20988,3,74.1x00,2,297.0805084745763,978.0459322033898,1129.2396610169492,5428.388474576271,59
20989,3,74.1x00,3,294.142,1080.9914285714285,1226.81,6090.594,35
20991,3,74.1x01,1,605.915625,951.0069270833333,1322.0971875,6078.543020833334,192
20992,3,74.1x01,2,559.2248368318927,1047.1251508202506,1149.1057893808431,6269.365782324924,5669
20993,3,74.1x01,3,570.8897444237919,1082.505752788104,1180.6877346654276,6708.099542286245,4304
20994,3,74.1x01,4,560.0323765432098,1035.2712345679013,1280.4820679012346,6627.447901234568,324
20996,3,74.1x02,2,367.22499999999997,937.6088235294118,1463.0532352941175,6211.957647058824,34
20997,3,74.1x02,3,458.6005555555555,1092.6986111111112,1316.346111111111,6466.243611111111,36
21006,3,74.3x00x0,3,353.96772727272725,1582.2109090909091,893.8177272727273,5757.976818181818,22
21011,3,74.3x04,3,390.1127272727272,1325.1136363636363,1096.28,5559.43,22
21041,3,75.0x02,1,106.95815789473686,658.8405263157895,751.9657894736843,2896.775789473684,38
21042,3,75.0x02,2,98.08459016393442,756.7075409836066,849.0274863387978,3112.013387978142,183
21043,3,75.0x02,3,99.80870967741936,818.8590322580645,842.1830322580645,3163.002322580645,155
21044,3,75.0x02,4,66.33666666666666,945.4785714285714,896.1440476190477,3240.9921428571433,42
21051,3,75.3400x0,2,99.92737179487179,986.3278846153846,752.4492948717949,4354.392371794872,156
21052,3,75.3400x0,3,99.75460869565218,1092.075652173913,858.5342608695653,4884.164173913044,115
21060,3,75.4x00x0,2,94.1754954954955,784.336036036036,378.26909909909915,3091.7253153153156,111
21061,3,75.4x00x0,3,91.368125,761.4046875,414.70859375,3104.43515625,64
21065,3,75.5100,2,182.24893333333333,976.4013333333334,609.1529333333333,4212.183866666666,75
21066,3,75.5100,3,122.32333333333334,1075.6666666666667,494.89166666666665,4036.3841666666667,24
21075,3,75.6900x0,1,130.50545454545454,862.4727272727273,552.5418181818181,3498.475,22
21076,3,75.6900x0,2,304.9010572687224,894.864537444934,560.2177973568282,3978.1377092511016,227
21077,3,75.6900x0,3,304.4716831683168,900.1812871287128,489.4480198019802,3861.005346534653,101
21079,3,75.6902,1,172.53876404494383,715.5702247191011,448.5779775280899,3021.793820224719,89
21080,3,75.6902,2,169.9861181667587,896.1234621755937,501.2019160684705,3587.1068636112645,1811
21081,3,75.6902,3,175.57931106471818,975.9684029227557,536.2004697286012,3810.107776617954,958
21082,3,75.6902,4,152.2443137254902,894.7578431372549,517.5586274509805,3338.2980392156865,51
21084,3,75.6903,2,256.01704545454544,730.5613636363637,294.4318181818182,2769.874772727273,44
21088,3,75.6905,1,107.48827586206896,617.3137931034482,401.7796551724138,2589.7575862068966,29
21089,3,75.6905,2,199.4908187134503,733.4970175438597,390.57900584795317,3323.5797660818716,171
21090,3,75.6905,3,219.25288888888886,811.8286666666667,383.41377777777774,3552.3108888888887,45
21107,3,75.9202,2,117.48227272727273,729.1045454545455,268.3309090909091,3339.845,22
21237,3,77.5900,5,466.79818181818183,1196.0454545454545,581.2584848484848,3564.4466666666667,33
21238,3,77.5900,6,278.9145833333333,1194.66875,620.8779166666667,4008.849583333333,24
21291,3,77.6900x0,5,640.9870833333333,1532.2929166666665,1296.0325,6342.7075,24
21292,3,77.6900x0,6,447.99199999999996,1242.868,844.9164,4797.6804,25
21293,3,77.6900x0,8,424.247027027027,1496.9667567567567,1008.4454054054055,5568.574054054054,37
21539,3,78.5900x0,5,7534.857931034483,1869.0275862068966,2683.6103448275862,17622.54344827586,29
21581,3,78.6103,2,354.63709677419354,952.4032258064516,667.9012903225806,4188.687096774193,31
21582,3,78.6103,3,571.54,1099.9604444444444,1105.8255555555556,5388.710444444445,45
21583,3,78.6103,4,413.56988095238097,1037.8386904761905,869.3705952380953,4778.333928571428,84
21584,3,78.6103,5,438.68834196891197,1107.7881865284974,943.0720725388601,4998.892901554404,193
21585,3,78.6103,6,473.81637681159424,1087.4155072463768,1092.8146376811594,5086.364637681159,69
21586,3,78.6103,8,770.0139999999999,1096.7924,843.9119999999999,5092.6764,25
21591,3,78.6105,5,988.634761904762,1305.1438095238095,1421.8390476190475,7495.049047619048,21
21601,3,78.6201,0,416.82217391304346,791.4447826086956,364.63,4009.0154347826087,46
21602,3,78.6201,1,391.4479487179487,886.3912820512821,381.46025641025636,3970.558974358974,39
21604,3,78.6201,3,674.894,1133.6317142857142,1191.3134285714286,6000.022285714285,35
21605,3,78.6201,4,582.4834615384615,1205.2071153846152,1094.920769230769,5652.307115384615,52
21606,3,78.6201,5,621.9132727272728,1049.7287272727274,981.4368181818182,5321.284727272727,110
21607,3,78.6201,6,606.051320754717,1151.3594339622641,1133.7435849056603,5646.954528301887,53
21608,3,78.6201,8,598.9894736842105,1361.0665789473685,1009.8123684210527,5828.321315789473,38
21625,3,78.6301,2,424.52166666666665,1076.228,739.5450000000001,4464.113333333333,30
21626,3,78.6301,3,447.68540540540545,1181.8545945945946,1046.188918918919,5177.179459459459,37
21627,3,78.6301,4,459.26617283950617,1068.629012345679,996.7532098765431,5293.893086419754,81
21628,3,78.6301,5,492.4574213836478,1131.3107547169811,960.6262264150944,5105.509559748428,159
21629,3,78.6301,6,504.3904838709677,1225.476612903226,827.9350000000001,5023.0706451612905,62
21630,3,78.6301,8,432.6716666666666,1302.1541666666667,871.3379166666667,5163.559583333333,24
21639,3,78.6303,4,405.60952380952375,1246.509523809524,1048.7604761904763,5506.275238095238,21
21640,3,78.6303,5,489.3771875,1140.371875,778.6925,4930.0121875,32
21641,3,78.6303,6,681.23,1158.959090909091,1903.6154545454547,6665.874545454545,22
21649,3,78.6403,3,236.96173913043478,1069.335652173913,548.7334782608696,3931.886086956522,23
21650,3,78.6403,4,411.72566666666665,998.885,695.1226666666666,4367.406666666667,30
21651,3,78.6403,5,285.7041379310345,1070.0706896551724,682.6351724137932,4260.026896551724,29
21657,3,78.6501,2,1034.0847619047618,1262.9738095238095,1385.892857142857,6628.525238095238,21
21659,3,78.6501,4,707.4694285714286,1321.097142857143,1165.2937142857143,6113.3468571428575,35
21660,3,78.6501,5,965.5994999999999,1233.3401,1125.5649,6223.6116,100
21661,3,78.6501,6,1577.3668181818182,1577.6486363636361,1002.7188636363637,7025.771363636363,44
21675,3,78.6601,3,511.99689655172415,1002.4179310344828,974.7175862068966,5220.40724137931,29
21676,3,78.6601,4,638.1142105263158,1202.393157894737,984.9373684210527,5584.448947368421,38
21677,3,78.6601,5,472.85297872340425,1252.3340425531915,1031.6336170212767,5403.599361702128,94
21678,3,78.6601,6,527.78875,1264.1715277777778,1322.2683333333334,5943.130277777778,72
21679,3,78.6601,8,341.9597727272727,1331.0645454545454,839.9125,5063.490227272728,44
21696,3,78.6701,1,375.4007142857143,967.2607142857142,460.98214285714283,4462.081428571429,28
21697,3,78.6701,2,526.8551428571428,982.0802857142857,929.0288571428571,5189.463714285715,35
21698,3,78.6701,3,535.256629213483,1146.2108988764046,1192.4644943820224,5975.986741573033,89
21699,3,78.6701,4,699.4694488188976,1236.8441732283463,1185.561968503937,6189.504488188976,127
21700,3,78.6701,5,699.2444979919679,1169.511767068273,1249.6806827309238,6075.265742971887,249
21701,3,78.6701,6,624.0938834951456,1367.3694174757281,1463.9256310679611,6633.745339805825,103
21702,3,78.6701,8,543.0672413793104,1432.5120689655173,1454.468275862069,8147.277241379311,29
21713,3,78.6703,4,1220.2571875,1163.634375,857.91875,6117.930625,32
21714,3,78.6703,5,465.566,1069.6589999999999,1021.7864,5304.854399999999,50
21720,3,78.6705,2,508.3654545454546,1040.0595454545455,872.8013636363637,4925.046363636364,22
21721,3,78.6705,3,491.7204878048781,1007.7043902439024,1169.2080487804878,5404.174146341464,41
21722,3,78.6705,4,536.4875,1120.3683333333333,1086.1951666666666,5568.868666666666,60
21723,3,78.6705,5,480.5316666666667,1228.8524166666668,947.1694166666667,5650.518166666667,120
21724,3,78.6705,6,650.024,1369.5833333333333,1236.833111111111,6300.682444444445,45
21730,3,78.6800x0,4,449.14407407407407,1207.3111111111111,824.4522222222222,5420.628518518519,27
21731,3,78.6800x0,5,358.9808333333333,1238.4458333333334,775.9279166666666,5286.338333333333,24
21744,3,78.6803,5,374.23133333333334,1019.7395555555555,871.3684444444444,4761.372666666666,45
21759,3,78.6900x0,4,1062.9366666666667,1270.7296296296295,1975.6914814814813,7712.684814814815,27
21760,3,78.6900x0,5,1123.0951515151514,1335.5513636363637,1488.0698484848485,6821.908333333334,66
21776,3,78.6903,4,350.9224,819.25,294.1968,3512.2740000000003,25
21777,3,78.6903,5,365.46944444444443,966.9444444444445,565.5480555555555,4036.3888888888887,36
21791,3,78.6907,3,732.5988888888888,1359.6214814814814,1511.0525925925924,7321.139259259259,27
21792,3,78.6907,4,1000.6996969696971,1472.9922727272728,1835.6768181818181,7832.073181818182,66
21793,3,78.6907,5,877.9551648351649,1355.7388461538462,1642.3049450549452,7378.728736263735,182
21794,3,78.6907,6,772.3026785714285,1491.9296428571429,1841.3444642857141,7676.794285714285,56
21837,3,79.0201,1,323.668,1068.468,211.294,3118.1152,25
21841,3,79.0201,5,125.76407894736842,1311.478947368421,1064.1109210526315,4289.47302631579,76
21842,3,79.0201,6,244.23615384615388,1497.9728205128206,1163.2115384615386,4609.8941025641025,39
21843,3,79.0201,8,156.90972222222223,1334.072222222222,1126.3661111111112,4268.966944444444,36
21982,3,79.1500,8,12753.989047619049,4032.8571428571427,3091.190476190476,29708.737619047617,21
21983,3,79.1500,9,14092.156071428572,4770.304642857142,4171.698928571429,30946.4025,28
21991,3,79.1500x0,5,10651.725909090908,3138.1754545454546,3299.6025000000004,24168.019090909092,44
21992,3,79.1500x0,6,12094.564509803922,4109.15705882353,3700.3796078431374,29117.58607843137,51
21993,3,79.1500x0,8,12363.345689655172,4028.7958620689656,4075.5954310344828,27553.036379310346,116
21994,3,79.1500x0,9,12523.386359223301,4657.400679611651,3924.3405339805827,29161.67121359223,206
22006,3,79.1600x0,5,9303.736896551723,2430.5610344827587,3641.335862068965,22900.635862068964,29
22142,3,79.3100x0,0,2886.2258139534883,1212.739534883721,584.4576744186047,8083.871395348837,43
22143,3,79.3100x0,1,4201.5225,1277.9775,1277.0906818181818,10995.103636363636,44
22145,3,79.3100x0,3,13610.022500000001,2239.557142857143,2856.34,25040.85357142857,28
22146,3,79.3100x0,4,15611.681666666667,2387.1833333333334,2819.8880555555556,30096.473611111112,36
22147,3,79.3100x0,5,11806.862016806723,2389.3197478991597,3178.238487394958,24605.05168067227,119
22148,3,79.3100x0,6,11403.40980769231,2322.2495192307692,2666.7601923076923,23064.817692307694,104
22149,3,79.3100x0,8,11648.03523364486,2543.442990654206,3460.1204672897197,25306.826728971962,107
22150,3,79.3100x0,9,12721.064318181818,2470.1022727272725,3441.7202272727272,24982.3975,44
22152,3,79.3101,1,4425.547142857143,1363.3104761904763,1241.8957142857141,12671.992380952383,21
22156,3,79.3101,5,11278.899259259259,2360.9148148148147,4043.7048148148147,27819.98074074074,27
22158,3,79.3101,8,8437.764545454545,2557.8045454545454,2884.5327272727272,22257.777727272725,22
22173,3,79.3200x0,1,9968.133230769232,1378.096923076923,1393.7718461538461,17419.130615384616,65
22174,3,79.3200x0,2,9548.925384615384,1971.1707692307693,2322.105769230769,21054.260769230772,26
22175,3,79.3200x0,3,10840.913409090908,1775.8204545454546,3792.056363636364,23758.514318181817,44
22176,3,79.3200x0,4,9905.036933333333,2282.0539999999996,3397.1669333333334,23570.219466666666,75
22177,3,79.3200x0,5,10120.803363636365,2392.686045454546,3569.318409090909,22653.802636363638,220
22178,3,79.3200x0,6,10684.360082644629,2199.25041322314,2795.1456198347105,21141.92223140496,121
22179,3,79.3200x0,8,8264.838426966293,2127.7039325842698,2974.9821348314604,21134.348988764046,89
22180,3,79.3200x0,9,9704.931379310345,2637.9206896551723,2947.6389655172416,21265.541034482758,29
22186,3,79.3201,5,11463.881,2674.523333333333,2826.713333333333,24188.090333333334,30
22209,3,79.3300x0,4,6863.2985714285705,1675.0571428571427,2087.5185714285712,13997.662857142856,21
22210,3,79.3300x0,5,5512.701724137931,2181.048275862069,1934.986551724138,13491.951379310345,29
22235,3,79.3400x0,3,3761.1592307692304,986.2589743589743,1388.6612820512821,11905.51923076923,39
22236,3,79.3400x0,4,3323.5930508474576,988.054406779661,1362.8827118644067,10164.252372881356,59
22237,3,79.3400x0,5,3620.0756626506027,1066.8638554216868,2042.3104819277107,11868.768674698797,83
22255,3,79.3500,9,14446.899047619048,4624.4457142857145,2148.0680952380953,28059.94476190476,21
22260,3,79.3500x0,4,12310.38342857143,3095.06,4904.553428571428,32646.29914285714,35
22261,3,79.3500x0,5,14255.933209876544,3633.2746913580245,5108.764444444444,33017.508518518516,81
22262,3,79.3500x0,6,13064.658333333333,3479.051388888889,4366.875277777778,30367.376944444448,72
22263,3,79.3500x0,8,13255.012533333333,3887.9664666666663,4381.352466666666,31982.72033333333,150
22264,3,79.3500x0,9,12924.696142857143,4378.266785714285,4570.426071428572,32919.33314285714,140
22270,3,79.3501,5,16700.598518518516,3408.222222222222,4120.057037037037,33783.57703703704,27
22271,3,79.3501,6,13037.5525,3245.4833333333336,5526.865000000001,33954.14875,24
22272,3,79.3501,8,14190.2271875,3865.6640625,4041.1771875,31975.357187499998,32
22273,3,79.3501,9,12954.612413793104,4107.389655172414,4416.388620689655,31187.884137931036,29
22291,3,79.3600x0,1,9754.558913043478,1903.0934782608697,2275.294565217391,19337.986304347825,46
22292,3,79.3600x0,2,12098.31311111111,2405.366222222222,3420.368,27685.641999999996,45
22293,3,79.3600x0,3,13389.792800000001,2291.0687,4251.425200000001,28428.780899999998,100
22294,3,79.3600x0,4,13015.36534883721,2613.7814534883723,3965.974360465116,28139.411220930237,172
22295,3,79.3600x0,5,13953.325459940652,2762.0532047477745,4482.25178041543,29834.754955489614,337
22296,3,79.3600x0,6,10746.093939393939,2945.5763636363636,4366.465515151515,28891.93206060606,165
22297,3,79.3600x0,8,16225.814563106795,3444.9525242718446,4781.376019417476,33199.77436893204,103
22298,3,79.3600x0,9,11422.356756756757,3992.028378378378,3883.685405405405,30441.078378378377,37
22303,3,79.3601,4,11488.092692307691,2459.2634615384613,4710.318846153847,32416.092692307695,26
22304,3,79.3601,5,14118.680384615385,2614.7961538461536,4464.527884615385,29923.948461538464,52
22305,3,79.3601,6,11123.507575757576,2743.538787878788,4483.803333333333,30447.9296969697,33
22324,3,79.3603,5,9690.926808510638,2374.7331914893616,2838.326808510639,24336.122127659575,47
22325,3,79.3603,6,11773.444285714286,2946.0619047619048,3192.677142857143,27762.684285714284,21
22331,3,79.3604,5,5936.5597674418605,2048.331627906977,3258.11511627907,17059.11953488372,43
22332,3,79.3604,6,3523.7923076923075,2215.431794871795,2623.4212820512817,14849.19205128205,39
22333,3,79.3604,8,4883.973703703704,2078.6388888888887,3008.6796296296297,15273.863703703704,27
22343,3,79.3700x0,3,8507.183529411765,2105.9205882352944,3568.29,20270.026764705883,34
22344,3,79.3700x0,4,11348.652881355933,2277.325423728814,4171.991694915255,24682.580847457626,59
22345,3,79.3700x0,5,9733.43981651376,2269.4495412844035,3379.6941284403665,21700.525871559632,109
22346,3,79.3700x0,6,9819.075555555557,2393.926388888889,4626.441666666667,24983.553611111114,36
22387,3,79.3900x0,1,6142.967647058824,1384.7450000000001,1227.1029411764705,12715.75294117647,34
22388,3,79.3900x0,2,6247.65724137931,1744.306896551724,2425.9268965517244,16810.024827586207,29
22389,3,79.3900x0,3,8089.777916666667,2483.6305555555555,3159.64,21096.143333333333,72
22390,3,79.3900x0,4,8219.911865671642,2463.7135820895523,3129.5210447761197,20111.116194029848,134
22391,3,79.3900x0,5,8856.853658536585,2634.23393728223,3528.635888501742,22037.77620209059,287
22392,3,79.3900x0,6,8996.718543046358,2966.8561589403976,4138.199602649007,23076.464569536423,151
22393,3,79.3900x0,8,8036.641388888889,2859.134722222222,3375.9364814814817,21588.76675925926,108
22405,3,79.3903,5,12150.949130434783,4749.69347826087,5812.872608695652,31951.10652173913,23
22406,3,79.3903,6,12026.909130434784,4920.102608695653,5497.638260869566,33414.57260869566,23
22413,3,79.3904,4,9394.975333333334,2187.288666666667,2353.201333333333,21174.255,30
22414,3,79.3904,5,8211.571132075473,2141.396226415094,2586.9375471698113,20073.260000000002,53
22415,3,79.3904,6,8333.11945945946,2525.1186486486486,3275.8743243243243,20710.74837837838,37
22453,3,79.6400,4,836.5775,918.3737500000001,2065.0741666666668,7365.625,24
22454,3,79.6400,5,1267.7346875,1015.35625,2102.7684375,7431.42875,32
22646,3,80.4101,5,272.0856,1731.78,987.2916,6894.976,25
22678,3,80.5100x0,4,9609.566153846154,2461.9269230769232,2157.597307692308,20506.93346153846,26
22679,3,80.5100x0,5,15559.046999999999,2670.633,2976.58,28336.247799999997,50
22680,3,80.5100x0,6,16770.753548387096,3179.4132258064515,3479.1129032258063,32215.894516129032,31
22685,3,80.5101,5,1054.0542424242424,2109.6060606060605,1793.96,8513.597272727273,33
22699,3,80.5107,4,47.28653846153846,2010.0961538461538,1923.7876923076922,7306.767307692308,26
22700,3,80.5107,5,6.680652173913043,2051.9565217391305,1853.9269565217392,7389.88304347826,46
22701,3,80.5107,6,2028.324523809524,2347.940476190476,2347.3335714285713,10580.950952380952,42
22702,3,80.5107,8,8.03603448275862,2187.456896551724,2109.254655172414,7838.939827586207,58
22703,3,80.5107,9,0.0,2245.5833333333335,2139.076666666667,7874.487083333333,24
22707,3,80.5108,5,20431.338095238094,3113.0785714285716,3591.710476190476,39866.188095238096,21
22724,3,80.5111,5,5638.251363636364,2069.261590909091,1886.3795454545455,16105.074772727274,44
22729,3,80.5200,3,215.3263043478261,1189.7260869565218,943.4317391304348,4769.452173913043,46
22730,3,80.5200,4,136.39704697986576,1244.2107382550334,1095.1170469798658,5128.082281879195,149
22731,3,80.5200,5,108.22018518518519,1397.8007407407408,1115.1817037037038,5339.400629629629,270
22732,3,80.5200,6,133.17590909090907,1532.2704545454544,1164.818125,5720.600852272727,176
22733,3,80.5200,8,457.8302068965518,1638.2220689655173,1281.7052413793103,6359.377103448276,145
22734,3,80.5200,9,130.39212500000002,1563.55375,1452.382875,6398.22525,80
22738,3,80.5900,5,1820.9816666666666,1095.3041666666666,896.435,6862.708333333333,24
22743,3,80.5900x0,3,640.3990476190477,1827.2714285714285,1404.9452380952382,7769.031904761904,21
22744,3,80.5900x0,4,663.3122368421053,1611.7586842105263,1739.1438157894736,7799.112368421053,76
22745,3,80.5900x0,5,569.432192513369,1641.7915508021392,2119.475294117647,8464.833262032085,187
22746,3,80.5900x0,6,582.335,1769.9798888888888,2018.0873333333334,8556.267666666667,90
22747,3,80.5900x0,8,536.5120731707317,2098.182926829268,2622.0291463414633,9234.546219512196,82
22748,3,80.5900x0,9,365.1561538461538,2635.9346153846154,4048.898846153846,11550.216153846153,26
22766,3,80.6x06,5,2662.7213636363635,1981.7045454545455,1515.6777272727275,11102.519545454545,22
22813,3,80.7601,5,2325.4047222222225,1758.158888888889,1643.908611111111,11400.338333333333,36
22814,3,80.7601,6,1258.7566666666667,1739.8833333333332,2005.0929166666667,10603.90625,24
22871,3,80.8602,5,1547.2911764705882,2254.223529411765,3718.033823529412,13527.341470588235,34
22945,3,81.0801,5,25559.1990625,3516.609375,4682.1996875,45119.5965625,32
22946,3,81.0801,6,27388.64782608696,3251.163043478261,4824.040434782609,46232.66565217391,23
22947,3,81.0801,8,25510.260416666668,3441.4083333333333,4682.332083333334,47849.482083333336,24
22951,3,81.0802,5,29600.191875,3457.3958333333335,7292.196666666667,49689.479374999995,48
22952,3,81.0802,6,28304.438461538462,4175.0,7912.33076923077,50598.79846153846,26
22953,3,81.0802,8,30398.59833333333,4084.6458333333335,8121.392916666667,52940.08958333333,24
23031,3,81.4700x0,5,3028.1881632653062,1724.2273469387756,1218.0797959183674,11337.895510204082,49
23032,3,81.4700x0,6,2811.8562068965516,2033.544827586207,1447.6065517241377,11950.788620689655,29
23036,3,81.5100,4,19271.294814814817,2811.625925925926,3877.9614814814818,41708.688518518524,27
23037,3,81.5100,5,26910.640555555558,3253.8366666666666,4136.555648148148,48513.63453703704,108
23038,3,81.5100,6,24058.28993150685,3369.4462328767127,3944.5866438356165,45039.906575342466,146
23039,3,81.5100,8,22293.85041322314,3966.5760330578514,5077.58173553719,48018.738347107435,121
23040,3,81.5100,9,25738.073714285714,4030.0985714285716,4709.535142857143,48163.92085714285,35
23049,3,81.5200x0,8,17714.71652173913,4205.063043478261,6284.100434782608,40474.644782608695,23
23050,3,81.5200x0,9,18446.43786885246,4354.439344262295,4089.8398360655738,34664.54836065574,61
23054,3,81.5201,8,15956.266333333333,3694.8947777777776,4052.7239999999997,35450.51822222222,90
23055,3,81.5201,9,16210.511420765026,4181.027103825137,4439.626939890711,35936.15120218579,183
23059,3,81.5400,5,37972.33655172414,3224.4389655172413,4380.086896551724,56188.347931034485,29
23060,3,81.5400,6,30494.87043010753,3532.8503225806453,4197.884623655914,54950.17193548387,93
23061,3,81.5400,8,28046.702222222222,3563.3880246913577,3722.745061728395,48052.26691358025,81
23075,3,81.5401,6,27447.6948,3046.04,7199.2774,52145.2508,50
23076,3,81.5401,8,26158.70736842105,3123.4210526315787,7180.674473684211,47177.411052631585,38
23081,3,81.6500,5,7777.652666666666,2377.5330000000004,1447.766,15404.097,30
23082,3,81.6500,6,7815.487684210526,2474.686105263158,1315.9972631578948,15642.84,95
23083,3,81.6500,8,8024.754863636364,2569.3038636363635,1353.4343636363635,16371.244863636364,220
23084,3,81.6500,9,7381.933870967742,2695.9230322580647,1633.8409677419356,16056.482709677419,155
23088,3,81.6600,8,9568.307560975609,2768.2829268292685,1737.279756097561,18470.72463414634,41
23095,3,81.6600x0,6,15918.203157894735,3490.724078947369,2090.0223684210528,26900.24644736842,76
23096,3,81.6600x0,8,12911.051680672268,3253.1919327731093,2338.0418487394954,25776.141260504202,119
23097,3,81.6600x0,9,16344.4945,3563.3003750000003,2031.28775,27120.6795,80
23099,3,81.6601,6,12668.077333333335,2661.29,2202.7439999999997,27303.36106666667,75
23100,3,81.6601,8,13231.924304635762,2442.572251655629,2403.0439072847685,27540.974635761588,151
23101,3,81.6601,9,12409.343571428572,2950.9241071428573,2715.992767857143,29092.96901785714,112
23119,3,81.8300x0,5,13531.225714285714,1922.9,2343.1290476190475,23919.29857142857,21
23136,3,81.9100,4,48.905094339622636,1140.590566037736,1358.3100000000002,4824.284528301887,53
23137,3,81.9100,5,29.15833333333333,1032.266140350877,1483.5741228070176,5228.067543859649,114
23138,3,81.9100,6,54.285961538461535,1373.627596153846,1818.1810576923078,5754.621057692308,104
23139,3,81.9100,8,51.37663461538462,1695.3101923076924,1837.1552884615385,6327.1667307692305,104
23140,3,81.9100,9,51.961481481481485,1455.5203703703705,1460.8,6193.145185185185,54
23153,3,81.9200,5,15.681636363636363,1852.250909090909,2047.913090909091,6493.113454545454,55
23154,3,81.9200,6,17.070422535211268,1905.588732394366,1909.9866197183096,6459.242535211267,71
23155,3,81.9200,8,16.579382716049384,2086.886419753086,2057.9196296296295,6726.098148148148,81
23156,3,81.9200,9,19.508125,1970.540625,2070.281875,6646.203125,32
23164,3,81.9201,3,138.15900000000002,1374.1366666666665,1131.4783333333332,5397.886,30
23165,3,81.9201,4,185.69809090909092,1189.418181818182,1032.8404545454546,4804.550636363636,110
23166,3,81.9201,5,131.4251839464883,1490.6060200668896,1214.0059531772577,5861.9477926421405,299
23167,3,81.9201,6,311.8895769230769,1552.4302692307692,1441.8072307692307,6265.003423076923,260
23168,3,81.9201,8,77.98553113553113,1716.2093772893772,1696.4656043956043,6661.452124542125,273
23169,3,81.9201,9,76.09019801980197,1795.2128712871288,1876.7402970297028,6522.551584158416,101
23228,3,82.0101,5,116.12914893617021,760.0659574468085,442.2782978723404,2525.742553191489,47
23255,3,82.2101,4,100.7995652173913,842.1521739130435,248.79,2121.7804347826086,23
23256,3,82.2101,5,127.79978260869565,977.2328260869565,284.9160869565217,2445.0684782608696,46
23295,3,82.3601,5,556.4448,918.612,1549.7867999999999,5286.3772,25
23337,3,82.4500x0,3,749.2330434782609,1098.0630434782609,1128.9365217391305,5955.422608695652,23
23338,3,82.4500x0,4,612.7144444444444,760.8874074074074,941.7037037037037,4640.042962962963,27
23339,3,82.4500x0,5,551.6695,894.22875,1061.0227499999999,4707.465249999999,40
23348,3,82.4501,5,474.86499999999995,867.4985714285714,1388.7467857142856,5294.678214285714,28
23490,3,83.3101,3,194.2491304347826,882.6608695652175,439.86608695652177,2783.1547826086958,23
23491,3,83.3101,4,203.20735294117648,1041.9458823529412,446.2252941176471,2925.7485294117646,34
23492,3,83.3101,5,198.7157608695652,1045.4248913043477,450.7206521739131,3034.3753260869566,92
23493,3,83.3101,6,159.20244897959185,1147.569387755102,680.9691836734694,3408.6969387755103,49
23494,3,83.3101,8,165.43703703703704,1306.6559259259259,554.8074074074074,3784.0955555555556,27
23508,3,83.3200x0,5,396.228125,1290.05625,1141.83,5542.8328125,32
23527,3,83.3900x0,5,186.61205128205128,1276.9564102564104,464.9964102564103,3563.4987179487184,39
23528,3,83.3900x0,6,614.5747368421053,1566.937894736842,857.7431578947368,5424.794473684211,38
23539,3,83.3902,5,524.3166292134831,1369.464382022472,761.310786516854,5226.982134831461,89
23540,3,83.3902,6,411.11229166666664,1525.7341666666669,782.0210416666667,5297.256458333333,48
23541,3,83.3902,8,622.298125,1740.7121875,1332.163125,7993.4715625,32
23567,3,83.4501,4,988.7495454545453,1167.8372727272726,1660.8363636363638,6375.853636363637,22
23568,3,83.4501,5,2221.9177419354837,1942.3445161290322,2671.1022580645163,10222.655161290322,31
23588,3,83.6400x0,5,359.47434782608696,834.9869565217392,1416.1299999999999,5040.579130434782,23
23619,3,83.6500x0,5,1528.7849999999999,1289.1845454545453,2287.5027272727275,8457.882272727273,22
23678,3,83.9105,2,108.523,970.53475,1163.36175,4853.42825,40
23679,3,83.9105,3,55.67713333333333,1169.778,1453.6956,5468.516333333333,150
23680,3,83.9105,4,43.02193621867882,1186.5271070615036,1248.7951025056948,5340.2112300683375,439
23681,3,83.9105,5,34.33617321248741,1272.2231117824774,1470.6816314199398,5618.944843907352,993
23682,3,83.9105,6,41.992490494296575,1195.8986882129277,1416.9101901140684,5656.0866159695815,526
23683,3,83.9105,8,37.29468220338983,1292.1183262711863,1466.274216101695,5723.714406779662,472
23684,3,83.9105,9,49.98224852071006,1462.9741420118344,1560.9895857988165,6004.577337278106,169
23770,3,84.3x00,5,390.6302631578948,994.0786842105263,1787.045,5845.881052631579,38
23833,3,85.2100,2,832.2676923076923,1178.7266666666667,521.6479487179487,4466.091025641025,39
23834,3,85.2100,3,708.7711999999999,1287.1760000000002,528.3104,4168.3052,25
23835,3,85.2100,4,706.1043243243244,1460.7064864864865,460.58,4331.197837837838,37
23836,3,85.2100,5,745.13,1757.0234482758622,662.1089655172414,4939.176896551724,29
23842,3,85.2100x0,2,1044.0868518518519,1272.1555555555553,339.8155555555556,4068.1016666666665,54
23843,3,85.2100x0,3,1430.5222033898306,1249.1386440677966,289.0493220338983,4282.236779661017,59
23844,3,85.2100x0,4,1468.9090322580646,1240.5939784946238,299.6294623655914,4359.558817204301,93
23845,3,85.2100x0,5,1297.1530434782608,1280.5376811594203,244.81768115942032,4550.187246376811,69
23851,3,85.2101,4,4057.6425,1335.453125,170.713125,6658.04,32
23852,3,85.2101,5,4003.6640740740745,1483.0074074074073,201.72555555555556,6863.804444444445,27
23892,3,85.4301,5,1919.3704545454545,5127.475909090909,2909.6086363636364,17076.018181818185,22
23924,3,86.0100x0,5,310.70862068965516,1689.5724137931034,1803.8844827586208,5839.854827586207,29
23925,3,86.0100x0,6,260.57095238095235,1419.357142857143,1250.3828571428571,4548.907142857143,21
23947,3,86.0400x0,1,83.73375,841.9958333333334,813.035,2956.8716666666664,24
23948,3,86.0400x0,2,164.33904761904762,962.1904761904761,1051.5028571428572,3687.4985714285713,21
23949,3,86.0400x0,3,165.09038461538464,985.5230769230768,924.9857692307693,3542.959230769231,26
23950,3,86.0400x0,4,137.06034482758622,1260.403448275862,1223.161724137931,4334.96,29
23951,3,86.0400x0,5,170.16760869565218,1587.9545652173913,1429.146304347826,5450.671521739131,46
23952,3,86.0400x0,6,213.6940476190476,1743.1333333333334,1699.0919047619047,5694.229761904762,42
23953,3,86.0400x0,8,139.4296666666667,1566.3333333333333,1766.2546666666667,5336.329,30
23978,3,86.0600x0,8,413.50476190476195,3965.219047619048,3079.0857142857144,8774.490476190476,21
24015,3,86.2200,2,380.3537931034483,965.5968965517242,1702.1399999999999,4885.457586206896,29
24016,3,86.2200,3,137.12428571428572,1011.2828571428572,1089.3922857142857,4159.362571428572,35
24017,3,86.2200,4,329.6721621621621,1442.972972972973,1789.0786486486488,6669.017567567568,37
24018,3,86.2200,5,613.3807228915663,1544.132530120482,1466.9927710843374,6473.65530120482,83
24019,3,86.2200,6,636.5897368421053,1716.8336842105264,2110.876578947368,7528.080526315789,38
24020,3,86.2200,8,848.6017073170731,2492.537804878049,2314.859756097561,9122.748292682927,41
24021,3,86.2200,9,604.5387096774194,2629.163870967742,3605.191935483871,10389.866129032258,31
24026,3,86.2200x0,4,1705.3335483870967,1351.3296774193548,2915.5164516129034,10106.21258064516,31
24027,3,86.2200x0,5,1861.6623333333334,1520.1403333333333,2621.3343333333332,10799.037666666667,60
24028,3,86.2200x0,6,1030.4235,1567.584,2092.7670000000003,8076.280250000001,40
24029,3,86.2200x0,8,1894.8835185185187,2310.982037037037,4489.232962962963,15296.633333333333,54
24030,3,86.2200x0,9,697.7695652173913,2544.406086956522,3616.834347826087,12159.378695652174,23
24033,3,86.2201,2,725.182380952381,1529.945238095238,1900.644761904762,6779.896666666666,21
24034,3,86.2201,3,153.55749999999998,1218.417857142857,1250.717142857143,4525.653928571429,28
24035,3,86.2201,4,175.33464788732394,1357.491690140845,1396.8274647887324,4607.585211267606,71
24036,3,86.2201,5,3320.678191489362,1808.5115957446808,2071.029255319149,9572.700425531915,94
24037,3,86.2201,6,2002.4264615384616,2087.6326153846153,1927.975076923077,8908.328153846152,65
24038,3,86.2201,8,650.378695652174,2003.1091304347826,2169.9426086956523,7592.907608695652,46
24039,3,86.2201,9,431.1075,2279.1629166666667,1633.5583333333334,6319.674583333333,24
24081,3,86.2800,0,98.14999999999999,532.6833333333333,509.93416666666667,2574.50625,24
24083,3,86.2800,2,282.4775757575758,2042.9472727272725,2014.3578787878791,8559.075454545455,33
24084,3,86.2800,3,127.60727272727273,1180.0704545454546,1042.6575,4630.949318181818,44
24085,3,86.2800,4,130.44357142857143,1470.6166071428572,1096.2721428571429,4444.507678571428,56
24086,3,86.2800,5,340.60050847457626,1638.1048305084746,1975.7646610169493,6782.132288135593,118
24087,3,86.2800,6,552.0048387096774,1882.2145161290323,2010.9254838709678,7088.749516129033,62
24088,3,86.2800,8,696.0035416666666,2360.0925,1917.133125,7958.389375,48
24089,3,86.2800,9,151.87032258064514,2692.8993548387098,2646.719677419355,8610.88935483871,31
24092,3,86.2800x0,2,1188.99,1462.1708571428571,1471.5328571428572,6005.300285714286,35
24093,3,86.2800x0,3,168.9035135135135,1377.9135135135136,1293.7521621621622,4269.75027027027,37
24094,3,86.2800x0,4,996.7482142857143,1795.5660714285714,1773.8112500000002,6578.811964285715,56
24095,3,86.2800x0,5,1174.4101612903225,1534.0729838709676,1827.843064516129,6593.1269354838705,124
24096,3,86.2800x0,6,396.88953846153845,1676.2932307692308,1457.410153846154,5548.125384615385,65
24097,3,86.2800x0,8,1165.8166666666666,2635.1803703703704,1939.8433333333332,8739.201296296296,54
24098,3,86.2800x0,9,342.63937500000003,3455.83171875,2054.90125,9769.83234375,64
24104,3,86.3x00,3,128.58064516129033,1299.2548387096774,332.6958064516129,3738.297741935484,31
24105,3,86.3x00,4,145.57975,1338.4595,396.18224999999995,3176.5155,40
24106,3,86.3x00,5,163.04157894736844,1286.532,480.8507368421053,3142.898315789474,95
24107,3,86.3x00,6,173.4404761904762,1458.7516666666666,397.4354761904762,3491.089523809524,42
24108,3,86.3x00,8,333.36652173913046,1985.5086956521739,1159.8078260869565,6360.5565217391295,23
24118,3,86.3x02,2,221.33882352941177,872.6664705882353,413.6858823529412,2640.912352941177,34
24119,3,86.3x02,3,167.13025,1080.1905000000002,505.81525,3038.5607499999996,40
24120,3,86.3x02,4,224.72978260869564,1104.66,510.4432608695652,2913.763043478261,46
24121,3,86.3x02,5,187.48233333333334,1200.4793333333332,675.0215555555556,3628.275888888889,90
24122,3,86.3x02,6,168.63357142857143,1314.6832142857143,658.8444642857143,3484.241785714286,56
24123,3,86.3x02,8,159.5848484848485,1314.0696969696971,2042.9433333333334,6095.269696969697,33
24126,3,86.3x03,1,126.623,883.4233333333334,295.633,2497.292,30
24127,3,86.3x03,2,187.10596153846154,907.1807692307692,387.3825,2600.9049999999997,52
24128,3,86.3x03,3,150.1642857142857,1050.3357142857142,344.7075510204081,2732.250204081633,98
24129,3,86.3x03,4,184.7244366197183,1006.2959154929576,398.6332394366197,2820.8650000000002,142
24130,3,86.3x03,5,183.93720472440947,1213.576653543307,439.85074803149604,3072.498937007874,254
24131,3,86.3x03,6,214.83806451612904,1286.8012903225806,568.2104032258064,3446.7781451612905,124
24132,3,86.3x03,8,215.7768918918919,1357.585945945946,745.2747297297298,3835.7245945945947,74
24133,3,86.3x03,9,219.68043478260867,1652.1560869565217,884.6226086956522,4304.951304347826,23
24137,3,86.3x05,2,111.08714285714285,674.4190476190475,240.6704761904762,1982.6999999999998,21
24162,3,86.3x13,5,233.53464285714287,1533.2867857142858,702.2132142857143,3796.8317857142856,28
24221,3,86.5900x0,2,445.01913043478254,1310.513043478261,1244.6182608695653,4999.002173913043,23
24222,3,86.5900x0,3,160.92416666666665,1125.375,1223.8130555555556,4112.446111111111,36
24223,3,86.5900x0,4,566.1896363636364,1458.2114545454547,2002.168181818182,6206.3538181818185,55
24224,3,86.5900x0,5,228.5448717948718,1617.9575641025642,1522.8906410256411,5222.332435897436,78
24225,3,86.5900x0,6,154.89,1916.1736842105265,2114.192894736842,6278.14,38
24226,3,86.5900x0,8,360.48315789473685,2118.8263157894735,2481.4986842105263,7674.852894736841,38
24236,3,86.5902,1,702.7531818181818,1421.3390909090908,1117.2836363636363,5003.688181818182,22
24237,3,86.5902,2,161.40444444444444,1530.805925925926,1981.3162962962963,5168.786296296296,27
24238,3,86.5902,3,1810.6333898305086,2104.7089830508476,1699.6098305084745,8410.581016949152,59
24239,3,86.5902,4,470.19554054054055,2109.264189189189,1964.642027027027,6749.89472972973,74
24240,3,86.5902,5,458.7608724832214,2663.5859731543624,2352.6646308724835,8805.779597315435,149
24241,3,86.5902,6,1458.4452564102564,2361.6371794871798,2253.3228205128203,8808.867435897437,78
24242,3,86.5902,8,259.62291139240506,2766.150759493671,2293.277848101266,7898.606962025316,79
24243,3,86.5902,9,268.64458333333334,2972.628333333333,2436.28,8459.395138888889,72
24363,3,86.7501,4,1613.9039130434783,1435.3460869565217,1788.3873913043476,7713.386086956522,23
24364,3,86.7501,5,385.78,1060.1815789473685,1509.5834210526316,4874.953947368421,38
24418,3,86.8900x0,5,255.38466666666667,876.4503333333333,1232.304,4857.096333333334,30
24436,3,86.9900,5,78.36818181818181,856.1,464.7018181818182,2651.6213636363636,22
24443,3,87.0300,5,74.20086956521739,1652.8304347826086,912.5973913043478,3522.7895652173916,23
24444,3,87.0300,6,108.47206896551724,2241.251724137931,1488.1593103448276,5094.834827586206,29
24445,3,87.0300,8,102.90490566037735,2078.765094339623,1431.496603773585,4764.134528301887,53
24446,3,87.0300,9,175.41272727272727,2306.1045454545456,1022.1169696969697,4405.21,33
24453,3,87.0300x0,8,118.68560000000001,2165.716,2322.0776,5671.5996,25
24454,3,87.0300x0,9,80.1452380952381,2487.9885714285715,1924.1704761904762,6087.509523809524,21
24460,3,87.0301,5,71.72846153846154,1812.6207692307694,926.2307692307693,4244.419487179488,39
24461,3,87.0301,6,88.9222857142857,1814.5885714285714,1102.9965714285713,4063.9391428571425,35
24462,3,87.0301,8,40.79637681159421,1949.3449275362318,1286.8176811594203,4291.315507246377,69
24463,3,87.0301,9,98.25660714285716,1996.6785714285713,1435.9291071428572,4682.45375,56
24466,3,87.0302,5,265.78444444444443,4151.253703703704,2365.961851851852,8244.397407407409,27
24468,3,87.0302,8,297.50399999999996,4220.271428571428,2312.2228571428573,8200.285714285714,35
24491,3,87.4101,3,53.78823529411765,1420.8808823529412,1284.123088235294,3886.6432352941174,68
24492,3,87.4101,4,144.66975609756096,1579.4841463414634,1304.993780487805,4403.945975609756,82
24493,3,87.4101,5,80.79457943925235,1671.9043457943926,1381.381542056075,4661.368831775701,214
24494,3,87.4101,6,81.08739726027397,1766.6675799086759,1526.1219634703198,4681.932694063927,219
24495,3,87.4101,8,147.7578548895899,1892.2066246056781,1892.098548895899,5703.044479495268,317
24496,3,87.4101,9,134.95944444444444,2104.021296296296,1813.5013888888889,5806.36212962963,216
24519,3,87.4401,0,16.371126760563378,649.2535211267606,613.8740845070422,2504.3832394366195,71
24616,3,88.3800x0,5,203.8807142857143,1852.1321428571428,1140.7182142857143,4546.748928571428,28
24617,3,88.3800x0,6,620.6729032258065,2329.190322580645,1974.3322580645163,7094.2625806451615,31
24618,3,88.3800x0,8,56.40259259259259,1748.888888888889,1796.88,4383.354814814815,27
24648,3,88.4101,5,1932.574,2783.8775,2733.2572499999997,11971.9755,40
24649,3,88.4101,6,1771.2820689655173,4568.041379310345,5400.501724137931,18609.318965517243,29
24650,3,88.4101,8,2649.003953488372,3723.5348837209303,3162.482790697675,14132.522790697674,43
24694,3,88.5500,3,2020.1842857142858,1744.3190476190475,831.5214285714286,7667.2757142857145,21
24695,3,88.5500,4,1617.23421686747,2658.930120481928,1019.9544578313253,8292.395662650602,83
24696,3,88.5500,5,1830.2244029850747,2634.3229104477614,1214.694552238806,8879.265447761194,268
24697,3,88.5500,6,2091.74663003663,2949.32652014652,1668.6985347985349,10193.9773992674,273
24698,3,88.5500,8,2423.6661773700303,3180.12373088685,1929.129113149847,11206.39617737003,327
24699,3,88.5500,9,1522.28832,3327.4564,2127.78208,11111.90512,125
24704,3,88.5600,8,2742.5848148148148,2910.4296296296297,2079.3933333333334,12285.826296296296,27
24714,3,88.5701,8,2707.973846153846,3079.4615384615386,1135.4046153846155,10514.433461538461,26
24747,3,88.7200,8,49.9071875,2072.625,1438.7928125,5010.60625,32
24748,3,88.7200,9,66.66565217391305,1975.878260869565,1446.4439130434782,4846.661304347826,23
24763,3,88.7300x0,0,3.9928571428571424,970.6571428571428,435.7057142857143,3729.4409523809522,21
24795,3,88.7600x0,0,5.725357142857143,701.9178571428572,242.49785714285713,1987.1382142857142,28
24810,3,88.7601,6,52.24280000000001,1829.124,1326.4620000000002,4295.8288,25
24811,3,88.7601,8,71.84166666666667,1761.7208333333335,1330.0383333333334,4293.575833333333,24
24855,3,88.9101,8,59.389230769230764,2287.3615384615387,2215.4776923076925,5634.454230769231,26
24856,3,88.9101,9,86.6940909090909,2793.8954545454544,1712.4545454545455,5528.935454545454,22
24901,3,89.1201,0,93.02521739130434,2030.1765217391303,439.04434782608695,3371.2895652173916,23
24913,3,89.1400,5,7.7540000000000004,1331.3333333333333,440.46200000000005,9972.215999999999,30
24933,3,89.3701,3,69.25541666666666,1364.3416666666667,1170.40375,3839.4012500000003,24
24934,3,89.3701,4,71.5438,1382.9979999999998,1141.0572,3756.3842,50
24935,3,89.3701,5,72.94355072463767,1592.7233333333334,1458.9260869565217,4596.91036231884,138
24936,3,89.3701,6,83.34142857142857,1815.2226315789476,1560.0294736842106,5173.6845864661655,133
24937,3,89.3701,8,89.75057894736842,1966.5916315789473,1668.347105263158,5476.928421052632,190
24938,3,89.3701,9,103.59784810126582,1961.9193670886077,1877.01,5782.867215189874,79
24951,3,89.5001,5,54.723636363636366,1585.6431818181818,1369.5509090909093,4141.768181818182,22
24952,3,89.5001,6,43.00028571428572,2098.046,1620.23,4835.24,35
24953,3,89.5001,8,75.48760869565217,2151.6015217391305,1332.067391304348,4858.865652173913,46
24954,3,89.5001,9,90.44323529411764,2309.038235294118,1801.3467647058824,5685.64294117647,34
24959,3,89.5200,4,63.6285294117647,1090.0673529411765,1087.6750000000002,3613.7773529411766,34
24960,3,89.5200,5,46.039824561403506,1069.521052631579,882.437894736842,3075.172807017544,57
24961,3,89.5200,6,85.48777777777778,1409.7822222222223,1732.5053703703704,4726.727777777777,54
24962,3,89.5200,8,127.17734375,1429.9696875,1747.1425,4832.3940625,64
24963,3,89.5200,9,114.3275,1447.1854545454546,1876.0706818181818,5076.282045454545,44
24965,3,89.5400,0,175.29319391634982,1021.9052091254753,400.1722053231939,3279.569847908745,263
24968,3,89.5400,3,113.22219512195123,1704.1109756097562,2084.659512195122,5762.549512195122,41
24969,3,89.5400,4,99.51508196721312,1725.5659016393442,1085.5695081967215,4430.789836065574,61
24970,3,89.5400,5,189.62072222222224,2219.3289999999997,2360.495888888889,7474.022277777778,180
24971,3,89.5400,6,155.75385474860335,1990.1050837988826,1799.3273184357543,5773.436312849162,179
24972,3,89.5400,8,124.14960317460319,2271.725925925926,2041.4405026455026,6622.801560846561,378
24973,3,89.5400,9,243.66277333333332,2662.1948533333334,3017.198906666667,9152.814213333333,375
24984,3,89.6000x0,8,83.30959999999999,1995.868,2101.7612,6671.0064,25
24985,3,89.6000x0,9,178.79080000000002,2127.06,2572.4596,7671.6504,25
24992,3,89.6100x0,6,43.18625,1406.91125,877.5583333333334,3624.5091666666667,24
24993,3,89.6100x0,8,77.52,2282.220909090909,1599.5413636363637,5232.221363636363,22
25010,3,89.6500x0,5,64.02203389830508,2151.148644067797,1380.8877966101695,4533.871525423729,59
25011,3,89.6500x0,6,97.4294696969697,2072.8333333333335,1594.6401515151515,4876.801818181818,132
25012,3,89.6500x0,8,122.52740157480315,2246.2461417322834,1854.3710236220472,5673.907362204724,254
25013,3,89.6500x0,9,210.82083333333333,2676.5054444444445,2185.286111111111,6740.260777777778,180
25035,3,92.2400x0,5,392.7326086956522,4932.973913043478,10078.621739130436,43970.71434782609,23
25042,3,92.2401,5,1352.5104000000001,4236.22,6383.31,39457.3204,25
25043,3,92.2401,6,1049.4976,4365.736,6906.5324,36388.337999999996,25
25068,3,92.3101,4,1556.2579999999998,2999.948,4466.9424,36985.3324,25
25069,3,92.3101,5,1635.4188405797101,3581.791304347826,5950.84652173913,43752.83507246377,69
25070,3,92.3101,6,1532.1896875,3576.1359375,4856.73046875,40713.6471875,64
25071,3,92.3101,8,1484.832641509434,3297.1056603773586,4116.217358490566,38737.5558490566,53
25129,3,93.2600x0,4,74.05151515151515,1142.4545454545455,1211.63,4557.642121212121,33
25130,3,93.2600x0,5,79.24644736842104,1169.092105263158,1296.5294078947368,4785.475723684211,152
25131,3,93.2600x0,6,84.73164556962026,1227.4974683544303,1351.4691139240506,5030.32164556962,79
25132,3,93.2600x0,8,78.49000000000001,1205.0853658536585,1360.6182926829267,5177.565853658536,41
25133,3,93.2600x0,9,113.04695652173913,1574.4565217391305,1762.9947826086955,6104.1286956521735,23
25143,3,93.3500x0,0,46.177083333333336,441.9875,411.87791666666664,1800.0024999999998,24
25145,3,93.3500x0,2,24.18758620689655,716.0862068965517,775.4786206896553,3732.1924137931037,29
25146,3,93.3500x0,3,49.28588235294118,1063.1676470588234,1177.8605882352942,4786.709264705882,68
25147,3,93.3500x0,4,49.350480000000005,1186.6616000000001,1244.25648,5238.62584,125
25148,3,93.3500x0,5,165.445871886121,1369.553380782918,1356.0411743772243,5482.463736654804,281
25149,3,93.3500x0,6,55.2667032967033,1694.056336996337,1710.4313186813188,5738.151684981684,273
25150,3,93.3500x0,8,201.54909560723513,1915.651111111111,2325.4055813953487,6968.841240310077,387
25151,3,93.3500x0,9,74.89783673469388,2264.681918367347,2529.3711428571432,7941.560857142857,245
25166,3,93.3503,4,85.735,1745.228181818182,1611.7536363636364,5262.698636363636,22
25167,3,93.3503,5,85.47843137254901,1900.829411764706,1926.1962745098042,6075.6256862745095,51
25168,3,93.3503,6,102.18813953488372,2068.73488372093,1923.5883720930233,5946.532325581395,43
25169,3,93.3503,8,91.91853658536586,1823.6000000000001,1554.7534146341463,5162.971951219512,41
25170,3,93.3503,9,132.23391304347825,2314.636956521739,2885.191739130435,8070.010869565217,23
25191,3,93.3506,5,29.372068965517244,1502.7034482758622,892.1013793103448,4733.881724137931,29
25199,3,93.3510,3,19.8294,1061.4260000000002,861.2624000000001,4343.1658,50
25200,3,93.3510,4,6.883852459016394,1024.9742622950819,780.4139344262295,4583.406147540984,122
25201,3,93.3510,5,8.304444444444444,1184.7378787878788,925.0454545454545,4590.918131313131,198
25202,3,93.3510,6,6.449787234042553,1369.3526241134753,1344.2507092198582,5348.9766666666665,141
25203,3,93.3510,8,12.352291666666666,1445.5138194444444,1309.837847222222,5549.261597222223,144
25204,3,93.3510,9,4.9575000000000005,1483.1113636363636,1389.8970454545454,5465.163409090909,44
25209,3,93.3511,6,119.94454545454546,535.2760606060606,607.4536363636364,2798.071818181818,33
25210,3,93.3511,8,44.99792452830189,547.4849056603774,689.3237735849056,3322.2194339622642,53
25236,3,93.3517,4,64.35625,1657.1444999999999,1443.813,5042.28075,40
25237,3,93.3517,5,75.5887012987013,1636.3254545454545,1575.9827272727273,5657.493766233766,77
25238,3,93.3517,6,663.9488095238095,1980.4461904761906,2182.8907142857142,7298.238333333334,42
25239,3,93.3517,8,210.41862068965514,1759.2144827586208,2063.828275862069,6463.367068965517,58
25240,3,93.3517,9,80.68551724137932,2097.0103448275863,1972.4003448275862,6364.981724137931,29
25252,3,93.3523,3,15.99,1570.224,377.0144,4465.4564,25
25253,3,93.3523,4,6.764285714285714,1969.0717857142859,647.8628571428571,5745.629285714285,28
25254,3,93.3523,5,55.21941176470588,1965.210294117647,661.0607352941176,5882.291323529412,68
25255,3,93.3523,6,13.387666666666666,1898.1466666666668,606.9773333333334,5955.2119999999995,30
25256,3,93.3523,8,10.903913043478262,1693.6569565217392,843.8047826086956,5261.585652173913,23
25281,3,93.3802,5,189.15478260869568,2720.4591304347823,2698.1939130434785,21492.182608695653,23
25283,3,93.3802,8,105.144,2128.042,2047.8803636363637,14553.718181818182,55
25284,3,93.3802,9,124.52,2469.0673076923076,2497.6715384615386,13834.895769230769,52
25298,3,93.3900,8,45.72909090909091,1477.159090909091,2801.3613636363634,6375.851818181818,22
25302,3,93.39002,5,59.02619047619047,1478.595238095238,2877.922380952381,8135.162857142857,21
25303,3,93.39002,6,72.73064516129033,2178.2096774193546,3924.6803225806457,9958.910967741935,31
25304,3,93.39002,8,86.25818181818181,2637.409090909091,4579.704545454545,11583.432424242425,33
25310,3,93.3900x0,4,78.92148148148148,1201.7966666666666,525.9855555555556,4009.625925925926,27
25311,3,93.3900x0,5,139.60783333333333,1518.502,665.184,4426.6495,60
25312,3,93.3900x0,6,93.24188679245283,1844.507358490566,1111.225471698113,5622.196226415095,53
25313,3,93.3900x0,8,89.07297297297296,1602.1216216216217,885.2951351351351,4590.605945945947,37
25314,3,93.3900x0,9,84.8347619047619,2035.0642857142857,1279.01,5753.509047619048,21
25321,3,93.3902,0,137.27525974025974,404.86298701298705,391.0446753246753,2447.007987012987,154
25324,3,93.3902,3,266.32297297297293,1276.5624324324324,1787.8824324324323,5707.877027027027,37
25325,3,93.3902,4,57.36555555555556,1206.7037037037037,1318.2112962962963,4263.13462962963,54
25326,3,93.3902,5,54.05216666666667,1193.6034166666666,1320.9198333333334,4532.53675,120
25327,3,93.3902,6,77.59,1365.8311224489796,1624.878469387755,5227.301428571428,98
25328,3,93.3902,8,122.15676691729324,1326.0683458646615,971.6221804511279,4160.61992481203,133
25329,3,93.3902,9,638.4256818181818,1756.8454545454545,1386.1713636363636,5563.648636363637,44
25341,3,93.3907,5,21.76846153846154,2043.173076923077,928.0923076923077,5267.318461538462,26
25344,3,93.3907,9,118.76945945945947,1890.2156756756756,2296.542162162162,10479.720540540542,37
25350,3,93.3908,5,114.87333333333333,1211.5768888888888,1257.4537777777778,4753.517555555556,45
25351,3,93.3908,6,55.4732,1253.9552,1219.0456,5013.094,25
25352,3,93.3908,8,71.71346153846153,1121.6226923076922,1400.6007692307694,4680.749615384616,26
25359,3,93.3910,0,72.19411483253589,628.0875598086124,619.1166985645933,2165.305263157895,209
25360,3,93.3910,1,45.87714285714286,604.5357142857143,763.6183333333333,2315.285952380952,42
25361,3,93.3910,2,29.47394736842105,643.4473684210526,665.6207894736842,2162.367105263158,38
25362,3,93.3910,3,27.685102040816325,786.5695918367347,886.9548979591837,2601.5642857142857,49
25363,3,93.3910,4,66.17625,1173.8715909090909,1008.6505681818181,3911.195795454545,88
25364,3,93.3910,5,42.642944444444446,1086.6455555555556,1235.6839444444445,3811.042666666667,180
25365,3,93.3910,6,99.11338383838384,1326.2003535353535,1497.5538383838382,4746.883888888889,198
25366,3,93.3910,8,80.24513888888889,1475.240625,1781.9409027777776,5281.230763888889,288
25367,3,93.3910,9,75.4709268292683,1573.540487804878,1843.4635121951221,5654.265951219512,205
25433,3,93.4600x0,9,642.0233333333333,2688.1306666666665,1568.588,7711.124333333334,30
25450,3,93.5300x0,4,250.94863636363635,1603.4363636363635,1191.249090909091,5439.11590909091,22
25451,3,93.5300x0,5,127.14285714285714,1137.5333333333333,741.8752380952382,3042.9266666666667,21
25470,3,93.5401,1,200.9530769230769,959.5038461538461,632.6330769230769,2811.901923076923,26
25472,3,93.5401,3,212.7825,1429.685714285714,1420.5689285714286,4906.434642857143,28
25473,3,93.5401,4,182.65222222222224,1145.5277777777778,890.1888888888889,3847.063611111111,36
25474,3,93.5401,5,562.7535211267606,1663.5360563380282,1875.5308450704226,5953.971549295775,71
25475,3,93.5401,6,877.6086,1906.0338000000002,1963.0736000000002,6881.358,50
25476,3,93.5401,8,192.46255813953488,1813.1581395348837,1252.6816279069767,4973.244418604651,43
25478,3,93.5402,0,153.6306896551724,682.7034482758621,113.14931034482758,2051.0696551724136,29
25479,3,93.5402,1,348.5385135135135,946.5081081081082,377.3068918918919,2726.322297297297,74
25480,3,93.5402,2,670.0391071428572,1306.7446428571427,1228.5351785714286,4932.762678571429,56
25481,3,93.5402,3,826.3597674418605,1249.014069767442,1193.3288372093023,5210.087674418604,86
25482,3,93.5402,4,733.2224576271186,1224.2418644067798,1271.2665254237288,4978.938050847458,118
25483,3,93.5402,5,502.4119771863118,1308.080950570342,1441.1346768060837,5185.896121673003,263
25484,3,93.5402,6,304.27063063063065,1445.4181981981983,1321.2781981981982,5191.594414414414,111
25485,3,93.5402,8,1453.7578761061945,1838.5553982300885,1791.831592920354,7500.939380530974,113
25486,3,93.5402,9,746.0295588235294,2306.239117647059,1628.7038235294117,6931.497941176471,68
25559,3,93.6702,9,199.42190476190476,1590.1904761904761,3619.732857142857,6526.7928571428565,21
25568,3,93.9000,0,223.49327868852458,3304.844262295082,1602.556557377049,8006.566229508197,61
25571,3,93.9000,5,235.84317073170732,3321.383170731707,2785.8156097560977,10365.211707317074,41
25572,3,93.9000,6,337.21103092783505,3155.262989690722,2978.6188659793816,11510.064536082475,97
25573,3,93.9000,8,265.88534188034185,3150.0589316239316,2619.542948717949,11097.099102564101,234
25574,3,93.9000,9,458.6569189189189,3894.033945945946,4612.050918918919,15211.350972972974,185
25579,3,93.9000x0,4,491.302380952381,3225.5033333333336,2879.862380952381,10635.019999999999,21
25580,3,93.9000x0,5,564.1449397590361,3012.470481927711,2973.871686746988,11044.089879518071,83
25581,3,93.9000x0,6,350.76705000000004,3294.9007,2752.53755,10851.4327,200
25582,3,93.9000x0,8,387.4699751243781,3038.5547014925373,2840.8379104477613,10923.062960199004,402
25583,3,93.9000x0,9,407.5742388758782,2890.5914519906323,3014.2341920374706,11393.991920374707,427
25584,3,93.9001,0,396.80465116279066,2867.218604651163,3311.7527906976743,11220.57511627907,43
25589,3,93.9401,0,125.3613505402161,583.9562665066027,664.4520048019208,2487.8137394957985,1666
25590,3,93.9401,1,93.68752136752137,656.9638461538461,771.4917094017094,2341.6814529914527,117
25591,3,93.9401,2,49.172333333333334,676.0256666666667,754.016,2117.7273333333333,30
25592,3,93.9401,3,66.83828571428572,787.4228571428571,928.9865714285714,2477.1220000000003,35
25593,3,93.9401,4,54.882444444444445,941.0386666666666,1061.5391111111112,3021.033111111111,45
25594,3,93.9401,5,109.60475247524752,1317.5433663366337,1336.5570297029703,3797.910099009901,101
25595,3,93.9401,6,122.29990909090908,1716.9959999999999,1611.4674545454548,4839.485727272728,110
25596,3,93.9401,8,161.385291005291,1873.4379894179895,1822.9901587301588,5598.644656084656,189
25597,3,93.9401,9,186.37829457364342,1954.4579069767442,1812.1048062015502,5806.074961240311,129
25599,3,93.9601,0,193.8261855670103,1034.8147422680413,715.9449484536083,3055.1941237113406,97
25600,3,93.9601,1,102.67846153846153,1488.9903846153845,803.2796153846155,3785.5776923076924,26
25601,3,93.9601,2,125.79879999999999,1165.577,515.069,2702.2496,50
25602,3,93.9601,3,110.10339285714285,1271.5380357142858,755.8716071428571,2984.094285714286,56
25603,3,93.9601,4,181.12398230088493,1389.5237168141593,1175.2955752212388,3959.020707964602,113
25604,3,93.9601,5,110.31639215686275,1556.4608627450982,1734.7770588235296,5342.691529411765,255
25605,3,93.9601,6,121.52247422680412,1661.4512628865978,1600.340824742268,5420.24487113402,388
25606,3,93.9601,8,176.7707894736842,1771.1839309210527,1670.4366611842106,5601.679506578947,608
25607,3,93.9601,9,125.32758490566037,1778.5905283018867,1685.7337358490565,5860.834641509434,530
25615,3,93.9900,0,127.95444444444443,610.8,784.2564444444445,2928.4553333333333,45
25621,3,94.0200x0,5,277.2834285714286,2443.561428571428,2215.173714285714,6651.5632857142855,70
25622,3,94.0200x0,6,279.5048611111111,2219.233333333333,1347.50125,5025.416111111112,72
25623,3,94.0200x0,8,273.12416666666667,2712.1739583333333,1897.349375,6344.02875,96
25624,3,94.0200x0,9,215.80021739130433,2413.8673913043476,1576.8978260869567,5886.280652173914,46
25628,3,94.1100,5,0.0,600.8392857142857,307.9985714285714,11906.623571428572,28
25650,3,94.1200x0,5,241.09806451612903,1314.5451612903225,516.4664516129031,13203.748387096775,31
25651,3,94.1200x0,6,396.334,1550.2076000000002,691.1824,13822.576000000001,25
25652,3,94.1200x0,8,440.84584905660375,1412.4867924528303,687.888679245283,14256.88113207547,53
25653,3,94.1200x0,9,1299.192962962963,1633.8761728395061,853.9445679012344,14501.454444444445,81
25671,3,94.2600,4,419.7690909090909,2092.9454545454546,942.2586363636364,9281.673181818182,22
25672,3,94.2600,5,469.85380952380956,1944.7523809523807,1061.4214285714286,11014.084761904762,21
25681,3,94.2701,3,289.17636363636365,1600.25,993.6309090909091,12568.368636363635,22
25682,3,94.2701,4,280.65,1766.857142857143,1107.040476190476,13507.55,21
25683,3,94.2701,5,104.81739130434784,1561.2608695652175,972.4434782608696,10091.717391304348,23
25695,3,94.2900x0,5,57.97,3086.48,4630.38,9928.34,25
25709,3,94.3301,2,4.195483870967742,621.1354838709677,459.09000000000003,10811.517741935484,31
25710,3,94.3301,3,2.6098412698412696,626.3928571428571,256.57936507936506,10272.77253968254,126
25711,3,94.3301,4,2.320144230769231,593.0870192307692,285.6551923076923,10520.576298076923,208
25712,3,94.3301,5,4.595748373101952,661.8459869848156,341.12555314533626,10781.986594360087,461
25713,3,94.3301,6,68.66058333333334,744.1104166666667,397.0365,11006.543333333333,240
25714,3,94.3301,8,41.8595871559633,896.9151376146789,491.19972477064215,11326.56871559633,218
25715,3,94.3301,9,221.14999999999998,1049.6231707317074,647.920243902439,11311.185365853658,82
25789,3,96.0400,5,972.6232000000001,3642.7854666666663,3554.1469333333334,13442.7456,75
25790,3,96.0400,6,1406.7831460674156,3730.6876404494383,3407.934606741573,13569.324382022472,89
25791,3,96.0400,8,911.8433742331289,4815.229018404908,4885.1057668711655,17335.26398773006,163
25792,3,96.0400,9,1130.757515151515,5616.349575757576,6255.1490303030305,20962.654424242424,165
25809,3,96.0700,8,538.99,3254.6985714285715,3812.324285714286,13809.7,28
25810,3,96.0700,9,683.3377142857142,4808.973142857143,5060.944571428571,16345.108857142859,35
25858,3,96.3500x0,9,304.21818181818185,4631.395454545454,3674.2213636363635,12615.633636363636,22
25918,3,96.5100,6,332.02166666666665,1230.0208333333333,540.2316666666667,3335.3504166666667,24
25919,3,96.5100,8,243.26689655172413,716.4,354.53793103448277,2754.423103448276,29
25956,3,96.5601,8,484.29185185185185,3217.037037037037,1825.8081481481481,9773.768518518518,27
25977,3,96.7101,0,458.2421052631579,1944.6421052631576,3756.5197368421054,9960.098684210527,38
25981,3,96.7101,4,2474.8354545454545,2944.208181818182,2240.0454545454545,10152.957727272727,22
25982,3,96.7101,5,549.1407272727273,3421.9992727272725,2863.982909090909,10184.635636363635,55
25983,3,96.7101,6,774.0982291666666,3815.2504166666663,2938.0990625,11459.249583333332,96
25984,3,96.7101,8,740.7321897810219,4320.829781021898,4419.712700729927,14259.032408759123,137
25985,3,96.7101,9,833.4476470588236,4759.372156862744,4076.6838562091502,14201.715555555555,153
25997,3,96.7201,5,2512.8033333333333,10072.188333333334,12757.823333333332,41981.839523809525,42
25998,3,96.7201,6,1233.1908823529411,7239.961029411765,9488.449264705883,31404.21455882353,68
25999,3,96.7201,8,2093.84,8342.218510638299,12209.235177304963,39848.013049645386,141
26000,3,96.7201,9,2738.7340579710144,14087.678260869567,19411.468623188404,56812.331956521746,138
26005,3,97.0101,9,559.929090909091,3670.928636363636,4721.235909090909,17295.971818181817,22
26036,3,97.6203,4,103.1048275862069,794.6325862068966,317.90224137931034,1868.2551724137932,58
26037,3,97.6203,5,31.99604938271605,793.256049382716,282.2946913580247,1820.1255555555558,81
26038,3,97.6203,6,148.74945945945944,773.0545945945946,337.12702702702705,1914.5783783783781,37
26042,3,97.6204,2,89.22714285714287,669.9082142857143,254.36928571428572,1777.589642857143,28
26043,3,97.6204,3,121.68617647058824,857.3239705882353,255.11426470588236,2158.7675,68
26044,3,97.6204,4,123.62091666666667,812.0334166666667,295.1926666666667,2067.1780833333332,120
26045,3,97.6204,5,113.44583732057417,958.9454066985646,338.28330143540666,2297.168373205742,209
26046,3,97.6204,6,208.1561842105263,930.8828947368422,345.31684210526316,2378.2123684210524,76
26047,3,97.6204,8,244.48734375,1108.49421875,426.89140625,2889.46390625,64
26051,3,97.6205,3,102.48738095238096,1027.992857142857,562.6742857142857,2510.229523809524,42
26052,3,97.6205,4,80.20577777777778,992.1288888888889,440.49044444444445,2241.795777777778,45
26053,3,97.6205,5,72.2356,989.3448000000001,322.42136,2029.0284,125
26054,3,97.6205,6,36.92313725490196,895.5549019607844,343.39882352941174,1909.439411764706,51
26055,3,97.6205,8,57.54625000000001,1032.0295833333332,496.56750000000005,2292.4058333333332,24
26067,3,97.7100,4,112.93962962962962,1147.9888888888888,711.4014814814815,3379.442962962963,27
26068,3,97.7100,5,81.75266666666667,1328.9766666666667,690.0723333333334,3471.981,30
26078,3,97.7101,4,112.90166666666667,1045.4203333333332,495.24233333333336,3016.258333333333,30
26083,3,97.7102,3,218.70774999999998,915.335,325.445,3042.813,40
26084,3,97.7102,4,239.15341463414632,1161.100243902439,511.02719512195125,3646.9024390243903,82
26085,3,97.7102,5,197.2486842105263,1160.3009210526316,452.7597368421052,3509.885,76
26194,3,98.5101,5,29.226451612903226,1212.7193548387097,678.8054838709678,3348.768064516129,31
26203,3,98.5103,2,87.65252808988765,1169.4153370786516,703.0280898876405,3244.541853932584,178
26204,3,98.5103,3,25.151447963800905,1162.429932126697,588.4535520361991,3068.692104072398,442
26205,3,98.5103,4,36.424572564612326,1304.9188071570577,691.1397415506958,3313.6825844930418,503
26206,3,98.5103,5,50.08070521861777,1281.9154160789844,616.2354019746122,3275.0316361071937,709
26207,3,98.5103,6,47.0793031358885,1458.5300696864113,653.2863763066202,3457.403101045296,287
26208,3,98.5103,8,113.84805755395683,1548.5197122302159,835.6276978417267,3897.0266187050356,139
26209,3,98.5103,9,143.59166666666667,1609.0206666666668,818.2010000000001,4333.854666666667,30
26220,3,99.0301,5,127.81270833333333,2018.3495833333334,1860.375,8178.703125,48
26221,3,99.0301,6,375.20375,2188.04359375,1711.30671875,7659.22234375,64
26222,3,99.0301,8,254.285641025641,2481.172435897436,1733.8066666666668,7483.994487179487,78
26223,3,99.0301,9,485.9241666666666,2715.6340476190476,2301.4036904761906,9290.20369047619,84
26231,3,99.0401,5,121.69863636363635,2149.659318181818,2549.6861363636363,8713.936136363636,44
26232,3,99.0401,6,161.30451612903224,2323.625806451613,2094.0748387096774,7996.2229032258065,62
26233,3,99.0401,8,127.49869918699187,2427.258861788618,2114.7059349593496,8623.63162601626,123
26234,3,99.0401,9,182.65222222222224,2753.009259259259,2329.7322222222224,9267.9,81
26280,3,99.2100,0,57.48068441064639,707.8996577946767,619.6089733840304,2329.567908745247,263
26295,3,99.2500,1,959.1289285714286,4302.5,10627.68875,20106.521249999998,56
26296,3,99.2500,2,944.5014285714285,4340.9047619047615,11390.197619047618,21269.48,21
26298,3,99.2500,4,475.9711475409836,2262.3280327868856,5714.994262295082,10726.458032786886,61
26299,3,99.2500,5,375.62544776119404,1961.4900746268656,3346.968208955224,7142.512089552239,134
26300,3,99.2500,6,331.6922758620689,1922.7572413793102,3373.998620689655,7051.820413793103,145
26301,3,99.2500,8,253.0385,1924.6489000000001,2749.848,6408.913199999999,100
26314,3,99.2502,5,1079.5222916666667,1490.4604166666668,3743.078125,12722.110625000001,48
26315,3,99.2502,6,903.6638636363637,1651.309090909091,3451.4636363636364,12490.025681818182,44
26316,3,99.2502,8,974.801052631579,1769.9394736842105,2895.146052631579,12353.893157894738,38
26320,3,99.2503,3,164.23653846153846,2092.753846153846,4237.656153846154,8151.482307692308,26
26321,3,99.2503,4,296.87371257485034,1721.2281437125748,2953.042754491018,6339.936407185628,167
26322,3,99.2503,5,270.29173489278753,1776.0241715399611,2873.1315789473683,6086.778226120858,513
26323,3,99.2503,6,259.54293995859217,1760.6671014492754,2829.359730848861,6156.345507246377,483
26324,3,99.2503,8,270.2200819672131,1848.1024590163934,2833.5474043715844,6359.31043715847,366
26325,3,99.2503,9,180.8496875,1682.6875,2662.2065625,5919.94125,32
26345,3,99.2800,5,276.80933333333337,1890.8833333333334,2498.3068333333335,5459.597833333333,60
26346,3,99.2800,6,284.4542105263158,1635.0157894736842,2736.731052631579,5338.676578947368,38
26357,3,99.2801,4,180.45269230769233,2335.234615384615,1667.7423076923078,5437.2296153846155,26
26358,3,99.2801,5,199.27880341880342,1649.5390598290599,2425.554786324786,5171.639230769231,117
26359,3,99.2801,6,161.70623376623377,1799.2116883116882,2128.0354545454547,5178.128701298701,77
26360,3,99.2801,8,156.96243243243242,1789.8581081081081,1802.2733783783785,4873.169594594595,74
26379,3,99.2902,4,11.99872340425532,740.2087234042552,942.762340425532,4212.624042553191,47
26380,3,99.2902,5,19.427008547008548,980.6726495726496,1150.7981196581197,4637.484444444445,117
26381,3,99.2902,6,33.04147368421053,1108.2803157894737,1175.3593684210525,4518.070842105263,95
26382,3,99.2902,8,40.441818181818185,1199.5474545454545,1244.0023636363637,4713.725454545454,110
26383,3,99.2902,9,54.575714285714284,1294.5565079365078,1576.0855555555556,4973.5807936507945,63
26396,3,99.6000,6,172.48181818181817,1628.492727272727,1174.6240909090911,4691.37909090909,22
26397,3,99.6000,8,175.78204545454545,2624.8624999999997,2354.5070454545453,7755.642727272727,44
26398,3,99.6000,9,231.19493150684931,2245.3861643835617,1649.0601369863014,6487.5739726027405,73
26421,3,99.8100x0,0,110.05263157894737,517.7236842105264,420.36026315789474,1762.2784210526315,38
26439,3,99.8200x0,4,362.40749999999997,1497.61,1609.56375,5584.1590625,32
26440,3,99.8200x0,5,131.8642105263158,1705.848596491228,1672.9950877192982,5896.374561403509,57
26441,3,99.8200x0,6,132.41258064516128,1895.2096774193549,1722.7812903225806,6695.975161290323,31
26442,3,99.8200x0,8,548.5389285714285,1711.7250000000001,1761.1407142857145,6149.720357142856,28
26459,3,99.8301,0,76.98696721311475,1252.0891475409835,137.42773770491803,3390.0075081967216,610
26466,3,99.8500x0,0,102.02290322580646,719.1645161290322,723.2554838709677,2772.2406451612906,31
26470,3,99.8500x0,4,94.6440909090909,1704.215909090909,1460.6127272727272,5131.525000000001,22
26471,3,99.8500x0,5,348.6625352112676,1647.074647887324,899.89,5200.914929577465,71
26472,3,99.8500x0,6,117.59472727272727,1753.3581818181817,1610.4105454545454,6258.518181818182,55
26473,3,99.8500x0,8,77.87177419354839,1527.3040322580646,1561.9258064516127,5416.356935483871,62
26474,3,99.8500x0,9,80.26342857142858,1901.3042857142855,2089.7825714285714,6997.346285714286,35
26479,3,99.9200,0,0.6060606060606061,376.06060606060606,478.6954545454546,9994.265151515152,33
26480,3,99.9200,1,0.9800000000000001,400.28375,631.7441666666667,9849.199583333333,24
26481,3,99.9200,2,7.95037037037037,714.6111111111111,542.0385185185186,5025.244074074074,27
26482,3,99.9200,3,23.955344827586206,909.7672413793103,717.2565517241379,5654.5429310344825,58
26483,3,99.9200,4,24.077410714285715,848.8001785714285,887.7785714285714,5374.386160714285,112
26484,3,99.9200,5,22.617975206611572,965.3465289256197,895.4483884297521,5867.225661157026,242
26485,3,99.9200,6,52.89939597315436,1265.7324832214765,1320.224832214765,6562.012751677852,149
26486,3,99.9200,8,45.68562091503268,1781.224705882353,1584.3139869281047,6534.0007843137255,153
26487,3,99.9200,9,84.46511278195489,3102.1600751879696,2027.1902255639097,9870.087518796992,133
26489,3,99.9200x0,1,56.401199999999996,1104.6424,714.4738000000001,4519.2814,50
26490,3,99.9200x0,2,30.62415730337079,1043.2875842696628,839.6666853932585,4657.597808988764,178
26491,3,99.9200x0,3,25.704714285714285,1139.7225714285714,811.8768035714286,5011.549321428572,560
26492,3,99.9200x0,4,29.038410041841004,1173.469640167364,932.9858577405859,5373.008652719665,1195
26493,3,99.9200x0,5,36.581325252525254,1394.0225090909091,1138.206719191919,5920.336606060606,2475
26494,3,99.9200x0,6,71.71923869490556,1592.8214939896966,1377.640503720664,6545.0133829421875,1747
26495,3,99.9200x0,8,43.62150593089221,1703.2116761217121,1464.242748839608,6667.724868488912,1939
26496,3,99.9200x0,9,80.48032399299474,2660.441725043783,1751.942697022767,8825.734868651489,1142
26500,3,99.9201,3,7.01125,1382.5333333333335,679.0437499999999,4445.701666666667,24
26501,3,99.9201,4,4.838493150684931,1195.7068493150687,638.4115068493151,4492.834657534247,73
26502,3,99.9201,5,13.468104575163398,1506.0349673202616,1009.907385620915,4953.136601307189,153
26503,3,99.9201,6,30.389999999999997,1688.5232142857144,1173.8839285714287,5208.983839285714,112
26504,3,99.9201,8,51.40685483870968,1854.133870967742,1186.0268548387096,5550.1675000000005,124
26505,3,99.9201,9,37.1475,1860.655,1370.2030000000002,5547.8561666666665,60
26509,3,99.9203,5,0.0,692.7307692307693,1097.4573076923077,4079.019230769231,26
26515,3,99.9204,3,13.315,1193.7446296296296,556.703888888889,4390.785555555555,54
26516,3,99.9204,4,19.687304347826085,1239.7765217391304,868.9720869565218,5307.798695652174,115
26517,3,99.9204,5,21.825077519379846,1109.4763565891474,891.4507364341085,5015.123372093023,258
26518,3,99.9204,6,33.924410480349344,1138.3518777292577,1077.4138864628821,5589.809082969432,229
26519,3,99.9204,8,44.78673469387755,1080.8412244897959,1278.8336734693878,5700.72093877551,245
26520,3,99.9204,9,142.1864655172414,1224.6026724137932,1362.756551724138,5694.431637931034,116
26521,3,99.9205,0,36.37964788732394,356.0598591549296,806.3416901408451,2182.424718309859,142
26522,3,99.9205,1,36.63957894736842,848.8881052631579,739.160105263158,2546.1274736842106,95
26523,3,99.9205,2,36.44284722222223,1136.2684027777777,752.9914583333334,2906.9010416666665,144
26524,3,99.9205,3,44.628875,1364.25546875,764.5912500000001,3319.35559375,320
26525,3,99.9205,4,79.39344139650873,1615.165511221945,837.7415461346633,3785.5182044887783,401
26526,3,99.9205,5,153.29068965517243,1875.6169827586207,1030.427974137931,4480.991336206896,928
26527,3,99.9205,6,73.77970588235294,1966.093631713555,1404.8744501278773,4980.727774936062,782
26528,3,99.9205,8,109.76580060422961,2184.4796777442093,1683.7976737160122,5703.437200402819,993
26529,3,99.9205,9,121.24701380175658,2267.677139272271,1870.1597867001256,6625.180150564617,797
26550,4,,0,98.06656182987848,638.5173141529664,481.3172337383846,2532.919329878485,5596
26551,4,,1,79.08893333333334,892.409,598.0100952380952,3391.320219047619,1050
26552,4,,2,147.64771577380952,1248.9904092261906,902.1622172619047,4718.241703869047,1344
26553,4,,3,164.17154851684265,1410.8986224233283,1203.7071794871795,5563.292051282052,1989
26554,4,,4,162.04661184210528,1712.5439375,1294.3382236842106,5550.755236842106,3040
26555,4,,5,102.15536993822924,1954.3841962937543,1436.7546382978724,5754.191347975291,7285
26556,4,,6,110.74251556842867,2210.0119884141927,1793.3454033309197,6271.931267197682,6905
26557,4,,8,133.3467247314071,2415.1948336288724,1991.5105924689685,6855.260945029728,9587
26558,4,,9,168.09976429059438,2818.069068549305,2021.7134821225234,8897.03965953086,8782
26589,4,00.6600x0,8,16079.055185185185,4701.314814814815,2290.964814814815,30472.953703703704,27
26752,4,03.3101,5,852.1679310344828,4510.4544827586205,4406.229655172414,22067.5924137931,29
26809,4,03.9101,2,330.52523809523814,768.4285714285714,569.9742857142857,3395.106666666667,21
26903,4,06.2x02,3,2481.461111111111,3654.7574074074073,3362.7101851851853,25621.671666666665,54
26904,4,06.2x02,4,3591.0496774193552,3967.3838709677416,2995.3209677419354,26439.91806451613,31
26905,4,06.2x02,5,3409.555142857143,3605.9914285714285,2720.339428571429,26202.73085714286,35
26937,4,06.4x00,3,2727.5184375,4621.97125,4116.37625,33054.0396875,32
27028,4,08.4902,8,83.06875000000001,976.7229166666666,366.6720833333333,2853.273333333333,24
27119,4,11.3201,5,214.33451219512196,1186.2414634146342,160.64963414634147,3377.41256097561,82
27120,4,11.3201,6,235.6458823529412,1089.0980392156862,164.15549019607843,3511.941960784314,51
27121,4,11.3201,8,254.00099999999998,903.1659999999999,194.5436,3052.3188,50
27134,4,11.3900x0,8,2153.9133333333334,336.72592592592594,608.4351851851852,3984.167037037037,27
27139,4,11.3901,6,242.02761904761905,702.6238095238095,122.3695238095238,2643.6676190476187,21
27205,4,13.4100,5,3495.597619047619,1210.0,256.10380952380956,7621.2871428571425,21
27206,4,13.4100,6,2457.319393939394,1078.7318181818182,232.38666666666668,6132.455151515152,33
27207,4,13.4100,8,2378.4208,1119.5933333333332,314.9822666666667,6753.307466666666,75
27208,4,13.4100,9,3145.0267647058827,1133.7235294117647,297.73911764705883,7196.593823529412,34
27213,4,13.41001,6,3344.8978260869562,367.2434782608696,294.02521739130435,7517.399130434782,46
27214,4,13.41001,8,2071.6202531645567,366.46835443037975,272.4910126582279,7530.427721518988,79
27215,4,13.41001,9,1999.4,380.79,286.89575,7443.36075,40
27220,4,13.4100x0,4,6314.222222222223,1025.1374999999998,607.4583333333334,10514.479166666666,36
27221,4,13.4100x0,5,4314.885665236052,1101.8736051502146,566.0987124463519,8316.78017167382,233
27222,4,13.4100x0,6,3112.544132231405,1069.292603305785,688.6719972451791,6970.843319559229,726
27223,4,13.4100x0,8,2334.176511987626,1007.8630394431553,696.0746635730859,6093.423534416086,1293
27224,4,13.4100x0,9,2356.584585987261,1038.2770912951169,698.6375796178344,6149.786008492569,471
27229,4,13.4101,6,12547.51827586207,812.9431034482758,669.0541379310345,19184.37655172414,29
27230,4,13.4101,8,9703.62619047619,788.895238095238,698.3371428571429,18769.569047619047,21
27236,4,13.59001,8,2502.1739130434785,408.7913043478261,273.6939130434783,5368.833043478261,23
27256,4,13.7100x0,6,249.25333333333333,423.80392156862746,328.47549019607845,9682.564705882352,51
27257,4,13.7100x0,8,360.05403225806447,498.21774193548384,348.2856451612903,9467.342096774193,62
27258,4,13.7100x0,9,456.20259259259257,486.0444444444445,398.50666666666666,8970.215555555556,27
27303,4,14.7401,5,9223.965,1145.307894736842,1374.4042105263159,17462.768684210525,38
27304,4,14.7401,6,9302.877741935485,1131.15,1533.744193548387,17938.26193548387,31
27400,4,17.1300x0,5,4395.973636363637,1929.3545454545456,1095.115909090909,10814.592272727272,22
27402,4,17.1300x0,8,4575.746896551725,1912.5931034482758,1103.2320689655173,11066.516206896551,29
27448,4,17.9200x0,5,18.53620689655172,1687.603448275862,866.3203448275863,6005.3575862068965,29
27452,4,17.9500x0,0,49.15,563.8918918918919,900.9798648648648,2587.049054054054,74
27455,4,17.9500x0,3,36.165625,1856.634375,1414.29875,4430.29,32
27456,4,17.9500x0,4,30.195245901639346,1964.9934426229509,1552.4140983606555,5205.039180327869,61
27457,4,17.9500x0,5,46.326328125,2349.63984375,1720.780234375,5868.093984375,128
27458,4,17.9500x0,6,38.86514705882353,2708.981617647059,2254.7008823529413,6790.158235294118,136
27459,4,17.9500x0,8,62.29475490196078,3278.2549019607845,2493.3376960784312,7783.588480392157,204
27460,4,17.9500x0,9,76.26175572519085,3469.498473282443,2741.7199236641222,8328.707786259542,131
27474,4,17.9700x0,5,203.55826086956523,1594.4521739130435,882.2234782608696,5084.765217391305,23
27476,4,17.9700x0,8,77.97045454545454,1737.0045454545455,815.174090909091,4357.329545454545,22
27507,4,18.1100,8,89.88379310344828,2676.196551724138,1077.5706896551724,5745.595862068965,29
27669,4,20.9801,0,89357.31170731707,4000.5853658536585,1069.0636585365853,105784.40073170731,41
27786,4,21.6903,2,2092.348095238095,1463.3714285714286,1961.4685714285713,13340.675714285715,21
27830,4,22.2x01,5,902.9008695652175,1429.7391304347825,1725.364347826087,9346.191304347825,23
27846,4,22.5002,5,231.36285714285714,1366.542857142857,1508.1492857142857,8444.939285714285,28
27862,4,22.5300x0,5,1097.752962962963,1529.5185185185185,1363.684074074074,9398.9,27
27878,4,22.6002,2,3928.244782608696,1643.7226086956523,3121.203913043478,19191.36695652174,23
27880,4,22.6002,4,2573.880909090909,1905.25,2836.034090909091,16874.92409090909,22
27881,4,22.6002,5,2544.798648648649,1979.2189189189191,3147.273243243243,18090.625675675677,37
28075,4,28.3x00,0,437.4430357142857,1668.0089285714287,813.1396428571428,10486.656964285716,56
28077,4,28.3x01,0,306.1696551724138,1365.322068965517,636.5106896551723,7031.769655172414,29
28087,4,28.5x00,5,474.1595238095238,1504.4761904761904,2171.2433333333333,11604.86238095238,21
28096,4,28.6x00x0,0,1348.8203846153847,1643.3076923076924,1485.0267307692307,13765.730961538462,52
28097,4,28.6x00x0,1,1012.2163636363636,1630.1045454545456,1492.725,13354.877727272727,22
28101,4,28.6x02,0,670.1146875,1266.4875,977.7943750000001,9062.2971875,32
28120,4,29.1100x0,5,928.1014285714286,2975.672857142857,2108.3114285714287,17614.193333333333,21
28186,4,30.0905,4,367.04318181818184,1144.5763636363636,957.510909090909,6295.379999999999,22
28187,4,30.0905,5,345.48393939393935,1245.060606060606,838.7536363636364,5889.177878787878,33
28202,4,30.0911,5,255.0104761904762,1123.2619047619048,655.532380952381,4736.201428571429,21
28245,4,31.4200x0,5,91.60272727272728,1790.6159090909093,858.0838636363637,3896.8774999999996,44
28246,4,31.4200x0,6,96.42258064516129,1640.1548387096775,1405.5967741935483,4639.836451612903,31
28247,4,31.4200x0,8,105.79961538461538,2159.123076923077,1368.6226923076924,5126.473076923076,26
28253,4,31.4201,4,57.942800000000005,1805.724,2036.9036,5512.6468,25
28254,4,31.4201,5,65.55823529411765,1739.1264705882354,1353.0908823529412,4303.467058823529,34
28256,4,31.4201,8,65.60227272727273,2279.281818181818,1937.7481818181818,5848.042272727273,22
28302,4,32.3000,5,2946.462380952381,7025.521904761905,3502.1090476190475,54456.5761904762,21
28321,4,32.3902,6,2195.1375000000003,10114.326666666666,4853.98125,59912.4325,24
28326,4,32.4100,5,8587.040476190476,5923.733333333333,3893.4514285714286,45102.11190476191,21
28327,4,32.4100,6,11230.89423076923,6071.339230769231,4715.204230769231,47197.028846153844,26
28381,4,33.2403,4,241.30066666666667,2758.3633333333332,1586.6063333333334,6361.252333333334,30
28382,4,33.2403,5,333.2327192982456,3756.7373684210525,2513.770789473684,9813.666754385966,114
28383,4,33.2403,6,593.7413888888889,4224.431481481482,3256.4049999999997,13277.619907407407,108
28384,4,33.2403,8,496.4897272727273,4414.157272727272,2648.939636363636,11042.808454545453,110
28385,4,33.2403,9,759.3751351351351,6014.5554054054055,5246.026351351352,20421.072297297298,74
28399,4,33.2600x0,6,1109.7438095238094,4709.2,2239.832857142857,11746.410952380951,21
28430,4,34.0400,9,510.8104761904762,4366.761904761905,3916.9142857142856,13551.139047619046,21
28438,4,34.0401,5,624.3305263157894,3537.4568421052627,2700.150789473684,10992.483157894736,38
28439,4,34.0401,6,512.7587272727272,3552.3434545454547,3772.4701818181816,12950.931818181818,55
28440,4,34.0401,8,643.6358974358974,3689.349615384616,3406.4551282051284,12016.84935897436,78
28441,4,34.0401,9,710.704126984127,4387.596507936508,4095.757142857143,13559.261269841269,63
28489,4,34.9101,8,522.3792307692308,4318.35,3982.390384615385,13218.189615384616,26
28490,4,34.9101,9,443.07375,3813.03875,3169.6499999999996,11539.581250000001,24
28568,4,36.0700,5,9804.953793103447,3665.4289655172415,2211.3605172413795,30674.878620689655,58
28569,4,36.0700,6,10715.429873417721,3972.308860759494,2386.7770886075946,28766.756202531647,79
28570,4,36.0700,8,11201.4531,4528.3367,2212.949,28590.5008,100
28571,4,36.0700,9,14453.751666666665,4815.372916666666,3946.9187500000003,32784.753749999996,48
28646,4,38.5901,5,727.2444827586207,1946.9958620689654,1323.124827586207,9723.342586206896,58
28647,4,38.5901,6,743.2010869565217,1982.2128260869563,1464.7767391304346,10600.625869565218,46
28648,4,38.5901,8,995.1433333333333,2056.1833333333334,1003.235,8891.950333333334,30
28675,4,38.9301,5,1247.4514285714286,2842.304761904762,3602.289047619048,11720.981428571427,21
28682,4,38.9302,5,595.5997674418605,2569.903023255814,3586.4846511627907,11175.704418604651,43
28683,4,38.9302,6,475.59216216216214,3361.637837837838,4657.335675675675,12760.197027027027,37
28689,4,38.9303,5,896.0773076923077,6508.326923076923,6026.988461538462,20768.758076923077,26
28691,4,38.9303,8,1604.5134375,10769.84375,10345.0665625,34872.7278125,32
28692,4,38.9303,9,2389.0230555555554,11401.488888888889,11407.7625,39122.36944444445,36
28723,4,38.9700x0,5,259.8863414634146,1267.8365853658538,2259.1865853658537,6591.546097560976,41
28724,4,38.9700x0,6,306.80954545454546,1556.209090909091,1825.585,6156.389999999999,22
28833,4,39.7903,4,520.8912,1833.92,4162.4328000000005,22684.8252,25
28834,4,39.7903,5,1060.6608333333334,1952.6833333333334,3630.6425,21265.297833333334,60
28835,4,39.7903,6,659.7149999999999,1838.4744444444445,3942.5830555555553,24837.274166666666,36
28836,4,39.7903,8,418.4578125,2171.44375,4235.1528125,25401.8940625,32
28861,4,39.9500,3,487.6980952380952,1752.257142857143,3056.618571428571,10513.016666666666,21
28862,4,39.9500,4,575.0173684210527,1806.0596491228068,3250.340877192982,9914.523157894735,57
28863,4,39.9500,5,476.1266666666666,1771.5195402298853,2490.7516091954026,8604.989540229884,87
28864,4,39.9500,6,426.84707692307694,2237.473846153846,2201.6393846153846,9106.908461538462,65
28865,4,39.9500,8,647.863768115942,2241.168115942029,1868.3671014492754,10151.62927536232,69
28866,4,39.9500,9,647.7068181818182,3055.3272727272724,2750.5213636363637,11680.663636363637,22
28971,4,41.3800x0,2,444.24409090909086,2982.7045454545455,9264.079545454546,17725.877727272727,22
28972,4,41.3800x0,3,673.4559999999999,3495.325,9341.61,19267.816,40
28973,4,41.3800x0,4,251.78523809523807,2419.8571428571427,6942.040476190475,12495.039999999999,21
28974,4,41.3800x0,5,780.4057142857143,3942.887755102041,8352.523265306123,19680.72510204082,49
28975,4,41.3800x0,6,222.11925925925928,3606.6888888888893,6216.943333333334,13465.154444444444,27
29066,4,43.4105,3,181.6384,1595.0623999999998,796.4968000000001,4089.6315999999997,25
29067,4,43.4105,4,179.0389411764706,1889.000588235294,1002.6545882352941,4945.500352941177,85
29068,4,43.4105,5,233.91103092783504,2034.766030927835,1126.0969072164949,5660.957474226804,194
29069,4,43.4105,6,283.67027777777776,2123.674351851852,1337.1587037037038,6225.739166666666,108
29070,4,43.4105,8,203.6786046511628,2399.173604651163,1456.9108139534883,6648.797558139535,86
29121,4,44.1300,4,104.37451612903226,1468.569677419355,737.9541935483871,3381.574193548387,31
29122,4,44.1300,5,156.1538596491228,1726.1982456140352,1004.4812280701755,4132.6843859649125,57
29123,4,44.1300,6,128.61,1875.8100000000002,1518.1357575757577,4738.534545454545,33
29124,4,44.1300,8,127.70203125,2124.35171875,1184.97953125,4520.2903125,64
29125,4,44.1300,9,117.17999999999999,2266.0221739130434,1258.013043478261,5196.989130434783,23
29127,4,44.1300x0,2,467.8903225806451,1869.94,1180.446129032258,7225.64,31
29128,4,44.1300x0,3,77.00815533980582,1690.294077669903,1189.6987378640777,4357.987281553398,103
29129,4,44.1300x0,4,63.943163841807916,1958.4138418079096,1157.4585310734462,4672.266101694915,177
29130,4,44.1300x0,5,106.81447427293065,2124.118389261745,1486.7237583892618,5713.379239373602,447
29131,4,44.1300x0,6,134.69816608996538,2284.071868512111,1554.1448442906574,5764.836505190311,289
29132,4,44.1300x0,8,173.9353146853147,2637.3918181818185,2030.3997202797202,6952.364195804195,286
29133,4,44.1300x0,9,219.3758888888889,2903.985777777778,2451.2075555555557,8241.737777777778,90
29140,4,44.1401,5,114.63000000000001,2420.3930232558137,1014.2655813953488,5307.661860465116,43
29141,4,44.1401,6,405.1931578947368,3236.747894736842,2532.775263157895,10167.73394736842,38
29142,4,44.1401,8,308.64437499999997,3035.640625,1865.97,7169.130625,32
29196,4,45.1300x0,3,77.1831914893617,1923.728085106383,653.5091489361702,3606.831914893617,47
29197,4,45.1300x0,4,89.91435294117647,2244.8063529411766,852.8399999999999,4331.529647058824,85
29198,4,45.1300x0,5,97.259009009009,2402.5931531531533,943.0335135135135,4692.979774774775,222
29199,4,45.1300x0,6,176.46468253968254,2627.8342857142857,1135.4063492063492,5539.601190476191,126
29200,4,45.1300x0,8,140.54974137931035,2931.2741379310346,1476.5567241379308,6489.759913793104,116
29201,4,45.1300x0,9,291.0753846153846,3568.06,2485.1815384615384,9138.275384615385,26
29209,4,45.1600,5,157.39515625,2594.0828125,1555.1946875,5889.91578125,64
29210,4,45.1600,6,207.80106382978724,3087.5121276595746,1686.3093617021275,7377.639787234043,47
29211,4,45.1600,8,192.87066666666666,3093.8799999999997,1684.4773333333333,6658.9664999999995,60
29216,4,45.1600x0,5,161.19053571428572,2550.0432142857144,1142.327142857143,5326.687857142858,56
29217,4,45.1600x0,6,145.23857142857145,2890.2054761904765,1213.5804761904762,5981.010952380952,42
29218,4,45.1600x0,8,221.357,2997.42,1804.8966666666668,7660.312,30
29224,4,45.2300,5,174.61125,2217.815,814.2158333333333,4706.862083333333,24
29225,4,45.2300,6,367.82000000000005,2479.2925925925924,1266.8066666666666,5985.203333333333,27
29232,4,45.2302,3,79.01238095238095,2513.2114285714288,1183.194761904762,5136.4423809523805,21
29233,4,45.2302,4,49.111607142857146,1886.912857142857,1258.8698214285716,4552.9175000000005,56
29234,4,45.2302,5,103.39491228070176,2130.3322807017544,1461.407894736842,5404.255964912281,114
29235,4,45.2302,6,101.77238095238094,2367.754761904762,1443.9357142857143,5419.822261904762,84
29236,4,45.2302,8,145.92318181818183,2581.8799999999997,1638.4216666666666,6010.193333333334,66
29250,4,45.2501,5,155.3709090909091,2609.7045454545455,1440.0145454545454,5651.12,22
29252,4,45.2501,8,263.28818181818184,2772.431818181818,1226.1036363636363,5861.668181818181,22
29272,4,45.4200,3,303.79970588235295,1649.3964705882354,593.2976470588235,4044.6891176470585,34
29273,4,45.4200,4,349.1333870967742,2006.1061290322582,762.3832258064516,4683.35,62
29274,4,45.4200,5,410.72485,2000.7739000000001,815.3863,4931.28725,200
29275,4,45.4200,6,466.4775,2093.3135344827588,992.9893103448276,5178.067241379311,116
29276,4,45.4200,8,522.7812987012986,2544.372857142857,1520.6061038961038,6428.53064935065,77
29280,4,45.4200x0,4,350.02153846153846,1353.726153846154,765.4315384615385,4643.948461538462,39
29281,4,45.4200x0,5,436.59979591836736,1675.3261224489795,832.2802040816327,5168.466224489796,98
29282,4,45.4200x0,6,737.7082352941176,2127.919117647059,961.2030882352941,6500.125147058824,68
29283,4,45.4200x0,8,448.3223255813954,1912.6348837209302,911.373023255814,5824.695348837209,43
29288,4,45.4201,5,304.32714285714286,1847.3625,972.4560714285715,5331.268928571429,28
29297,4,45.4300x0,4,710.9517777777778,2095.5466666666666,724.7195555555555,5533.815111111111,45
29298,4,45.4300x0,5,662.5737719298246,2461.1403508771928,1037.438596491228,6561.4636842105265,114
29299,4,45.4300x0,6,800.0454054054054,2787.4705405405407,1273.513243243243,7551.702027027027,74
29300,4,45.4300x0,8,1422.7564705882353,2840.220588235294,1161.0923529411764,8606.038529411764,34
29309,4,45.4302,4,156.48375,2195.6325,703.46,5169.7846875000005,32
29310,4,45.4302,5,263.63180722891565,2136.6436144578315,968.701686746988,5601.086265060241,83
29311,4,45.4302,6,283.1239583333333,2482.914166666667,901.0245833333333,6035.270208333332,48
29312,4,45.4302,8,341.4573170731707,2772.4858536585366,1447.058048780488,7491.32731707317,41
29436,4,47.0100,1,1084.2809638554218,1613.0737349397589,1036.343734939759,6824.924819277108,83
29437,4,47.0100,2,1249.3317021276596,1734.4773404255318,1388.3963829787233,7756.658723404255,94
29438,4,47.0100,3,1396.2509489051095,1803.797810218978,1543.3028467153283,8254.69,137
29439,4,47.0100,4,1338.443775510204,1845.6176530612245,1520.996530612245,8297.847142857143,98
29440,4,47.0100,5,1344.1357823129251,2086.2027891156463,1700.7810204081632,8887.544421768707,147
29441,4,47.0100,6,1386.2959722222222,2163.0431944444445,1691.8755555555554,9118.419444444444,72
29442,4,47.0100,8,1300.2290384615385,2626.9009615384616,2216.1365384615387,10527.146730769231,52
29479,4,48.3508,5,416.555,2087.2753846153846,685.1534615384616,5285.215,26
29507,4,48.3601,5,378.8544444444444,2079.9888888888886,855.1066666666667,5275.483333333333,27
29520,4,48.3603,5,426.5014705882353,2647.239117647059,835.9685294117647,5587.009411764706,34
29528,4,48.4102,5,412.04264705882355,1797.5441176470588,2903.3632352941177,11986.284705882354,34
29616,4,49.0400x0,3,420.5596,1375.4444,1218.9732,6538.4604,25
29617,4,49.0400x0,4,342.90166666666664,1407.5225,1549.92875,7125.139583333334,24
29618,4,49.0400x0,5,429.57242424242423,1413.902424242424,1484.5060606060606,6841.592121212121,33
29663,4,49.4500x0,2,1049.527391304348,923.7660869565217,891.7369565217392,6764.8386956521745,23
29664,4,49.4500x0,3,1019.4797435897435,1260.8676923076923,1379.1415384615384,9058.861282051283,39
29665,4,49.4500x0,4,933.8011111111113,1210.9055555555556,1167.8369444444443,7710.386944444444,36
29666,4,49.4500x0,5,1312.2644897959183,1211.5155102040817,1284.2883673469387,9156.695306122449,49
29671,4,49.4600,2,713.47,1492.142857142857,1252.0861904761905,7459.8452380952385,21
29672,4,49.4600,3,1179.65,1448.921052631579,1352.9936842105262,8033.5824561403515,57
29673,4,49.4600,4,1182.8384615384614,1656.9871794871794,1420.3515384615384,8320.90076923077,78
29674,4,49.4600,5,1046.6130508474575,1692.0762711864406,1366.146525423729,8138.011694915254,118
29675,4,49.4600,6,1152.8262222222222,1734.7888888888888,1385.4071111111111,8379.607333333333,45
29676,4,49.4600,8,1242.331212121212,1870.3030303030303,1371.7148484848483,8918.817272727272,33
29691,4,49.4901,3,2801.3562162162166,1082.2075675675676,1522.9172972972974,9508.025945945945,37
29692,4,49.4901,4,2662.1197959183673,1090.8265306122448,1191.1675510204082,8320.35469387755,49
29693,4,49.4901,5,2785.5385185185182,1170.5055555555557,1158.3744444444444,8568.795185185185,54
29694,4,49.4901,6,2804.525652173913,1206.9321739130435,1584.3934782608696,9808.279565217392,23
29823,4,51.2300,2,1352.7137288135593,1795.0203389830508,1521.117966101695,9369.428983050846,59
29824,4,51.2300,3,1053.8911764705883,1825.8194705882354,1378.512705882353,9363.99894117647,170
29825,4,51.2300,4,1234.997548076923,2005.7682692307692,1459.954951923077,9342.900673076923,208
29826,4,51.2300,5,1252.1400274725277,2119.288131868132,1516.0522527472529,9646.74739010989,364
29827,4,51.2300,6,1455.2089839572193,2387.2948128342246,1640.5991978609625,10265.481497326204,187
29828,4,51.2300,8,1406.036,2876.5129285714283,2188.877214285714,11799.87942857143,140
29829,4,51.2300,9,1875.5207692307692,3678.2176923076922,2830.3107692307694,14001.283846153847,26
29936,4,53.0202,0,535.8163636363636,782.1509090909091,394.1377272727273,4022.2190909090905,22
29962,4,53.0401,5,1688.6097368421051,1252.1894736842105,512.7163157894736,6842.868684210526,38
29963,4,53.0401,6,1533.201607142857,1200.189285714286,441.19750000000005,6840.904464285714,56
29964,4,53.0401,8,1487.819104477612,1336.803432835821,538.728656716418,7426.02104477612,67
29965,4,53.0401,9,1202.9093548387098,1652.906451612903,399.35354838709674,7749.29,31
30121,4,54.9101,5,507.728,3380.4959999999996,3775.1792,11094.338800000001,25
30144,4,55.0106,5,1112.5948780487804,2439.371463414634,1319.398292682927,14714.883170731706,41
30145,4,55.0106,6,1002.422972972973,2449.8094594594595,1306.9270270270272,12774.163783783784,37
30146,4,55.0106,8,1766.7231818181817,3106.5954545454547,1527.0172727272727,13057.984090909093,22
30175,4,55.0404,5,2925.9843333333333,3293.521333333333,2354.6200000000003,16704.394666666667,30
30245,4,56.0x00x0,2,2423.4079166666666,2003.5375000000001,1326.6975,12292.7525,24
30246,4,56.0x00x0,3,2563.3908955223883,1952.130447761194,1436.7368656716417,12672.799850746269,67
30247,4,56.0x00x0,4,2856.0420754716984,2110.91320754717,1541.382358490566,13845.299339622641,106
30248,4,56.0x00x0,5,2969.69,2255.9277049180328,1484.1327868852459,13826.019508196721,183
30249,4,56.0x00x0,6,2585.512142857143,2384.217714285714,1619.774,14267.197,70
30250,4,56.0x00x0,8,3356.4102173913043,2472.012608695652,2017.374347826087,14313.242173913044,46
30258,4,56.0x03,4,3202.3931578947368,2042.9736842105262,1483.536052631579,11697.368684210527,38
30259,4,56.0x03,5,3934.2088636363637,2130.0113636363635,1638.2409090909093,12940.520681818183,44
30267,4,56.0x06,4,3133.194117647059,2290.8529411764707,994.5755882352942,10426.362352941176,34
30268,4,56.0x06,5,3290.6232,2533.28,1282.0406,11436.4492,50
30269,4,56.0x06,6,2966.317619047619,2733.273333333333,1370.9766666666667,12218.172857142858,21
30401,4,57.9400,6,357.37899999999996,3713.273333333333,3986.2173333333335,12761.216666666667,30
30402,4,57.9400,8,386.62442857142855,3326.097142857143,2799.8985714285714,10300.748428571429,70
30403,4,57.9400,9,375.8077894736842,4215.325789473684,2422.9821578947367,12339.510473684211,190
30406,4,57.9500,8,570.53,3986.964285714286,2250.1892857142857,15487.612500000001,28
30407,4,57.9500,9,500.6505633802817,4844.007042253521,2809.7719014084505,16808.72105633803,142
30464,4,59.8x03,4,1363.7158333333334,1880.9408333333333,1007.8904166666666,7381.895833333333,24
30465,4,59.8x03,5,1634.457894736842,2303.533684210526,1663.483157894737,9746.84552631579,38
30507,4,60.2900x0,6,1727.2220000000002,2651.0442,1923.7816,13857.4728,50
30508,4,60.2900x0,8,2260.2113157894737,2999.1676315789473,2129.099605263158,14774.717236842105,76
30509,4,60.2900x0,9,2629.527777777778,2975.3985185185184,2306.3092592592593,14568.028518518518,27
30514,4,60.2902,6,1943.8166666666668,3122.539393939394,2660.275757575758,13673.020303030302,33
30515,4,60.2902,8,1921.534142857143,2993.307142857143,2660.5955714285715,13644.830571428573,70
30516,4,60.2902,9,1982.2089655172415,3624.948275862069,3006.783103448276,15273.544827586207,29
30626,4,65.2501,2,1187.6779166666668,1728.6708333333333,1438.7258333333332,7935.975833333334,24
30627,4,65.2501,3,1276.2166666666667,1883.6666666666667,1413.2696666666668,8957.365333333333,30
30679,4,66.4x02,3,938.5612,1646.392,1075.0212,7655.7608,25
30780,4,68.2901,4,1385.1735483870966,2064.968387096774,1887.7332258064516,10722.454838709678,31
30796,4,68.2913,4,471.7459090909091,1265.9636363636364,357.41818181818184,5189.87909090909,22
30800,4,68.2915,3,623.9131111111111,1365.7911111111111,572.7344444444444,5384.247111111111,45
30801,4,68.2915,4,322.19136986301373,1440.1287671232876,689.3879452054795,5284.237671232876,73
30802,4,68.2915,5,344.2057142857143,1436.497142857143,605.0197142857143,5207.715428571429,35
30819,4,68.4100,5,2329.168260869565,2573.691304347826,1656.8960869565217,14663.141304347826,23
30823,4,68.4901,4,899.2408333333333,2559.1841666666664,1501.8091666666667,10441.793333333333,24
30824,4,68.4901,5,835.6472727272728,2752.037272727273,2110.284090909091,11032.967727272728,22
30860,4,69.0200x0,2,123.20774193548387,811.6741935483872,397.60483870967744,2333.876774193548,31
30861,4,69.0200x0,3,160.35857142857142,757.702857142857,434.50228571428573,2535.6674285714284,35
30864,4,69.0201,2,19.544999999999998,770.635294117647,258.03823529411767,1962.7967647058822,34
30865,4,69.0201,3,65.4624,793.9780000000001,270.9004,2163.9578,50
30873,4,69.0901,3,44.92142857142857,1581.1714285714286,502.52523809523814,2831.1161904761907,21
30874,4,69.0901,4,45.9985,1748.8716666666667,402.5398333333333,3185.5575000000003,60
30875,4,69.0901,5,49.888108108108106,1861.583783783784,332.7305405405406,3310.171891891892,37
30989,4,71.7102,2,696.8128301886793,1508.95320754717,721.0384905660378,13540.912452830189,53
30990,4,71.7102,3,1114.406875,1788.2535416666667,726.8439583333334,17832.92583333333,48
31024,4,73.6x01,2,318.89696629213483,1210.0941011235955,402.7080898876405,5241.811067415731,178
31025,4,73.6x01,3,297.1398214285714,1237.4166071428572,444.68660714285716,5751.6076785714295,56
31034,4,74.1x01,2,920.8368267223383,1253.659018789144,1018.7617536534447,8071.541189979123,479
31035,4,74.1x01,3,1213.586014319809,1379.9485441527445,1097.422553699284,10692.828878281622,419
31036,4,74.1x01,4,1019.4692592592592,1335.0070370370372,1010.4348148148149,8548.367777777778,27
31068,4,75.6902,2,204.6174489795918,1102.2777551020408,399.3314285714286,3708.562755102041,98
31069,4,75.6902,3,186.0034328358209,1062.1497014925374,302.0223880597015,3753.250447761194,67
31194,4,78.6103,5,313.1228,1188.6480000000001,569.0784,4456.0224,25
31258,4,78.6701,5,681.3976595744681,1243.3778723404255,826.8395744680851,5761.13085106383,47
31364,4,79.1500x0,8,14256.116666666667,4125.979047619047,3877.098095238095,30166.88904761905,21
31365,4,79.1500x0,9,12321.712647058823,5437.676470588235,3342.1670588235293,31076.38529411765,34
31396,4,79.3100x0,5,11495.084285714285,2417.9142857142856,2499.828095238095,23989.905238095238,21
31398,4,79.3100x0,8,14564.96904761905,4253.380952380952,3315.813809523809,32583.741904761908,21
31417,4,79.3200x0,5,9516.707826086957,2445.230434782609,2245.196956521739,20685.982173913046,23
31461,4,79.3500x0,5,15479.729677419355,4676.152903225806,3721.0848387096776,34736.29129032258,31
31462,4,79.3500x0,6,15407.448181818181,4016.473636363636,3317.652727272727,32438.222272727275,22
31463,4,79.3500x0,8,16632.875925925928,4751.194814814815,3384.0055555555555,35156.597037037034,27
31464,4,79.3500x0,9,13540.250606060607,5623.658787878788,3181.257575757576,33234.61090909091,33
31480,4,79.3600x0,4,15998.171212121213,2576.3193939393936,3672.082424242424,32800.598787878786,33
31481,4,79.3600x0,5,14377.590147058823,3116.3810294117648,3203.601323529412,29554.10382352941,68
31482,4,79.3600x0,6,13653.615714285714,3233.7152380952384,3911.1409523809525,30733.419523809527,21
31528,4,79.3900x0,4,8975.009333333332,2236.3340000000003,1767.4613333333332,17645.128333333334,30
31529,4,79.3900x0,5,9338.292222222222,2652.6138888888886,2691.691296296296,21875.94796296296,54
31531,4,79.3900x0,8,6407.23380952381,3032.7942857142857,2181.094285714286,17578.960952380952,21
31735,4,81.5100,5,29543.97708333333,3024.556666666667,2340.0362499999997,44756.107500000006,24
31736,4,81.5100,6,22087.4559375,4488.618125,3184.34375,44889.285312500004,32
31737,4,81.5100,8,20764.41107142857,3830.3857142857146,3172.154642857143,44485.66071428572,28
31745,4,81.5201,8,18824.227692307693,5087.290769230769,3301.6573076923078,37963.76884615385,26
31746,4,81.5201,9,14208.970344827587,4099.204827586207,3038.5127586206895,31770.525172413792,29
31760,4,81.6500,6,12322.739130434782,3083.217391304348,1307.6960869565216,20390.156086956522,23
31761,4,81.6500,8,11096.927872340426,3540.887659574468,1360.2176595744681,19549.559148936172,47
31762,4,81.6500,9,11854.278205128205,3807.571282051282,1323.6276923076923,20349.03948717949,39
31774,4,81.6600x0,6,17392.600833333334,2608.4708333333333,1634.5416666666667,26224.23708333333,24
31775,4,81.6600x0,8,16389.664210526316,2642.246052631579,1664.5205263157895,24132.924473684212,38
31793,4,81.9100,5,45.50681818181818,1754.4818181818182,1405.2781818181818,5595.853636363637,22
31794,4,81.9100,6,222.3095652173913,2419.521739130435,2025.5882608695651,10340.997826086958,23
31802,4,81.9201,5,20.563181818181818,1480.388181818182,1059.7127272727273,7323.905,22
31803,4,81.9201,6,26.646153846153844,1671.3096153846154,1937.4738461538461,7735.160384615384,26
31804,4,81.9201,8,48.5845945945946,2182.3656756756754,1206.9527027027027,7064.072162162162,37
31884,4,83.1901,4,24.885714285714283,1631.1964285714287,1202.6539285714284,5462.068214285714,28
31885,4,83.1901,5,29.741304347826084,1686.9076086956522,1280.3491304347826,5589.848804347826,92
31886,4,83.1901,6,22.633928571428573,1839.4910714285713,1269.1591071428572,6019.95125,56
31887,4,83.1901,8,27.493478260869566,2148.8804347826085,1317.2939130434781,6366.878913043478,46
32066,4,85.2100x0,2,821.0928985507247,1299.8300000000002,229.03028985507245,7002.636956521739,69
32067,4,85.2100x0,3,587.0339200000001,1533.8388,134.18184,8123.73832,125
32068,4,85.2100x0,4,772.8183333333333,1639.5161111111113,190.73822222222222,7604.1831111111105,90
32069,4,85.2100x0,5,617.6596825396826,1610.2588888888888,180.4873015873016,7337.44,63
32070,4,85.2100x0,6,1226.6938095238095,1844.0238095238096,394.3057142857143,7633.239523809524,21
32211,4,86.2800,5,141.2474074074074,1869.5925925925926,1082.7011111111112,5620.536666666666,27
32240,4,86.3x02,5,226.80928571428572,1181.875,231.69714285714286,2655.4514285714286,28
32248,4,86.3x03,4,372.04727272727274,1238.078181818182,405.4339393939394,3804.1715151515155,33
32249,4,86.3x03,5,196.34511111111112,1262.042888888889,381.298,4095.1495555555557,45
32250,4,86.3x03,6,195.0730769230769,1455.5961538461538,529.781923076923,5543.546923076923,26
32391,4,87.4401,0,147.67037037037036,398.9816666666666,369.84277777777777,1648.9518518518516,54
32424,4,88.4101,5,1813.1902857142857,3803.1614285714286,4127.329571428571,13636.419285714286,70
32425,4,88.4101,6,1331.2626666666665,3798.5816666666665,3456.5091666666663,12619.693333333333,60
32426,4,88.4101,8,2052.285714285714,4473.914285714286,4177.711818181818,14888.746493506493,77
32427,4,88.4101,9,1468.62125,4499.191666666667,3232.0170833333336,12938.051666666666,24
32442,4,88.4701,5,2908.5268181818183,2610.468181818182,5216.715909090909,17140.379090909093,22
32463,4,88.5500,4,1275.9712,2758.8920000000003,1090.982,8039.9268,50
32464,4,88.5500,5,1289.182801724138,2759.5052586206893,1175.3681896551723,8679.423362068965,232
32465,4,88.5500,6,1198.9837065637066,2893.1752123552124,1381.626332046332,8735.118610038611,259
32466,4,88.5500,8,1551.6461888111887,3178.345944055944,1711.683006993007,9751.25513986014,286
32467,4,88.5500,9,1349.8307766990292,3644.3112621359223,1712.4650485436894,9820.210000000001,103
32538,4,89.3701,5,150.937868852459,2241.6672131147543,1464.5552459016392,5283.183278688524,61
32539,4,89.3701,6,116.07978260869565,2505.378260869565,1708.7376086956524,5977.995217391305,46
32540,4,89.3701,8,142.9426388888889,2806.543055555556,2215.143472222222,7150.5055555555555,72
32541,4,89.3701,9,148.70860000000002,2810.1459999999997,2439.402,7741.6166,50
32553,4,89.5400,5,127.72000000000001,2911.6341463414633,1048.898536585366,5264.013414634146,41
32554,4,89.5400,6,118.30673469387754,3046.5408163265306,1546.8008163265308,6356.689183673469,49
32555,4,89.5400,8,109.42824742268043,2895.788762886598,1353.288350515464,6120.053092783505,97
32556,4,89.5400,9,131.0741860465116,3132.6127906976744,1271.3431395348837,6378.232558139535,86
32583,4,92.2400,5,885.5965714285715,4084.877142857143,10078.404857142858,47572.42571428571,35
32584,4,92.2400,6,557.244375,3619.5875,11702.9878125,47378.0165625,32
32585,4,92.2400,8,1295.995,4189.936363636364,10376.432727272726,49614.723181818175,22
32626,4,93.3500x0,2,37.005,1407.6041666666667,1004.2158333333333,3995.39625,24
32627,4,93.3500x0,3,23.804155844155844,1426.3311688311687,2109.6055844155844,5115.050779220779,77
32628,4,93.3500x0,4,30.841637931034484,1926.568103448276,1358.1681034482758,5260.627155172414,116
32629,4,93.3500x0,5,33.59840677966102,2015.6369491525425,1294.831220338983,5184.146033898305,295
32630,4,93.3500x0,6,56.59403755868545,2462.0117370892017,1746.9329577464787,6231.618638497653,213
32631,4,93.3500x0,8,72.80264026402641,3001.5963696369636,2447.4138613861387,7589.210990099011,303
32632,4,93.3500x0,9,83.07150537634408,3397.5387096774193,2532.4056451612905,8020.575,186
32635,4,93.3501,5,39.49666666666667,1326.1515151515152,744.0351515151515,7086.17303030303,33
32666,4,93.3510,5,42.718275862068964,1540.8137931034482,1491.1803448275864,5322.608965517242,29
32667,4,93.3510,6,58.63636363636363,1830.909090909091,2640.197272727273,7380.860909090909,22
32668,4,93.3510,8,54.398372093023255,1823.8999999999999,2471.972093023256,7242.193720930233,43
32706,4,93.3902,4,46.57217391304348,2219.9569565217394,928.2804347826087,4413.994347826087,23
32707,4,93.3902,5,36.47701754385965,1888.2333333333333,1023.9277192982456,4625.064561403508,57
32708,4,93.3902,6,61.91854166666667,2197.6770833333335,1162.686875,5222.914583333333,48
32709,4,93.3902,8,67.07866666666666,2516.862666666667,1338.2548,5888.9968,75
32710,4,93.3902,9,118.36022222222222,2917.4871111111115,1460.5671111111112,8623.53711111111,45
32779,4,93.5402,5,138.18666666666667,1758.3583333333333,996.803888888889,4976.9366666666665,36
32781,4,93.5402,8,164.97363636363636,1801.609090909091,789.9704545454545,4406.960454545455,22
32806,4,93.9000,6,662.333448275862,4781.17275862069,3717.5920689655172,15343.27,29
32807,4,93.9000,8,590.1007526881721,4555.681720430108,3096.9223655913975,13216.393118279571,93
32808,4,93.9000,9,699.2041111111112,6119.339,4485.334444444445,17990.03011111111,90
32812,4,93.9000x0,6,492.67928571428575,4209.0542857142855,3209.529714285714,11159.908285714286,70
32813,4,93.9000x0,8,597.3284210526316,5191.6522807017545,4333.035789473684,15133.713596491229,114
32814,4,93.9000x0,9,745.4465789473685,5470.098157894737,4885.958157894736,17189.876228070174,114
32830,4,93.9401,0,162.59061946902654,324.13274336283183,464.1185840707965,1731.8569911504424,113
32841,4,93.9601,2,96.01142857142857,1628.7619047619048,609.7847619047619,3058.5271428571427,21
32842,4,93.9601,3,98.9,2312.2272727272725,940.445,4452.356818181818,22
32843,4,93.9601,4,103.23589285714286,2701.160714285714,1155.2269642857143,5197.776785714285,56
32844,4,93.9601,5,104.63297297297298,2593.2533783783783,1190.3188513513514,5204.553108108108,148
32845,4,93.9601,6,106.16744047619048,2952.0535714285716,1416.5370833333334,6058.33125,168
32846,4,93.9601,8,104.41558394160583,2959.662408759124,1291.8072262773721,6058.946824817518,274
32847,4,93.9601,9,113.62324110671936,2859.7332015810275,1357.3945849802371,6084.625494071146,253
32857,4,94.2901,1,678.8095238095239,8377.238095238095,542.8014285714286,19817.23,21
32878,4,94.3901,3,25.752857142857142,6305.380952380952,524.3428571428572,11468.524285714286,21
32879,4,94.3901,4,12.96404761904762,6670.285714285715,449.19738095238097,12675.209047619048,42
32880,4,94.3901,5,11.621692307692307,6664.415384615385,566.6298461538462,12869.374615384615,65
32892,4,94.4401,3,11.316176470588236,6368.982352941176,344.44323529411764,12110.859411764704,34
32893,4,94.4401,4,8.26290322580645,6729.870967741936,265.7089247311828,13017.746021505374,93
32894,4,94.4401,5,10.654388489208634,6869.13381294964,363.6586330935252,13432.633884892088,139
32895,4,94.4401,6,18.830000000000002,7242.698529411765,435.0417647058824,14501.849705882354,68
32896,4,94.4401,8,25.9605,7001.5,655.5815,14835.508666666667,60
32917,4,96.0400,8,1831.7833333333333,8113.537037037037,7291.647407407408,27772.33074074074,27
32918,4,96.0400,9,1334.2370731707317,9384.653658536585,8617.908048780488,29685.453658536586,41
32925,4,96.0700,9,454.7829508196722,4523.508196721312,2567.2040983606557,15412.254262295082,61
32946,4,96.3500x0,8,303.0635294117647,4058.1323529411766,1823.0879411764706,13584.12205882353,34
32947,4,96.3500x0,9,490.4965454545455,4826.842424242424,2738.698484848485,16385.708484848485,165
32996,4,96.7101,5,1360.4944,4786.0368,3940.3912,15218.448400000001,25
32997,4,96.7101,6,873.9157499999999,4562.312,3516.52525,13218.843499999999,40
32998,4,96.7101,8,979.3437096774193,5415.256451612903,4504.443064516128,16647.969838709676,62
32999,4,96.7101,9,835.9817307692308,5141.719038461539,3535.193653846154,13547.118846153848,52
33007,4,96.7201,5,2269.309583333333,9354.860416666666,13052.487083333333,40504.176666666666,24
33008,4,96.7201,6,2273.7613333333334,13761.47,12890.205666666667,47057.871,30
33009,4,96.7201,8,2469.1198113207547,14758.896037735849,11503.831698113207,45743.255283018865,53
33010,4,96.7201,9,2133.3706779661015,12378.128813559322,12999.99593220339,41052.572372881354,59
33013,4,97.0101,8,477.4336956521739,3774.4891304347825,2384.928695652174,15527.540652173913,46
33014,4,97.0101,9,414.89644444444446,4220.191111111111,2276.1984888888887,15635.984266666666,225
33030,4,97.6203,5,22.035454545454545,1183.9545454545455,592.9263636363636,2780.961818181818,22
33036,4,97.6204,4,38.05571428571429,758.5719047619048,267.7142857142857,2485.0819047619048,21
33037,4,97.6204,5,85.58533333333334,809.366888888889,225.59266666666667,2362.8282222222224,45
33045,4,97.6205,5,105.42,1171.042857142857,355.5032142857143,3551.84,28
33109,4,98.5103,2,47.95551724137931,1165.9275862068966,470.2341379310345,2999.5741379310343,29
33110,4,98.5103,3,31.332235294117645,1396.4047058823528,569.9343529411765,3195.491294117647,85
33111,4,98.5103,4,26.425,1369.06,599.4316666666666,3402.9466666666667,90
33112,4,98.5103,5,34.210080000000005,1403.3983999999998,698.9723200000001,3484.4612,125
33113,4,98.5103,6,41.6065,1441.725,798.89825,3895.71475,40
33114,4,98.5103,8,30.969166666666666,1556.3166666666666,725.3441666666666,3881.0916666666667,24
33120,4,99.0301,5,181.93275862068967,2562.1068965517243,4359.088103448275,12455.186379310344,58
33121,4,99.0301,6,306.66178571428566,3347.3035714285716,7709.585,18548.17607142857,28
33122,4,99.0301,8,183.4726923076923,2868.8865384615387,2822.1157692307697,10094.711923076924,52
33123,4,99.0301,9,264.05894736842106,3273.8684210526317,4196.622631578947,13402.847894736842,38
33131,4,99.0401,8,278.6857894736842,3111.0,1682.8242105263157,9624.346578947368,38
33132,4,99.0401,9,957.2505405405407,8500.675675675675,4962.691351351351,24433.586756756755,37
33147,4,99.1000,9,442.49260869565217,4787.086956521739,7218.761739130435,16283.589130434782,23
33166,4,99.1700,6,346.53666666666663,3291.8541666666665,1602.2258333333332,6532.640416666666,24
33167,4,99.1700,8,290.0036,2966.54,1786.4968,6402.888000000001,25
33172,4,99.2100,5,175.44739130434783,1956.0,2316.7052173913044,5784.935217391305,23
33173,4,99.2100,6,293.19290322580645,2515.5806451612902,5498.615483870968,11344.743870967743,31
33174,4,99.2100,8,276.78633333333335,2741.483333333333,4575.247,10498.991666666667,30
33175,4,99.2100,9,276.57461538461536,3114.923076923077,4046.373461538462,10604.193461538463,26
33186,4,99.2500,5,213.52757142857143,1730.85,3419.6385714285716,6784.732285714286,70
33187,4,99.2500,6,269.04712643678164,1816.655172413793,4117.4919540229885,8297.692068965516,87
33188,4,99.2500,8,206.24618181818184,1935.330909090909,2543.602727272727,6336.483636363636,55
33199,4,99.2503,3,367.1660869565217,1650.1195652173913,4326.986086956522,8041.086304347826,46
33200,4,99.2503,4,286.7761194029851,1730.3514925373136,5214.178731343284,8883.454552238805,134
33201,4,99.2503,5,375.5082236842105,1737.642192982456,4083.040504385965,8089.667960526315,456
33202,4,99.2503,6,298.16583120204604,1884.0027621483375,4310.070485933504,8620.70253196931,391
33203,4,99.2503,8,336.6114349775785,2223.9764125560537,3970.544618834081,8696.967578475336,223
33211,4,99.2800,5,378.71333333333337,1071.7708333333333,4483.8045833333335,7057.042916666666,48
33212,4,99.2800,6,459.44,1114.244,4743.9388,7175.8228,25
33226,4,99.2801,5,176.01050847457628,1883.0322033898303,2197.4661016949153,6240.59406779661,59
33227,4,99.2801,6,361.97125,2263.644642857143,3575.057678571429,8071.532142857142,56
33228,4,99.2801,8,189.46807692307692,1994.6711538461536,2454.538653846154,6229.29826923077,52
33238,4,99.2904,0,211.50521739130434,619.3913043478261,1211.6852173913044,8167.306956521739,23
33286,4,99.8301,0,146.80133333333333,1466.77,187.67283333333333,2485.2855,60
33304,4,99.9200x0,2,15.588000000000001,891.5477142857144,465.0534285714286,4912.432,35
33305,4,99.9200x0,3,18.92152317880795,1137.546490066225,712.653642384106,4952.834437086092,151
33306,4,99.9200x0,4,24.835331230283913,1245.8628391167192,789.5836277602524,5458.7121135646685,317
33307,4,99.9200x0,5,24.793593314763232,1323.7684958217271,898.4283147632312,5640.210779944289,718
33308,4,99.9200x0,6,37.78676258992806,1694.0737649880095,1356.561294964029,6281.883621103118,417
33309,4,99.9200x0,8,53.606623376623375,1753.7159307359307,1604.477619047619,7298.161017316018,462
33310,4,99.9200x0,9,43.11071428571429,1837.156476190476,1747.7007142857144,6984.006809523809,210
33322,4,99.9205,3,52.309999999999995,1686.7136363636362,1061.9113636363636,4060.208181818182,22
33323,4,99.9205,4,44.60375,1903.159375,1439.371875,4958.5756249999995,32
33324,4,99.9205,5,59.565934065934066,2165.23956043956,1721.8717582417585,5790.9159340659335,91
33325,4,99.9205,6,69.28794117647058,2518.532352941176,2078.609117647059,6939.200294117648,102
33326,4,99.9205,8,83.14020270270271,2590.5054054054053,2187.002972972973,7174.852364864864,148
33327,4,99.9205,9,113.28338129496403,3157.348201438849,2650.5873381294964,8714.524820143884,139
33328,5,,0,87.33873460216043,740.3809380837642,557.659763651623,2466.66316159948,73874
33329,5,,1,50.94003366705059,981.8310108974927,573.0237556480907,2569.20458226278,11287
33330,5,,2,52.54603964960812,1186.5386176425388,618.0223905025357,3083.574527431996,13014
33331,5,,3,63.12844017457349,1397.8450354248143,847.8786742617468,3930.3322535849916,17643
33332,5,,4,76.84932982707785,1706.639857359152,1137.5734962945255,4960.511621643159,25098
33333,5,,5,88.35263129093188,1901.196439654716,1331.9839501138592,5346.893804833271,56649
33334,5,,6,103.699948226922,2119.5638216127613,1662.948087194659,5787.15071882621,50026
33335,5,,8,115.3496557756412,2269.8707036006504,1846.607316317254,6174.6856867957795,72598
33336,5,,9,134.95363434523685,2433.2654072168157,2032.8749828813313,6688.835301807316,48193
33407,5,00.6301,8,50667.77238095238,6254.342857142858,7226.613333333334,80381.61571428571,21
33416,5,00.6400x0,8,36634.50814814815,5133.620740740741,3758.6222222222223,62555.34444444445,27
33433,5,00.6600,6,9364.905652173913,2910.1804347826082,2247.5234782608695,21845.74956521739,23
33434,5,00.6600,8,11056.438648648647,3459.3932432432434,3028.386216216216,25194.59027027027,37
33438,5,00.6600x0,5,11851.342711864407,3368.867966101695,2528.1042372881357,24864.406440677965,59
33439,5,00.6600x0,6,13478.67157894737,3274.2949122807017,2439.5385964912284,25859.91192982456,57
33440,5,00.6600x0,8,14962.75125,3595.4933653846156,3147.4842307692306,30173.680576923074,104
33441,5,00.6600x0,9,15541.72875,3745.716875,3402.329791666667,31925.99270833333,48
33535,5,01.2400x0,5,17276.872173913045,12333.199999999999,15252.777826086956,66719.26913043478,23
33552,5,01.2408,4,12940.563055555556,9229.092222222222,16689.23472222222,66400.82194444444,36
33553,5,01.2408,5,14064.30957894737,9711.143052631578,15509.570842105262,64239.25757894736,95
33554,5,01.2408,6,12408.742924528302,10913.41075471698,14902.439905660376,64776.54566037736,106
33555,5,01.2408,8,12238.22189781022,10643.08211678832,14867.059562043796,62566.92693430657,137
33556,5,01.2408,9,12212.804137931034,8794.944827586207,13826.22275862069,58856.96724137931,29
33560,5,01.2409,8,4245.37054054054,4216.585945945946,5020.720810810812,22110.13918918919,37
33594,5,01.3104,5,16404.05375,10168.72625,20623.617749999998,82507.06525,40
33595,5,01.3104,6,12809.715675675676,9659.442702702703,13487.072702702702,59060.84189189189,37
33596,5,01.3104,8,10098.634893617022,8623.862127659575,12992.847021276597,50347.46234042553,47
33610,5,01.3108,5,4583.896315789473,3613.255263157895,4563.614473684211,19241.717105263157,38
33611,5,01.3108,6,2611.119104477612,3561.1394029850744,4411.82895522388,18599.437164179104,67
33612,5,01.3108,8,3680.6242056074766,3778.827570093458,4062.3057943925232,19513.098411214953,107
33613,5,01.3108,9,3159.435901639344,5402.635081967213,4139.679508196721,20657.418360655738,61
33627,5,01.3900x0,4,20096.385319148936,14131.501702127658,17932.106170212766,79805.98638297872,47
33628,5,01.3900x0,5,14495.772777777776,13497.063492063493,17771.693253968253,74670.71325396825,126
33629,5,01.3900x0,6,13149.133333333333,12402.561742424241,14234.055757575758,64323.68704545454,132
33630,5,01.3900x0,8,12641.754961240309,13248.495658914728,14306.016589147286,65115.78945736434,129
33631,5,01.3900x0,9,10969.863125000002,10750.497916666667,10559.914791666668,52295.36541666667,48
33635,5,01.3901,5,4952.086666666667,9115.844242424242,14570.298181818183,49836.91848484849,33
33636,5,01.3901,6,11453.100512820512,11335.65794871795,18487.118717948717,67845.79717948717,39
33637,5,01.3901,8,5695.171525423729,10113.955423728814,13856.743898305085,48726.23525423728,59
33829,5,03.0900x0,5,15209.644166666665,5355.04125,5409.183333333333,40751.905,24
33830,5,03.0900x0,6,16238.906521739129,4021.9086956521737,3941.9630434782607,41164.833913043476,23
33878,5,03.3101,0,294.5138356164383,2642.0559589041095,1018.7527397260274,8190.968698630137,146
33879,5,03.3101,1,95.86844444444445,2304.999333333333,596.9595555555555,4077.3657777777776,45
33880,5,03.3101,2,167.01916666666668,3416.528333333333,2014.5595833333334,7762.411875000001,48
33881,5,03.3101,3,302.48462686567166,3514.8065671641793,2680.7059701492535,9706.45552238806,67
33882,5,03.3101,4,225.18493827160492,3065.573209876543,1668.296049382716,6911.114567901235,81
33883,5,03.3101,5,207.81264248704665,3476.2577720207255,3095.353886010363,9695.118601036269,193
33884,5,03.3101,6,1216.1602836879433,4416.78524822695,3094.6176595744682,12478.708085106384,141
33885,5,03.3101,8,307.52074074074073,4901.933024691358,4135.924444444445,13031.933580246912,162
33886,5,03.3101,9,534.5893220338983,5596.627627118644,4784.588305084745,17347.475254237288,59
33910,5,03.5304,4,23112.025384615383,4465.620769230769,5458.325128205128,46986.686410256414,39
33911,5,03.5304,5,20865.494482758622,3951.2429885057472,4197.820459770115,39130.737586206895,87
33912,5,03.5304,6,20308.57693877551,4637.548367346939,4467.879795918368,41686.99408163265,49
33916,5,03.5305,3,18780.10451612903,3265.502258064516,3649.196774193548,36617.600000000006,31
33917,5,03.5305,4,19984.004864864866,3396.316036036036,4486.008648648649,40552.439729729726,111
33918,5,03.5305,5,19483.00474074074,3574.0882592592593,4092.3954444444444,38709.46711111111,270
33919,5,03.5305,6,21110.319666666666,3988.4680000000003,4334.431416666667,40992.59508333333,120
33920,5,03.5305,8,17989.218723404258,4998.523617021277,4934.275957446808,44084.98042553192,47
33955,5,03.9100x0,2,676.71375,1752.0383333333332,936.3008333333333,5614.502083333333,24
33961,5,03.9101,2,399.794262295082,1290.8045901639346,649.421475409836,5069.254590163934,61
33962,5,03.9101,3,418.6485714285715,1587.084285714286,709.9923809523809,5326.125238095238,21
33969,5,03.9102,4,109.1892,1889.7623999999998,1505.7144,6410.5008,25
33970,5,03.9102,5,413.25,1608.6987931034482,962.0025862068966,5746.248103448276,58
33971,5,03.9102,6,291.85609374999996,1904.8453125,1305.77046875,6554.8228125000005,64
33972,5,03.9102,8,397.18757142857146,1866.7981428571427,1386.9774285714286,6569.765857142857,70
33973,5,03.9102,9,413.3220588235294,1924.0758823529413,1052.8876470588236,5536.031470588236,34
34072,5,04.2x05,4,1147.6157142857144,3435.7957142857144,992.8077142857144,7427.402571428572,35
34073,5,04.2x05,5,1340.7364356435644,3744.706732673267,1055.7282178217822,8162.56198019802,101
34074,5,04.2x05,6,1148.6038235294118,3182.8717647058825,1370.0755882352942,8627.972941176471,34
34075,5,04.2x05,8,1259.1097872340426,3571.55914893617,1437.6548936170213,9023.288510638298,47
34147,5,04.4900x0,5,242.53833333333333,2064.7741666666666,1445.6322916666668,9587.394791666668,48
34148,5,04.4900x0,6,226.30318181818183,1917.1363636363637,1187.875,9004.998636363636,22
34231,5,04.8100,5,37.9369696969697,2112.840909090909,1481.6251515151514,7232.31696969697,33
34232,5,04.8100,6,59.107619047619046,2377.2380952380954,673.167619047619,7854.072380952381,21
34244,5,04.8101,3,123.35678571428572,1216.3892857142857,759.4451785714285,5329.902857142857,56
34245,5,04.8101,4,201.0040322580645,1310.7822043010751,852.6332258064516,5459.429301075269,186
34246,5,04.8101,5,167.1881015452539,1310.9899779249447,923.436821192053,5506.268410596026,453
34247,5,04.8101,6,229.72041055718475,1451.682521994135,1096.5918475073313,5967.820498533724,341
34248,5,04.8101,8,149.0394459833795,1563.9401385041551,1233.285512465374,6108.833462603878,361
34249,5,04.8101,9,209.32923529411767,1715.020882352941,1631.6491176470586,7003.958941176471,170
34298,5,06.1101,4,477.06714285714287,2251.342857142857,330.59476190476187,4636.307142857143,21
34299,5,06.1101,5,248.60686274509803,2477.3970588235293,714.7441176470589,4368.402549019608,51
34300,5,06.1101,6,505.46,2608.5173076923074,1441.4796153846155,6011.906153846154,26
34310,5,06.2x00,4,1573.5315151515151,2831.4860606060606,1174.811212121212,11353.332121212123,33
34311,5,06.2x00,5,1160.8312195121953,2791.9751219512195,1606.040243902439,11027.379756097562,41
34312,5,06.2x00,6,1313.7986363636364,3037.021818181818,1622.3577272727273,11866.252272727272,22
34322,5,06.2x02,3,1609.5263333333335,3996.963333333333,1523.1636666666668,15301.269666666667,30
34323,5,06.2x02,4,1358.359811320755,3358.7896226415096,1623.359811320755,13715.676037735848,53
34324,5,06.2x02,5,1270.6792857142857,3904.7057142857147,1589.3387142857143,14117.12542857143,70
34325,5,06.2x02,6,1692.1791304347828,4677.539130434782,1752.3917391304349,16731.694782608694,23
34326,5,06.2x02,8,2172.98,4151.243043478261,1783.3982608695653,16507.06260869565,23
34341,5,06.3100,5,1425.4120689655174,2343.6741379310347,1394.8827586206896,9616.26379310345,29
34348,5,06.3100x0,5,9369.3840625,2391.490625,587.2303125,15534.729375,32
34370,5,06.3900x0,4,1266.1305357142858,2947.262142857143,1503.4383928571428,11444.928392857142,56
34371,5,06.3900x0,5,1253.54,2797.829935064935,1476.3994805194804,11425.622337662338,154
34372,5,06.3900x0,6,1302.4415094339622,3288.8205660377357,1817.1335849056604,13130.791132075472,53
34373,5,06.3900x0,8,1254.3465714285715,3492.2042857142856,1709.0317142857143,13263.269428571428,35
34391,5,06.4x00,5,1603.96,5566.313428571429,2196.608,18338.60714285714,35
34404,5,06.7x01,5,684.9157142857142,1828.7142857142858,1058.0990476190477,7003.810476190476,21
34428,5,07.2102,5,4148.997586206896,4106.16,2887.3562068965516,20682.70931034483,29
34492,5,08.2000x0,0,270.41279069767444,873.4337209302325,313.5151162790698,2958.453023255814,43
34493,5,08.2000x0,1,49.2364,926.7628,203.1168,2158.1844,25
34494,5,08.2000x0,2,94.15173913043478,1011.6,283.0891304347826,2325.4104347826087,23
34495,5,08.2000x0,3,179.05916666666667,1415.7208333333335,312.39625,2802.65375,24
34496,5,08.2000x0,4,67.68755555555556,1122.5175555555556,145.522,2207.1673333333333,45
34497,5,08.2000x0,5,87.07634615384616,1336.9915384615383,272.70326923076925,2842.8865384615387,104
34498,5,08.2000x0,6,74.6285,1427.0194999999999,287.854,2831.331,40
34499,5,08.2000x0,8,94.02666666666667,1370.877619047619,305.31714285714287,2892.287142857143,42
34520,5,08.2100x0,0,284.12285714285713,780.195238095238,219.53238095238098,2209.2219047619046,21
34605,5,08.4401,6,119.79193548387097,1354.1806451612904,342.6983870967742,3559.452258064516,31
34606,5,08.4401,8,94.7804,1252.6601333333333,376.65413333333333,3171.2141333333334,75
34607,5,08.4401,9,116.60925925925925,981.4185185185185,281.5962962962963,2900.2514814814813,27
34614,5,08.4902,1,240.60608695652172,807.7352173913043,182.70434782608694,2751.8608695652174,23
34618,5,08.4902,5,110.81704545454545,965.5659090909091,256.9622727272727,2415.906818181818,44
34619,5,08.4902,6,80.16417721518988,1073.7869620253164,289.6407594936709,2470.0078481012656,79
34620,5,08.4902,8,121.80929032258064,1009.2138709677419,249.34851612903225,2443.900129032258,155
34621,5,08.4902,9,183.16617647058825,1012.9300000000001,267.8869117647059,2642.981323529412,68
34734,5,09.4900,5,35.701904761904764,1731.3095238095239,456.97238095238095,2963.710952380952,21
34735,5,09.4900,6,41.194782608695654,1616.2260869565218,772.1704347826088,3779.3608695652174,23
34736,5,09.4900,8,37.18181818181818,1523.8454545454545,483.00272727272727,2696.716363636364,22
34773,5,09.8100,4,567.3116,1086.138,692.4568,4512.7532,25
34774,5,09.8100,5,688.5249397590361,1071.337469879518,678.3792771084338,4574.786144578313,83
34775,5,09.8100,6,524.2355813953488,1250.1116279069768,567.6927906976745,4067.1816279069767,43
34776,5,09.8100,8,773.680925925926,1155.2081481481482,711.0901851851852,4685.147592592592,54
34783,5,09.8100x0,5,875.3625000000001,1341.9875,1044.6479166666666,6197.524166666666,24
34790,5,09.8101,5,1370.2703846153845,721.7115384615385,523.498076923077,6690.126153846154,26
34809,5,10.3101,4,112.738125,1111.6109375,181.103125,2539.805625,32
34810,5,10.3101,5,91.80444444444444,1231.9548148148149,195.43962962962962,2520.9051851851855,54
34811,5,10.3101,6,105.26083333333332,1358.0744444444445,399.1738888888889,3054.5975000000003,36
34880,5,11.3201,4,136.60674999999998,994.0136249999999,213.7375,3234.200875,80
34881,5,11.3201,5,132.7410810810811,1002.2954654654656,217.5956156156156,3273.3097297297295,333
34882,5,11.3201,6,183.46397379912665,1063.07,265.21109170305675,3539.491179039301,229
34883,5,11.3201,8,195.5536923076923,1132.8753846153847,269.66200000000003,3616.3150769230765,195
34884,5,11.3201,9,246.05384615384617,1134.0213461538463,236.41826923076923,3674.6465384615385,52
34893,5,11.3203,5,2786.3388,673.44,246.32319999999999,5263.7332,25
34894,5,11.3203,6,2541.0704545454546,765.7863636363636,302.40681818181815,5342.483636363636,22
34895,5,11.3203,8,2363.3539130434783,794.5217391304348,367.0895652173913,5575.42347826087,23
34903,5,11.3900x0,5,94.42264705882353,999.5635294117648,217.66000000000003,2452.2732352941175,34
34904,5,11.3900x0,6,170.9034375,1011.2825,230.815,2613.406875,32
34905,5,11.3900x0,8,151.56633333333332,990.2986666666667,291.56433333333337,2796.2566666666667,30
34909,5,11.3901,4,109.14118644067797,1149.543220338983,297.09542372881356,3713.895254237288,59
34910,5,11.3901,5,169.2525,1139.2393,287.92855,3365.70125,200
34911,5,11.3901,6,187.12146341463415,1142.6767073170731,338.2284756097561,3541.0609146341462,164
34912,5,11.3901,8,177.62176470588236,1097.454705882353,339.56640522875813,3510.2171895424835,153
34913,5,11.3901,9,172.53175,1201.04525,325.1035,3399.6315000000004,40
35039,5,13.4100,4,3514.5869047619044,961.9619047619047,283.6402380952381,7607.572619047619,42
35040,5,13.4100,5,2783.027068965517,1025.2175,312.7393965517241,7183.773275862069,232
35041,5,13.4100,6,2310.104327808471,1022.2687108655617,340.9877348066298,6593.997182320442,543
35042,5,13.4100,8,2227.370680680681,1004.4867967967967,313.58735735735735,6396.226446446446,999
35043,5,13.4100,9,2284.4153141361257,1061.6144240837698,347.3087172774869,6520.5067277486905,382
35050,5,13.4100x0,4,2588.990625,1087.7435,269.9525,6501.688375,80
35051,5,13.4100x0,5,2428.903967611336,1248.7434412955465,287.63117408906885,6615.154183535762,741
35052,5,13.4100x0,6,2144.5770107398566,1223.3313007159904,278.0775059665871,6331.115250596658,1676
35053,5,13.4100x0,8,1951.6952428810719,1200.7966231155779,274.6635242881072,6105.732117252932,2985
35054,5,13.4100x0,9,1879.5301198083066,1210.0872364217253,284.4422284345048,6015.6705591054315,1252
35059,5,13.4101,4,7278.690294117647,604.0588235294117,247.75764705882352,17912.753529411766,34
35060,5,13.4101,5,4404.004769230769,601.723076923077,323.7333846153846,15781.319076923077,65
35061,5,13.4101,6,4389.368181818181,620.4166666666666,267.5383333333333,14778.854090909092,66
35062,5,13.4101,8,4203.187049180328,623.3237704918033,272.4462295081967,14705.059016393443,61
35063,5,13.4101,9,3141.5364,608.2,270.49080000000004,13726.4892,25
35068,5,13.5900,8,1652.347575757576,867.9787878787879,310.3960606060606,4872.508484848485,33
35071,5,13.5900x0,5,1127.413488372093,1231.5093023255815,403.5844186046512,4860.521395348836,43
35072,5,13.5900x0,6,1183.8595789473684,1291.182842105263,405.8627368421053,5084.838315789474,95
35073,5,13.5900x0,8,1141.5983125,1286.316875,402.4260625,4991.2488125,160
35074,5,13.5900x0,9,1038.5936144578313,1370.9662650602409,452.4769879518072,5143.903855421687,83
35084,5,13.7000,6,1558.0935714285715,937.2166666666666,336.1145238095238,5237.031904761905,42
35085,5,13.7000,8,1339.2757812500001,902.209375,347.820625,5303.71984375,64
35086,5,13.7000,9,1285.0344827586207,775.7137931034483,378.2862068965517,5176.055172413793,29
35088,5,13.7100,5,1379.3633333333332,1103.875925925926,160.70148148148147,5165.759259259259,27
35089,5,13.7100,6,1060.2128723404255,1037.5663829787234,168.30063829787235,4863.996808510638,94
35090,5,13.7100,8,1045.171945945946,1107.4655135135135,176.30843243243243,5039.700972972973,185
35091,5,13.7100,9,844.1135135135136,1217.081891891892,155.65324324324325,5189.257972972973,74
35093,5,13.7100x,5,1708.7058620689656,1095.7,220.03137931034482,5575.502758620689,29
35094,5,13.7100x,6,1607.5102702702702,1153.1081081081081,248.5535135135135,5972.977567567568,74
35095,5,13.7100x,8,1361.654727272727,1193.6200000000001,254.59372727272728,5675.270272727273,110
35096,5,13.7100x,9,1156.8625,1223.08125,249.384375,5394.0125,32
35099,5,13.7100x0,4,2323.9428205128206,1176.063076923077,389.3848717948718,6799.329230769232,39
35100,5,13.7100x0,5,2289.9013122171946,1218.6535746606335,386.1622624434389,6624.377330316742,221
35101,5,13.7100x0,6,2107.823113553113,1241.8402014652015,400.7566483516484,6457.508846153846,546
35102,5,13.7100x0,8,2086.5151191709847,1297.9920414507774,423.9983834196891,6511.577233160622,965
35103,5,13.7100x0,9,1901.870930232558,1304.5828139534883,391.4491395348837,6168.505162790698,430
35149,5,14.6x02,5,4143.857083333333,952.0416666666666,536.30625,9973.879583333333,24
35164,5,14.7401,4,9872.519285714285,805.75,1223.4735714285714,19082.495714285713,28
35165,5,14.7401,5,9834.102837837838,760.1418918918919,796.655,18610.127297297295,74
35166,5,14.7401,6,10349.295098039216,878.1372549019608,976.890980392157,18674.541372549018,51
35167,5,14.7401,8,9354.471818181819,813.3409090909091,633.4145454545455,17529.101363636364,22
35180,5,14.7903,4,60.702592592592595,881.7774074074075,724.6472222222221,3068.3301851851847,54
35181,5,14.7903,5,32.659912280701754,948.9247368421053,333.3338596491228,2579.8451754385965,114
35182,5,14.7903,6,29.300075757575758,921.7798484848485,442.3560606060606,2681.8576515151517,132
35183,5,14.7903,8,27.080258620689655,811.2993965517242,297.7526724137931,2294.1696551724135,116
35184,5,14.7903,9,36.5274358974359,799.1910256410257,186.85794871794872,2150.331794871795,39
35218,5,16.2100x0,0,130.15258620689656,3507.130603448276,569.5734482758621,6956.218706896551,116
35305,5,17.1100x0,5,4135.065151515151,1502.4718181818182,1071.1809090909092,10179.27393939394,33
35307,5,17.1100x0,8,3740.1757692307688,1814.9557692307692,1215.9088461538463,10714.956538461538,26
35312,5,17.1200,5,4242.731400000001,1507.9470000000001,908.1356,10311.0962,50
35313,5,17.1200,6,4399.423958333334,1643.8904166666669,894.5395833333333,10825.546458333332,48
35314,5,17.1200,8,4458.443877551021,1809.7614285714285,1087.7630612244898,11637.247142857143,49
35323,5,17.1200x0,3,3860.0880952380953,1300.502380952381,1084.99,9711.223333333333,21
35324,5,17.1200x0,4,3899.977317073171,1263.160975609756,1266.2717073170732,10431.094634146342,41
35325,5,17.1200x0,5,4021.3025773195873,1379.9636082474226,1199.6347422680412,10174.831134020618,97
35326,5,17.1200x0,6,3889.0874257425744,1401.5832673267328,1232.4618811881187,10168.029405940593,101
35327,5,17.1200x0,8,3967.126,1547.302375,1069.719,9900.326875,80
35328,5,17.1200x0,9,4160.528095238095,1780.032380952381,1486.4176190476192,11844.834285714285,21
35333,5,17.1300,5,3652.2688461538464,1125.0780769230769,1088.7176923076922,10063.79576923077,26
35334,5,17.1300,6,3098.9617391304346,1835.834347826087,1233.5282608695652,10685.755652173913,23
35343,5,17.1300x0,2,4338.9616,1180.8208,1183.0212,10458.9184,25
35344,5,17.1300x0,3,3972.8343333333332,1349.48,861.705,9578.358666666667,30
35345,5,17.1300x0,4,4113.768769230769,1375.0846153846153,1212.3612307692308,10417.652615384615,65
35346,5,17.1300x0,5,4095.9365470852017,1516.9737219730941,1173.1436771300448,10568.974349775785,223
35347,5,17.1300x0,6,4094.084074074074,1706.8101851851852,1196.989675925926,10878.712314814815,216
35348,5,17.1300x0,8,4413.708825910931,1889.8915384615386,1300.9284210526316,11665.861457489878,247
35349,5,17.1300x0,9,5471.2581818181825,2241.456818181818,1434.5252272727273,13766.640227272728,44
35404,5,17.3300,5,12440.398076923077,8198.738076923077,7126.239615384616,41787.59576923077,26
35406,5,17.3300,8,13582.637222222222,9464.75111111111,7791.845555555556,45941.06,36
35453,5,17.912A0,8,14.555416666666666,1101.1666666666667,354.04125,5021.038333333333,24
35459,5,17.9200x0,0,40.02975609756098,797.7981707317073,462.12853658536585,2662.2420731707316,164
35463,5,17.9200x0,4,16.455,1484.1399999999999,1556.0800000000002,6724.4710000000005,30
35464,5,17.9200x0,5,23.06714285714286,1580.1257142857144,973.2078571428572,6394.985000000001,70
35465,5,17.9200x0,6,36.10951219512195,1518.1390243902438,1180.5873170731709,6916.541463414635,41
35466,5,17.9200x0,8,43.94243902439025,1904.5073170731707,1616.6829268292684,7568.2148780487805,41
35467,5,17.9200x0,9,66.76192307692307,2063.973076923077,1996.9876923076922,10541.92153846154,26
35477,5,17.9400x0,5,26.575,1661.5733333333333,1175.1696666666664,5728.418000000001,30
35479,5,17.9400x0,8,45.4,2187.8939393939395,1494.1260606060605,7035.086666666666,33
35488,5,17.9500x0,0,41.61497222222222,597.4380925925926,560.5058981481482,2099.745851851852,2160
35489,5,17.9500x0,1,88.77444141689374,911.1546321525885,708.3672752043597,2722.3419346049045,367
35490,5,17.9500x0,2,175.43501587301586,1097.366984126984,825.9472698412699,3655.7264444444445,315
35491,5,17.9500x0,3,111.59903881700555,1257.2715711645103,959.4909611829944,3993.9833826247686,541
35492,5,17.9500x0,4,93.18220667384284,1412.9608611410117,1154.5270182992465,4503.798503767492,929
35493,5,17.9500x0,5,142.83513711151738,1572.6713893967094,1382.5189076782451,5104.776668190128,2188
35494,5,17.9500x0,6,146.30066636446057,1667.6791251133272,1653.0213055303718,5515.694501359928,2206
35495,5,17.9500x0,8,168.40043302180686,1767.0368504672897,1771.7949781931463,5918.624728971962,3210
35496,5,17.9500x0,9,140.44887890255438,1897.4997303689688,1865.1236234626301,6193.640704824976,2114
35518,5,17.9700x0,0,231.98999999999998,805.7526086956523,245.09673913043477,3352.529347826087,46
35519,5,17.9700x0,1,94.35737704918033,1217.3396721311476,569.2462295081967,3760.965081967213,61
35520,5,17.9700x0,2,132.2454347826087,1268.8893478260868,808.7741304347826,3855.753043478261,46
35521,5,17.9700x0,3,699.3021739130435,1732.0365217391302,1374.071739130435,7623.885652173913,46
35522,5,17.9700x0,4,196.98858695652174,1502.2159782608694,952.8218478260869,5255.796521739131,92
35523,5,17.9700x0,5,275.5314592274678,1590.7475536480686,1270.809356223176,5938.986437768241,233
35524,5,17.9700x0,6,454.65274111675126,1627.838730964467,1083.9792385786802,5514.482791878173,197
35525,5,17.9700x0,8,371.87859459459463,1755.8902162162162,1030.8386486486486,5370.785405405406,185
35526,5,17.9700x0,9,440.74613636363637,1872.069318181818,1315.0784090909092,6227.0921969696965,132
35602,5,18.0901,1,46.49272727272727,886.2227272727273,570.3577272727273,2523.6504545454545,22
35615,5,18.1100,0,90.50830188679245,909.4490566037737,408.8596226415095,2235.1415094339623,53
35618,5,18.1100,3,34.45259259259259,1426.1592592592594,752.4666666666666,3225.4777777777776,27
35619,5,18.1100,4,44.657500000000006,1821.0285714285715,902.0114285714286,4022.292857142857,28
35620,5,18.1100,5,148.26624999999999,2313.0178571428573,1450.6875,5484.9775,56
35621,5,18.1100,6,56.111612903225804,2547.7874193548387,2457.308387096774,6527.819677419355,31
35622,5,18.1100,8,118.41407407407407,2602.459259259259,1972.4907407407406,6543.085555555555,27
35634,5,18.2100x0,0,413.30333333333334,1074.801515151515,623.4060606060607,4490.922424242424,33
35635,5,18.2100x0,1,333.34354838709675,1185.524193548387,793.738064516129,4344.792258064516,31
35664,5,18.2900x0,1,197.65848484848485,1235.1139393939395,465.65909090909093,3650.052424242424,33
35665,5,18.2900x0,2,127.99425000000001,1160.407,386.48900000000003,3081.2732499999997,40
35666,5,18.2900x0,3,119.504375,1204.6614583333333,359.8320833333333,3073.7654166666666,48
35667,5,18.2900x0,4,142.66536585365853,1311.7280487804878,529.0941463414634,3708.8548780487804,41
35668,5,18.2900x0,5,194.4486111111111,1411.2725,580.5634722222222,3732.0562499999996,72
35669,5,18.2900x0,6,170.3196153846154,1777.6884615384615,787.9665384615384,4732.033076923077,26
35670,5,18.2900x0,8,202.62935483870967,1661.8064516129032,614.7806451612903,4244.494193548388,31
35764,5,20.0902,4,63.89272727272728,1147.990909090909,1216.4363636363637,3606.82,22
35765,5,20.0902,5,57.942,1193.715846153846,708.5623076923077,2959.7972307692307,65
35766,5,20.0902,6,120.31392857142858,1553.1035714285715,1010.4267857142858,3878.612857142857,28
35830,5,21.0100,5,127.21722222222222,999.2750000000001,668.9886111111111,3003.396111111111,36
35831,5,21.0100,6,110.07645161290323,1167.4070967741936,611.2529032258064,2760.8525806451617,31
35832,5,21.0100,8,259.42244444444447,1423.2324444444444,978.8795555555556,4212.417555555556,45
35833,5,21.0100,9,145.8508,1476.608,676.7796000000001,3549.9872000000005,25
35859,5,21.0300x0,1,168.03444444444446,1003.9629629629629,252.6362962962963,2066.1644444444446,27
35861,5,21.0300x0,3,305.89666666666665,1229.0833333333333,293.1045833333333,2579.7970833333334,24
35862,5,21.0300x0,4,167.39794117647057,1567.2176470588236,345.9285294117647,2970.7911764705887,34
35863,5,21.0300x0,5,215.2721276595745,1436.9844680851065,307.43617021276594,2807.6256382978722,94
35864,5,21.0300x0,6,230.68754098360657,1352.5959016393444,387.6016393442623,2736.520655737705,61
35865,5,21.0300x0,8,255.7425,1709.0322368421052,445.25499999999994,3534.5148684210526,76
35866,5,21.0300x0,9,213.48777777777778,1584.8925,344.47333333333336,3033.920833333333,36
35868,5,21.0301,1,273.9786363636363,811.45,185.95454545454547,1951.6422727272727,22
35881,5,21.0302,5,142.23142857142858,983.4785714285715,452.5653571428571,2547.949285714286,28
35882,5,21.0302,6,396.2604166666667,1267.4125000000001,435.0079166666667,2976.650416666667,24
35883,5,21.0302,8,316.588076923077,1158.3476923076923,843.7630769230769,3660.4176923076925,26
35889,5,21.0400,5,187.18285714285716,1139.4933333333333,469.24619047619046,3744.8119047619048,21
35890,5,21.0400,6,144.58565217391305,999.04,440.07043478260863,3338.7639130434777,23
35905,5,21.0904,1,237.5367857142857,777.6285714285714,688.594642857143,2731.2960714285714,28
35924,5,21.2100,0,153.4286206896552,925.8379310344827,462.88965517241377,2392.8079310344824,29
35928,5,21.2100,4,40.666071428571435,2351.453571428571,670.2321428571429,4256.870714285715,28
35929,5,21.2100,5,66.0635294117647,2310.931617647059,1324.8875,5326.602647058823,68
35930,5,21.2100,6,62.444736842105264,2718.7368421052633,1667.7755263157894,7032.578157894736,38
35931,5,21.2100,8,122.65552631578947,2729.7368421052633,1486.7513157894737,5609.402105263158,38
35960,5,21.3102,5,621.1963888888889,2030.0655555555556,1589.4486111111112,9124.625,36
35973,5,21.3104,5,536.9617777777778,1464.5566666666668,1137.3933333333332,6478.121999999999,45
35974,5,21.3104,6,624.7861904761905,2088.1261904761905,1486.0361904761905,8079.73380952381,21
35975,5,21.3104,8,557.4392592592593,1975.7037037037037,1219.160740740741,7067.999629629629,27
35990,5,21.3200x0,5,358.55625,1744.2575000000002,657.23025,4592.18275,40
35991,5,21.3200x0,6,291.28633333333335,1850.5176666666666,975.0486666666667,5424.249,30
36013,5,21.5x00x0,2,623.1481967213115,1302.314262295082,957.4909836065573,6060.973606557377,61
36014,5,21.5x00x0,3,849.3672972972973,1403.862972972973,1168.3372972972973,6874.851351351352,37
36015,5,21.5x00x0,4,532.6868085106382,1426.1559574468085,1008.3208510638299,6448.373617021277,47
36016,5,21.5x00x0,5,503.967,1488.8225,1065.5135,6487.544,60
36020,5,21.5x01,2,888.8020833333334,1276.1204166666666,1209.0116666666665,6591.556250000001,48
36021,5,21.5x01,3,878.6469565217392,1418.520652173913,1102.0465217391304,6958.5036956521735,46
36022,5,21.5x01,4,819.2877500000001,1514.37875,1268.1705,7269.70175,40
36023,5,21.5x01,5,775.2819672131147,1481.2377049180327,1302.8470491803278,7158.025737704918,61
36054,5,21.6903,5,601.8772727272727,1351.0804545454546,1133.3463636363635,6505.32590909091,22
36059,5,21.6904,2,1005.6361538461539,1321.9384615384615,1265.4603846153846,6231.1453846153845,26
36066,5,21.7100,1,249.14898305084748,1096.4927118644068,769.6147457627118,3623.660508474576,59
36067,5,21.7100,2,351.39844444444446,1041.7844444444445,881.6180000000002,3991.346888888889,45
36068,5,21.7100,3,162.59694444444443,988.5508333333333,798.2066666666666,3643.1702777777778,36
36069,5,21.7100,4,1090.8382051282051,1526.0066666666667,1111.6238461538462,6362.611025641026,39
36070,5,21.7100,5,607.4332352941176,1847.4735294117647,1749.239411764706,7067.989705882353,34
36102,5,21.8400x0,1,844.4946428571428,1458.0828571428572,1408.9932142857142,6682.833571428571,28
36103,5,21.8400x0,2,785.7754651162791,1332.9827906976745,1126.3766279069766,6526.846976744186,86
36104,5,21.8400x0,3,673.8686,1414.2320000000002,1285.737,7100.6278,50
36105,5,21.8400x0,4,861.1832692307692,1330.8153846153846,1200.6413461538461,6577.799807692309,52
36106,5,21.8400x0,5,870.9209782608696,1523.7397826086956,1363.9417391304348,7119.797391304348,92
36107,5,21.8400x0,6,688.4296428571428,1625.8757142857144,1405.110357142857,6913.859642857143,28
36166,5,22.2x01,2,388.625,1177.9863636363636,1264.575909090909,7548.528181818182,22
36167,5,22.2x01,3,583.4333333333333,1458.8283333333334,1511.5123333333333,8756.009,30
36168,5,22.2x01,4,556.9208928571428,1305.3062499999999,1251.0917857142856,7677.895357142857,56
36169,5,22.2x01,5,505.965,1434.7721875,1357.4651041666666,7860.149479166666,96
36170,5,22.2x01,6,606.1444680851064,1537.8127659574468,1589.0493617021277,8406.94914893617,47
36171,5,22.2x01,8,435.1282608695652,1515.2978260869565,1274.3434782608697,7511.701739130435,23
36199,5,22.5002,4,830.8148275862069,1167.3758620689655,1402.2896551724139,8083.719655172414,29
36200,5,22.5002,5,846.7641304347826,1319.445652173913,1351.555,7918.3445652173905,46
36201,5,22.5002,6,956.0383333333333,1559.2458333333334,1373.6345833333335,8392.654166666667,24
36218,5,22.5300,4,195.43814814814814,1078.441111111111,831.0040740740741,6787.986666666668,27
36219,5,22.5300,5,259.7189655172414,1225.453620689655,1008.6636206896551,7214.140344827587,58
36220,5,22.5300,6,331.4788235294118,1230.2058823529412,957.0329411764706,7000.495882352941,34
36230,5,22.5300x0,1,677.3197101449275,1354.735652173913,1505.076956521739,8514.412028985507,69
36231,5,22.5300x0,2,931.2136220472441,1414.4681889763779,1414.965590551181,8634.411732283465,127
36232,5,22.5300x0,3,740.8301935483871,1546.354193548387,1381.613806451613,8794.355483870968,155
36233,5,22.5300x0,4,859.3106726457399,1546.6678923766817,1422.6891031390135,9012.013228699552,223
36234,5,22.5300x0,5,893.0761333333334,1610.1759555555557,1452.300088888889,9018.225022222223,450
36235,5,22.5300x0,6,863.1310215053763,1807.4687096774194,1458.2889784946237,9319.1211827957,186
36236,5,22.5300x0,8,859.8305,1793.8047,1354.7004000000002,9252.929,100
36241,5,22.5301,4,975.99,1942.0796875,1434.29,9232.681875,32
36242,5,22.5301,5,882.4833898305086,1490.266779661017,1405.519152542373,9197.155254237288,59
36243,5,22.5301,6,883.4436666666667,2025.9906666666668,1518.724,10150.394333333334,30
36251,5,22.6002,2,748.292,1359.2273333333333,1102.576,7949.658333333334,30
36252,5,22.6002,3,798.1508333333333,1431.1216666666667,1088.0754166666668,7607.9075,24
36253,5,22.6002,4,744.2735294117647,1580.1143137254903,1201.389019607843,8322.264313725489,51
36254,5,22.6002,5,676.8191836734694,1759.0400000000002,1234.674387755102,8385.050102040817,98
36255,5,22.6002,6,679.7786111111111,1596.1361111111112,1437.4083333333333,8807.229444444445,36
36256,5,22.6002,8,901.7217857142858,1497.7,1068.1482142857144,8448.584285714287,28
36268,5,22.6201,5,618.2895454545455,2003.8538636363635,1397.3027272727272,8675.351818181818,44
36306,5,23.1900x0,6,101.41521739130435,2011.3239130434781,1812.6404347826087,6023.438695652174,23
36429,5,26.2901,5,668.9562857142857,1917.5785714285714,1088.7788571428573,6866.326,35
36520,5,27.0x10,5,183.14037037037036,1516.2222222222222,1425.587037037037,4895.147777777777,27
36659,5,27.9900x0,2,61.89227272727273,1093.0772727272727,252.23727272727274,2275.805,22
36660,5,27.9900x0,3,125.34479999999999,1332.7448000000002,300.1484,2791.7483999999995,25
36662,5,27.9900x0,5,151.19355555555555,1434.3977777777777,407.72066666666666,3269.9822222222224,45
36663,5,27.9900x0,6,244.2146666666667,1662.1666666666667,807.475,4505.736999999999,30
36664,5,27.9900x0,8,240.5351724137931,1542.2358620689654,671.7468965517241,4470.42551724138,29
36665,5,27.9900x0,9,239.28777777777776,1915.6370370370369,558.4118518518518,4542.262592592592,27
36689,5,28.0x00x0,5,75.61527777777778,1325.7972222222222,815.5172222222222,3177.7605555555556,36
36722,5,28.2x00x0,0,779.3455555555556,1372.9515555555556,1078.5646666666667,6758.276666666667,45
36723,5,28.2x00x0,1,859.8669047619048,1305.4792857142857,1422.7673809523808,6722.546904761904,42
36724,5,28.2x00x0,2,708.99546875,1364.9240625,1521.15140625,6425.27328125,64
36725,5,28.2x00x0,3,915.6764285714286,1394.8610714285714,1484.4989285714287,6900.431607142857,56
36726,5,28.2x00x0,4,866.0835714285715,1730.279761904762,1830.9442857142858,8282.13261904762,42
36727,5,28.2x00x0,5,953.3864516129032,1612.945806451613,1672.1151612903225,7714.9003225806455,31
36730,5,28.2x03,0,1956.2488372093023,1179.5641860465116,885.03,7231.540232558139,43
36731,5,28.2x03,1,2095.11275862069,1367.5310344827587,1104.6496551724138,7522.710689655172,29
36732,5,28.2x03,2,1836.1948979591837,1296.2530612244898,1449.7251020408164,7763.901632653061,49
36733,5,28.2x03,3,2114.593488372093,1403.2820930232558,1396.8186046511628,7912.8883720930235,43
36745,5,28.3x00,0,1140.5624444444443,1106.078888888889,783.4322222222222,6388.111555555556,45
36749,5,28.3x01,0,1026.3674747474747,1328.4536363636364,957.5095959595959,7031.465252525253,99
36754,5,28.3x03,0,1779.0736428571429,1569.7965714285713,753.839,7470.240714285714,140
36755,5,28.3x03,1,1932.6875,1673.712142857143,878.0721428571429,7592.2825,28
36772,5,28.6x00x0,0,1317.3437634408601,1249.7286021505377,779.6182795698925,6215.748064516129,93
36773,5,28.6x00x0,1,1822.6074999999998,1330.1983333333333,967.5652777777777,6890.825555555555,36
36776,5,28.6x01,0,1727.7055555555557,982.767037037037,582.0266666666666,5887.535555555555,27
36778,5,28.6x02,0,610.2454666666667,1307.248,690.1574666666667,6380.963466666667,75
36816,5,29.1100x0,0,57.78588235294118,1165.7735294117647,639.6414705882353,2742.4338235294117,34
36817,5,29.1100x0,1,45.77446428571428,1307.2749999999999,708.0832142857143,2838.862857142857,56
36818,5,29.1100x0,2,40.437254901960785,1175.2313725490196,869.825294117647,2897.5049019607845,51
36819,5,29.1100x0,3,53.200625,1622.2124999999999,1014.7695833333333,3804.2227083333332,48
36820,5,29.1100x0,4,65.5538144329897,1733.8664948453606,1011.0216494845362,4096.960206185568,97
36821,5,29.1100x0,5,66.82730392156863,2076.041176470588,1113.5343627450982,4536.630931372549,204
36822,5,29.1100x0,6,69.02736842105263,2260.8351578947368,984.5273684210526,4659.954210526316,95
36823,5,29.1100x0,8,100.17810526315789,2358.3204210526314,1475.5487368421052,5904.576947368421,95
36824,5,29.1100x0,9,128.92653846153846,2475.755576923077,1946.0940384615385,6466.6449999999995,52
36840,5,29.1203,5,293.7384,2753.7496,814.2068,5558.1128,25
36864,5,29.3901,5,374.6056097560976,1770.6170731707318,477.59390243902436,4328.660243902439,41
36865,5,29.3901,6,322.13545454545454,1573.440909090909,729.7272727272727,4447.964090909091,22
36871,5,29.3905,5,716.0074999999999,1375.1225,1010.8965000000001,6514.86225,40
36907,5,30.0900x0,3,829.3345161290322,1301.65,911.8941935483871,6147.723225806451,31
36908,5,30.0900x0,4,751.5446153846153,1337.3451923076923,1106.7630769230768,6770.777884615385,52
36909,5,30.0900x0,5,962.3526315789474,1457.141842105263,1030.1273684210526,6954.065263157894,76
36910,5,30.0900x0,6,600.8781818181818,1379.700909090909,742.0863636363637,5813.196363636364,22
36914,5,30.0901,4,502.6980952380952,1607.905714285714,1083.9114285714286,8284.381904761904,21
36923,5,30.0903,2,600.6709523809524,1214.7285714285713,772.6871428571428,5450.500476190476,21
36924,5,30.0903,3,475.43441860465117,1273.0813953488373,795.6193023255813,5303.238372093023,43
36925,5,30.0903,4,584.983052631579,1354.8933684210526,881.7305263157895,5584.046315789474,95
36926,5,30.0903,5,651.6858421052632,1346.8833684210526,900.2199473684211,5970.359421052632,190
36927,5,30.0903,6,558.2321276595744,1536.2087234042554,840.2917021276595,6015.37914893617,47
36933,5,30.0904,4,403.4959259259259,2135.4444444444443,808.7540740740741,7676.970740740741,27
36934,5,30.0904,5,358.26951219512193,1964.9146341463415,860.2282926829268,7109.845365853658,41
36939,5,30.0905,2,357.9031818181818,1203.4463636363637,748.1336363636364,5323.184090909091,22
36940,5,30.0905,3,521.1161904761905,1440.6379047619048,974.9249523809524,6343.875333333333,105
36941,5,30.0905,4,501.7181642512077,1474.0528019323672,909.6321739130434,6053.872125603865,207
36942,5,30.0905,5,554.3099647887324,1584.0296478873238,989.0917605633803,6376.961795774648,284
36943,5,30.0905,6,563.0378688524589,1769.9918032786886,1030.1701639344262,6768.00131147541,61
36944,5,30.0905,8,713.661923076923,2240.6788461538463,1071.2303846153848,7332.04423076923,26
36947,5,30.0906,3,467.55275,1489.98975,828.519,6411.70225,40
36948,5,30.0906,4,420.4123170731707,1479.5743902439026,890.7326829268293,6483.232804878048,82
36949,5,30.0906,5,411.7323529411765,1527.641411764706,844.6670588235294,6683.9630588235295,85
36950,5,30.0906,6,419.19391304347823,1487.7165217391305,922.4073913043478,6564.710000000001,23
36957,5,30.0911,4,436.03514285714283,1401.3542857142857,1163.1157142857144,6377.735428571428,35
36958,5,30.0911,5,601.1619402985075,1366.2523880597016,924.075223880597,6249.397910447761,67
36959,5,30.0911,6,659.1596296296296,1475.4,1159.1096296296296,6634.824074074074,27
36984,5,31.1x00x0,5,2511.1873913043482,10147.78347826087,18076.552608695652,58311.480434782614,23
37017,5,31.4200x0,2,53.538000000000004,1122.992,704.3172,2593.1192,25
37018,5,31.4200x0,3,67.43805555555555,1311.7761111111113,669.4127777777778,2815.974166666667,36
37019,5,31.4200x0,4,76.09446808510639,1649.220425531915,956.9229787234042,3745.6380851063827,47
37020,5,31.4200x0,5,74.27288461538461,1924.6397115384616,934.2133653846154,3934.0206730769232,104
37021,5,31.4200x0,6,98.21477611940298,2303.07447761194,1420.3923880597017,5376.1326865671645,67
37022,5,31.4200x0,8,101.25910714285715,2470.9025,1554.419642857143,5554.745714285715,56
37026,5,31.4201,2,37.19611111111111,1491.062777777778,599.7844444444445,2911.6883333333335,36
37027,5,31.4201,3,51.00265625,1630.76875,754.9021875,3347.7975,64
37028,5,31.4201,4,65.84944444444444,1852.3388888888887,915.0701388888889,3943.826111111111,72
37029,5,31.4201,5,71.675,2105.3733333333334,1110.4135507246378,4650.795942028985,138
37030,5,31.4201,6,121.34811764705883,2393.782117647059,1276.6861176470588,5164.557647058824,85
37031,5,31.4201,8,170.55051020408163,2596.8240816326534,2127.944081632653,6893.250510204082,98
37032,5,31.4201,9,106.33474999999999,2717.269,2328.71625,6850.3265,40
37108,5,32.2001,4,12046.239814814813,5117.243518518519,2772.8485185185186,29339.379074074073,54
37109,5,32.2001,5,13773.485392156863,6035.918529411765,3235.955980392157,33526.651960784315,102
37110,5,32.2001,6,14239.538852459016,6212.312459016393,3950.6545901639342,35665.189836065576,61
37111,5,32.2001,8,14510.757209302326,6362.004418604652,4654.267674418605,36800.107209302325,43
37113,5,32.2002,1,10395.974482758622,2291.0893103448275,1970.1362068965516,22891.869137931033,58
37114,5,32.2002,2,11241.357999999998,2485.5914285714284,2377.2445714285714,25696.458000000002,35
37117,5,32.2002,5,13102.924782608696,3385.8752173913044,2845.7565217391307,30103.65695652174,23
37118,5,32.2002,6,12524.044666666667,3961.538333333333,4465.690666666666,31854.515666666666,30
37156,5,32.3000,5,17814.232,6218.2119999999995,3916.24,42449.0076,25
37164,5,32.3001,5,18585.136582278483,6659.498607594937,3248.1106329113923,41073.93088607595,79
37165,5,32.3001,6,19626.861538461537,6364.038717948718,3505.7330769230766,41473.93538461538,39
37166,5,32.3001,8,18981.692424242425,7401.82,4898.793333333333,45045.67727272728,33
37174,5,32.4100,4,18188.133214285714,6109.456785714286,4123.421071428571,41718.01964285714,28
37175,5,32.4100,5,19841.29051724138,7248.759655172414,3988.799482758621,43676.59129310345,116
37176,5,32.4100,6,19506.847358490566,7321.018490566037,4473.795283018868,45152.33471698114,106
37177,5,32.4100,8,21110.38475409836,8035.646885245902,5693.620327868853,48358.12327868852,61
37220,5,33.2200x0,4,265.8541666666667,2755.738888888889,1616.4052777777777,6728.7575,36
37221,5,33.2200x0,5,613.6762105263158,3551.9615789473683,2492.830947368421,10107.06105263158,95
37222,5,33.2200x0,6,288.2288775510204,3288.5785714285716,2264.6343877551017,8217.259591836733,98
37223,5,33.2200x0,8,447.55650485436894,3390.2819417475725,2635.3603883495143,10527.051941747573,103
37224,5,33.2200x0,9,733.1476470588235,5592.220588235294,5500.467058823529,17920.00411764706,34
37231,5,33.2302,2,217.64151515151516,2066.4066666666668,1365.9160606060607,5580.9972727272725,33
37232,5,33.2302,3,353.04418604651164,2482.9376744186047,1903.2513953488371,6611.121395348837,43
37233,5,33.2302,4,267.1494594594595,3052.53472972973,2248.5132432432433,7915.436216216217,74
37234,5,33.2302,5,276.9727567567568,3086.8151891891894,2023.3645945945946,7597.646378378378,185
37235,5,33.2302,6,364.9224581005587,3368.6616759776534,2634.4384916201116,8914.300391061453,179
37236,5,33.2302,8,355.2214880952381,3857.145892857143,2991.3570238095235,10137.649523809525,168
37237,5,33.2302,9,341.37440000000004,3527.8108,2998.4784000000004,10126.3418,50
37242,5,33.2400,5,103.9793103448276,3001.455172413793,2239.6141379310343,7477.534137931034,29
37243,5,33.2400,6,150.89095238095237,3871.5857142857144,2342.2042857142856,9023.353333333334,21
37251,5,33.2400x0,3,283.44514285714286,2480.228,1491.3888571428572,5855.220857142857,35
37252,5,33.2400x0,4,322.3931034482759,2537.4266666666667,1608.2862068965517,6525.48540229885,87
37253,5,33.2400x0,5,427.9497630331753,3250.1276303317536,2010.6437440758295,7838.984170616113,211
37254,5,33.2400x0,6,466.1201204819277,3496.479919678715,2373.192248995984,8726.150401606426,249
37255,5,33.2400x0,8,442.2450643776824,3880.2868669527898,2573.420429184549,9696.68618025751,233
37256,5,33.2400x0,9,475.2391525423729,4251.699152542373,2898.1501694915255,10730.173559322035,59
37261,5,33.2401,5,135.15629629629632,2400.7044444444446,2063.0792592592593,7288.025185185185,27
37267,5,33.2403,1,178.0527142857143,2114.1422857142857,1273.5767142857142,5816.855142857143,70
37268,5,33.2403,2,212.17674418604653,2422.953488372093,1380.7374418604652,6230.526627906977,86
37269,5,33.2403,3,250.24085714285715,2589.554,1828.5720714285715,7061.4005,140
37270,5,33.2403,4,256.99259911894274,2737.730792951542,1926.615066079295,7324.42960352423,227
37271,5,33.2403,5,307.414634502924,3145.917090643275,2284.7630847953214,8685.402222222223,684
37272,5,33.2403,6,407.91122950819675,3853.578590163934,2936.9833606557377,10393.982147540984,610
37273,5,33.2403,8,427.2938294573644,4166.462155038759,3395.6897364341085,12035.368635658913,645
37274,5,33.2403,9,609.2614224137931,4918.056379310345,4440.569396551724,15978.191120689655,232
37278,5,33.2404,5,120.3575,2728.25,1493.2404166666665,6165.631249999999,24
37286,5,33.2405,5,255.25478260869565,3222.2956521739134,1843.968695652174,7095.147391304348,23
37287,5,33.2405,6,347.34666666666664,4706.513333333333,3290.8553333333334,11181.392333333333,30
37288,5,33.2405,8,356.3573913043478,3701.404347826087,2544.6865217391305,9150.16391304348,23
37294,5,33.2600,6,875.865,4715.5925,2436.4990625,10133.769375,32
37295,5,33.2600,8,1133.2345833333334,4283.3045833333335,2048.8575,9656.073333333334,24
37303,5,33.2600x0,5,1187.5890476190475,4975.0275,2501.109761904762,10997.90380952381,84
37304,5,33.2600x0,6,1160.355100671141,4606.252281879194,2449.9879865771813,11141.332818791947,149
37305,5,33.2600x0,8,1242.4073684210525,5213.963578947368,3116.7776315789474,13106.845263157895,190
37306,5,33.2600x0,9,1217.2964814814814,5472.628333333333,3308.9905555555556,13639.571481481482,54
37317,5,33.2700x0,5,455.9574193548387,3818.013870967742,2660.3390322580644,9875.814516129032,31
37318,5,33.2700x0,6,433.7296428571429,3294.105357142857,2740.033214285714,9813.919642857143,28
37319,5,33.2700x0,8,542.5722727272728,4891.884318181818,2974.995,11678.479545454546,44
37410,5,34.0401,1,342.4074242424242,1843.2930303030303,728.489696969697,4914.785757575757,66
37411,5,34.0401,2,316.0423287671233,2297.649178082192,1182.873424657534,5888.111232876712,73
37412,5,34.0401,3,301.4396875,2353.07125,1310.803125,6459.02484375,64
37413,5,34.0401,4,477.33325757575756,3030.462348484849,2238.0106060606063,9273.167803030303,132
37414,5,34.0401,5,565.5242731277533,3382.1679074889867,3041.85,10898.00810572687,454
37415,5,34.0401,6,533.4899489795919,3441.2829591836735,2978.946258503401,10796.035289115645,588
37416,5,34.0401,8,582.1123359580052,3767.5163648293965,3153.6755511811025,11575.27716535433,762
37417,5,34.0401,9,560.2112050739959,4174.437801268499,3442.621733615222,12592.518985200846,473
37489,5,34.3x04,5,5064.4472,5252.684,2431.8584,22405.5356,25
37499,5,34.4x01,4,296.57666666666665,1206.015,1007.1791666666667,5274.267083333333,24
37500,5,34.4x01,5,365.99642857142857,1860.6666666666667,860.1369047619048,5760.933571428572,42
37541,5,34.9100,4,509.78875,3449.429166666667,3119.1054166666668,10144.996666666668,24
37542,5,34.9100,5,558.4297752808989,4051.7539325842695,3663.968089887641,12102.666292134832,89
37543,5,34.9100,6,457.56532608695653,3967.3322826086956,3705.0834782608695,11884.398260869564,92
37544,5,34.9100,8,501.8744444444444,4291.267013888889,3532.226875,12416.713541666666,144
37545,5,34.9100,9,439.544537037037,4289.243055555556,4040.626574074074,13605.350092592593,108
37547,5,34.9101,2,342.5167857142857,3019.585714285714,1858.2035714285714,8473.891785714286,28
37549,5,34.9101,4,435.67448979591836,3210.3693877551023,3682.445306122449,10480.585102040815,49
37550,5,34.9101,5,449.7111111111111,3387.4061111111114,3009.874691358025,10421.451234567901,162
37551,5,34.9101,6,444.0744329896907,3754.4133505154637,2990.9295876288656,10476.147422680413,194
37552,5,34.9101,8,457.76290540540543,3782.6640202702706,3133.0527364864865,10935.896182432432,296
37553,5,34.9101,9,467.5269058295964,4187.061165919283,3320.310538116592,12010.889596412555,223
37565,5,34.9103,5,606.2413333333334,3814.3566666666666,2246.2443333333335,10029.553333333333,30
37566,5,34.9103,6,593.3443333333332,3792.6233333333334,2745.2813333333334,10133.698999999999,30
37567,5,34.9103,8,531.1563414634146,4227.768292682927,3325.2431707317073,11608.654146341463,41
37568,5,34.9103,9,688.1933333333334,4244.451515151515,3689.2827272727272,12629.62303030303,33
37601,5,36.0601,4,11730.08,4069.3695238095233,3467.5961904761907,28899.27380952381,21
37602,5,36.0601,5,10360.5769,3110.7690000000002,2650.3418,25340.420899999997,100
37603,5,36.0601,6,10761.441463414634,3680.588048780488,2779.389024390244,25832.877723577236,123
37604,5,36.0601,8,11801.78423076923,4005.6326373626375,3416.4947802197803,28650.983076923076,182
37605,5,36.0601,9,11119.501764705883,3800.5816470588234,3504.4550588235293,28128.285647058827,85
37611,5,36.0700,4,8258.103188405797,2726.3528985507246,1984.8484057971016,21547.52608695652,69
37612,5,36.0700,5,8983.302973856209,3249.9980065359478,2952.9136928104576,24766.178496732027,306
37613,5,36.0700,6,10095.108295454545,3395.5200454545457,3213.1740681818183,26243.204977272726,440
37614,5,36.0700,8,10052.137651515151,3662.2276515151516,3420.883825757576,27187.985397727272,528
37615,5,36.0700,9,9891.464061135372,3929.7463318777295,3720.9431877729257,27495.73401746725,229
37664,5,37.3401,4,34086.835,2697.0886363636364,1052.219090909091,42348.758181818186,22
37665,5,37.3401,5,34968.14857142857,3533.326734693878,928.7436734693878,44980.80448979592,49
37666,5,37.3401,6,49558.8340909091,3825.8336363636363,1602.8061363636364,60913.58818181818,44
37667,5,37.3401,8,49955.340588235296,4509.84,2258.040882352941,67540.96,34
37712,5,37.8301,6,39522.0556,3844.3203999999996,1894.1016,50858.9692,25
37713,5,37.8301,8,36884.62733333333,4152.333066666666,2324.396133333333,51522.45626666667,75
37714,5,37.8301,9,34860.8785106383,3992.903191489362,2190.966808510638,50079.343829787234,47
37779,5,38.5900x0,5,901.9161403508772,1814.6722807017545,1110.48,8496.928421052631,57
37780,5,38.5900x0,6,1039.9159649122807,1817.5235087719298,1288.046842105263,9090.31456140351,57
37781,5,38.5900x0,8,1159.0351219512195,2142.1739024390245,1276.2973170731707,9402.215853658536,41
37785,5,38.5901,4,598.3871794871794,1861.0469230769231,1071.628076923077,7375.391794871795,78
37786,5,38.5901,5,692.4841503267974,1889.3541176470587,1152.937679738562,7742.211666666667,306
37787,5,38.5901,6,647.1236153846154,2053.4792307692305,1117.1131153846152,8095.0981923076915,260
37788,5,38.5901,8,710.6378666666666,2122.0254,1166.028,8221.130866666666,150
37789,5,38.5901,9,599.8039130434782,2396.0321739130436,1294.692608695652,9303.629130434783,23
37793,5,38.5902,5,595.8668181818182,1946.0418181818181,1429.6668181818184,8036.264999999999,22
37841,5,38.7x04,5,22635.796296296296,4283.797037037038,6867.671851851851,43170.223333333335,27
37842,5,38.7x04,6,17658.681904761906,4456.871428571429,5296.294761904762,41416.03285714286,21
37843,5,38.7x04,8,22011.4064,6147.794,7544.6412,46862.86059999999,50
37876,5,38.9100,8,2534.651304347826,9119.934782608696,6046.13347826087,27358.80217391304,23
37891,5,38.9301,3,488.03541666666666,2473.920833333333,3696.7383333333332,11077.544583333334,24
37892,5,38.9301,4,1341.2192857142857,4046.160714285714,5693.992857142856,15511.829464285713,56
37893,5,38.9301,5,895.5101287553649,3222.425364806867,5091.405708154507,12780.393261802574,233
37894,5,38.9301,6,945.3669958847736,3011.7516049382716,4351.571440329219,11546.069382716048,243
37895,5,38.9301,8,934.7964077669902,3073.075,4699.79432038835,12439.352961165048,206
37896,5,38.9301,9,1148.7920289855072,4795.575797101449,6008.50463768116,17151.336666666666,69
37900,5,38.9302,3,332.9735135135135,2717.4832432432436,4000.0327027027024,10377.863243243244,37
37901,5,38.9302,4,501.8695348837209,2862.7593023255813,4883.208139534884,11507.054186046513,86
37902,5,38.9302,5,640.5412162162162,2997.4087387387385,3724.4188288288287,10828.50954954955,222
37903,5,38.9302,6,479.7222488038277,3187.784354066986,3671.1062200956935,10593.424497607657,209
37904,5,38.9302,8,770.5511872146118,3896.460502283105,4383.975433789954,13790.143242009133,219
37905,5,38.9302,9,721.786328125,4661.32921875,5305.013671875,17109.4665625,128
37909,5,38.9303,4,1130.0091176470587,4719.466470588235,5102.9367647058825,16373.767352941175,34
37910,5,38.9303,5,1003.1508080808081,4736.725151515151,5539.300101010101,17678.31111111111,99
37911,5,38.9303,6,1285.583873873874,4800.352702702703,5685.433693693693,18989.146666666664,111
37912,5,38.9303,8,1271.2357236842106,6341.80302631579,6764.637302631579,22805.088618421054,152
37913,5,38.9303,9,1185.8314728682171,6892.148914728682,7657.072403100775,24589.601472868217,129
37917,5,38.9304,4,1224.4719444444445,3035.4513888888887,4035.8480555555557,12953.608888888888,36
37918,5,38.9304,5,1113.5696875,3564.6671874999997,5378.4946875,14780.833125,96
37919,5,38.9304,6,711.065671641791,3687.8328358208955,4320.456417910448,13324.246119402986,67
37920,5,38.9304,8,1259.503536585366,4810.108292682927,6728.7401219512185,20981.594756097562,82
37921,5,38.9304,9,1357.0681355932204,4464.081186440678,4937.446271186441,16843.265423728815,59
37933,5,38.9501,5,2928.3235714285715,2828.759642857143,2332.1532142857145,12776.370357142858,28
37934,5,38.9501,6,4251.481428571428,2938.0838095238096,1981.530476190476,15659.995714285713,21
37935,5,38.9501,8,3177.76,2859.525277777778,2142.1369444444445,13452.205555555556,36
37940,5,38.9502,4,1367.5896551724138,3719.6093103448275,3092.02,15062.371724137933,29
37941,5,38.9502,5,1550.526212121212,3881.9103030303027,2817.8728787878786,14063.56696969697,66
37942,5,38.9502,6,1172.1388235294119,4533.427647058824,2678.957254901961,13986.868627450982,51
37943,5,38.9502,8,1381.8767816091954,4485.737126436782,3234.9398850574717,15438.359655172415,87
37944,5,38.9502,9,1814.8544736842105,5101.803684210527,3847.1697368421055,18344.659473684213,38
37954,5,38.9700x0,5,2014.5474,4144.7886,5402.588199999999,18234.6846,50
37955,5,38.9700x0,6,1559.14275,4344.116749999999,4891.72525,16102.519750000001,40
37956,5,38.9700x0,8,1105.9997727272728,5476.930909090909,6251.213409090909,19481.95909090909,44
37957,5,38.9700x0,9,1102.3486046511628,4643.34023255814,6103.014883720931,19064.056511627907,43
37969,5,38.9800x0,8,468.9736363636364,4849.141363636364,4654.009545454545,14482.652272727271,22
37977,5,38.9900x0,0,12.707777777777778,793.6579710144928,638.6197584541063,2711.8379227053138,207
38005,5,39.2700,4,832.3309523809525,2332.7190476190476,1976.1942857142858,9364.702380952382,21
38006,5,39.2700,5,932.0512820512821,4014.128205128205,2642.2228205128204,13135.557435897435,39
38007,5,39.2700,6,705.0251351351351,3210.6162162162163,2730.8310810810813,11387.468378378378,37
38008,5,39.2700,8,995.5403333333333,3797.8733333333334,2697.0266666666666,13474.062333333333,30
38014,5,39.2700x0,3,878.289375,3206.933125,1645.9365625,11638.28875,32
38015,5,39.2700x0,4,1477.798888888889,3238.509682539682,2903.411587301587,14107.342698412698,63
38016,5,39.2700x0,5,853.7872560975609,3116.6194512195125,2613.346707317073,11805.950609756097,164
38017,5,39.2700x0,6,1179.8888,3362.84296,3150.91672,14139.85552,125
38018,5,39.2700x0,8,1042.3509782608694,3736.097608695652,3031.957391304348,13859.369673913043,92
38041,5,39.3100x0,5,799.6086363636364,1812.9909090909093,3228.2313636363633,18279.64409090909,22
38089,5,39.4902,5,8825.869523809524,1994.1938095238095,759.0342857142857,15581.370952380952,21
38090,5,39.4902,6,6736.958636363636,1984.2495454545453,668.5727272727273,13177.90409090909,22
38091,5,39.4902,8,9491.034782608696,2035.428695652174,1445.346956521739,18173.201739130436,23
38102,5,39.5000x0,4,5529.366800000001,1567.4920000000002,604.4128,15528.1068,25
38103,5,39.5000x0,5,7273.150845070423,2112.6009859154933,1247.5287323943662,16745.561971830986,71
38104,5,39.5000x0,6,7722.299705882353,2487.820588235294,1800.694705882353,18332.34382352941,34
38105,5,39.5000x0,8,14069.567714285715,3078.4845714285716,2090.424857142857,26719.30742857143,35
38106,5,39.5000x0,9,27734.024615384616,5200.592692307692,5495.253846153846,48343.18961538461,26
38176,5,39.7204,5,113306.51434782609,6406.976956521739,8731.942173913045,144625.86956521738,23
38213,5,39.7400x0,5,60379.65047619047,8294.080952380953,9866.422380952381,98810.28047619048,21
38214,5,39.7400x0,6,51059.418333333335,9615.738000000001,9694.169,100644.094,30
38215,5,39.7400x0,8,52735.7725,9636.401249999999,10031.911250000001,93528.69775,40
38216,5,39.7400x0,9,60764.91043478261,7403.414782608696,9307.450434782608,101959.47869565219,23
38253,5,39.7900x0,8,12183.755714285715,5911.786666666667,5148.551428571429,35669.91619047619,21
38261,5,39.7902,5,8240.626666666667,3390.5359259259258,4655.05074074074,24126.341851851852,27
38262,5,39.7902,6,6100.573703703704,3476.2322222222224,4365.374444444445,23210.788888888892,27
38267,5,39.7903,4,7913.096444444445,2999.3866666666663,4873.476666666667,23721.34155555555,45
38268,5,39.7903,5,7700.6406603773585,3286.7003773584906,4903.917264150943,24698.948773584903,106
38269,5,39.7903,6,7997.326712328767,3717.1973972602746,3952.86904109589,23516.206712328767,73
38270,5,39.7903,8,7956.206380952382,4202.560476190476,4891.182761904762,25676.38285714286,105
38317,5,39.9200,5,293.65399999999994,1705.6433333333334,1081.8776666666665,5630.696333333334,30
38318,5,39.9200,6,349.33620689655174,1870.916551724138,1333.5693103448277,6637.830344827586,29
38322,5,39.9500,2,1065.732027027027,1751.2105405405405,1414.924864864865,7927.6004054054065,74
38323,5,39.9500,3,892.0851030927836,1676.12087628866,1956.0484020618558,10153.638041237113,194
38324,5,39.9500,4,963.579383033419,1940.7309511568124,1713.9566066838047,9672.162030848329,389
38325,5,39.9500,5,1083.565805785124,2141.2009400826446,1948.8943595041321,10011.570247933885,968
38326,5,39.9500,6,1032.6147280334728,2508.499958158996,2170.4669456066945,10491.798953974894,717
38327,5,39.9500,8,1083.4977896341463,2937.9456707317077,2516.4266463414638,11737.381402439025,656
38328,5,39.9500,9,1398.8123897058822,3170.8695588235296,2683.1525735294117,13128.809669117647,272
38333,5,39.9500x0,4,3620.4610344827584,5269.955862068966,5586.4510344827595,24397.706896551725,29
38334,5,39.9500x0,5,6263.974090909091,6997.769318181818,5556.452045454545,28810.986818181816,44
38335,5,39.9500x0,6,4260.434736842106,6704.619473684211,5220.908684210526,28878.279210526318,38
38336,5,39.9500x0,8,4941.115762711865,9400.853559322033,8789.204915254237,37264.67898305085,59
38337,5,39.9500x0,9,5962.214,10868.353428571429,10558.811142857143,43815.18742857143,35
38397,5,40.1101,6,321.7208695652174,3295.9734782608693,1243.807391304348,7772.984782608695,23
38398,5,40.1101,8,603.0682608695652,4314.226086956522,1715.4152173913042,8825.170434782607,23
38485,5,41.3100,5,149.1285714285714,3356.985,1574.1542857142856,8034.731428571429,28
38486,5,41.3100,6,156.32238095238094,4135.915238095238,1396.1257142857144,10519.54619047619,21
38487,5,41.3100,8,165.44241379310344,3327.1244827586206,1275.2834482758622,7579.63724137931,29
38493,5,41.3800,8,207.6747619047619,3297.1952380952384,1531.8661904761905,7348.331428571428,21
38505,5,41.3800x0,3,146.79904761904763,2784.0442857142857,1632.0419047619046,7519.123333333333,21
38506,5,41.3800x0,4,140.44121951219512,3117.4365853658537,1110.2724390243902,6526.675121951219,41
38507,5,41.3800x0,5,116.33944444444444,3027.1546296296297,1784.2482407407408,7862.1317592592595,108
38508,5,41.3800x0,6,191.42886956521738,3065.197304347826,2059.305913043478,8793.050521739131,115
38509,5,41.3800x0,8,138.85031746031746,3593.8172486772487,1795.9013756613756,8867.813915343915,189
38510,5,41.3800x0,9,125.39416666666666,3657.0605,2001.3795,9439.581333333334,60
38519,5,41.5x00,4,6650.1391304347835,7870.169565217391,6777.126086956521,37046.92304347826,23
38520,5,41.5x00,5,6077.7415254237285,7281.53779661017,7978.91220338983,36417.117796610175,59
38521,5,41.5x00,6,5818.083888888889,9129.011111111111,8256.338333333333,38647.00833333333,36
38522,5,41.5x00,8,5920.725714285714,10218.322857142857,10800.177142857143,46898.58523809524,21
38595,5,42.3307,4,2330.71625,2412.3708333333334,3076.9933333333333,12552.995833333334,24
38596,5,42.3307,5,2495.5173076923074,3301.624423076923,3549.012307692308,14424.736153846154,52
38597,5,42.3307,6,3152.8720000000003,3838.9996,4476.6084,18280.3644,25
38650,5,42.8101,8,4794.187142857142,3060.2134285714287,2522.3954285714285,13226.912571428571,35
38651,5,42.8101,9,3885.7044827586205,2745.3858620689657,1808.6651724137932,11031.544482758622,29
38658,5,42.9100x0,5,1913.9875757575755,2744.6233333333334,3235.117575757576,12199.104545454546,33
38676,5,42.9202,6,419.2595454545454,1463.4813636363635,650.7254545454545,3966.3540909090907,22
38677,5,42.9202,8,526.5570967741936,1952.689677419355,1394.6835483870968,6097.501290322581,31
38708,5,43.4100x0,4,1026.435,1878.0088235294118,1257.5873529411765,6795.635294117647,34
38709,5,43.4100x0,5,763.9577647058823,1881.6631764705883,1391.9503529411766,7089.766588235295,85
38710,5,43.4100x0,6,974.6974137931036,2358.2163793103446,1704.3839655172414,7984.350862068965,58
38711,5,43.4100x0,8,943.4154285714286,2483.4137142857144,1931.7614285714285,9241.062,35
38715,5,43.4101,4,297.39508771929826,1813.9087719298245,711.4270175438597,5223.560701754386,57
38716,5,43.4101,5,319.498,1921.649285714286,812.3105,5642.612785714286,140
38717,5,43.4101,6,422.609375,2234.428125,1042.59359375,6514.08234375,64
38718,5,43.4101,8,391.2824324324324,2194.8567567567566,901.808918918919,6310.653513513514,37
38724,5,43.4105,2,420.02639999999997,1400.2839999999999,458.69239999999996,3679.5371999999998,25
38725,5,43.4105,3,433.7783076923077,1684.9672307692308,646.2996923076923,4805.775692307692,130
38726,5,43.4105,4,403.79728194726164,1798.5749695740365,810.4504665314402,5393.133103448276,493
38727,5,43.4105,5,400.8500431034483,1923.6401551724139,907.6960517241379,5855.260249999999,1160
38728,5,43.4105,6,386.94780604133547,2020.4530365659778,986.4716216216217,6198.47279809221,629
38729,5,43.4105,8,382.755956937799,2055.222033492823,1129.5619617224881,6388.306698564594,418
38730,5,43.4105,9,380.69181818181823,2722.9604545454545,1585.867727272727,7376.6618181818185,44
38735,5,43.4107,5,4341.606363636363,3293.463181818182,1829.334090909091,15157.080454545456,22
38736,5,43.4107,6,4215.4825,3544.8033333333333,2062.655,15418.17125,24
38741,5,43.4108,4,1100.3413157894738,1942.752894736842,768.37,5840.573421052632,38
38742,5,43.4108,5,791.0516326530612,2071.362244897959,636.9167346938776,5220.085714285715,98
38743,5,43.4108,6,744.2827450980392,2353.885098039216,691.9654901960783,5877.162941176471,51
38744,5,43.4108,8,984.2961904761905,2288.3571428571427,858.8280952380952,6380.238571428572,21
38794,5,43.7x03,6,20199.836666666666,9332.72380952381,7831.2119047619035,51289.87952380952,21
38795,5,43.7x03,8,19033.586666666666,12688.042857142858,11926.805238095238,61701.2719047619,21
38831,5,44.1100,5,144.19256410256412,1698.4207692307693,1240.945641025641,4615.126923076923,39
38832,5,44.1100,6,108.71148148148148,1788.2362962962961,1025.378148148148,4787.178518518519,27
38833,5,44.1100,8,135.82527777777779,1885.0149999999999,1339.2172222222223,5080.313055555555,36
38840,5,44.1300,2,108.1244827586207,1611.6520689655174,897.9206896551724,3847.605862068965,29
38841,5,44.1300,3,63.980740740740735,1740.4865432098766,1117.5692592592593,4412.667777777778,81
38842,5,44.1300,4,89.66576576576577,2286.3870270270268,1109.8445495495496,5079.83382882883,222
38843,5,44.1300,5,124.77871794871795,2269.431794871795,1295.7261305361305,5476.512191142191,429
38844,5,44.1300,6,107.84629850746269,2294.7185970149253,1520.8757313432836,5991.7027462686565,335
38845,5,44.1300,8,180.45951704545453,2476.1573863636363,1577.4956249999998,6397.928096590909,352
38846,5,44.1300,9,113.57878787878788,2697.95595959596,1668.0239393939394,6682.48898989899,99
38851,5,44.1300x,5,183.0014705882353,3851.3529411764707,1231.9135294117646,6987.700294117647,34
38852,5,44.1300x,6,183.74040816326533,4128.518367346938,1436.3773469387756,7444.5116326530615,49
38853,5,44.1300x,8,209.38791666666668,3854.44375,1526.8604166666667,7374.050416666666,48
38856,5,44.1300x0,1,74.94923664122138,1373.1378625954198,770.1560305343512,3211.667175572519,131
38857,5,44.1300x0,2,84.80201877934272,1633.2261032863848,1032.1524882629108,3935.7703286384976,213
38858,5,44.1300x0,3,112.52092920353982,1908.4923230088496,1211.6797123893805,4570.394800884956,452
38859,5,44.1300x0,4,131.26314597315437,2162.558389261745,1305.8996979865772,5195.383296979866,1192
38860,5,44.1300x0,5,137.66107385079127,2284.446431801055,1388.7248643556895,5440.912558402411,2654
38861,5,44.1300x0,6,140.48981304347825,2381.5951826086957,1560.0525217391303,5828.034108695651,2300
38862,5,44.1300x0,8,146.7329702970297,2523.6953351104344,1680.6577913175934,6254.813233054075,2626
38863,5,44.1300x0,9,199.92236180904524,2819.6385678391957,1976.2686934673368,7188.712173366834,796
38871,5,44.1400,5,201.82363636363635,3232.867272727273,1611.1667272727273,7457.459818181817,55
38872,5,44.1400,6,145.7574285714286,3147.14,1535.074,7052.767428571428,35
38873,5,44.1400,8,210.995,3402.395,2064.402,8230.260333333334,60
38877,5,44.1401,3,175.2408108108108,2269.1056756756757,961.6751351351352,4802.901621621621,37
38878,5,44.1401,4,160.04916666666668,2860.3375,1110.6350925925926,5616.244351851852,108
38879,5,44.1401,5,185.53768786127168,2785.9796820809247,1391.2722543352602,6222.279971098266,346
38880,5,44.1401,6,198.19338461538462,3047.120564102564,1764.4397692307693,7127.278051282051,390
38881,5,44.1401,8,223.06849187935035,3228.8923897911836,1925.7014385150815,7723.714361948956,431
38882,5,44.1401,9,234.01077348066298,3152.225082872928,1905.3616574585637,7596.570055248619,181
38893,5,44.1901,5,178.4760606060606,2554.8681818181817,1476.6051515151516,6194.064545454546,33
38894,5,44.1901,6,91.89583333333333,2464.429166666667,1123.9554166666667,5244.7595833333335,24
38895,5,44.1901,8,109.54309523809525,2977.4845238095236,1470.337380952381,6605.0828571428565,42
38896,5,44.1901,9,103.90666666666667,2737.791025641026,1148.6102564102564,5436.005384615384,39
38916,5,44.4100x0,6,2103.140606060606,5204.448484848484,9045.810606060606,26956.01,33
38917,5,44.4100x0,8,1821.7,6139.532820512821,8305.776666666667,25961.527692307693,39
38918,5,44.4100x0,9,2758.9348000000005,7994.6359999999995,10163.0316,32446.762000000002,25
38926,5,44.4102,5,1984.754705882353,3710.665,5070.484117647058,17864.727941176472,34
38927,5,44.4102,6,2909.5860714285714,4905.6075,6411.591785714286,23253.17357142857,28
38928,5,44.4102,8,2879.0082222222222,5424.429777777777,6835.449111111112,23802.166,45
38929,5,44.4102,9,3712.1212903225805,7133.567419354838,9865.955483870968,32969.13419354839,31
38938,5,44.4200x0,8,2597.6706666666664,6488.4816666666675,7495.9563333333335,27150.993333333336,30
38955,5,44.4300x0,5,691.4141935483871,3261.2070967741934,3605.371290322581,11752.477741935483,31
38956,5,44.4300x0,6,655.78,3965.7520833333333,2952.2608333333333,12049.564166666665,24
38957,5,44.4300x0,8,897.5474285714286,4247.826,4478.108285714286,16088.287428571426,35
39020,5,44.6901,6,1659.9642857142858,6559.81,7522.331904761905,24389.423333333332,21
39021,5,44.6901,8,2282.15625,7117.709166666667,9723.666666666666,31037.48375,24
39022,5,44.6901,9,2446.6428571428573,7863.780000000001,10929.480476190476,33256.63142857143,21
39027,5,44.6902,8,2132.9695238095237,4956.883333333333,7246.028095238095,23639.276666666665,21
39052,5,45.1300,5,99.81305084745763,2587.8237288135592,1184.42,5351.892372881356,59
39053,5,45.1300,6,99.36788461538461,2550.945192307692,1144.409423076923,5464.310961538461,52
39054,5,45.1300,8,115.57484375,2782.39765625,1567.94265625,6491.42296875,64
39059,5,45.1300x0,1,88.2459090909091,1305.829318181818,716.9718181818181,3399.956363636363,44
39060,5,45.1300x0,2,107.75747126436781,1960.3873563218392,928.7364367816093,4326.21459770115,87
39061,5,45.1300x0,3,110.34266009852217,2288.4306403940886,891.8051231527094,4607.144975369459,203
39062,5,45.1300x0,4,148.1963972286374,2538.8960046189377,1260.6867436489606,5625.0521939953815,433
39063,5,45.1300x0,5,135.50304261645195,2678.9597224975223,1258.5962041625373,5796.22460852329,1009
39064,5,45.1300x0,6,155.37284144427002,2653.8988069073785,1394.9783830455258,6087.060753532182,637
39065,5,45.1300x0,8,168.46424920127794,2571.039840255591,1582.0829712460065,6421.920830670926,626
39066,5,45.1300x0,9,273.4484126984127,2674.669417989418,1920.933650793651,7589.625185185185,189
39080,5,45.1600,4,209.0121052631579,2384.7276315789472,1353.3992105263158,5816.337894736842,38
39081,5,45.1600,5,267.6368518518518,3032.912037037037,1320.055,6550.487962962962,108
39082,5,45.1600,6,337.3840495867769,3042.742479338843,1402.4905785123965,6817.160330578513,121
39083,5,45.1600,8,345.7480530973451,3028.038495575221,1849.965309734513,7783.583362831859,113
39084,5,45.1600,9,452.95033333333333,3553.4816666666666,2035.4883333333335,8686.266333333333,30
39088,5,45.1600x0,5,188.00729729729727,3095.041891891892,1045.1395945945947,5798.1905405405405,74
39089,5,45.1600x0,6,216.1769841269841,3079.6526984126986,1624.333492063492,7030.158888888889,63
39090,5,45.1600x0,8,209.3264835164835,3220.6039560439563,1629.8978021978023,7366.5101098901105,91
39091,5,45.1600x0,9,278.9661904761905,3149.9285714285716,1365.1195238095238,6374.920476190476,21
39096,5,45.2300,3,155.6027450980392,1892.3862745098038,935.045294117647,4380.666078431373,51
39097,5,45.2300,4,162.75048387096774,2132.2087903225806,1151.5395967741936,4858.131209677419,124
39098,5,45.2300,5,155.0271161048689,2346.436891385768,1126.076254681648,5008.221910112359,267
39099,5,45.2300,6,185.1346551724138,2553.473448275862,1311.393908045977,5512.285977011495,174
39100,5,45.2300,8,186.60145631067962,2805.430631067961,1622.432281553398,6496.573495145631,206
39101,5,45.2300,9,315.5106153846154,3029.260153846154,1748.1444615384614,7260.843230769231,65
39109,5,45.2302,1,63.228928571428575,1592.6107142857143,1005.9857142857144,3941.1421428571425,28
39110,5,45.2302,2,103.06265306122448,1767.969387755102,926.5208163265305,4028.3991836734695,49
39111,5,45.2302,3,91.60784722222223,2104.1536805555556,910.8538194444445,4413.83875,144
39112,5,45.2302,4,87.96553191489362,1972.9229787234044,914.9975886524822,4309.464042553192,282
39113,5,45.2302,5,123.35802083333334,2409.285121527778,1101.8077951388889,5273.505260416667,576
39114,5,45.2302,6,200.53375609756097,2528.4953658536583,1299.0957073170732,5754.404609756098,410
39115,5,45.2302,8,180.57650943396226,2673.6180188679245,1457.9688915094341,6017.215094339623,424
39116,5,45.2302,9,273.5896923076923,2950.0840769230767,1928.3776923076923,7154.918230769231,130
39131,5,45.2500,6,141.46857142857144,3158.338095238095,1224.4333333333332,6603.7961904761905,21
39137,5,45.2501,4,246.82409090909093,2904.2295454545456,1018.7095454545455,5939.0675,44
39138,5,45.2501,5,273.1901503759399,3429.4684210526316,1166.1739097744362,6570.2868421052635,133
39139,5,45.2501,6,338.1305405405405,3626.5801801801804,1601.1826126126127,7594.164864864865,111
39140,5,45.2501,8,264.5986428571429,3738.106714285714,1586.9727857142857,7643.172928571428,140
39141,5,45.2501,9,338.9076,3701.712,1721.2942,8071.1178,50
39234,5,45.4200,3,582.3255140186916,1694.2012149532711,688.6297196261683,4962.744672897196,107
39235,5,45.4200,4,522.9407480314961,1777.3675590551181,766.8838582677165,5184.731299212598,254
39236,5,45.4200,5,623.6991235632184,2000.5062787356323,951.9773994252873,5914.539813218391,696
39237,5,45.4200,6,652.1713314447593,2327.3303399433426,1166.490254957507,6608.366997167138,353
39238,5,45.4200,8,829.8785972850679,2314.119366515837,1354.9381447963801,7330.600542986425,221
39239,5,45.4200,9,745.375,2538.226666666667,1836.3706666666667,8178.239333333333,30
39243,5,45.4200x0,2,458.998,1232.7474285714286,756.2165714285715,4289.7111428571425,35
39244,5,45.4200x0,3,419.0889024390244,1666.5329268292685,758.8682926829268,4985.4017073170735,82
39245,5,45.4200x0,4,451.0655123674911,1753.357667844523,775.2765724381625,5225.288233215548,283
39246,5,45.4200x0,5,486.1186091794159,1845.4030319888734,791.017719054242,5393.857746870654,719
39247,5,45.4200x0,6,489.487525510204,1977.6678316326531,914.426862244898,5650.684005102041,392
39248,5,45.4200x0,8,614.4229795918368,2300.6399591836735,1012.9496734693878,6400.382734693878,245
39249,5,45.4200x0,9,904.180625,3029.4334375,1628.23625,8764.2,32
39252,5,45.4201,3,533.8568181818182,1418.9665909090909,712.3034090909091,4697.4175,44
39253,5,45.4201,4,542.2041228070175,1593.6547368421054,755.3256140350877,4820.418771929824,114
39254,5,45.4201,5,537.070920502092,1804.7746025104602,775.2541422594142,5219.882677824267,239
39255,5,45.4201,6,598.3657462686567,1963.3589552238805,1126.7631343283583,5901.871865671642,134
39256,5,45.4201,8,632.3064,2259.6001333333334,1323.4397333333334,6668.236133333334,75
39260,5,45.4202,4,341.11041666666665,4579.979166666667,855.3658333333333,7701.4470833333335,24
39261,5,45.4202,5,216.13454545454545,4757.132045454546,904.8481818181818,7982.280681818182,44
39262,5,45.4202,6,341.40500000000003,4387.714285714285,1018.5828571428572,8026.605714285714,28
39267,5,45.4300,4,1375.4127586206896,1898.7758620689656,672.8744827586207,5654.038620689655,29
39268,5,45.4300,5,1282.368947368421,2011.039605263158,738.9265789473684,5872.461184210526,76
39269,5,45.4300,6,1541.768611111111,2281.175277777778,918.2702777777777,6749.536111111111,36
39270,5,45.4300,8,1694.0122580645161,2504.674193548387,956.6254838709677,7311.676451612903,31
39273,5,45.4300x,5,872.1133333333333,1675.3333333333333,388.4575,4232.341666666666,24
39274,5,45.4300x,6,1034.9960869565218,1921.3347826086956,454.8621739130435,4795.149565217392,23
39278,5,45.4300x0,2,763.2667857142858,1621.8367857142857,465.00821428571425,4753.792857142857,28
39279,5,45.4300x0,3,811.4562626262626,1768.7214141414142,651.6279797979798,5128.012828282828,99
39280,5,45.4300x0,4,822.3991331269349,1903.6725696594426,650.9875541795666,5374.041393188855,323
39281,5,45.4300x0,5,976.5229107981221,2117.1801525821597,727.8251056338028,6006.948274647887,852
39282,5,45.4300x0,6,1060.1673333333333,2331.6709607843136,826.7060784313725,6592.457862745097,510
39283,5,45.4300x0,8,1220.6913218390805,2631.8473850574715,1015.7775574712645,7554.67209770115,348
39284,5,45.4300x0,9,1248.5331250000002,2869.8916666666664,1185.9414583333335,8091.081875,48
39287,5,45.4301,4,775.178125,2017.128125,467.39187499999997,4897.6621875,32
39288,5,45.4301,5,913.2405952380951,2586.30119047619,671.0475,6089.656785714285,84
39289,5,45.4301,6,796.8294871794873,2716.376923076923,905.4492307692309,6456.931282051282,39
39290,5,45.4301,8,996.3522727272727,3166.1,1028.3331818181819,7471.3445454545445,22
39293,5,45.4302,3,555.1376363636364,1714.5963636363638,515.2005454545455,4896.468,55
39294,5,45.4302,4,582.6582222222222,1874.9344444444444,685.3651111111112,5326.093333333333,135
39295,5,45.4302,5,605.417809110629,2173.557136659436,703.2485683297181,5698.492863340564,461
39296,5,45.4302,6,712.4524907063197,2473.386988847584,879.64,6345.248141263941,269
39297,5,45.4302,8,777.9157831325301,2562.8921686746985,970.9967469879517,6865.199819277108,166
39298,5,45.4302,9,668.1245454545455,2906.887878787879,1360.0827272727274,7687.048484848485,33
39313,5,45.4307,4,884.3933333333334,1832.5625,777.3658333333333,5689.638333333333,24
39314,5,45.4307,5,1164.760987654321,2215.4061728395063,912.429012345679,6856.47024691358,81
39315,5,45.4307,6,1203.913,2866.815,1054.63125,7697.02925,40
39316,5,45.4307,8,1216.2849999999999,2616.55,1235.0486666666666,8413.927,30
39333,5,45.6201,8,4843.479230769231,6298.585,6443.407307692308,29269.618076923074,26
39377,5,45.7300x0,8,7823.031739130435,9030.44304347826,9119.553913043479,42696.489565217395,23
39385,5,45.7302,8,8445.3732,8733.4752,8693.5212,41493.3756,25
39515,5,46.5100x0,6,6077.015454545454,3945.0886363636364,3432.644545454545,20551.919545454544,22
39516,5,46.5100x0,8,5818.807407407407,4111.403703703703,4250.677777777778,21235.371851851854,27
39590,5,46.7901,5,1446.3768181818182,3627.388181818182,5036.969545454545,17635.774545454544,22
39592,5,46.7901,8,2995.5696428571428,5470.491071428572,6972.196428571428,26905.965714285714,28
39636,5,47.0100,0,1336.1927536231885,1902.2054106280193,1085.4812077294687,7957.4907246376815,207
39637,5,47.0100,1,1247.2767582938388,1768.090018957346,1480.8821516587677,8064.8876492891,1055
39638,5,47.0100,2,1392.044980544747,1790.4783916990923,1890.7935278858627,8798.106018158236,771
39639,5,47.0100,3,1437.4299724517907,1833.3248301193755,1951.1000367309457,8961.236859504132,1089
39640,5,47.0100,4,1382.8401536885247,1959.0939036885245,2039.6277151639342,9279.870102459017,976
39641,5,47.0100,5,1425.9851851851852,2077.3886093640813,2054.89787561146,9505.541285814115,1431
39642,5,47.0100,6,1398.4253479381443,2322.4928221649484,2244.442963917526,10156.39625,776
39643,5,47.0100,8,1503.579743083004,2613.727588932806,2471.122786561265,11126.369347826087,506
39644,5,47.0100,9,1683.8968627450981,3530.345947712419,3311.7286928104572,14096.62660130719,153
39646,5,47.0901,0,714.788275862069,2003.6744827586206,1441.3924137931033,7853.946206896552,29
39647,5,47.0901,1,767.9456666666666,1856.4633333333334,1693.3166666666666,8096.6393333333335,30
39650,5,47.0901,4,953.4046153846153,1930.9641025641026,2593.8428205128203,9617.872564102565,39
39651,5,47.0901,5,828.82765625,2648.0446875000002,3344.4290625,11350.04890625,64
39652,5,47.0901,6,761.4153333333334,2483.826222222222,3043.084,10502.417111111112,45
39653,5,47.0901,8,1225.3454838709677,2977.749677419355,3467.003548387097,12787.355967741934,62
39654,5,47.0901,9,1201.6815384615386,4269.2269230769225,4971.691538461539,17144.27423076923,26
39701,5,48.2401,5,387.17238095238093,1945.6642857142856,1214.7395238095237,6299.458095238095,21
39703,5,48.2401,8,244.86190476190478,2754.5428571428574,1453.5290476190476,6164.199047619048,21
39712,5,48.3200x0,5,541.6879166666666,1990.6208333333334,951.4966666666666,6034.21375,24
39744,5,48.3508,4,576.8540425531914,1974.6340425531916,592.411914893617,5357.3091489361705,47
39745,5,48.3508,5,669.1759420289854,2228.3166666666666,711.2738405797102,6197.785507246377,138
39746,5,48.3508,6,858.8719178082192,2475.1497260273973,1135.6217808219178,7267.0232876712325,73
39747,5,48.3508,8,941.8365957446808,2700.5597872340427,1204.8287234042555,8184.6285106382975,47
39751,5,48.3509,5,3589.2122727272726,3253.842727272727,1155.135,11606.203181818182,22
39758,5,48.3510,4,1031.602372881356,1859.3169491525423,658.3845762711865,5740.284237288136,59
39759,5,48.3510,5,1117.2508620689655,2099.293448275862,774.1497701149425,6815.6644827586215,174
39760,5,48.3510,6,1143.974065934066,2298.9480219780216,847.4061538461538,7264.24934065934,91
39761,5,48.3510,8,1467.1881578947368,2560.8526315789472,1203.497894736842,8265.11355263158,76
39765,5,48.3600,3,420.1008,2172.3360000000002,694.2059999999999,5524.968000000001,25
39766,5,48.3600,4,440.3515,2268.735,848.5863333333333,5919.630833333333,60
39767,5,48.3600,5,429.2183333333333,2359.177450980392,1090.1053921568628,6273.574705882353,102
39768,5,48.3600,6,479.1261904761905,2767.550793650794,1274.1953968253968,7371.3996825396825,63
39769,5,48.3600,8,502.4624390243902,2885.5560975609756,1515.679756097561,7529.46268292683,41
39779,5,48.3601,4,422.32416666666666,1759.7511111111112,918.7850000000001,5310.380277777778,36
39780,5,48.3601,5,437.9249315068493,1678.5105479452056,1015.5654794520548,5525.135890410958,73
39781,5,48.3601,6,652.6238095238095,1919.9364285714287,908.5171428571429,6081.4400000000005,42
39782,5,48.3601,8,420.25793103448274,2081.8258620689653,1065.7531034482759,6122.049310344827,29
39787,5,48.3602,4,437.8336,1321.6424,435.4576,4051.3948,25
39788,5,48.3602,5,422.98675000000003,1972.9317500000002,845.51,5288.635625,80
39789,5,48.3602,6,415.819393939394,2178.75,785.2172727272726,5627.109696969696,33
39790,5,48.3602,8,388.9561538461538,2429.9428205128206,1117.7656410256411,6548.237692307692,39
39793,5,48.3603,3,243.54555555555555,1314.888888888889,669.6733333333334,4303.192777777778,36
39794,5,48.3603,4,244.62852272727275,1763.2522727272728,793.2865909090909,5164.605909090909,88
39795,5,48.3603,5,318.0602116402116,1688.9143915343916,781.4455555555555,5400.1640211640215,189
39796,5,48.3603,6,278.1849523809524,1893.0730476190477,851.7079047619047,5888.03419047619,105
39797,5,48.3603,8,497.3696610169492,2386.2271186440676,1334.096440677966,7342.623050847458,59
39801,5,48.4102,2,1686.6034782608695,1038.625652173913,1849.6604347826087,8285.72695652174,23
39802,5,48.4102,3,1383.1478571428572,1092.904761904762,1516.742380952381,7972.657857142857,42
39803,5,48.4102,4,1417.398163265306,1073.3163265306123,1607.089387755102,8054.076122448979,49
39804,5,48.4102,5,1538.353559322034,1144.5559322033898,1989.5615254237289,8662.153728813559,59
39805,5,48.4102,6,1121.04,1051.4318181818182,1831.8777272727273,8019.703181818182,22
39862,5,48.6302,5,12442.431071428571,8851.828571428572,6140.510357142857,43083.47142857143,28
39863,5,48.6302,6,13758.848536585367,8636.268780487806,7027.666341463415,42311.01731707317,41
39864,5,48.6302,8,12561.484222222223,9683.486666666668,7072.051111111111,45327.77777777778,45
39880,5,48.6900x0,5,13608.928780487804,7568.786585365854,8026.001707317073,43073.19414634146,41
39881,5,48.6900x0,6,11418.14320754717,7174.6726415094345,7732.1552830188675,40512.29283018868,53
39882,5,48.6900x0,8,12209.879166666668,7315.879861111111,7430.0183333333325,41392.814722222225,72
39883,5,48.6900x0,9,11180.640384615383,7113.461923076923,7759.803846153846,40944.16115384615,26
39922,5,48.7600x0,4,1005.98,2102.173043478261,1018.5726086956521,9359.5,23
39923,5,48.7600x0,5,1369.5385714285715,2286.598,1024.4417142857142,10932.790571428572,35
39962,5,48.9900x0,3,295.7778260869565,1776.977391304348,1334.5460869565218,6598.5669565217395,23
39971,5,49.0100,3,268.9485294117647,1078.5870588235293,1127.7532352941178,4691.572647058823,34
39972,5,49.0100,4,215.4830769230769,971.7738461538461,926.8588461538461,4276.40576923077,26
39973,5,49.0100,5,266.68625000000003,1427.2562500000001,1228.91375,5329.4525,24
39980,5,49.0100x0,1,272.80451612903227,1148.4045161290323,1437.368387096774,5428.594838709678,31
39981,5,49.0100x0,2,352.10963302752293,1442.6338532110092,1282.2626605504588,6116.653944954129,109
39982,5,49.0100x0,3,419.32614457831323,1415.501626506024,1388.274156626506,6492.7881325301205,166
39983,5,49.0100x0,4,443.82467213114757,1368.3785245901638,1549.7972131147542,6454.63868852459,122
39984,5,49.0100x0,5,368.31090225563906,1563.5693984962406,1615.5597744360903,6622.438796992481,133
39985,5,49.0100x0,6,301.757,1755.8785,1685.7884999999999,6866.0875,40
39986,5,49.0100x0,8,309.9644,1891.5064000000002,1642.2444,7000.2476,25
40008,5,49.0400x0,1,285.9840625,1116.7296875,1157.8709375,5451.7671875,32
40009,5,49.0400x0,2,296.82362962962964,1182.9437037037037,1659.7193333333335,6390.83237037037,135
40010,5,49.0400x0,3,356.1609004739336,1214.4255450236967,1746.901895734597,6501.041563981043,211
40011,5,49.0400x0,4,357.60382513661204,1252.488524590164,1804.2819672131147,6884.278579234972,183
40012,5,49.0400x0,5,369.3147540983607,1298.710819672131,2032.640218579235,7271.539890710383,183
40013,5,49.0400x0,6,326.5486538461538,1325.5946153846153,1696.3923076923077,6501.109807692308,52
40014,5,49.0400x0,8,474.7569696969697,1580.4327272727273,2046.468787878788,7749.769090909091,33
40017,5,49.0401,2,168.6095238095238,1556.3785714285714,1887.0561904761905,6962.656666666667,21
40018,5,49.0401,3,286.20875,1493.625,1577.105625,6577.835625,32
40019,5,49.0401,4,351.99095238095236,1645.5454761904762,1937.6233333333332,7706.5428571428565,42
40020,5,49.0401,5,260.7666666666667,1980.1904761904761,1530.5452380952381,7669.522380952381,21
40032,5,49.1200,2,334.3081666666667,1229.1833333333334,1318.5706666666667,6203.170333333333,60
40033,5,49.1200,3,265.8595575221239,1284.7509734513276,1360.4124778761063,6391.14814159292,113
40034,5,49.1200,4,390.18452991452995,1294.8988034188035,1280.262136752137,6242.303675213676,117
40035,5,49.1200,5,488.51917525773194,1436.9401030927836,1420.71,6653.759896907216,97
40036,5,49.1200,6,479.1553846153846,1409.4353846153847,1355.111153846154,6749.046538461538,26
40061,5,49.3901,2,535.8611538461538,992.505,1026.8042307692308,5478.087692307692,26
40062,5,49.3901,3,763.4228571428572,1082.657857142857,1095.7960714285714,6033.0475,28
40063,5,49.3901,4,304.0059259259259,1080.707777777778,1008.4870370370371,5814.827407407407,27
40064,5,49.3901,5,623.226590909091,1261.5390909090909,1058.9915909090907,6314.816363636363,44
40087,5,49.3906,3,1175.9791666666667,1299.8966666666668,1078.1791666666666,6532.235416666666,24
40088,5,49.3906,4,1153.8325,1197.047142857143,907.6957142857143,5991.168928571429,28
40089,5,49.3906,5,1096.07525,1365.93975,1015.6959999999999,6792.37075,40
40114,5,49.4200x0,3,745.156551724138,1426.455172413793,960.3675862068966,5826.151034482758,29
40115,5,49.4200x0,4,421.14,1959.7848484848485,940.2372727272727,5863.268484848485,33
40116,5,49.4200x0,5,629.9611111111111,1677.4888888888888,946.6460317460317,6013.6698412698415,63
40120,5,49.4500,2,924.388679245283,1125.5585849056604,1333.375,6538.375,106
40121,5,49.4500,3,794.5799411764706,1270.1876470588236,1408.5046470588236,7120.744705882354,170
40122,5,49.4500,4,816.172,1182.7429047619048,1381.6110476190477,6940.513761904762,210
40123,5,49.4500,5,859.9215238095237,1271.2119365079366,1387.5390158730158,7132.775333333333,315
40124,5,49.4500,6,751.5282291666666,1300.984375,1442.7746875,6818.908645833333,96
40125,5,49.4500,8,803.8331111111111,1571.9822222222222,1395.6357777777778,7578.562222222222,45
40132,5,49.4500x0,1,830.4717857142857,1141.6935714285714,1410.175,6464.549642857143,28
40133,5,49.4500x0,2,888.7033333333334,1132.4041071428571,1320.0682142857142,6413.5989285714295,168
40134,5,49.4500x0,3,1165.2130674846626,1228.7507055214724,1442.8557668711655,6833.129171779141,326
40135,5,49.4500x0,4,1095.6127701375246,1271.212848722986,1392.8567583497052,6730.184695481335,509
40136,5,49.4500x0,5,1124.8693587521664,1296.6861525129984,1413.8317504332756,6828.523552859619,577
40137,5,49.4500x0,6,1085.8193684210526,1415.8651052631578,1454.440210526316,7087.984684210527,190
40138,5,49.4500x0,8,1131.3396969696971,1553.4662626262627,1639.3105050505048,7914.36101010101,99
40141,5,49.4600,1,341.7790243902439,1027.760731707317,1058.5653658536585,5548.69243902439,41
40142,5,49.4600,2,708.0612280701755,1078.775894736842,1102.6030877192982,5931.473894736842,285
40143,5,49.4600,3,733.6896315789475,1137.653245614035,1142.1431052631578,6227.793,570
40144,5,49.4600,4,824.5151836734694,1158.0420136054422,1142.4234693877552,6348.624639455783,735
40145,5,49.4600,5,813.1158829268293,1219.9828975609755,1208.9468,6540.968029268293,1025
40146,5,49.4600,6,852.5301223241589,1386.300611620795,1205.3896941896023,6829.138073394495,327
40147,5,49.4600,8,672.5652941176471,1355.8705882352942,1217.366274509804,6511.38,153
40148,5,49.4600,9,1023.6775000000001,1779.5595833333334,1514.12625,8487.405833333332,24
40150,5,49.4601,2,929.0918181818181,952.5969696969697,1555.9336363636362,8033.862727272726,33
40151,5,49.4601,3,1821.1894805194804,1045.1363636363637,1692.7232467532467,9532.44077922078,77
40152,5,49.4601,4,1545.5764516129032,1190.758064516129,1415.5164516129032,8922.392150537635,93
40153,5,49.4601,5,1524.2008,1143.8232,1384.60472,9322.26816,125
40154,5,49.4601,6,1648.1914814814813,1398.5222222222221,1999.0755555555556,10062.407407407407,27
40180,5,49.4900x0,2,2074.837142857143,1077.9457142857143,1370.1555555555556,7789.06380952381,63
40181,5,49.4900x0,3,2024.444391891892,1143.030608108108,1630.6153378378378,8523.492499999998,148
40182,5,49.4900x0,4,1998.7683606557375,1251.9848633879783,1519.5807650273225,8578.394480874316,183
40183,5,49.4900x0,5,2006.769638554217,1288.7889156626507,1468.1437751004016,8733.583534136545,249
40184,5,49.4900x0,6,1998.2854807692308,1329.0823076923077,1446.163076923077,8629.444903846153,104
40185,5,49.4900x0,8,2053.7329032258067,1496.1990322580646,1596.0967741935483,9057.14370967742,62
40188,5,49.4901,2,1969.8533333333332,1170.432,1426.0755555555556,7900.865111111111,45
40189,5,49.4901,3,2137.3826190476193,1260.6444047619048,1660.5334523809524,8568.809523809523,84
40190,5,49.4901,4,2407.3212173913043,1407.7784347826087,1580.7191304347828,8911.382,115
40191,5,49.4901,5,2407.5504705882354,1425.112,1675.3635294117646,8741.704588235294,170
40192,5,49.4901,6,2400.5965,1840.1533749999999,2228.596,11104.685375,80
40193,5,49.4901,8,2387.6281632653063,1621.9379591836737,1683.6312244897958,9090.433469387755,49
40197,5,49.4902,3,1194.4660317460318,2030.3095238095239,880.1519047619048,9278.214126984127,63
40198,5,49.4902,4,1310.7577419354839,2145.2096774193546,901.221935483871,9885.95129032258,31
40203,5,49.4903,3,1256.28,1529.667857142857,1665.0191071428574,9292.539642857144,56
40204,5,49.4903,4,1061.4936363636364,1440.3163636363636,1605.3856363636364,9087.548545454545,55
40205,5,49.4903,5,1702.566842105263,2085.3070175438597,1492.8659649122808,9655.380701754386,57
40242,5,49.7300x0,2,308.65375,1157.11175,1670.68825,6722.782249999999,40
40243,5,49.7300x0,3,331.66243902439027,1478.540243902439,1578.9407317073171,6980.661463414634,41
40244,5,49.7300x0,4,265.58714285714285,1438.1580952380953,1253.5764285714286,6101.748333333333,42
40245,5,49.7300x0,5,319.7430612244898,1477.4830612244898,1229.0775510204082,6429.888571428571,49
40250,5,49.7301,2,388.03839999999997,1283.34,1206.7728,6500.0746,50
40251,5,49.7301,3,363.53372093023256,1377.8602325581394,1222.473488372093,6416.79511627907,86
40252,5,49.7301,4,259.7891428571429,1379.1599999999999,1307.8562857142858,6434.985285714285,70
40253,5,49.7301,5,307.2555844155844,1346.1936363636364,1262.331818181818,6481.132207792208,77
40257,5,49.7302,3,734.945,1091.0458333333333,2063.6966666666667,6828.77875,24
40258,5,49.7302,4,618.0956521739131,1371.6130434782608,1517.7226086956523,6754.912608695652,23
40281,5,49.9400,4,204.3811111111111,1117.7222222222222,2454.362962962963,7330.421851851853,27
40282,5,49.9400,5,187.87116279069767,1240.9651162790697,2582.4941860465115,7746.076976744186,43
40300,5,50.0x03,5,1252.3339285714285,2358.7946428571427,1609.5682142857145,10042.539642857142,28
40301,5,50.0x03,6,1445.5244,2476.7563999999998,1738.3627999999999,10186.6512,25
40302,5,50.0x03,8,2174.7476666666666,3208.4533333333334,1711.949,12668.726333333332,30
40321,5,50.1100x0,5,945.1971428571428,4408.969047619048,2480.2576190476193,9765.606190476192,21
40322,5,50.1100x0,6,1588.2755172413792,4921.307586206897,2541.9106896551725,11913.936896551724,29
40323,5,50.1100x0,8,1095.4441379310344,5138.681379310345,3361.523103448276,13123.525862068966,29
40486,5,51.2200,4,2976.0114285714285,2997.8161904761905,4010.534285714286,15535.91857142857,21
40487,5,51.2200,5,1325.640357142857,2399.667857142857,3118.785714285714,12359.169642857143,28
40489,5,51.2200,8,1692.222142857143,5068.056071428572,6035.326071428572,20761.594285714287,28
40494,5,51.2300,1,1741.0523943661972,1788.28,1493.340281690141,9271.961971830986,71
40495,5,51.2300,2,1575.8488764044944,1954.6500187265917,1689.5813483146067,9368.33554307116,534
40496,5,51.2300,3,1641.4842319749216,1987.7505721003135,1643.7362304075236,9569.374553291536,1276
40497,5,51.2300,4,1649.0788835725677,2080.2189526847424,1772.6606911217436,9903.275007974482,1881
40498,5,51.2300,5,1585.0261939875213,2162.2016505955758,1723.3275269427113,9913.993723766307,3526
40499,5,51.2300,6,1602.4834751381215,2381.6431878453036,1918.2163093922652,10606.13326519337,1810
40500,5,51.2300,8,1710.9093696498055,2727.8927315175097,2234.6627626459144,11817.40560311284,1285
40501,5,51.2300,9,1928.1345674740485,3391.170138408305,3044.128096885813,14312.09197231834,289
40532,5,51.4100x0,8,2699.157741935484,4739.042903225807,6593.732580645161,23978.88258064516,31
40540,5,51.4903,6,2335.2332,5322.3640000000005,6682.861999999999,23512.2696,25
40541,5,51.4903,8,1615.4271428571428,4492.533333333333,4469.036666666667,19272.502857142856,21
40646,5,51.8803,5,3418.3645614035086,3481.4728070175443,4657.356842105262,19705.628771929827,57
40647,5,51.8803,6,3145.2091666666665,4213.1404999999995,4514.658666666667,20129.184666666668,60
40648,5,51.8803,8,3408.5311111111114,4554.771851851852,4863.98024691358,22113.742839506172,81
40649,5,51.8803,9,3600.371739130435,5383.204565217391,6065.074782608695,25180.910652173916,46
40659,5,51.8805,5,3121.8379245283018,4460.905660377359,4233.268490566038,20768.540377358488,53
40660,5,51.8805,6,3428.6864583333336,4831.412499999999,4386.588958333334,21778.637708333332,48
40661,5,51.8805,8,3485.722142857143,5961.283928571429,4905.6987500000005,24609.697142857145,56
40694,5,51.9800x0,8,3112.2182608695653,5267.061739130435,3773.4482608695653,16120.119130434783,23
40695,5,51.9800x0,9,2769.519047619048,4664.769047619047,3754.6838095238095,14450.660952380953,21
40777,5,53.0001,5,1938.7469696969697,1505.1696969696968,935.0981818181817,7582.933636363637,33
40778,5,53.0001,6,2055.401428571429,1723.8857142857144,1244.3794285714284,8114.377428571429,35
40779,5,53.0001,8,1921.352638888889,2001.7820833333333,1545.1869444444446,9014.011388888888,72
40780,5,53.0001,9,1937.2932258064516,3636.7112903225807,2467.43,13029.275806451613,31
40781,5,53.0002,0,1015.015625,928.625,375.3346875,5453.769375,32
40786,5,53.0002,5,2843.0712,1322.2684,839.7628,8901.8488,25
40787,5,53.0002,6,3283.5692307692307,1541.0,1282.0207692307692,9702.92923076923,26
40788,5,53.0002,8,2968.9266666666667,1783.6333333333334,1133.0620833333335,9802.737500000001,24
40800,5,53.0201,0,460.90319999999997,742.2936,335.5436,4009.9836,25
40805,5,53.0201,5,1966.2991666666667,1163.2122222222222,838.1377777777777,6891.381388888889,36
40806,5,53.0201,6,2417.9240476190475,2071.7728571428574,1654.1045238095237,10223.736428571428,42
40807,5,53.0201,8,1913.0238461538463,1908.9365384615385,1239.1686538461538,8273.948846153846,52
40809,5,53.0202,0,468.10618497109823,879.3701156069365,411.0239884393063,4349.904971098266,173
40818,5,53.0203,0,1012.7809523809525,998.3428571428572,369.63142857142856,5660.067142857143,21
40827,5,53.0204,0,822.1901136363637,861.1595075757575,381.03121212121215,4937.667878787879,264
40842,5,53.0302,5,1999.1879545454547,1333.9977272727274,843.2340909090909,7312.594772727272,44
40843,5,53.0302,6,1806.241886792453,1550.8392452830187,1049.082075471698,7661.09603773585,53
40844,5,53.0302,8,2010.1157627118644,1614.8166101694915,927.5713559322033,7790.090508474576,59
40845,5,53.0302,9,2130.539333333333,2005.2,606.5513333333333,7744.890666666667,30
40852,5,53.0401,2,2183.649259259259,1138.371111111111,686.8407407407408,7203.633333333333,27
40853,5,53.0401,3,2131.3279545454548,1143.3336363636363,774.3731818181818,7344.123863636364,44
40854,5,53.0401,4,2148.5212857142856,1452.7215714285715,953.8737142857143,7820.408285714285,70
40855,5,53.0401,5,2128.467883211679,1319.3437226277372,855.7325182481751,7251.642518248175,274
40856,5,53.0401,6,2114.7131226765796,1414.4534572490707,842.9779182156134,7239.642676579925,269
40857,5,53.0401,8,2166.81859223301,1615.4863834951457,948.1946601941747,7936.624587378641,412
40858,5,53.0401,9,2242.874603174603,2020.447777777778,991.202380952381,8625.948465608466,189
40867,5,53.0501,4,2055.3103125,1506.9075,1191.54125,8241.9971875,32
40868,5,53.0501,5,2229.0663120567374,1335.8216312056738,1022.6852482269503,7720.286524822694,141
40869,5,53.0501,6,2038.9345945945947,1487.154054054054,993.4268243243245,7635.767297297298,148
40870,5,53.0501,8,2130.6060301507537,1846.4407537688444,1137.1091457286432,8440.767788944724,199
40871,5,53.0501,9,2116.499069767442,1856.9104651162788,980.2205813953489,8211.54011627907,86
40883,5,53.1200x0,0,882.8143037974684,850.2994936708861,393.25291139240505,5675.5374683544305,79
40891,5,53.1202,0,1054.6177777777777,858.8970370370371,444.0548148148148,5436.497037037037,27
40905,5,53.1401,8,3765.7904761904765,1724.7814285714285,894.3680952380952,10866.731904761904,21
40911,5,53.1501,6,4485.253703703704,1827.2033333333331,1542.4796296296295,12629.994814814814,27
40912,5,53.1501,8,3586.2877500000004,1735.6727500000002,1213.3835,10486.94425,40
40913,5,53.1501,9,3883.4817857142857,2162.8771428571426,1445.955,11950.782857142856,28
40925,5,53.1701,6,3775.692142857143,1938.6835714285714,1229.9164285714285,11582.717499999999,28
40926,5,53.1701,8,3999.8582,1580.1396,1045.138,10925.537199999999,50
40940,5,53.2101,6,1725.6967857142859,1559.0485714285714,923.3117857142857,7381.230357142857,28
40941,5,53.2101,8,2010.6754,2161.1142,1364.9288000000001,9392.369400000001,50
40942,5,53.2101,9,2011.4069230769232,3653.2084615384615,1881.418076923077,12317.956153846153,26
40950,5,53.2901,5,419.97999999999996,1260.9577272727272,599.959090909091,4848.932727272728,22
40951,5,53.2901,6,873.1778571428571,1787.4210714285714,1248.0571428571427,7315.993214285714,28
40952,5,53.2901,8,1313.8102222222221,2872.2715555555556,2134.5040000000004,11012.214444444446,45
40953,5,53.2901,9,1049.6345161290321,3278.0109677419355,3036.9112903225805,12131.333870967741,31
41067,5,54.0x00x0,5,492.0859259259259,2263.188888888889,2070.5944444444444,7241.980740740742,27
41068,5,54.0x00x0,6,412.485925925926,2548.467777777778,3114.4477777777774,10000.999629629629,27
41092,5,54.1100,8,2051.3315384615385,5124.866153846154,6701.122307692307,23268.494615384614,26
41118,5,54.2100,3,859.0774285714285,1502.9465714285714,1281.3482857142858,7793.043999999999,35
41119,5,54.2100,4,1801.57,2524.3658333333333,2566.64375,12644.091666666667,24
41120,5,54.2100,5,1635.2247826086955,3793.452173913043,2903.3786956521735,14872.155217391304,23
41167,5,54.3x01,3,439.4691891891892,1553.662162162162,618.9502702702703,5067.843243243244,37
41235,5,54.5100x0,2,1139.6683783783785,1591.722972972973,1357.5464864864866,8929.082162162162,37
41236,5,54.5100x0,3,1489.4129090909091,1508.6472727272728,1329.070181818182,9374.021636363637,55
41263,5,54.5903,5,2161.1272222222224,5469.225833333334,8562.5125,27210.52361111111,36
41265,5,54.5903,8,2982.0033333333336,5272.933333333333,6651.689696969697,24986.27393939394,33
41266,5,54.5903,9,2436.8234615384617,7395.3123076923075,6975.323846153847,28113.674230769233,26
41299,5,54.9101,4,838.1857142857143,3890.6407142857142,4844.882321428572,13543.641428571429,56
41300,5,54.9101,5,588.3075,3253.25390625,4134.746666666667,11591.0990625,192
41301,5,54.9101,6,461.02061855670104,3338.2335567010314,3259.314536082474,10325.451134020619,194
41302,5,54.9101,8,479.3528260869565,3386.5191304347827,3440.932010869565,10712.662391304348,184
41303,5,54.9101,9,688.8822857142858,4067.235857142857,4476.332285714286,13098.195714285714,70
41314,5,54.9105,3,222.96476190476193,2640.487619047619,2914.4714285714285,8695.256190476191,21
41315,5,54.9105,4,298.9871428571428,4909.1548571428575,5708.396571428571,18979.721142857143,35
41316,5,54.9105,5,283.2722772277228,3260.6156435643566,3398.064554455446,10510.589801980199,101
41317,5,54.9105,6,286.81704545454545,3435.121590909091,2496.935681818182,9590.661704545455,88
41318,5,54.9105,8,280.1954651162791,3421.7238372093025,2889.7567441860465,9298.136744186048,86
41319,5,54.9105,9,637.6685106382978,4282.1427659574465,3068.6536170212767,10810.392765957447,47
41338,5,54.9800,4,568.0131818181818,2733.1727272727276,4201.8777272727275,10468.10681818182,22
41383,5,55.0106,4,1610.9176315789475,2735.198947368421,1531.2315789473685,11592.254210526315,38
41384,5,55.0106,5,1590.2884000000001,2650.3394,1571.7494,11689.115,150
41385,5,55.0106,6,1416.1805142857143,2727.0606857142857,1550.842285714286,11430.189314285713,175
41386,5,55.0106,8,1639.7085454545454,2887.1795454545454,1813.7097272727274,12229.60709090909,110
41417,5,55.0400x0,5,4206.0156,4708.554,3163.5188,22194.1076,25
41427,5,55.0402,3,5013.438275862069,2489.1479310344826,2283.2606896551724,16145.121379310345,29
41428,5,55.0402,4,3684.9965454545454,2631.3950909090913,2838.469818181818,16764.014909090907,55
41429,5,55.0402,5,4298.74890625,2892.828125,2999.554921875,17229.535703125,128
41430,5,55.0402,6,4379.162424242425,3328.5319696969696,3481.1486363636363,18795.144545454546,66
41431,5,55.0402,8,4860.388,4302.18725,3697.42575,22012.1325,40
41438,5,55.0404,3,4490.888387096775,2510.2561290322583,2733.876935483871,16624.030322580646,62
41439,5,55.0404,4,4446.682692307692,2815.1027884615387,3064.108269230769,17377.669903846152,104
41440,5,55.0404,5,4379.265248868778,3064.0359728506787,3178.0311312217195,18124.33226244344,221
41441,5,55.0404,6,4418.760080645161,3432.350564516129,3410.105322580645,18943.074999999997,124
41442,5,55.0404,8,4314.541551724138,3385.57775862069,3091.3063793103447,18415.772068965518,58
41530,5,55.5103,5,4673.167878787879,3867.0430303030303,3014.3284848484845,20561.107575757578,33
41531,5,55.5103,6,4119.095,4897.858214285714,3281.4474999999998,23057.622142857144,28
41532,5,55.5103,8,4584.198,4821.108,3327.72,21582.2524,25
41590,5,56.0x00,4,3276.4572,1599.412,1015.5124000000001,9675.908000000001,25
41591,5,56.0x00,5,2686.1783636363634,1587.9258181818182,967.7483636363637,8689.039818181818,55
41592,5,56.0x00,6,2611.1223999999997,1955.4920000000002,1399.8656,9654.142,25
41598,5,56.0x00x,5,7090.211111111112,2404.4296296296297,1486.2285185185185,14452.984074074075,27
41603,5,56.0x00x0,2,3286.208987341772,1824.7760759493672,1461.5658860759495,10707.825506329113,158
41604,5,56.0x00x0,3,3359.592,2046.8926206896554,1682.0615632183908,11485.616574712643,435
41605,5,56.0x00x0,4,3557.3287370242215,2076.346712802768,1830.0489273356402,11986.030501730103,578
41606,5,56.0x00x0,5,3632.68894686907,2183.1912523719166,1736.53834914611,11830.375502846298,1054
41607,5,56.0x00x0,6,3344.804043392505,2408.5799408284024,1995.1677120315583,12210.639546351085,507
41608,5,56.0x00x0,8,3228.119224137931,2711.135316091954,2117.089712643678,12682.698045977011,348
41609,5,56.0x00x0,9,4083.5369863013702,3512.354246575342,2593.3797260273973,15456.84589041096,73
41612,5,56.0x02,4,4453.154347826087,1936.6834782608696,1640.1252173913042,11541.22347826087,23
41613,5,56.0x02,5,4400.308222222222,1681.382,1377.3993333333333,11108.779333333334,45
41618,5,56.0x03,2,3962.13,2009.5975862068967,1850.003448275862,12114.253793103448,29
41619,5,56.0x03,3,3997.6862195121953,1615.9075609756098,1619.3549999999998,11523.531097560975,82
41620,5,56.0x03,4,3925.320882352941,1791.520661764706,1577.4558088235294,11645.924705882353,136
41621,5,56.0x03,5,4193.562742616034,1963.2512236286918,1690.4291983122364,12467.635063291138,237
41622,5,56.0x03,6,3837.6138202247193,2214.3271910112358,1889.1166292134833,12347.353033707865,89
41623,5,56.0x03,8,3305.4194594594596,2353.1701351351353,1762.4554054054054,11918.348513513514,74
41636,5,56.0x06,2,2696.7833333333333,1644.2945238095238,1401.6907142857144,10127.391666666666,42
41637,5,56.0x06,3,3549.828288288288,1654.3885585585585,1548.5277477477475,11775.059189189189,111
41638,5,56.0x06,4,3609.8580952380953,1795.5783597883599,1586.26291005291,11758.259523809524,189
41639,5,56.0x06,5,3765.053197969543,1876.2012944162439,1768.9567766497462,12377.21659898477,394
41640,5,56.0x06,6,3917.061170212766,2020.514680851064,1875.4976063829786,12707.84579787234,188
41641,5,56.0x06,8,3335.209417475728,2231.1219417475727,2052.8131067961167,12912.546116504855,103
41642,5,56.0x06,9,3756.829130434783,2435.379130434783,2174.0908695652174,13780.851304347827,23
41645,5,56.0x07,3,2386.8173076923076,1998.7596153846155,1519.345,8982.121538461539,26
41646,5,56.0x07,4,2135.5116279069766,2080.0697674418607,1578.3865116279069,9128.652790697675,43
41647,5,56.0x07,5,2049.729489795918,2278.4795918367345,1707.6609183673468,9544.050408163264,98
41648,5,56.0x07,6,2385.0796666666665,2479.57,2217.5983333333334,10717.857666666667,30
41649,5,56.0x07,8,2067.5326923076923,2785.3384615384616,2669.258846153846,11488.012307692308,26
41674,5,56.2x04,5,2384.0348275862066,2710.886896551724,2265.3644827586204,15216.009999999998,29
41685,5,56.3100,4,1317.5946153846155,2159.623076923077,1514.8766666666668,7761.798205128205,39
41686,5,56.3100,5,1220.6145454545454,1982.8815584415586,1726.6203896103896,7641.126233766234,77
41687,5,56.3100,6,1512.073,2022.3683333333333,1445.71,7746.628333333333,30
41688,5,56.3100,8,1240.362,3029.80925,2126.411,9456.2955,40
41750,5,57.0x00x0,4,893.0926666666668,2140.0116666666668,1870.6093333333333,10052.392,30
41751,5,57.0x00x0,5,756.6851020408163,1908.7139795918367,1486.5470408163264,7604.543163265306,98
41752,5,57.0x00x0,6,822.9056382978724,2210.012553191489,1627.7678723404254,8438.107978723405,94
41753,5,57.0x00x0,8,903.0835398230089,2289.892831858407,1999.5910619469028,9126.557699115045,113
41754,5,57.0x00x0,9,1242.0743055555556,3116.8898611111113,2495.367777777778,11763.64625,72
41769,5,57.0x06,5,844.4713793103448,1919.0241379310344,1235.2186206896552,7147.556551724138,29
41771,5,57.0x06,8,622.3264,2319.8084,1721.6628,8296.130799999999,25
41841,5,57.3200x0,4,240.17666666666668,2031.8085714285717,1413.5995238095238,5619.563809523809,21
41842,5,57.3200x0,5,239.62723684210525,1780.1832894736842,999.3940789473684,4304.478947368421,76
41843,5,57.3200x0,6,318.0387804878049,2191.1648780487803,1040.715487804878,5245.255487804879,82
41844,5,57.3200x0,8,338.08971428571425,2285.2174285714286,1243.4545714285714,5338.223238095237,105
41845,5,57.3200x0,9,260.71,2455.8333333333335,1145.335,5339.9366666666665,30
41872,5,57.4900x0,5,1805.7473469387753,3078.7387755102045,2284.311632653061,12053.207551020409,49
41873,5,57.4900x0,6,1894.9377358490565,3496.597169811321,2674.5424528301887,13340.763396226414,53
41874,5,57.4900x0,8,2185.3343157894737,3628.060947368421,2736.834210526316,14017.704631578947,95
41875,5,57.4900x0,9,1933.35375,3854.5808928571428,2964.8026785714287,14895.449999999999,56
41879,5,57.4901,8,1780.5054545454548,3444.4227272727276,2777.125,12873.268181818183,22
41944,5,57.9400,3,334.6096969696969,3577.401818181818,2691.8542424242423,9531.561212121213,33
41945,5,57.9400,4,565.7928571428571,4216.305873015874,3758.545396825397,13584.600952380952,63
41946,5,57.9400,5,404.6625,3974.737295918367,3503.9763265306124,12099.713010204081,196
41947,5,57.9400,6,348.65707641196013,4066.705415282392,3632.446710963455,12089.734717607973,301
41948,5,57.9400,8,465.72858646616544,4198.877203007519,3287.37192481203,11744.146556390977,665
41949,5,57.9400,9,312.45652173913044,4096.287590062111,3470.1411180124223,11775.536795031056,805
41954,5,57.9500,8,434.94599999999997,3653.1556,3575.3248,12146.5352,25
41955,5,57.9500,9,275.62363636363636,3139.7466666666664,2468.8639393939397,9047.420606060607,33
41993,5,58.3901,5,611.5138095238095,1955.4361904761906,982.7180952380953,6343.078095238095,21
41994,5,58.3901,6,303.6102272727273,1784.2402272727275,1154.0002272727272,6166.282727272727,44
41995,5,58.3901,8,338.8040740740741,1906.2366666666667,1037.5846296296297,6059.540555555555,54
42007,5,58.3906,6,272.9242857142857,2019.3000000000002,837.3466666666666,5398.362380952381,21
42008,5,58.3906,8,428.60419354838706,1856.8058064516129,1338.1167741935485,6488.1322580645165,31
42036,5,58.6x00,6,334.1709523809524,1675.8814285714286,1086.925238095238,4593.255714285714,21
42037,5,58.6x00,8,600.9604166666667,2015.4833333333333,1356.0491666666667,5948.2579166666665,24
42038,5,58.6x00,9,659.054090909091,2536.768181818182,1350.3345454545454,6388.898636363636,22
42102,5,59.8x00x0,5,1804.3977777777777,2176.4222222222224,955.5192592592592,7614.6900000000005,27
42113,5,59.8x03,2,2055.9791578947365,1680.019157894737,976.4934736842106,6690.3421052631575,95
42114,5,59.8x03,3,1721.7965838509317,1793.6288819875776,835.4805590062111,6151.012173913044,161
42115,5,59.8x03,4,2192.141169354839,2045.5357258064516,1183.256129032258,7577.485806451613,248
42116,5,59.8x03,5,2007.9318875502008,2377.449236947791,1353.2791767068275,8138.5711044176705,498
42117,5,59.8x03,6,1729.7146058091284,2630.5563900414936,1560.7722821576763,8327.839875518672,241
42118,5,59.8x03,8,1842.1107441860465,3142.3293488372096,2146.304046511628,10194.621627906976,215
42119,5,59.8x03,9,2002.323064516129,4190.64064516129,2694.077903225806,12237.140806451613,62
42150,5,59.9900x0,3,20.82925925925926,575.8148148148148,116.55666666666666,1420.624074074074,27
42151,5,59.9900x0,4,236.66355555555558,586.6422222222222,262.95177777777775,1840.5224444444443,45
42152,5,59.9900x0,5,73.538125,717.1421875,330.505,1910.3782291666666,96
42153,5,59.9900x0,6,67.81309523809524,649.4714285714285,260.9530952380953,1753.0554761904762,42
42154,5,59.9900x0,8,40.50030303030303,702.1545454545454,238.6936363636364,1817.9078787878789,33
42159,5,59.9901,5,2172.73,1791.14358974359,1366.0033333333333,7961.7312820512825,39
42160,5,59.9901,6,1669.9182142857142,1522.167857142857,764.2953571428571,6050.077142857143,28
42161,5,59.9901,8,2187.3003448275863,1799.5379310344827,1110.0562068965517,7747.205172413794,29
42182,5,60.1100x0,6,865.1404347826086,4190.169565217391,1994.5604347826086,9212.081739130435,23
42183,5,60.1100x0,8,687.0809375,4785.7146875,2089.21765625,9777.68765625,64
42184,5,60.1100x0,9,731.0668571428572,4061.6297142857147,2331.0699999999997,9347.279714285714,35
42188,5,60.1101,8,705.2504651162791,4006.1325581395354,2174.6213953488373,9148.60465116279,43
42197,5,60.2100x0,6,1731.9634782608698,3694.10652173913,2243.7126086956523,14151.197826086956,23
42198,5,60.2100x0,8,2183.0578571428573,4278.2202380952385,2483.817857142857,15691.812857142857,42
42202,5,60.2900,8,3409.959310344828,3206.141379310345,2510.7158620689656,15330.508620689656,29
42206,5,60.2900x0,5,2182.8416216216215,2603.302972972973,2934.2064864864865,13769.718378378378,37
42207,5,60.2900x0,6,2237.8251141552514,2719.6136529680366,2577.0528767123287,12767.53694063927,219
42208,5,60.2900x0,8,2230.3486889460155,2877.1520565552696,2778.6294087403603,13585.930359897173,389
42209,5,60.2900x0,9,2363.5604819277105,3406.468072289156,3049.230903614458,14866.460240963856,166
42210,5,60.2901,5,1775.3934285714288,2816.3377142857144,2378.3754285714285,13073.33857142857,35
42211,5,60.2901,6,2011.091891891892,3087.954702702703,2610.4324864864866,13698.519297297296,185
42212,5,60.2901,8,2212.8743055555556,3205.3160555555555,2845.0020833333333,14319.05697222222,360
42213,5,60.2901,9,2458.1014814814816,3596.768666666667,2888.662,15456.469555555555,135
42214,5,60.2902,5,1754.1231428571427,2708.694,2419.9914285714285,12379.031714285715,35
42215,5,60.2902,6,1971.2317112299465,2806.924278074866,2746.6905347593583,13375.702727272728,187
42216,5,60.2902,8,1838.8117431192659,2792.413975535168,2813.9930581039753,13380.716513761467,327
42217,5,60.2902,9,2133.0744444444445,3185.5535416666667,3073.9125000000004,14736.357777777777,144
42318,5,61.4901,0,507.0311475409836,895.7109836065574,389.5354098360656,4339.8075409836065,61
42324,5,61.4904,0,412.4755172413793,977.5544827586207,413.4606896551724,4402.056896551724,29
42329,5,61.4904,5,445.52375,1637.2666666666667,811.7516666666667,5557.034583333333,48
42330,5,61.4904,6,450.07448275862066,1900.6896551724137,1239.6137931034484,6369.193793103448,29
42331,5,61.4904,8,435.6088461538462,1762.8034615384615,981.4703846153845,5625.385769230769,26
42333,5,61.4905,0,1212.026,1045.7633333333333,419.42333333333335,5613.339666666667,30
42382,5,62.5x00,0,504.3307317073171,900.2114634146341,428.01317073170736,4989.04756097561,41
42400,5,63.1x00x0,0,473.9326086956522,1047.541304347826,396.59869565217394,4548.859565217392,23
42402,5,63.1x00x0,2,560.7622727272727,1466.3500000000001,792.110909090909,5920.474999999999,22
42407,5,63.1x01,1,329.10181818181815,1127.4422727272727,667.8154545454546,4364.544090909091,22
42408,5,63.1x01,2,309.754358974359,1041.8774358974358,549.4135897435898,4131.245384615385,39
42413,5,63.1x02,0,475.0991111111111,1076.5922222222223,465.11777777777775,4462.801777777778,45
42421,5,63.1x03,2,1155.5988235294117,1124.205588235294,950.1258823529412,6283.012352941176,34
42455,5,63.5201,1,480.47583333333336,1213.07125,870.79,5404.525833333333,24
42464,5,64.0x00,0,492.968,546.2292,201.46759999999998,2292.856,25
42465,5,64.0x00,1,564.577627118644,550.6372881355932,151.69440677966102,1865.8771186440679,59
42466,5,64.0x00,2,741.0740229885058,510.29195402298853,156.84954022988506,1842.6867816091954,87
42467,5,64.0x00,3,567.6701960784313,506.04901960784315,108.92039215686273,1677.0492156862745,51
42587,5,65.2501,1,1364.954347826087,1930.252608695652,862.5430434782608,7971.627608695652,46
42588,5,65.2501,2,1363.258006042296,2058.1410876132927,1310.655075528701,9585.85836858006,331
42589,5,65.2501,3,1287.4153472222224,2095.4366666666665,1306.281226851852,9692.554351851852,432
42590,5,65.2501,4,1268.5349042145594,2381.484597701149,1410.0436398467434,10639.873908045976,261
42591,5,65.2501,5,1362.1108333333332,2643.5055555555555,1373.5469444444445,11321.895277777778,36
42636,5,65.4100,4,1320.434,2934.8,1575.603888888889,11255.060111111112,90
42637,5,65.4100,5,1197.9647368421054,2930.3316666666665,1379.2304385964912,10647.827105263159,114
42666,5,65.6100,5,1084.8983333333333,3531.1566666666668,2213.8783333333336,13007.793,30
42673,5,65.6300,5,1368.5355752212388,3109.834424778761,1449.9808849557521,11870.657699115045,113
42674,5,65.6300,6,1544.3585365853658,3422.899268292683,1501.3817073170733,12246.260731707318,41
42675,5,65.6300,8,1681.3173333333332,3223.9566666666665,1372.5493333333334,12142.256,30
42702,5,65.8102,2,1056.5904761904762,1220.4109523809525,946.8614285714286,8569.316666666666,21
42721,5,66.0103,2,1093.5959090909091,1322.2746590909092,1136.327159090909,8240.212272727273,88
42722,5,66.0103,3,1012.3564285714286,1214.924693877551,1153.5326530612244,8101.531326530611,98
42729,5,66.0202,2,851.2483333333333,1451.7116666666668,1190.9308333333333,9410.8075,24
42730,5,66.0202,3,1040.5155555555557,1533.12,1288.535925925926,9777.382962962964,27
42733,5,66.0203,2,1104.2296153846155,1526.5938461538462,1124.2884615384614,8196.336923076924,26
42734,5,66.0203,3,960.9128571428572,1577.001785714286,1237.9532142857145,8399.713571428572,28
42760,5,66.4x00,3,1010.175,1877.1045454545456,1307.5827272727272,8770.311818181817,22
42765,5,66.4x02,2,1115.6069178082194,1452.8217808219179,1254.7740410958904,8103.822945205478,146
42766,5,66.4x02,3,1143.5751771117166,1434.9037329700272,1062.51931880109,7918.412942779291,367
42767,5,66.4x02,4,1230.9046456692915,1881.1829921259841,1339.0086614173229,9398.105669291337,127
42768,5,66.4x02,5,971.0500000000001,2301.13625,1340.73125,9565.525416666665,24
42777,5,66.5102,3,1675.0786666666665,2048.362666666667,1535.8554666666666,10734.785600000001,75
42778,5,66.5102,4,1285.9587969924812,2663.543759398496,1818.594060150376,11867.674511278195,133
42779,5,66.5102,5,1258.796,3022.75,1892.7383636363636,12771.03109090909,55
42800,5,66.6104,3,940.2441666666667,1485.8395833333334,1159.2525,7876.868750000001,24
42804,5,66.6200,3,812.6991176470589,1517.3735294117646,1147.2579411764707,7966.240882352941,34
42809,5,66.6200x0,2,1064.1645714285714,1411.8142857142857,1091.6577142857143,7914.938,35
42810,5,66.6200x0,3,1268.9422033898304,1416.4262711864405,1220.0620338983051,8282.255762711864,59
42813,5,66.6201,2,968.7593333333333,1492.5209444444445,1082.1975,7875.7477777777785,180
42814,5,66.6201,3,1008.1591183879093,1561.8759949622167,1052.1823425692696,7969.2490680100755,397
42815,5,66.6201,4,1212.5752747252745,1622.6454945054943,1094.051868131868,8449.725824175825,91
42889,5,67.1200x0,4,150.61714285714288,1975.8551020408163,470.01448979591834,4005.7842857142855,49
42890,5,67.1200x0,5,150.42299999999997,2330.226666666667,604.9591666666668,4336.2635,60
42891,5,67.1200x0,6,96.48605263157894,2356.926052631579,423.9268421052631,3874.255,38
42892,5,67.1200x0,8,248.34323529411765,3228.714411764706,1004.6088235294117,6637.107647058823,34
42906,5,67.2x00,2,297.3264705882353,1362.9391176470588,552.0482352941176,4237.126470588235,34
42907,5,67.2x00,3,314.28213114754095,1505.4563934426228,608.9043442622951,4504.5109016393435,122
42908,5,67.2x00,4,316.7559748427673,1633.7729559748427,603.2005031446541,4808.053270440251,159
42909,5,67.2x00,5,343.2984137931034,1605.0340689655172,579.2965517241379,4858.479793103448,145
42910,5,67.2x00,6,353.05793103448275,1610.9962068965517,557.5031034482759,4866.678620689655,29
42924,5,67.3201,2,90.53555555555555,1066.3644444444444,410.40666666666664,2856.4991111111112,45
42925,5,67.3201,3,125.81860869565217,1129.79,447.4702608695652,3118.7142608695654,115
42926,5,67.3201,4,106.77000000000001,1165.8915094339623,414.3232547169811,3195.0800943396225,212
42927,5,67.3201,5,96.84239024390243,1313.971219512195,471.9530731707317,3308.4337560975614,205
42928,5,67.3201,6,115.69233333333334,1631.1366666666665,341.714,3374.646333333333,30
42933,5,67.3202,3,161.09519230769232,1267.0826923076925,396.91596153846154,3221.424423076923,52
42934,5,67.3202,4,157.4813698630137,1228.1938356164383,464.7008219178082,3271.5345205479452,73
42935,5,67.3202,5,140.71780821917807,1352.432191780822,380.0378082191781,3584.4309589041095,73
42939,5,67.3203,3,425.5217391304348,1491.3369565217392,462.0739130434783,4997.874782608696,23
42940,5,67.3203,4,446.1612698412698,1554.5884126984129,562.0211111111112,5544.840317460317,63
42941,5,67.3203,5,418.367816091954,1533.694827586207,590.5952873563218,5257.728965517241,87
42946,5,67.3302,3,493.61095238095237,1523.1904761904761,776.4985714285715,4807.094285714285,21
42961,5,67.3902,3,293.1764,1582.5504,498.704,4824.643599999999,25
42962,5,67.3902,4,361.78438356164384,1849.350821917808,622.0583561643836,5246.15698630137,73
42963,5,67.3902,5,332.4554639175258,1555.1729896907216,495.38422680412367,4656.334329896908,97
42971,5,67.3904,3,92.39333333333333,1192.0277777777778,349.87861111111107,2553.6213888888888,36
42972,5,67.3904,4,114.31737704918034,1380.2836065573772,464.6119672131147,3168.2522950819675,61
42973,5,67.3904,5,163.15567164179106,1460.7182089552239,271.85253731343283,3020.990746268657,67
43014,5,67.6100,2,202.51243902439026,1411.9064634146341,767.4584146341464,5103.278292682927,82
43015,5,67.6100,3,267.6587804878049,1579.1268292682926,863.5046341463416,5543.076341463415,41
43030,5,68.1200,3,131.51074074074074,1242.2907407407406,428.87518518518516,3547.205925925926,27
43031,5,68.1200,4,81.86291666666666,1360.7375,436.12833333333333,3579.1233333333334,24
43037,5,68.1200x0,2,288.764,1179.1960000000001,594.6789411764706,4047.386588235294,85
43038,5,68.1200x0,3,309.2625,1266.676111111111,532.2752314814815,3990.0553240740737,216
43039,5,68.1200x0,4,302.94748091603054,1597.413435114504,578.6840458015267,4646.2843893129775,262
43040,5,68.1200x0,5,298.77224137931034,1649.2060344827585,520.778735632184,4571.28224137931,174
43041,5,68.1200x0,6,317.495,1893.7083333333333,695.4020833333334,5410.640833333334,24
43060,5,68.2101,2,557.7204716981132,1080.7458490566037,665.6870754716981,4775.212169811321,106
43061,5,68.2101,3,476.26440154440155,1088.6457528957528,577.2105405405406,4490.413204633204,259
43062,5,68.2101,4,524.2705128205127,1381.1469230769233,599.7494871794871,4806.821666666667,78
43063,5,68.2101,5,567.3363636363637,1452.175,595.3036363636364,5214.985454545455,22
43078,5,68.2302,3,721.4325714285715,1746.7142857142858,592.2994285714285,6624.826571428571,35
43079,5,68.2302,4,440.225,1590.93625,654.6131250000001,5824.49025,80
43080,5,68.2302,5,282.2611111111111,1479.4233333333334,654.2873333333333,5458.714666666667,45
43106,5,68.2901,3,831.1027710843373,2114.646987951807,1646.2490361445784,9605.048674698795,83
43107,5,68.2901,4,934.6637021276596,2282.400978723404,1672.052085106383,10138.753404255318,235
43108,5,68.2901,5,936.2677419354839,2332.4161290322577,1691.351935483871,10499.358709677419,62
43124,5,68.2906,4,961.8587878787879,2581.3372727272726,1687.0527272727272,10575.542121212122,33
43135,5,68.2912,3,1528.1279838709677,2079.1653225806454,1558.2093548387097,11434.30193548387,124
43136,5,68.2912,4,1547.6225757575758,2313.3559696969696,1709.3777272727273,11933.162666666667,330
43137,5,68.2912,5,1415.3029333333334,2462.108,1674.1642666666667,12002.461333333333,75
43141,5,68.2913,2,630.4365789473684,1336.6342105263157,571.266052631579,5656.925789473684,38
43142,5,68.2913,3,605.4146031746033,1532.1920634920637,599.600873015873,5851.065238095238,126
43143,5,68.2913,4,618.3105813953488,1612.5608720930231,694.6633720930233,6356.01761627907,172
43144,5,68.2913,5,574.6935344827587,1676.099396551724,730.1429310344828,6537.263965517242,116
43149,5,68.2915,2,431.84116959064323,1538.819356725146,541.5355555555556,5350.2885964912275,171
43150,5,68.2915,3,508.1135652173913,1460.8065,577.618347826087,5434.685217391305,460
43151,5,68.2915,4,465.4264210526316,1725.1192330827068,639.5341804511278,5884.139142857142,665
43152,5,68.2915,5,422.0279190751445,1810.9200867052023,612.9449710982659,5929.853641618497,346
43153,5,68.2915,6,565.8741025641026,1806.3502564102564,724.7435897435897,6202.867948717949,39
43154,5,68.2915,8,439.875652173913,1859.7717391304348,603.664347826087,5848.020434782608,23
43156,5,68.2917,2,476.93205882352936,1415.479411764706,583.0682352941176,5106.892352941177,34
43157,5,68.2917,3,448.44260273972606,1556.9546575342465,520.9780821917808,5250.115205479452,73
43158,5,68.2917,4,608.0799074074074,1865.0588888888888,707.2458333333334,6744.635277777777,108
43159,5,68.2917,5,470.0886956521739,1825.9746376811595,664.1123188405797,6300.63347826087,69
43170,5,68.3102,4,1359.6941379310344,2548.1156896551724,1857.6586206896552,12584.112586206897,58
43171,5,68.3102,5,1882.315925925926,2917.959259259259,2224.487037037037,14649.228518518517,27
43176,5,68.3901,4,850.8698076923076,2399.890576923077,1792.6019230769232,11211.47076923077,52
43177,5,68.3901,5,886.4739393939394,2101.3333333333335,1682.9106060606061,10906.130909090909,33
43184,5,68.4100,4,1871.3909187279153,3154.331996466431,1829.2543992932863,15230.862579505301,566
43185,5,68.4100,5,1914.807450980392,3281.127226890756,1872.032366946779,15139.706470588235,714
43186,5,68.4100,6,2178.5998260869565,4142.025304347826,2173.7073043478263,17333.757826086956,115
43187,5,68.4100,8,2053.695882352941,4848.729411764706,2227.6768627450983,18974.57607843137,51
43195,5,68.4102,4,1916.3650000000002,3805.8903333333337,2268.479,17458.131,30
43196,5,68.4102,5,2602.583137254902,4716.253725490196,2476.2833333333333,19063.747647058823,51
43207,5,68.4901,4,1104.5669633507853,3330.02445026178,2069.8079581151833,13487.44230366492,191
43208,5,68.4901,5,1124.8018099547512,3425.5101357466065,2067.6223529411764,13310.138642533937,221
43209,5,68.4901,6,999.4745999999999,3793.054,2261.009,13463.4882,50
43210,5,68.4901,8,1383.384,4976.549142857143,3217.9334285714285,17532.869142857144,35
43227,5,68.5100,4,1327.3875,3396.9329545454543,1720.4438636363636,15031.348863636364,44
43228,5,68.5100,5,1344.6040350877192,2836.5052631578947,1597.6917543859647,14236.393684210525,57
43236,5,68.5102,4,964.3010714285714,2466.5714285714284,1905.7478571428571,12473.017857142857,28
43247,5,68.5901,5,899.9211428571429,2594.006380952381,1578.9834285714287,10545.48419047619,105
43248,5,68.5901,6,783.3676190476191,2704.2887301587302,1552.4034126984127,10617.362857142856,126
43249,5,68.5901,8,827.7459459459459,2749.3549324324326,1591.9697972972972,10597.437702702702,148
43256,5,68.6100x0,5,2886.021176470588,5996.738235294118,3045.7185294117644,23779.90529411765,34
43282,5,69.0100x0,2,95.31212290502793,721.8279329608938,474.6598882681564,2315.517039106145,179
43283,5,69.0100x0,3,144.9635046728972,809.6042056074766,558.9947196261681,2665.8532242990655,214
43284,5,69.0100x0,4,138.13863636363638,906.4,487.03681818181815,2483.4563636363637,44
43287,5,69.0101,2,69.85873134328358,847.1337313432836,420.4951492537313,2409.929328358209,134
43288,5,69.0101,3,65.72589285714287,800.6404761904762,441.25273809523816,2306.6611904761908,168
43289,5,69.0101,4,64.05181818181818,868.81,384.12545454545455,2416.2406060606063,33
43292,5,69.0200,2,73.69818181818182,737.8477272727273,452.23454545454547,2642.1859090909093,44
43293,5,69.0200,3,127.95872727272726,775.5618181818182,458.7818181818182,2642.9896363636362,55
43298,5,69.0200x0,1,64.66340425531915,771.2893617021276,411.39148936170216,2326.2359574468082,47
43299,5,69.0200x0,2,96.59853391684901,834.7943326039388,443.35553610503285,2454.442975929978,457
43300,5,69.0200x0,3,98.6888623853211,857.9432660550459,424.7376880733945,2438.0217247706423,545
43301,5,69.0200x0,4,88.68590909090909,1083.777575757576,491.1715909090909,2781.574772727273,132
43303,5,69.0201,1,59.266060606060606,781.5136363636364,439.3551515151515,2381.828333333333,66
43304,5,69.0201,2,71.27745614035088,795.7159941520467,434.6072953216374,2379.6009210526317,684
43305,5,69.0201,3,58.4512201591512,806.3742838196285,419.24485411140586,2346.042427055703,754
43306,5,69.0201,4,43.449999999999996,842.5688372093023,419.50255813953487,2306.7112209302327,172
43308,5,69.0202,2,137.45547445255477,1003.2751094890511,580.9232116788321,3666.3826277372264,137
43309,5,69.0202,3,121.44174311926605,1072.255137614679,597.5822018348624,3595.066972477064,109
43316,5,69.0901,2,100.60257731958764,1107.8324742268042,443.4901030927835,2869.8874226804123,97
43317,5,69.0901,3,103.1625,1285.3024285714284,519.6223571428571,3067.347214285714,280
43318,5,69.0901,4,74.13805399325084,1444.7343532058494,473.005005624297,3105.6035658042742,889
43319,5,69.0901,5,90.72462053571428,1688.0174553571428,470.24890625,3485.5051339285715,448
43320,5,69.0901,6,81.73797619047619,2209.932738095238,815.4357142857143,4557.284761904762,84
43321,5,69.0901,8,116.11301587301587,1944.4277777777777,755.7847619047619,4160.962063492063,63
43323,5,69.0902,2,237.71568181818182,1314.3445454545456,589.2581818181818,4024.052954545455,44
43324,5,69.0902,3,232.28752212389378,1431.6622123893803,556.5537168141593,4021.3875221238936,113
43325,5,69.0902,4,267.1284039087948,1693.5808794788275,658.7319543973941,4633.884299674267,307
43326,5,69.0902,5,317.90821782178216,1884.6920792079206,648.8770792079208,4905.6598514851485,202
43327,5,69.0902,6,249.458,1778.6368,905.9292,5003.5728,25
43365,5,69.4900x0,2,610.0813043478262,722.0130434782608,1089.1678260869564,5977.698260869565,23
43377,5,69.5101,2,146.64952631578947,575.075947368421,376.2994736842105,2079.5296315789474,190
43378,5,69.5101,3,134.33203636363635,619.9204727272728,371.4376363636364,2101.354690909091,275
43379,5,69.5101,4,177.96790322580645,730.8787096774194,430.4167741935484,2222.8527419354837,62
43381,5,69.5102,2,32.08116751269036,640.0553299492385,279.14756345177665,1871.3898477157359,197
43382,5,69.5102,3,38.06430508474576,610.7342372881357,325.00847457627117,1953.628406779661,295
43383,5,69.5102,4,38.323,678.4383333333334,349.61016666666666,2013.4668333333332,60
43385,5,69.5103,2,342.32726027397257,1003.9123287671233,601.0675342465753,3837.701917808219,73
43386,5,69.5103,3,309.54829268292684,852.0414634146342,620.7243902439025,3877.2957723577238,123
43387,5,69.5103,4,315.1844444444444,886.292962962963,667.828888888889,3894.6766666666667,27
43396,5,69.5202,2,140.44241071428573,786.5842857142858,399.55910714285716,2453.0391964285714,112
43397,5,69.5202,3,136.87936170212768,849.6644680851064,364.6868794326241,2387.7857446808507,141
43398,5,69.5202,4,117.0607142857143,1010.6396428571428,429.4485714285714,2781.3960714285713,28
43403,5,69.5901,2,87.73,1002.885641025641,450.90846153846155,2612.0370512820514,78
43404,5,69.5901,3,134.34943925233645,973.2604672897196,470.18794392523364,2759.927663551402,107
43405,5,69.5901,4,116.00962962962964,1484.2814814814815,621.0840740740741,3375.178888888889,27
43420,5,69.9100x0,8,143.97666666666666,2787.3909090909087,1309.7378787878788,6051.7775757575755,33
43431,5,70.0x00,2,47.03153846153846,1179.5153846153846,384.5576923076923,2398.6484615384616,52
43432,5,70.0x00,3,35.26090909090909,1283.696,318.85727272727274,2468.4970909090907,55
43433,5,70.0x00,4,73.77045454545454,1684.75,679.7290909090909,3268.745909090909,22
43489,5,70.3301,4,283.8252173913043,1452.0786956521738,632.3382608695651,4151.720869565217,23
43507,5,70.5001,4,556.8568292682927,2074.9743902439022,1227.3221951219512,7922.5280487804885,41
43508,5,70.5001,5,567.4851851851852,2116.0174074074075,1247.0234567901234,7842.8362962962965,81
43509,5,70.5001,6,453.5733333333333,2179.5666666666666,1302.2921212121212,7957.958181818181,33
43510,5,70.5001,8,585.273870967742,2480.4225806451614,1352.9696774193549,8701.824516129032,31
43533,5,70.7100,2,185.6565053763441,1286.0251612903226,628.0687634408602,4584.102311827957,186
43534,5,70.7100,3,149.78884615384615,1314.7583333333332,684.3951282051282,4651.687051282051,78
43603,5,71.2200x0,2,176.64470588235295,1110.0735294117646,649.1920588235294,3221.837647058823,34
43604,5,71.2200x0,3,107.02637362637363,1111.1227472527473,639.8186813186813,3215.7646153846154,91
43605,5,71.2200x0,4,93.88582417582418,1080.4926373626374,533.3556043956044,2953.035164835165,91
43606,5,71.2200x0,5,126.38,1282.674705882353,622.8454411764706,3423.64,68
43626,5,71.2400x0,4,227.19799999999998,1605.504,603.9788,4216.4892,25
43639,5,71.2900x0,3,106.03260869565217,978.008695652174,664.803043478261,2937.226304347826,46
43640,5,71.2900x0,4,91.16517857142857,1092.7928571428572,528.3766071428571,2906.934642857143,56
43641,5,71.2900x0,5,111.2567741935484,1269.5903225806453,580.9129032258064,3305.935161290323,31
43664,5,71.3x04,2,188.5451724137931,1285.6896551724137,466.633448275862,3608.6993103448276,29
43665,5,71.3x04,3,105.86853658536585,1283.6243902439023,306.3680487804878,3147.178048780488,41
43666,5,71.3x04,4,159.22325,1271.12125,361.79825,3215.66575,40
43667,5,71.3x04,5,153.7536507936508,1575.8095238095239,534.4446031746032,4033.4142857142856,63
43679,5,71.7100,2,99.34688888888888,1016.6355555555555,428.9971111111111,4046.935111111111,45
43680,5,71.7100,3,91.8824,1118.4108,469.1536,4271.3868,25
43693,5,71.7102,1,202.72833333333332,1164.3141666666668,456.7341666666667,3709.164166666667,24
43694,5,71.7102,2,215.93175438596492,1114.7588157894738,528.890701754386,3894.4191228070176,456
43695,5,71.7102,3,236.4870568561873,1218.9889297658863,538.931839464883,4090.7834782608697,299
43696,5,71.7102,4,316.75444444444446,1506.8174074074075,925.7762962962962,4808.286666666667,27
43724,5,72.1x00,2,742.7102,1573.09,905.2260000000001,7122.425200000001,50
43736,5,72.7100x0,2,404.88692307692304,1562.4815384615383,683.6096153846154,6015.348076923076,26
43746,5,73.0100,2,212.6774358974359,1447.474358974359,831.9748717948718,5224.135128205128,39
43753,5,73.0900x0,2,196.54806250000001,1185.819,578.2010625,4088.6990625,160
43754,5,73.0900x0,3,169.97279411764706,1287.2070588235295,700.2627941176471,4323.148088235294,68
43759,5,73.1x01,2,385.305,1863.2040625,956.284375,6674.1771874999995,32
43762,5,73.1x02,2,848.1433333333333,1883.3666666666668,909.6625925925925,8598.165925925927,27
43767,5,73.4x00,2,19.728275862068966,543.5827586206897,306.33103448275864,1585.8944827586208,29
43768,5,73.4x00,3,14.7446875,554.0,287.2425,1604.09625,32
43773,5,73.4x00x0,2,108.5837323943662,1043.0915492957747,476.89908450704223,3040.55352112676,142
43774,5,73.4x00x0,3,62.49215384615384,811.8809230769231,431.6935384615385,2384.531076923077,130
43775,5,73.4x00x0,4,59.641999999999996,968.1519999999999,310.60040000000004,2201.6679999999997,25
43777,5,73.4x01,2,550.8060810810811,1973.3543243243244,1121.7083783783783,8020.70054054054,74
43778,5,73.4x01,3,506.47035714285715,2421.542857142857,1177.3760714285713,8465.229285714286,28
43781,5,73.4x02,2,86.74833333333335,829.5166666666667,362.599,2176.3533333333335,30
43782,5,73.4x02,3,43.551764705882356,763.2426470588235,335.80617647058824,2023.0920588235294,34
43786,5,73.4x03,3,42.26181818181818,785.4363636363636,475.32454545454544,2096.8313636363637,22
43793,5,73.5900,2,294.305652173913,1137.5871571906355,629.8565217391305,4752.596822742475,299
43794,5,73.5900,3,273.7273184357542,1141.7455865921788,648.7883798882681,4589.20407821229,179
43798,5,73.5900x0,1,233.58392857142857,1149.175,714.6700000000001,4331.817857142857,28
43799,5,73.5900x0,2,371.73705583756345,1322.790812182741,700.5303214890016,5341.669357021997,591
43800,5,73.5900x0,3,415.6217352941176,1432.8611176470588,748.5915882352941,5815.70955882353,340
43801,5,73.5900x0,4,360.6091176470588,1596.4829411764706,984.3473529411764,5761.450588235294,34
43809,5,73.6x01,1,263.58414414414415,1268.087927927928,597.0692792792793,4415.0240540540535,111
43810,5,73.6x01,2,326.0048128101038,1248.0913802435723,596.1624176815517,5033.979305367614,2217
43811,5,73.6x01,3,336.1025744934446,1295.1782240762814,616.3880333730632,5078.252181168057,839
43812,5,73.6x01,4,271.972962962963,1420.8703703703704,543.2259259259259,4631.708888888889,27
43814,5,73.6x02,2,305.04064516129034,1641.9225806451611,635.6096774193549,3725.785806451613,31
43815,5,73.6x02,3,236.41590909090908,1654.290909090909,719.430909090909,4275.49590909091,22
43822,5,73.8x00x0,2,67.12775510204082,1026.7132653061224,582.6665306122449,3021.5932653061227,49
43823,5,73.8x00x0,3,178.07999999999998,944.3901785714286,502.42607142857145,2953.0023214285716,56
43838,5,74.1x00,2,723.2096039603961,1207.989108910891,1196.6169306930692,6197.633861386139,101
43839,5,74.1x00,3,754.2684745762712,1259.2271186440678,1246.2686440677967,6703.252033898305,59
43840,5,74.1x01,1,566.0125120772947,1320.0942028985507,1294.098888888889,6704.48420289855,207
43841,5,74.1x01,2,700.3698250924991,1301.238668012109,1312.765094741563,7430.318989797062,8919
43842,5,74.1x01,3,742.8890283400809,1363.9795886117279,1392.9467689695703,8036.743353793914,7657
43843,5,74.1x01,4,764.5683392857143,1434.9383035714284,1518.5863214285714,8167.286857142856,560
43846,5,74.1x02,2,591.8926086956523,1637.9108695652174,1577.3847826086956,8217.203043478261,23
43847,5,74.1x02,3,604.3023529411765,1314.5854901960784,1389.0898039215688,7675.77431372549,51
43854,5,74.3x00x0,2,403.4972,1280.998,627.7828,4723.2492,25
43855,5,74.3x00x0,3,683.5258108108108,1674.0268918918919,910.080945945946,6149.548783783784,74
43862,5,74.3x04,3,419.697,1307.3466666666668,1076.096,5607.206,30
43893,5,75.0x02,1,136.2485714285714,842.9547252747253,815.3162637362637,3311.71978021978,91
43894,5,75.0x02,2,115.54394666666667,927.8919466666666,827.1996266666666,3455.98472,375
43895,5,75.0x02,3,98.780147601476,939.930332103321,848.3143542435424,3464.797638376384,271
43896,5,75.0x02,4,85.89126984126983,925.3650793650794,772.8309523809523,3221.9139682539685,63
43900,5,75.3400x0,2,52.953548387096774,923.0838709677419,177.65806451612906,1887.8922580645162,31
43901,5,75.3400x0,3,52.24272727272727,1084.659090909091,196.73090909090908,2191.2327272727275,22
43907,5,75.4x00,2,168.08833333333334,1536.8333333333333,612.3308333333333,4603.304166666667,24
43911,5,75.4x00x0,2,190.1165,1451.678,656.329,4756.3682499999995,40
43912,5,75.4x00x0,3,151.8690243902439,1151.519512195122,764.4365853658537,4473.610975609756,41
43917,5,75.5100,2,283.3714457831326,1102.0483132530119,593.9224096385542,4916.885180722892,83
43918,5,75.5100,3,359.812,1403.0651428571427,769.0934285714286,6385.463428571428,35
43923,5,75.6900x0,1,217.99037735849055,965.285283018868,471.4790566037736,3909.3467924528304,53
43924,5,75.6900x0,2,248.06947263681593,1204.6225472636816,559.1709751243781,5062.447412935324,1005
43925,5,75.6900x0,3,249.31853174603174,1239.439007936508,612.7100396825397,5196.294642857143,504
43927,5,75.6902,1,270.13625,1149.854875,524.743,4049.3011250000004,80
43928,5,75.6902,2,312.4780119284294,1154.7473956262427,564.7045765407555,4803.215419483101,2515
43929,5,75.6902,3,287.69158239143366,1154.0195895300417,578.8357049375371,4786.789732302201,1681
43930,5,75.6902,4,250.43774647887327,1388.0709859154929,633.63,4893.444366197183,71
43933,5,75.6903,2,200.03782608695653,990.2178260869565,471.00521739130437,4427.623913043479,23
43940,5,75.6905,2,329.6831818181818,805.2113636363637,480.0854545454545,4119.9686363636365,44
43941,5,75.6905,3,342.932,886.3,513.4166666666666,4510.182,30
43951,5,75.9200x0,2,217.68026315789476,1827.624210526316,537.1434210526317,6511.5886842105265,38
44183,5,77.6800x0,5,669.4150000000001,1677.9892307692307,967.4988461538462,6799.278846153846,26
44203,5,77.6900x0,5,2215.667,1793.392,2097.57,10947.186666666666,30
44204,5,77.6900x0,6,1332.9426190476192,1928.1735714285717,1289.759523809524,8063.080714285715,42
44205,5,77.6900x0,8,412.59499999999997,1780.25,1267.4698214285713,6760.7525000000005,56
44481,5,78.5900x0,5,10740.466944444444,2452.5555555555557,3889.9927777777775,25802.42,36
44512,5,78.6101,5,715.7165217391304,1278.9421739130435,1127.403043478261,6465.72,23
44518,5,78.6103,1,445.1244117647059,1020.770588235294,505.54176470588243,4676.207647058824,34
44519,5,78.6103,2,494.08862068965516,1159.5295402298852,790.53908045977,5331.803333333333,87
44520,5,78.6103,3,692.5533707865169,1163.7982022471908,946.7816853932585,5674.96202247191,89
44521,5,78.6103,4,623.9565986394558,1229.483605442177,881.3715646258503,5537.744965986395,147
44522,5,78.6103,5,491.35706666666664,1252.7047333333333,907.2090333333334,5478.2481,300
44523,5,78.6103,6,398.49864077669906,1198.9657281553398,908.8115533980582,5188.430776699029,103
44524,5,78.6103,8,374.56424242424237,1250.8218181818183,664.8966666666666,5033.843030303031,33
44529,5,78.6105,5,1044.1616666666666,1554.9087499999998,1721.1233333333332,8623.748333333333,24
44539,5,78.6201,0,445.78918032786885,812.5903278688525,359.4739344262295,4234.836721311475,61
44540,5,78.6201,1,569.2788095238095,961.8602380952381,531.0178571428571,4800.142619047619,42
44541,5,78.6201,2,887.895,1083.8720833333334,1036.5891666666666,6403.667083333334,24
44542,5,78.6201,3,589.9844444444444,1326.5114814814815,967.2824074074074,6091.561851851852,54
44543,5,78.6201,4,567.8627027027028,1211.3986486486488,1068.4154054054054,5803.811891891892,74
44544,5,78.6201,5,601.3084491978609,1326.0929946524063,1083.4948663101604,6216.721283422459,187
44545,5,78.6201,6,599.9464516129033,1353.1991397849463,1150.0663440860214,6416.373870967742,93
44546,5,78.6201,8,607.8847272727272,1513.0610909090908,1309.9827272727273,6645.501272727272,55
44555,5,78.6301,1,420.8962222222222,1029.4437777777778,654.79,4861.141555555556,45
44556,5,78.6301,2,553.0352777777778,1041.7533333333333,968.0475,5440.288333333334,36
44557,5,78.6301,3,436.6953571428571,1224.1944642857143,800.33875,5564.35375,56
44558,5,78.6301,4,379.0275903614458,1202.8642168674698,885.286626506024,5458.683493975904,83
44559,5,78.6301,5,516.2976694915254,1216.643474576271,955.1522881355933,5490.367076271186,236
44560,5,78.6301,6,470.61930232558143,1370.7501162790697,1077.2062790697676,5876.521162790697,86
44561,5,78.6301,8,487.05024390243904,1363.9,928.0380487804878,5730.46512195122,41
44566,5,78.6303,1,404.63818181818186,949.9054545454545,412.68227272727273,4529.657727272727,22
44567,5,78.6303,2,416.66129032258067,981.5435483870967,652.7312903225805,4705.088387096774,31
44568,5,78.6303,3,484.9952777777778,1071.2552777777778,1017.3052777777777,5378.4175,36
44569,5,78.6303,4,716.5147222222222,1192.7972222222222,980.4927777777777,5897.082777777778,36
44570,5,78.6303,5,490.7695294117647,1253.0817647058823,897.0434117647059,5445.857764705882,85
44571,5,78.6303,6,466.508,1607.3106666666667,1121.0553333333332,6094.632666666667,30
44581,5,78.6403,2,513.3012121212121,1124.5233333333333,602.479696969697,4818.8772727272735,33
44582,5,78.6403,3,398.78833333333336,1242.8208333333334,629.0124999999999,4907.923333333333,24
44583,5,78.6403,4,302.0013333333334,1137.7416666666666,790.787,4861.947,30
44584,5,78.6403,5,368.2591891891892,1210.1594594594594,947.34,5062.909459459459,37
44588,5,78.6501,0,644.0958333333333,960.9379166666668,466.5125,5432.027083333333,24
44589,5,78.6501,1,677.6568181818183,1182.0127272727273,755.2468181818182,8052.509090909091,22
44590,5,78.6501,2,764.5018367346939,1379.8344897959184,1286.182857142857,7094.372448979592,49
44591,5,78.6501,3,634.7993055555556,1161.8177777777778,1204.9166666666667,6290.6786111111105,72
44592,5,78.6501,4,760.6375714285714,1220.2002857142859,1312.0604285714285,6968.166857142857,70
44593,5,78.6501,5,833.2457471264369,1326.9627586206896,1342.9264367816093,7172.264655172414,174
44594,5,78.6501,6,653.0849999999999,1488.7057692307692,1443.1651282051282,7971.755128205128,78
44595,5,78.6501,8,1488.2097674418605,1827.6374418604653,1941.8346511627906,9690.451627906976,43
44612,5,78.6601,3,469.75529411764705,1319.3921568627452,866.1215686274509,5662.711764705882,51
44613,5,78.6601,4,485.23517241379307,1228.9425862068965,1064.62,5893.438448275862,58
44614,5,78.6601,5,479.15050761421315,1247.332385786802,868.3368020304569,5498.097512690355,197
44615,5,78.6601,6,487.42093023255813,1353.068914728682,1097.7135658914729,5965.548294573643,129
44616,5,78.6601,8,404.33051724137925,1375.6658620689655,961.0431034482758,5869.850172413793,58
44627,5,78.6701,1,410.0921875,1028.9125,687.0253125,5188.7028125,32
44628,5,78.6701,2,587.3814035087719,1083.5645614035088,1242.382456140351,6354.592280701754,57
44629,5,78.6701,3,684.9025,1178.2739705882354,941.2694117647059,6099.2797058823535,136
44630,5,78.6701,4,543.4362895927602,1242.3472850678734,1030.780995475113,6111.833529411764,221
44631,5,78.6701,5,632.1769098712447,1272.4362660944207,1095.6780686695279,6467.196566523606,466
44632,5,78.6701,6,626.8563414634147,1351.297987804878,1266.9323780487805,6867.127560975609,164
44633,5,78.6701,8,643.7055172413793,1542.3531034482758,1320.161896551724,7383.967931034483,58
44644,5,78.6703,3,515.1769565217392,1378.6547826086958,778.3182608695652,5870.107826086957,23
44645,5,78.6703,4,457.9488888888889,1078.315185185185,732.1044444444444,5359.838518518518,27
44646,5,78.6703,5,404.8521428571429,1135.1357142857144,824.6494642857143,5293.7105357142855,56
44647,5,78.6703,6,562.5745161290323,1262.8774193548386,1470.3432258064515,7464.232258064517,31
44652,5,78.6705,2,379.91590909090905,924.7190909090909,511.17727272727274,4606.3154545454545,44
44653,5,78.6705,3,488.906,1133.8411578947369,748.5358947368421,5632.569894736842,95
44654,5,78.6705,4,416.22141304347826,1254.9767391304347,944.3313043478261,5987.275217391304,92
44655,5,78.6705,5,454.1958791208791,1249.6859340659341,939.5985164835164,5859.491868131869,182
44656,5,78.6705,6,497.9531428571429,1249.7577142857142,1009.0582857142857,6010.086571428571,70
44657,5,78.6705,8,354.16653846153844,1574.2576923076922,1172.283076923077,6689.033461538462,26
44671,5,78.6800x0,3,453.8384905660377,1034.2243396226415,832.586603773585,5241.164528301887,53
44672,5,78.6800x0,4,462.3364285714286,1191.8130357142857,911.8446428571427,5690.884464285715,56
44673,5,78.6800x0,5,511.88138297872337,1139.4642553191488,999.9041489361703,5912.8714893617025,94
44686,5,78.6803,3,310.287037037037,1341.7681481481482,1022.7588888888889,6519.621481481481,27
44687,5,78.6803,4,509.6878571428571,1290.6864285714287,873.6114285714285,5730.2585714285715,28
44688,5,78.6803,5,366.72078431372546,1271.4713725490196,945.1056862745098,5470.65843137255,51
44702,5,78.6900x0,4,709.5297142857144,1313.48,1422.8557142857144,7036.441428571429,35
44703,5,78.6900x0,5,1174.7883561643837,1609.3138356164384,1608.46,8535.106164383562,73
44704,5,78.6900x0,6,657.0652173913044,1643.1595652173912,1399.5008695652175,7683.132608695653,23
44719,5,78.6903,5,311.499756097561,1212.5946341463414,674.6436585365853,5442.018780487804,41
44730,5,78.6907,2,756.4120833333333,1404.1695833333333,1398.4033333333334,7513.344166666667,24
44731,5,78.6907,3,719.6880357142857,1376.6426785714286,1643.7210714285716,8336.474285714286,56
44732,5,78.6907,4,790.7826724137931,1273.8693103448275,1497.034051724138,7343.262241379311,116
44733,5,78.6907,5,772.4691788856305,1348.5833431085043,1635.204809384164,7759.817478005864,341
44734,5,78.6907,6,862.0525961538461,1405.4052884615385,1624.1096153846154,7852.5737500000005,104
44735,5,78.6907,8,833.1266666666667,1464.72,1996.9583333333333,8599.306333333334,30
44774,5,79.0201,1,99.07217391304347,990.9869565217392,422.7047826086956,3239.932608695652,23
44778,5,79.0201,5,105.63231884057971,1444.345652173913,836.5505797101449,4162.705072463768,69
44779,5,79.0201,6,136.58121212121213,1459.4006060606062,885.5948484848485,3852.086363636364,33
44780,5,79.0201,8,477.91441176470585,1479.1588235294118,883.8255882352942,4550.713235294118,34
44781,5,79.0201,9,113.97318181818181,1606.9136363636362,914.3586363636364,4735.151363636363,22
44867,5,79.1100x0,0,1653.107142857143,1405.9514285714286,521.5423809523809,7296.192380952381,21
44920,5,79.1500,8,11979.152368421052,3719.000526315789,2725.197631578947,25967.68289473684,38
44921,5,79.1500,9,11637.803333333333,5699.347619047619,4220.64746031746,30946.042222222222,63
44930,5,79.1500x0,4,10656.275428571429,2827.0485714285714,3013.726857142857,27028.082857142857,35
44931,5,79.1500x0,5,10529.629181818182,3279.7393636363636,3714.785272727273,26523.111727272728,110
44932,5,79.1500x0,6,12844.619745762711,4073.743474576271,3889.942966101695,29403.560762711862,118
44933,5,79.1500x0,8,11868.245415282392,4113.780930232559,3675.8002657807315,28901.68,301
44934,5,79.1500x0,9,11416.311459227467,4819.1614163090135,3870.8267167381973,29969.176051502145,466
44944,5,79.1600x0,3,14486.1752,2541.096,3565.3635999999997,27432.5416,25
44945,5,79.1600x0,4,11050.254838709678,2486.2148387096777,3164.6603225806452,24317.552903225805,31
44946,5,79.1600x0,5,12609.76074074074,2782.3833333333337,4708.399814814815,29410.161666666667,54
44947,5,79.1600x0,6,12790.953611111112,3597.224166666667,3962.1541666666662,31447.375277777777,36
45097,5,79.3100,5,9127.842608695652,2386.413043478261,2932.843043478261,23935.789565217394,23
45109,5,79.3100x0,0,2076.8333333333335,1346.2660256410256,715.2666666666667,9223.724102564101,78
45110,5,79.3100x0,1,4482.283797468354,1681.2492405063292,1557.6474683544302,14204.843670886075,79
45111,5,79.3100x0,2,8241.403636363637,2136.2313636363633,3053.039090909091,26379.736363636363,22
45112,5,79.3100x0,3,11572.696122448979,2849.866530612245,4363.973265306123,27985.37489795918,49
45113,5,79.3100x0,4,11014.16089552239,2524.19328358209,2987.7144776119403,23538.22462686567,67
45114,5,79.3100x0,5,11059.673732718895,2818.648986175115,3164.359539170507,25498.54857142857,217
45115,5,79.3100x0,6,10427.894,3071.24675,3460.3909999999996,25938.02105,200
45116,5,79.3100x0,8,11767.770087719298,3391.6030701754385,3054.9635087719303,26446.535877192982,228
45117,5,79.3100x0,9,11500.167804878049,3421.852926829268,3139.5596341463415,26037.35451219512,82
45118,5,79.3101,0,1695.8984,1567.1816000000001,837.7176,12109.42,25
45119,5,79.3101,1,4028.695,1701.3884615384616,1527.3219230769232,15610.707307692308,26
45121,5,79.3101,3,6045.064090909091,1973.0731818181819,2639.245454545455,21921.092272727274,22
45122,5,79.3101,4,7355.402903225806,1698.7003225806452,2430.1974193548385,20115.07,31
45123,5,79.3101,5,8338.340317460317,1969.2331746031746,2900.247142857143,21603.879523809523,63
45124,5,79.3101,6,9553.030588235293,2740.3764705882354,3192.7664705882353,24893.860784313725,51
45125,5,79.3101,8,8915.858,2857.451090909091,3142.965818181818,24060.427090909092,55
45126,5,79.3101,9,7469.617727272727,4284.887272727273,3550.6309090909094,27027.399090909094,22
45132,5,79.3200,5,8863.620344827586,1911.7993103448275,1703.6682758620689,17744.334827586208,29
45133,5,79.3200,6,10474.918636363638,2494.809090909091,2107.3395454545457,22782.125454545454,22
45142,5,79.3200x0,1,8136.290103092783,1669.1149484536081,1132.5481443298968,16509.801340206184,97
45143,5,79.3200x0,2,8985.6525,2197.6052272727275,3107.8754545454544,21651.04568181818,44
45144,5,79.3200x0,3,8889.022535211267,2264.7428169014083,2404.732957746479,20513.04,71
45145,5,79.3200x0,4,9921.42297029703,2426.401485148515,3252.5196039603957,24101.352475247524,101
45146,5,79.3200x0,5,9363.785664335664,2575.937937062937,3047.4873776223776,21879.812482517482,286
45147,5,79.3200x0,6,9395.614797687862,2606.457456647399,2883.2948554913296,21490.319826589595,173
45148,5,79.3200x0,8,9512.343846153846,2782.049903846154,2915.2632692307693,22211.97653846154,104
45149,5,79.3200x0,9,9332.638181818182,2917.491818181818,2478.170909090909,20879.235151515153,33
45151,5,79.3201,1,5933.111818181818,1470.0104545454544,1248.4786363636363,12944.65090909091,22
45154,5,79.3201,4,6105.828076923077,1904.466153846154,3218.9900000000002,20213.83730769231,26
45155,5,79.3201,5,8060.429577464789,1948.382253521127,2431.253661971831,20848.06,71
45156,5,79.3201,6,6975.148918918919,2048.5972972972972,2612.2151351351354,19829.908108108106,37
45157,5,79.3201,8,8512.346666666666,2376.248333333333,2938.0409523809526,22724.867380952383,42
45164,5,79.3202,5,7766.898636363636,2216.648181818182,2857.4331818181818,25124.276818181817,22
45178,5,79.3300x0,2,5004.456428571429,1723.3999999999999,1470.0053571428573,12722.355357142858,28
45179,5,79.3300x0,3,5919.917619047619,1602.4835714285714,1882.5859523809524,14858.581666666669,42
45180,5,79.3300x0,4,6687.62076923077,2002.2815384615385,2282.816923076923,15450.46423076923,26
45181,5,79.3300x0,5,6116.609183673469,1919.3428571428572,2268.361836734694,17288.437346938776,49
45208,5,79.3400x0,3,1844.184827586207,1277.7224137931034,1283.2462068965517,9163.24724137931,29
45209,5,79.3400x0,4,1099.9421153846154,1211.8828846153847,1588.1825,8732.8525,52
45210,5,79.3400x0,5,2783.0038095238097,1368.3786904761905,1719.4939285714286,11024.979285714286,84
45211,5,79.3400x0,6,1576.9923333333331,1647.995,1820.2776666666666,10533.717333333334,30
45236,5,79.3500x0,1,8465.17,1816.838888888889,2437.5496296296296,21258.35111111111,27
45237,5,79.3500x0,2,14546.028,4643.456999999999,4202.069333333334,36263.477666666666,30
45238,5,79.3500x0,3,16019.893513513514,5690.877567567568,8978.44027027027,49750.29378378379,37
45239,5,79.3500x0,4,16166.97359375,4551.38875,5784.92828125,41622.635,64
45240,5,79.3500x0,5,13583.690960451977,3653.1957627118645,5157.675480225989,34621.706214689264,177
45241,5,79.3500x0,6,12595.368,3748.4864516129032,4037.7290322580643,31915.658322580646,155
45242,5,79.3500x0,8,12821.029621848738,4144.83768907563,4135.770462184874,33161.79021008404,238
45243,5,79.3500x0,9,13396.881777777777,4864.973866666667,4006.7140444444444,33443.272488888884,225
45248,5,79.3501,4,10883.533333333335,2723.697142857143,3563.3971428571426,28941.719047619048,21
45249,5,79.3501,5,12808.49780487805,3786.1619512195125,4945.548048780488,35900.51536585366,41
45250,5,79.3501,6,14765.00046511628,4794.133488372093,4843.082790697675,37852.007906976745,43
45251,5,79.3501,8,10425.746481481483,3650.025740740741,4188.193703703703,31270.484629629627,54
45252,5,79.3501,9,9886.7795,6629.0335000000005,6082.1,39955.94116666667,60
45258,5,79.3600,5,12485.614423076922,3154.9646153846156,3755.826923076923,33533.80173076923,52
45259,5,79.3600,6,10337.703142857143,2913.194285714286,2570.6982857142857,26121.06457142857,35
45270,5,79.3600x0,1,9293.999191919193,2089.7344444444443,2044.76,19971.861616161616,99
45271,5,79.3600x0,2,10682.00205882353,2413.0547058823527,3383.8077450980395,25715.562352941175,102
45272,5,79.3600x0,3,11629.319427083334,2476.24375,3534.9646875,26960.375625,192
45273,5,79.3600x0,4,11225.412369337979,2767.8349477351917,3792.4262020905926,28523.946027874565,287
45274,5,79.3600x0,5,12375.535295902882,2795.5789074355084,4089.535432473445,29853.91386949924,659
45275,5,79.3600x0,6,13174.211818181819,3338.529529780564,4165.04144200627,30658.06307210031,319
45276,5,79.3600x0,8,13631.72437837838,4160.945621621621,5479.984108108109,36039.34767567568,185
45277,5,79.3600x0,9,11562.622105263159,4821.446052631579,4356.785263157894,33691.866842105264,38
45281,5,79.3601,3,10532.38347826087,2357.693043478261,3467.2852173913043,26933.314782608697,23
45282,5,79.3601,4,11596.85438596491,2566.4624561403507,3400.491052631579,28666.95192982456,57
45283,5,79.3601,5,11275.396346153846,2459.1262500000003,3987.870576923077,29148.092403846153,104
45284,5,79.3601,6,13415.977407407408,3959.1525925925926,5625.148518518519,39735.67240740741,54
45285,5,79.3601,8,12796.4090625,3416.978125,4876.998125,34684.241875,32
45297,5,79.3603,3,7123.022307692308,1949.4499999999998,2596.5684615384616,22170.03615384615,26
45298,5,79.3603,4,8413.224516129032,2072.0787096774193,3126.871935483871,24231.485161290322,31
45299,5,79.3603,5,8697.443827160494,2444.0669135802473,2783.186172839506,23318.816049382716,81
45300,5,79.3603,6,10674.952083333334,2835.92125,4690.624791666666,32691.33145833333,48
45301,5,79.3603,8,11073.754193548388,3642.6451612903224,4197.006774193548,31582.57612903226,31
45307,5,79.3604,5,3510.224383561644,2577.90301369863,2905.475205479452,15664.039999999999,73
45308,5,79.3604,6,4088.180344827586,2645.583620689655,2930.9194827586207,16737.50448275862,58
45309,5,79.3604,8,4790.235238095238,2758.969285714286,2697.5209523809526,16495.75238095238,42
45322,5,79.3700x0,2,11236.113076923077,1996.0253846153848,3820.604230769231,26058.464615384615,26
45323,5,79.3700x0,3,7982.8868918918915,2118.8579729729727,3126.8297297297295,22937.39418918919,74
45324,5,79.3700x0,4,7511.366827586206,2142.980620689655,3529.081310344827,21539.232137931034,145
45325,5,79.3700x0,5,7597.905102040816,2325.838826530612,3484.860459183674,22765.57469387755,196
45326,5,79.3700x0,6,7655.75387755102,2900.451836734694,3286.263673469388,22153.233469387753,49
45336,5,79.3702,5,7705.967727272728,2413.6954545454546,3181.6600000000003,22209.026363636363,22
45349,5,79.3800x0,5,3882.162972972973,1703.6710810810812,2260.8154054054053,13660.256756756757,37
45357,5,79.3900,5,7913.9424,2873.204,2156.5012,20195.938000000002,25
45369,5,79.3900x0,1,7009.966533333333,3063.4657333333334,2161.4241333333334,19901.088,75
45370,5,79.3900x0,2,10647.669999999998,2786.7166666666667,3281.1608771929823,25045.39614035088,57
45371,5,79.3900x0,3,7974.317304347826,2578.453391304348,3258.4031304347823,21780.045826086956,115
45372,5,79.3900x0,4,8607.054279661017,2942.28906779661,3834.491186440678,24548.136906779662,236
45373,5,79.3900x0,5,9627.109188118811,3508.49003960396,4027.226415841584,26209.070435643564,505
45374,5,79.3900x0,6,9326.703031358886,3589.565121951219,3956.471567944251,25937.3037630662,287
45375,5,79.3900x0,8,8925.552142857143,3588.5712380952377,3882.1110000000003,24974.327952380954,210
45376,5,79.3900x0,9,7465.874545454545,3081.7859090909087,2815.147954545455,19359.708636363637,44
45390,5,79.3903,4,20197.52125,5899.184375,7500.631875,47086.6696875,32
45391,5,79.3903,5,15571.27430107527,3548.353655913979,6296.409569892473,39219.797311827955,93
45392,5,79.3903,6,13778.216739130434,4319.427173913044,5980.126739130435,37438.63369565217,46
45393,5,79.3903,8,16298.525666666666,5571.882666666667,7022.575333333333,40340.799666666666,30
45399,5,79.3904,4,7120.744848484848,1700.7218181818182,2361.289090909091,17931.290606060604,33
45400,5,79.3904,5,6783.8090625,1729.8843749999999,2301.703645833333,16847.085208333334,96
45401,5,79.3904,6,7192.648888888889,2103.5425,2369.3630555555555,18499.293055555558,36
45415,5,79.6000,5,7290.402799999999,1492.828,3446.9936,21054.560400000002,25
45435,5,79.6400,3,278.52535714285716,919.7157142857143,1654.847142857143,6520.2867857142855,28
45436,5,79.6400,4,634.7557692307693,953.5726923076923,2031.6992307692308,7214.543076923077,26
45437,5,79.6400,5,432.21999999999997,1049.7484615384615,1544.5728571428572,5889.71087912088,91
45438,5,79.6400,6,382.9572,1110.6036,1826.3372,6466.574799999999,25
45524,5,79.8100x0,4,7278.5881818181815,2046.1922727272724,2603.3054545454547,18497.504090909093,22
45525,5,79.8100x0,5,8756.990294117646,2214.8335294117646,2595.130588235294,19763.125882352942,34
45659,5,80.2600,5,3017.1297297297297,1429.3397297297297,2187.514324324324,12629.806486486486,37
45720,5,80.5100x0,4,10080.13261904762,2735.1416666666664,2786.3640476190476,24821.680714285714,42
45721,5,80.5100x0,5,11743.893333333333,3084.6184210526317,3202.9578947368423,28745.378421052632,57
45722,5,80.5100x0,6,13025.370731707317,2976.7717073170734,2511.7451219512195,27261.816829268293,41
45723,5,80.5100x0,8,14121.494,4359.866,4044.0964000000004,32303.3232,25
45746,5,80.5108,5,22069.73,3820.6714583333337,4382.431041666667,42622.879583333335,48
45747,5,80.5108,6,22086.859375,3861.025,5483.592187499999,49612.323125,32
45748,5,80.5108,8,18359.858888888888,4874.888888888889,6036.938888888889,47869.82185185185,27
45759,5,80.5110,4,4771.223043478261,2577.776086956522,1480.4647826086957,18187.425217391305,23
45760,5,80.5110,5,3848.5240540540544,2920.2054054054056,1771.936756756757,20566.857027027025,37
45762,5,80.5110,8,3046.9265217391303,3533.910869565217,1876.785652173913,20982.35391304348,23
45765,5,80.5111,3,7638.787586206897,2805.5982758620694,1219.99,17982.17620689655,29
45766,5,80.5111,4,7050.700289855073,2478.332608695652,1450.1750724637682,17081.733333333334,69
45767,5,80.5111,5,7152.206728971963,2852.9653271028037,1420.318878504673,18312.13336448598,107
45768,5,80.5111,6,6960.535972222223,3098.646944444444,1591.2041666666667,19288.776944444442,72
45769,5,80.5111,8,8003.204117647058,3338.603725490196,1525.1250980392158,19605.0368627451,51
45782,5,80.5900x0,3,1617.867727272727,2265.309090909091,918.3850000000001,7900.235000000001,22
45783,5,80.5900x0,4,1305.1120618556702,2250.0501030927835,970.7882474226805,7885.990515463917,97
45784,5,80.5900x0,5,1361.4820634920634,2232.029841269841,1004.728492063492,8224.97507936508,126
45785,5,80.5900x0,6,1303.3598701298702,2119.5516883116884,1062.672857142857,8305.451298701299,77
45786,5,80.5900x0,8,1706.1716949152544,2426.6577966101695,1010.5683050847457,8888.821016949152,59
45787,5,80.5900x0,9,2058.407142857143,2056.595714285714,847.5042857142857,9283.587142857143,21
45809,5,80.6x06,4,3539.0840000000003,2311.273333333333,1760.799,16718.756333333335,30
45810,5,80.6x06,5,3005.525090909091,2225.3052727272725,1688.8576363636364,15693.002181818181,55
45811,5,80.6x06,6,1830.903125,2426.0665625,2307.935,17219.165625,32
45812,5,80.6x06,8,1428.471304347826,2560.5478260869563,2029.8891304347824,16370.098695652176,23
45817,5,80.6x07,5,2076.9507407407405,1932.888888888889,1629.7855555555554,13348.865185185185,27
45862,5,80.7601,4,2149.0533333333333,1904.8383333333334,1564.474,12355.019,30
45863,5,80.7601,5,2380.0352112676055,2184.761408450704,1739.9460563380283,12490.875211267607,71
45864,5,80.7601,6,1775.2222807017542,2375.7126315789474,1706.697543859649,12103.932280701754,57
45865,5,80.7601,8,1267.3389285714286,2832.3253571428572,1744.785357142857,12302.403928571428,28
45999,5,81.0200x0,5,20490.19259259259,4664.756296296297,4344.4766666666665,47383.47925925926,27
46030,5,81.0701,5,26458.859523809526,5031.842857142857,4058.4709523809524,46882.073333333334,21
46031,5,81.0701,6,26611.257599999997,6312.6035999999995,4957.4488,52319.8804,25
46048,5,81.0801,5,19898.88950980392,4338.357058823529,4192.487254901961,46329.37176470588,102
46049,5,81.0801,6,20461.2121875,4730.92,4115.477604166666,47025.236979166664,96
46050,5,81.0801,8,21162.791486486487,5180.160135135135,4368.753918918918,50102.10918918919,74
46053,5,81.0802,5,18544.234782608695,4960.82695652174,4681.944347826087,47301.12434782608,23
46125,5,81.4504,5,21975.880476190476,3532.138095238095,4998.352380952381,45389.92428571429,21
46154,5,81.4700x0,3,4084.652307692308,1525.3176923076924,1842.5826923076925,15235.606923076924,26
46155,5,81.4700x0,4,3948.4025373134323,1752.8419402985076,1321.9210447761195,12810.609402985074,67
46156,5,81.4700x0,5,3731.803475935829,1876.2808021390374,1595.5674331550802,13589.037647058823,187
46157,5,81.4700x0,6,2744.8072839506176,1861.213209876543,1359.1837037037037,11429.349629629629,81
46158,5,81.4700x0,8,2459.13025,2274.8285,1641.7244999999998,13616.61275,40
46171,5,81.5100,4,26046.431866666666,3004.714266666667,3074.19,45355.5476,75
46172,5,81.5100,5,23277.268006644517,3386.296810631229,3074.069136212625,41615.7253820598,301
46173,5,81.5100,6,22286.760851648352,3759.9313461538463,3535.274120879121,41563.57211538462,364
46174,5,81.5100,8,20448.100692520773,3698.670027700831,3652.234127423823,39927.37590027701,361
46175,5,81.5100,9,17627.143333333333,4822.4610416666665,4555.535416666667,41455.06260416666,96
46178,5,81.5200,9,16356.461666666666,4656.696666666667,5203.409666666667,37041.67066666667,30
46181,5,81.5200x0,8,16972.509814814814,4017.4985185185187,4439.635925925926,34876.39481481482,54
46182,5,81.5200x0,9,16606.470975609755,4890.947317073171,4128.924634146342,36833.502195121946,123
46185,5,81.5201,6,17658.226333333336,4385.283333333334,4436.3876666666665,36621.172999999995,30
46186,5,81.5201,8,17189.355714285713,4128.49652173913,4410.158571428572,36270.614037267085,161
46187,5,81.5201,9,16820.67101736973,4688.361488833747,4591.898808933002,38833.264019851114,403
46195,5,81.5400,5,17725.148999999998,3256.1271666666667,3185.286333333333,39403.2275,60
46196,5,81.5400,6,19694.441147540983,3503.4702732240435,3419.164153005465,39022.137759562844,183
46197,5,81.5400,8,18567.934134078212,3790.1193854748603,3556.9517318435755,39320.62072625699,179
46198,5,81.5400,9,16161.632608695652,4110.395217391304,3138.3921739130437,38601.1947826087,23
46202,5,81.5400x0,5,21746.374,3205.7012,3852.0591999999997,44726.752400000005,25
46203,5,81.5400x0,6,22842.31956521739,4037.28,3162.946956521739,41890.33,46
46204,5,81.5400x0,8,19495.542413793104,4055.863620689655,3186.338448275862,41610.07931034483,58
46217,5,81.6500,5,11338.260909090908,3175.8952272727274,1483.1902272727273,19836.763863636363,44
46218,5,81.6500,6,10227.029263565892,3101.2556976744186,1659.6137596899223,19047.903255813955,258
46219,5,81.6500,8,9973.38874411303,3305.8966405023552,1681.4489324960753,19113.064254317112,637
46220,5,81.6500,9,9818.192970822281,3600.624827586207,1700.469628647215,19472.73673740053,377
46222,5,81.6600,6,11158.078076923079,2465.0615384615385,1544.1665384615385,20158.96153846154,26
46223,5,81.6600,8,12822.832857142857,3216.197142857143,2376.155142857143,24883.336,35
46226,5,81.6600x0,5,16576.05,3360.6160377358487,1842.615283018868,28740.981886792455,53
46227,5,81.6600x0,6,15490.717361111112,3365.4543518518517,2016.3164814814813,26637.294537037036,216
46228,5,81.6600x0,8,15203.837932816537,3349.8778294573644,1866.8831782945738,25898.575658914728,387
46229,5,81.6600x0,9,15379.101422924901,3567.1744268774705,2000.9556916996046,26265.786086956523,253
46231,5,81.6601,5,16777.77193548387,2663.358709677419,1707.1254838709676,25425.22129032258,31
46232,5,81.6601,6,17903.985483870965,2927.2253763440863,2092.6751612903226,27940.149032258065,93
46233,5,81.6601,8,15739.875806451613,2858.9087096774197,1665.4654838709678,24826.353548387095,186
46234,5,81.6601,9,15771.330492957748,2946.0357746478876,1817.192957746479,25031.030633802817,142
46261,5,81.8300x0,4,9976.423714285715,1751.8042857142857,2305.0917142857143,25096.634285714284,35
46262,5,81.8300x0,5,8532.895405405405,2165.895945945946,2434.0155855855855,25866.614324324324,111
46263,5,81.8300x0,6,8807.630793650793,2577.1642857142856,2576.471904761905,28123.105079365083,63
46264,5,81.8300x0,8,11946.122173913043,2617.8826086956524,2474.9808695652173,28091.85543478261,46
46282,5,81.9100,4,60.072,1199.659090909091,1018.8792727272728,5135.7981818181825,55
46283,5,81.9100,5,89.86544827586206,1387.7237931034483,1001.2976551724138,5744.819517241379,145
46284,5,81.9100,6,97.08465648854963,1514.3812977099237,1442.3367175572519,6470.036564885497,131
46285,5,81.9100,8,165.60184,1531.01544,1292.96,5921.30488,125
46286,5,81.9100,9,86.14535211267606,2001.919718309859,1907.7478873239438,7216.097323943663,71
46298,5,81.9200,5,34.78212121212121,1213.6060606060605,1016.5396969696969,5577.780303030303,33
46299,5,81.9200,6,53.576,1734.29,1313.8783333333333,6663.977666666667,30
46300,5,81.9200,8,64.43193548387097,1722.8935483870966,1439.938387096774,7429.421612903226,31
46303,5,81.9201,3,31.2636,1413.0339999999999,937.5988000000001,4939.7516000000005,25
46304,5,81.9201,4,177.69060606060606,1720.9178787878786,1079.991111111111,5984.081818181818,99
46305,5,81.9201,5,79.41578778135049,1928.8753697749196,1208.1894533762058,6188.633022508038,311
46306,5,81.9201,6,52.43319248826291,1936.6830516431924,1318.6173239436619,6547.42661971831,213
46307,5,81.9201,8,95.02081545064378,2207.431888412017,1704.0894849785407,7085.610386266094,233
46308,5,81.9201,9,56.635876288659794,2139.593092783505,1955.0038144329897,7489.169278350516,97
46366,5,82.0101,5,137.85806451612905,1181.4524193548389,483.11887096774194,3403.9225806451614,62
46402,5,82.2101,3,298.6195652173913,1292.9004347826087,431.4904347826087,3449.3682608695653,23
46403,5,82.2101,4,244.89199999999997,1275.1251428571427,392.80485714285714,3272.44,35
46404,5,82.2101,5,183.28934782608695,1170.8423913043478,607.589347826087,3528.0454347826085,46
46432,5,82.3601,3,671.8571428571429,959.6333333333333,2836.808095238095,8949.73,21
46433,5,82.3601,4,354.97115384615387,1195.1038461538462,1882.5676923076924,6293.576538461538,26
46434,5,82.3601,5,732.3774999999999,1256.2248076923076,1831.638846153846,7143.618269230768,52
46460,5,82.4400x0,4,580.765,947.3127272727273,1390.8422727272728,5261.66,22
46461,5,82.4400x0,5,464.69483870967747,1197.0370967741935,1215.0145161290322,6043.193870967742,31
46475,5,82.4500x0,3,752.1082608695651,971.408695652174,991.4308695652173,5598.433478260869,23
46476,5,82.4500x0,4,493.2870454545455,1255.4147727272727,1421.7570454545455,6314.007045454546,44
46477,5,82.4500x0,5,439.54018518518524,1112.9320370370372,1056.6285185185186,5486.679259259259,54
46478,5,82.4500x0,6,476.4073333333333,1207.4576666666665,1168.3693333333333,6356.470333333333,30
46484,5,82.4501,4,484.0392307692308,916.8846153846154,1475.7723076923078,5669.294615384615,26
46485,5,82.4501,5,451.73870967741937,1017.6364516129032,806.906129032258,4660.184516129032,31
46543,5,83.0101,5,109.02896551724139,1020.1893103448275,451.5968965517241,3115.6048275862067,29
46550,5,83.0102,5,123.63565217391304,889.2260869565217,548.1147826086956,3030.5186956521734,23
46621,5,83.2900x0,2,640.0768181818182,1163.290909090909,1700.0236363636361,6948.930454545454,22
46622,5,83.2900x0,3,416.65166666666664,1241.9583333333333,1715.4033333333334,7287.435833333333,24
46623,5,83.2900x0,4,947.5783333333334,1402.9895833333333,2556.8475,9856.821666666667,24
46624,5,83.2900x0,5,2466.437543859649,1844.9017543859648,2815.490701754386,13693.578596491228,57
46625,5,83.2900x0,6,3444.6331818181816,2597.072727272727,3240.4940909090906,15707.171363636364,22
46636,5,83.3101,2,267.04375,1134.4125000000001,480.78125,3689.9041666666667,24
46637,5,83.3101,3,193.66468749999999,1086.4021875,316.1315625,3073.2090625,32
46638,5,83.3101,4,219.99745454545456,1344.444909090909,380.7070909090909,3500.180363636364,55
46639,5,83.3101,5,212.8368888888889,1319.2325185185186,418.6705925925926,3565.3056296296295,135
46640,5,83.3101,6,217.1659649122807,1363.225789473684,660.7266666666667,4041.661578947368,57
46641,5,83.3101,8,162.7042857142857,1289.7057142857143,463.6622857142857,3353.0308571428573,35
46657,5,83.3200x0,5,394.49232558139533,1635.3193023255812,688.5272093023257,5163.731627906976,43
46658,5,83.3200x0,6,890.764347826087,2164.8195652173913,1611.777391304348,8578.106086956523,23
46673,5,83.3900x0,4,394.11575,1360.65625,642.29025,4697.4725,40
46674,5,83.3900x0,5,321.00773333333336,1562.2469333333333,697.4488,5156.406933333334,75
46675,5,83.3900x0,6,320.24625,2023.6766666666665,1062.9085416666667,6957.076666666667,48
46676,5,83.3900x0,8,352.62519999999995,2123.9724,965.7768000000001,6938.775599999999,50
46687,5,83.3902,4,327.9796,1570.9432000000002,934.8532,5249.3168,25
46688,5,83.3902,5,434.0217757009346,1466.4008411214954,925.2397196261682,5434.56261682243,107
46689,5,83.3902,6,368.51144927536234,1564.7357971014494,846.546811594203,5382.3640579710145,69
46690,5,83.3902,8,396.6958536585366,1817.6239024390245,1089.259268292683,6375.189268292683,41
46701,5,83.3904,5,386.033,1766.0456666666666,685.811,5034.255,30
46717,5,83.4501,4,1567.7925,1754.3878571428572,3366.8460714285716,11857.75607142857,28
46718,5,83.4501,5,444.4523214285714,1258.8385714285716,2233.4417857142857,7038.325892857143,56
46719,5,83.4501,6,1118.4008695652174,1588.2891304347827,2751.663043478261,10315.71347826087,23
46720,5,83.4501,8,340.9371428571429,1550.2535714285714,2170.9585714285718,7309.269285714286,28
46736,5,83.6400x0,4,1000.153,1374.2649999999999,2537.036,8882.545666666667,30
46737,5,83.6400x0,5,659.7678260869565,1379.92,1576.9817391304348,6691.662391304347,46
46764,5,83.6500x0,5,1076.3031034482758,1475.1172413793104,1954.6796551724137,7861.113103448276,29
46842,5,83.9105,3,26.180857142857143,1181.2992857142856,763.9001428571429,5695.8067142857135,70
46843,5,83.9105,4,49.94266129032258,1322.945564516129,927.3807258064517,5980.7725,248
46844,5,83.9105,5,59.48551155115512,1320.0665841584157,1046.495214521452,6317.454075907591,606
46845,5,83.9105,6,52.947848101265826,1502.6995253164557,1123.4474367088608,6280.451550632911,316
46846,5,83.9105,8,59.43695652173913,1551.4548913043477,1382.2665579710144,6985.880652173913,276
46847,5,83.9105,9,63.73288888888889,1648.3205555555555,1319.3042222222223,6595.6812222222225,90
46876,5,84.0100x0,0,560.4876190476191,1026.0928571428572,338.34476190476187,4790.534285714286,21
46964,5,84.3x00,5,306.6085294117647,1171.9285294117647,1718.4032352941176,5710.3758823529415,34
46987,5,84.8205,4,27498.9090625,4931.2328125,5260.403125,48875.3396875,32
46988,5,84.8205,5,25366.879399999998,4370.508,4451.8388,46691.186200000004,50
47001,5,85.0x00x0,2,416.06612903225806,1369.7496774193548,1291.6412903225805,5777.463548387097,31
47002,5,85.0x00x0,3,191.9348148148148,1319.5762962962963,1731.4459259259258,5614.405925925926,27
47025,5,85.1100x0,5,1142.8267857142857,3828.485357142857,964.2510714285714,8392.9125,28
47051,5,85.2100,2,545.765641025641,1405.283846153846,368.53871794871793,3959.299230769231,39
47052,5,85.2100,3,328.4152380952381,1493.9333333333332,374.6807142857143,3911.417380952381,42
47053,5,85.2100,4,430.2232,1782.888,432.55400000000003,4802.9064,50
47054,5,85.2100,5,462.8315151515152,2232.8893939393943,811.5624242424243,6267.58090909091,33
47063,5,85.2100x0,1,952.5474,1470.8276,379.5036,4472.6936,50
47064,5,85.2100x0,2,1984.2155521472394,1486.418926380368,365.15205521472393,5483.649785276074,326
47065,5,85.2100x0,3,2408.005674300254,1590.0130534351144,323.88320610687026,5859.986921119593,393
47066,5,85.2100x0,4,2491.0648033126295,1753.5628571428572,314.1632505175983,6229.394741200828,483
47067,5,85.2100x0,5,2434.9975213675216,1871.6198860398858,417.66202279202275,6418.582336182336,351
47068,5,85.2100x0,6,1320.6603278688524,2408.48868852459,655.6600000000001,6566.799016393443,61
47085,5,85.2301,2,340.7877777777778,1414.634074074074,379.1677777777778,3768.636296296296,27
47086,5,85.2301,3,444.13239999999996,1514.144,530.7664,4070.9572000000003,25
47087,5,85.2301,4,509.76824999999997,1925.1072499999998,734.5385,5419.688,40
47088,5,85.2301,5,797.3030952380954,2224.0183333333334,763.4111904761905,6203.476904761905,42
47099,5,85.2401,4,913.4991304347826,1720.478695652174,781.6765217391305,6185.8278260869565,23
47137,5,85.4301,4,1927.6340425531916,5557.732340425532,3194.387021276596,17833.934680851064,47
47138,5,85.4301,5,2037.1198795180724,5564.245542168675,2576.727108433735,17199.11951807229,83
47139,5,85.4301,6,1870.877962962963,5258.291481481481,3045.5383333333334,16528.152222222223,54
47140,5,85.4301,8,2078.514166666667,6497.285,3072.0716666666667,19221.704999999998,24
47188,5,86.0100x0,5,316.7870454545455,1805.564090909091,1596.981590909091,5731.779090909091,44
47189,5,86.0100x0,6,237.23999999999998,2179.285185185185,1806.972962962963,6816.3337037037045,27
47190,5,86.0100x0,8,181.6,2108.3142857142857,1464.8666666666668,6456.117619047619,21
47215,5,86.0400x0,1,192.45451612903227,1168.5358064516129,991.9109677419356,3720.797419354839,31
47216,5,86.0400x0,2,134.01677419354837,1133.0845161290324,694.3025806451614,3464.1145161290324,31
47217,5,86.0400x0,3,168.04175,1670.525,1140.0462499999999,4975.133,40
47218,5,86.0400x0,4,551.8120408163265,2193.8318367346938,1546.5589795918368,6864.360816326531,49
47219,5,86.0400x0,5,372.1540217391304,1801.2576086956524,1972.4433695652174,6895.619130434782,92
47220,5,86.0400x0,6,571.1731034482759,2426.530172413793,2668.022931034483,9057.159655172414,58
47221,5,86.0400x0,8,285.2572727272727,2114.8029545454547,1734.6806818181817,6613.38840909091,44
47222,5,86.0400x0,9,263.11375,2304.4958333333334,1716.3462500000003,6835.440833333334,24
47227,5,86.0401,5,3089.322,2191.42,4150.0036,15292.502,25
47250,5,86.0600,5,180.25517241379313,4257.413793103448,1566.784827586207,7329.598620689655,29
47309,5,86.1100,5,337.7964,2597.6112,1563.7296,7446.081999999999,25
47331,5,86.2200,3,599.5614285714286,1261.1966666666667,1699.155714285714,6391.706666666667,21
47332,5,86.2200,4,621.2616666666667,1843.9937499999999,2272.9110416666667,8350.811458333334,48
47333,5,86.2200,5,785.532380952381,2194.1461904761904,2544.117261904762,10269.779761904761,84
47334,5,86.2200,6,957.64,2672.30640625,3276.33859375,12036.06796875,64
47335,5,86.2200,8,825.7455555555556,2480.825925925926,3194.1214814814816,11634.39537037037,54
47336,5,86.2200,9,863.2503571428571,3612.1349999999998,3420.2910714285717,13528.7175,28
47346,5,86.2200x0,2,1021.7185365853659,1987.5026829268293,1654.1375609756096,7989.705609756097,41
47347,5,86.2200x0,3,553.6025806451613,1894.1051612903227,2385.2925806451617,8608.007096774192,31
47348,5,86.2200x0,4,523.1492857142857,1643.194107142857,1318.0003571428572,6098.424107142857,56
47349,5,86.2200x0,5,964.7094696969697,1966.8782575757575,2244.018787878788,9018.260075757576,132
47350,5,86.2200x0,6,525.6280434782609,2147.661195652174,2480.062608695652,8559.760652173913,92
47351,5,86.2200x0,8,626.8562244897959,2703.923367346939,2882.5652040816326,10823.009591836733,98
47352,5,86.2200x0,9,840.0082142857143,3338.980178571429,3677.872142857143,13894.979464285714,56
47355,5,86.2201,2,385.55294117647054,1441.8999999999999,1410.2844117647057,5132.9367647058825,34
47356,5,86.2201,3,604.8279411764706,1400.265294117647,1773.3500000000001,6191.845,34
47357,5,86.2201,4,223.63610169491525,1940.5793220338983,1391.3211864406778,6639.7110169491525,59
47358,5,86.2201,5,637.8433333333334,2111.428290598291,1953.2482905982904,7404.592051282051,117
47359,5,86.2201,6,363.2403125,2174.39796875,1876.8546875,7063.435156250001,64
47360,5,86.2201,8,372.6175510204082,3395.0857142857144,2618.4526530612243,10613.79775510204,49
47361,5,86.2201,9,405.1437142857142,2691.9657142857145,1388.7271428571428,7017.26,35
47401,5,86.2800,0,152.1306896551724,682.7639655172413,792.0820689655172,3453.988965517241,58
47402,5,86.2800,1,124.86137254901962,1236.0127450980392,829.5982352941177,3655.721960784314,51
47403,5,86.2800,2,175.6575,1285.4431818181818,1202.5575,4614.261590909091,44
47404,5,86.2800,3,98.77256756756756,1367.243918918919,1098.3648648648648,4803.440810810811,74
47405,5,86.2800,4,157.55419642857143,1715.495625,1737.215357142857,6266.542767857143,112
47406,5,86.2800,5,248.76150000000004,1929.8535454545456,1729.274181818182,6365.622,220
47407,5,86.2800,6,483.9758490566038,2446.0754716981132,2155.6637735849054,7887.223018867925,106
47408,5,86.2800,8,268.6376923076923,2739.181346153846,2237.9170192307693,8490.48451923077,104
47409,5,86.2800,9,437.800579710145,3039.104492753623,2269.699565217391,9396.80956521739,69
47416,5,86.2800x0,0,343.4772413793103,768.7841379310346,727.0606896551724,3653.233275862069,58
47417,5,86.2800x0,1,157.7919565217391,1653.8826086956524,804.6089130434783,4591.248695652174,46
47418,5,86.2800x0,2,170.87546875,1502.1528125,810.67171875,4149.22140625,64
47419,5,86.2800x0,3,182.77126315789474,1856.868,1444.8052631578948,5530.568842105264,95
47420,5,86.2800x0,4,179.86097222222222,1807.2327083333334,1623.5170833333332,6096.510555555556,144
47421,5,86.2800x0,5,345.19044715447154,2129.8052845528455,2037.5248373983738,7363.806300813008,246
47422,5,86.2800x0,6,436.4932894736842,3006.220855263158,2689.0875657894735,10026.38322368421,152
47423,5,86.2800x0,8,717.9898484848485,2974.3616666666667,2160.475909090909,9217.461818181819,132
47424,5,86.2800x0,9,229.69662790697674,3104.1274418604653,1952.8112790697674,8289.124186046512,86
47427,5,86.3x00,2,172.17565217391305,1758.1173913043476,405.3182608695652,4043.739565217391,46
47428,5,86.3x00,3,174.54999999999998,1558.7424528301888,242.6643396226415,3394.290754716981,53
47429,5,86.3x00,4,193.935,1832.2666666666664,466.42846153846153,4129.558717948718,78
47430,5,86.3x00,5,148.935078125,2083.2578125,327.095625,4255.19421875,128
47431,5,86.3x00,6,163.46755102040817,1913.0755102040816,453.8761224489796,4791.8851020408165,49
47432,5,86.3x00,8,131.31432432432433,2009.487837837838,646.6602702702703,4586.860810810811,37
47440,5,86.3x02,1,95.8425,1078.8333333333333,359.7369444444445,2669.7975,36
47441,5,86.3x02,2,120.57000000000001,1081.2886885245903,193.49180327868854,2526.456393442623,61
47442,5,86.3x02,3,165.54561643835618,1261.2884931506849,359.7139726027397,3084.75301369863,73
47443,5,86.3x02,4,196.06780701754386,1515.3914035087719,527.8066666666666,3699.579385964912,114
47444,5,86.3x02,5,124.61429292929293,1445.0559090909092,389.32343434343437,3327.6598989898994,198
47445,5,86.3x02,6,148.44222222222223,1643.0771296296298,538.9005555555556,3874.9239814814814,108
47446,5,86.3x02,8,242.026125,1858.2549999999999,740.088375,4990.548625,80
47447,5,86.3x02,9,185.26642857142858,2038.8517857142856,933.7042857142858,5298.569642857144,28
47449,5,86.3x03,1,112.12378378378378,1056.7243243243245,191.33189189189187,2314.2208108108107,37
47450,5,86.3x03,2,186.34977777777777,1142.6824444444444,286.0983333333333,2846.0623333333333,90
47451,5,86.3x03,3,255.79005208333334,1256.67546875,333.79630208333333,3216.947239583333,192
47452,5,86.3x03,4,200.0360409556314,1328.4850511945392,341.52699658703074,3208.0174402730377,293
47453,5,86.3x03,5,229.12604462474644,1531.2138539553753,471.11227180527385,3862.6092494929007,493
47454,5,86.3x03,6,272.078683127572,1491.5651851851853,529.7720164609053,3986.2523045267494,243
47455,5,86.3x03,8,266.8117610062893,1758.08213836478,595.0481132075471,4718.2257232704405,159
47456,5,86.3x03,9,354.5279069767442,2226.482093023256,1268.7811627906979,6453.817209302326,43
47461,5,86.3x05,2,311.71933333333334,790.5546666666667,246.66733333333335,3279.2575555555554,45
47499,5,86.3x13,5,413.30682539682545,1733.2485714285715,688.6950793650793,5053.431746031746,63
47559,5,86.5900x0,3,120.0141379310345,1562.0310344827587,1662.0986206896553,5786.943793103448,29
47560,5,86.5900x0,4,164.85773584905658,2022.6924528301886,1597.2609433962264,5935.969811320755,53
47561,5,86.5900x0,5,215.84035087719298,2422.2122807017545,2489.7451754385966,7804.461754385965,114
47562,5,86.5900x0,6,222.19254545454547,2282.849090909091,2616.303090909091,7900.519272727272,55
47563,5,86.5900x0,8,297.16375,2637.7591071428574,3101.220357142857,9004.675714285713,56
47564,5,86.5900x0,9,218.045625,2744.865625,2895.2309375,9239.2303125,32
47569,5,86.5901,5,829.5522727272727,1122.2795454545455,1035.9013636363636,5001.38409090909,22
47574,5,86.5902,1,219.01423076923078,1660.0346153846153,906.8303846153847,5154.070769230769,26
47575,5,86.5902,2,190.44058823529414,1961.3901960784312,1358.2488235294118,5743.148039215686,51
47576,5,86.5902,3,129.1713846153846,1992.343076923077,1156.0346153846153,5120.707230769231,65
47577,5,86.5902,4,192.4964077669903,2329.7681553398056,1909.6967961165049,6864.407572815534,103
47578,5,86.5902,5,316.22324468085105,3006.1754255319147,2822.5228191489364,9282.833563829787,188
47579,5,86.5902,6,277.95904347826087,3190.464,3097.215565217391,9592.801217391303,115
47580,5,86.5902,8,244.74557522123894,3014.3397345132744,2747.096814159292,9159.852743362831,113
47581,5,86.5902,9,260.81012345679017,3401.1380246913577,2332.0302469135804,9189.764444444445,81
47714,5,86.7501,5,649.6306451612903,1703.1193548387096,1725.688064516129,7181.34064516129,31
47716,5,86.7501,8,737.2314285714286,2420.7738095238096,3111.326666666667,11356.520952380952,21
47724,5,86.7503,5,433.45346153846157,1633.7211538461538,1073.7323076923078,6241.196538461538,26
47737,5,86.8300x0,5,306.2614285714286,1116.254761904762,418.84,3098.4280952380955,21
47768,5,86.8900x0,4,354.1366666666667,1292.7008333333333,1254.6954166666667,5565.589166666668,24
47769,5,86.8900x0,5,2001.7989189189193,1164.3467567567568,2273.2432432432433,8911.26027027027,37
47804,5,87.0300x0,4,60.699,1655.2175,883.5135,3425.97,40
47805,5,87.0300x0,5,69.99851851851852,1972.367037037037,1342.4564814814814,4225.856296296296,54
47806,5,87.0300x0,6,60.47757575757576,1937.72,1678.9278787878789,4821.805606060606,66
47807,5,87.0300x0,8,69.84730158730159,2127.2771428571427,1905.4049206349205,5138.688095238095,63
47808,5,87.0300x0,9,81.03088888888888,2045.1466666666668,1870.6975555555555,5086.478666666667,45
47815,5,87.0301,8,51.402857142857144,1926.9714285714285,1588.962380952381,5152.555714285714,21
47820,5,87.0302,5,209.5774074074074,3674.4803703703706,1527.68,6323.141851851851,54
47821,5,87.0302,6,237.34234042553192,3770.079468085106,2433.9843617021274,7868.044680851063,94
47822,5,87.0302,8,247.380859375,4002.8653125,2224.49921875,8127.004453125,128
47823,5,87.0302,9,254.5579365079365,4343.1376190476185,2336.874126984127,8547.618412698412,63
47846,5,87.4101,0,167.89880000000002,2590.6332,982.6628,6798.73,25
47850,5,87.4101,4,87.56735294117647,2362.950588235294,1499.1832352941176,4871.8997058823525,34
47851,5,87.4101,5,108.8517391304348,2131.288,1591.388260869565,4953.086434782608,115
47852,5,87.4101,6,140.92552083333334,2385.0764583333334,1649.7504166666668,5475.941979166667,96
47853,5,87.4101,8,129.8416582914573,2503.3297487437185,1865.415326633166,6127.520653266332,199
47854,5,87.4101,9,116.92672727272728,2583.4969696969697,1882.8013333333336,6364.632484848486,165
47865,5,87.4103,8,266.88,3342.572,987.4264,5260.7824,25
47868,5,87.4400,0,89.04176470588236,881.4441176470588,763.9114705882354,3422.1273529411765,34
47871,5,87.4401,0,96.88328859060402,818.8087248322148,783.4013422818792,3116.236510067114,149
47927,5,88.0100x0,4,184.33809523809524,2417.307619047619,2113.1057142857144,5726.608571428571,21
47928,5,88.0100x0,5,163.78266666666667,2531.76,1823.0646666666667,5503.683999999999,30
47961,5,88.4100,5,2514.189814814815,2725.7944444444443,3287.556666666667,12887.085,54
47962,5,88.4100,6,1945.9719512195124,3099.5490243902436,3811.2792682926834,13557.957317073171,41
47963,5,88.4100,8,1184.0842105263157,3317.3815789473683,4093.468947368421,14206.848157894736,38
47969,5,88.4101,3,1354.24825,2440.976,1875.00475,10142.3445,40
47970,5,88.4101,4,1777.0534228187921,3120.7007382550332,2947.516308724832,13209.59711409396,149
47971,5,88.4101,5,2589.6098327137547,3131.3136059479552,3039.297546468402,13989.290985130112,538
47972,5,88.4101,6,2917.3501172529313,3415.0454438860975,3565.861340033501,15599.03246231156,597
47973,5,88.4101,8,3521.737203125,3601.4897656250005,3640.46303125,16951.86865625,640
47974,5,88.4101,9,3045.440612244898,4085.5680952380953,3733.6807482993195,17751.85755102041,147
47988,5,88.4201,8,8464.929375,3608.883125,3809.5515625000003,20949.3134375,32
48055,5,88.5000,5,1460.3306122448978,2350.6530612244896,2515.378775510204,11206.922653061223,49
48056,5,88.5000,6,1550.4671153846152,2556.332692307692,3251.7200000000003,12483.669230769232,52
48057,5,88.5000,8,1410.8376271186441,2282.342372881356,3073.781525423729,11687.194915254237,59
48058,5,88.5000,9,1209.3645454545456,2816.038636363636,3846.3940909090907,13322.897727272728,22
48072,5,88.5500,3,973.84075,2599.952875,1144.536875,7936.0308749999995,80
48073,5,88.5500,4,1211.7426666666668,2556.748049382716,1147.2434074074074,8143.311679012346,405
48074,5,88.5500,5,1304.8463081009297,2642.4226029216466,1304.122775564409,8686.901394422312,1506
48075,5,88.5500,6,1536.3765609452735,2734.625186567164,1693.3836007462687,9725.178302238806,1608
48076,5,88.5500,8,1542.460882352941,2894.4237981744423,1869.4539249492902,10205.144036511156,1972
48077,5,88.5500,9,1610.547421875,3145.733984375,2516.7285,11594.628234375,640
48083,5,88.5600,4,1126.2854285714286,2450.785428571429,1466.6522857142857,8853.128285714285,35
48084,5,88.5600,5,1402.7285436893205,2704.0854368932037,1538.0364077669904,9481.525145631067,103
48085,5,88.5600,6,1621.4851239669422,2852.995454545455,2059.4238842975205,10699.474214876032,121
48086,5,88.5600,8,1936.9824390243903,3131.9935975609756,2461.6057926829267,12053.219268292683,164
48087,5,88.5600,9,2046.5482692307692,2887.0415384615385,2226.7190384615383,11920.651923076923,52
48095,5,88.5701,4,1490.8352173913042,2179.4752173913043,1130.597608695652,8218.423260869564,46
48096,5,88.5701,5,1584.1591946308724,2292.488523489933,1359.9138255033558,8727.163154362417,149
48097,5,88.5701,6,2162.6846296296294,2462.5045679012346,1451.4157407407408,9642.918024691358,162
48098,5,88.5701,8,2027.9228645833334,2705.4143229166666,1861.59640625,10746.61375,192
48099,5,88.5701,9,1997.9698305084746,2776.74593220339,1686.5806779661016,10462.358813559324,59
48125,5,88.7104,5,51.60999999999999,2604.3203448275863,870.2279310344828,4566.823793103449,29
48144,5,88.7201,8,94.7909090909091,2411.086363636364,1580.305,5499.114090909091,22
48171,5,88.7600,0,68.40583333333333,808.7083333333334,428.49875,2272.2520833333333,24
48223,5,88.9101,6,76.37967741935483,2447.0387096774193,1730.0725806451612,5338.866451612903,31
48224,5,88.9101,8,81.98129032258065,2737.0612903225806,2804.743548387097,7121.757096774194,31
48273,5,89.1400,8,66.7825,3063.2383333333332,905.3233333333334,4908.2025,24
48281,5,89.1900x0,0,40.1853125,1103.1125,406.9365625,3205.570625,32
48302,5,89.3701,3,37.621212121212125,1716.8927272727271,1032.4954545454545,3681.7018181818185,33
48303,5,89.3701,4,57.40788888888889,2179.1994444444445,1308.628888888889,4648.835111111111,90
48304,5,89.3701,5,75.02171806167401,2237.7382378854627,1467.9230837004404,5176.073568281938,227
48305,5,89.3701,6,97.67168724279836,2421.596913580247,1659.3773662551441,5822.900905349794,243
48306,5,89.3701,8,105.87390243902439,2520.705823170732,1756.2111585365853,6200.28481707317,328
48307,5,89.3701,9,101.54146666666666,2737.9729333333335,1943.7364000000002,6853.1034666666665,150
48316,5,89.5001,4,196.59909090909093,2374.5,851.9786363636363,4652.9913636363635,22
48317,5,89.5001,5,148.29846153846154,2667.9616666666666,1209.3264102564103,5032.408974358975,78
48318,5,89.5001,6,153.63957746478874,2615.357746478873,1559.6249295774646,5802.271830985916,71
48319,5,89.5001,8,168.02642857142857,2628.51525974026,1719.4134415584415,6180.08987012987,154
48320,5,89.5001,9,104.50415254237288,2791.919830508474,1900.7117796610169,6631.805423728814,118
48325,5,89.5200,4,58.89416666666667,1724.7358333333332,872.7975,3514.4029166666664,24
48326,5,89.5200,5,80.46224137931036,2158.393275862069,975.6108620689655,4119.7479310344825,58
48327,5,89.5200,6,82.67195652173913,2161.1204347826088,1242.1554347826088,4593.443260869565,46
48328,5,89.5200,8,94.31350877192982,2295.133684210526,1369.2103508771932,4834.35350877193,57
48329,5,89.5200,9,77.11142857142856,2575.417857142857,1713.6739285714286,6236.92,28
48330,5,89.5400,0,100.92373493975904,2013.9452409638552,516.4209186746988,5011.218373493976,664
48331,5,89.5400,1,38.31757575757576,1192.8678787878787,312.76545454545453,2512.5869696969694,33
48332,5,89.5400,2,49.63115384615385,1628.1184615384616,650.5507692307692,3178.4273076923077,26
48333,5,89.5400,3,102.3205,1794.3837500000002,1460.62575,4601.3445,40
48334,5,89.5400,4,159.01051282051282,2187.4647435897436,2143.1991025641028,6444.841666666667,78
48335,5,89.5400,5,159.93278301886792,2329.844716981132,1947.9783490566037,6579.780801886793,212
48336,5,89.5400,6,165.81666666666666,2600.4273333333335,2202.633484848485,7230.4580000000005,330
48337,5,89.5400,8,175.26282651072125,2622.4232943469783,2223.3478752436645,7475.549785575049,513
48338,5,89.5400,9,173.59595041322314,2692.5098140495866,1983.2054752066115,7124.987892561984,484
48348,5,89.6000x0,0,31.275405405405404,1919.664864864865,559.5067027027027,4097.03427027027,185
48365,5,89.6100x0,5,324.47846153846154,2304.244230769231,1008.868076923077,4449.543846153846,26
48366,5,89.6100x0,6,38.41130434782608,2359.371739130435,1315.8752173913044,4700.847391304347,23
48367,5,89.6100x0,8,58.09766666666667,2511.11,1585.8953333333334,5555.1433333333325,30
48373,5,89.6500x0,0,193.68246621621623,1515.4516891891892,306.437804054054,5748.148108108108,296
48380,5,89.6500x0,8,138.6715625,2692.000625,2223.701875,6860.0078125,32
48381,5,89.6500x0,9,136.5274193548387,2911.5012903225806,2488.3612903225808,7594.718387096774,31
48388,5,89.7x00,0,59.11826086956522,2373.6782608695653,269.2291304347826,4199.879565217391,23
48423,5,92.2400x0,4,477.8625,4898.115625,2073.9825,32647.9109375,32
48424,5,92.2400x0,5,890.3105617977528,3849.8507865168544,2858.41904494382,29489.501067415727,178
48425,5,92.2400x0,6,787.3206015037593,4302.875112781955,2621.320977443609,30055.33714285714,133
48426,5,92.2400x0,8,791.855205479452,6220.425890410959,3515.0884246575347,32870.727602739724,146
48427,5,92.2400x0,9,1034.120566037736,6810.518679245283,3036.834528301887,30461.30037735849,53
48440,5,92.3101,5,581.4102702702703,4326.9805405405405,2705.1655405405404,32234.572297297298,74
48441,5,92.3101,6,643.41453125,3935.26953125,3539.9046875,32516.96625,64
48442,5,92.3101,8,579.6421666666666,3892.5491666666667,3650.086333333333,32746.0125,60
48461,5,93.0103,8,185.29454545454544,2902.1954545454546,2416.4931818181817,9314.919545454546,22
48527,5,93.1800,5,169.48111111111112,2240.4333333333334,1418.020888888889,5178.413111111111,45
48528,5,93.1800,6,229.77733333333333,2674.5955555555556,1833.7306666666668,6674.974666666666,45
48529,5,93.1800,8,262.2961224489796,3012.9489795918366,2353.8158163265307,7835.882346938775,98
48530,5,93.1800,9,265.54972972972973,3205.091891891892,2494.923243243243,8235.889189189189,74
48564,5,93.2600x0,5,106.77783333333333,1249.6339999999998,1207.4986666666666,7253.0175,60
48565,5,93.2600x0,6,29.260967741935485,1694.6729032258065,1379.1187096774195,7548.506129032258,31
48566,5,93.2600x0,8,111.51083333333332,1548.5211111111112,2226.8747222222223,9542.802777777779,36
48567,5,93.2600x0,9,81.88571428571429,2942.580952380952,4206.303333333333,14103.718095238097,21
48580,5,93.3500,5,60.846666666666664,2148.205882352941,844.1405882352941,4738.346470588235,51
48581,5,93.3500,6,133.3069642857143,2020.4624999999999,947.3774999999999,4923.503214285714,56
48582,5,93.3500,8,90.77299145299146,2194.1111111111113,955.7726495726495,4916.891196581197,117
48583,5,93.3500,9,82.68622448979592,2431.854081632653,878.1431632653062,5069.743673469387,98
48584,5,93.3500x0,0,91.8448888888889,492.88222222222225,295.89133333333336,1997.5716666666667,90
48585,5,93.3500x0,1,223.68879310344826,985.7741379310345,752.2805172413792,3295.476724137931,58
48586,5,93.3500x0,2,208.22305555555556,1291.1881944444444,854.181875,4254.204236111112,144
48587,5,93.3500x0,3,269.35747524752475,1343.8376237623763,928.8023267326734,4581.762920792079,202
48588,5,93.3500x0,4,352.00484057971016,1599.8044927536234,1083.904115942029,5158.891565217392,345
48589,5,93.3500x0,5,299.8838836477987,1754.351823899371,1272.6039150943395,5684.776839622641,636
48590,5,93.3500x0,6,380.38285451197055,1821.4689686924494,1588.2165009208104,6086.6597053407,543
48591,5,93.3500x0,8,327.7767783094099,1976.2737001594899,1916.912057416268,6948.554146730463,627
48592,5,93.3500x0,9,354.578219895288,2087.438612565445,1924.5290314136125,7200.199371727749,382
48602,5,93.3502,5,29.38,1244.031304347826,579.0839130434782,4528.383478260869,23
48606,5,93.3503,0,88.92238095238096,373.0009523809524,1039.7761904761905,6032.389047619047,21
48609,5,93.3503,3,67.33069767441862,1063.153488372093,1024.5653488372093,4598.32488372093,43
48610,5,93.3503,4,45.43764705882353,1165.9980392156863,987.0484313725491,5173.905490196078,51
48611,5,93.3503,5,276.7512195121951,1596.3926829268291,1694.3044715447156,7419.395365853658,123
48612,5,93.3503,6,299.1175,1670.3211111111111,1863.2468055555555,8672.566111111111,72
48613,5,93.3503,8,82.88710843373494,1725.2789156626504,1683.676746987952,7110.582168674699,83
48614,5,93.3503,9,61.50044444444445,1809.6577777777775,1914.9779999999998,7547.5562222222225,45
48644,5,93.3510,3,864.1903333333333,1167.5183333333334,489.46500000000003,5020.420333333333,30
48645,5,93.3510,4,254.66073170731707,1261.3624390243904,946.0636585365854,4907.869756097561,41
48646,5,93.3510,5,389.04418803418804,1489.5539316239317,1414.4208547008545,7043.123162393163,117
48647,5,93.3510,6,250.7858878504673,1455.2508411214953,1482.5830841121497,6605.903271028038,107
48648,5,93.3510,8,354.1751923076923,1707.915,1899.4639423076924,8471.303461538462,104
48649,5,93.3510,9,168.68812499999999,1493.5885416666667,1525.1177083333332,6986.037083333334,48
48670,5,93.3513,5,64.72956521739131,2834.0760869565215,1051.0021739130434,6703.927826086956,23
48672,5,93.3513,8,43.84428571428572,2708.9333333333334,3351.5038095238097,8988.109047619047,21
48679,5,93.3517,0,98.4291304347826,1045.2608695652175,506.37260869565216,2527.1021739130433,23
48682,5,93.3517,3,44.97181818181818,1346.4606060606059,998.2366666666666,3617.3909090909087,33
48683,5,93.3517,4,44.06619718309859,1590.2957746478874,1160.0191549295776,4440.541126760563,71
48684,5,93.3517,5,90.66423645320197,1581.2576354679802,1325.6980295566502,4725.792216748769,203
48685,5,93.3517,6,85.50371951219512,1828.4996951219514,1631.6882926829269,5422.360304878049,164
48686,5,93.3517,8,78.12625429553265,1599.2164948453608,1628.7839518900344,5163.968556701031,291
48687,5,93.3517,9,90.60739795918367,2012.5479591836734,1799.4943877551023,6047.901632653061,196
48716,5,93.3523,4,30.467999999999996,1615.142857142857,596.1237142857142,4836.574571428572,35
48717,5,93.3523,5,33.718227848101264,1535.4075949367088,764.4667088607596,5056.493924050633,79
48718,5,93.3523,6,34.507974683544305,1911.9405063291138,817.4515189873417,5383.112658227848,79
48719,5,93.3523,8,55.94336842105263,1984.0457894736842,854.4866315789474,5381.741578947369,95
48720,5,93.3523,9,54.19614035087719,2312.366666666667,1137.1270175438597,5991.798596491229,57
48737,5,93.3802,4,84.0704347826087,1809.5330434782609,2065.6521739130435,15277.600869565218,23
48738,5,93.3802,5,952.4565517241379,2554.118275862069,2998.0832758620686,16003.58775862069,58
48739,5,93.3802,6,560.2921212121212,3060.7901515151516,3530.7665151515153,19343.649545454544,66
48740,5,93.3802,8,380.5272641509434,3545.3186792452834,3818.777641509434,19468.44349056604,106
48741,5,93.3802,9,767.3984615384616,3630.612692307692,3903.103205128205,20187.047692307693,78
48754,5,93.3900,5,48.902692307692305,1489.073076923077,816.0888461538462,4766.445384615385,26
48756,5,93.3900,8,137.35347826086957,2220.6565217391303,634.0021739130434,4617.820869565217,23
48758,5,93.3900x0,0,84.20771428571429,687.4571428571429,1104.1774285714284,3271.5582857142854,35
48761,5,93.3900x0,4,187.71681818181816,1102.8863636363637,473.9811363636364,3616.9920454545454,44
48762,5,93.3900x0,5,58.52364583333334,1125.0510416666666,503.8515625,3992.911666666667,96
48763,5,93.3900x0,6,78.95586206896552,1258.9120689655172,859.5141379310345,4649.55672413793,58
48764,5,93.3900x0,8,69.7751948051948,1496.96987012987,825.2103896103896,4155.1111688311685,77
48765,5,93.3900x0,9,223.68400000000003,2197.0840000000003,2142.1963333333333,7180.349666666666,30
48774,5,93.3902,2,1838.0376470588235,1353.9117647058824,714.1988235294117,6871.708823529412,34
48775,5,93.3902,3,316.42521739130433,1400.3239130434783,1000.3186956521738,4868.706956521739,46
48776,5,93.3902,4,171.6558064516129,1535.430322580645,894.3705376344087,4952.723655913978,93
48777,5,93.3902,5,230.54520737327186,2140.2694930875573,1425.240276497696,7418.54603686636,217
48778,5,93.3902,6,334.13823529411764,2128.122450980392,1706.8348039215687,6721.301421568627,204
48779,5,93.3902,8,142.7079937304075,2314.941818181818,1717.5270219435736,7118.571943573668,319
48780,5,93.3902,9,288.8825909090909,2606.1883181818184,1921.2511818181817,7787.003727272728,220
48784,5,93.3903,5,0.0,1478.6309523809523,1505.087142857143,6315.179761904762,42
48785,5,93.3903,6,0.0,1417.2125,1840.33275,6361.241,40
48786,5,93.3903,8,0.0,1412.2,1953.9417857142857,6467.923571428572,56
48787,5,93.3903,9,0.0,1739.2055555555553,2236.534814814815,7627.028703703703,54
48794,5,93.3907,4,31.1884375,1538.928125,1063.724375,5869.973125,32
48795,5,93.3907,5,36.49703125,1583.459375,1806.563125,7312.99921875,64
48796,5,93.3907,6,105.78411764705882,1902.675,2122.993823529412,7838.928970588236,68
48797,5,93.3907,8,117.11322580645162,2041.7483870967742,2074.4177419354837,8477.891612903226,62
48798,5,93.3907,9,89.33636363636363,1781.0045454545455,2133.8822727272727,7476.371363636365,22
48803,5,93.3908,4,26.959999999999997,1532.5166666666667,912.6766666666666,5209.121666666667,30
48804,5,93.3908,5,50.004561403508774,1551.4442105263158,1158.2561403508773,5653.5768421052635,57
48805,5,93.3908,6,52.8328,1729.642,1155.8678,5554.435600000001,50
48806,5,93.3908,8,55.6564406779661,1626.3694915254239,1090.7772881355932,5745.990338983051,59
48807,5,93.3908,9,78.7034693877551,2344.330612244898,1449.614081632653,6856.09306122449,49
48815,5,93.3910,0,49.98512359550562,707.7441348314607,450.2298202247191,2502.055752808989,445
48816,5,93.3910,1,65.40478260869565,986.078695652174,625.2054347826087,2875.571739130435,46
48817,5,93.3910,2,100.82416666666667,1321.91875,974.1127083333332,3706.153333333333,48
48818,5,93.3910,3,104.34142857142858,1562.594285714286,799.6717142857142,4222.630999999999,70
48819,5,93.3910,4,121.97317073170733,1347.6786585365853,1039.3525,4113.205548780487,164
48820,5,93.3910,5,69.05064665127021,1381.8728637413394,1049.6592840646651,4057.175958429561,433
48821,5,93.3910,6,98.2333560090703,1482.267142857143,1305.8585260770974,4528.620090702948,441
48822,5,93.3910,8,87.11312676056338,1507.1278169014086,1456.3930422535211,4949.963281690141,710
48823,5,93.3910,9,100.91416267942584,1558.2937799043063,1633.7095454545454,5306.429354066986,418
48836,5,93.4200x0,5,20.462692307692308,1551.0,609.3388461538461,5457.982307692308,26
48861,5,93.4400x0,9,2150.9147619047617,4640.6866666666665,3877.844761904762,16330.268095238096,21
48875,5,93.4406,9,1708.8275,3237.3033333333333,2258.446388888889,12193.003333333334,36
48881,5,93.4407,5,4173.4725,2592.391666666667,2683.0691666666667,15358.637916666667,24
48904,5,93.4600x0,8,624.1429166666667,2536.8091666666664,1522.4258333333335,7070.354583333334,24
48905,5,93.4600x0,9,327.974,2935.000888888889,1430.5322222222221,7175.090666666667,45
48920,5,93.5300x0,1,172.6384,1338.0328,277.5984,2890.038,25
48922,5,93.5300x0,3,1069.0866666666666,1526.2214285714285,1157.7638095238094,5273.3761904761905,21
48923,5,93.5300x0,4,220.44766666666666,2058.846666666667,1198.5363333333332,5247.875333333333,30
48924,5,93.5300x0,5,193.65291666666667,2117.583055555556,1217.645277777778,5219.837916666667,72
48925,5,93.5300x0,6,220.39899999999997,2343.799,1336.25975,5912.904,40
48926,5,93.5300x0,8,174.22366666666667,2219.9096666666665,1172.4543333333334,5143.8696666666665,30
48939,5,93.5400x0,5,142.77484848484846,1523.5,886.440909090909,4347.324242424243,33
48943,5,93.5401,0,161.46083333333334,1040.8208333333334,121.46958333333333,2632.0075,24
48944,5,93.5401,1,175.51720930232557,1437.253488372093,516.8053488372093,3554.086511627907,43
48946,5,93.5401,3,158.22956521739133,1348.4565217391305,1152.2039130434782,4745.664347826087,23
48947,5,93.5401,4,241.17741935483872,1192.4119354838708,1483.7425806451613,4458.365161290323,31
48948,5,93.5401,5,242.3438888888889,1828.1753333333334,1485.2831111111113,6209.844777777778,90
48949,5,93.5401,6,183.10693548387096,1789.9945161290323,1220.895,5446.698870967743,62
48950,5,93.5401,8,225.65490566037738,1931.7943396226417,1208.8562264150944,5415.354528301887,53
48951,5,93.5401,9,172.63481481481483,2353.481111111111,1374.7807407407408,5983.570000000001,27
48952,5,93.5402,0,493.2396875,1108.2221875,122.95281250000001,3040.613125,32
48953,5,93.5402,1,300.8374576271186,1180.2783050847456,262.55203389830507,2826.5772881355933,59
48954,5,93.5402,2,388.3112244897959,1539.3938775510205,693.2187755102041,4025.6424489795922,49
48955,5,93.5402,3,240.22641975308642,1770.995061728395,953.7138271604937,4436.508888888889,81
48956,5,93.5402,4,305.1197478991597,1713.2344537815125,973.1080672268907,4607.384537815126,119
48957,5,93.5402,5,646.6412612612612,1737.004009009009,1299.5995945945945,5710.16463963964,222
48958,5,93.5402,6,206.42875,1832.0289285714284,1135.4016964285715,5225.0100892857145,112
48959,5,93.5402,8,487.3950574712644,2284.2697701149427,1752.3420689655175,6837.935632183909,87
48960,5,93.5402,9,297.4993220338983,2534.9337288135594,1808.359491525424,7809.0711864406785,59
48982,5,93.5405,5,59.615517241379315,1026.7689655172414,768.1744827586207,4702.471724137931,29
48999,5,93.5602,5,524.1004166666667,2285.4500000000003,1284.9325000000001,5713.739583333333,24
49066,5,93.8900,5,103.16454545454546,1953.5480519480518,2033.6364935064933,9397.52961038961,77
49067,5,93.8900,6,89.88733333333334,1802.52,2423.864888888889,9434.15888888889,45
49068,5,93.8900,8,90.6671590909091,1816.1704545454545,2158.525227272727,8505.794204545455,88
49069,5,93.8900,9,120.23219999999999,1786.782,2661.0234,9120.6916,50
49070,5,93.9000,0,269.4272602739726,1863.5254794520547,1186.140410958904,8043.855616438355,73
49075,5,93.9000,5,490.8270512820513,3901.7169230769227,3447.7197435897438,11825.997564102565,78
49076,5,93.9000,6,472.08347305389225,3781.51622754491,3357.42125748503,11472.008383233533,167
49077,5,93.9000,8,577.021891891892,4594.468783783784,3907.6396621621625,13495.168006756756,296
49078,5,93.9000,9,711.7316836734694,4893.561224489796,4277.8694897959185,14777.141530612245,196
49083,5,93.9000x,6,610.1211111111111,4869.733333333333,3335.454074074074,12577.367777777778,27
49084,5,93.9000x,8,526.0936986301369,4500.027397260274,2552.6431506849317,10566.225890410959,73
49085,5,93.9000x,9,688.405076923077,5405.629230769231,3374.7786153846155,13470.182153846154,65
49086,5,93.9000x0,0,337.3830985915493,4429.988169014084,2016.4750704225353,13493.227887323945,71
49090,5,93.9000x0,4,478.75,3818.7326086956523,3684.4047826086958,11922.730869565217,23
49091,5,93.9000x0,5,544.8641630901287,3795.8030042918454,3514.4348927038623,12052.805493562233,233
49092,5,93.9000x0,6,592.2918956521739,3775.6666434782605,3693.8383130434777,12500.147773913042,575
49093,5,93.9000x0,8,592.1745363636363,3881.461890909091,3689.1013272727273,12553.903145454546,1100
49094,5,93.9000x0,9,692.5513173652695,4495.684634730539,5088.274718562874,16337.65753293413,835
49095,5,93.9001,0,383.301320754717,3198.74679245283,2219.3207547169814,11856.29745283019,106
49109,5,93.9401,0,96.72170564746149,754.639480889903,801.3183114660582,2866.3007815173983,3506
49110,5,93.9401,1,64.80896341463415,843.952743902439,958.950243902439,2868.7349390243903,164
49111,5,93.9401,2,47.337391304347825,1189.8226086956522,943.2558695652173,2940.996956521739,46
49112,5,93.9401,3,76.80999999999999,1217.2064285714284,1096.2514285714285,3279.6042857142857,56
49113,5,93.9401,4,96.59672727272726,1404.8918181818183,1202.8067272727271,3667.2896363636364,55
49114,5,93.9401,5,101.76794520547946,1670.8691095890413,1677.9368493150685,4781.805753424657,146
49115,5,93.9401,6,130.20154929577464,1928.3112676056337,2087.071690140845,5883.507136150235,213
49116,5,93.9401,8,154.61241610738256,1991.6902684563756,2397.724731543624,6872.285167785235,298
49117,5,93.9401,9,134.30196721311475,2089.308319672131,2217.458319672131,6775.252868852459,244
49127,5,93.9601,0,129.11251336898397,1382.675668449198,653.6367379679144,5305.099679144385,187
49128,5,93.9601,1,101.92697674418604,1859.0041860465114,969.6941860465116,4152.067674418605,43
49129,5,93.9601,2,232.84691176470588,2175.413676470588,948.9920588235294,4501.78705882353,68
49130,5,93.9601,3,191.12271739130435,1966.8634782608697,1210.5523913043478,4610.788043478261,92
49131,5,93.9601,4,254.36011560693643,2500.647456647399,2476.92,7258.289017341041,173
49132,5,93.9601,5,190.5149913344887,2471.509237435009,2104.944662045061,6608.29322357019,577
49133,5,93.9601,6,198.98663972286374,2524.9300346420323,2244.9902771362586,6819.835404157044,866
49134,5,93.9601,8,186.14280397022333,2570.529509925558,2164.443219602978,6708.368957816377,1612
49135,5,93.9601,9,229.82741140215714,2670.039152542373,2288.957218798151,7225.326733436055,1298
49162,5,94.2702,1,331.2514814814815,2254.2925925925924,1078.5685185185184,10103.194074074074,27
49247,5,96.0400,0,1584.68375,4240.178125,6659.45375,22291.32875,32
49250,5,96.0400,3,2115.509629629629,4092.1611111111115,3294.8033333333333,15143.364814814817,27
49251,5,96.0400,4,1992.0243421052633,5669.754605263158,7481.362236842106,23010.258157894736,76
49252,5,96.0400,5,1798.2260087719299,5147.873245614035,6020.119166666666,19732.277236842107,228
49253,5,96.0400,6,1270.9251351351352,5454.368783783783,5626.144763513514,18998.852195945947,296
49254,5,96.0400,8,1393.884337568058,5684.181343012704,6398.158003629765,20905.41058076225,551
49255,5,96.0400,9,1424.171054945055,6523.11087912088,8118.663252747252,25053.269604395606,455
49263,5,96.0700,0,129.16923076923078,2114.437692307692,515.2319230769231,6068.851153846154,26
49268,5,96.0700,5,286.6565217391304,2592.056956521739,3075.304347826087,8462.72652173913,23
49269,5,96.0700,6,235.72,3124.781818181818,2668.502727272727,8239.286818181818,22
49270,5,96.0700,8,298.1425396825397,3546.938888888889,3797.8957142857143,11715.423174603175,63
49271,5,96.0700,9,289.9436231884058,5053.850724637681,4610.90695652174,15088.263478260871,69
49284,5,96.0700x0,5,274.23477272727274,2815.2204545454547,2911.1036363636363,7817.238181818181,44
49285,5,96.0700x0,6,239.87594594594594,3208.1551351351354,3213.25,8997.47972972973,37
49286,5,96.0700x0,8,159.67551020408163,2841.7532653061226,1812.3653061224488,6790.437959183674,49
49287,5,96.0700x0,9,213.62214285714285,4002.992142857143,3354.1035714285713,10448.426071428572,28
49313,5,96.3300,0,43.70967741935484,1010.9406451612905,150.75503225806452,3445.456774193549,155
49359,5,96.3701,5,58.29260869565218,1958.0304347826086,1809.128695652174,5430.528695652174,23
49373,5,96.3900,8,160.49099999999999,2212.3486666666668,1557.7946666666664,5279.703333333334,30
49374,5,96.3900,9,130.65541666666667,2211.4395833333333,1423.4620833333336,6047.597916666667,24
49391,5,96.3904,5,267.3135483870968,3649.195806451613,3691.401935483871,10183.645161290322,31
49393,5,96.3904,8,238.01428571428573,3531.0790476190477,4230.935238095238,10711.100476190475,21
49429,5,96.5100,6,46.667,1341.1366666666665,453.61966666666666,2660.1856666666667,30
49430,5,96.5100,8,23.135833333333334,1213.5874999999999,403.16125000000005,2621.2920833333333,24
49451,5,96.5601,5,570.9583870967741,2923.174193548387,2510.947741935484,8265.828387096773,31
49452,5,96.5601,6,510.0390476190476,3758.6728571428575,2727.377619047619,9900.675714285715,21
49453,5,96.5601,8,784.86,4553.671666666666,4338.4454166666665,13960.018750000001,24
49486,5,96.7100,5,1312.6258333333333,4162.183333333333,3652.31125,12486.7425,24
49487,5,96.7100,6,780.6096875000001,4597.5184375,3184.9900000000002,11616.0165625,32
49488,5,96.7100,8,867.3766666666668,4449.348148148148,4885.917962962963,14485.364629629628,54
49489,5,96.7100,9,1013.8047826086956,4699.278260869565,5472.470217391304,15331.764130434784,46
49490,5,96.7101,0,313.5724074074074,2812.6953703703703,3997.1329629629627,12984.331296296297,54
49493,5,96.7101,3,1106.610909090909,3515.384545454546,2755.3545454545456,10553.747727272728,22
49494,5,96.7101,4,1700.587,3624.7956666666664,3539.9268333333334,14447.924166666666,60
49495,5,96.7101,5,1365.3386134453783,4179.912773109244,3929.884117647059,13947.13130252101,238
49496,5,96.7101,6,1359.4957947019866,4771.598741721855,4275.600264900662,15265.46251655629,302
49497,5,96.7101,8,1376.9953203883495,4551.323747572816,3801.6993009708735,13938.159708737863,515
49498,5,96.7101,9,1401.3703023255814,4900.2205116279065,4289.174534883721,15645.045604651164,430
49503,5,96.7200,8,6431.005454545454,14823.704545454546,23205.528181818183,72569.92272727273,22
49504,5,96.7200,9,4019.6115789473683,15576.113157894739,28098.115526315785,82274.8947368421,38
49509,5,96.7201,4,9309.5835,15204.0965,21147.592,75188.451,40
49510,5,96.7201,5,3918.743228346457,11843.725511811022,14544.64779527559,48860.40086614173,127
49511,5,96.7201,6,3484.617736625514,11112.341028806584,11527.856502057613,41682.169835390945,243
49512,5,96.7201,8,2362.811536697248,10592.690733944955,11705.798967889907,40235.1696559633,436
49513,5,96.7201,9,3068.5459668508283,12330.514254143647,14307.437900552488,47690.95102209945,362
49584,5,97.6203,3,145.9090322580645,889.5612903225806,323.0725806451613,2246.721935483871,31
49585,5,97.6203,4,249.58382352941177,858.5617647058823,545.9073529411764,2745.9411764705883,34
49586,5,97.6203,5,118.57160493827159,910.2037037037037,429.0132098765432,2431.7993827160494,81
49587,5,97.6203,6,78.18185185185185,848.8777777777779,433.147037037037,2320.1574074074074,27
49588,5,97.6203,8,83.41799999999999,824.516,435.0184,2366.9712,25
49592,5,97.6204,2,73.62753846153846,779.3861538461538,330.8686153846154,2114.1658461538464,65
49593,5,97.6204,3,81.84816666666667,755.8155555555555,291.4875,2068.5452222222225,180
49594,5,97.6204,4,66.57361788617887,674.8605691056911,257.93971544715447,1873.898861788618,246
49595,5,97.6204,5,93.43507760532151,659.4837915742794,255.2209090909091,1883.9426164079823,451
49596,5,97.6204,6,51.64058295964126,756.0217488789237,354.8434529147982,2034.6578475336323,223
49597,5,97.6204,8,90.02582191780822,762.7037671232877,416.5512328767123,2217.2634246575344,146
49598,5,97.6204,9,171.615641025641,669.7179487179487,301.5474358974359,1958.3433333333332,39
49601,5,97.6205,3,63.2,690.178125,251.7459375,1642.6834375,64
49602,5,97.6205,4,51.011587301587305,764.5107142857144,382.4845238095238,1913.9963492063494,126
49603,5,97.6205,5,70.29609561752989,853.9185258964143,432.30964143426297,2156.8921513944224,251
49604,5,97.6205,6,99.85943262411348,817.0414893617021,359.0545390070922,2010.394680851064,141
49605,5,97.6205,8,68.88740384615384,884.689423076923,366.5835576923077,2140.879326923077,104
49619,5,97.7100,4,218.2490625,1425.8659375,690.916875,3958.77125,32
49620,5,97.7100,5,136.2285,1335.98,559.42025,3173.80675,40
49627,5,97.7101,4,111.7968888888889,1196.2151111111111,315.6791111111111,2574.5262222222223,45
49628,5,97.7101,5,111.97142857142858,1286.517857142857,1005.8166666666666,4173.382857142857,42
49632,5,97.7102,3,292.0815476190476,1168.3440476190476,425.8936904761905,3677.682380952381,84
49633,5,97.7102,4,268.2409219858156,1213.6329787234042,436.7999290780142,3712.8693617021277,141
49634,5,97.7102,5,229.10142857142856,1155.7628571428572,388.4065384615385,3539.338021978022,182
49635,5,97.7102,6,179.39,1223.349375,415.35875,3558.350625,32
49692,5,98.0201,5,266.4194444444445,1146.8033333333333,603.8080555555556,3554.085833333333,36
49693,5,98.0201,6,365.18523809523805,2265.3533333333335,1138.9314285714286,5657.615714285715,21
49694,5,98.0201,8,328.6831818181818,1524.9340909090906,784.0468181818181,4130.784090909091,22
49720,5,98.1100x0,0,179.8904,715.5748,254.578,1998.6776,25
49749,5,98.1501,8,274.4365384615385,3559.726923076923,2418.5311538461538,8800.323846153846,26
49838,5,98.5103,1,27.56037037037037,1165.662962962963,603.3048148148148,3221.742962962963,27
49839,5,98.5103,2,35.996641509433964,1193.5158113207547,541.9393207547171,3086.3130188679243,265
49840,5,98.5103,3,32.81875,1176.4627573529413,538.5656985294117,3136.7201102941176,544
49841,5,98.5103,4,33.424061068702294,1275.7525190839694,587.5178473282443,3301.8942748091604,655
49842,5,98.5103,5,38.48099163679809,1305.6060692951016,595.4600238948626,3397.5557825567503,837
49843,5,98.5103,6,35.210404984423676,1459.8507476635514,679.0620249221184,3662.817601246106,321
49844,5,98.5103,8,36.672987012987015,1498.9564935064934,691.5917532467532,3734.1477272727275,154
49845,5,98.5103,9,54.25615384615384,1755.148717948718,650.9512820512821,4109.838205128205,39
49857,5,99.0301,0,67.38409090909092,1116.4454545454546,579.7563636363636,3299.1440909090907,22
49861,5,99.0301,4,246.3406060606061,2320.7351515151513,2380.8430303030304,8273.419090909092,33
49862,5,99.0301,5,140.91282608695653,2457.2939130434784,2444.149130434783,9185.222282608695,92
49863,5,99.0301,6,135.7669298245614,2652.741842105263,2088.9451754385964,8823.626491228071,114
49864,5,99.0301,8,200.62252747252748,2706.3324175824177,1904.8207692307692,9079.007032967033,182
49865,5,99.0301,9,174.185390625,2782.792578125,1791.011015625,8696.89265625,128
49872,5,99.0400x0,6,102.98892857142857,3203.621428571428,2545.904642857143,11972.7325,28
49873,5,99.0400x0,8,130.5624242424242,3446.5939393939398,2514.571515151515,10299.501212121211,33
49875,5,99.0401,0,45.39,823.647619047619,163.95761904761903,2870.8619047619045,21
49876,5,99.0401,1,48.665853658536584,1041.0243902439024,450.4787804878049,3756.240243902439,41
49878,5,99.0401,3,108.12192307692308,2632.4961538461534,1143.0957692307693,7872.871153846154,26
49879,5,99.0401,4,118.22627450980391,2523.728431372549,1598.8850980392156,7872.634509803921,51
49880,5,99.0401,5,178.81175324675323,2623.652922077922,1730.5028571428572,8908.854610389611,154
49881,5,99.0401,6,254.48021978021978,2764.1146153846153,1987.7026373626375,9410.53054945055,182
49882,5,99.0401,8,214.82685358255452,2665.747258566978,1638.520124610592,8581.152242990654,321
49883,5,99.0401,9,199.94535353535355,2916.66994949495,1627.9463131313132,8941.913535353537,198
49898,5,99.0701,5,140.07551724137932,2964.9944827586205,2458.7131034482763,10177.02724137931,29
49900,5,99.0701,8,225.27222222222224,3938.431481481481,2466.358888888889,11436.832962962962,27
49906,5,99.1000,5,265.44588235294117,3586.6954117647056,6943.806823529411,14199.753647058824,85
49907,5,99.1000,6,322.31023622047246,4157.063543307087,6568.779212598425,14704.772677165356,127
49908,5,99.1000,8,338.5911445783132,4240.170602409638,7231.361626506025,16130.857168674698,166
49909,5,99.1000,9,560.8851408450704,4749.715985915494,7460.73528169014,17553.960633802817,142
49926,5,99.1005,6,2717.498,4576.5015,6623.79125,17071.45175,40
49927,5,99.1005,8,3423.3254761904764,4853.007857142857,6662.9504761904755,19071.186190476194,42
49928,5,99.1005,9,2178.5597959183674,4063.582857142857,6310.159795918367,16522.621836734692,49
49933,5,99.1008,5,994.8048484848484,4931.107878787879,6829.520606060606,16403.216666666667,33
49934,5,99.1008,6,2077.3304444444443,4442.404444444444,7504.847111111111,18555.474666666665,45
49935,5,99.1008,8,1674.988205128205,5303.6064102564105,6970.537435897437,18117.200512820513,78
49936,5,99.1008,9,530.8588679245283,4818.269811320755,6706.175660377358,15198.773773584906,53
49976,5,99.1700,3,151.91782608695652,2088.5291304347825,921.5734782608695,4208.316086956522,23
49977,5,99.1700,4,159.26712328767124,2278.210273972603,1271.811095890411,5139.719178082192,73
49978,5,99.1700,5,146.6666847826087,2474.184402173913,1262.7566304347827,5454.623423913044,184
49979,5,99.1700,6,126.80395973154363,2505.0121476510067,1549.49,5784.907785234899,149
49980,5,99.1700,8,138.09403726708075,2646.150745341615,1523.9508695652173,6060.271428571428,161
49981,5,99.1700,9,150.26910714285714,2691.1037499999998,1571.6523214285714,6131.701071428572,56
49983,5,99.1800x0,0,13.66111111111111,473.22222222222223,484.63074074074075,1476.391851851852,27
49987,5,99.2100,0,229.5208923076923,1006.4964615384615,754.6661384615385,3517.3653384615386,650
49988,5,99.2100,1,73.8078125,890.134375,809.3621875,2597.8112499999997,32
49991,5,99.2100,4,82.18961538461538,1312.930769230769,1281.3084615384616,3600.9096153846153,26
49992,5,99.2100,5,79.74622641509434,1491.3943396226414,1307.8666037735848,3924.701509433962,53
49993,5,99.2100,6,80.53714285714285,1979.142857142857,1735.705396825397,5051.674285714285,63
49994,5,99.2100,8,118.87752066115702,1960.4677685950414,1792.9721487603306,5497.113305785124,121
49995,5,99.2100,9,114.53603174603175,2212.4142857142856,1738.8246031746032,5567.9050793650795,63
49997,5,99.2300,0,108.07975609756099,822.7136585365854,771.6553658536585,2271.448780487805,41
50008,5,99.2500,4,494.649512195122,1801.726951219512,3592.1848780487803,7428.18243902439,82
50009,5,99.2500,5,370.41088235294114,1704.0570168067227,3386.543235294118,6978.78718487395,238
50010,5,99.2500,6,310.9497701149425,1757.4378544061303,3065.77,6950.366015325671,261
50011,5,99.2500,8,240.51382352941175,1929.6664705882354,3007.05362745098,7192.202352941176,204
50012,5,99.2500,9,134.96333333333334,1864.0407407407406,2525.0448148148153,5771.121481481481,27
50016,5,99.2500x0,5,58.57,936.8181818181819,1143.1063636363635,3393.2218181818184,22
50017,5,99.2500x0,6,62.94753246753247,1541.453896103896,1292.2122077922077,4321.346883116883,77
50018,5,99.2500x0,8,96.04791666666667,1713.7437499999999,2246.856875,6105.717291666667,48
50030,5,99.2503,2,316.19950000000006,1702.8632499999999,2810.15375,6494.3282500000005,40
50031,5,99.2503,3,340.94660377358497,1751.7524528301888,2663.9719339622643,6273.9716509433965,212
50032,5,99.2503,4,222.2736723768737,1795.9351498929336,2296.1998501070666,5472.952376873661,934
50033,5,99.2503,5,248.53580022075056,1871.7738520971304,2660.7339293598234,6050.805802980132,3624
50034,5,99.2503,6,242.0422178754138,1955.5440264820945,2631.045660547698,6182.701549804394,3323
50035,5,99.2503,8,225.41146235711471,1896.9625463145449,2724.111517540402,6198.31947575877,2537
50036,5,99.2503,9,261.25420792079206,1963.9194554455444,2160.569801980198,5730.2611386138615,202
50047,5,99.2505,5,704.8869696969697,3082.4554545454544,5067.891212121212,12930.354242424242,33
50048,5,99.2505,6,656.6804,3331.7184,3568.6620000000003,11594.353200000001,25
50049,5,99.2505,8,1094.5865217391304,2416.944347826087,4077.703913043478,12380.683043478262,23
50069,5,99.2800,5,217.6020930232558,2146.6069767441863,1891.5748837209303,5575.363023255814,43
50070,5,99.2800,6,77.55358490566039,1535.3103773584905,1169.3345283018866,3573.744150943396,53
50071,5,99.2800,8,132.49463414634147,1713.5439024390244,2037.4321951219513,4942.709268292682,41
50078,5,99.2800x0,3,75.012,2073.6457142857143,1901.500857142857,4643.774285714286,35
50079,5,99.2800x0,4,88.97,1422.730625,1273.0278977272728,3497.2340340909086,176
50080,5,99.2800x0,5,117.26557777777778,1643.903377777778,1433.6019111111111,4004.6737555555555,450
50081,5,99.2800x0,6,152.95180327868854,1719.4780655737707,1723.3243278688526,4634.340655737705,305
50082,5,99.2800x0,8,125.17531746031746,1735.276150793651,2077.2521428571426,5225.092301587301,252
50083,5,99.2800x0,9,125.93111111111111,2176.213492063492,1843.5746031746032,5674.420476190476,63
50087,5,99.2801,4,70.47548387096774,1620.7032258064517,1366.9595161290324,4120.535161290322,62
50088,5,99.2801,5,97.74362500000001,1748.3142083333332,1738.2236249999999,4518.29625,240
50089,5,99.2801,6,137.2088043478261,1560.7357971014494,1695.510688405797,4538.5151811594205,276
50090,5,99.2801,8,130.1297894736842,1614.7350526315788,1516.1370175438597,4360.154280701754,285
50091,5,99.2801,9,113.07190476190475,1632.5654761904761,1234.737380952381,4352.314523809524,42
50113,5,99.2902,4,32.133809523809525,2650.5738095238094,930.9233333333333,6095.440952380952,21
50114,5,99.2902,5,78.50731707317074,2900.0878048780487,1272.5685365853658,6493.966097560975,41
50115,5,99.2902,6,82.35063829787234,3078.036170212766,1787.0255319148935,7095.167234042553,47
50116,5,99.2902,8,78.5139705882353,2964.320588235294,1944.698382352941,7163.226470588235,68
50117,5,99.2902,9,72.16888888888889,3228.563888888889,1612.01,7313.049444444445,36
50135,5,99.6000,5,425.4378787878788,3428.3799999999997,2514.6800000000003,10596.105454545454,33
50136,5,99.6000,6,314.03803278688525,2967.397868852459,1950.1860655737705,7488.10393442623,61
50137,5,99.6000,8,398.5466666666667,3314.91525,2569.4188333333336,9512.88375,120
50138,5,99.6000,9,254.75824,3335.2147200000004,2547.66792,9160.47704,125
50174,5,99.8200x0,0,1.3928571428571428,788.6769047619048,915.0095238095239,3491.2908333333335,84
50177,5,99.8200x0,3,819.4912499999999,1576.378125,2501.1271875,6209.5859375,32
50178,5,99.8200x0,4,578.3481132075472,1284.6622641509434,2647.1798113207547,6729.188301886792,53
50179,5,99.8200x0,5,433.44319148936177,1635.9074468085105,1647.7389361702126,6561.822234042554,94
50180,5,99.8200x0,6,192.70566666666667,1460.945,1358.522,5501.526,60
50181,5,99.8200x0,8,194.23328767123286,1816.9160273972602,1316.4798630136986,5492.495205479452,73
50182,5,99.8200x0,9,2048.622162162162,2427.012162162162,2029.445945945946,9609.484054054054,37
50191,5,99.8300x0,0,85.31555,1045.05695,255.39995,3856.0522499999997,200
50193,5,99.8300x0,2,18.054545454545455,1074.2818181818182,488.75227272727267,2838.784090909091,22
50194,5,99.8300x0,3,39.88463414634146,1566.0475609756097,595.4931707317073,3820.9692682926825,41
50195,5,99.8300x0,4,31.85477272727273,1375.8090909090909,677.0386363636363,3721.579090909091,44
50196,5,99.8300x0,5,30.98,1279.5719512195121,752.005243902439,3771.1028048780486,82
50197,5,99.8300x0,6,42.566338028169014,1902.7408450704227,688.3615492957746,4533.837042253521,71
50198,5,99.8300x0,8,62.80059701492538,1759.393880597015,880.3425373134328,4551.955223880597,67
50199,5,99.8300x0,9,67.53945945945947,1934.6432432432434,953.1545945945946,5117.687297297297,37
50200,5,99.8301,0,107.04396907216496,1679.5024702616972,283.55918715305313,4794.345681998414,2522
50206,5,99.8500x0,0,5.311409395973154,789.3697986577181,807.2207046979865,3383.9556711409396,298
50210,5,99.8500x0,4,281.9314754098361,2499.774754098361,1513.9426229508197,10194.64131147541,61
50211,5,99.8500x0,5,220.11150943396225,2172.9717924528304,2075.5009433962264,9733.279716981133,106
50212,5,99.8500x0,6,216.40149425287356,1952.181724137931,2192.4737931034483,8459.726091954024,87
50213,5,99.8500x0,8,126.15912698412698,2057.409285714286,2147.4611904761905,8376.680873015874,126
50214,5,99.8500x0,9,76.28493150684932,1780.2841095890412,1813.7371232876712,6406.157397260274,73
50220,5,99.9200,2,22.72866666666667,1123.3422222222223,355.0537777777778,4569.014888888889,45
50221,5,99.9200,3,32.07911764705882,1471.4617647058822,461.43610294117644,5099.669852941176,136
50222,5,99.9200,4,43.11214084507042,1515.2909859154931,715.5695774647887,6240.693042253521,355
50223,5,99.9200,5,43.06979617834395,1723.2440127388536,980.9992356687899,7349.513477707006,785
50224,5,99.9200,6,91.82247113163972,1924.9008775981524,1289.079584295612,8011.682401847575,433
50225,5,99.9200,8,104.47540952380952,1937.8291047619048,1477.7488380952382,8221.895085714286,525
50226,5,99.9200,9,133.52326829268293,2383.50956097561,1991.3079024390245,10301.33663414634,205
50233,5,99.9200x0,0,28.976190476190474,772.1666666666666,382.9642857142857,6001.777142857143,21
50234,5,99.9200x0,1,18.159480519480518,856.1158441558441,510.6566233766234,7935.628571428571,77
50235,5,99.9200x0,2,85.93095238095238,958.5896103896105,519.4062770562771,4824.17277056277,231
50236,5,99.9200x0,3,56.276923076923076,1154.0708624708625,715.8950116550117,5448.9509790209795,858
50237,5,99.9200x0,4,107.75232161323683,1322.0910599793174,948.331613236815,6030.840165460187,1934
50238,5,99.9200x0,5,70.39505323099777,1402.1089130973014,1096.116479326566,6386.373310225304,4039
50239,5,99.9200x0,6,96.47035074899524,1600.3511910851296,1485.1805626598466,7353.478710266715,2737
50240,5,99.9200x0,8,78.44416972936853,1793.240410958904,1784.866622118276,8079.567574340127,2993
50241,5,99.9200x0,9,142.79965055762082,2076.876074349442,2200.719657992565,9414.560765799257,1345
50245,5,99.9201,3,69.15464285714286,1014.4821428571429,509.6917857142857,5555.616071428572,28
50246,5,99.9201,4,76.19432835820895,1110.6716417910447,764.0820895522388,6603.193731343284,67
50247,5,99.9201,5,64.57375886524822,1616.3341843971632,922.1281560283688,7122.454609929078,141
50248,5,99.9201,6,65.344,1390.0664705882352,1200.676705882353,6216.762235294118,85
50249,5,99.9201,8,79.9076,1960.2076000000002,1592.40856,9122.3112,125
50250,5,99.9201,9,89.091875,1908.7546875,1836.7957812500001,7749.085,64
50259,5,99.9204,3,610.7772368421053,885.3684210526316,510.8693421052632,4924.7665789473685,76
50260,5,99.9204,4,457.43464705882354,916.1435294117647,717.7901176470589,6231.498058823529,170
50261,5,99.9204,5,369.28980169971675,1099.125495750708,959.0538526912181,6236.6123229461755,353
50262,5,99.9204,6,535.3017682926829,1204.5780487804877,928.2636585365854,6868.650609756097,164
50263,5,99.9204,8,402.3175977653632,1473.613966480447,1411.344748603352,7626.7953072625705,179
50264,5,99.9204,9,1267.0701587301587,1801.863492063492,1674.1377777777777,8656.382857142857,63
50265,5,99.9205,0,42.19762295081967,375.3126092896175,370.54747267759564,1524.6714344262296,732
50266,5,99.9205,1,43.26383966244726,907.7223628691984,575.6662447257384,2375.989113924051,237
50267,5,99.9205,2,34.46487288135593,1065.9622881355933,701.5301694915254,2656.1498305084747,236
50268,5,99.9205,3,38.832506738544474,1232.3447978436657,917.0844474393532,3343.2550673854444,371
50269,5,99.9205,4,52.22251184834123,1518.609952606635,1232.1226224328593,4214.654218009478,633
50270,5,99.9205,5,55.88203329369798,1615.1445422116528,1342.5219797859693,4564.350368608799,1682
50271,5,99.9205,6,72.32009237875289,1747.4549191685912,1705.3621247113165,5288.690739030023,1732
50272,5,99.9205,8,82.19503852080123,1857.9942796610171,1858.8092719568567,5751.36530816641,2596
50273,5,99.9205,9,90.57904100529102,2063.4242526455027,1982.5374140211638,6284.982506613757,1512
50294,6,,0,126.79654809421466,1135.825995145986,718.5468991330029,3325.4338684445224,68397
50295,6,,1,106.87793063106461,2055.339901589705,798.0458199710963,5071.99628862432,14531
50296,6,,2,122.31672800039046,2116.390332373469,1022.5662989897017,5094.502198740787,20489
50297,6,,3,134.22398050080662,2302.1188163709057,1357.6408697481938,5838.669045030511,28514
50298,6,,4,149.49709154280447,2729.403291277797,1657.4007777393708,6918.1948968775205,34716
50299,6,,5,159.97968679695336,2954.527609844686,1829.6528514894426,7369.17076233974,73786
50300,6,,6,172.58418093843508,3202.3279004583947,2064.7650222830584,7836.670760488954,62828
50301,6,,8,185.11009695051072,3362.561614275468,2273.8292538273195,8292.016813617589,80866
50302,6,,9,220.0797039059219,3708.49179651407,2629.3463556978863,9755.83214055719,57144
50326,6,00.0900x0,5,25.496666666666666,1249.5481481481484,1225.9462962962964,7005.902222222222,27
50330,6,00.0901,2,144.52763157894736,2085.863157894737,730.6428947368421,9079.033421052633,38
50331,6,00.0901,3,256.86945945945945,2350.314256756757,887.3772972972972,11195.459189189189,148
50332,6,00.0901,4,255.29091836734693,2770.404591836735,1085.2888265306121,13327.41413265306,196
50333,6,00.0901,5,150.11347368421053,2080.5694736842106,794.9252631578946,9038.633473684211,95
50350,6,00.1301,8,179.63173913043477,4454.373043478261,4158.760434782609,11361.129130434781,23
50351,6,00.1301,9,257.70411764705887,5038.972941176471,5165.578823529411,14406.189117647058,34
50358,6,00.1800,0,119.67521739130436,1320.6743478260871,1923.0808695652174,3861.0652173913045,23
50359,6,00.1800,1,140.69464285714287,1277.4928571428572,3600.5780357142858,5579.442321428572,56
50363,6,00.1800,5,50.486666666666665,1899.204761904762,966.9590476190476,4105.382857142858,21
50368,6,00.1801,1,122.28608695652174,1137.695652173913,2601.175217391304,4298.5091304347825,23
50372,6,00.1801,5,248.32297872340425,2715.851063829787,3546.279361702128,7914.272127659574,47
50373,6,00.1801,6,81.49777777777778,1634.2555555555555,1252.5188888888888,3769.8419444444444,36
50374,6,00.1801,8,266.0184,3013.8759999999997,1079.5783999999999,5528.6536,25
50451,6,00.5902,5,11446.185,2428.03125,1075.7483333333332,23902.685416666664,24
50452,6,00.5902,6,10799.409428571429,2886.462285714286,1380.808857142857,25382.83257142857,35
50453,6,00.5902,8,12270.0475,3303.8145833333333,2132.0960416666667,26786.31979166667,48
50454,6,00.5902,9,14214.147916666667,2969.8916666666664,2393.9516666666664,27887.109583333335,24
50462,6,00.6101,5,33076.83966666667,5650.855666666666,5801.254,85263.45666666668,30
50463,6,00.6101,6,32039.97,6782.799999999999,6894.9690322580645,85457.69096774193,31
50464,6,00.6101,8,37004.934482758625,7153.831724137931,6053.64172413793,84994.59137931034,29
50468,6,00.6102,6,24894.27,5571.270799999999,3833.268,61603.0336,25
50477,6,00.6200x0,5,37871.284583333334,10297.39,10240.192083333333,92129.64375,24
50478,6,00.6200x0,6,45691.475,9053.793749999999,9546.39625,87341.77583333333,24
50479,6,00.6200x0,8,54453.57071428571,8979.602857142858,11654.658571428572,107347.7375,28
50489,6,00.6300,5,52035.04878787878,7410.278484848485,6005.9269696969695,79059.4109090909,33
50490,6,00.6300,6,53650.77,7153.630540540541,5846.117027027027,81326.50486486487,37
50491,6,00.6300,8,47936.468,6758.660666666667,5255.573555555556,73197.59333333334,45
50500,6,00.6301,6,50186.946923076925,7780.973461538461,5560.135192307693,77964.6775,52
50501,6,00.6301,8,51025.391830985915,7209.2249295774645,5438.38647887324,76507.44633802818,71
50502,6,00.6301,9,47674.90970588235,7957.5,6519.455588235294,76134.48764705882,34
50508,6,00.6400x0,5,40635.67934782609,7091.578043478262,6006.606304347826,71161.51652173912,46
50509,6,00.6400x0,6,39639.318656716416,6074.524029850746,5360.71,63806.0571641791,67
50510,6,00.6400x0,8,36548.316385542166,6821.991566265061,5085.272891566266,61997.57915662651,83
50511,6,00.6400x0,9,42861.145,7170.761666666666,6195.830416666667,67800.19916666667,24
50518,6,00.6500x0,5,66120.98225806451,6886.2738709677415,6738.118709677419,105870.22935483871,31
50519,6,00.6500x0,6,67022.6896,10141.0384,9208.2776,104081.04560000001,25
50527,6,00.6600,4,13759.294333333333,4426.351333333334,3655.0716666666663,31362.38566666667,30
50528,6,00.6600,5,16205.457802197801,4322.262197802198,3410.2014285714286,33052.94043956044,91
50529,6,00.6600,6,16351.927636363636,4616.982727272727,3366.9590909090907,34802.16463636363,110
50530,6,00.6600,8,14096.879096774195,4529.727548387097,3690.004516129032,32094.185290322577,155
50531,6,00.6600,9,14969.367530864198,6009.192345679013,4510.325802469136,36587.1275308642,81
50534,6,00.6600x0,4,12847.574133333334,4448.551733333334,2838.0938666666666,31410.0864,75
50535,6,00.6600x0,5,16538.350477941178,4461.159558823529,2501.138088235294,33778.78904411764,272
50536,6,00.6600x0,6,15072.56726541555,4695.708498659517,2823.5493565683646,32902.61949061662,373
50537,6,00.6600x0,8,15793.714864300626,5371.875824634655,3496.5968893528184,35240.385490605426,479
50538,6,00.6600x0,9,16585.503574660634,5635.987601809955,4199.341040723982,37275.42787330317,221
50540,6,00.6601,5,15139.02761904762,4815.252380952381,3409.191904761905,32151.530952380952,21
50541,6,00.6601,6,15732.040689655172,5235.451724137931,2830.247931034483,34321.87413793103,29
50542,6,00.6601,8,17765.20142857143,5158.202857142857,2971.7485714285713,36337.78828571429,35
50563,6,00.7000x0,5,53866.46095238095,6838.310476190476,5892.01380952381,95520.48428571428,21
50565,6,00.7000x0,8,34661.65888888889,6734.940555555556,5280.656111111111,70715.52416666667,36
50617,6,00.8500x0,5,18071.91181818182,4715.986363636363,2286.8231818181816,37872.57272727272,22
50632,6,01.0900x0,6,11912.831428571428,21264.11761904762,28302.203333333335,89614.56761904762,21
50633,6,01.0900x0,8,7060.735416666666,13322.680833333332,18195.865416666667,55299.67458333333,24
50644,6,01.1000,5,778.3345833333333,5752.432916666666,8790.1925,22977.002500000002,24
50671,6,01.2400x0,0,12570.4724,3907.8027999999995,2856.0492,32750.868,25
50675,6,01.2400x0,4,16526.423333333332,11506.356296296297,16580.850370370372,71333.22185185185,27
50676,6,01.2400x0,5,15024.917441860463,10120.266279069767,14863.052093023256,62471.489069767435,43
50677,6,01.2400x0,6,16468.731666666667,10110.9025,13736.71625,64706.14875,24
50695,6,01.2408,3,21160.310400000002,14989.189199999999,17967.4316,83703.3912,25
50696,6,01.2408,4,21154.25063829787,16283.962127659574,22183.406382978723,88879.54765957447,47
50697,6,01.2408,5,20650.01155737705,14438.02868852459,22341.21549180328,90225.35975409836,122
50698,6,01.2408,6,19740.736138613862,17140.35376237624,20155.05900990099,87145.94029702971,101
50699,6,01.2408,8,18011.341,15423.946181818183,19018.929727272727,81233.39709090909,110
50700,6,01.2408,9,13370.896857142858,20568.721142857143,16344.976,80765.4097142857,35
50707,6,01.2409,8,3652.916923076923,6918.972692307692,7907.798461538462,30273.020384615385,26
50718,6,01.2413,8,25551.384642857145,17058.039642857144,23686.822142857145,97545.22107142858,28
50760,6,01.3104,3,16396.767727272727,12182.619090909091,17623.07590909091,73241.51727272727,22
50761,6,01.3104,4,18211.692162162162,21399.766216216216,30664.870540540538,114897.92054054052,37
50762,6,01.3104,5,21221.945054945056,15925.256483516485,19102.11021978022,86148.40912087912,91
50763,6,01.3104,6,18191.424311926607,11652.280366972478,16348.755412844037,74629.89871559633,109
50764,6,01.3104,8,16960.54843137255,11109.942450980394,12630.816274509803,64771.651764705886,102
50765,6,01.3104,9,12830.235416666668,11499.360625000001,10609.4425,54220.505208333336,48
50769,6,01.3105,8,6714.127931034483,6699.016896551724,9444.592068965516,36853.8275862069,29
50782,6,01.3108,5,4133.4209210526315,4419.341842105263,6217.486447368421,24938.461842105266,76
50783,6,01.3108,6,3870.8509999999997,4387.2413636363635,4746.860818181818,20534.594363636363,110
50784,6,01.3108,8,4646.321096491228,5208.819210526316,6715.499210526316,26839.498333333333,228
50785,6,01.3108,9,4260.11711409396,6014.820738255034,6749.057919463087,27057.736644295303,149
50790,6,01.3900,8,26050.874615384615,7872.260384615384,16884.30692307692,86473.60153846155,26
50795,6,01.3900x0,3,23605.783725490197,18071.191176470587,24482.343529411766,102104.65803921569,51
50796,6,01.3900x0,4,20607.723050847457,16761.515423728815,25073.41279661017,101016.225,118
50797,6,01.3900x0,5,18938.275081433225,17093.168241042345,24956.70081433225,98431.655504886,307
50798,6,01.3900x0,6,19858.55502145923,16994.405708154507,25091.097682403433,98047.92502145923,233
50799,6,01.3900x0,8,18127.592882882884,15921.256531531533,19869.713018018017,86231.90207207207,222
50800,6,01.3900x0,9,19295.09125,16616.90765625,16651.12375,80098.59203125,64
50805,6,01.3901,4,9813.859565217392,13290.845652173914,26530.77695652174,70134.78217391304,23
50806,6,01.3901,5,8864.82296875,13538.190625,24285.826406250002,74213.6659375,64
50807,6,01.3901,6,8993.228947368421,14603.171403508772,18447.36105263158,65856.1996491228,57
50808,6,01.3901,8,9828.972711864408,14752.41152542373,19908.97847457627,71258.04830508474,59
50847,6,01.5100x0,5,26361.67551724138,12267.451379310345,14955.979310344828,76938.5475862069,29
50848,6,01.5100x0,6,24231.356296296297,11299.984444444444,12454.001111111113,71322.76296296297,27
50871,6,01.5106,5,18578.937307692308,10152.986153846154,9297.958846153846,63125.94192307692,26
50872,6,01.5106,6,20473.15625,11162.433125,9358.554375,67130.3190625,32
50890,6,01.5900x0,3,14475.26894736842,10666.75052631579,10189.439473684211,69694.23710526315,38
50891,6,01.5900x0,4,15299.10903846154,11610.2225,11032.113653846154,69772.82076923078,52
50892,6,01.5900x0,5,18581.15951219512,12395.344146341464,11951.930975609755,75341.50463414635,123
50893,6,01.5900x0,6,20265.15484375,16324.95546875,20877.70984375,91745.97921875,64
50894,6,01.5900x0,8,19870.036296296297,17037.985555555555,17134.999259259257,87204.93962962963,27
50908,6,01.5902,5,14223.533793103448,12535.89724137931,11539.66724137931,63111.86034482758,29
50945,6,01.5908,5,14721.359166666665,10126.75611111111,11735.74,64185.73583333334,36
50946,6,01.5908,6,16493.05392857143,11987.554285714286,11170.068928571429,64950.48714285714,28
50952,6,01.5909,3,14944.532244897959,12037.150612244897,13260.41142857143,74263.9212244898,49
50953,6,01.5909,4,14023.486271186439,10881.715762711865,10809.341016949153,68919.74288135594,59
50954,6,01.5909,5,14215.44620967742,11908.792258064515,12771.226370967743,75303.15322580645,124
50955,6,01.5909,6,14023.535471698113,11782.378679245283,12314.775283018867,73696.0316981132,53
50956,6,01.5909,8,14486.753928571428,11726.921071428571,14721.945357142858,74063.52178571429,28
50968,6,01.5913,2,15568.126296296297,7177.718518518518,11565.032962962963,69018.97444444445,27
50970,6,01.5913,4,15076.495384615384,11863.22153846154,12890.56,68349.99615384615,26
50971,6,01.5913,5,13637.61789473684,11964.01605263158,12060.488157894737,68619.92342105263,38
50972,6,01.5913,6,16014.402307692308,11626.036923076925,10670.833846153846,69670.10923076923,26
50987,6,01.5918,4,15271.167045454546,9571.416363636365,9789.475454545454,70154.41022727272,44
50988,6,01.5918,5,16782.53652777778,11411.476666666666,11577.803333333333,75856.99958333332,72
50989,6,01.5918,6,20210.774285714284,13141.501224489797,13493.513673469388,83610.40959183674,49
51056,6,01.5931,4,8118.778,8585.8936,9262.4212,50840.9404,25
51057,6,01.5931,5,7951.563953488372,7584.300930232558,10025.444418604651,51255.81976744186,43
51058,6,01.5931,6,8673.472857142857,9027.534285714286,14597.963333333333,59262.34714285714,21
51070,6,01.5936,5,22492.822608695653,15456.226086956522,8751.92,71174.62826086956,23
51087,6,01.6x00,5,2928.9994736842104,3422.5757894736844,1511.7163157894738,13344.737894736842,38
51144,6,02.0503,4,19110.887272727272,7906.3684848484845,10720.478181818182,57569.9303030303,33
51145,6,02.0503,5,18650.717115384618,4794.595384615384,8020.955192307692,41764.346923076926,52
51164,6,02.0600x0,4,14055.833870967741,5312.014838709677,8166.568709677419,39909.58903225807,31
51165,6,02.0600x0,5,17274.70892857143,5037.5025000000005,5503.751428571429,41205.385,56
51285,6,02.9301,6,230405.9988888889,4657.108888888889,3484.3059259259257,255835.76962962965,27
51308,6,03.0100x0,5,13651.036785714286,7622.618928571428,5970.730357142857,41518.13214285714,28
51319,6,03.0900x0,4,27615.81157894737,7496.856578947368,8609.945263157895,70808.97789473685,38
51320,6,03.0900x0,5,30887.69739130435,6549.004673913044,3923.270543478261,64573.44619565217,92
51321,6,03.0900x0,6,27085.411449275365,7339.689275362319,4289.971594202898,63788.203623188405,69
51322,6,03.0900x0,8,34695.71023255814,9962.193255813954,6846.919302325582,77457.11906976745,43
51360,6,03.0914,5,9043.398095238095,4510.289047619048,1554.2809523809524,25166.0980952381,21
51377,6,03.3100x0,5,4580.04652173913,7937.353913043477,7995.718260869565,30140.463043478263,23
51379,6,03.3100x0,8,3473.4154166666667,8718.06875,6337.916249999999,28977.669583333336,24
51381,6,03.3101,0,481.83920294708645,4097.339819156062,2260.3369457468184,11004.636329537843,1493
51382,6,03.3101,1,377.0622331691297,4630.33354679803,2362.81052545156,10925.198045977013,609
51383,6,03.3101,2,382.88856401384083,5808.814792387544,3619.9937543252595,14147.84062283737,578
51384,6,03.3101,3,343.1491127819549,5831.172045112782,3556.611278195489,13450.931563909775,665
51385,6,03.3101,4,403.71617606602473,5929.554869325997,3917.508418156809,14532.737744154058,727
51386,6,03.3101,5,418.8250362027353,6360.259935639581,4086.205374094932,15783.200997586484,1243
51387,6,03.3101,6,644.7899630086314,6740.015795314426,4553.072749691739,17065.844130702837,811
51388,6,03.3101,8,455.7883282208589,7229.390245398774,4725.901917177914,17573.80481595092,652
51389,6,03.3101,9,506.2041584158416,7506.296039603961,4526.377574257426,18317.21628712871,202
51402,6,03.4x00x0,5,16964.0848,9224.909599999999,6356.6004,59878.026,25
51453,6,03.5300x0,5,40449.375714285714,4857.551071428571,4023.6417857142856,62313.68964285714,28
51464,6,03.5302,5,31370.318333333333,12288.543333333333,13833.066250000002,91153.31916666667,24
51475,6,03.5304,3,31094.850833333334,6456.037499999999,6968.72,58723.45374999999,24
51476,6,03.5304,4,25760.450754716978,6065.661320754717,5308.230943396226,50326.956981132076,53
51477,6,03.5304,5,29219.342473118282,6524.292473118279,7231.840107526882,57848.19139784946,186
51478,6,03.5304,6,31245.482903225806,7552.029838709677,7075.726451612903,63208.40306451613,62
51479,6,03.5304,8,38986.04607142857,8773.069642857143,8546.50857142857,75898.21142857142,28
51482,6,03.5305,2,37081.075945945944,6421.061891891892,7056.8808108108105,67401.8808108108,37
51483,6,03.5305,3,34309.7141025641,6051.882948717948,7940.696538461538,65386.24564102564,78
51484,6,03.5305,4,28511.578165680472,5342.460118343195,6093.958047337278,54903.67402366864,169
51485,6,03.5305,5,26955.382182254194,5186.081510791368,5747.816067146283,51528.73800959233,417
51486,6,03.5305,6,28457.29213235294,5661.281764705882,5286.377132352942,52344.77514705883,136
51487,6,03.5305,8,27702.469104477612,5981.749402985075,5129.69552238806,50998.62194029851,67
51494,6,03.6x00,8,1341.4673913043478,3118.282608695652,1112.1813043478262,14659.579130434782,23
51499,6,03.6x02,4,836.5843478260871,5121.769565217392,750.6295652173912,24093.204347826086,23
51500,6,03.6x02,5,712.5021739130434,5234.684782608696,727.2704347826087,21256.295,46
51516,6,03.9000x0,4,322.47387096774196,3809.8354838709674,1145.6367741935483,9955.365483870968,31
51517,6,03.9000x0,5,244.77333333333334,3826.598148148148,1465.1864814814817,9365.557962962963,54
51518,6,03.9000x0,6,602.4658139534885,3937.8502325581394,1912.9634883720928,10246.010930232558,43
51519,6,03.9000x0,8,522.6493939393939,3257.1878787878786,1683.6418181818183,9164.691212121212,33
51529,6,03.9100x0,3,472.7083333333333,2836.6975,876.1550000000001,7285.386666666666,24
51530,6,03.9100x0,4,380.33217391304345,3193.695652173913,807.8834782608695,7826.768260869564,23
51531,6,03.9100x0,5,476.5790666666667,3821.9554666666663,1350.46,10243.777733333332,75
51532,6,03.9100x0,6,344.7731578947368,3523.6731578947365,1110.4727631578946,9075.874342105262,76
51533,6,03.9100x0,8,384.32599999999996,3243.4166666666665,1301.2682222222222,9721.789999999999,45
51534,6,03.9100x0,9,424.9328,3826.4624,1344.9447999999998,10610.7356,25
51536,6,03.9101,3,341.25310344827585,1941.5220689655173,927.1610344827587,7465.026206896552,29
51537,6,03.9101,4,277.92605263157895,2381.3663157894734,1323.947105263158,7424.44552631579,38
51538,6,03.9101,5,309.1524,2644.2259999999997,1329.6192,7310.790400000001,50
51539,6,03.9101,6,1234.7564516129032,3033.5,2111.2748387096776,9987.549032258064,31
51540,6,03.9101,8,314.7014814814815,2625.5192592592593,1539.865925925926,7932.518148148148,27
51544,6,03.9102,3,991.2175000000001,2362.182142857143,1416.185714285714,9744.276428571427,28
51545,6,03.9102,4,2111.082909090909,2986.147272727273,1735.2949090909092,12110.123090909092,55
51546,6,03.9102,5,1405.9971508379888,3115.043351955307,1275.9232402234638,9899.354916201117,179
51547,6,03.9102,6,1257.6169444444445,3628.4488888888886,1313.5285185185187,10643.774629629628,108
51548,6,03.9102,8,799.4147154471545,3550.8930081300814,1625.8559349593495,9943.084715447154,123
51549,6,03.9102,9,553.2721538461539,3595.2523076923076,2001.1724615384617,10204.472000000002,65
51556,6,03.9200x0,0,462.3505434782609,1665.2322282608695,8733.727065217392,14013.687717391305,184
51557,6,03.9200x0,1,425.7969841269841,2424.6115873015874,7439.765873015873,14832.337142857143,63
51559,6,03.9200x0,3,335.27535714285716,2448.567857142857,4679.011785714286,14401.21357142857,28
51560,6,03.9200x0,4,157.10636363636365,2733.172727272727,3537.1942424242425,11561.127575757577,33
51561,6,03.9200x0,5,191.1925,2440.6886363636363,3745.4920454545454,11640.082272727273,44
51562,6,03.9200x0,6,150.22035714285715,2504.8767857142857,2725.093571428571,9094.737857142858,28
51563,6,03.9200x0,8,499.2145454545455,4020.6677272727275,3976.7913636363637,12340.077272727272,22
51570,6,03.9202,0,229.63166666666666,1630.28625,10522.673333333334,13723.474999999999,24
51575,6,03.9202,5,704.3681818181818,3505.556818181818,5819.7922727272735,15618.240000000002,22
51602,6,04.0200x0,5,13305.417083333334,3085.4558333333334,2009.2520833333335,25970.764583333334,24
51603,6,04.0200x0,6,14073.516785714284,3019.578571428571,1793.2096428571429,26532.66107142857,28
51604,6,04.0200x0,8,13654.75,3480.477142857143,1861.1060714285716,26570.74357142857,28
51744,6,04.2x04,6,1236.7255172413793,4432.173103448276,971.998275862069,12815.283103448277,29
51745,6,04.2x04,8,1070.9703703703703,4273.1807407407405,1060.9448148148147,15000.147407407407,27
51750,6,04.2x05,5,1584.192857142857,2915.35,1577.4261224489796,11828.385510204082,49
51751,6,04.2x05,6,1429.619756097561,3132.0780487804877,1309.4546341463415,11676.869512195122,41
51752,6,04.2x05,8,1641.6616363636363,3744.2036363636366,2029.2054545454546,13965.87418181818,55
51824,6,04.4100x0,5,11315.223448275861,3435.747931034483,1599.6948275862069,24348.013793103448,29
51825,6,04.4100x0,6,11413.769166666667,3941.208611111111,2948.9980555555558,25854.350555555557,36
51826,6,04.4100x0,8,11469.766842105264,4148.797368421052,1848.1176315789473,25034.71815789474,38
51827,6,04.4100x0,9,12521.927727272727,4184.372727272727,1625.644090909091,24740.851363636364,22
51831,6,04.4101,4,11730.271904761905,3646.558095238095,4133.236666666667,39830.12714285714,21
51832,6,04.4101,5,13809.622058823528,4500.196176470588,4757.891176470588,41666.28764705882,34
51833,6,04.4101,6,10209.914,4143.42,4080.8708,41858.3636,25
51834,6,04.4101,8,13889.833181818183,4552.973636363637,4074.9,39270.54818181818,22
51867,6,04.4204,3,11308.841904761905,3969.8614285714284,3227.677142857143,37038.68238095238,21
51868,6,04.4204,4,11624.557241379309,4462.341896551725,4337.6093103448275,41194.9975862069,58
51869,6,04.4204,5,12786.969492753624,4558.412246376812,3469.813768115942,38870.355797101445,138
51870,6,04.4204,6,14389.21357142857,4641.320238095238,4258.505714285714,40371.70238095238,42
51888,6,04.4300,5,1559.5387037037037,1831.4564814814814,1268.9098148148148,9387.711111111112,54
51898,6,04.4900,5,42.11303030303031,1752.2575757575758,460.46090909090907,6395.2072727272725,33
51905,6,04.4900x0,3,389.79763157894735,1799.2736842105262,946.9442105263157,9017.798947368421,38
51906,6,04.4900x0,4,549.8299999999999,1932.021111111111,1022.7790123456791,9391.976666666667,81
51907,6,04.4900x0,5,617.2772413793103,2241.5918620689654,1334.500551724138,10424.167793103448,145
51908,6,04.4900x0,6,585.6643157894737,2545.697789473684,1695.4425263157896,11033.778842105263,95
51909,6,04.4900x0,8,289.8789285714286,2594.3666666666663,2048.6232142857143,11788.080714285714,84
51910,6,04.4900x0,9,429.0291666666667,3044.6000000000004,2351.472222222222,12927.325555555555,36
51925,6,04.4907,5,3981.4603125,2189.693125,1764.831875,12230.198125,32
51933,6,04.4908,5,2859.568636363636,2649.3245454545454,1573.919090909091,12061.597954545454,44
52020,6,04.8100x0,5,518.85,3971.5948148148145,1094.9803703703703,9233.422592592593,27
52021,6,04.8100x0,6,224.95523809523806,3997.95,2214.40619047619,10844.842857142858,21
52026,6,04.8101,2,251.157,1938.1889999999999,1572.6751666666669,7351.154333333334,60
52027,6,04.8101,3,170.0445945945946,1845.5018918918918,1465.1153513513516,8117.41945945946,185
52028,6,04.8101,4,203.3727605633803,2142.7085915492958,1411.4879154929579,8687.040676056338,355
52029,6,04.8101,5,202.9627995391705,2341.641900921659,1621.001900921659,8684.962718894009,868
52030,6,04.8101,6,209.37145214521453,2552.559620462046,1900.0064686468645,9573.816848184819,606
52031,6,04.8101,8,194.52941569282137,2842.2885141903175,1947.9306844741236,9554.338013355593,599
52032,6,04.8101,9,217.20543795620438,3094.059124087591,2184.24598540146,10778.79405109489,274
52047,6,04.8104,8,630.2369230769231,2505.187692307692,2080.151923076923,8551.316538461539,26
52067,6,04.9900,5,1245.2519047619048,4048.4285714285716,1692.109523809524,11225.439999999999,21
52068,6,04.9900,6,1469.7395238095237,4119.880952380952,1597.9628571428573,12655.835714285713,21
52073,6,05.0x01,1,1358.1757692307692,1774.048076923077,1142.13,12223.441538461539,26
52074,6,05.0x01,2,1368.5373626373628,1796.5572527472527,1096.7381318681319,12244.618021978022,91
52075,6,05.0x01,3,1364.1882758620688,1709.715172413793,1127.1941379310344,13381.721379310344,29
52092,6,05.3100x0,3,163.77541666666667,2513.3541666666665,895.2454166666666,7940.796666666666,24
52093,6,05.3100x0,4,304.2429268292683,3434.0268292682927,928.370243902439,9316.383902439024,41
52094,6,05.3100x0,5,218.6681632653061,3124.6926530612245,1299.694387755102,9751.409591836735,98
52095,6,05.3100x0,6,189.7256976744186,3345.7816279069766,1298.2312790697674,10160.359999999999,86
52096,6,05.3100x0,8,157.6148936170213,3036.040425531915,1732.8255319148936,9991.852127659575,47
52097,6,05.3100x0,9,210.4351851851852,2836.6555555555556,1796.624814814815,10438.243703703703,27
52134,6,06.1100,5,1618.3236000000002,3784.808,1029.8444,8047.7128,25
52139,6,06.1101,2,231.8248484848485,2310.2303030303033,274.84212121212124,3750.5869696969694,33
52140,6,06.1101,3,439.7187142857143,2469.6635714285717,482.70057142857144,4835.7047142857145,70
52141,6,06.1101,4,863.8462637362637,2910.68,616.3934065934067,5704.107692307693,91
52142,6,06.1101,5,541.0126291079812,4006.694225352113,1207.5815962441316,7496.320046948356,213
52143,6,06.1101,6,551.4098425196851,4574.142047244095,1668.5359842519686,8810.390944881889,127
52144,6,06.1101,8,497.33106382978724,5058.3122340425525,1800.9921276595746,9433.387659574468,94
52160,6,06.2x00,3,4446.991632653061,3810.477551020408,2615.459387755102,18136.993265306122,49
52161,6,06.2x00,4,4344.394639175258,3524.587422680412,2357.250206185567,17602.327010309276,97
52162,6,06.2x00,5,3810.686428571428,3666.2426623376623,2262.5643506493507,17220.122662337664,154
52163,6,06.2x00,6,3994.4010144927533,4100.905217391305,2105.2259420289856,17774.605217391305,69
52164,6,06.2x00,8,3691.7473913043477,4571.551739130435,2644.7260869565216,19218.655217391304,23
52167,6,06.2x01,2,3818.2128260869567,4047.091086956522,2147.6165217391303,23319.124782608695,46
52168,6,06.2x01,3,3453.1433684210524,3948.6548421052635,2088.928947368421,22988.73957894737,95
52169,6,06.2x01,4,3579.4164285714287,3980.86,1587.5003571428572,21061.38517857143,56
52170,6,06.2x01,5,2951.5935999999997,3598.5668,1800.0728,18913.8648,25
52173,6,06.2x02,2,4560.818403361344,4150.781512605042,2338.898445378151,21822.321008403364,238
52174,6,06.2x02,3,4600.399625187407,3989.3363718140927,2338.007556221889,21673.939220389802,667
52175,6,06.2x02,4,3990.9857721139433,4084.457451274363,2140.4755622188904,20465.068695652175,667
52176,6,06.2x02,5,4075.0802986857825,4096.276654719235,2294.480764635603,20019.46358422939,837
52177,6,06.2x02,6,3759.6278536585364,4554.154634146341,2471.5186341463414,20588.737951219515,205
52178,6,06.2x02,8,3307.18,4676.369761904762,2166.5616666666665,19307.10130952381,84
52184,6,06.2x03,5,4499.951714285714,3938.7,1994.7571428571428,18173.235142857142,35
52189,6,06.2x04,3,4752.448636363636,4129.140909090909,2126.697272727273,20423.269545454546,22
52190,6,06.2x04,4,4761.785303030303,4200.384696969697,2611.3959090909093,20752.569393939397,66
52191,6,06.2x04,5,4262.701170212767,4502.1262765957445,2474.523936170213,20984.865319148936,94
52192,6,06.2x04,6,4591.17425,4858.7235,2619.60425,20960.37775,40
52198,6,06.3100,3,3687.5575000000003,2594.8375,1244.8704166666666,12765.794166666667,24
52199,6,06.3100,4,5750.330983606557,2486.0878688524595,787.3326229508197,13292.505245901639,61
52200,6,06.3100,5,5220.294105263158,2678.5394736842104,769.9102105263158,12980.15652631579,95
52201,6,06.3100,6,4952.133333333333,3257.4111111111115,1655.2855555555554,16025.645185185185,27
52205,6,06.3100x0,2,7168.929444444444,2070.976388888889,877.2579166666667,15278.82472222222,72
52206,6,06.3100x0,3,8130.411212121213,2338.836363636364,1103.421515151515,16009.560666666664,165
52207,6,06.3100x0,4,7861.547590909091,2280.739136363636,955.3252272727273,15621.537181818183,220
52208,6,06.3100x0,5,7631.37584045584,2365.508091168091,1010.7970655270656,15646.658062678063,351
52209,6,06.3100x0,6,8208.201300813009,2828.263577235772,1153.0643902439026,16426.198373983738,123
52210,6,06.3100x0,8,9150.159069767442,2963.5325581395346,1146.94,16568.204883720933,43
52217,6,06.3102,3,9992.935806451613,3517.052258064516,476.1667741935484,15477.925806451613,31
52218,6,06.3102,4,10200.331063829788,3592.646808510638,542.1829787234042,15220.79255319149,47
52219,6,06.3102,5,10040.039803921569,3628.949019607843,564.4492156862746,15281.913725490196,51
52229,6,06.3900x0,2,4577.700238095238,3854.7973809523805,1939.9911904761907,19079.151666666665,42
52230,6,06.3900x0,3,3907.8419402985073,4255.412089552238,2109.7094029850746,19781.047313432835,67
52231,6,06.3900x0,4,3751.91248447205,3756.515093167702,1845.552795031056,17185.482422360248,161
52232,6,06.3900x0,5,3677.894888888889,3964.5685185185184,2046.8484814814813,18073.203222222222,270
52233,6,06.3900x0,6,3442.093195876289,4449.488762886598,2079.537731958763,18613.59319587629,97
52234,6,06.3900x0,8,3035.6863157894736,4513.101578947369,1996.922456140351,17934.984561403508,57
52239,6,06.3901,5,5545.23725,4727.78875,2356.9412500000003,23792.1,40
52266,6,06.4x00,2,5168.7791959799,5113.363768844221,3199.087889447236,26159.01688442211,199
52267,6,06.4x00,3,5019.673023758099,5222.159524838013,3102.9114686825055,27013.90118790497,463
52268,6,06.4x00,4,4534.096345776032,5120.436895874263,3006.2592927308447,25331.743968565814,509
52269,6,06.4x00,5,4610.5795597484275,5193.26893081761,3108.292830188679,24635.48383647799,636
52270,6,06.4x00,6,4398.417974137931,5700.649396551724,2946.175387931035,25208.499956896554,232
52271,6,06.4x00,8,4943.685063291139,6472.581139240506,3045.7337974683546,26993.760886075946,79
52315,6,06.7x01,0,1039.2373750000002,1584.516875,696.3605,8294.23725,80
52317,6,06.7x01,2,2119.943333333333,1918.447037037037,1355.6066666666666,10388.944444444445,27
52318,6,06.7x01,3,1622.5887096774193,2012.7525806451613,1364.3687096774195,9829.072580645161,31
52319,6,06.7x01,4,1766.3161904761905,2080.7028571428573,1701.2376190476189,9782.010476190477,21
52320,6,06.7x01,5,1439.6860000000001,2157.38,1580.1405714285713,9901.045142857143,35
52335,6,06.8100,5,3391.469375,7055.785,3614.555,29391.5934375,32
52356,6,06.8903,5,3503.6204347826088,6990.823913043479,2379.2508695652173,22341.291304347826,23
52393,6,07.2102,3,4687.290857142857,4044.473714285714,2397.080857142857,21465.59657142857,35
52394,6,07.2102,4,4866.680422535212,4551.45352112676,2830.35014084507,23265.236056338028,71
52395,6,07.2102,5,5008.732340425532,7133.280212765958,9164.412978723403,34067.75014184397,141
52396,6,07.2102,6,4767.2082608695655,4970.953695652174,2780.6689130434784,23125.928913043477,46
52397,6,07.2102,8,4938.70625,6328.7246875,3378.0740625,26743.6790625,32
52403,6,07.2201,3,6569.445599999999,6009.772800000001,2909.3379999999997,32645.8088,25
52404,6,07.2201,4,6687.891525423728,5109.1623728813565,3263.460338983051,28439.016610169492,59
52405,6,07.2201,5,6182.452626262627,5113.107373737374,2888.8006060606062,28387.11565656566,99
52406,6,07.2201,6,6278.758048780487,4802.717804878049,2849.8860975609755,27832.533902439023,41
52407,6,07.2201,8,7236.0485714285705,7200.168571428572,4809.176666666666,34313.52333333333,21
52419,6,07.2902,3,5721.632352941177,3851.334705882353,1876.8085294117645,28026.541470588236,34
52420,6,07.2902,4,5140.361000000001,3961.0696000000003,1729.7751999999998,24660.325,50
52421,6,07.2902,5,4992.281688311688,4458.994545454546,2372.903636363636,26400.87883116883,77
52422,6,07.2902,6,5686.245454545455,5290.096666666666,2951.8454545454542,30307.940000000002,33
52446,6,07.6200x0,3,10165.965641025641,9702.926153846154,8225.05435897436,49725.46820512821,39
52447,6,07.6200x0,4,11561.777872340426,12750.019574468086,12097.13085106383,60464.396595744685,47
52448,6,07.6200x0,5,11813.524036697248,10231.778623853212,7980.767889908257,50631.18422018349,109
52449,6,07.6200x0,6,11372.652321428572,10002.094464285716,9294.07,50435.85535714286,56
52450,6,07.6200x0,8,13673.496666666666,13501.091428571428,7805.503809523809,57958.05952380953,21
52456,6,07.6201,5,11789.721818181819,9549.77590909091,5168.479545454546,45434.14090909091,22
52546,6,08.2000,5,187.23583333333332,1255.1069444444445,248.62166666666664,3011.3063888888887,36
52550,6,08.2000x0,0,452.5414285714286,1116.7789285714287,364.6955357142857,4187.967321428571,56
52551,6,08.2000x0,1,212.3996551724138,1132.2482758620688,349.12275862068964,3058.761379310345,29
52552,6,08.2000x0,2,132.46450980392157,1085.3607843137256,202.67176470588237,2839.1017647058825,51
52553,6,08.2000x0,3,152.6544680851064,1161.2937234042554,164.7309574468085,2733.782021276596,94
52554,6,08.2000x0,4,171.97881578947369,1451.4828947368421,263.0547368421053,3187.286315789474,76
52555,6,08.2000x0,5,213.42409722222223,1417.6050694444446,258.5002083333333,3481.8704166666666,144
52556,6,08.2000x0,6,194.72094736842106,1597.7296842105263,640.8717894736842,4261.08547368421,95
52557,6,08.2000x0,8,141.63232876712328,1546.7060273972602,435.83342465753424,3420.6175342465754,73
52558,6,08.2000x0,9,199.40085714285715,1769.0857142857142,286.4557142857143,3866.8302857142858,35
52559,6,08.2001,0,830.02,1010.2145833333334,572.27,6424.235833333333,24
52575,6,08.2100,0,292.09080645161293,796.3767741935484,317.41145161290325,2937.5317741935482,62
52583,6,08.2100x0,0,363.70208333333335,595.2791666666667,299.5364583333333,3041.3752083333334,48
52594,6,08.2200x0,0,524.1485714285715,709.8857142857144,359.48190476190473,4434.917142857143,21
52661,6,08.3300x0,0,680.4106382978723,829.5672340425533,483.4836170212766,7355.556382978724,47
52695,6,08.4202,0,326.9425,840.071875,341.0975,3585.4421875,32
52708,6,08.4203,6,110.25818181818181,947.9363636363636,99.71272727272726,2681.1781818181817,22
52709,6,08.4203,8,90.29789473684211,950.0894736842106,173.44947368421052,2666.2855263157894,38
52710,6,08.4203,9,103.61307692307693,1206.8280769230769,194.92038461538462,3200.7673076923074,26
52729,6,08.4401,0,611.1064705882353,962.9884705882354,393.6981176470588,5269.182235294117,85
52730,6,08.4401,1,431.5097368421052,838.5105263157895,357.6723684210526,4391.555263157895,38
52731,6,08.4401,2,210.77567567567567,946.9135135135136,174.59783783783783,3254.841081081081,37
52734,6,08.4401,5,135.99809523809523,1167.7535714285714,410.17357142857145,3501.310714285714,42
52735,6,08.4401,6,169.25799999999998,900.0383333333334,118.425,2957.8486666666668,60
52736,6,08.4401,8,139.0177551020408,1216.0262585034013,189.9347619047619,3213.787619047619,147
52737,6,08.4401,9,114.44326923076923,1144.4415384615384,155.00673076923078,2888.086730769231,52
52748,6,08.4902,0,579.6380769230769,1011.1973076923077,464.6990384615385,5093.493076923077,52
52749,6,08.4902,1,345.0178787878788,1089.6272727272726,270.30636363636364,3533.7127272727275,33
52750,6,08.4902,2,207.72,871.4971428571429,118.50714285714285,2889.5268571428574,35
52753,6,08.4902,5,119.89854166666667,1091.1975,227.91375000000002,2564.1627083333333,48
52754,6,08.4902,6,187.51240506329114,1152.728101265823,280.77924050632913,2893.1637974683545,79
52755,6,08.4902,8,186.05506250000002,1213.521375,215.19762500000002,2962.9741875,160
52756,6,08.4902,9,214.76853333333332,1265.1786666666667,312.9252,3379.5280000000002,75
52826,6,08.8101,5,477.59896551724137,2800.5955172413796,2105.2041379310344,8766.574827586206,29
52930,6,09.4300,0,370.4207142857143,559.9928571428571,161.3217857142857,2229.5910714285715,28
52935,6,09.4300,5,838.6117241379311,1504.1793103448274,229.98586206896553,3851.9882758620693,29
52966,6,09.4402,4,1573.6968181818183,1749.0136363636366,197.66954545454544,4414.942272727272,22
52967,6,09.4402,5,1538.26,1692.9893333333334,205.43083333333334,4196.540333333333,60
52968,6,09.4402,6,1618.9903125,1605.196875,175.535,4259.1090625,32
52969,6,09.4402,8,1736.054347826087,1671.3130434782609,233.20565217391302,4550.2808695652175,23
52992,6,09.4900,4,247.08423076923074,1884.4115384615384,730.501923076923,3872.325384615385,26
52993,6,09.4900,5,220.83583333333334,2560.8840277777776,1400.8966666666665,5645.219444444444,72
52994,6,09.4900,6,501.43788461538463,2273.625,1338.4226923076922,5665.689423076923,52
52995,6,09.4900,8,384.7201369863014,2369.7965753424655,1145.0708219178082,5182.126712328767,73
52996,6,09.4900,9,415.4216666666667,2268.4694444444444,893.7252777777778,5087.011666666667,36
53018,6,09.6x01,8,199.44746268656715,1435.7917910447761,253.834776119403,3522.9919402985074,67
53019,6,09.6x01,9,175.42234042553193,1438.7553191489362,436.66255319148934,3748.1474468085103,47
53039,6,09.7300x0,0,213.3996551724138,367.12068965517244,152.43827586206896,2057.5131034482756,29
53044,6,09.7300x0,5,1134.8626666666667,1052.16,170.62966666666668,3978.6626666666666,30
53053,6,09.7301,5,994.7485294117646,1624.0685294117648,668.725,5999.270588235295,34
53061,6,09.8100,4,476.53807017543863,1331.4859649122807,458.01771929824565,4504.2942105263155,57
53062,6,09.8100,5,445.80088050314464,1346.4250943396225,454.09295597484277,4315.6877358490565,159
53063,6,09.8100,6,346.6963953488372,1356.615581395349,539.3087209302325,4351.633488372093,86
53064,6,09.8100,8,581.8103389830508,1479.6105084745764,749.5471186440677,5143.655593220339,59
53068,6,09.8100x0,3,1210.8992105263158,1216.5157894736842,855.7957894736843,7923.2857894736835,38
53069,6,09.8100x0,4,964.0145762711865,1433.0762711864406,905.8693220338984,7519.899491525423,59
53070,6,09.8100x0,5,1366.5256834532374,1403.3050359712229,841.63,8069.234676258993,139
53071,6,09.8100x0,6,1367.084387755102,1370.9872448979593,755.9184693877551,7572.704387755102,98
53072,6,09.8100x0,8,1217.8118181818181,1502.8558441558441,722.6925974025975,7593.675194805195,77
53101,6,10.3101,0,410.27291666666673,994.2566666666667,369.8141666666667,4059.01,24
53103,6,10.3101,2,135.4251282051282,1065.125641025641,168.89384615384614,2452.58641025641,39
53104,6,10.3101,3,160.241875,1255.2979166666667,216.29166666666666,2984.7004166666666,48
53105,6,10.3101,4,205.56384615384616,1319.753846153846,225.06403846153847,3014.0617307692305,52
53106,6,10.3101,5,151.56857142857143,1211.939010989011,175.46208791208792,2801.685054945055,91
53107,6,10.3101,6,134.3870491803279,1329.625737704918,221.13967213114753,2949.4949180327867,61
53108,6,10.3101,8,296.4865789473684,1348.6094736842106,258.1692105263158,3674.9189473684214,38
53168,6,10.5x01,6,192.8995238095238,1789.047619047619,149.78571428571428,5367.434761904762,21
53169,6,10.5x01,8,135.41363636363636,1918.6136363636363,170.19045454545454,5904.570000000001,22
53192,6,10.9100,5,45.98372093023256,1528.6255813953487,952.8086046511627,4082.5311627906976,43
53193,6,10.9100,6,35.48285714285714,1460.4476190476191,1044.7928571428572,3975.1738095238097,21
53238,6,11.3201,3,291.936,1436.7885714285715,277.3514285714285,3684.7028571428573,35
53239,6,11.3201,4,231.64625,1244.8796875,214.35062499999998,3641.9236250000004,160
53240,6,11.3201,5,269.7970810810811,1267.052,224.3623243243243,3611.23809009009,555
53241,6,11.3201,6,305.14601830663617,1208.0836613272313,243.4488100686499,3772.879405034325,437
53242,6,11.3201,8,304.234872611465,1254.1458598726115,251.2562101910828,3859.9646815286624,314
53243,6,11.3201,9,297.98362499999996,1356.5525,334.66999999999996,4266.311875,80
53259,6,11.3900x0,5,279.38,1155.8936,239.9804,3679.8064,25
53260,6,11.3900x0,6,337.45238095238096,1311.9414285714286,228.33761904761906,3528.096666666667,21
53261,6,11.3900x0,8,286.4968181818182,1362.5,394.8836363636364,4054.955454545455,22
53265,6,11.3901,4,210.84053763440863,1189.6870967741934,183.94290322580645,3208.2241935483867,93
53266,6,11.3901,5,225.3817725752508,1232.7496321070234,197.6708026755853,3382.2758528428094,299
53267,6,11.3901,6,260.25714814814813,1193.6592962962964,216.08062962962964,3439.7177037037036,270
53268,6,11.3901,8,242.4889575289575,1134.4329343629345,209.45254826254825,3378.7147876447875,259
53269,6,11.3901,9,275.44588235294117,1275.36,358.47019607843134,3740.8605882352945,51
53281,6,11.4903,5,750.2161904761905,1466.338095238095,996.0209523809525,5354.548095238095,21
53285,6,11.5100,0,1779.8585714285714,1619.4742857142858,1076.2704761904763,9276.181904761905,21
53288,6,11.5100,3,2273.879523809524,1287.932857142857,1227.8128571428572,9380.401904761904,21
53289,6,11.5100,4,1465.6673529411764,1718.8764705882354,1126.1091176470588,8464.956470588237,34
53290,6,11.5100,5,1189.7429268292683,1400.0634146341463,1107.1173170731706,7326.546829268293,41
53314,6,11.6400x0,5,984.2822727272727,1490.9,1167.4022727272727,12695.051818181819,22
53445,6,12.6400,5,333.57779411764704,1581.4617647058822,382.04897058823525,5453.607941176471,68
53446,6,12.6400,6,338.7917741935484,1611.6709677419356,401.45806451612907,5469.833225806451,62
53447,6,12.6400,8,459.4361403508772,1682.5491228070175,569.9510526315789,6176.314385964912,57
53456,6,12.6400x0,4,454.7919047619048,1440.642857142857,695.8709523809524,5158.411428571429,21
53457,6,12.6400x0,5,652.8536781609195,1577.5132183908045,494.078275862069,5633.191034482758,87
53458,6,12.6400x0,6,846.0602380952381,1561.1601190476192,454.3607142857143,5704.343452380952,84
53459,6,12.6400x0,8,1229.213870967742,1501.13623655914,450.9022580645161,6538.707741935484,93
53460,6,12.6400x0,9,1542.2920833333335,1618.1125,427.39208333333335,7516.31,24
53489,6,12.6704,5,3115.103181818182,1210.668181818182,554.6136363636364,9512.313181818183,22
53490,6,12.6704,6,3416.9256,1586.464,1018.1908,11375.4216,25
53544,6,12.8801,2,391.57296296296295,1385.9333333333332,359.74666666666667,9374.413333333334,27
53635,6,13.4100,4,4506.514375,1535.9333333333334,399.46958333333333,8938.737083333333,48
53636,6,13.4100,5,3708.718874598071,1471.6259807073955,392.62858520900323,8208.28729903537,311
53637,6,13.4100,6,2818.5753677932403,1437.769522862823,378.3048310139165,7164.551252485089,503
53638,6,13.4100,8,2585.927372781065,1404.8903905325442,320.7533727810651,6857.763597633137,845
53639,6,13.4100,9,2659.840393939394,1438.9102424242424,318.7397272727273,7032.964303030303,330
53642,6,13.4100x0,2,3034.9708,1374.7379999999998,260.4128,8479.9652,50
53643,6,13.4100x0,3,2958.0694392523365,1502.4598130841123,265.9297196261682,8131.528785046728,107
53644,6,13.4100x0,4,3242.1082568807337,1506.1743302752293,241.03935779816516,8254.151376146789,545
53645,6,13.4100x0,5,2802.999474517252,1496.9452136752136,259.95183285849953,7614.843646723646,3159
53646,6,13.4100x0,6,2522.6774880029534,1508.2450203026947,246.54692137320043,7260.071201550389,5418
53647,6,13.4100x0,8,2325.0610172927845,1499.8431127012523,253.7216696481813,6987.523755515802,8385
53648,6,13.4100x0,9,2212.0076910569105,1526.7528590785907,252.5012113821138,6915.706262872629,3690
53652,6,13.4101,4,7986.431034482759,1328.5172413793102,150.98137931034483,14426.342413793103,29
53653,6,13.4101,5,6837.027894736842,1352.1831578947367,177.6184210526316,15402.216,95
53654,6,13.4101,6,4066.0888505747125,1203.7816091954023,173.27712643678163,11550.819655172412,87
53655,6,13.4101,8,2561.0095744680852,1147.3144680851065,169.7185106382979,9291.81074468085,94
53656,6,13.4101,9,2403.50431372549,1346.905882352941,240.16901960784313,10203.323137254902,51
53661,6,13.4300,6,1716.2250000000001,1935.578947368421,290.98789473684207,5800.748421052632,38
53662,6,13.4300,8,1834.9081395348837,2001.8837209302326,284.1620930232558,6039.610930232558,43
53663,6,13.4300,9,1775.2655172413793,1860.8620689655172,356.96620689655174,6002.595517241379,29
53672,6,13.5900,8,1296.3456521739129,1478.5434782608695,369.6830434782609,5623.387391304348,23
53678,6,13.5900x0,5,1551.6735999999999,1428.08,563.8544,7256.317999999999,25
53679,6,13.5900x0,6,1566.7057142857143,1240.6357142857141,391.7302380952381,5383.674523809524,42
53680,6,13.5900x0,8,1591.7610619469026,1211.3769911504426,320.8403539823009,5083.386902654867,113
53681,6,13.5900x0,9,1566.6057142857144,1302.870634920635,264.0333333333333,5022.493333333334,63
53720,6,13.7000,8,1759.2803571428572,1224.6257142857141,217.14178571428573,5826.541428571429,28
53726,6,13.7100,5,3941.706666666667,999.7759420289855,528.3515217391304,8849.547536231885,138
53727,6,13.7100,6,3538.251282051282,982.8276068376068,402.7018803418804,7923.234829059829,234
53728,6,13.7100,8,2964.074267352185,1028.424730077121,361.9653470437018,7400.90323907455,389
53729,6,13.7100,9,2719.322857142857,1098.1193142857144,341.8173142857143,7153.392285714285,175
53732,6,13.7100x0,2,2246.3492592592593,1307.0666666666668,244.07925925925926,9577.854814814815,27
53733,6,13.7100x0,3,2431.1101724137934,1283.3974137931034,295.0620689655172,9719.866551724139,58
53734,6,13.7100x0,4,3376.515263157895,1144.17600877193,310.91311403508774,9180.070701754386,228
53735,6,13.7100x0,5,3032.951147403685,1156.7667169179228,293.7460804020101,8383.0858040201,1194
53736,6,13.7100x0,6,2584.27238147139,1150.63663760218,257.10635967302454,7595.269128065395,1835
53737,6,13.7100x0,8,2448.3024395770394,1129.9868693353474,268.36456948640483,7124.480030211481,2648
53738,6,13.7100x0,9,2270.418381849315,1115.9607020547946,260.945830479452,6874.235470890411,1168
53750,6,13.7200x0,5,1701.97306122449,1412.3183673469389,292.6963265306123,6444.244897959184,49
53751,6,13.7200x0,6,1864.6310714285714,1588.4428571428573,336.67892857142857,6700.687142857142,28
53793,6,13.9100x0,2,1163.5877536231883,729.6,420.5964492753623,6326.348768115942,138
53794,6,13.9100x0,3,1266.390322580645,716.258064516129,423.4562903225807,6475.3659677419355,62
53820,6,14.2402,4,269.4054716981132,2427.488113207547,973.9215094339622,6092.6162264150935,53
53821,6,14.2402,5,362.93367346938777,2317.688775510204,894.8472448979592,6258.993061224489,98
53822,6,14.2402,6,228.1660810810811,2525.324324324324,1029.3708108108108,6297.794459459459,74
53823,6,14.2402,8,235.2140625,2240.79375,1043.33375,5725.084375,32
53834,6,14.2900x0,5,5293.650555555556,1260.1666666666667,437.91527777777776,14817.269722222221,36
53835,6,14.2900x0,6,5561.287499999999,1428.834090909091,425.0543181818182,16544.94,44
53836,6,14.2900x0,8,5476.586363636364,1196.3545454545454,453.40909090909093,15107.515000000001,22
53939,6,14.6x02,2,1704.244,1344.0914285714284,413.71914285714286,6543.718,35
53940,6,14.6x02,3,1347.3020588235293,1309.6492647058822,349.06323529411765,6280.380735294118,68
53941,6,14.6x02,4,1416.4863225806453,1383.0472903225805,346.2978709677419,6609.9547741935485,155
53942,6,14.6x02,5,1574.546988764045,1326.6021573033706,311.5852808988764,6842.988292134832,445
53943,6,14.6x02,6,1705.1848581560284,1420.8108510638297,326.8523758865248,6779.418971631206,282
53944,6,14.6x02,8,1786.4672043010753,1304.6559139784947,298.4995698924731,6766.418602150538,93
53957,6,14.7100x0,5,2868.4666216216215,2783.214864864865,1616.8972972972972,14479.24810810811,74
53958,6,14.7100x0,6,2689.151875,2671.584375,1971.970625,14716.60375,32
53972,6,14.7202,2,5158.2814285714285,1557.482142857143,543.9257142857143,15272.701071428572,28
53973,6,14.7202,3,5276.938775510204,1239.8832653061224,486.98306122448975,14863.275306122448,49
53974,6,14.7202,4,5428.297610619469,1447.0115044247786,579.636371681416,15262.354513274337,113
53975,6,14.7202,5,5177.423590425532,1482.2987234042553,565.3457180851063,15057.344441489362,376
53976,6,14.7202,6,5291.259487179487,1652.3405982905983,479.76641025641027,15056.922606837607,234
53977,6,14.7202,8,4995.8637499999995,1749.3858823529413,489.4472058823529,14031.836617647059,136
53995,6,14.7400,5,4828.463695652174,1416.6,283.2565217391304,12008.79652173913,46
53996,6,14.7400,6,5909.69962962963,1854.962962962963,539.9822222222223,14746.798518518519,27
53997,6,14.7400,8,4689.8124,1492.9,214.93720000000002,11855.804399999999,25
54006,6,14.7401,0,6893.58125,1722.0484375,895.6653125,20431.290937499998,32
54008,6,14.7401,2,6412.293571428572,1432.3580952380953,612.9145238095238,13998.619761904763,42
54009,6,14.7401,3,6087.082017543859,1737.7906140350879,858.9369298245614,14872.737631578948,114
54010,6,14.7401,4,5820.136219081272,1501.3916961130742,647.3895759717315,13717.07632508834,283
54011,6,14.7401,5,6182.576700223714,1631.1432662192394,589.559832214765,14306.353120805368,894
54012,6,14.7401,6,6050.548656,1575.2977759999999,536.504592,13922.069280000002,625
54013,6,14.7401,8,6162.113217158177,1575.927345844504,544.2657908847185,14430.328900804288,373
54014,6,14.7401,9,5923.617333333333,1466.2133333333334,536.6286666666667,13818.192666666668,60
54038,6,14.7903,2,232.27375,1292.1725000000001,1133.3178571428573,4104.413214285714,56
54039,6,14.7903,3,353.14245398773005,1240.2301226993866,654.6933742331289,3908.9005521472395,163
54040,6,14.7903,4,316.7864,1277.3389647058825,551.9409882352942,3638.458517647059,425
54041,6,14.7903,5,270.103226581265,1291.6241553242594,660.4865332265813,3770.232393915132,1249
54042,6,14.7903,6,267.45036381514257,1300.9609832841693,641.6898623402163,3737.4767944936084,1017
54043,6,14.7903,8,103.88693775100401,1299.8476807228917,532.1042771084337,3255.955291164659,996
54044,6,14.7903,9,74.49968446601942,1134.6455097087378,495.2280825242718,2988.783082524272,412
54061,6,15.1100,0,720.1517808219178,788.4313698630136,454.9612328767123,6386.270136986301,73
54062,6,15.1100,1,517.9725925925926,1174.7777777777778,364.31703703703704,5358.540740740741,54
54063,6,15.1100,2,508.74238805970145,996.3432835820895,397.67507462686564,5279.323134328359,67
54064,6,15.1100,3,552.215,1120.5202631578948,429.01947368421054,6177.581315789474,38
54065,6,15.1100,4,508.4767857142857,1224.8035714285713,370.49142857142857,4789.593214285715,28
54066,6,15.1100,5,503.85090909090906,1382.3454545454545,387.8872727272728,5757.614545454546,22
54097,6,15.3x01,0,789.7154104477612,853.9819402985074,402.3075746268657,7858.079626865671,268
54098,6,15.3x01,1,706.140406504065,1010.7089430894308,415.85642276422766,7475.773902439024,123
54099,6,15.3x01,2,444.20915662650606,1099.1342168674698,308.5890361445783,6302.783734939759,83
54100,6,15.3x01,3,409.33166666666665,1223.154814814815,296.82500000000005,5939.46,54
54102,6,15.3x01,5,586.095,1233.4445454545455,369.4509090909091,6409.205454545454,22
54133,6,16.0101,2,1124.0580952380953,3838.285714285714,2142.497142857143,12424.04523809524,21
54134,6,16.0101,3,1148.9283870967743,3940.4032258064517,2384.668387096774,12744.292903225807,31
54135,6,16.0101,4,1718.9683870967742,4016.582580645161,2181.9670967741936,13145.925161290323,31
54136,6,16.0101,5,1160.608,3998.1,2343.079,12829.87975,40
54184,6,16.2100x0,0,463.71313207547166,5004.502943396226,1215.6214716981133,10950.046679245283,265
54188,6,16.2100x0,4,104.32823529411765,2550.461764705882,1575.7626470588236,6320.733235294118,34
54189,6,16.2100x0,5,97.53781818181818,3092.8109090909093,1224.8792727272728,5918.156,55
54190,6,16.2100x0,6,130.14127272727274,3496.7616363636366,2050.0267272727274,7739.901272727273,55
54191,6,16.2100x0,8,119.58170212765958,3392.6559574468083,1853.5661702127659,7269.136595744681,47
54192,6,16.2100x0,9,111.75954545454546,3535.9204545454545,1194.2781818181818,6555.71090909091,22
54217,6,16.3900x0,5,1257.825,1054.9654545454546,842.5413636363636,6343.7072727272725,22
54219,6,16.3900x0,8,611.6427272727273,1485.2363636363636,1141.3736363636365,5819.677878787878,33
54291,6,16.8200,5,686.35875,1706.7466666666667,1412.9529166666669,7182.024583333333,24
54325,6,16.9200,5,677.9221621621622,2249.5735135135137,596.3218918918919,6261.716756756757,37
54326,6,16.9200,6,203.6053846153846,1222.7923076923075,326.41923076923075,3727.076923076923,26
54327,6,16.9200,8,930.5350000000001,2280.7749999999996,590.8072222222222,6292.748055555556,36
54345,6,16.9300x0,5,548.0323333333333,1917.9686666666666,600.0753333333333,6612.662666666667,30
54346,6,16.9300x0,6,1030.0465217391306,2410.554782608696,889.7195652173913,8581.134347826086,23
54347,6,16.9300x0,8,1636.7113636363638,2271.359090909091,1603.716818181818,9558.725909090908,22
54374,6,17.1100x0,5,5588.428390804598,1643.4062068965518,1143.0620689655173,12830.194827586207,87
54375,6,17.1100x0,6,5368.985192307692,1952.3506730769232,1178.9378846153845,13035.340288461537,104
54376,6,17.1100x0,8,5397.61217948718,2415.0248717948716,1254.1642307692307,13762.40628205128,78
54383,6,17.1200,5,5546.530000000001,1339.2001639344264,1040.3149180327869,11403.638852459017,61
54384,6,17.1200,6,5210.588541666667,1448.4820833333333,1019.3595833333334,11200.979583333334,48
54385,6,17.1200,8,5274.768292682927,1493.7317073170732,1078.328780487805,11571.395853658536,41
54389,6,17.1200x0,2,6124.7943749999995,1458.45578125,1005.340625,12825.327031249999,64
54390,6,17.1200x0,3,5262.668148148148,1533.833950617284,1194.2746913580247,12760.661851851852,81
54391,6,17.1200x0,4,5665.160107526882,1583.627634408602,1144.001935483871,12345.378494623656,93
54392,6,17.1200x0,5,5453.72641025641,1629.9040293040293,1157.0806227106227,12426.35293040293,273
54393,6,17.1200x0,6,5325.2306550218345,1948.3028820960699,1314.6362445414848,12954.907816593886,229
54394,6,17.1200x0,8,5678.167164179105,2482.336069651741,1464.8277611940298,14349.885920398008,201
54395,6,17.1200x0,9,5602.80309090909,2580.097272727273,1089.042,13721.518181818183,55
54401,6,17.1300,5,3913.92,1500.7421212121212,1124.9333333333334,12032.128181818181,33
54402,6,17.1300,6,4265.068620689655,1631.848275862069,1315.3206896551726,12397.196551724139,29
54403,6,17.1300,8,5871.6735,1786.5475,1116.065,13081.1305,40
54407,6,17.1300x0,2,6111.242040816326,1459.1332653061224,1238.0620408163265,13139.377346938776,49
54408,6,17.1300x0,3,5316.552857142858,1446.5738095238094,1143.5426984126984,12221.503492063492,63
54409,6,17.1300x0,4,4830.167339449541,1566.6366055045874,1195.029633027523,12085.628440366972,109
54410,6,17.1300x0,5,5214.955492957747,1782.975070422535,1274.988204225352,12910.33838028169,284
54411,6,17.1300x0,6,5742.12,1911.3325068870522,1206.347438016529,13516.149449035813,363
54412,6,17.1300x0,8,5768.359813084112,2340.5220249221184,1285.9319626168224,14128.960809968847,321
54413,6,17.1300x0,9,5727.05275,2482.7998749999997,1470.8311250000002,14487.733124999999,80
54422,6,17.2100x0,5,9700.575384615384,1930.56641025641,1198.1810256410256,18268.074871794874,39
54423,6,17.2100x0,6,9708.86779661017,2207.803559322034,1381.2901694915254,19399.32305084746,59
54424,6,17.2100x0,8,10387.340892857143,2702.925892857143,1319.4564285714284,20020.58892857143,56
54426,6,17.2200,0,402.64045454545453,875.8045454545455,543.7731818181818,8123.404545454545,22
54440,6,17.2200x0,5,9184.701346153846,1921.985576923077,1220.923076923077,18212.760000000002,52
54441,6,17.2200x0,6,9251.049821428573,2068.1464285714287,1405.9644642857143,18942.434464285714,56
54442,6,17.2200x0,8,10091.488253968255,2401.2371428571428,1377.955238095238,19644.526507936505,63
54443,6,17.2200x0,9,10452.561153846154,2872.9673076923073,1148.2142307692307,20123.906153846154,26
54450,6,17.2300x0,6,10254.500454545456,2256.7363636363634,1261.62,19306.356818181815,22
54451,6,17.2300x0,8,10029.948666666667,2451.828666666667,1497.9753333333333,19870.58133333333,30
54464,6,17.2400x0,6,8335.409696969698,2466.1409090909087,1281.2533333333333,18932.13,33
54465,6,17.2400x0,8,9244.5724,2386.63,1492.036,19793.4408,25
54471,6,17.3101,8,17317.463913043477,8766.670869565218,6987.75347826087,48262.88434782609,23
54485,6,17.3300,3,14685.859523809524,8402.33857142857,8170.4514285714295,49668.87380952381,21
54486,6,17.3300,4,16395.815166666667,8154.071666666667,7904.158833333334,48076.258499999996,60
54487,6,17.3300,5,15266.264662576688,7810.728957055215,8747.066134969326,48487.54981595092,163
54488,6,17.3300,6,15644.358674698795,9464.646807228915,8915.935240963856,51613.10445783132,166
54489,6,17.3300,8,17076.36420118343,10459.95473372781,10164.002958579882,57190.821420118344,169
54490,6,17.3300,9,14594.477846153844,11181.048615384616,10417.66753846154,56564.048615384614,65
54512,6,17.3500,5,16715.59261904762,8785.525476190476,9431.956428571428,53522.52380952381,42
54513,6,17.3500,6,17926.535853658537,9703.241707317075,10281.908780487805,55499.65853658537,41
54514,6,17.3500,8,17973.955957446808,11496.581914893617,13064.180638297872,61650.1985106383,47
54524,6,17.3600,4,14094.284583333334,8229.090833333334,8521.389166666666,47863.67041666667,24
54525,6,17.3600,5,14668.861304347827,7650.176811594202,7777.464927536232,48223.42101449275,69
54526,6,17.3600,6,14580.623582089553,8121.765970149253,8595.774925373134,52012.22597014926,67
54527,6,17.3600,8,15374.01161764706,8846.713235294117,8456.434264705882,50971.195,68
54534,6,17.3600x0,5,17888.242222222223,8039.7411111111105,8310.187222222223,50378.14194444444,36
54535,6,17.3600x0,6,18559.162881355933,9669.506949152543,8701.747796610169,53014.56898305084,59
54536,6,17.3600x0,8,19358.189705882352,10754.223235294117,10097.810882352942,57298.745588235295,34
54575,6,17.91210,4,325.72243243243247,2715.286486486487,3467.809189189189,8923.019729729729,37
54576,6,17.91210,5,125.29819672131147,2550.3786885245904,2045.9652459016395,6152.422786885246,61
54577,6,17.91210,6,208.80253968253967,2967.009523809524,2966.472380952381,8068.838095238095,63
54578,6,17.91210,8,208.84648648648647,3097.3175675675675,2742.580810810811,8028.316621621622,74
54579,6,17.91210,9,283.61216666666667,3394.8466666666664,3659.2716666666665,9934.6495,60
54596,6,17.91270,5,169.40645161290323,2581.935483870968,2060.367741935484,6949.5,31
54597,6,17.91270,6,459.5252,2880.38,3429.0851999999995,10405.9704,25
54598,6,17.91270,8,399.04541666666665,3211.2708333333335,3344.3904166666666,10421.269166666667,48
54599,6,17.91270,9,368.71366666666665,3446.483333333333,4846.706999999999,12290.945666666667,30
54603,6,17.912A0,2,76.63702702702703,1380.972972972973,958.3745945945946,5027.052162162162,37
54604,6,17.912A0,3,125.61335570469798,1538.3557046979865,1441.4024161073826,5955.826308724832,149
54605,6,17.912A0,4,152.40922480620156,1780.6116279069768,1630.3087209302325,6127.301899224806,258
54606,6,17.912A0,5,198.48690737833596,2008.3631083202513,1983.776671899529,7079.366844583987,637
54607,6,17.912A0,6,553.2344130434783,2440.7608695652175,2485.1947391304348,8856.031826086957,460
54608,6,17.912A0,8,376.55550724637686,2561.9717028985506,2618.9523731884055,8538.257210144928,552
54609,6,17.912A0,9,543.9145614035087,2755.0026315789473,3063.3297368421054,9750.474824561405,342
54612,6,17.912a0,3,55.17327868852459,2129.1803278688526,1788.8385245901638,6874.8970491803275,61
54613,6,17.912a0,4,69.6640243902439,2994.329268292683,2263.522073170732,8983.27756097561,82
54614,6,17.912a0,5,88.85145695364238,3268.8675496688743,2737.654437086093,10009.056887417219,151
54615,6,17.912a0,6,136.65757062146892,3867.8192090395482,3083.5637288135595,11044.530621468926,177
54616,6,17.912a0,8,171.19387755102042,4386.173469387755,3983.4705612244898,13508.843775510204,196
54617,6,17.912a0,9,202.5717679558011,5601.955801104972,4680.23591160221,15875.02591160221,181
54623,6,17.91330,3,137.56612903225806,1915.4193548387098,2120.3870967741937,5804.799999999999,31
54624,6,17.91330,4,159.7425,2191.4125,1966.56125,6105.85625,40
54625,6,17.91330,5,811.8494318181819,2588.0454545454545,2917.216931818182,8823.428863636364,88
54626,6,17.91330,6,1594.9143209876543,3094.911111111111,3791.3708641975304,11157.975308641975,81
54627,6,17.91330,8,649.0460563380283,3712.0112676056337,3887.9329577464787,11600.712112676058,71
54628,6,17.91330,9,310.07187500000003,4257.583333333333,4115.901041666667,12165.920833333332,48
54643,6,17.9200x0,0,155.03561403508772,977.7571052631579,929.1088596491228,4479.095701754386,114
54645,6,17.9200x0,2,34.352916666666665,1146.9354166666667,487.69041666666664,4881.016666666666,48
54646,6,17.9200x0,3,42.63211538461538,1504.5336538461538,631.5777884615384,5461.4670192307685,104
54647,6,17.9200x0,4,39.96528301886792,1676.897610062893,1182.5701257861635,6817.246729559748,159
54648,6,17.9200x0,5,54.64878151260504,1808.8834873949581,1388.588193277311,7401.213529411765,238
54649,6,17.9200x0,6,79.00625899280575,2045.7978417266188,1928.1176258992805,8197.494028776979,139
54650,6,17.9200x0,8,104.53508771929825,2452.77947368421,2477.942543859649,9915.509649122809,114
54651,6,17.9200x0,9,134.58305084745763,2507.825423728814,3302.376271186441,11778.313050847457,59
54683,6,17.9400x0,5,40.621818181818185,1855.6159090909093,2147.180909090909,6829.671818181818,44
54684,6,17.9400x0,6,94.5884375,1860.05,2081.413125,6752.9546875,32
54685,6,17.9400x0,8,128.84346153846153,2450.9884615384613,2841.065,10739.441153846154,26
54686,6,17.9400x0,9,144.4572,2567.092,3802.7291999999998,10933.6464,25
54690,6,17.9500x0,0,194.9009054834055,820.6099242424242,948.9901623376624,3361.273405483406,2772
54691,6,17.9500x0,1,120.56708154506438,1163.4840557939913,1117.6368454935623,3719.8272746781117,466
54692,6,17.9500x0,2,114.93375730994153,1548.33865497076,1374.6035526315789,4671.1836549707605,684
54693,6,17.9500x0,3,137.47955870108245,1805.7090840965861,1675.2768692756038,5604.205154038301,1201
54694,6,17.9500x0,4,123.32518867924527,2183.2964088050317,2168.761603773585,6778.177672955975,1590
54695,6,17.9500x0,5,116.67241781874039,2357.282811059908,2362.9257788018435,7216.949130568357,3255
54696,6,17.9500x0,6,131.77035466179157,2642.899265082267,2891.043612431444,8213.454895795247,2735
54697,6,17.9500x0,8,141.381517398745,2785.4024757558473,3142.1785995436394,8749.956123787793,3506
54698,6,17.9500x0,9,190.1956101490133,3122.706375352396,3486.9937414418046,9851.538908578332,2483
54702,6,17.95150,3,173.07500000000002,1386.6666666666667,1061.4208333333333,3786.4225,24
54704,6,17.95150,5,200.90942857142858,2109.1800000000003,2557.274857142857,6424.7128571428575,35
54705,6,17.95150,6,731.9745,3225.6625,4579.52725,11064.081750000001,40
54706,6,17.95150,8,658.804705882353,3311.8333333333335,4704.998823529412,11720.743333333334,51
54707,6,17.95150,9,351.448125,3069.353125,3711.4684375,9839.9696875,32
54739,6,17.95420,5,164.77375,2249.7291666666665,2327.514583333333,8198.4175,24
54741,6,17.95420,8,1580.4959090909092,3756.9772727272725,3152.786818181818,12087.096363636363,22
54754,6,17.95710,3,1252.0035999999998,1445.54,2210.4408000000003,7007.4524,25
54755,6,17.95710,4,796.215581395349,1914.2790697674418,1901.5423255813955,6788.176046511628,43
54756,6,17.95710,5,900.7435616438356,2533.1821917808215,3029.3868493150685,8773.803561643836,73
54757,6,17.95710,6,527.9319565217392,2708.926086956522,4294.990652173913,11253.89695652174,46
54758,6,17.95710,8,954.4505797101449,3643.6521739130435,4600.868405797101,12381.529999999999,69
54759,6,17.95710,9,403.65555555555557,3469.904444444445,3744.1104444444445,10469.380666666666,45
54769,6,17.96100,4,18.22891304347826,2876.945652173913,644.934347826087,7230.515217391305,46
54770,6,17.96100,5,17.101654135338347,2713.8571428571427,601.0407518796992,7347.457443609022,133
54771,6,17.96100,6,15.437763157894736,3100.934210526316,571.993552631579,7682.127236842106,76
54772,6,17.96100,8,17.232702702702703,2976.451351351351,660.3491891891892,7589.801351351352,74
54786,6,17.9700x0,0,164.17666666666668,977.5684126984127,623.5696825396825,4989.052857142858,126
54787,6,17.9700x0,1,192.5668613138686,1375.1718248175182,1168.18598540146,6065.9862773722625,137
54788,6,17.9700x0,2,623.7777777777778,1684.6000000000001,2373.380158730159,8841.515396825396,63
54789,6,17.9700x0,3,206.60298969072164,1632.0126804123713,1902.67793814433,6941.5672164948455,97
54790,6,17.9700x0,4,614.0027272727273,1779.8731818181818,2912.2141666666666,9667.83931818182,132
54791,6,17.9700x0,5,200.1495933014354,1829.8146650717704,2342.6945215311002,8578.042224880382,418
54792,6,17.9700x0,6,267.3822666666667,1889.22,2391.4797333333336,8633.9332,300
54793,6,17.9700x0,8,153.18599303135886,2091.510104529617,1910.6795470383277,7395.556480836237,287
54794,6,17.9700x0,9,344.8464795918367,2579.036173469388,2370.493112244898,9313.564744897958,196
54821,6,17.97420,4,342.15880000000004,3497.324,2146.514,15958.560800000001,25
54822,6,17.97420,5,204.72578947368424,2652.415789473684,3134.454210526316,17307.822105263156,38
54823,6,17.97420,6,334.5790625,3257.309375,2905.4096875,16707.92625,32
54850,6,17.98330,2,2067.2275,1304.9166666666667,2032.6480555555556,9358.683333333332,36
54851,6,17.98330,3,2069.0126315789475,1282.3315789473686,2108.4701754385965,9285.972807017542,57
54852,6,17.98330,4,2079.163947368421,1283.45,2069.162105263158,9295.401710526316,76
54853,6,17.98330,5,2102.044125,1465.9158750000001,2156.89175,9584.483625,80
54854,6,17.98330,6,2054.036666666667,1729.1285714285714,2104.002857142857,9452.499523809523,21
54888,6,18.0901,0,83.83045454545454,755.8454545454545,339.6940909090909,2447.503181818182,22
54904,6,18.1100,0,112.26244680851065,1109.4489361702128,896.9155319148936,3217.423085106383,94
54905,6,18.1100,1,86.55680000000001,1846.2520000000002,1165.2848,4245.7208,25
54906,6,18.1100,2,128.39296296296297,1617.5981481481483,1575.8277777777778,4609.506111111111,54
54907,6,18.1100,3,129.909,2016.9698571428569,2016.7357142857143,5615.538571428571,70
54908,6,18.1100,4,123.52463414634147,2308.9308536585363,2494.1568292682928,7855.163292682927,82
54909,6,18.1100,5,118.39375,2558.364125,1717.995625,6115.4365,160
54910,6,18.1100,6,142.91780952380952,3105.402,1965.6231428571427,7101.982761904763,105
54911,6,18.1100,8,122.72329896907216,3454.3052577319586,2046.4491752577321,7793.8948453608255,97
54912,6,18.1100,9,201.86414634146342,3957.2048780487803,2385.6831707317074,8984.11024390244,41
54923,6,18.2100x0,0,776.1635344827587,1318.649827586207,749.0409482758621,6563.721637931034,116
54924,6,18.2100x0,1,653.6745714285714,1371.3528571428571,752.7377142857143,5848.922857142857,70
54925,6,18.2100x0,2,632.6225000000001,1450.57953125,864.33921875,5398.5646875,64
54926,6,18.2100x0,3,596.6847368421053,1218.2826315789473,735.445,4961.481052631579,38
54928,6,18.2100x0,5,653.6930434782608,1291.3608695652174,801.171304347826,5174.062173913043,23
54949,6,18.2900x0,0,462.30064516129033,1248.1045161290322,574.2625806451613,5594.410645161291,31
54950,6,18.2900x0,1,769.3945833333333,1553.124375,849.4489583333334,6417.94,48
54951,6,18.2900x0,2,508.5320472440945,1410.3043307086614,502.66165354330707,4817.367795275591,127
54952,6,18.2900x0,3,432.2509183673469,1342.8388775510202,535.4932653061225,4462.6419387755095,98
54953,6,18.2900x0,4,497.1587610619469,1453.715309734513,508.2269026548673,4767.7474336283185,113
54954,6,18.2900x0,5,566.05,1672.1641007194244,752.3975539568345,5593.167338129497,139
54955,6,18.2900x0,6,597.145,1816.48484375,751.3675000000001,5633.12625,64
54956,6,18.2900x0,8,673.9918644067797,2107.6069491525423,1354.529152542373,7765.765084745763,59
54957,6,18.2900x0,9,658.1375999999999,2739.8540000000003,1477.4188000000001,8850.106800000001,25
54960,6,18.2901,2,342.9635714285714,1228.7985714285714,226.8114285714286,3656.769464285714,56
54961,6,18.2901,3,534.9411538461538,1287.2923076923075,523.1107692307693,4707.165769230769,26
54963,6,18.2901,5,377.40043478260867,1481.9478260869566,501.1826086956522,4425.056956521739,23
54971,6,18.2907,0,615.1774666666666,1123.4389333333334,406.1602666666667,6479.4444,75
55055,6,19.2901,5,2753.195416666667,2302.3266666666664,1305.5516666666665,14913.762916666667,24
55086,6,19.4x00x0,2,1366.8565384615383,1527.548076923077,1317.2271153846154,10626.054423076923,52
55087,6,19.4x00x0,3,1480.3767796610168,1575.6796610169492,1355.6749152542375,11515.066949152542,59
55088,6,19.4x00x0,4,974.3081666666666,1648.99,1303.7935,10779.3545,60
55089,6,19.4x00x0,5,1472.4078301886793,1776.1906603773584,1753.453679245283,12176.24603773585,106
55090,6,19.4x00x0,6,1356.4782142857143,2071.0214285714287,1725.5221428571429,12503.505714285713,28
55094,6,19.4x01,2,1270.7051219512196,1573.5939024390243,1209.672195121951,11537.76463414634,41
55095,6,19.4x01,3,1250.7523529411765,1279.8547058823528,1086.4188235294116,11135.094411764707,34
55096,6,19.4x01,4,1316.1408510638298,1677.3010638297872,1325.8502127659574,10955.692765957447,47
55097,6,19.4x01,5,1344.736233766234,1738.6393506493507,1214.6392207792208,11536.18103896104,77
55098,6,19.4x01,6,1054.8818181818183,1671.2222727272726,991.3909090909091,10969.962727272727,22
55102,6,19.5200,2,2785.862857142857,1673.964761904762,924.68,14863.38380952381,21
55103,6,19.5200,3,943.4545161290323,1525.625806451613,937.3419354838709,11291.105483870968,31
55104,6,19.5200,4,1098.7940625,1602.315625,1129.7553125,10795.65125,32
55105,6,19.5200,5,1420.435606060606,1611.5889393939394,1290.7039393939394,12567.380454545455,66
55114,6,19.5300,5,2809.6118181818183,2200.8045454545454,1913.1836363636364,17204.795454545456,22
55133,6,20.0100,0,1239.817142857143,1061.116,650.1951428571429,6445.238,35
55138,6,20.0100,5,710.3718518518518,1396.237037037037,751.8051851851852,4497.094444444445,27
55142,6,20.0100x0,0,2054.8951315789473,1465.7269736842106,679.5368421052632,9074.321315789473,76
55143,6,20.0100x0,1,1342.0765384615383,1479.603846153846,792.11,6212.703846153846,26
55145,6,20.0100x0,3,955.2304166666667,1926.1708333333333,888.4216666666666,5813.104166666667,24
55147,6,20.0100x0,5,700.8316,2288.7958,794.2804000000001,5901.985600000001,50
55148,6,20.0100x0,6,770.9183333333334,1913.5861111111112,794.1705555555556,5794.088611111111,36
55165,6,20.0902,0,210.04581395348836,752.9386046511628,482.16,3890.7590697674414,43
55166,6,20.0902,1,89.15880000000001,942.752,413.6156,3506.5412,25
55167,6,20.0902,2,106.18541666666665,1500.5541666666668,1279.0120833333333,4919.566666666667,24
55168,6,20.0902,3,67.69041666666666,1586.3333333333333,955.8970833333333,4686.78125,48
55169,6,20.0902,4,101.79349206349205,1601.2492063492064,1202.6636507936507,5041.275238095239,63
55170,6,20.0902,5,76.59820359281437,1740.1547904191616,1000.2600000000001,5027.328502994012,167
55171,6,20.0902,6,99.61188405797103,1950.8253623188407,1241.969420289855,5400.347391304348,69
55172,6,20.0902,8,164.36225,2372.42,1464.78225,5597.04275,40
55191,6,20.2301,5,557.4588,1585.2423999999999,1399.1384,6445.8596,25
55215,6,20.4900x0,4,1771.8757692307695,1987.9688461538462,1650.7396153846155,13318.276538461538,26
55216,6,20.4900x0,5,2815.7348780487805,2284.880487804878,1789.4251219512198,15575.08292682927,41
55222,6,20.4901,2,2681.698529411765,1867.9023529411766,1746.1714705882353,16821.13794117647,34
55223,6,20.4901,3,2448.720476190476,1849.1630952380954,1660.6542857142856,16180.765238095239,42
55224,6,20.4901,4,1821.9232203389831,2147.3171186440677,1421.9515254237288,16287.924915254236,59
55225,6,20.4901,5,2039.409010989011,2295.408131868132,1706.5298901098902,17422.965494505497,91
55226,6,20.4901,6,2819.897,2519.97575,1643.048,16875.92525,40
55237,6,20.5100x0,2,202.09032258064516,1185.0516129032258,242.0783870967742,2895.3674193548386,31
55238,6,20.5100x0,3,346.66190476190474,1460.0142857142857,556.657619047619,4405.117619047619,21
55240,6,20.5100x0,5,561.2568,1617.3368,450.9,5092.0144,25
55271,6,20.9400,4,140.19095238095238,1808.3619047619047,2937.152857142857,6496.302857142858,21
55272,6,20.9400,5,71.16047619047619,1914.5047619047618,1901.6057142857144,5833.245238095238,21
55277,6,20.9801,0,1488.1978260869566,1975.8826086956524,786.0052173913043,21752.065217391304,23
55298,6,21.0100,5,162.9864516129032,1682.1548387096775,1357.2703225806451,4510.28129032258,31
55299,6,21.0100,6,66.87,1628.6833333333334,660.1116666666667,3327.09,24
55300,6,21.0100,8,114.31777777777778,1896.0788888888887,2238.6307407407407,5824.160740740741,27
55314,6,21.0300,6,424.46090909090907,1067.729090909091,554.429090909091,3405.0350000000003,22
55321,6,21.0300x0,4,754.51,1215.097857142857,819.3053571428571,4709.869642857143,28
55322,6,21.0300x0,5,676.378,1185.0033333333333,840.4405,4510.755999999999,60
55323,6,21.0300x0,6,750.6076470588235,1361.7229411764704,915.0772549019608,4830.761764705882,51
55324,6,21.0300x0,8,621.3584,1444.5776,631.7544,4343.2436,50
55325,6,21.0300x0,9,686.3690909090909,1411.2140909090908,723.6477272727273,4776.672272727273,22
55337,6,21.0302,5,404.9241666666667,1441.913888888889,705.7161111111111,4155.100555555556,36
55338,6,21.0302,6,459.37913043478255,1355.3891304347826,683.7826086956521,4049.811304347826,23
55339,6,21.0302,8,387.9157142857143,1287.509523809524,1117.3028571428572,4320.212380952381,21
55343,6,21.0400,2,931.6004761904762,1226.2238095238095,606.2357142857143,4971.0142857142855,21
55345,6,21.0400,4,692.5948571428571,1203.8428571428572,617.2428571428571,4309.324857142857,35
55346,6,21.0400,5,733.6486363636363,1409.7969696969699,725.8833333333333,4839.085,66
55347,6,21.0400,6,695.0269444444444,1565.8475,581.6466666666666,5068.326944444444,36
55348,6,21.0400,8,681.9702325581395,1503.7325581395348,734.7953488372092,5210.627209302325,43
55349,6,21.0400,9,843.0352380952381,1774.7809523809524,586.9409523809524,5620.376666666667,21
55372,6,21.0904,1,275.71750000000003,898.53125,275.42,3665.907916666667,24
55376,6,21.0904,5,353.05120000000005,898.8380000000001,339.6168,3096.5764,25
55378,6,21.0904,8,226.2547619047619,1005.4595238095238,375.7304761904762,3359.171904761905,21
55391,6,21.2100,0,138.82283018867923,1336.56679245283,1100.590754716981,3748.4483018867927,53
55392,6,21.2100,1,132.70869565217393,2245.9608695652173,754.5952173913043,4367.240434782609,23
55393,6,21.2100,2,82.03571428571429,2293.6238095238095,1339.127619047619,5209.824761904762,21
55394,6,21.2100,3,87.6621052631579,3280.0526315789475,1201.4981578947368,6108.32,38
55395,6,21.2100,4,115.106,2364.2454545454543,1342.1001818181817,5246.529636363636,55
55396,6,21.2100,5,232.42361702127658,3837.888723404255,2884.465425531915,9187.675638297873,94
55397,6,21.2100,6,162.43562500000002,3724.3375,1945.89703125,7898.0490625,64
55398,6,21.2100,8,167.28880952380953,3122.9811904761905,2028.5733333333333,7247.121904761904,42
55399,6,21.2100,9,168.94636363636363,2593.3848484848486,1809.5,6375.335454545455,33
55429,6,21.3102,4,1636.9761538461537,1865.1046153846155,1684.3576923076923,11154.021538461539,26
55430,6,21.3102,5,1269.5396153846154,2319.6801923076923,1884.6121153846154,11792.37673076923,52
55431,6,21.3102,6,1642.7192857142857,2370.1489285714283,1721.390357142857,11415.067500000001,28
55445,6,21.3104,3,1615.7335294117647,1741.4232352941176,833.0582352941176,9049.196176470588,34
55446,6,21.3104,4,1476.7857142857142,2397.45,1496.3869047619048,9925.547857142858,42
55447,6,21.3104,5,1855.9472881355932,2427.7066101694913,1452.6274576271187,11041.880847457627,59
55448,6,21.3104,6,1171.4170212765957,2306.6789361702126,827.6025531914894,8828.381276595745,47
55449,6,21.3104,8,1886.6764516129033,3123.0170967741933,1096.2870967741935,10987.171935483871,31
55468,6,21.3200x0,2,454.28333333333336,1524.192857142857,702.1461904761904,4838.889523809524,21
55469,6,21.3200x0,3,652.74375,1444.4104166666666,538.0095833333334,4703.844166666667,24
55470,6,21.3200x0,4,465.09227272727276,1573.480909090909,686.0470454545455,4805.439772727273,44
55471,6,21.3200x0,5,558.9973913043478,1645.0710144927536,753.489420289855,5226.986521739131,69
55472,6,21.3200x0,6,737.3625000000001,2000.9416666666666,1382.5204166666665,6800.7,24
55482,6,21.3201,8,635.2977272727272,2393.473636363636,426.79090909090905,6025.875,22
55490,6,21.5x00,2,1287.9529166666669,1194.64875,1563.8929166666667,7673.430416666667,24
55491,6,21.5x00,3,1454.3627272727272,1685.9713636363638,1650.7259090909092,10221.290909090909,22
55493,6,21.5x00,5,1243.337619047619,1516.6104761904762,1328.0442857142857,7872.309047619047,21
55496,6,21.5x00x0,1,2135.936756756757,1461.543783783784,1034.680810810811,8033.277837837839,37
55497,6,21.5x00x0,2,1532.7546212121213,1509.7877272727274,1238.9677272727272,7826.276212121212,132
55498,6,21.5x00x0,3,1528.8391719745223,1695.6286624203822,1331.4399999999998,8283.982866242039,157
55499,6,21.5x00x0,4,1874.9473684210527,1806.6054385964912,1431.7597368421054,8906.673596491228,114
55500,6,21.5x00x0,5,1721.9936842105262,1584.6815789473685,1255.5555263157894,8192.613771929824,114
55501,6,21.5x00x0,6,2073.741951219512,2002.9987804878049,1333.680243902439,9292.770487804879,41
55505,6,21.5x01,2,1612.9569892473119,1704.7693548387097,1285.0702150537634,8649.07376344086,93
55506,6,21.5x01,3,2017.3573015873014,1907.4514285714286,1311.8896825396826,9351.711428571427,63
55507,6,21.5x01,4,1948.5539583333332,1969.315625,1536.0974999999999,10055.715624999999,48
55508,6,21.5x01,5,2038.9018604651162,2172.772093023256,1513.4170930232558,10495.018837209302,86
55542,6,21.6903,2,1590.9547457627118,1456.3918644067796,928.1101694915254,6376.855762711864,59
55543,6,21.6903,3,1574.113188405797,1504.1898550724638,929.9737681159421,6319.07884057971,69
55544,6,21.6903,4,1464.444375,1435.5478125,960.6890625,6632.0246875,32
55545,6,21.6903,5,1634.1744444444446,2276.8571111111114,1457.5653333333335,8674.258222222223,45
55549,6,21.6904,2,1596.839777777778,1670.1704444444445,733.082888888889,6441.575777777777,45
55550,6,21.6904,3,1743.3430769230768,1706.2482692307692,840.0334615384616,6906.260769230769,52
55551,6,21.6904,4,1877.2819512195122,1807.1668292682925,969.8756097560976,7533.795609756097,41
55552,6,21.6904,5,1837.4396153846153,2273.333076923077,1099.6207692307692,8387.169615384615,26
55555,6,21.7100,0,626.9343076923077,1030.858923076923,613.7146153846153,4595.9204615384615,65
55556,6,21.7100,1,630.0097714285714,1095.6355428571428,815.0047999999999,4664.735828571429,175
55557,6,21.7100,2,536.3042675159236,1212.4735031847133,852.6664968152867,4397.8973885350315,157
55558,6,21.7100,3,633.9424096385542,1283.4014457831327,924.0349397590361,4667.5106024096385,83
55559,6,21.7100,4,569.4597777777777,1530.0008888888888,1007.626,5243.773777777778,90
55560,6,21.7100,5,693.2208108108109,1727.244189189189,1137.6706756756757,6213.987027027027,74
55601,6,21.8400,2,1372.597659574468,1444.3787234042554,1242.9031914893617,12448.235531914892,47
55602,6,21.8400,3,1109.7027272727273,1391.5772727272727,1199.41,7507.066818181818,22
55604,6,21.8400,5,1110.581794871795,1678.9897435897435,1147.8228205128205,8057.0228205128205,39
55607,6,21.8400x0,1,1180.0414634146343,1504.2385365853659,1963.8663414634148,8796.189512195122,41
55608,6,21.8400x0,2,1262.5358015267175,1576.7311450381678,1716.3927480916032,10078.994885496184,131
55609,6,21.8400x0,3,1212.1580821917807,1639.8118493150685,1661.5482876712329,9593.199657534245,146
55610,6,21.8400x0,4,1208.7106382978723,1797.5282978723405,1919.1997872340426,9551.11404255319,94
55611,6,21.8400x0,5,1307.1967105263157,1908.0725657894739,2317.2479605263156,10584.028881578946,152
55612,6,21.8400x0,6,1302.6497872340426,1843.287659574468,2017.7178723404256,9778.290212765958,47
55727,6,22.2x01,1,1607.7513333333334,1717.1683333333335,1236.9993333333334,11067.193333333333,30
55728,6,22.2x01,2,1656.2808988764045,1748.4950561797752,1308.821348314607,11275.103370786517,89
55729,6,22.2x01,3,1464.231,1603.0735833333333,1268.4363333333333,10889.887833333334,120
55730,6,22.2x01,4,1416.809632352941,1776.3085294117645,1158.5914705882353,10738.726985294119,136
55731,6,22.2x01,5,1530.7840501792114,1693.4270967741934,1269.7277777777776,10478.591612903227,279
55732,6,22.2x01,6,1397.0516814159291,2169.6700884955753,1446.0316814159291,12066.385840707966,113
55733,6,22.2x01,8,1024.750476190476,2408.837936507937,1292.607619047619,10879.283333333333,63
55777,6,22.5002,5,1843.6696,3055.1079999999997,4262.131600000001,18633.93,25
55782,6,22.5102,3,1438.8307499999999,2328.06525,1179.0205,12102.47925,40
55783,6,22.5102,4,1238.2639024390244,2686.2658536585363,933.4107317073172,11825.142926829269,41
55784,6,22.5102,5,1064.172142857143,2449.546142857143,940.9904285714287,10839.921428571428,70
55785,6,22.5102,6,1357.1768085106382,2960.3206382978724,983.7121276595745,12391.057446808509,47
55792,6,22.5203,4,1027.0716216216217,2103.7272972972974,743.3656756756757,10065.943513513514,37
55793,6,22.5203,5,1367.3109803921568,2064.3360784313727,909.8368627450981,10438.485098039215,51
55794,6,22.5203,6,1258.3485185185186,2808.0899999999997,1185.7192592592594,13122.030740740742,27
55803,6,22.5300,2,1613.6669696969698,1633.1730303030304,1385.9312121212122,11089.21606060606,33
55804,6,22.5300,3,2333.3309756097565,1552.919024390244,1648.7502439024388,11750.573414634147,41
55805,6,22.5300,4,1546.2518,1667.5462,1334.695,10330.010400000001,50
55806,6,22.5300,5,1926.1796739130434,1935.3001086956524,1664.368804347826,11805.602934782608,92
55807,6,22.5300,6,1537.2575757575758,1803.0666666666666,1588.7457575757576,10881.202727272728,33
55808,6,22.5300,8,1423.965652173913,1756.7513043478261,1377.4452173913044,10337.101304347827,23
55811,6,22.5300x0,1,1991.662448979592,1593.0885714285714,1682.4222448979592,12670.709387755101,98
55812,6,22.5300x0,2,1804.3502054794521,1627.749006849315,1633.5916438356164,11840.003424657534,292
55813,6,22.5300x0,3,1893.6492957746477,2013.3394600938966,2261.767558685446,13506.765446009389,426
55814,6,22.5300x0,4,1773.9336069114472,1854.8380561555075,1679.2069114470844,12277.049870410367,463
55815,6,22.5300x0,5,1647.7580615735462,1981.862542759407,1660.1574230330673,12073.127423033067,877
55816,6,22.5300x0,6,1672.3033999999998,2042.971257142857,1622.1984857142857,12071.782942857144,350
55817,6,22.5300x0,8,1453.571851851852,2237.154761904762,1593.5604761904763,11848.681111111111,189
55818,6,22.5300x0,9,1406.3325,2523.0427777777777,1340.3777777777777,12164.666388888889,36
55820,6,22.5301,2,1865.4220930232557,1710.1467441860464,2077.08488372093,12444.85930232558,43
55821,6,22.5301,3,1992.47625,1739.1208333333334,1794.2197916666667,13022.194166666666,48
55822,6,22.5301,4,1723.9615999999999,1743.1485333333333,1875.9164,12238.017466666666,75
55823,6,22.5301,5,1361.4922695035461,1734.7246808510638,1716.8602836879431,11651.001843971631,141
55824,6,22.5301,6,1835.2040350877194,2259.894385964912,1939.7691228070175,13584.655087719299,57
55839,6,22.6002,2,1262.3557575757575,1685.0787878787878,1530.5369696969697,10901.018787878787,33
55840,6,22.6002,3,1482.328181818182,1502.148484848485,1221.3024242424244,10285.20696969697,66
55841,6,22.6002,4,1473.84,1632.2928985507247,1468.6807246376811,10392.826086956522,69
55842,6,22.6002,5,1329.4147142857144,1648.309,1583.8537857142858,10668.273857142858,140
55843,6,22.6002,6,1456.3526923076922,2079.294230769231,1321.4778846153847,10514.787692307691,52
55844,6,22.6002,8,2542.4554545454544,2367.9188636363633,1491.5986363636364,12824.859318181816,44
55860,6,22.6201,2,2059.148787878788,1714.730303030303,1903.0875757575757,11738.646363636364,33
55861,6,22.6201,3,2215.572222222222,2212.322222222222,2743.501111111111,14444.962698412699,63
55862,6,22.6201,4,1967.4115,1936.7953333333332,1788.3576666666668,12095.557,60
55863,6,22.6201,5,1961.3664864864863,2018.3293693693693,1988.6089189189188,12396.307567567566,111
55864,6,22.6201,6,2637.7277192982456,2556.022105263158,2132.7568421052633,14957.32350877193,57
55865,6,22.6201,8,2495.4337499999997,2919.67375,2107.2616666666668,16309.157500000001,24
55878,6,22.6301,5,760.7428,2418.916,1453.0344,11671.636,25
55928,6,23.1900x0,0,458.8489285714286,787.3107142857143,439.71392857142854,4552.855714285714,28
55933,6,23.1900x0,5,273.663125,2935.54625,2098.19875,11411.031458333333,48
55934,6,23.1900x0,6,356.08558139534887,2913.1481395348837,1245.446976744186,7470.711162790698,43
55935,6,23.1900x0,8,348.87399999999997,2378.5385,1095.1325000000002,7524.634,40
55936,6,23.1900x0,9,231.7023333333333,2179.270666666667,986.2,6191.927333333334,30
56014,6,24.3100x0,5,2093.3165853658534,2404.3534146341462,1681.7556097560976,11709.075853658536,41
56015,6,24.3100x0,6,5845.535714285715,5026.520238095238,3704.6480952380953,27323.95880952381,42
56016,6,24.3100x0,8,5413.364799999999,6635.5308,3756.7944,27618.8552,25
56091,6,25.1x01,0,676.4476,1332.494,528.9804,5349.986800000001,25
56096,6,25.1x01,5,2426.523157894737,3416.5580701754384,2093.1977192982454,12903.330000000002,57
56097,6,25.1x01,6,4305.122,5378.2416,2725.1456,22226.436,25
56098,6,25.1x01,8,4719.017916666667,4508.553333333333,3092.3325,21584.042083333334,24
56105,6,25.1x04,4,1147.1564,1900.2484,880.7296000000001,7026.153,50
56106,6,25.1x04,5,1173.1757954545456,1875.0727272727272,972.4697727272727,7061.161249999999,88
56107,6,25.1x04,6,1260.5478125,2020.2915625,1395.1265625,7655.826875,32
56108,6,25.1x04,8,1450.621739130435,2724.6730434782608,1507.5739130434781,8905.753043478262,23
56119,6,25.2x00,5,20794.13619047619,7155.340952380952,5748.948571428571,52978.46380952381,21
56120,6,25.2x00,6,18616.963809523808,7073.233333333333,6857.302857142857,51284.166666666664,21
56146,6,25.9100x0,0,417.30925925925925,938.8907407407407,399.3870370370371,3904.384074074074,27
56147,6,25.9101,0,370.875,694.515625,297.5446875,3016.03953125,64
56174,6,26.1100x0,5,304.8634782608696,4753.229130434783,1484.2826086956522,8144.410869565218,23
56190,6,26.2901,2,2662.433846153846,2302.3673076923073,1645.253846153846,11454.354615384615,26
56191,6,26.2901,3,2824.8720000000003,2271.8375,1700.0763333333334,12488.005333333334,60
56192,6,26.2901,4,2253.429166666667,2567.4431666666665,1590.842,12157.78,60
56193,6,26.2901,5,2277.691428571429,2636.0019327731093,1816.9933613445378,12348.49462184874,119
56194,6,26.2901,6,2495.638656716418,2820.98223880597,1761.832686567164,12635.653582089553,67
56195,6,26.2901,8,2389.62575,2851.14175,1854.6654999999998,12626.189,40
56247,6,26.3100x0,5,3630.006440677966,3022.432711864407,1923.1493220338982,14877.084745762711,59
56248,6,26.3100x0,6,3124.9352000000003,3027.812,1871.3464000000001,14022.331199999999,25
56249,6,26.3100x0,8,2990.9858333333336,3699.460416666667,2210.4925,15394.69375,24
56253,6,26.3101,3,2696.6795454545454,2993.4304545454547,1851.3354545454547,13154.094545454545,22
56254,6,26.3101,4,3428.89,3571.075909090909,1983.6586363636363,16049.793636363638,22
56255,6,26.3101,5,2905.299433962264,3481.505283018868,1665.0590566037736,13880.062075471698,53
56256,6,26.3101,6,2455.901851851852,3271.7277777777776,1733.5240740740742,12629.791851851853,27
56280,6,26.3201,5,5083.24935483871,4808.654193548387,2722.5716129032257,21394.715483870965,31
56285,6,26.3202,1,1249.4644,1606.92,1173.8736,7550.5344,25
56286,6,26.3202,2,971.5370370370371,1539.838888888889,1255.665925925926,7818.910370370371,27
56287,6,26.3202,3,924.535357142857,1878.3607142857143,1376.5785714285714,8380.473571428573,28
56293,6,26.3203,2,1441.8491304347826,2159.8065217391304,1199.9795652173912,9825.44347826087,23
56294,6,26.3203,3,1816.325185185185,2743.8518518518517,1810.762962962963,12059.214074074074,27
56295,6,26.3203,4,1902.7222222222222,3047.565925925926,1710.5614814814817,12284.873333333335,27
56296,6,26.3203,5,1624.595,2665.018529411765,1783.189705882353,11255.697058823529,34
56311,6,27.0x01,5,3876.931818181818,8318.878181818181,12468.68318181818,39135.81318181818,22
56361,6,27.0x10,5,886.3294736842105,3050.971842105263,3190.396052631579,11366.162631578947,38
56363,6,27.0x10,8,508.7396428571428,3683.7310714285713,2779.2242857142855,11166.056785714285,28
56375,6,27.2300,3,113.7441935483871,6006.4874193548385,2206.32935483871,10146.958387096774,31
56376,6,27.2300,4,219.8108695652174,5476.96304347826,1519.4873913043477,8910.495869565217,46
56377,6,27.2300,5,229.37066666666666,5945.6320000000005,1860.8138666666669,10010.942666666666,75
56378,6,27.2300,6,300.2436734693878,8062.861224489796,2114.484081632653,12589.442857142856,49
56432,6,27.4301,0,516.6800000000001,1093.818148148148,435.3737037037037,5574.5837037037045,27
56498,6,27.4906,5,10748.154999999999,5832.020416666666,4745.83375,34861.665,24
56499,6,27.4906,6,4530.693181818182,4427.010454545454,3432.275,21736.705,22
56511,6,27.5100,0,573.5550000000001,1332.1784615384615,526.9388461538462,5582.008461538461,26
56530,6,27.5400,0,1596.3860869565217,927.695652173913,766.3568115942029,14456.818985507247,69
56577,6,27.6200x0,0,967.1829761904761,933.7629761904761,662.3535714285714,10283.332499999999,84
56594,6,27.6900x0,3,3582.4538461538464,3379.0069230769227,2955.9403846153846,16823.260384615387,26
56595,6,27.6900x0,4,3198.843,3764.0196666666666,3711.9693333333335,18599.416,30
56596,6,27.6900x0,5,2841.54875,3408.1858333333334,2907.418333333333,15820.923333333334,24
56599,6,27.6902,0,1473.0543137254904,1348.154705882353,782.6910294117647,8115.392769607844,408
56600,6,27.6902,1,1501.1401282051281,1417.68358974359,1091.7270512820514,8495.525,78
56601,6,27.6902,2,1846.6027586206897,1541.1153448275863,1460.9187931034483,8963.179655172413,58
56602,6,27.6902,3,1699.7234090909092,1710.346818181818,1655.1425000000002,9666.232727272727,44
56603,6,27.6902,4,1927.8759459459461,1904.7205405405407,1897.0756756756757,10400.212972972973,37
56604,6,27.6902,5,1469.3422222222223,1771.8616666666667,1654.2716666666665,9595.984166666667,36
56613,6,27.6906,3,2707.5147619047616,3200.752380952381,3072.33,14727.521904761907,21
56614,6,27.6906,4,3117.178636363636,3215.4740909090906,3736.2690909090907,16390.189545454545,22
56615,6,27.6906,5,2777.6160869565215,4047.973913043478,3357.903043478261,16903.015217391305,23
56644,6,27.9900x0,0,659.996923076923,1283.2007692307693,516.7242307692308,9081.09653846154,26
56647,6,27.9900x0,3,711.5610344827586,2072.3162068965516,938.2113793103449,6444.239310344828,29
56648,6,27.9900x0,4,2488.748846153846,1721.5784615384616,1022.7015384615386,8710.178846153847,26
56649,6,27.9900x0,5,633.7437777777778,2006.8257777777778,829.2184444444445,5920.672222222222,45
56650,6,27.9900x0,6,1914.8779166666666,2613.0245833333333,1507.6441666666667,9642.718333333332,24
56651,6,27.9900x0,8,826.5417142857143,2951.4914285714285,1304.3925714285713,8477.307714285715,35
56652,6,27.9900x0,9,760.9860714285714,2516.414285714286,884.5332142857143,6997.282142857142,28
56659,6,27.9901,6,12892.31909090909,6828.125454545455,4996.489545454546,39369.71909090909,22
56675,6,28.0x00x0,2,147.4613043478261,1331.7891304347827,930.3921739130435,3465.473913043478,23
56676,6,28.0x00x0,3,119.17179487179487,1441.3128205128205,934.9102564102565,3677.106153846154,39
56677,6,28.0x00x0,4,85.58147058823529,1304.8279411764706,965.4073529411764,3572.4652941176473,34
56678,6,28.0x00x0,5,148.67440677966104,1426.8406779661018,1172.1357627118643,3911.222033898305,59
56679,6,28.0x00x0,6,154.69551724137932,1694.0086206896551,1315.822068965517,4529.996551724138,29
56717,6,28.2x00x0,0,2182.089539473684,1504.2650657894737,1099.2555921052633,8208.937960526317,152
56718,6,28.2x00x0,1,1382.4740322580644,1672.5766129032259,1538.1967741935484,8155.142258064517,62
56719,6,28.2x00x0,2,1598.1368181818182,1672.9327272727273,1707.8288961038963,8500.66012987013,154
56720,6,28.2x00x0,3,1691.0810625,1804.2986250000001,1787.1667499999999,9078.40425,160
56721,6,28.2x00x0,4,2205.0258024691357,2026.337037037037,2111.866913580247,10610.82024691358,81
56722,6,28.2x00x0,5,2024.2320238095238,2526.0724999999998,2097.8016666666667,11079.007261904762,84
56723,6,28.2x00x0,6,2763.4885714285715,2584.0542857142855,1973.8761904761905,12432.11380952381,21
56732,6,28.2x03,0,2416.62440433213,1467.052166064982,1021.6814079422383,8825.185631768953,277
56733,6,28.2x03,1,2157.4734306569344,1483.9295620437956,1386.0750364963503,8813.472554744525,137
56734,6,28.2x03,2,2268.7681690140844,1630.0903755868544,1818.1271830985916,9363.098215962442,213
56735,6,28.2x03,3,2470.3323039215684,1836.6649509803922,1934.359362745098,10017.302892156862,204
56736,6,28.2x03,4,2315.216320754717,1899.4580188679245,1795.5113207547172,9828.71216981132,106
56737,6,28.2x03,5,2405.6353636363638,1922.0752727272727,1751.6236363636365,9626.25690909091,110
56738,6,28.2x03,6,2441.251923076923,2115.5184615384615,1842.3653846153845,9975.256153846154,26
56740,6,28.2x04,0,831.946923076923,1464.7115384615386,1124.1134615384615,8038.531538461539,26
56742,6,28.2x04,2,1374.735,1824.25,1399.6877272727272,8666.960909090909,22
56748,6,28.3x00,0,1175.1972340425532,1445.419574468085,705.9897872340426,7978.772553191489,47
56751,6,28.3x01,0,2097.994957983193,1466.6399039615847,832.372569027611,9509.17150060024,833
56752,6,28.3x01,1,2154.196304347826,1625.7697826086958,1031.4152173913044,10058.64543478261,92
56758,6,28.3x03,0,2100.0918723098994,1726.6709469153514,1160.2368220946914,9566.827984218078,1394
56759,6,28.3x03,1,2332.8113636363637,1727.9696022727273,1382.2375568181817,9592.693011363635,176
56780,6,28.6x00,0,2133.620566037736,1004.7969811320754,777.3705660377358,6249.238113207547,53
56781,6,28.6x00,1,2127.7672000000002,1046.5792,924.4808,6289.0588,25
56783,6,28.6x00x0,0,2006.9221393034825,1286.657064676617,748.3870895522388,7326.031430348258,804
56784,6,28.6x00x0,1,1785.1833858267717,1366.0891338582678,921.3479527559056,7360.636141732284,127
56786,6,28.6x01,0,1618.609855769231,1588.6719230769231,938.5130288461538,7734.394086538461,208
56787,6,28.6x01,1,2080.4323529411763,1558.3182352941176,1219.9776470588235,8667.188529411764,34
56788,6,28.6x02,0,1465.258595890411,1213.5247260273973,703.9041438356164,6547.364623287671,292
56789,6,28.6x02,1,1322.3147916666667,1413.405,1013.883125,7273.425625,48
56811,6,28.9201,5,1403.164117647059,2033.1176470588234,1076.7332352941175,7676.244117647058,34
56821,6,29.1100,0,120.92285714285715,875.6091428571428,686.8874285714286,3261.613714285714,35
56830,6,29.1100x0,0,137.1264117647059,1585.3732352941176,846.0979411764705,3982.6128823529407,170
56831,6,29.1100x0,1,203.85489361702128,1649.7572340425531,997.8964893617022,4206.663510638298,94
56832,6,29.1100x0,2,137.99523489932886,1813.4587248322146,1125.1557046979867,4267.530604026846,149
56833,6,29.1100x0,3,169.7615767634855,2182.3788381742743,1250.8511203319501,4877.191037344399,241
56834,6,29.1100x0,4,136.81570093457944,2657.9912772585667,1226.7791900311527,5719.980965732087,321
56835,6,29.1100x0,5,161.93713567839197,2871.28013400335,1385.9178559463985,6027.509380234506,597
56836,6,29.1100x0,6,214.69729805013927,3205.824930362117,1716.0169637883007,6851.093147632312,359
56837,6,29.1100x0,8,248.2581176470588,3472.004431372549,2034.1585098039216,7661.059333333334,255
56838,6,29.1100x0,9,253.34820512820514,4146.095384615384,2629.4247863247865,9696.078034188033,117
56849,6,29.1202,5,621.5107142857142,5148.2375,1525.8257142857142,9166.390714285715,28
56855,6,29.1203,3,912.1816666666667,4198.540555555555,1792.4233333333332,9496.992222222221,36
56856,6,29.1203,4,216.72022727272727,3883.7379545454546,763.5743181818181,6169.687954545455,44
56857,6,29.1203,5,452.0305376344086,4836.57311827957,1296.081935483871,8993.592150537634,93
56858,6,29.1203,6,560.1344,5501.956,1559.3804,9771.4388,50
56859,6,29.1203,8,722.3604545454546,5500.168181818181,3061.6781818181817,14027.706363636365,22
56868,6,29.2x00x0,0,661.6189285714287,1451.8185714285714,578.1617857142858,6620.988571428571,28
56891,6,29.3900x0,5,988.3686956521739,3000.6408695652176,1352.0752173913042,10214.27043478261,23
56896,6,29.3901,2,605.9368571428572,1331.8657142857144,501.34771428571423,4641.546285714286,35
56897,6,29.3901,3,783.2436764705882,1464.4963235294117,539.8989705882352,5300.585294117647,68
56898,6,29.3901,4,776.1695945945946,1699.795945945946,903.8337837837837,6304.88472972973,74
56899,6,29.3901,5,1890.9029347826088,1826.3582608695651,943.990543478261,8704.761086956521,92
56900,6,29.3901,6,717.3781081081081,1911.7062162162163,1070.214054054054,6493.323243243243,37
56915,6,29.3905,3,1175.1593333333333,1619.5773333333332,958.1391111111111,7250.889111111112,45
56916,6,29.3905,4,1067.281038961039,1711.7072727272725,921.5306493506494,7009.647272727272,77
56917,6,29.3905,5,1122.095316455696,1805.0401265822786,1060.854493670886,7673.337911392405,158
56918,6,29.3905,6,1045.27,2276.650746268657,1232.2213432835822,8514.303134328358,67
56919,6,29.3905,8,1024.1639130434783,2365.603043478261,1087.1982608695653,8170.658260869566,23
56924,6,29.3906,5,879.8791304347826,1526.4304347826087,928.4252173913043,7676.407391304348,23
56938,6,29.3908,4,657.3386206896552,2184.2999999999997,831.6244827586207,6409.034827586207,29
56939,6,29.3908,5,962.234705882353,2646.1176470588234,989.7062745098038,7968.643725490197,51
56955,6,29.5200x0,0,1014.1680952380951,1392.1214285714286,647.8628571428571,7504.46880952381,42
56971,6,30.0900,5,1324.6270833333333,1347.3654166666668,977.0583333333334,6779.2775,24
56976,6,30.0900x0,2,1246.0861904761905,1259.825,1113.4107142857142,7295.688571428571,42
56977,6,30.0900x0,3,1258.717786259542,1493.508396946565,1084.807709923664,7533.895648854961,131
56978,6,30.0900x0,4,1218.452928870293,1558.3523012552303,1203.9916736401674,7673.481715481171,239
56979,6,30.0900x0,5,1372.1188970588234,1685.8207107843136,1240.341617647059,8096.138946078431,408
56980,6,30.0900x0,6,1362.260487804878,1841.8327642276422,1195.3345528455284,8238.916991869919,123
56981,6,30.0900x0,8,1549.88,2999.7887234042555,1755.618085106383,11246.79340425532,47
56985,6,30.0901,4,558.4193548387096,1498.2919354838712,1069.7996774193548,7180.767419354839,31
56986,6,30.0901,5,576.8780555555555,1665.2783333333334,1088.475,6895.913055555556,36
56999,6,30.0903,2,692.4784615384615,1612.8076923076924,792.7020512820513,6305.642051282051,39
57000,6,30.0903,3,762.1834905660377,1658.5006603773586,926.3404716981132,6425.504528301886,106
57001,6,30.0903,4,840.2347878787879,1721.7573939393938,1003.5829696969697,6710.544242424243,165
57002,6,30.0903,5,820.9195864661655,1832.6798496240604,1083.3438721804512,7022.444924812031,266
57003,6,30.0903,6,1078.4414150943396,2034.174716981132,1183.5176415094338,7714.706981132075,106
57004,6,30.0903,8,863.85975,2067.8224999999998,1191.12125,7567.6995,40
57008,6,30.0904,3,624.98275,1600.0375,1264.54725,7259.425,40
57009,6,30.0904,4,533.9228813559322,1830.4927118644066,1225.4262711864405,7192.408813559322,59
57010,6,30.0904,5,711.4904385964912,1915.1730701754386,1338.6190350877193,7748.454736842105,114
57011,6,30.0904,6,578.6848717948718,1710.035128205128,1119.7046153846154,7309.643076923077,39
57016,6,30.0905,2,528.1333980582524,1394.7621359223301,908.4377669902913,6386.9720388349515,103
57017,6,30.0905,3,469.74937869822486,1409.222396449704,875.7001479289942,6331.499467455621,338
57018,6,30.0905,4,556.9533126934984,1515.6452631578948,940.0993034055728,6704.823343653251,646
57019,6,30.0905,5,573.208649851632,1597.6084272997034,971.319584569733,6840.754258160237,674
57020,6,30.0905,6,705.2012021857923,1864.8872677595627,1026.9842076502732,7305.63606557377,183
57021,6,30.0905,8,668.2121666666667,1882.5528333333334,1031.3646666666666,7281.0599999999995,60
57025,6,30.0906,2,608.7975,1453.4825,839.16,6845.520833333333,24
57026,6,30.0906,3,520.1252413793104,1585.3857931034483,882.7276551724137,7221.107310344828,145
57027,6,30.0906,4,553.4136263736265,1684.4915018315019,850.7134798534798,7370.340219780221,273
57028,6,30.0906,5,592.6628571428572,1844.2887331536388,963.3159299191375,7819.204070080862,371
57029,6,30.0906,6,554.0046534653466,2146.4440594059406,985.6070297029703,8155.943663366337,101
57030,6,30.0906,8,693.1967741935483,2475.841935483871,1026.1903225806452,8697.258387096774,31
57040,6,30.0911,3,931.3764150943396,1455.6090566037735,1194.4241509433962,7605.765471698113,53
57041,6,30.0911,4,557.9062857142858,1613.9244761904763,1064.7958095238096,7210.572857142857,105
57042,6,30.0911,5,871.7911695906433,1932.8573099415203,1267.6120467836258,8246.923976608186,171
57043,6,30.0911,6,1050.036,2341.8562857142856,1641.834,9398.210285714285,70
57044,6,30.0911,8,1022.4540625,3191.208125,1483.0165625,10642.885,32
57076,6,30.2900x0,5,4100.8692,5854.318,6030.658,29729.6212,25
57077,6,30.2900x0,6,4761.276086956522,8310.62043478261,5986.532608695652,34628.09391304348,23
57132,6,31.1x00x0,5,4904.537454545454,19222.926909090907,25991.152727272725,79100.50018181818,55
57133,6,31.1x00x0,6,3170.8178846153846,17272.769038461538,22332.01134615385,67237.83961538461,52
57134,6,31.1x00x0,8,4343.9161728395065,19441.041975308643,27105.1187654321,75864.18839506172,81
57135,6,31.1x00x0,9,7003.327894736842,31466.554385964915,45053.40245614035,130023.1498245614,57
57163,6,31.4200,5,462.73346153846154,2618.818076923077,1674.7223076923076,8224.560384615384,26
57167,6,31.4200x0,0,255.36032258064517,1637.6774193548388,1045.1454838709676,4219.56064516129,31
57168,6,31.4200x0,1,120.90311111111112,1652.0053333333335,1043.9622222222222,4120.789555555555,45
57169,6,31.4200x0,2,123.46182608695652,1697.9886086956521,854.0908695652174,4116.120347826087,115
57170,6,31.4200x0,3,136.37244047619046,1832.0774404761905,992.0539285714285,4281.884761904762,168
57171,6,31.4200x0,4,123.90478672985782,2499.4877725118486,1199.357440758294,5328.0247393364925,211
57172,6,31.4200x0,5,127.90829850746269,2615.1977910447763,1248.5482388059702,5713.367791044776,335
57173,6,31.4200x0,6,135.8458163265306,2846.868775510204,1384.3155102040819,6166.718775510203,196
57174,6,31.4200x0,8,211.45974842767293,3287.797987421384,2003.314465408805,8099.118616352202,159
57175,6,31.4200x0,9,249.86681818181816,3540.140606060606,2253.291818181818,8325.780454545455,66
57177,6,31.4201,1,104.27925925925926,1377.0555555555557,1191.8999999999999,4001.845185185185,27
57178,6,31.4201,2,153.32703125,1880.78765625,1412.9959375,4669.79375,64
57179,6,31.4201,3,116.11819672131148,2070.695163934426,1215.2972950819671,4829.322295081967,122
57180,6,31.4201,4,150.72057291666667,2662.5044791666664,1351.8720833333334,5572.581822916666,192
57181,6,31.4201,5,165.87328990228013,2778.196286644951,1665.5808794788275,6206.31342019544,307
57182,6,31.4201,6,168.44802884615385,3466.188076923077,2179.498028846154,8125.4540865384615,208
57183,6,31.4201,8,227.2928472222222,3490.0339583333334,2464.192013888889,8638.057916666667,144
57184,6,31.4201,9,207.9577049180328,3366.374098360656,2404.4496721311475,8217.46737704918,61
57290,6,31.9400,0,1008.4145238095239,5059.261904761905,1696.087142857143,14224.469523809523,42
57319,6,32.0100x0,5,1819.807,5818.546,3938.1656666666668,16410.589666666667,30
57320,6,32.0100x0,6,995.555652173913,6084.25652173913,3028.9399999999996,16922.769565217393,23
57353,6,32.2000x0,3,20526.055833333332,5600.370833333333,2848.5869444444447,40288.203611111116,36
57354,6,32.2000x0,4,22148.296666666665,6614.465777777778,3586.212666666667,45301.11244444444,45
57355,6,32.2000x0,5,21728.29738095238,6662.54511904762,4002.7633333333333,44827.56964285715,84
57356,6,32.2000x0,6,20584.384363636364,7517.400181818182,4023.3552727272727,45700.346545454544,55
57357,6,32.2000x0,8,23265.82638888889,8870.830555555556,4849.307777777778,50265.23333333333,36
57361,6,32.2001,2,13394.142037037038,5561.471111111111,3866.7703703703705,36895.392222222225,54
57362,6,32.2001,3,13243.729802955664,5624.658522167488,3080.90684729064,37323.66778325123,203
57363,6,32.2001,4,14344.424902439025,5923.708853658536,3108.077,36675.489682926825,410
57364,6,32.2001,5,14769.147747524754,6343.049801980198,3421.5432425742574,38444.085532178215,808
57365,6,32.2001,6,15213.27364978903,7191.761919831223,3935.1291139240507,40521.995253164554,474
57366,6,32.2001,8,14851.332254545456,8119.7812,4231.693090909092,41742.85927272728,275
57367,6,32.2001,9,14611.389411764705,9751.617352941175,5565.641176470588,45573.266764705884,34
57368,6,32.2002,1,11495.0090625,2475.174765625,2075.118984375,25020.8246875,128
57369,6,32.2002,2,12265.4792481203,2452.8893233082704,2516.3895488721805,27511.95203007519,133
57370,6,32.2002,3,12682.89224489796,2894.1804081632654,2737.2616326530615,28628.75734693878,49
57371,6,32.2002,4,15768.35717948718,3316.575128205128,3498.8235897435898,34445.584615384614,39
57372,6,32.2002,5,16052.42023809524,3297.427380952381,3588.8500000000004,33486.0680952381,84
57373,6,32.2002,6,16405.884838709677,4456.585161290323,4901.577903225807,39858.50580645161,62
57374,6,32.2002,8,20922.25675,6987.233,7019.75175,54696.362,40
57381,6,32.2003,5,16550.425750000002,8412.58925,4263.74,41475.3005,40
57382,6,32.2003,6,17534.5836,8608.7588,3634.3024,43188.71,25
57405,6,32.2400x0,5,8718.319047619048,4037.802380952381,1034.1085714285714,17470.656666666666,21
57406,6,32.2400x0,6,8331.638529411764,4652.57,1952.7688235294117,19933.045000000002,34
57407,6,32.2400x0,8,10224.073428571428,6146.162857142857,2844.996857142857,24314.806857142856,35
57449,6,32.3000,2,20406.728636363634,7300.218181818182,2901.29,41818.17727272728,22
57450,6,32.3000,3,23725.038125,6686.218124999999,3569.336875,45506.984125,80
57451,6,32.3000,4,22758.550649350647,6620.507857142857,3388.784805194805,45194.79941558442,154
57452,6,32.3000,5,22774.535268817202,7586.040134408602,3880.432123655914,46685.96465053764,372
57453,6,32.3000,6,24344.73685,8605.9429,4163.28775,50729.344450000004,200
57454,6,32.3000,8,21429.114215686273,9604.981372549018,4645.61862745098,48746.914803921565,102
57458,6,32.3001,2,19357.7654,6713.0414,3211.1385999999998,44945.014,50
57459,6,32.3001,3,18993.286386138614,5918.582376237623,3060.7648514851485,46581.886633663366,202
57460,6,32.3001,4,18919.304086294414,6256.289517766497,3125.139898477157,46348.47304568528,394
57461,6,32.3001,5,19707.803171690695,6627.397653997379,3549.8578243774573,46905.651218872874,763
57462,6,32.3001,6,20171.569853249475,7255.756960167714,4105.6098742138365,48989.30599580713,477
57463,6,32.3001,8,19456.580188679247,8388.986320754717,4252.7291981132075,47741.88716981132,212
57474,6,32.4100,0,3145.818,2514.8990000000003,3278.718,26517.345,40
57476,6,32.4100,2,22275.717666666667,7006.3893333333335,4289.620666666667,54187.755,30
57477,6,32.4100,3,20974.535304347828,6175.917826086957,3834.821043478261,48113.79304347826,115
57478,6,32.4100,4,21586.698693693696,7643.874639639639,4097.6682207207205,50805.90891891892,444
57479,6,32.4100,5,21360.22011026878,8574.014210889041,4433.16033080634,51456.90541695383,1451
57480,6,32.4100,6,21347.58789649416,9106.447086811351,4851.840400667779,53460.55343071786,1198
57481,6,32.4100,8,21310.079871382637,9712.693360128616,5617.56577170418,55640.62610932475,622
57482,6,32.4100,9,19878.98806451613,9517.229677419355,6409.781612903226,54942.745483870975,31
57490,6,32.4101,5,26310.694324324326,7581.445945945946,4734.542162162162,52710.098108108104,37
57507,6,32.4902,5,20407.14484375,10836.10890625,6632.6471875,56545.921875,64
57508,6,32.4902,6,22333.907536231887,11781.654782608697,7790.98347826087,61640.117391304346,69
57509,6,32.4902,8,21171.063529411767,10367.607647058825,9536.640588235296,64763.69558823529,34
57540,6,32.6x00x0,5,23806.538888888892,8637.388888888889,5001.670370370371,52071.99222222222,27
57541,6,32.6x00x0,6,25393.704999999998,8520.481071428572,6296.3439285714285,55481.0175,28
57569,6,33.2200,5,274.01115384615383,2864.2246153846154,1775.0880769230769,6776.113461538462,26
57570,6,33.2200,6,322.2997142857143,2973.7042857142856,2739.327714285714,9138.866285714286,35
57573,6,33.2200x0,0,572.9212195121951,5442.196585365854,2347.6139024390245,12601.130731707317,41
57574,6,33.2200x0,1,192.05845588235294,6534.167352941176,3487.9479411764705,12770.58330882353,136
57575,6,33.2200x0,2,227.51196531791908,6669.810115606936,3889.771907514451,13638.616242774566,173
57576,6,33.2200x0,3,244.8425874125874,6117.338251748251,3826.6165734265737,13347.115244755245,143
57577,6,33.2200x0,4,352.2533,6155.32275,3790.0103999999997,13903.56725,200
57578,6,33.2200x0,5,429.30358313817334,5543.970117096019,3700.7855971896956,13066.645433255268,427
57579,6,33.2200x0,6,563.1016761363636,5953.531676136364,4487.863125,15203.389147727274,352
57580,6,33.2200x0,8,570.5297602739726,5944.231198630137,4658.2242465753425,15225.515102739726,292
57581,6,33.2200x0,9,720.0404054054054,7586.996081081081,6302.803513513514,22259.995675675676,74
57590,6,33.2302,0,1292.2978082191783,4745.774794520548,2218.9823287671234,15039.230410958906,73
57591,6,33.2302,1,300.16625,3405.32075,2029.1095,8644.2315,40
57592,6,33.2302,2,257.9288888888889,3263.331111111111,1154.276,6850.562,45
57593,6,33.2302,3,263.72623529411766,4050.658,2045.921882352941,9007.937764705883,85
57594,6,33.2302,4,334.692265625,3568.006796875,2540.95921875,9420.2084375,128
57595,6,33.2302,5,430.10904632152585,4644.113514986376,2956.26757493188,11367.19258855586,367
57596,6,33.2302,6,389.1334076433121,4670.013057324841,2871.1591719745225,10963.304681528662,314
57597,6,33.2302,8,466.4176862745098,5188.55231372549,3047.8029019607843,12174.004666666666,255
57598,6,33.2302,9,700.2467857142858,6508.653928571428,5433.342023809523,18495.32476190476,84
57602,6,33.2400,4,259.16347826086957,2819.623043478261,1799.928260869565,6862.988695652173,23
57603,6,33.2400,5,324.7247916666667,3385.3889583333334,2353.5333333333333,8622.197291666665,96
57604,6,33.2400,6,366.22823529411767,3549.881428571429,2856.0608403361343,9589.22,119
57605,6,33.2400,8,474.89519607843135,3835.4291176470592,3721.43862745098,11399.125980392158,102
57606,6,33.2400,9,869.6830555555556,5213.073888888889,5734.479722222222,18886.38472222222,36
57607,6,33.2400x0,0,355.25806629834256,2776.1086187845303,989.8552486187845,7677.107817679557,362
57608,6,33.2400x0,1,472.7969154228856,4086.1255721393036,2252.604129353234,9992.861542288556,201
57609,6,33.2400x0,2,374.9345714285714,4432.819178571429,1975.5710357142857,9410.691357142858,280
57610,6,33.2400x0,3,311.084907651715,4176.239182058047,1937.0288918205804,8911.323720316623,379
57611,6,33.2400x0,4,412.13804537521816,4887.858062827225,2595.0739441535775,11089.78710296684,573
57612,6,33.2400x0,5,438.12427147239265,4935.264378834356,2807.951970858896,11192.01847392638,1304
57613,6,33.2400x0,6,528.4327366609294,5611.927220309811,3534.5340877796903,13205.730645438898,1162
57614,6,33.2400x0,8,539.9706015693113,5646.946329555362,3902.1920488230166,13910.244568439406,1147
57615,6,33.2400x0,9,665.5466226912929,6452.2287598944595,5395.913377308707,18015.905329815305,379
57618,6,33.2401,3,266.08190476190475,4075.686190476191,2050.3742857142856,8784.538571428571,21
57619,6,33.2401,4,274.561,3827.038,1922.7093333333332,8361.555666666667,30
57620,6,33.2401,5,485.5660674157303,5195.796966292135,3042.1811235955056,11970.049213483146,89
57621,6,33.2401,6,440.86756097560976,5141.900243902439,3006.4953658536583,11997.67268292683,41
57622,6,33.2401,8,501.08972222222224,5816.995833333333,4474.5175,14266.025277777777,36
57631,6,33.2403,0,726.8903448275862,4222.820965517241,2686.473172413793,12921.03296551724,145
57632,6,33.2403,1,257.61619246861926,4905.391673640168,2772.974518828452,10598.658870292888,239
57633,6,33.2403,2,279.2935714285714,4552.253571428571,2938.972,10346.608107142858,560
57634,6,33.2403,3,285.68578616352204,4434.733411949685,3080.736147798742,10582.711871069183,636
57635,6,33.2403,4,326.1247022332506,4461.414094292804,3059.1369478908186,10764.214540942929,806
57636,6,33.2403,5,433.43974226804124,4732.301329896907,3461.852979381443,11780.263015463917,1940
57637,6,33.2403,6,496.202189119171,5120.899909326425,3861.6651554404143,13014.231139896372,1544
57638,6,33.2403,8,535.3916883116883,5471.470259740259,4499.186441558441,14763.819772727273,1540
57639,6,33.2403,9,734.2432432432432,8555.413766891892,7560.693952702703,25179.868513513513,592
57643,6,33.2405,2,228.83200000000002,2710.088888888889,2472.528888888889,7772.4331111111105,45
57644,6,33.2405,3,265.45701754385965,2405.5070175438595,3141.2050877192983,8403.325614035088,57
57645,6,33.2405,4,507.7525316455696,3606.4556962025317,3238.9270886075947,10215.764810126582,79
57646,6,33.2405,5,438.8526470588235,3726.2935294117647,3829.215176470588,10828.147529411764,170
57647,6,33.2405,6,463.7853448275862,4098.87724137931,3708.241637931035,11611.905689655174,116
57648,6,33.2405,8,485.4106086956522,4341.969913043478,4345.033652173913,12541.396695652174,115
57649,6,33.2405,9,437.30346153846153,3889.123846153846,5029.888846153846,13046.537307692306,26
57655,6,33.2600,5,1085.781375,5959.278375,3099.9478750000003,14754.105249999999,80
57656,6,33.2600,6,1318.5494174757282,6018.437961165048,3497.835825242719,14549.863398058253,103
57657,6,33.2600,8,1477.8168103448277,5571.902241379311,3335.0487068965517,13755.79672413793,116
57658,6,33.2600,9,966.4634285714286,5461.496857142857,2461.8574285714285,11620.587142857143,35
57660,6,33.2600x0,2,1100.8046428571429,7239.753928571428,1723.297142857143,12520.646071428573,28
57661,6,33.2600x0,3,1159.3833898305083,6797.479322033899,2184.5154237288134,12868.377966101696,59
57662,6,33.2600x0,4,1136.4870918367346,6232.707857142857,2711.159132653061,13375.035510204081,196
57663,6,33.2600x0,5,1261.7074459974588,6495.558259212197,2589.719872935197,13493.034193138501,787
57664,6,33.2600x0,6,1232.6244739756366,6830.724828349944,2901.7515171650057,14221.536910299003,903
57665,6,33.2600x0,8,1271.9352063492063,6885.298306878307,2769.3564867724867,14196.303746031745,945
57666,6,33.2600x0,9,1120.5307569721115,6569.928207171315,2632.6150996015936,13376.90828685259,251
57674,6,33.2700x0,3,345.6504166666667,4848.041666666667,2514.4866666666667,10418.239166666666,24
57675,6,33.2700x0,4,736.9696610169491,5660.327288135593,3060.8045762711863,12555.697966101696,59
57676,6,33.2700x0,5,855.371320754717,7158.32537735849,3254.1116509433964,14898.00853773585,212
57677,6,33.2700x0,6,742.125278810409,7407.046802973978,3866.3800743494426,15928.909739776951,269
57678,6,33.2700x0,8,771.4814102564102,7222.28735042735,3662.585256410256,15759.637521367522,234
57679,6,33.2700x0,9,551.59,7504.044727272728,3732.471090909091,15723.942727272726,55
57683,6,33.2701,5,2421.916808510638,9055.508723404257,2897.5157446808507,19268.60063829787,47
57684,6,33.2701,6,2431.4574,11236.0952,4379.3544,24685.541800000003,50
57685,6,33.2701,8,2198.190344827586,10364.93724137931,2711.233793103448,20319.927586206897,29
57690,6,33.2702,4,855.9990625,7094.15625,2343.7865625,13075.20375,32
57691,6,33.2702,5,1235.2702083333334,8698.764791666666,3390.1896875,17117.25458333333,96
57692,6,33.2702,6,1337.5196039603961,8259.79306930693,3439.550297029703,16695.77405940594,101
57693,6,33.2702,8,1313.3154320987655,9377.994074074075,4388.691851851851,19403.10925925926,81
57797,6,33.9903,5,473.93333333333334,4400.116666666667,3764.2791666666667,13020.5,24
57799,6,33.9903,8,837.2175000000001,6622.029166666667,7158.044999999999,21183.012916666667,24
57842,6,34.0401,0,1219.1331818181818,6880.945454545454,5098.197272727272,20751.455454545452,22
57843,6,34.0401,1,502.0659854014598,3122.912189781022,2196.709489051095,9219.575401459855,137
57844,6,34.0401,2,532.5668636363636,3906.3718181818185,2499.6641363636363,10299.340136363637,220
57845,6,34.0401,3,616.0791351351352,4768.1905405405405,3377.0715675675674,12995.016054054055,185
57846,6,34.0401,4,640.4954183266932,4479.175298804781,3364.050079681275,12583.395737051793,251
57847,6,34.0401,5,779.6723600973237,4929.487749391727,4273.42001216545,15004.352433090024,822
57848,6,34.0401,6,808.1303680336488,5378.092050473186,4543.574058885383,15864.529768664564,951
57849,6,34.0401,8,799.3243739967897,5578.91525682183,4453.553298555377,16052.611043338684,1246
57850,6,34.0401,9,938.2681751054852,6954.714810126582,5547.195210970463,20181.288681434602,948
57904,6,34.2000,4,886.9310344827586,6207.095517241379,2914.387931034483,14871.68275862069,29
57905,6,34.2000,5,967.46,7837.460704225352,3096.9139436619716,16921.86690140845,71
57906,6,34.2000,6,1263.5669863013698,8424.134657534247,3834.5412328767125,19757.975479452056,73
57907,6,34.2000,8,834.8556521739131,7360.113188405797,2519.936231884058,16107.359420289857,69
57908,6,34.2000,9,939.2773076923077,7768.619615384615,3486.046923076923,17496.56,26
57922,6,34.2100x0,5,1775.0039130434782,7190.864347826087,3285.099565217391,17648.756086956524,23
57923,6,34.2100x0,6,1610.7304347826089,6773.499130434783,2425.169130434783,16579.214347826088,23
57924,6,34.2100x0,8,1545.172380952381,9097.37523809524,4517.294761904762,21592.891428571427,21
57948,6,34.2400x0,5,1753.7417647058824,8782.354705882353,2849.22,17733.466470588235,34
57949,6,34.2400x0,6,1338.091818181818,8402.66090909091,3066.731818181818,16600.76272727273,33
57950,6,34.2400x0,8,1380.4822916666665,9494.903958333334,3967.336458333333,19794.087708333333,48
57978,6,34.3x02,5,10049.8425,11518.055833333334,11175.135833333334,51416.03666666666,24
57983,6,34.3x04,2,6113.578750000001,5150.672083333334,3360.5116666666668,27222.033333333336,24
57984,6,34.3x04,3,5505.60338028169,4981.659718309859,3643.3707042253523,27723.72253521127,71
57985,6,34.3x04,4,5434.748659793814,5209.440721649485,3772.866082474227,29107.014639175257,97
57986,6,34.3x04,5,5698.8379347826085,5313.689510869565,3067.3013043478263,26056.661358695656,184
57987,6,34.3x04,6,6418.302839506173,6003.872345679012,3202.581975308642,27915.68111111111,81
57988,6,34.3x04,8,5360.283181818181,5860.513636363637,3484.971590909091,27376.352045454547,44
58004,6,34.4x01,2,1343.9914285714285,3179.182857142857,3432.109523809524,13041.608095238096,21
58005,6,34.4x01,3,829.1382352941176,2836.9958823529414,1533.700294117647,9294.076470588234,34
58006,6,34.4x01,4,3215.424285714286,3805.649795918367,2036.7273469387756,13553.67224489796,49
58007,6,34.4x01,5,1486.0737037037038,3198.9927160493826,1604.2465432098766,11291.223580246913,81
58008,6,34.4x01,6,2522.3086486486486,3762.968918918919,1633.3575675675675,12521.886486486486,37
58087,6,34.9100,1,403.18677419354833,5311.4838709677415,3885.8087096774193,12129.723548387097,31
58088,6,34.9100,2,943.1204081632653,4759.497959183674,2851.6342857142854,11353.967142857144,49
58089,6,34.9100,3,1608.1122857142857,6969.417142857143,4340.118,17391.09485714286,35
58090,6,34.9100,4,900.9545070422536,5205.303943661972,4972.380704225353,16061.13,71
58091,6,34.9100,5,1075.9871527777777,5949.975,5445.968680555556,18409.609305555554,144
58092,6,34.9100,6,1002.174861878453,6177.4891712707185,5714.247016574585,17972.914364640885,181
58093,6,34.9100,8,663.2122746781115,5868.9339055794,4991.331502145923,16356.123519313303,233
58094,6,34.9100,9,903.3705752212389,7492.727522123893,6251.735840707965,21917.7607079646,226
58097,6,34.9101,1,815.4473076923077,4871.399615384616,2811.9049999999997,12197.833846153846,26
58098,6,34.9101,2,1090.2695588235295,4237.27294117647,3266.525441176471,11581.643970588237,68
58099,6,34.9101,3,1144.777380952381,5217.903571428572,5085.496428571429,17125.63976190476,42
58100,6,34.9101,4,579.5059259259259,4722.331296296296,2998.4294444444445,11645.962037037036,108
58101,6,34.9101,5,725.8811851851851,4852.116740740741,4352.132666666667,14239.336777777778,270
58102,6,34.9101,6,647.448093645485,4803.696956521739,3736.2155518394648,12879.062140468228,299
58103,6,34.9101,8,677.7149445676275,5464.113259423503,4382.741019955654,15216.304345898005,451
58104,6,34.9101,9,713.2105128205128,6235.2626666666665,4417.290153846154,16663.156641025642,390
58116,6,34.9103,2,741.9609523809524,4895.875714285714,2607.5366666666664,10936.160476190476,21
58117,6,34.9103,3,936.0766666666667,7393.797083333334,7574.1170833333335,21961.645416666666,24
58118,6,34.9103,4,1115.1725000000001,5177.37525,6738.78875,16644.41775,40
58119,6,34.9103,5,1027.1606944444445,5683.987708333333,4874.288611111111,15611.412569444445,144
58120,6,34.9103,6,933.3735714285715,5917.484345238096,4566.376130952382,16014.122857142858,168
58121,6,34.9103,8,1018.8100000000001,6722.113883495145,5163.971165048544,18544.381359223302,206
58122,6,34.9103,9,1147.6889696969697,8127.116545454545,6374.714363636364,22444.061757575757,165
58128,6,34.9104,6,1726.52375,7071.71,6677.306250000001,20810.560833333333,24
58154,6,35.0502,6,156330.5563888889,18420.847777777777,5523.95875,233268.8240277778,72
58155,6,35.0502,8,152015.83185185186,18757.753333333334,7009.18987654321,223103.97617283952,81
58156,6,35.0502,9,180553.365,26141.99861111111,14239.691388888888,286017.9763888889,36
58162,6,35.0600x0,6,145109.28260869565,15179.257391304347,7212.6430434782615,197248.65869565218,23
58163,6,35.0600x0,8,151136.8808,16038.858,8674.9956,198718.89800000002,25
58202,6,35.2101,5,54953.21307692308,17992.21641025641,13678.943076923078,169496.27897435898,39
58203,6,35.2101,6,68762.67848484848,19325.665606060604,17514.34257575758,172774.5515151515,66
58204,6,35.2101,8,74334.90451612903,27312.87290322581,25353.992903225808,212512.74161290322,31
58216,6,35.2201,4,41951.314736842105,15771.083421052632,14170.080000000002,115327.3552631579,38
58217,6,35.2201,5,44704.0701,19537.3795,16811.3108,126230.3486,100
58218,6,35.2201,6,55433.03264705882,24067.555882352943,27034.46676470588,146593.79676470588,34
58226,6,35.2301,5,58743.97482758621,17936.83827586207,16060.527241379312,174929.76241379313,29
58227,6,35.2301,6,56408.036052631585,21895.805263157894,17914.899736842108,177444.7555263158,38
58228,6,35.2301,8,50379.11045454545,27052.897272727274,17221.66409090909,173173.08272727273,22
58239,6,35.2400x0,5,48200.4447826087,18427.51043478261,20481.101739130434,127004.8708695652,46
58245,6,35.2401,4,41439.7792063492,16035.37253968254,11688.836984126983,109635.43841269841,63
58246,6,35.2401,5,40909.0549044586,15813.87643312102,13575.075095541402,112377.80579617835,157
58247,6,35.2401,6,41621.03913043479,16630.07434782609,14074.109782608697,105063.37608695652,46
58290,6,35.5100x0,0,9601.261904761905,7811.949047619048,2826.5361904761908,39312.939047619046,21
58303,6,35.5200,5,20757.252500000002,4643.567857142857,1443.7164285714284,35969.02642857143,28
58307,6,35.5200x0,0,19496.29641025641,3743.2816666666663,730.3796153846154,35933.28628205128,78
58308,6,35.5200x0,1,20326.981111111112,3610.9314285714286,508.8084126984127,32913.136984126984,63
58309,6,35.5200x0,2,19134.84907216495,3938.745670103093,602.040824742268,31772.038041237112,97
58310,6,35.5200x0,3,16592.639682539684,4190.646904761905,725.5304761904762,32111.40682539683,126
58311,6,35.5200x0,4,22202.751790123457,4465.920370370371,1065.347098765432,36458.00907407407,162
58312,6,35.5200x0,5,22312.90101818182,4579.791418181818,1221.0230545454547,36451.80272727273,275
58313,6,35.5200x0,6,22946.200106382978,5676.775744680852,1654.2696808510639,38482.731914893615,94
58314,6,35.5200x0,8,24933.92294117647,5540.125294117647,2368.216470588235,41746.897941176474,34
58324,6,35.5300x0,0,8484.226071428571,7777.1825,2804.907857142857,41187.44928571429,28
58334,6,35.5500x0,0,19038.04429906542,4285.991775700934,868.6542056074767,38532.27214953271,107
58353,6,35.6201,0,13583.936949152543,13047.03372881356,4553.807288135593,58260.34389830509,59
58429,6,36.0601,3,12422.773846153847,3847.808461538462,2997.4946153846154,30473.00153846154,26
58430,6,36.0601,4,10044.48878504673,4176.536448598131,3329.411214953271,27803.67906542056,107
58431,6,36.0601,5,10940.743397849461,4512.778172043011,3302.794795698925,28941.906322580646,465
58432,6,36.0601,6,12254.070314960629,4634.926397637795,3436.173562992126,31306.01561023622,508
58433,6,36.0601,8,12051.780761772854,5100.889418282549,3585.9285180055404,31726.511606648197,722
58434,6,36.0601,9,12498.89107142857,5296.149448051948,4342.202629870129,33298.17431818182,308
58440,6,36.0700,3,11278.125909090908,4976.404318181819,2956.4952272727273,30071.951477272727,88
58441,6,36.0700,4,10733.500697674419,4500.0377589852005,2697.8550951374204,28913.224080338267,473
58442,6,36.0700,5,11464.018643874642,4400.904364672365,2765.6261766381767,30259.408985754988,1755
58443,6,36.0700,6,12201.218105747126,4689.019071264368,2990.4179218390805,31560.874873563214,2175
58444,6,36.0700,8,13029.813830030489,5021.107541920732,3610.692442835366,33677.691920731704,2624
58445,6,36.0700,9,13077.89641366224,5312.403842504744,3991.7824383301713,34841.15136622391,1054
58504,6,37.0x00x0,5,971.4953571428571,7025.921071428571,4355.913214285714,16950.052857142855,28
58505,6,37.0x00x0,6,677.6769565217392,6711.714782608696,4419.143478260869,15565.709565217392,23
58506,6,37.0x00x0,8,732.6103571428572,5470.311428571428,1760.167857142857,11360.38357142857,28
58512,6,37.0x01,5,734.5078378378379,6989.87945945946,4502.355945945947,17023.24891891892,37
58513,6,37.0x01,6,588.236,7554.7356666666665,2098.962666666667,13947.116,30
58514,6,37.0x01,8,947.3845454545454,8102.411515151515,4212.88393939394,17623.385757575757,33
58531,6,37.2100,5,9685.938055555556,8729.461944444445,3837.432222222222,31501.852499999997,36
58568,6,37.2600x0,5,5622.508181818182,3119.7504545454544,299.9927272727273,11446.103181818182,22
58611,6,37.3302,4,29123.15076923077,3127.1988461538463,558.6484615384616,37481.76961538462,26
58612,6,37.3302,5,30168.760392156863,2874.1849019607844,752.9207843137254,38650.64156862745,51
58613,6,37.3302,6,50251.49318181819,4102.883863636364,1535.1329545454546,61737.28340909092,44
58614,6,37.3302,8,42487.13277777778,4213.875,2182.9636111111113,56497.647777777776,36
58631,6,37.3401,1,26592.142622950818,3207.9649180327865,280.825737704918,36262.35967213115,61
58632,6,37.3401,2,24501.013641025642,3256.0509743589746,267.2966666666667,37400.72882051282,195
58633,6,37.3401,3,26719.321486486486,3411.915315315315,437.4154054054054,38953.92671171171,222
58634,6,37.3401,4,30175.90337801609,3486.2584718498656,536.343163538874,43150.73399463807,373
58635,6,37.3401,5,34649.8009608091,4049.0183691529705,884.3305562579013,49962.68,791
58636,6,37.3401,6,43835.93941071429,4871.426857142857,1415.4442142857142,64096.87307142858,560
58637,6,37.3401,8,47886.29385150812,5841.664640371229,1958.7743851508121,71104.85800464037,431
58638,6,37.3401,9,47512.24457142857,6605.761523809523,2181.9481904761906,73312.72676190476,105
58656,6,37.3403,5,60597.202333333335,4325.035,1295.674,86167.47466666668,30
58657,6,37.3403,6,75579.39,4671.767727272727,1874.4572727272725,92987.5890909091,22
58658,6,37.3403,8,77868.57074074075,5384.851851851852,2126.364814814815,100797.22407407407,27
58665,6,37.3406,4,40278.32227272727,4331.627272727273,703.6750000000001,51509.27636363637,22
58666,6,37.3406,5,46739.89488372093,5361.304186046511,1467.6274418604653,57923.286511627906,43
58667,6,37.3406,6,59967.97,7205.472307692307,3996.923076923077,77102.12653846154,26
58711,6,37.7800,8,9764.951875,7070.305625,9248.1921875,33342.7628125,32
58712,6,37.7800,9,10895.681666666667,6968.881666666667,3401.5,28420.34375,24
58726,6,37.8000x0,6,35521.96952380952,3857.052857142857,1421.9785714285715,46022.96,21
58727,6,37.8000x0,8,37759.336111111115,5390.188611111112,2811.8372222222224,52740.87222222222,36
58728,6,37.8000x0,9,43979.67886363636,5296.158181818181,3609.5131818181817,59198.55545454545,44
58741,6,37.8101,6,48511.9936,4708.648,2148.5012,66622.4232,25
58742,6,37.8101,8,36593.978125,4829.85,2818.16675,53458.806000000004,80
58743,6,37.8101,9,41932.71978021978,5675.591538461538,2731.265054945055,60605.77626373626,91
58748,6,37.8201,8,54504.5947826087,5455.8930434782615,1845.3660869565217,66421.74217391305,23
58749,6,37.8201,9,91071.82892857143,6368.477857142857,2368.6039285714287,106376.93321428572,28
58758,6,37.8301,4,35099.30121212121,3960.586363636364,908.8148484848484,49928.33757575758,33
58759,6,37.8301,5,36421.529407407405,4413.209111111111,1087.1085925925927,50231.14955555556,135
58760,6,37.8301,6,38645.12942307693,4822.83073076923,1604.4953076923077,52004.43765384615,260
58761,6,37.8301,8,36994.58724899598,5190.4722289156625,1968.3495582329317,52173.93686746988,498
58762,6,37.8301,9,36320.973014084506,5495.939323943662,2151.0667887323943,50856.08952112676,355
58766,6,37.8501,8,19418.61870967742,3452.930322580645,930.8029032258064,31063.121935483872,31
58767,6,37.8501,9,26923.526,3672.061666666667,1322.2483333333334,35635.53366666667,30
58775,6,37.8701,6,28172.94456521739,2808.624347826087,583.1278260869566,35815.796739130434,46
58776,6,37.8701,8,26959.295145631066,3453.8549514563106,961.7993203883495,36745.40223300971,103
58777,6,37.8701,9,27831.01369426752,3711.366942675159,1206.8154140127388,37204.24547770701,157
58782,6,37.9000x0,6,62118.357391304344,5987.083913043478,2429.758260869565,89517.74043478261,23
58783,6,37.9000x0,8,72039.4118918919,7101.904594594595,2809.90027027027,96285.42594594596,37
58890,6,38.1200x0,6,8375.9234375,11047.9584375,7115.081875,40576.4615625,32
58891,6,38.1200x0,8,8124.051842105262,13543.866315789473,10521.29394736842,47834.09578947368,38
58912,6,38.3000,4,4532.020416666666,2836.9874999999997,5964.875416666667,27998.812916666666,24
58913,6,38.3000,5,2603.2999999999997,1187.214705882353,3462.8932352941174,15669.664117647058,34
59001,6,38.5900x0,3,4270.326363636364,1878.6031818181816,1432.3927272727271,15057.017954545456,44
59002,6,38.5900x0,4,3313.730909090909,1910.8531818181818,1540.539015151515,14390.941439393939,132
59003,6,38.5900x0,5,3249.929484304933,1873.8050224215247,1542.127802690583,14047.176547085202,446
59004,6,38.5900x0,6,3559.6274373259052,2100.32643454039,1639.8003342618383,14703.744623955432,359
59005,6,38.5900x0,8,3360.1304700854703,2519.7267094017097,1701.3084188034188,15047.841324786325,234
59006,6,38.5900x0,9,5435.802121212121,3180.9242424242425,1814.020909090909,17789.224242424243,33
59008,6,38.5901,3,1130.6249056603774,2013.3875471698116,1500.7684905660376,10994.044716981132,53
59009,6,38.5901,4,1385.015641025641,2153.606717948718,1687.2796923076921,11402.886974358975,195
59010,6,38.5901,5,1311.8428057553956,2275.157510791367,1636.2400431654678,11298.572647482015,695
59011,6,38.5901,6,1371.844551607445,2403.506565143824,1664.8530964467006,11607.881285956006,591
59012,6,38.5901,8,1339.2545054945056,2624.253241758242,1718.1098626373625,11507.218763736264,364
59013,6,38.5901,9,1649.0415384615385,3219.5,1904.1866666666667,12701.50282051282,39
59017,6,38.5902,5,1595.9340000000002,1996.2963333333332,1470.2446666666665,11338.598,30
59018,6,38.5902,6,1405.676875,1951.94375,1422.8890625,10556.0940625,32
59019,6,38.5902,8,1401.9135714285715,2135.7546428571427,1374.4039285714284,11308.352857142858,28
59123,6,38.7x04,4,31244.570256410258,8757.725128205127,9523.48435897436,69229.72358974359,39
59124,6,38.7x04,5,27573.93190909091,7662.499363636364,8126.923090909091,58182.566,110
59125,6,38.7x04,6,29191.015871559634,6215.519816513762,6923.156513761468,55105.0756880734,109
59126,6,38.7x04,8,22963.3243125,7170.7359375,7948.9971875,50540.882750000004,160
59127,6,38.7x04,9,25977.5523655914,8007.156021505377,7715.7444086021505,56386.75956989247,93
59158,6,38.8609,2,1085.0372413793104,1685.2458620689656,1666.1827586206898,11398.07724137931,29
59159,6,38.8609,3,1600.273,1940.43825,2000.119,12927.003,40
59194,6,38.9200,0,1489.2135483870968,8090.858709677419,6261.539677419355,36065.5670967742,31
59205,6,38.9300x0,5,3019.637307692308,6090.120384615385,974.2734615384616,16239.42576923077,26
59217,6,38.9301,0,2899.306304347826,10116.927282608696,6790.005489130434,32518.2147826087,184
59218,6,38.9301,1,2592.13375,8947.215625,8600.3096875,28279.0609375,32
59219,6,38.9301,2,2151.8498113207547,5414.894150943396,8574.407735849056,22152.21679245283,53
59220,6,38.9301,3,1790.8447959183675,4445.264693877551,6088.508673469388,17397.67306122449,98
59221,6,38.9301,4,1454.5589735099338,3658.014238410596,5454.571622516556,14347.73284768212,302
59222,6,38.9301,5,1473.480819672131,3460.078838797814,4738.218743169399,13421.713825136612,732
59223,6,38.9301,6,1371.6967730496453,4229.109273049645,5377.8032624113475,15619.633687943264,564
59224,6,38.9301,8,1554.601157635468,5882.627216748769,6687.062266009852,20104.59738916256,406
59225,6,38.9301,9,2269.66655,11080.72335,12060.2204,38708.037599999996,200
59228,6,38.9302,2,4412.671600000001,8344.114,12029.884399999999,35840.7028,25
59229,6,38.9302,3,1464.5889285714286,4912.440833333334,6269.151785714285,18780.783095238097,84
59230,6,38.9302,4,955.1816949152543,3806.4176271186443,5516.335127118645,14235.846694915253,236
59231,6,38.9302,5,708.1984401709402,3520.1312606837605,4740.11,12193.985769230769,936
59232,6,38.9302,6,745.4990740740741,4153.105416666666,4839.25450617284,13293.03824074074,648
59233,6,38.9302,8,932.9319583333333,6143.693645833334,6162.728708333333,18544.1630625,480
59234,6,38.9302,9,1324.2792828685258,8856.494183266932,8637.039561752988,28390.117808764942,251
59236,6,38.9303,2,2779.3982608695655,10554.098260869565,8983.019130434783,32908.46608695652,23
59237,6,38.9303,3,1969.8970731707316,11149.360975609756,13125.076097560976,42365.16609756098,41
59238,6,38.9303,4,2169.260744680851,7243.543085106384,8810.950425531915,27173.017234042556,94
59239,6,38.9303,5,1529.7756621004567,6949.0527397260275,8027.161917808219,23181.309634703193,219
59240,6,38.9303,6,1230.7098237885464,7772.283876651982,9299.830484581498,26593.271894273126,227
59241,6,38.9303,8,1426.6204088050313,9141.279842767297,9988.447547169812,29717.865786163522,318
59242,6,38.9303,9,1458.3343653250774,10250.776377708979,10177.781547987615,32808.50671826625,323
59244,6,38.9304,1,5767.342727272727,6591.416363636364,5661.489545454546,24653.165,22
59246,6,38.9304,3,6877.801081081081,7831.77054054054,9198.689729729731,34286.77054054054,37
59247,6,38.9304,4,4163.30077922078,6995.19909090909,9446.69,29011.785324675326,77
59248,6,38.9304,5,2829.828558558559,6336.594639639639,8206.772072072072,26158.23301801802,222
59249,6,38.9304,6,2196.58914893617,6233.856223404256,7294.571276595744,22930.217819148937,188
59250,6,38.9304,8,2356.9600515463917,7418.618041237113,8318.14737113402,26355.750567010313,194
59251,6,38.9304,9,1782.998630952381,8007.184166666666,8178.510059523809,27950.80839285714,168
59261,6,38.9501,2,3868.6521739130435,4324.020869565217,1977.1578260869564,16720.982173913042,23
59262,6,38.9501,3,4954.765185185185,6517.80962962963,5848.015555555555,27063.163703703704,27
59263,6,38.9501,4,5832.475625,6999.8021874999995,9260.5953125,34886.1271875,32
59264,6,38.9501,5,4062.004954954955,5112.001351351351,3930.110900900901,21565.766756756755,111
59265,6,38.9501,6,4863.9461,5422.5477,3569.3677000000002,21739.037600000003,100
59266,6,38.9501,8,4414.92959770115,6277.03724137931,4269.23091954023,23915.827873563216,174
59267,6,38.9501,9,4895.900961538462,5745.706249999999,3877.6402884615386,23378.32826923077,104
59269,6,38.9502,2,4065.141714285714,5085.471714285714,2790.23,19356.239714285715,35
59270,6,38.9502,3,3524.596,6692.571000000001,5883.5465,23993.245000000003,40
59271,6,38.9502,4,2792.981818181818,6276.814935064935,5158.66935064935,22219.608311688313,77
59272,6,38.9502,5,2324.967076923077,5584.192384615385,4623.081615384615,20726.923461538463,130
59273,6,38.9502,6,2838.0308333333332,7189.654027777778,5402.361111111111,24053.26326388889,144
59274,6,38.9502,8,2766.94532051282,7069.573974358975,4712.578397435897,22429.144423076923,156
59275,6,38.9502,9,3073.7003636363634,7161.581454545454,5598.432090909091,25087.543090909094,110
59287,6,38.9700x0,4,1133.704623655914,3930.9861290322583,4555.342043010753,14195.026666666667,93
59288,6,38.9700x0,5,969.2784717607974,4377.039833887043,5006.235448504983,14432.89664451827,301
59289,6,38.9700x0,6,934.1868867924528,3902.3199528301884,4631.364245283019,12997.214905660378,212
59290,6,38.9700x0,8,1080.4238547486034,5160.259553072626,5710.186815642458,16893.02279329609,179
59291,6,38.9700x0,9,2228.949120879121,10213.504615384616,10182.552637362638,35168.624615384615,91
59292,6,38.9800,0,82.71959999999999,1320.2,236.8524,5549.484,25
59299,6,38.9800x0,0,344.91609571788416,3004.4929974811084,827.0920654911838,8734.056725440807,397
59302,6,38.9800x0,3,257.3862068965517,2849.0758620689653,2079.261379310345,6928.613103448276,29
59303,6,38.9800x0,4,720.2438095238095,4643.749047619048,4634.721904761905,14270.869047619048,42
59304,6,38.9800x0,5,503.5342168674699,5138.705662650603,4372.39891566265,13979.163855421688,83
59305,6,38.9800x0,6,930.3586666666666,7434.262,8106.311555555556,24292.447,90
59306,6,38.9800x0,8,751.1110185185186,6339.402314814814,5573.932407407407,17682.181851851852,108
59307,6,38.9800x0,9,1099.315052631579,7989.942,6517.234315789474,22468.638,95
59314,6,38.9900,0,45.654896551724136,731.827448275862,131.42689655172416,3535.2673448275864,290
59322,6,38.9900x0,0,264.1215704225352,1256.4634084507043,644.0727535211269,3500.7837816901406,1420
59323,6,38.9900x0,1,398.6466923076923,1630.4257692307692,870.1709615384616,3792.3349615384614,260
59324,6,38.9900x0,2,270.57588235294116,1274.335,791.0205882352941,3163.1001470588235,68
59325,6,38.9900x0,3,548.8349462365592,2249.3709677419356,1315.8577419354838,5458.764086021505,93
59326,6,38.9900x0,4,508.14518987341773,3566.1392405063293,2553.5882278481013,8496.033924050633,79
59327,6,38.9900x0,5,565.0276683937824,3595.423937823834,2435.0243005181346,9320.783575129533,193
59328,6,38.9900x0,6,462.24865921787705,4115.996759776536,2860.5640782122905,9958.295363128493,179
59329,6,38.9900x0,8,403.05887096774194,4798.920967741935,2890.8649596774194,10881.991774193548,248
59330,6,38.9900x0,9,381.7206951871658,7526.652272727273,6167.416577540106,20918.27128342246,374
59337,6,38.9900x5,9,2074.1420000000003,9238.474,11894.6688,39048.6944,25
59339,6,38.9900x9,0,275.0,2073.4222222222224,855.6402222222222,6390.269111111111,45
59350,6,39.1x10,4,29422.499615384615,6931.453076923077,6724.586153846153,86323.80153846153,26
59351,6,39.1x10,5,42473.25721518987,6973.367215189874,8635.008860759495,93631.20822784811,79
59352,6,39.1x10,6,39237.56477272727,7359.626818181819,7262.721590909091,95017.68681818183,44
59368,6,39.2700,3,814.4095238095238,2226.232857142857,2973.385714285714,11689.879047619048,21
59369,6,39.2700,4,890.6968181818181,3296.4856818181815,2577.3863636363635,12091.328636363636,44
59370,6,39.2700,5,925.5506976744186,3968.889302325581,2885.9409302325585,13517.466627906979,86
59371,6,39.2700,6,783.8206493506494,4321.851688311688,3368.65974025974,14317.505974025973,77
59372,6,39.2700,8,1234.2491304347827,4798.245797101449,3632.035652173913,16699.141594202898,69
59373,6,39.2700,9,1022.0145454545454,4644.040909090909,4056.2154545454546,17851.091363636366,22
59375,6,39.2700x0,2,1190.6533766233765,5304.686753246753,3221.777532467532,16576.484285714287,77
59376,6,39.2700x0,3,1169.015064935065,4076.1309090909094,2741.0118181818184,13992.679285714285,154
59377,6,39.2700x0,4,1365.2707250755286,4294.707341389728,3096.1046223564954,15039.51673716012,331
59378,6,39.2700x0,5,1369.0374676258994,4264.487625899281,2806.2789064748204,13930.637539568344,695
59379,6,39.2700x0,6,1329.8970658682636,4877.651337325349,3156.3578243512975,15393.035768463074,501
59380,6,39.2700x0,8,1383.511186868687,5081.068964646464,3488.3187373737373,16338.051464646464,396
59381,6,39.2700x0,9,1145.9687068965518,5338.078706896552,3310.6596551724137,15877.670172413793,116
59411,6,39.3100,0,551.4601149425288,1140.4310344827586,1008.0116091954022,11473.290689655172,87
59412,6,39.3100,1,533.1383783783783,1679.654054054054,3408.226756756757,18935.844054054054,37
59413,6,39.3100,2,822.7612598425196,1843.4212598425197,4844.7657480314965,21973.63653543307,127
59414,6,39.3100,3,1126.4439912280702,1795.671052631579,4688.921096491228,21899.67793859649,228
59415,6,39.3100,4,734.1850000000001,2004.9491803278688,5425.412499999999,25015.344385245902,244
59416,6,39.3100,5,1030.6155367231638,1981.0844632768362,5663.290593220339,24722.629435028248,354
59417,6,39.3100,6,1215.9582857142857,2264.6071428571427,5183.473285714285,26120.676,70
59418,6,39.3100,8,2887.4410344827584,3508.8793103448274,5747.877586206897,32204.049655172417,29
59422,6,39.3100x0,2,2475.111481481482,1383.1222222222223,2031.9066666666665,13397.580740740741,27
59423,6,39.3100x0,3,1986.8435416666669,2189.579166666667,4364.131249999999,22458.131041666667,48
59424,6,39.3100x0,4,2588.0011363636363,1896.2713636363637,4186.706590909091,23661.97659090909,44
59425,6,39.3100x0,5,3807.3654761904763,1648.5938095238096,4093.4934523809525,25574.329166666666,84
59426,6,39.3100x0,6,5497.673793103449,3776.094482758621,7901.418275862069,35326.68034482758,29
59461,6,39.3113,2,739.8677272727273,1500.7681818181818,2799.800909090909,17157.295,22
59462,6,39.3113,3,1933.4142857142856,1592.3547619047617,3299.7547619047623,18790.41523809524,21
59464,6,39.3113,5,2005.3695454545452,1866.9945454545452,4349.2188636363635,21389.26681818182,44
59496,6,39.4200x0,4,1583.1625000000001,2547.377916666667,1153.9645833333334,10171.261666666667,24
59497,6,39.4200x0,5,1486.0895,2519.0240000000003,1211.0897499999999,10161.72275,40
59498,6,39.4200x0,6,4445.025000000001,3405.9599999999996,2725.2991666666667,18503.756250000002,24
59520,6,39.4902,4,8227.350263157894,2834.6323684210524,1068.2373684210527,17516.07131578947,38
59521,6,39.4902,5,7631.383193277311,2317.5056302521007,933.0896638655462,15534.155378151261,119
59522,6,39.4902,6,8862.220707070706,2625.55595959596,1068.6733333333334,17443.941616161617,99
59523,6,39.4902,8,8170.763504273504,2578.4062393162394,928.1135042735043,15950.911538461538,117
59524,6,39.4902,9,8531.454444444444,2362.4925925925927,862.4944444444444,16659.534074074072,54
59533,6,39.5000x0,3,7838.141304347826,2935.455507246377,1359.7120289855072,20700.727391304346,69
59534,6,39.5000x0,4,7246.297826086956,1948.3926086956524,1134.5862732919254,17188.77055900621,161
59535,6,39.5000x0,5,7339.586036745406,2703.268320209974,1305.2731496062993,18610.201049868767,381
59536,6,39.5000x0,6,10251.799549549549,3482.597207207207,2001.06,24471.54114114114,333
59537,6,39.5000x0,8,15649.650815789473,4472.100368421053,2928.0073421052634,33540.93431578947,380
59538,6,39.5000x0,9,23133.72273381295,5313.417769784172,3416.774388489209,44603.390503597126,139
59555,6,39.5004,6,28092.76272727273,7980.429090909091,7328.1277272727275,61193.30545454545,22
59556,6,39.5004,8,34766.065217391304,6900.774782608696,5230.819565217392,65738.92260869565,23
59557,6,39.5004,9,32695.654615384618,6950.32435897436,5822.996666666667,59335.44128205128,39
59613,6,39.5100x0,5,31898.3096,13199.8892,19120.5284,92636.1084,25
59628,6,39.5103,5,26440.00265625,15895.7028125,21539.34671875,103841.4384375,64
59629,6,39.5103,6,30899.579767441857,13155.097674418603,20487.732790697675,99168.2288372093,43
59630,6,39.5103,8,27364.75571428571,17937.359285714287,20993.367857142857,111886.85857142857,28
59634,6,39.5104,5,28248.313846153847,11343.631076923077,15472.754615384616,85873.65246153847,65
59635,6,39.5104,6,28341.971999999998,16085.075076923076,19760.478153846154,100257.14661538461,65
59636,6,39.5104,8,27134.142115384613,15802.94423076923,21848.360192307693,106033.53942307692,52
59642,6,39.5107,4,28078.845185185186,12749.40851851852,21447.91777777778,96622.77222222222,27
59643,6,39.5107,5,29333.80406779661,11949.449322033899,19831.872881355932,93279.74966101696,59
59644,6,39.5107,6,31174.703513513516,16274.76810810811,24841.47648648649,107884.05405405405,37
59645,6,39.5107,8,29563.124285714286,20776.359047619047,29017.305714285718,125461.56142857143,21
59689,6,39.5900x0,5,4798.7396,2476.7968,5214.4024,28308.773999999998,25
59715,6,39.7102,6,105191.47897435898,9191.946666666667,7915.026153846155,166591.28615384616,39
59716,6,39.7102,8,93960.38573770493,8832.620163934425,5010.522459016393,183073.11000000002,61
59717,6,39.7102,9,83801.75600000001,11915.692666666668,8579.123666666668,189398.21600000001,30
59743,6,39.7203,5,92402.43208333333,8883.77625,13482.970000000001,144752.99333333332,24
59744,6,39.7203,6,93308.02857142857,10721.629523809524,13056.27380952381,149668.31285714285,21
59748,6,39.7204,4,91555.84999999999,6839.411739130434,7842.071304347826,125987.24869565219,23
59749,6,39.7204,5,93649.39855263158,7642.713552631579,8035.469210526317,130654.31105263159,76
59750,6,39.7204,6,101196.86213114754,9446.268524590165,10725.311967213116,141802.53508196722,61
59751,6,39.7204,8,86107.21962962963,8867.751851851852,8708.802222222223,120990.09814814814,27
59755,6,39.7205,4,130509.22361111111,8232.580555555556,8795.296944444444,161660.52805555554,36
59756,6,39.7205,5,124795.871,8366.4736,9406.1513,160303.38820000002,100
59757,6,39.7205,6,109409.16472727271,8127.562545454545,8047.141090909091,154068.55727272728,55
59758,6,39.7205,8,128838.90066666667,11799.608666666667,14498.473333333333,182657.039,30
59763,6,39.7206,5,40357.50619047619,2459.978095238095,2713.698095238095,188160.6380952381,21
59828,6,39.7303,4,86988.33483870968,12473.417096774194,9644.244516129032,148577.88032258063,31
59829,6,39.7303,5,74413.8372972973,11460.766756756757,7127.770675675676,140707.19027027028,74
59830,6,39.7303,6,95822.31833333334,12895.339375000001,10038.812916666668,168534.116875,48
59831,6,39.7303,8,96957.71697674418,11746.967674418604,6581.166511627907,146825.19302325582,43
59842,6,39.7400x0,4,68137.25125,12526.636666666667,12166.907916666665,114793.54458333332,24
59843,6,39.7400x0,5,63838.80212962963,9485.056666666667,10051.000833333334,101027.53138888889,108
59844,6,39.7400x0,6,64836.03486725664,11283.213097345133,11998.710884955753,110444.18424778762,113
59845,6,39.7400x0,8,58355.858687782806,10470.56669683258,10977.716742081448,103308.55380090498,221
59846,6,39.7400x0,9,63297.44373417721,11488.941202531645,11576.441835443038,108798.25,158
59849,6,39.7401,5,56655.79970588235,8773.968235294116,10413.977352941176,92224.30294117646,34
59850,6,39.7401,6,57819.94129032258,7365.039032258064,8585.081290322581,89171.15225806451,31
59851,6,39.7401,8,57274.117037037046,11158.415925925925,15200.934814814815,102619.25703703704,54
59852,6,39.7401,9,52964.78621621622,7771.74081081081,8807.873783783783,84375.42567567568,37
59864,6,39.7500x0,4,71207.21282608695,9185.184130434782,11420.190217391304,147151.80934782609,46
59865,6,39.7500x0,5,68092.2290551181,6771.390787401575,7769.868976377953,122521.95952755905,127
59866,6,39.7500x0,6,73217.26975609756,7136.225853658537,6576.41487804878,129307.69097560976,82
59867,6,39.7500x0,8,75553.79287878788,9541.611818181818,11870.762272727274,143713.30045454545,66
59879,6,39.7503,5,126989.92292682927,7512.026829268292,10452.939268292683,164430.13170731708,41
59880,6,39.7503,6,134134.40846153846,6684.957692307692,9739.364230769232,170209.71692307692,26
59913,6,39.7900x0,0,16315.993296703296,3354.2480219780223,845.1679120879121,33051.981098901095,91
59915,6,39.7900x0,2,15095.922702702703,4590.556756756757,1969.8859459459459,34175.115945945945,37
59916,6,39.7900x0,3,12021.324905660376,4777.857547169811,3214.7941509433963,35772.128867924526,53
59917,6,39.7900x0,4,15682.477936507936,5895.999206349206,4800.301746031746,38769.88555555556,63
59918,6,39.7900x0,5,13332.142751677853,7266.724295302013,5941.353691275168,40350.258791946304,149
59919,6,39.7900x0,6,13074.692432432434,6363.755585585585,4970.131081081082,35466.55315315315,111
59920,6,39.7900x0,8,16282.183177570094,7669.035420560748,4688.749439252337,41158.60953271028,107
59921,6,39.7900x0,9,15741.00737704918,7662.596393442623,6187.631147540984,43743.25639344262,61
59933,6,39.7902,3,5872.581724137931,7392.5199999999995,4671.171724137931,28352.95896551724,29
59934,6,39.7902,4,7265.253571428571,6083.75,4102.487678571429,26646.63053571429,56
59935,6,39.7902,5,7145.311216216217,6701.079414414414,4563.03018018018,28345.303243243245,222
59936,6,39.7902,6,7293.341893004115,6951.084115226337,5144.979259259259,29435.501275720162,243
59937,6,39.7902,8,6635.287783505155,8383.671082474226,5597.7300000000005,31401.772731958765,194
59938,6,39.7902,9,5844.387592592592,8057.287407407408,5748.125555555556,30595.10814814815,54
59940,6,39.7903,2,8577.383103448276,3771.7627586206895,4888.487586206896,28158.10172413793,29
59941,6,39.7903,3,7517.532252252252,3908.4713513513516,4686.976756756757,26560.234864864862,111
59942,6,39.7903,4,8061.3009699769045,4071.657782909931,5098.216489607391,27275.568591224015,433
59943,6,39.7903,5,8100.094513438369,4225.822956441149,5589.815319740501,28284.32045412419,1079
59944,6,39.7903,6,8327.626125,4496.0809125,5333.3341625,28660.3739625,800
59945,6,39.7903,8,8590.663188908145,4873.548180242634,5723.173830155979,29577.589306759102,577
59946,6,39.7903,9,9710.776326530611,6209.023979591837,5870.201122448979,32459.808775510202,98
59951,6,39.7904,5,13629.358837209304,6192.9274418604655,4969.208139534884,39211.67813953488,43
59952,6,39.7904,6,8273.115217391303,5944.543913043479,5048.363913043478,30117.24695652174,23
59987,6,39.9000x0,5,40270.10942857143,4749.698285714286,4473.679714285715,61907.95371428571,35
59988,6,39.9000x0,6,51422.92035714286,5125.141071428572,3897.5,71483.47928571429,28
59989,6,39.9000x0,8,43795.31078947368,6510.387368421053,5296.778684210526,67276.94894736842,38
60004,6,39.9004,6,51624.58375,6662.022083333333,4723.653333333334,79583.95208333334,24
60005,6,39.9004,8,49966.722692307696,8080.9388461538465,6137.6446153846155,82731.92230769231,26
60017,6,39.9008,6,31063.113599999997,6284.7464,2912.2648,52353.260800000004,25
60018,6,39.9008,8,26037.709761904764,5098.3966666666665,3595.8890476190477,48012.039047619044,42
60022,6,39.9009,6,53385.2096875,6484.0540625,5326.5084375,81582.19125,32
60023,6,39.9009,8,59956.70169230769,7081.140923076923,4957.705846153846,89605.554,65
60024,6,39.9009,9,57060.05944444444,7357.440740740741,5547.176481481482,86303.53351851851,54
60041,6,39.9016,6,23531.857727272727,5305.572272727272,3088.7731818181824,42780.89,22
60047,6,39.9200,0,638.4234782608695,1664.1304347826087,1040.678260869565,10300.681739130434,23
60052,6,39.9200,5,222.41392857142858,1659.2142857142858,2263.2189285714285,7014.422142857143,28
60053,6,39.9200,6,293.3739130434783,1721.286956521739,2109.687391304348,6786.05,23
60062,6,39.9500,1,1965.85,5405.17794117647,13146.032352941176,30034.65794117647,34
60063,6,39.9500,2,755.8098591549295,2981.9242253521124,2171.9344366197183,10547.33190140845,142
60064,6,39.9500,3,1001.3590202702703,3240.0425337837837,2650.402804054054,12309.148310810811,296
60065,6,39.9500,4,815.9878827361564,3372.5392019543974,2510.8628338762214,12002.828631921824,614
60066,6,39.9500,5,968.3339519650656,3483.8252328966523,2765.300014556041,12711.914774381366,1374
60067,6,39.9500,6,897.8260300751881,3842.9913308270675,3047.2466090225566,13415.427609022556,1330
60068,6,39.9500,8,975.3580851063829,4336.708780141844,3474.4857446808514,15289.79709929078,1410
60069,6,39.9500,9,1396.8427175208583,4816.238581644815,4023.312622169249,18406.79358760429,839
60072,6,39.9500x0,2,8572.248333333333,12651.329444444444,18877.456944444446,58013.226388888885,36
60073,6,39.9500x0,3,5951.762456140351,8823.353859649122,9628.441754385965,38086.705789473686,57
60074,6,39.9500x0,4,6499.431262135923,11346.712135922331,11586.54650485437,44541.908640776695,103
60075,6,39.9500x0,5,7077.870628272251,10788.962513089005,9534.116439790576,42402.05952879581,191
60076,6,39.9500x0,6,5689.544684210527,9715.609263157894,8316.203947368422,36540.8937368421,190
60077,6,39.9500x0,8,5730.450183823529,11859.751213235295,9546.204264705882,41291.54040441177,272
60078,6,39.9500x0,9,5973.694430379746,12279.805316455697,10274.100443037976,46315.490443037976,158
60082,6,39.9501,5,1533.7634782608695,4829.064347826087,3788.9865217391307,19457.499130434782,23
60085,6,39.9501,9,659.3419047619047,3614.657142857143,6158.4766666666665,20350.48904761905,21
60090,6,39.9600x0,1,5476.5368181818185,4685.672727272728,1968.6663636363637,16985.109090909093,22
60094,6,39.9600x0,5,3032.1965853658535,4115.3624390243895,3907.351951219512,17974.464390243902,41
60095,6,39.9600x0,6,2255.353783783784,4572.825945945946,2853.8216216216215,14956.730270270271,37
60096,6,39.9600x0,8,2351.2758620689656,4719.205517241379,3263.4117241379313,16877.873103448277,29
60137,6,40.1100,6,1000.4854545454546,5965.731818181818,2068.087727272727,11680.56409090909,22
60143,6,40.1100x0,3,2479.349230769231,6015.795384615384,1555.0723076923075,14009.053461538462,26
60144,6,40.1100x0,4,1767.7776923076924,6975.128461538461,2176.088846153846,13904.587307692309,26
60145,6,40.1100x0,5,2001.5558461538462,7200.7206153846155,2434.585846153846,15354.622615384615,65
60146,6,40.1100x0,6,2304.851139240506,8315.339620253164,3038.327974683544,18251.874430379747,79
60147,6,40.1100x0,8,1755.0686440677966,6996.1615254237295,3341.8861016949154,16255.140677966103,59
60150,6,40.1101,1,772.1604347826086,5545.696521739131,2052.398695652174,11257.038260869565,23
60151,6,40.1101,2,613.5309090909091,5660.6902272727275,1545.6854545454546,10151.650681818182,44
60152,6,40.1101,3,755.8966666666666,4904.030303030303,2278.6248484848484,10533.695757575759,33
60153,6,40.1101,4,939.4666666666667,6336.0091111111105,2212.822,13019.266666666666,45
60154,6,40.1101,5,836.7686259541985,5907.175038167939,2377.656488549618,12053.488396946565,131
60155,6,40.1101,6,925.9317525773197,7076.404536082474,2640.4753608247424,13526.577216494845,97
60156,6,40.1101,8,910.8203,7010.3886,3110.7058,14641.693200000002,100
60157,6,40.1101,9,1192.5093333333332,10280.480222222222,5948.541333333333,23520.227555555557,45
60163,6,40.1102,5,1210.9142857142858,7209.662380952381,3380.0814285714287,14200.728333333333,42
60164,6,40.1102,6,844.2878378378379,8309.478108108107,3975.2045945945947,17348.607567567567,37
60165,6,40.1102,8,992.7638235294118,8124.753823529412,4071.6005882352947,16960.534705882354,34
60171,6,40.1103,4,1028.5832142857143,6363.194285714286,2637.2689285714287,11925.707142857142,28
60172,6,40.1103,5,877.6003846153847,6210.210384615385,2125.742307692308,11068.428653846155,52
60173,6,40.1103,6,926.2583333333333,5722.595833333333,1827.5466666666669,10868.45875,24
60174,6,40.1103,8,781.6214285714286,6338.996857142857,2869.4145714285714,12605.207142857143,35
60181,6,40.1104,6,984.9704166666667,7695.743333333333,2415.30875,15135.398333333333,24
60197,6,40.2100,2,1643.874074074074,5384.392592592593,2970.077037037037,15696.255555555557,27
60198,6,40.2100,3,1730.5459259259258,5677.011111111111,3696.3692592592593,16670.07185185185,27
60208,6,40.2300,5,1251.8210344827585,3550.5506896551724,1502.3237931034482,9967.237241379311,29
60226,6,40.2900x0,2,1089.454,4288.3,2606.31,12028.430333333332,30
60227,6,40.2900x0,3,2061.9630434782607,3471.185217391304,1662.7543478260868,11659.470869565219,23
60228,6,40.2900x0,4,3183.0197368421054,4296.373684210526,1365.1128947368422,12867.382894736842,38
60229,6,40.2900x0,5,1474.240895522388,4532.346865671641,2047.7123880597017,12465.387313432835,67
60230,6,40.2900x0,6,1523.583,5760.545666666667,2910.3786666666665,15359.030666666666,30
60231,6,40.2900x0,8,1071.5738709677419,7639.270967741935,3456.301612903226,17508.149677419355,31
60266,6,40.3x00x0,3,4088.111666666666,4563.408333333334,1967.5337499999998,18408.869166666667,24
60267,6,40.3x00x0,4,3440.666818181818,4787.647727272727,1899.805,17074.982727272727,22
60268,6,40.3x00x0,5,3649.1902500000006,4371.23325,2063.3962500000002,18927.92525,40
60269,6,40.3x00x0,6,3532.427391304348,5352.860869565217,1886.4408695652173,19662.219130434783,23
60283,6,40.4100,5,3496.599523809524,5971.049047619048,3433.474761904762,23588.576666666668,21
60341,6,40.9x00x0,0,576.6413636363636,2010.6781818181817,1081.4486363636363,8382.23090909091,22
60362,6,41.0401,5,1994.0513333333333,11227.460666666668,31544.825333333334,84646.97533333332,30
60387,6,41.3100,0,629.3488461538461,5106.994871794872,5499.250897435898,15068.72858974359,78
60388,6,41.3100,1,981.8460204081633,7886.022653061224,6847.115102040817,22063.51142857143,98
60389,6,41.3100,2,972.4940625,8601.678020833333,5463.748541666667,22237.917708333334,96
60390,6,41.3100,3,1049.9163025210084,9301.85268907563,6813.077310924369,24882.5868907563,119
60391,6,41.3100,4,664.4341450777201,8067.144455958549,6368.366943005181,20692.31766839378,193
60392,6,41.3100,5,705.7221844660194,8294.322766990292,5651.052111650486,19473.48881067961,412
60393,6,41.3100,6,743.1690052356021,8756.449162303665,6836.137801047121,22599.249816753927,382
60394,6,41.3100,8,813.9154761904762,8945.281772486773,5660.628571428571,21351.950793650794,378
60395,6,41.3100,9,569.1588513513514,8988.354054054053,5258.1306081081075,20217.773175675677,148
60403,6,41.3800,4,128.6617857142857,3526.0799999999995,2911.784642857143,10117.433571428572,28
60404,6,41.3800,5,242.38589285714286,3973.913035714286,5002.758928571428,13906.443214285713,56
60405,6,41.3800,6,189.235,3536.239,4178.126833333333,13365.3215,60
60406,6,41.3800,8,184.6532183908046,3939.8688505747127,2896.907011494253,11732.325172413794,87
60407,6,41.3800,9,130.46033333333332,3235.4716666666664,4434.2210000000005,15380.333,30
60408,6,41.3800x0,0,428.6638403041825,3436.2823574144486,2199.2198859315586,8922.101596958175,263
60409,6,41.3800x0,1,406.9714090909091,4827.531863636364,4410.422318181818,14209.502454545454,220
60410,6,41.3800x0,2,407.3251243781095,5399.474129353234,4848.321044776119,15422.565024875621,201
60411,6,41.3800x0,3,471.63047210300425,5508.660128755365,5802.468841201717,17073.92416309013,233
60412,6,41.3800x0,4,424.88753684210525,5512.5471157894735,5200.728863157895,16119.669494736841,475
60413,6,41.3800x0,5,487.3701218161683,5596.281782945736,5119.345813953488,16067.56561461794,903
60414,6,41.3800x0,6,425.11122302158276,5839.157901678657,4753.07010791367,15799.386774580336,834
60415,6,41.3800x0,8,400.25485686080947,5885.2311747285285,3982.346811451135,14971.287887462982,1013
60416,6,41.3800x0,9,367.7724935064935,6252.723142857143,3600.8743896103892,15299.919064935064,385
60431,6,41.5x00,3,14249.832499999999,11376.168125,13343.6440625,62274.08875,32
60432,6,41.5x00,4,11781.383469387756,7270.543469387755,10155.853469387755,46302.705714285716,49
60433,6,41.5x00,5,9976.88852631579,10207.490526315789,9863.065789473685,48986.77694736842,95
60434,6,41.5x00,6,12610.558235294116,10277.813921568628,11704.485490196079,54434.568039215694,51
60435,6,41.5x00,8,8682.5388,13586.7852,15931.8648,58672.7776,25
60441,6,41.5x01,4,12390.369285714287,6627.195,6412.170714285714,43204.959642857146,28
60442,6,41.5x01,5,12747.844375,6872.189874999999,7474.509875000001,46306.786125,80
60443,6,41.5x01,6,14780.056774193548,7778.082258064515,7869.420967741935,47830.35677419355,31
60473,6,42.2300x0,4,195.97545454545454,2466.7613636363635,1977.8186363636364,6518.828181818182,22
60474,6,42.2300x0,5,248.07541666666668,2531.6195833333336,1575.2591666666667,6817.095208333333,48
60475,6,42.2300x0,6,400.685,3105.112619047619,2253.8961904761904,8098.575000000001,42
60481,6,42.2400,6,415.3917073170732,4125.173658536585,1891.6478048780486,8892.656097560975,41
60482,6,42.2400,8,557.4536363636364,4701.276545454545,1750.1363636363637,9538.258363636363,55
60483,6,42.2400,9,393.6904,4346.1720000000005,1626.514,9806.0032,25
60490,6,42.2400x0,8,525.5662962962963,5300.227407407408,3190.134074074074,11891.865555555556,27
60518,6,42.3300x0,5,322.88416666666666,2869.77,652.9997222222222,5669.015,36
60519,6,42.3300x0,6,258.1326666666667,3164.960666666667,687.3816666666667,5176.354666666666,30
60524,6,42.3301,4,1429.8819047619047,3121.697142857143,1292.5190476190478,8925.814761904761,21
60525,6,42.3301,5,2193.9175555555553,3456.731111111111,1661.3237777777777,11438.42,45
60530,6,42.3302,3,291.472962962963,1791.8296296296296,580.6903703703704,4078.8633333333332,27
60531,6,42.3302,4,229.32333333333335,1917.9,1041.4802564102565,5135.1048717948715,39
60532,6,42.3302,5,264.03415094339624,2206.7000000000003,1034.1341509433962,5681.623207547171,53
60533,6,42.3302,6,259.00925925925924,1870.3777777777777,944.8222222222222,4780.212962962963,27
60543,6,42.3304,4,811.3147826086955,1479.8734782608694,777.0173913043479,5851.618695652173,23
60544,6,42.3304,5,572.8451219512195,1955.5943902439024,818.9917073170733,5655.170487804878,41
60549,6,42.3305,4,3910.7475,4188.561875,1914.685,15689.150625,32
60550,6,42.3305,5,4729.620598802395,4856.52365269461,2120.290479041916,18211.586946107785,167
60551,6,42.3305,6,4689.446793478261,5348.911684782609,2606.208532608696,20019.836739130435,184
60552,6,42.3305,8,4866.18190140845,5296.19485915493,2517.7448591549296,20092.18894366197,142
60557,6,42.3306,5,1680.5583333333334,3107.66,978.6974999999999,8530.252083333335,24
60562,6,42.3307,3,4219.629318181818,4352.6375,4284.308863636364,18251.965454545454,44
60563,6,42.3307,4,3143.629865771812,3898.9606711409397,4168.422483221476,17223.224496644296,149
60564,6,42.3307,5,3352.8681660899656,4080.147128027682,4422.538339100346,17307.936435986157,289
60565,6,42.3307,6,3481.3281868131867,4691.280714285714,5127.394725274725,19560.241043956044,182
60566,6,42.3307,8,3302.426386554622,4945.5957983193275,4936.484285714286,19770.674789915964,119
60567,6,42.3307,9,4429.160476190476,5751.912380952381,6634.358571428571,24444.742857142857,21
60571,6,42.3308,4,5701.917837837837,3678.9337837837834,6033.882702702703,20925.92837837838,37
60572,6,42.3308,5,7898.068852459017,5150.334098360656,7604.411639344262,28579.648360655738,61
60573,6,42.3308,6,6857.995853658537,4610.19756097561,6673.185609756098,25508.55268292683,41
60574,6,42.3308,8,5313.0564,4999.4544,7230.6112,25269.321200000002,25
60578,6,42.3309,5,10434.92695652174,4890.122173913043,6894.365652173913,29110.707826086957,23
60600,6,42.4100,5,20448.184444444443,8822.71962962963,11596.294444444446,61835.44925925926,27
60601,6,42.4100,6,20136.957948717947,11250.143333333333,14590.440256410258,72747.09974358974,39
60602,6,42.4100,8,19626.230606060606,10111.99303030303,13910.76393939394,68336.66424242425,33
60609,6,42.4101,5,27583.478387096773,11467.312903225808,16177.636451612903,75960.02064516129,31
60610,6,42.4101,6,28807.90960784314,10727.318823529413,13446.34843137255,75155.40470588235,51
60611,6,42.4101,8,29684.13156862745,12881.53137254902,16385.287647058823,82626.87294117647,51
60616,6,42.4102,5,30606.03412698413,12096.88253968254,15584.838095238096,78652.02920634921,63
60617,6,42.4102,6,30474.39456521739,13079.462717391305,16890.418260869566,83037.24293478261,92
60618,6,42.4102,8,32520.574444444446,13500.994074074075,15926.124938271607,84149.63074074074,81
60622,6,42.4103,5,23205.933999999997,9494.8102,10107.7934,70283.3742,50
60623,6,42.4103,6,20730.76623529412,10294.071294117648,10571.398352941176,73397.25823529412,85
60624,6,42.4103,8,18965.68255102041,11772.02112244898,9703.530714285715,73372.88734693878,98
60628,6,42.4104,5,21104.544074074078,10743.24685185185,14504.798888888889,75767.0387037037,54
60629,6,42.4104,6,20520.078255813954,11290.141511627908,12329.202441860463,72470.50930232558,86
60630,6,42.4104,8,22097.91867647059,12825.069852941177,13939.30794117647,78798.28205882352,68
60673,6,42.8101,5,8197.983928571428,4579.925,3762.2257142857147,20424.76357142857,28
60674,6,42.8101,6,5732.566393442623,3809.7337704918036,3535.0967213114754,17139.784918032787,61
60675,6,42.8101,8,5619.537692307693,3474.373846153846,2791.8472115384616,15811.531923076924,104
60676,6,42.8101,9,5922.177592592593,3815.7640740740744,3642.162037037037,17507.337592592594,54
60697,6,42.9100x0,4,5612.326666666667,4158.940476190476,5092.061428571428,21777.104285714286,42
60698,6,42.9100x0,5,4155.486559139785,3960.7191397849465,4544.784086021506,18635.85182795699,93
60699,6,42.9100x0,6,4673.150307692308,4131.800615384615,4282.1932307692305,18643.60723076923,65
60700,6,42.9100x0,8,3260.3233333333333,4120.495,4520.318611111111,18443.755555555555,36
60711,6,42.9200x0,5,3443.962857142857,2940.9614285714288,2087.110476190476,11797.399523809525,21
60712,6,42.9200x0,6,2250.274814814815,2831.282222222222,1944.481111111111,11130.478518518517,27
60713,6,42.9200x0,8,2085.200333333333,2680.165,1567.7233333333331,9352.639333333333,30
60723,6,42.9202,5,741.4879487179487,1993.7625641025643,898.8748717948719,5403.411025641026,39
60724,6,42.9202,6,764.2396666666666,1951.5106666666666,1007.484,5528.803,60
60725,6,42.9202,8,658.989358974359,2064.432564102564,1252.9630769230769,6050.05423076923,78
60753,6,43.1900x0,8,2456.971304347826,4590.08,7055.769565217392,22737.97652173913,23
60761,6,43.4100,4,368.5233333333333,1778.575,1111.0274074074075,5980.802037037037,54
60762,6,43.4100,5,375.04957264957267,1676.9581196581198,1310.7384615384615,6324.53905982906,117
60763,6,43.4100,6,445.8698113207547,1732.225471698113,1317.9569811320755,6773.86396226415,53
60764,6,43.4100,8,580.0875000000001,2359.1672727272726,1542.5736363636365,7874.525,44
60768,6,43.4100x0,3,5443.821025641026,4479.028205128206,3194.631282051282,17638.23128205128,39
60769,6,43.4100x0,4,5032.2103125,3872.49609375,3797.321796875,17905.40015625,128
60770,6,43.4100x0,5,4837.0336328125,4062.4624609375,3521.0034375,16969.78125,256
60771,6,43.4100x0,6,5401.78115942029,4730.649275362319,4071.8252173913042,19516.06608695652,138
60772,6,43.4100x0,8,6075.157352941176,4801.075147058823,3825.7616176470588,19604.84411764706,68
60776,6,43.4101,3,205.29192307692307,2213.6665384615385,1040.3082692307692,5608.954615384616,52
60777,6,43.4101,4,214.21474226804122,2231.338402061856,1021.275,5678.265103092783,194
60778,6,43.4101,5,251.25369426751593,2363.7295116772825,1027.6511889596604,6000.249787685775,471
60779,6,43.4101,6,307.3574817518248,2494.9428832116787,1083.7773722627737,6405.518467153285,274
60780,6,43.4101,8,272.75266187050363,3099.778561151079,1253.2627338129496,7237.116474820144,139
60791,6,43.4105,2,492.14362068965517,1792.05,830.9387931034482,5198.297413793103,58
60792,6,43.4105,3,482.80653333333333,1854.3977666666665,704.2852666666666,5274.105866666667,300
60793,6,43.4105,4,424.3729078014184,2060.088026004728,875.4445981087471,5892.212647754138,846
60794,6,43.4105,5,420.59855954238174,2397.227561102444,940.6067394695788,6393.367254290172,1923
60795,6,43.4105,6,398.5589958158996,2645.4676569037656,1079.1703242677825,6852.744278242678,956
60796,6,43.4105,8,475.3928079710145,2955.6443297101446,1211.12,7570.041032608696,552
60797,6,43.4105,9,368.5382926829268,3601.898780487805,1535.9299999999998,8812.985853658536,82
60803,6,43.4107,3,5886.6023076923075,4256.663846153847,2110.918717948718,18983.39230769231,39
60804,6,43.4107,4,5774.772206896551,4061.4395862068964,2102.7620689655173,18813.00544827586,145
60805,6,43.4107,5,6383.394465240641,4409.099304812834,2300.822967914439,20064.276042780748,374
60806,6,43.4107,6,6057.450995850622,4969.411825726141,2515.656182572614,20649.422655601662,241
60807,6,43.4107,8,5688.377014925373,5428.541343283582,2602.3358208955224,22310.437985074626,134
60810,6,43.4108,2,740.1238461538462,1395.2376923076922,751.1496153846153,4846.9353846153845,26
60811,6,43.4108,3,717.2194214876033,1852.36826446281,779.3218181818182,5334.411652892562,121
60812,6,43.4108,4,737.215983935743,2001.2695582329318,945.468875502008,5847.266987951807,249
60813,6,43.4108,5,756.2642429906542,2186.1774205607476,1057.2150841121495,6372.510971962617,535
60814,6,43.4108,6,795.62436,2337.36404,1130.22208,6913.975,250
60815,6,43.4108,8,829.2486092715232,2569.2238410596024,1332.0453642384107,7505.581456953642,151
60838,6,43.4203,5,14576.4875,7009.553125,4618.1884375,39989.2353125,32
60839,6,43.4203,6,13081.473103448277,7624.9289655172415,4838.29,37276.78655172414,29
60889,6,43.7x00x0,5,23625.63804597701,12633.311149425288,16521.20643678161,75346.15379310344,87
60890,6,43.7x00x0,6,24488.653023255814,12724.647674418604,13812.873604651162,71764.67360465117,86
60891,6,43.7x00x0,8,21719.98337078652,14351.049438202246,14554.448539325842,72605.24550561798,89
60892,6,43.7x00x0,9,20955.58523809524,18093.19857142857,22229.744285714285,86203.26857142856,21
60899,6,43.7x03,4,24631.66372093023,9075.620465116279,9246.663720930232,66752.82558139534,43
60900,6,43.7x03,5,25638.457466666667,9638.540266666667,10326.969533333333,65754.9676,150
60901,6,43.7x03,6,26480.802127659575,9990.23120567376,10670.96156028369,67290.48382978723,141
60902,6,43.7x03,8,24643.553142857145,11719.076666666668,12340.800571428572,71074.64038095238,105
60910,6,43.8200,2,20725.421576576577,6447.166486486486,3980.1574324324324,45426.411846846844,222
60911,6,43.8200,3,19917.925868263475,6184.407305389222,4512.056826347305,44696.592155688624,334
60912,6,43.8200,4,20376.689836065576,6305.5183606557375,4468.360983606558,45286.157213114755,122
60913,6,43.8200,5,21419.075128205128,6514.538461538462,4610.346923076923,45935.35076923077,39
60921,6,43.8201,5,18040.2121875,8063.0440625,8013.1584375,50706.0028125,32
60922,6,43.8201,6,17248.217857142856,8805.732142857143,7584.711428571429,49317.06428571429,28
60923,6,43.8201,8,17673.154545454545,9659.55318181818,7443.361818181817,50486.31272727272,22
60930,6,43.8901,5,17382.322,9759.5592,7359.709599999999,56922.5908,25
60931,6,43.8901,6,15298.401600000001,10259.128,7244.7888,48408.0812,25
60942,6,43.9900x0,6,20385.915862068967,10126.884137931034,8966.518275862069,59559.9075862069,29
60943,6,43.9900x0,8,20563.435666666664,12302.475666666667,11099.672333333332,69077.037,30
60947,6,43.9901,5,23554.384909090906,10208.98890909091,11710.093090909091,68841.22818181818,55
60948,6,43.9901,6,21153.786229508198,11278.535901639343,11696.87262295082,67885.74032786886,61
60949,6,43.9901,8,22621.339487179488,11997.168461538462,12091.237948717948,69736.27461538461,39
60962,6,43.9905,5,28499.137971014494,11171.591304347827,10607.015942028986,73031.94579710145,69
60963,6,43.9905,6,26624.71206185567,12477.059793814433,12595.097422680412,75774.30979381443,97
60964,6,43.9905,8,25387.01081081081,13121.136756756756,11783.184594594595,75777.9877027027,74
60979,6,44.1300,2,94.44846153846154,2031.8110256410257,1287.523846153846,5179.096153846154,39
60980,6,44.1300,3,104.84336633663366,2049.890297029703,1551.9848514851485,5517.533762376238,101
60981,6,44.1300,4,397.2235784313726,2616.309362745098,1799.7700980392156,6926.591029411765,204
60982,6,44.1300,5,454.75549234135667,2894.2372647702405,1908.939387308534,7581.883282275711,457
60983,6,44.1300,6,475.04253424657537,2902.427876712329,2088.438287671233,8038.104794520548,292
60984,6,44.1300,8,312.3412416107383,2961.616375838926,2133.7912416107383,7946.484765100671,298
60985,6,44.1300,9,451.7339024390244,3332.0514634146343,2583.8119512195126,9419.135,82
60986,6,44.1300x0,0,365.77030612244897,2265.618673469388,674.4184693877551,5073.300714285715,98
60987,6,44.1300x0,1,209.6941533546326,2416.613290734824,1148.0498722044729,5488.766773162939,313
60988,6,44.1300x0,2,167.92719587628866,2495.0798350515465,1380.6551340206186,5825.477484536083,485
60989,6,44.1300x0,3,204.61221711131554,2743.443808647654,1614.5897608095677,6308.259641214352,1087
60990,6,44.1300x0,4,237.43024378352024,3152.6883520234032,1692.638035104827,7014.106075085325,2051
60991,6,44.1300x0,5,221.11528927410617,3291.0040758396535,1769.8147648970746,7377.36309859155,4615
60992,6,44.1300x0,6,239.64448198198198,3572.8608361486486,2024.7125394144146,8164.373018018018,3552
60993,6,44.1300x0,8,244.3922889200561,3646.6579382889204,2175.272827489481,8490.517610098177,3565
60994,6,44.1300x0,9,325.1183746283449,3986.157145688801,2475.9142517343903,9708.942656095145,1009
60999,6,44.1301,5,220.82333333333335,3946.69875,1811.6693750000002,7931.105833333332,48
61000,6,44.1301,6,353.4109523809524,4648.871666666666,1890.1183333333333,9256.572857142857,42
61001,6,44.1301,8,407.6897142857143,5381.657714285714,4045.0200000000004,12939.425428571429,35
61007,6,44.1400,4,197.1975,3045.7671875,1720.574375,7009.1381249999995,32
61008,6,44.1400,5,238.74011235955055,3177.66393258427,1443.0375280898877,6849.785617977529,89
61009,6,44.1400,6,247.8061627906977,3570.25988372093,1874.3412790697676,7937.84,86
61010,6,44.1400,8,275.8985,4009.18375,1873.062375,8988.92675,80
61011,6,44.1400,9,402.04703703703706,4479.283703703703,3388.0733333333337,12738.467407407406,27
61018,6,44.1401,2,571.5214285714286,3609.0642857142857,1187.3385714285716,6963.236785714286,28
61019,6,44.1401,3,252.79064814814814,3265.858981481482,1448.704722222222,7196.2415740740735,108
61020,6,44.1401,4,261.1993089430894,3449.6752845528454,1855.7534959349593,7725.603577235773,246
61021,6,44.1401,5,300.072754491018,3824.852215568862,1709.713398203593,8050.3274101796405,668
61022,6,44.1401,6,390.35056962025317,4179.801882911393,2043.2109810126583,9131.487753164556,632
61023,6,44.1401,8,416.1880571428572,4240.752185714286,2217.1853571428574,9647.370785714285,700
61024,6,44.1401,9,351.58475,4346.702249999999,2398.3424,9959.09035,200
61029,6,44.1402,5,277.5022727272727,4131.554545454545,1982.0718181818183,8536.808636363638,22
61030,6,44.1402,6,584.5728,4960.86,2566.71,10460.841999999999,25
61033,6,44.1901,0,75.32527272727273,1195.7818181818182,512.7783636363637,2891.6927272727276,55
61076,6,44.4100x0,5,3144.265294117647,5506.239705882353,7749.5455882352935,25349.131470588236,34
61077,6,44.4100x0,6,2872.4637037037037,7508.847407407407,8401.253703703704,30167.96851851852,27
61078,6,44.4100x0,8,3995.0901754385964,8660.49543859649,11991.676842105262,37684.14807017544,57
61079,6,44.4100x0,9,3661.7402040816323,9947.44081632653,12319.033061224489,39041.590612244894,49
61088,6,44.4102,5,2580.498,3939.717714285714,6088.524,20701.231428571427,35
61089,6,44.4102,6,2848.6887096774194,5734.830645161291,9482.577741935485,29109.596451612902,31
61090,6,44.4102,8,3678.838,12058.383714285716,15573.688285714285,46894.13228571428,35
61091,6,44.4102,9,3775.7400000000002,7830.380357142857,9228.118928571428,33516.0925,28
61101,6,44.4200x0,5,4044.0993548387096,6509.529677419355,9625.157419354839,31701.20322580645,31
61102,6,44.4200x0,6,5110.866206896551,12079.93724137931,14869.61551724138,49912.9024137931,29
61103,6,44.4200x0,8,3907.843,9122.192000000001,12636.472,40834.54833333333,30
61104,6,44.4200x0,9,3945.7145454545457,9296.081818181818,11260.837727272727,40647.03818181818,22
61121,6,44.4300x0,3,537.2736,3245.578,2513.5908,8436.8744,25
61122,6,44.4300x0,4,1367.6223333333332,4977.604,4925.536666666667,17185.733333333334,30
61123,6,44.4300x0,5,1834.8185227272727,4766.452727272727,4115.619090909091,15585.638295454544,88
61124,6,44.4300x0,6,1456.7353424657535,5512.829041095891,4059.7334246575338,16396.715616438356,73
61125,6,44.4300x0,8,1582.4811688311688,6444.115974025974,5490.297272727273,20846.682727272728,77
61126,6,44.4300x0,9,2227.6254545454544,6402.257500000001,5991.916590909092,22483.26863636364,44
61137,6,44.4302,6,1586.6375,4157.056666666666,4195.6483333333335,15811.274583333334,24
61138,6,44.4302,8,2570.4652380952384,5542.571428571428,7720.88380952381,24795.50380952381,21
61188,6,44.5x05,6,594.9399999999999,1689.1274074074074,1238.7814814814815,5635.1407407407405,27
61189,6,44.5x05,8,729.686875,2020.024375,951.3528125,5735.553125,32
61224,6,44.6901,5,5828.158518518519,9679.306666666667,18729.824074074073,55573.741481481484,27
61226,6,44.6901,8,4314.1509090909085,7612.037878787879,12416.064545454545,37895.37545454545,33
61227,6,44.6901,9,5279.368108108108,12328.221081081081,21634.83108108108,58004.41486486487,37
61232,6,44.6902,5,3505.3657142857146,5649.363214285715,8857.989285714286,29684.57857142857,28
61234,6,44.6902,8,4478.571599999999,6926.9328000000005,13645.608,39458.4228,25
61235,6,44.6902,9,4248.318064516128,10905.573225806453,15683.796774193548,48912.14193548387,31
61278,6,45.1300,4,99.10733333333334,2346.423333333333,1412.5546666666667,5418.395333333333,30
61279,6,45.1300,5,133.08306666666667,2583.4901333333332,2550.0748000000003,7647.933866666667,75
61280,6,45.1300,6,174.19760000000002,2891.8740000000003,3485.309,9189.421999999999,50
61281,6,45.1300,8,578.7872222222222,2908.8324074074076,2470.669074074074,8415.869074074073,54
61282,6,45.1300,9,169.99249999999998,3116.882916666667,2695.8325,8369.939166666667,24
61284,6,45.1300x0,1,261.97481481481486,2558.2076851851853,1035.789814814815,5885.995833333333,108
61285,6,45.1300x0,2,243.23562189054726,2867.7206965174128,1428.3562189054726,6639.269950248757,201
61286,6,45.1300x0,3,268.2844618834081,3150.3317713004485,1560.828206278027,7035.707623318386,446
61287,6,45.1300x0,4,224.71909574468086,3427.829375,1687.9025797872341,7322.380039893617,752
61288,6,45.1300x0,5,242.06734424166143,3780.152441787288,1869.31295154185,8284.698904971681,1589
61289,6,45.1300x0,6,223.69310661764706,3871.4212959558827,1903.919549632353,8215.263419117648,1088
61290,6,45.1300x0,8,313.03523076923074,4062.5434256410254,2086.2315794871797,8903.004912820512,975
61291,6,45.1300x0,9,367.75814925373135,4496.034567164179,2540.111970149254,10389.534567164179,335
61296,6,45.1301,5,518.076875,3480.89125,1698.3546875,7770.43375,32
61298,6,45.1301,8,244.06833333333336,2958.2370833333334,1914.4895833333333,6819.9025,24
61331,6,45.1600,0,445.5721951219512,3109.684512195122,1693.5706097560976,7437.917560975609,82
61332,6,45.1600,1,625.213076923077,3258.147692307692,1574.919358974359,7498.733974358975,78
61333,6,45.1600,2,318.45173913043476,2647.7521739130434,1873.8095652173913,6344.891304347826,23
61334,6,45.1600,3,226.39963636363635,3638.253818181818,1208.171818181818,6319.958363636364,55
61335,6,45.1600,4,387.1355462184874,3953.0426890756303,1723.3381512605042,7871.881932773109,119
61336,6,45.1600,5,371.28592982456144,4164.811929824561,1742.6486315789473,8266.888807017544,285
61337,6,45.1600,6,341.1922027972028,4417.7915034965035,2146.3947552447553,9208.012097902098,286
61338,6,45.1600,8,355.57203007518797,4668.229699248121,2154.8146240601504,9457.791541353383,266
61339,6,45.1600,9,414.0135632183908,5005.532298850575,2714.765977011494,10520.231034482758,87
61343,6,45.1600x0,3,398.54058823529414,3984.542549019608,2137.0219607843137,9387.32156862745,51
61344,6,45.1600x0,4,333.9778151260504,4449.406302521008,1725.4765546218487,9884.123613445377,119
61345,6,45.1600x0,5,385.5795709570957,4640.519900990099,1817.8614191419142,9618.730660066007,303
61346,6,45.1600x0,6,457.5753770491803,4849.286426229509,2275.0006885245903,10747.394,305
61347,6,45.1600x0,8,447.60252669039147,4545.85615658363,2169.896548042705,10314.768256227757,281
61348,6,45.1600x0,9,411.4939175257732,4953.64618556701,2252.609381443299,11263.72731958763,97
61354,6,45.2300,1,668.1351428571428,3356.624285714286,1399.0954285714286,7702.9619999999995,35
61355,6,45.2300,2,131.914693877551,2218.99,1313.2197959183673,5231.536530612245,49
61356,6,45.2300,3,210.66466666666668,2416.48375,1015.6319166666667,4967.960666666667,120
61357,6,45.2300,4,172.10339080459772,2639.070574712644,1323.0208620689655,5816.393333333333,174
61358,6,45.2300,5,275.43412345679013,2941.082074074074,1302.1140493827158,6200.632172839506,405
61359,6,45.2300,6,316.9124264705883,3245.447463235294,1655.1845588235294,7341.5372426470585,272
61360,6,45.2300,8,287.03858778625954,3396.2864885496188,1978.8362977099237,7788.652213740458,262
61361,6,45.2300,9,329.56470588235294,3518.935176470588,2024.6158823529413,8285.252823529412,85
61372,6,45.2301,4,112.92318181818182,2674.8045454545454,1673.4577272727272,7128.536363636363,22
61373,6,45.2301,5,150.81243902439024,3174.5156097560975,1493.809512195122,6559.705365853658,41
61374,6,45.2301,6,128.33277777777778,2746.980555555556,1259.8783333333333,5895.988611111111,36
61375,6,45.2301,8,147.76636363636365,2879.8636363636365,1557.4577272727272,6086.068181818182,22
61377,6,45.2302,0,703.837627118644,2827.077966101695,932.6238983050847,6848.653389830508,59
61378,6,45.2302,1,487.65,3292.3556179775283,1795.1459550561797,7999.368426966293,89
61379,6,45.2302,2,220.00923076923078,2943.6974999999998,1668.0834615384617,6609.554166666667,156
61380,6,45.2302,3,173.53701149425288,2615.3755747126434,1344.2820977011493,5833.822126436782,348
61381,6,45.2302,4,189.86229430379748,2854.0,1362.343006329114,6242.435585443038,632
61382,6,45.2302,5,226.16136478517268,3139.7669250210615,1475.719561920809,6686.656731255265,1187
61383,6,45.2302,6,282.9009523809524,3583.8715214866434,1735.0347735191638,7665.210720092915,861
61384,6,45.2302,8,232.00091352009744,3511.957149817296,1803.7923142509135,7599.578258221681,821
61385,6,45.2302,9,370.63658823529414,4226.084235294117,2312.8181960784314,9825.334235294118,255
61395,6,45.2401,5,535.9559090909091,3738.0545454545454,2503.220909090909,10164.57,22
61399,6,45.2500,0,193.95344827586206,2176.9486206896554,558.9972413793104,4075.504827586207,29
61404,6,45.2500,5,273.4091304347826,3895.2215217391304,1477.55,8510.850869565218,46
61405,6,45.2500,6,266.9132352941176,4224.117647058823,1722.3282352941178,8101.790588235294,34
61406,6,45.2500,8,279.1848484848485,4932.57909090909,2381.958484848485,9493.647878787879,33
61411,6,45.2501,2,797.0916279069768,5612.017441860465,2631.730930232558,12433.416279069768,43
61412,6,45.2501,3,782.5064615384615,4674.935076923078,2176.7967692307693,10218.981692307692,65
61413,6,45.2501,4,365.558202247191,4125.78213483146,1576.4021348314607,8280.43393258427,89
61414,6,45.2501,5,341.959203187251,4241.835537848606,1660.0743027888448,8539.123984063746,251
61415,6,45.2501,6,407.99446808510635,4368.573191489361,2268.6226808510637,9433.880127659575,235
61416,6,45.2501,8,392.1813333333333,4841.1745833333325,2532.505916666667,10305.991083333332,240
61417,6,45.2501,9,361.4079611650485,4902.143786407767,2373.178058252427,10224.036990291263,103
61430,6,45.3001,5,1411.5679310344829,2387.29724137931,1478.1186206896552,8171.17551724138,29
61431,6,45.3001,6,990.3350000000002,2532.9531818181817,1234.1840909090909,7862.1563636363635,22
61437,6,45.3002,5,192.2771052631579,2628.9684210526316,1066.5894736842106,6150.56552631579,38
61450,6,45.3005,5,1532.0905263157895,2195.971842105263,1173.2742105263158,7849.396578947369,38
61451,6,45.3005,6,1146.6686363636363,2299.218181818182,1203.7227272727273,7650.9,22
61548,6,45.4200,2,611.523488372093,1511.0886046511628,922.6709302325581,5234.573488372093,43
61549,6,45.4200,3,539.1733333333333,1785.0845578231292,675.4914965986394,4786.763945578232,147
61550,6,45.4200,4,626.0092537313433,1971.824054726368,809.8231840796019,5674.057039800996,402
61551,6,45.4200,5,680.6863406593407,2243.668769230769,923.6068241758242,6279.052417582418,910
61552,6,45.4200,6,696.5873975409836,2626.992991803279,1039.2563524590164,6806.524733606557,488
61553,6,45.4200,8,767.1212232415902,2874.974373088685,1361.5220795107034,7983.76608562691,327
61554,6,45.4200,9,693.9162,3966.9568,1347.0756,8915.358,50
61563,6,45.4200x0,2,618.8654545454546,1711.807878787879,656.3513636363637,5132.537575757576,66
61564,6,45.4200x0,3,570.7463878326996,1782.3737262357413,709.8955133079847,5132.698517110266,263
61565,6,45.4200x0,4,608.0020440251573,2155.358789308176,770.674355345912,5932.2446226415095,636
61566,6,45.4200x0,5,643.4237436640117,2288.944417089066,801.0966835626358,6233.834554670529,1381
61567,6,45.4200x0,6,695.6643541944075,2687.422809587217,959.5355792276964,6981.008601864181,751
61568,6,45.4200x0,8,660.0466739606127,3018.8557111597374,1184.2675929978118,7647.613807439824,457
61569,6,45.4200x0,9,593.4484285714285,3292.6868571428568,1180.5768571428573,8200.147857142856,70
61573,6,45.4201,3,533.1879069767442,2019.7866279069767,991.6375581395349,5623.503837209302,86
61574,6,45.4201,4,572.97125,2109.12595,1050.43405,6193.9637,200
61575,6,45.4201,5,501.63929095354524,2251.6960146699266,1022.3739364303178,6236.578679706602,409
61576,6,45.4201,6,542.8386976744185,2714.3727441860465,1152.5737209302326,6973.857255813954,215
61577,6,45.4201,8,722.9501923076924,2861.4691346153845,1383.4695192307695,7725.835480769231,104
61582,6,45.4202,5,726.8613043478261,823.6343478260869,495.0052173913043,4017.1391304347826,23
61588,6,45.4300,4,1882.0556818181817,2085.899090909091,1725.6875,7982.126818181819,44
61589,6,45.4300,5,1922.5945454545456,2270.5613636363637,1843.1192045454545,8441.657159090908,88
61590,6,45.4300,6,2087.6390384615383,2281.528653846154,1550.5051923076924,9088.460576923077,52
61591,6,45.4300,8,2575.7413513513516,2574.8359459459457,2160.268108108108,10318.631891891891,37
61595,6,45.4300x0,2,1224.229349593496,1713.0370731707317,786.3629268292683,6004.3418699187,123
61596,6,45.4300x0,3,1061.2018252730109,2000.3179095163807,821.685007800312,6130.209656786272,641
61597,6,45.4300x0,4,1047.1199489470325,2114.490772176133,865.7576132737715,6499.822195277601,1567
61598,6,45.4300x0,5,1258.0184143222507,2394.5674271099747,962.6383529411764,7378.3288849104865,3910
61599,6,45.4300x0,6,1410.987459605027,2769.5212432675044,1066.4455026929982,8234.915493716337,2228
61600,6,45.4300x0,8,1554.6580350039776,3129.2352187748606,1281.6566428003182,9209.55814638027,1257
61601,6,45.4300x0,9,1703.1158411214951,3567.8363084112148,1502.5584112149534,10475.895887850469,214
61604,6,45.4301,3,553.9012121212121,2150.048484848485,848.3278787878788,5500.641515151515,33
61605,6,45.4301,4,516.2608695652174,2295.968115942029,852.3608695652174,5621.254202898551,69
61606,6,45.4301,5,676.3611111111111,2409.8291975308643,815.2194444444443,6071.070493827161,162
61607,6,45.4301,6,654.7583695652173,2706.703586956522,1002.6815217391304,6676.924673913043,92
61608,6,45.4301,8,857.40578125,3518.08546875,1181.48953125,8278.04,64
61611,6,45.4302,2,773.3515555555556,1699.087111111111,664.0668888888889,5128.934,45
61612,6,45.4302,3,608.4958498023716,2008.6169960474308,654.1296442687747,5178.774584980237,253
61613,6,45.4302,4,653.4231124807395,2293.001278890601,724.0229892141756,5712.763158705701,649
61614,6,45.4302,5,732.9357424522489,2474.455077017868,736.2924460874922,6090.82887245841,1623
61615,6,45.4302,6,713.1509619047619,2847.3392285714285,861.821980952381,6743.419133333333,1050
61616,6,45.4302,8,853.6782450331125,3162.219586092715,1099.1861589403975,7799.288857615894,604
61617,6,45.4302,9,992.4014814814815,4220.2342592592595,1559.4347222222223,9389.2475,108
61621,6,45.4303,5,930.4642857142857,2712.7314285714288,1160.2419047619048,7171.228571428573,21
61627,6,45.4304,5,1804.7085714285713,2909.115238095238,2720.2847619047616,12034.971904761906,21
61650,6,45.4307,4,1131.9684210526316,2046.173684210526,857.4861842105263,5654.496052631579,76
61651,6,45.4307,5,1324.4774479166667,2231.9227604166667,1055.3991145833334,6726.514322916667,192
61652,6,45.4307,6,1329.2364754098362,2376.5096721311475,1022.0956557377049,6923.98762295082,122
61653,6,45.4307,8,1418.0780000000002,2973.8309090909092,1389.5934545454545,8069.674545454545,55
61677,6,45.6201,4,14184.5728,9090.8576,11050.4604,53375.784799999994,25
61678,6,45.6201,5,10793.310000000001,9780.110338983051,13696.575084745764,53038.27372881356,59
61679,6,45.6201,6,12388.11254237288,11002.621016949153,13743.388983050849,57125.22254237288,59
61680,6,45.6201,8,10136.567205882353,12563.760735294118,15149.45838235294,59296.919117647056,68
61681,6,45.6201,9,9979.663260869565,11018.201304347825,11293.810217391305,48976.24326086957,46
61704,6,45.6206,0,3637.575625,10305.3515625,7320.9921875,42478.7125,32
61709,6,45.6206,5,9905.017647058823,8467.288823529412,9794.48294117647,42118.70382352941,34
61710,6,45.6206,6,9222.428333333333,7569.329583333333,11572.149583333334,40977.55416666667,24
61711,6,45.6206,8,10906.54,9761.293255813953,13225.301860465115,48747.28232558139,43
61712,6,45.6206,9,11235.047037037039,9955.01,14255.987037037035,53731.287777777776,27
61761,6,45.7300x0,5,14207.729487179486,11583.548974358975,14947.147692307693,60588.603333333325,39
61762,6,45.7300x0,6,14206.091363636364,11278.962954545454,13152.921136363637,57096.78363636364,44
61763,6,45.7300x0,8,12034.372698412699,11800.781587301588,12085.251904761904,53310.15476190476,63
61764,6,45.7300x0,9,11340.9846875,14227.575312500001,13633.7240625,56631.179375,32
61772,6,45.7302,4,11282.2024,8209.44,8140.522,47745.348,25
61773,6,45.7302,5,13419.33851851852,11556.241296296297,11183.215925925926,55991.85092592593,54
61774,6,45.7302,6,13500.016964285713,9671.691071428571,10664.688392857144,50517.65232142857,56
61775,6,45.7302,8,12980.607195121951,12044.535487804878,11398.98743902439,54433.8893902439,82
61776,6,45.7302,9,14844.313859649123,14787.958947368421,12012.00754385965,62048.694210526315,57
61819,6,45.7600x0,6,13943.528888888888,11491.568148148146,13912.951481481481,58393.25592592592,27
61820,6,45.7600x0,8,10027.109047619047,9900.117142857143,11561.030476190475,51021.98333333333,21
61827,6,45.7601,6,14926.297142857142,12182.065714285714,17348.07523809524,65512.99428571428,21
61828,6,45.7601,8,10609.2434375,13828.1696875,16629.49,63495.0546875,32
61922,6,46.1000,5,4617.706129032258,7158.46,9032.853225806452,30569.39774193548,31
61923,6,46.1000,6,4579.695757575757,8609.757575757576,7705.283939393939,34726.244545454545,33
61924,6,46.1000,8,3698.7415625000003,6671.838125,7753.2278125,30758.010312500002,32
62030,6,46.5100x0,4,7234.96976744186,4394.3353488372095,4999.3739534883725,26455.398139534886,43
62031,6,46.5100x0,5,6361.842030075188,4505.326090225564,4945.9593233082705,25610.203834586464,133
62032,6,46.5100x0,6,7086.161379310344,5071.507413793103,4705.182586206897,25827.09051724138,116
62033,6,46.5100x0,8,7201.98024,5310.886,5445.92928,28078.60152,125
62034,6,46.5100x0,9,8306.733214285714,6004.96,5680.765357142857,29165.895,28
62048,6,46.5200x0,5,10842.20476190476,5443.041904761905,7026.612142857143,34210.98333333334,42
62049,6,46.5200x0,6,10587.677666666666,6943.726,7357.988333333333,36535.35433333333,30
62050,6,46.5200x0,8,8423.9825,6909.7185714285715,8419.607857142857,37923.897142857146,28
62153,6,46.7901,6,3399.0725,5047.2202777777775,6847.263333333332,25503.634444444444,36
62154,6,46.7901,8,3611.49511627907,8251.811627906978,10137.336744186048,33991.01906976744,43
62155,6,46.7901,9,4408.418888888888,12146.018148148149,15151.808888888887,48807.50074074074,27
62177,6,46.8002,0,1083.8970422535212,1543.3812676056339,707.1219718309859,7192.934507042253,71
62266,6,46.9601,0,86.72075862068965,1150.5524137931036,278.8948965517242,2413.6941379310347,145
62270,6,47.0100,0,2000.3170085470085,2058.7125213675213,1881.9998717948718,12184.534287749288,702
62271,6,47.0100,1,1797.872805519054,1915.502049934297,1857.0666951379762,10315.769862023653,1522
62272,6,47.0100,2,1772.5693862575051,2077.115657104737,2247.6679519679788,10602.981614409606,1499
62273,6,47.0100,3,1774.6184726522188,2062.230665634675,2124.2542827657376,10499.481682146543,1938
62274,6,47.0100,4,1806.6081566820276,2239.9422514812377,2259.1740157998684,10944.366754443712,1519
62275,6,47.0100,5,1846.3259081934848,2339.5229516288255,2434.6266288252714,11369.182132280355,2026
62276,6,47.0100,6,1904.5892850049652,2658.2699602780535,2666.0310129096324,12344.21891757696,1007
62277,6,47.0100,8,1820.7993000000001,2736.2784333333334,2691.3863333333334,12394.3147,600
62278,6,47.0100,9,2172.8873184357544,4377.757374301676,4036.018491620112,17239.746871508378,179
62281,6,47.0901,0,2235.6720634920634,3761.1652380952382,3993.934126984127,17274.12507936508,63
62282,6,47.0901,1,2060.6755555555555,2929.7946296296295,3054.7479629629634,12669.987592592592,54
62283,6,47.0901,2,1581.7042105263158,2636.358289473684,2789.6446052631577,11250.417894736842,76
62284,6,47.0901,3,1799.6844736842104,2906.8480263157894,3106.3688157894735,12808.900263157895,76
62285,6,47.0901,4,2686.274705882353,3520.4739215686277,4462.8133333333335,16750.962156862744,51
62286,6,47.0901,5,2328.5002409638555,3486.5472289156623,3908.2459036144583,15629.767710843373,83
62287,6,47.0901,6,2233.6292857142857,3468.1867857142856,4101.542857142857,16337.120535714286,56
62288,6,47.0901,8,2373.552807017544,4296.1764912280705,5554.169473684211,18587.044736842105,57
62289,6,47.0901,9,2307.786046511628,5721.4676744186045,5382.052558139535,21349.497209302324,43
62358,6,48.2400,5,417.5207142857143,4185.775357142857,1740.7350000000001,7851.791785714287,28
62359,6,48.2400,6,422.8076923076923,5102.535,2116.8265384615383,10080.021538461539,26
62368,6,48.2400x0,8,412.2586363636364,5346.858636363636,1389.4418181818182,9159.653181818181,22
62374,6,48.2401,5,643.2742424242424,6950.421515151515,4357.337878787878,18031.375454545454,33
62375,6,48.2401,6,608.3628947368421,4750.301052631579,1333.2652631578949,9771.713947368422,38
62376,6,48.2401,8,502.53527777777776,5037.121944444445,2573.8461111111114,10877.77611111111,36
62389,6,48.3200x0,3,825.1303846153846,1956.1192307692306,849.8357692307692,6532.036153846154,26
62390,6,48.3200x0,4,853.0611764705882,2027.4911764705882,747.0888235294118,6858.297058823529,34
62391,6,48.3200x0,5,748.4048101265822,2471.7240506329117,769.8630379746835,7008.266962025316,79
62392,6,48.3200x0,6,877.3828205128206,2393.897435897436,936.683717948718,7422.255128205128,78
62393,6,48.3200x0,8,1004.5125714285715,2851.98,1071.5794285714285,8566.83,35
62406,6,48.3500x0,4,415.04,2222.352380952381,635.942380952381,5782.560952380953,21
62407,6,48.3500x0,5,436.9154716981132,3468.1169811320756,819.6581132075471,7543.794716981132,53
62408,6,48.3500x0,6,615.459268292683,3888.690243902439,958.3490243902438,8465.72268292683,41
62425,6,48.3502,5,759.1914285714286,3498.7095238095235,1852.737380952381,11116.356904761904,42
62426,6,48.3502,6,1787.6011428571428,4315.114571428571,2742.62,15072.299428571429,35
62427,6,48.3502,8,2210.84,4740.450714285714,2374.8489285714286,14260.876785714285,28
62438,6,48.3508,3,913.1818085106382,1860.3051063829787,663.8789361702128,6089.5267021276595,94
62439,6,48.3508,4,738.375868544601,2256.2369014084506,741.354131455399,6459.282347417839,213
62440,6,48.3508,5,853.8131809872029,2390.77310786106,767.1117915904937,6850.188500914077,547
62441,6,48.3508,6,892.6125337837838,2981.233074324324,981.8484797297298,7876.106486486487,296
62442,6,48.3508,8,981.5031666666667,3168.255944444444,1104.689388888889,8347.103222222222,180
62443,6,48.3508,9,1217.6008695652174,4181.38,1803.8373913043479,11082.316086956522,23
62447,6,48.3509,3,4159.973773584906,3672.953962264151,1312.8884905660377,13993.831132075473,53
62448,6,48.3509,4,4132.940930232558,3670.798372093023,1258.968023255814,13820.066860465116,86
62449,6,48.3509,5,4568.819339622642,3959.6633490566037,1652.3093867924529,15318.46429245283,212
62450,6,48.3509,6,4863.196776859505,4258.323884297521,1683.0090082644629,16545.96661157025,121
62451,6,48.3509,8,4530.229897959183,4567.962346938775,1888.9270408163266,16700.117959183674,98
62455,6,48.3510,2,831.4780000000001,1615.364,540.966,5107.616,25
62456,6,48.3510,3,874.7689814814815,1904.0907407407406,902.1435185185185,6055.48324074074,108
62457,6,48.3510,4,1048.4291666666666,2159.1464393939395,874.882840909091,6893.493446969697,264
62458,6,48.3510,5,1058.3488774002954,2364.9982865583456,921.57353028065,7201.955007385524,677
62459,6,48.3510,6,1208.6925388601037,2679.775,1055.4808549222798,8127.907564766839,386
62460,6,48.3510,8,1155.3826785714286,2963.4720535714287,1140.6501339285714,8461.1509375,224
62461,6,48.3510,9,1278.9438235294117,3985.041176470588,1579.434705882353,10496.722058823529,34
62464,6,48.3513,2,1474.023846153846,2025.1153846153845,571.238076923077,6785.973461538461,26
62465,6,48.3513,3,757.2109677419355,1779.5725806451612,525.9785483870968,5448.318548387097,62
62466,6,48.3513,4,1017.1166393442622,2235.8934426229507,537.6390163934427,6570.555655737705,122
62467,6,48.3513,5,1238.1863602941175,2654.1682352941175,733.6033088235295,7397.950919117647,272
62468,6,48.3513,6,1438.534175824176,3029.7486263736264,1061.9863736263735,8725.261813186813,182
62469,6,48.3513,8,1601.8367692307693,3965.131384615385,1217.2935384615384,10403.532461538462,65
62475,6,48.3600,3,628.1377358490566,1998.533396226415,825.5616981132075,6049.08641509434,53
62476,6,48.3600,4,764.6294339622642,2491.0363207547166,827.0684905660377,6668.510849056604,106
62477,6,48.3600,5,881.1203610108303,2739.0111191335736,998.3985559566788,7581.521046931408,277
62478,6,48.3600,6,560.4277483443708,3110.985496688742,1006.8994701986755,7611.50701986755,151
62479,6,48.3600,8,645.6806944444445,2919.644166666667,1193.9093055555556,7897.0952777777775,72
62490,6,48.3600x0,5,1746.7103773584906,2332.098113207547,1036.997358490566,7719.050754716981,53
62491,6,48.3600x0,6,1870.5266666666669,2839.7606666666666,1122.2146666666667,8784.026333333333,30
62497,6,48.3601,3,635.0378048780487,1671.6714634146342,1324.2251219512195,6422.725609756098,41
62498,6,48.3601,4,747.8022784810126,1865.7274683544304,1422.9448101265823,7294.011772151899,79
62499,6,48.3601,5,696.5125,1860.255,1200.8825,6459.022333333333,180
62500,6,48.3601,6,897.2423529411766,2347.567882352941,1389.2810588235293,7919.60694117647,85
62501,6,48.3601,8,836.6608333333334,2388.4531666666667,1581.4635,8457.765000000001,60
62506,6,48.3602,3,597.5156716417911,1813.1450746268656,750.1929850746269,5542.174029850746,67
62507,6,48.3602,4,409.9707894736842,2443.000592105263,815.3277631578948,6392.588289473684,152
62508,6,48.3602,5,541.7919444444444,2517.3275308641973,881.4867901234567,6666.540617283951,324
62509,6,48.3602,6,567.2715789473684,3051.8474269005847,1012.2616374269005,7783.819415204679,171
62510,6,48.3602,8,569.2242857142858,2969.121809523809,1152.942380952381,7871.732,105
62515,6,48.3603,3,291.45402173913044,1609.7641304347824,1042.071304347826,5779.44597826087,92
62516,6,48.3603,4,381.5366255144033,1931.9409465020576,1074.5781893004116,6235.768024691358,243
62517,6,48.3603,5,392.9576347826087,2184.902886956522,1040.1757913043477,6557.623026086957,575
62518,6,48.3603,6,394.32242424242423,2476.8667575757577,1249.9523636363638,7282.918424242424,330
62519,6,48.3603,8,428.65690789473683,2914.1550657894736,1419.8316447368422,8260.227368421052,152
62520,6,48.3603,9,489.28545454545457,3008.4272727272723,1893.1686363636363,8851.98,22
62530,6,48.4102,2,2303.0255319148937,1284.9604255319148,3208.8042553191485,12239.409574468085,47
62531,6,48.4102,3,2365.593879310345,1370.559827586207,3197.5219827586207,12297.774224137931,116
62532,6,48.4102,4,2381.137857142857,1219.4314285714286,2799.8838095238093,11934.25892857143,84
62533,6,48.4102,5,2283.555576923077,1265.374230769231,2506.8265384615383,11424.71048076923,104
62534,6,48.4102,6,2304.3645238095237,1657.8966666666668,3388.953571428571,12976.861666666666,42
62535,6,48.4102,8,2358.300909090909,1622.1045454545456,3419.3204545454546,12733.268181818183,22
62544,6,48.4105,3,1456.51,1484.960754716981,3256.6609433962262,11466.94886792453,53
62545,6,48.4105,4,1647.1506153846153,1474.539230769231,3528.0256923076927,12003.30323076923,65
62546,6,48.4105,5,1636.1768817204302,1804.3825806451612,3426.3597849462367,12365.200322580644,93
62547,6,48.4105,6,1655.0720588235292,1860.0141176470588,3234.523235294118,12278.738823529411,34
62548,6,48.4105,8,1335.8533333333332,1906.9920833333333,2907.9070833333335,11315.084583333335,24
62561,6,48.5100,5,15495.266382978723,8872.794893617021,8332.316170212765,49286.43170212766,47
62562,6,48.5100,6,15165.385942028986,9879.000579710146,9590.902173913044,51902.13391304347,69
62563,6,48.5100,8,14849.261875,9801.06046875,8728.2315625,49510.4115625,64
62591,6,48.6200,8,9260.931818181818,11776.36681818182,7687.9004545454545,44975.65909090909,22
62596,6,48.6201,8,16842.27346153846,11838.288076923076,10937.469615384614,58582.52384615384,26
62602,6,48.6300x0,5,9172.067735849057,8184.404339622642,5904.805660377358,41624.1820754717,53
62603,6,48.6300x0,6,10203.75,9665.604375,6684.578125,43604.425208333334,48
62604,6,48.6300x0,8,12750.717555555557,9929.44088888889,8246.997777777779,51718.149777777784,45
62609,6,48.6301,6,10015.377391304348,12358.286086956523,7203.047826086957,44232.22,23
62610,6,48.6301,8,14131.972173913044,13254.61652173913,10173.220869565219,53671.690869565224,23
62615,6,48.6302,4,19386.937758620687,8663.780862068965,8653.07051724138,54295.50655172414,58
62616,6,48.6302,5,18519.24768,9533.065279999999,8650.539560000001,54992.93528,250
62617,6,48.6302,6,18818.03803773585,9894.598490566039,8936.098339622642,56175.47083018868,265
62618,6,48.6302,8,18967.48316239316,10551.693418803417,9205.153333333334,55977.358247863245,234
62619,6,48.6302,9,18974.37353846154,12103.057076923076,10080.279384615385,61156.2196923077,65
62623,6,48.6303,5,12616.57679245283,7772.065471698113,6043.348113207548,46925.4379245283,53
62624,6,48.6303,6,13585.883800000001,8546.388,6480.3486,50823.682199999996,50
62625,6,48.6303,8,16119.553023255814,9641.137906976744,7364.828372093023,52769.266744186054,43
62636,6,48.6900x0,2,216.18952380952382,1790.804761904762,1172.9485714285713,8118.410476190476,21
62637,6,48.6900x0,3,977.4430158730158,2180.101587301587,1796.3666666666668,10831.263333333332,63
62638,6,48.6900x0,4,5922.534090909091,4316.219242424242,3439.262121212121,24457.503333333334,66
62639,6,48.6900x0,5,9435.74786407767,5862.069514563107,4792.798058252427,32345.590291262135,103
62640,6,48.6900x0,6,14624.407155963303,8452.567247706422,7773.637339449541,46573.75733944954,109
62641,6,48.6900x0,8,13424.914590163935,8829.287459016394,8205.519344262295,47109.479508196724,122
62642,6,48.6900x0,9,13667.6372,8637.7528,7923.715999999999,47692.6612,25
62664,6,48.6909,5,15258.542142857143,8445.710714285715,6368.751071428572,50626.84428571429,28
62665,6,48.6909,6,15340.079615384615,8677.277692307693,6647.057692307692,51991.51730769231,26
62666,6,48.6909,8,16511.230555555558,9635.5575,5699.408055555556,52562.145,36
62675,6,48.6911,5,21328.20565217391,10237.384347826086,11144.301304347828,58911.32913043479,23
62676,6,48.6911,6,21230.47590909091,8640.19090909091,9713.225,54336.119999999995,22
62677,6,48.6911,8,18991.34896551724,10463.805517241379,11074.55724137931,55928.69827586207,29
62704,6,48.7600x0,2,1465.091463414634,1805.4429268292683,1802.51,10203.769756097561,41
62705,6,48.7600x0,3,1349.7791509433962,1762.1183018867926,1768.699150943396,9868.500660377358,106
62706,6,48.7600x0,4,1181.3584955752212,1844.3158407079645,1959.9883185840708,10082.94407079646,113
62707,6,48.7600x0,5,1089.45,1956.0338164251207,2022.5969082125603,10202.426086956522,207
62708,6,48.7600x0,6,796.59,2108.875632183908,2038.0271264367814,10317.42448275862,87
62709,6,48.7600x0,8,1286.2883018867924,2396.2339622641507,2230.04320754717,11117.099433962265,53
62713,6,48.7601,2,1256.7754464285715,989.2991071428571,1972.7582142857143,9716.451696428572,112
62714,6,48.7601,3,1464.494385026738,1128.0542780748663,2212.642780748663,10865.263422459893,187
62715,6,48.7601,4,1444.434207317073,1391.096036585366,2274.0889024390244,11306.763597560976,164
62716,6,48.7601,5,1505.6301485148513,1529.1992574257426,2197.0489603960395,11508.885346534653,202
62717,6,48.7601,6,1427.5333333333333,1708.8869047619048,2108.115357142857,11318.608095238094,84
62718,6,48.7601,8,1506.1394871794873,2443.85,2204.5717948717947,12679.880000000001,39
62723,6,48.7603,2,1409.0763636363638,1946.5884848484848,1883.9512121212122,11099.541818181819,33
62724,6,48.7603,3,1409.7439655172416,1879.3386206896553,2099.338103448276,12031.244310344828,58
62725,6,48.7603,4,1310.331129032258,1964.024193548387,1997.0970967741937,11439.10629032258,62
62726,6,48.7603,5,1106.8098058252428,2057.779223300971,1989.204854368932,10516.59436893204,103
62727,6,48.7603,6,1322.4247222222223,1870.8294444444446,2384.6194444444445,11996.052777777779,36
62728,6,48.7603,8,1528.5493548387096,2687.1745161290323,3615.4258064516134,14511.688387096776,31
62757,6,48.8101,3,652.5817391304347,2154.2739130434784,2724.228260869565,10308.815217391304,23
62775,6,48.9900x0,2,530.4385714285714,1555.992857142857,2474.8223809523806,9694.78,21
62776,6,48.9900x0,3,524.8754054054054,1392.1897297297296,2563.6454054054057,9300.696486486488,37
62777,6,48.9900x0,4,447.3871875,1278.796875,2359.6659375,8029.586875,32
62778,6,48.9900x0,5,397.2232653061224,1986.2965306122449,2359.3761224489795,9925.383469387754,49
62784,6,49.0100,2,314.54189189189185,1058.6097297297297,1588.9005405405405,6982.469459459459,37
62785,6,49.0100,3,228.94338235294117,1066.9497058823529,1650.5823529411766,6814.565882352941,68
62786,6,49.0100,4,297.9448,1239.8612,1678.6696,7074.450400000001,50
62787,6,49.0100,5,344.784,1297.68175,1970.34975,8109.33625,40
62791,6,49.0100x0,0,164.11907216494845,1018.7563917525773,473.53092783505156,3605.1462886597938,97
62792,6,49.0100x0,1,318.1913953488372,1400.077906976744,1336.5720930232558,6123.313488372092,43
62793,6,49.0100x0,2,466.49186170212766,1450.0855851063832,1935.8979787234043,7577.5175,188
62794,6,49.0100x0,3,505.7809318996416,1570.6888172043011,1897.3899283154124,7599.390394265232,279
62795,6,49.0100x0,4,555.1549779735683,1726.6225550660793,2023.0146255506609,8539.89718061674,227
62796,6,49.0100x0,5,486.02472972972976,1818.0293693693695,2346.9144144144143,9105.191801801802,222
62797,6,49.0100x0,6,453.4191525423729,2011.2728813559322,2020.3345762711865,8426.122881355932,59
62798,6,49.0100x0,8,323.8069696969697,1796.8724242424244,2067.7739393939396,7894.357272727273,33
62822,6,49.0400x0,0,324.38115384615384,1154.0153846153846,552.3234615384615,4961.055769230769,26
62823,6,49.0400x0,1,417.93148148148146,1371.4762962962964,1802.1425925925926,7657.928518518519,54
62824,6,49.0400x0,2,748.7554285714285,1573.81675,2227.2486785714286,9415.764035714286,560
62825,6,49.0400x0,3,754.3947994825356,1585.7999223803365,2387.433298835705,9782.091216041397,773
62826,6,49.0400x0,4,664.959626719057,1617.9079371316307,2246.4921218074655,9410.064243614932,509
62827,6,49.0400x0,5,690.1692027334852,1783.3515945330296,2382.19569476082,9766.153553530752,439
62828,6,49.0400x0,6,688.8167741935483,1904.8104032258063,2221.1259677419353,9951.437258064516,124
62829,6,49.0400x0,8,533.984193548387,2014.4095161290322,1992.5466129032259,9397.335967741934,62
62833,6,49.0401,3,717.2616666666667,1661.1833333333334,2154.797916666667,9563.574999999999,24
62846,6,49.1100,3,631.3134615384616,1256.345,1946.5257692307691,8416.720384615384,26
62852,6,49.1200,1,455.1747826086957,1567.7347826086957,2071.2652173913043,8147.147391304348,23
62853,6,49.1200,2,819.5862837837838,1535.6353716216217,2116.069966216216,9165.055979729728,296
62854,6,49.1200,3,903.4420620842571,1568.139201773836,2372.510842572062,9634.429600886919,451
62855,6,49.1200,4,779.6740361445783,1718.0029819277108,2343.070060240964,9785.280391566264,332
62856,6,49.1200,5,769.7154255319149,1808.2255319148935,2192.4313475177305,9344.594078014185,282
62857,6,49.1200,6,853.7037142857143,2056.3422857142855,2684.4114285714286,11015.853142857142,70
62858,6,49.1200,8,589.0427999999999,1771.9076,1929.2651999999998,9284.7512,25
62862,6,49.1200x0,3,398.22166666666664,2519.4583333333335,2699.2445833333336,9936.668749999999,24
62863,6,49.1200x0,4,410.5533333333333,2723.5714285714284,2596.0642857142857,9863.181904761905,21
62869,6,49.2100,2,156.41304347826087,1439.0413043478259,1556.0973913043476,5278.38,23
62870,6,49.2100,3,311.098,1562.4751999999999,1580.8544,5416.3516,25
62871,6,49.2100,4,263.8192682926829,1707.4065853658535,1676.4729268292683,5927.17756097561,41
62872,6,49.2100,5,288.6757971014493,1874.3328985507246,1475.9608695652175,5642.267826086956,69
62873,6,49.2100,6,132.57241379310344,2278.2306896551727,1383.383103448276,5386.161379310344,29
62874,6,49.2100,8,457.97852941176467,2182.9135294117646,2152.276470588235,7244.155882352941,34
62898,6,49.3901,2,638.9739705882354,1393.0267647058824,1367.8988235294116,6884.984411764706,68
62899,6,49.3901,3,520.2023287671234,1457.2852054794519,1368.1306849315067,6940.39,73
62900,6,49.3901,4,618.0270588235294,1386.3066176470588,1342.5076470588235,7078.9623529411765,68
62901,6,49.3901,5,581.7072000000001,1509.19,1306.4353333333333,7012.1795999999995,75
62902,6,49.3901,6,357.70444444444445,1426.5855555555554,1315.0562962962965,6750.316296296297,27
62915,6,49.3905,2,349.3495238095238,1671.1857142857143,1368.5609523809524,8187.514761904762,21
62922,6,49.3906,2,284.6772413793103,1007.9172413793103,790.0913793103449,4278.577586206897,29
62923,6,49.3906,3,256.005,1274.4017857142858,866.4267857142856,4998.5199999999995,28
62924,6,49.3906,4,264.57,1203.7196078431373,1090.2894117647058,5419.02137254902,51
62925,6,49.3906,5,237.40816326530611,1659.882448979592,1382.745918367347,6194.5802040816325,49
62945,6,49.4200,4,599.63,1039.3,2228.1022727272725,7617.855909090908,22
62951,6,49.4200x0,2,1174.3185714285714,1363.6928571428573,2102.9585714285718,8781.432142857144,28
62952,6,49.4200x0,3,963.87375,1607.371875,1693.4821875,7422.88953125,64
62953,6,49.4200x0,4,847.0384615384615,2149.9653846153847,1743.863076923077,8328.465384615385,52
62954,6,49.4200x0,5,885.4196551724137,1893.4752873563218,1914.8920689655174,8436.139885057471,87
62955,6,49.4200x0,6,711.0093333333333,2165.326666666667,1576.437666666667,7564.835666666667,30
62956,6,49.4200x0,8,643.5361538461538,2425.276923076923,2119.6684615384615,8714.57923076923,26
62961,6,49.4500,2,1211.5225333333333,1132.9292,1589.4,7774.3874000000005,150
62962,6,49.4500,3,1162.0818014705883,1196.8718014705883,1562.6746323529412,7763.4248897058815,272
62963,6,49.4500,4,1365.6755263157893,1280.457076023392,1497.3904385964913,7993.045,342
62964,6,49.4500,5,1191.279619952494,1348.6633729216153,1550.7098812351544,8058.046009501188,421
62965,6,49.4500,6,1164.5807086614172,1399.3142519685039,1494.436220472441,7869.43874015748,127
62966,6,49.4500,8,1107.5243103448274,1651.1784482758621,1571.1012068965517,8172.890172413793,58
62969,6,49.4500x0,1,736.9028813559321,1184.5372881355931,1477.1547457627119,7377.727796610169,59
62970,6,49.4500x0,2,790.3669102990033,1241.479850498339,1748.651661129568,8494.931528239204,602
62971,6,49.4500x0,3,867.7051733102253,1315.6169670710572,1841.181308492201,9162.998249566725,1154
62972,6,49.4500x0,4,806.0256408020924,1449.00877070619,1819.7831473408894,9014.732676547515,1147
62973,6,49.4500x0,5,893.1506554878048,1473.1223704268293,1787.6686356707316,9033.740746951218,1312
62974,6,49.4500x0,6,987.2726116071428,1642.4730580357143,1907.3002901785715,9410.227299107142,448
62975,6,49.4500x0,8,976.010710900474,1866.1689573459716,2006.5197156398106,9788.205592417062,211
62976,6,49.4500x0,9,1161.1490322580646,2834.6774193548385,2151.5490322580645,11519.361612903227,31
62978,6,49.4600,1,453.73406779661013,1048.1128813559324,1343.572033898305,6002.691016949153,59
62979,6,49.4600,2,883.0350632911393,1379.3025474683543,1719.2867721518987,8096.005047468355,632
62980,6,49.4600,3,991.5004043126684,1442.282875112309,1875.0232884097034,8563.326666666666,1113
62981,6,49.4600,4,960.4441703248463,1431.2370588235294,1739.9327392449518,8372.06216856892,1139
62982,6,49.4600,5,939.2204052197802,1468.7735851648351,1815.2218887362635,8489.520157967032,1456
62983,6,49.4600,6,988.3137575757576,1554.246787878788,1814.5060404040403,8736.885797979798,495
62984,6,49.4600,8,886.3904739336493,1730.2836492890995,1722.2188625592416,8521.651943127963,211
62985,6,49.4600,9,605.2445161290323,1688.725806451613,1623.7748387096774,7742.969677419354,31
62992,6,49.4601,2,1211.7594736842104,1318.836842105263,1265.075701754386,8223.129912280703,114
62993,6,49.4601,3,1185.4160743801654,1365.6822314049587,1431.8410743801653,8461.469256198347,242
62994,6,49.4601,4,1124.1336802973979,1392.8565055762083,1496.4142007434943,8489.099814126394,269
62995,6,49.4601,5,1294.372392638037,1513.1217484662577,1463.089447852761,8900.849386503067,326
62996,6,49.4601,6,1100.7961739130435,1532.091304347826,1356.8437391304349,8568.710173913043,115
62997,6,49.4601,8,1270.1718867924528,1614.1679245283017,1551.333396226415,9082.474905660378,53
63004,6,49.4700,5,25.296333333333333,807.4300000000001,414.2426666666667,2422.4283333333337,30
63018,6,49.4900x0,2,2423.260275229358,1750.0908256880734,2150.032660550459,11222.819816513762,109
63019,6,49.4900x0,3,2402.654785992218,1798.9498054474707,2222.4306614785996,11428.813618677043,257
63020,6,49.4900x0,4,2457.9522500000003,1876.9508333333333,2288.1249583333333,11735.53325,240
63021,6,49.4900x0,5,2385.844892086331,2047.9758992805757,2301.3245323741007,11971.009028776978,278
63022,6,49.4900x0,6,2582.2008333333333,2020.6928571428573,2237.4114285714286,12205.943452380952,84
63023,6,49.4900x0,8,2212.2395652173914,2106.395652173913,2249.021304347826,12188.203043478261,23
63026,6,49.4901,2,3546.989166666667,2078.37,2724.6534523809523,13194.881547619048,84
63027,6,49.4901,3,3322.926153846154,2005.524945054945,2712.9546153846154,12781.727252747252,182
63028,6,49.4901,4,3255.1822429906542,1909.4258411214953,2706.7218691588782,12977.917056074766,214
63029,6,49.4901,5,3301.4983410138248,2028.0056682027648,2663.0521198156684,13192.399769585254,217
63030,6,49.4901,6,3273.07125,2292.095,2645.29921875,13158.0796875,64
63031,6,49.4901,8,3461.0173684210527,2890.1594736842103,3052.1494736842105,15487.439210526318,38
63034,6,49.4901x0,3,2495.2676666666666,2405.383333333333,2359.523,12271.027666666667,30
63035,6,49.4901x0,4,2705.817727272727,2589.0227272727275,2443.843181818182,12800.308181818184,22
63036,6,49.4901x0,5,2720.4841666666666,2925.5,2541.2054166666667,13245.939583333333,24
63045,6,49.4903,2,2637.126129032258,1729.2548387096774,1667.9848387096774,10205.794838709679,31
63046,6,49.4903,3,2751.1315384615386,2047.698717948718,1668.7935897435898,10908.139102564102,78
63047,6,49.4903,4,2638.4467999999997,2178.93,1497.4502,10854.042800000001,50
63048,6,49.4903,5,2830.9014925373135,2187.5179104477616,1770.1919402985075,11091.989850746268,67
63049,6,49.4903,6,2851.580967741935,2112.048387096774,1754.8938709677418,10770.96935483871,31
63061,6,49.5200x0,3,317.914054054054,1574.781081081081,1536.225945945946,11104.874864864865,37
63062,6,49.5200x0,4,405.5197435897436,1388.3589743589744,1580.4792307692308,11091.015897435896,39
63063,6,49.5200x0,5,192.76153846153846,1459.2807692307692,1505.2159615384614,10717.34,52
63084,6,49.5903,3,932.9760869565217,1561.9304347826087,1628.474347826087,9188.695652173914,23
63105,6,49.7300x0,2,467.81164948453613,1553.5632989690723,1778.6551546391752,9557.734536082475,97
63106,6,49.7300x0,3,401.62295081967216,1674.6116393442624,1894.6490710382511,10458.994043715846,183
63107,6,49.7300x0,4,411.1547142857143,1587.7455714285716,1943.9992142857143,10080.416214285715,140
63108,6,49.7300x0,5,401.6688805970149,1959.7745522388059,1909.0082089552238,10259.311492537314,134
63109,6,49.7300x0,6,429.8627272727272,1901.5663636363638,1836.4557575757576,10012.208181818181,33
63114,6,49.7301,2,833.129224137931,1455.905775862069,2293.465603448276,10212.674396551723,116
63115,6,49.7301,3,820.679190751445,1431.9620809248554,2032.8013294797688,9784.776878612716,173
63116,6,49.7301,4,769.0960256410256,1526.2978846153846,2012.2628846153846,9564.022243589743,156
63117,6,49.7301,5,627.7665413533834,1534.687894736842,1987.2842857142857,8756.239172932332,133
63118,6,49.7301,6,565.839512195122,1730.837804878049,2056.019512195122,9909.924146341464,41
63122,6,49.7302,3,404.01,1515.1104166666667,1609.1895833333335,8434.448333333334,24
63123,6,49.7302,4,400.63964285714286,1569.9010714285716,1758.2632142857144,8496.949285714285,28
63133,6,49.7903,3,1247.7851515151517,1318.0151515151515,1330.3766666666668,7772.614848484849,33
63134,6,49.7903,4,1342.5455882352942,1531.9264705882354,1346.930294117647,8524.792058823528,34
63135,6,49.7903,5,1120.0985714285714,1940.5904761904762,1488.614761904762,9011.669047619047,42
63144,6,49.9300x0,4,695.6119047619047,1629.1285714285714,2263.747142857143,10428.585714285713,21
63145,6,49.9300x0,5,808.1360000000001,1509.848,1956.0836,9957.4064,25
63176,6,50.0x03,4,2338.055714285714,2633.792857142857,1793.7325,14003.599285714286,28
63177,6,50.0x03,5,2666.9833103448277,2790.138689655172,1962.0662068965516,14071.21779310345,145
63178,6,50.0x03,6,2711.15648,3378.01056,2049.86448,15569.84944,125
63179,6,50.0x03,8,2826.0128125,3635.71296875,2207.27703125,15921.7771875,64
63196,6,50.1100x0,2,1046.3753571428572,4877.978571428571,2488.7135714285714,11562.951071428572,28
63197,6,50.1100x0,3,1094.9798245614036,3903.372631578947,1521.572456140351,8746.701929824561,57
63198,6,50.1100x0,4,1175.7919791666666,4993.082083333334,2675.833958333333,11327.262083333333,96
63199,6,50.1100x0,5,1170.1544360902255,5406.818872180452,3303.849962406015,12333.19642857143,266
63200,6,50.1100x0,6,1399.1778235294119,6009.574529411765,3969.5854705882352,14618.86011764706,170
63201,6,50.1100x0,8,1599.6469852941175,6239.052426470588,3670.14125,15136.509338235293,136
63202,6,50.1100x0,9,1088.447111111111,6848.227333333333,3900.902444444444,15541.686,45
63230,6,50.2200,3,10587.022380952381,10825.800952380952,10644.685714285713,50438.135714285716,21
63231,6,50.2200,4,10857.55294117647,8277.806666666667,9339.199803921569,49949.34196078431,51
63232,6,50.2200,5,9527.274222222222,7997.850222222222,9275.791666666666,49932.949,90
63233,6,50.2200,6,9571.293012048192,8990.665542168674,10071.897831325301,50738.853614457825,83
63234,6,50.2200,8,12682.992894736843,10455.624736842105,10344.784210526315,55158.01210526316,38
63256,6,50.2203,5,12680.779999999999,7225.718205128205,8070.106666666666,45451.32435897436,39
63257,6,50.2203,6,14651.939999999999,8544.228571428572,9457.2,54389.78095238095,21
63265,6,50.2205,3,10103.8922,5120.3132000000005,4796.5302,36910.494,50
63266,6,50.2205,4,9676.027272727273,6179.601515151516,5843.228585858586,41220.89171717172,99
63267,6,50.2205,5,10495.754052631579,6586.651947368422,7256.254,43900.368368421055,190
63268,6,50.2205,6,10136.303113207548,7709.889811320754,7710.693584905661,44792.84301886793,106
63269,6,50.2205,8,10587.430754716981,7633.636415094339,7576.464905660378,45137.727924528306,53
63295,6,50.2403,5,9408.927592592592,4883.701481481482,4575.909814814815,26605.814074074075,54
63296,6,50.2403,6,9412.258064516129,4554.564516129032,3409.8667741935483,23922.862258064517,31
63297,6,50.2403,8,9211.255416666667,4458.645833333333,3407.7191666666663,23531.105,24
63301,6,50.2404,5,3416.463265306122,4085.3385714285714,2475.590612244898,21928.602040816328,49
63302,6,50.2404,6,3981.3085294117645,4238.268823529412,2545.435882352941,21687.372352941176,34
63303,6,50.2404,8,4890.375185185186,5786.446666666667,4527.3303703703705,28586.087037037036,27
63308,6,50.2501,5,12956.714444444444,5505.87037037037,6715.014444444444,35121.42,27
63336,6,50.2908,5,12672.823333333334,9833.68375,11538.969166666668,55226.659583333334,24
63343,6,50.2909,4,13097.694545454546,6025.495454545455,5934.8533333333335,36768.82151515152,33
63344,6,50.2909,5,10555.737903225807,5780.761774193548,5659.78370967742,34973.96838709678,62
63345,6,50.2909,6,8235.208205128205,5531.487948717949,4489.230512820513,29276.67923076923,39
63353,6,50.3x00,5,15820.690833333334,9235.866666666667,15341.242083333333,57061.800833333335,24
63361,6,50.3x01,4,17503.560384615386,13435.771538461539,15703.661153846155,73109.07692307692,26
63362,6,50.3x01,5,18085.671818181818,10361.411454545454,14251.893272727273,66053.83309090909,55
63363,6,50.3x01,6,18170.163333333334,16175.363589743589,19534.86564102564,85882.36179487179,39
63364,6,50.3x01,8,18057.765,12676.189545454545,16894.17772727273,71588.77818181818,22
63370,6,50.3x02,5,14278.12868852459,8419.450983606557,12270.847213114756,54715.64590163934,61
63371,6,50.3x02,6,14721.055789473685,8717.434912280702,12046.99701754386,57800.94403508772,57
63372,6,50.3x02,8,12971.365909090908,9816.179772727271,14004.582045454545,59966.741136363635,44
63379,6,50.3x03,5,11064.748979591835,8567.393673469387,9181.361836734693,51113.12632653061,49
63380,6,50.3x03,6,10482.147714285713,9649.92057142857,8506.040285714287,56712.106,35
63392,6,50.3x05,3,16351.463333333333,5322.66925925926,6590.005925925926,44866.35518518519,27
63393,6,50.3x05,4,14688.025471698113,6056.9452830188675,7065.994716981133,44726.21849056604,53
63394,6,50.3x05,5,15404.275535714287,7300.839464285715,8115.121249999999,48934.88651785714,112
63395,6,50.3x05,6,16962.441904761905,9228.365238095239,9840.458928571428,56558.72083333333,84
63396,6,50.3x05,8,14560.569636363636,8614.207636363635,9482.880181818182,52812.97618181818,55
63399,6,50.3x06,3,11341.701739130434,6698.593478260869,6072.634782608696,47948.51913043478,23
63400,6,50.3x06,4,18327.02756756757,7907.746756756756,9317.997837837838,59821.75783783784,37
63401,6,50.3x06,5,17508.93663551402,8163.01093457944,9279.375700934579,57067.24953271028,107
63402,6,50.3x06,6,16316.948852459016,8822.876393442622,9101.5031147541,57290.632786885246,61
63403,6,50.3x06,8,16355.765217391303,10417.645869565218,10489.605,62460.3104347826,46
63447,6,50.9102,3,2623.0369565217393,7568.498695652174,9259.616086956523,26148.135217391304,23
63448,6,50.9102,4,1852.6781818181817,5861.547727272728,5848.459090909091,17246.809545454544,22
63449,6,50.9102,5,2979.864175824176,8695.320879120878,10326.535604395604,28650.51956043956,91
63450,6,50.9102,6,1954.5281333333335,7619.760933333333,6546.364933333333,21360.651333333335,75
63451,6,50.9102,8,2518.064126984127,8745.017777777777,9419.179365079366,27778.551111111112,63
63452,6,50.9102,9,1739.0804,6811.158399999999,7805.459599999999,21680.678399999997,25
63466,6,50.9200x0,3,20210.60307692308,12065.90358974359,17497.32641025641,77716.79974358974,39
63467,6,50.9200x0,4,21301.972096774192,10614.496612903227,16157.618870967743,78640.64306451613,62
63468,6,50.9200x0,5,20738.815555555557,11849.28595959596,17749.04696969697,80241.74616161616,99
63469,6,50.9200x0,6,20618.961707317074,12719.905853658536,15570.043902439025,73860.15853658537,41
63470,6,50.9200x0,8,18293.695277777777,13770.912222222223,17804.440555555557,80050.18722222223,36
63474,6,50.9300,5,3869.0047619047623,5639.190476190476,5176.530952380952,19761.15,21
63489,6,51.0102,9,2606.546086956522,7280.249130434783,6467.620869565218,22054.238695652173,23
63495,6,51.0103,8,1915.1548648648647,5337.104054054054,5051.46972972973,15822.344594594595,37
63496,6,51.0103,9,1841.4862068965517,6374.94724137931,5082.8703448275855,17710.537586206898,29
63506,6,51.0400x0,3,1932.4345454545453,2071.2981818181815,1178.5377272727274,9479.78409090909,22
63524,6,51.1000,5,7300.472682926829,5350.225365853658,6256.961707317073,26020.05951219512,41
63525,6,51.1000,6,11404.28128205128,5549.719999999999,6674.088974358974,30902.926666666663,39
63526,6,51.1000,8,9403.380967741936,5291.783548387097,5628.253548387097,27121.04548387097,62
63527,6,51.1000,9,9847.864411764705,5787.560588235294,4870.44294117647,27358.105882352942,34
63576,6,51.2200,5,5710.01411764706,6604.504705882353,7779.806078431372,32773.04882352941,51
63577,6,51.2200,6,5665.02294117647,5236.847647058824,7667.797941176471,28881.411470588235,34
63578,6,51.2200,8,6868.645217391304,8822.180217391304,11110.52043478261,39936.836304347824,46
63587,6,51.2300,1,2291.897365269461,2196.087125748503,1999.350119760479,11555.673053892215,167
63588,6,51.2300,2,2282.854883241758,2161.5862912087914,1827.9365247252747,11032.101552197802,1456
63589,6,51.2300,3,2179.9081217438993,2141.901272278585,1811.4757170276941,10989.094411845352,3647
63590,6,51.2300,4,2183.021951219512,2330.121362172112,1920.322126092959,11426.822333179936,4346
63591,6,51.2300,5,2191.465989475142,2535.981051100956,1987.7644315191803,11780.400717352168,7221
63592,6,51.2300,6,2306.954485315084,2906.6891987453664,2169.8739321357284,12750.06489877388,3507
63593,6,51.2300,8,2383.6533239700375,3434.0045084269664,2547.2840917603,14053.17725187266,2136
63594,6,51.2300,9,2867.192396694215,4353.384214876033,3771.8780785123968,17806.15646694215,484
63656,6,51.4100x0,5,4994.7096875,8364.2621875,11228.807499999999,39067.9146875,32
63657,6,51.4100x0,6,5005.143611111111,8778.330833333333,11061.108055555556,40429.59277777778,36
63658,6,51.4100x0,8,6351.099574468085,10188.863191489361,14049.565744680851,48184.09489361702,47
63659,6,51.4100x0,9,6102.9975,9175.89625,13240.760833333334,45348.152916666666,24
63687,6,51.4903,6,5475.838846153846,6527.09,10163.753846153846,34259.230769230766,26
63688,6,51.4903,8,4312.846296296297,7166.448888888889,9933.234074074075,35055.20962962963,27
63707,6,51.5900x0,5,2568.265161290323,4930.38064516129,6929.2229032258065,21425.952903225807,31
63708,6,51.5900x0,6,2363.0111428571427,5292.222,6715.581428571429,21090.178285714286,35
63709,6,51.5900x0,8,2747.845882352941,5187.515,6239.447647058823,19711.621470588234,34
63745,6,51.6400,6,9407.67730769231,7617.115384615385,3620.540384615385,30654.270384615385,26
63792,6,51.7910,5,3826.3500000000004,5012.8045833333335,4574.412083333334,24406.4525,24
63793,6,51.7910,6,3885.3729629629634,6008.920740740741,6817.755185185186,28387.38925925926,27
63794,6,51.7910,8,4607.789655172413,10264.18275862069,8867.553103448276,40775.17275862069,29
63827,6,51.8500x0,3,8901.565384615385,4521.200384615385,3468.013461538462,24096.93115384615,26
63828,6,51.8500x0,4,9844.211363636363,5095.121363636364,4268.951590909091,27373.06931818182,44
63829,6,51.8500x0,5,8777.038865979383,5652.6270103092775,4967.199587628866,27804.80020618557,97
63830,6,51.8500x0,6,10290.543725490195,6072.219411764706,5647.04568627451,30803.01911764706,102
63831,6,51.8500x0,8,9840.991219512196,6277.725853658537,5531.019146341463,30303.74292682927,82
63832,6,51.8500x0,9,9182.64976744186,6057.896511627907,5574.949069767442,28684.050232558136,43
63839,6,51.8503,4,8039.768461538462,6619.916538461538,6579.882692307691,29980.505384615386,26
63840,6,51.8503,5,9175.870169491525,5202.466271186441,4039.352711864407,26467.2386440678,59
63841,6,51.8503,6,8980.32023255814,6713.30465116279,4802.9927906976745,28681.116046511626,43
63842,6,51.8503,8,7902.61652173913,6769.570217391304,4589.8297826086955,27327.82195652174,46
63843,6,51.8503,9,10571.905925925927,5748.346666666666,4161.443703703703,29238.837037037036,27
63858,6,51.8700x0,5,7403.901111111111,4636.769166666667,4057.0625,21608.055555555555,36
63859,6,51.8700x0,6,8661.397727272728,6601.41090909091,6242.208181818181,29725.98727272727,22
63860,6,51.8700x0,8,10072.7459375,6272.0159375,5037.455625,28153.0321875,32
63861,6,51.8700x0,9,9693.924090909091,8301.642272727273,6738.220909090908,32841.99818181818,22
63877,6,51.8800,8,10281.988076923077,5148.653846153846,4092.2330769230766,28725.13846153846,26
63883,6,51.8800x0,4,8374.527142857143,4514.087142857143,4931.967619047618,25202.783809523808,21
63884,6,51.8800x0,5,7754.730638297873,4800.729574468085,4924.327021276596,25446.83510638298,47
63885,6,51.8800x0,6,7261.51303030303,4544.384848484849,3926.2615151515147,23463.296060606062,33
63886,6,51.8800x0,8,7063.275961538461,4437.675384615384,3274.7409615384613,22010.389423076922,52
63887,6,51.8800x0,9,9489.563783783784,5765.699189189189,4360.521081081081,28065.274594594597,37
63899,6,51.8802,5,9639.612093023256,4404.382325581395,4063.1802325581393,25241.86906976744,43
63900,6,51.8802,6,8823.135416666666,5831.2266666666665,4084.132916666667,24848.814583333336,24
63901,6,51.8802,8,9766.49142857143,6128.645142857143,5144.44,28336.86,35
63904,6,51.8803,2,3835.7743333333333,3821.5916666666667,5249.0380000000005,22129.98,30
63905,6,51.8803,3,4404.717457627119,3759.2945762711865,4943.362881355932,22815.456440677965,59
63906,6,51.8803,4,4400.396923076923,4200.4963736263735,5175.991978021978,23316.36659340659,91
63907,6,51.8803,5,4069.6492613636365,4348.251818181818,6485.908011363636,25292.273693181818,176
63908,6,51.8803,6,4526.907674418605,4951.694302325582,5874.27488372093,25946.242906976746,172
63909,6,51.8803,8,4769.875412371134,5719.998195876288,6627.003298969072,28441.833041237114,194
63910,6,51.8803,9,4454.429166666667,6867.110119047619,7392.664285714286,30688.16678571429,84
63916,6,51.8805,2,4771.133913043478,3850.63,4029.708260869565,22533.225217391304,23
63917,6,51.8805,3,4391.899215686275,4320.636470588235,4775.089215686275,22664.337058823527,51
63918,6,51.8805,4,5231.325961538461,4769.934038461539,5359.515,25036.457884615385,52
63919,6,51.8805,5,5077.8800657894735,4770.458815789473,5081.64,24765.11618421053,152
63920,6,51.8805,6,4880.036693548387,5388.538790322581,5737.06314516129,26578.313790322583,124
63921,6,51.8805,8,5186.553630136986,6479.8002054794515,6983.076643835616,29587.161506849316,146
63922,6,51.8805,9,5363.495714285714,7734.655714285715,8077.506373626373,32601.427362637365,91
63956,6,51.9601,5,666.5072340425533,1438.7772340425531,840.2904255319149,4515.215319148936,47
63957,6,51.9601,6,525.68,936.8786046511627,390.55674418604656,3161.959534883721,43
63958,6,51.9601,8,510.3370454545455,999.9118181818183,416.7047727272727,3180.274318181818,44
63969,6,51.9800x0,4,3202.3775555555553,5659.499555555556,5166.751111111111,18084.538444444443,45
63970,6,51.9800x0,5,3818.322785714285,5901.591285714286,5634.245142857142,20798.684714285715,140
63971,6,51.9800x0,6,3457.0985057471266,5613.323390804598,5685.5309770114945,19543.652471264366,174
63972,6,51.9800x0,8,3405.953597883598,6248.326402116401,5318.5083597883595,19513.581375661375,189
63973,6,51.9800x0,9,3554.488319327731,6544.468907563026,5727.795882352941,20554.973025210085,119
64003,6,51.9809,5,110.7652380952381,1195.4380952380952,632.2690476190476,2995.695238095238,21
64004,6,51.9809,6,168.79903225806453,1285.4729032258062,705.9248387096775,3368.7532258064516,31
64005,6,51.9809,8,301.34406250000006,1201.390625,546.4984375,3127.0678125,32
64034,6,52.1101,6,3773.9615384615386,7210.458461538462,3280.726153846154,19108.453846153847,26
64035,6,52.1101,8,4634.00652173913,6636.3460869565215,3568.0047826086957,20417.482173913046,23
64052,6,52.1900x0,3,794.9927272727273,5453.987878787879,4015.017272727273,13165.177272727273,33
64053,6,52.1900x0,4,278.62309523809523,5295.6238095238095,4460.130476190476,12887.491666666667,42
64054,6,52.1900x0,5,239.0995081967213,4479.024590163935,3515.7155737704916,10493.900491803279,61
64055,6,52.1900x0,6,632.991935483871,5500.451612903225,3528.0106451612905,12702.961612903226,31
64056,6,52.1900x0,8,509.3119047619047,5182.795238095238,2737.15,10867.594761904762,21
64141,6,52.5205,6,12255.9976,9119.1716,11855.9256,60155.4236,25
64159,6,52.5901,4,17044.912800000002,25412.1452,46621.0704,143389.5788,25
64160,6,52.5901,5,15543.104285714286,23789.245714285713,49632.479999999996,139253.1623809524,21
64173,6,52.5904,3,17062.240454545452,11825.03590909091,21174.21727272727,79308.83681818181,22
64175,6,52.5904,5,16182.6225,7729.158571428571,11126.80357142857,56410.84892857143,28
64176,6,52.5904,6,13756.6112,11239.8136,15545.233600000001,67805.6848,25
64198,6,52.7x00,4,20805.157916666667,11889.410416666666,22116.669583333336,83607.19791666667,24
64199,6,52.7x00,5,22591.164210526316,13922.581929824562,20857.24350877193,87719.20999999999,114
64200,6,52.7x00,6,22868.89383838384,13948.05303030303,22572.465353535354,88904.90484848485,99
64201,6,52.7x00,8,22808.26012820513,16607.37846153846,24555.670000000002,97012.73448717949,78
64211,6,52.7x01,5,21938.466153846155,12766.184871794872,21825.55923076923,98372.49641025641,39
64212,6,52.7x01,6,20627.27447368421,13977.741842105263,23943.51,101785.15868421052,38
64213,6,52.7x01,8,21667.18,16647.495600000002,25833.6056,107238.01759999999,25
64260,6,53.0001,6,2538.8425,2516.2519444444447,2327.365,12440.912222222223,36
64261,6,53.0001,8,2432.4704347826087,3281.8054347826082,2628.2147826086957,14048.325434782608,46
64262,6,53.0001,9,2202.5451351351353,3778.046756756757,3094.099189189189,14739.16918918919,37
64263,6,53.0002,0,982.228125,1176.58875,548.9278125,7015.3840625,32
64267,6,53.0002,5,4974.544615384615,1622.926923076923,1226.2623076923078,12077.448076923078,26
64269,6,53.0002,8,5361.488461538462,2823.005769230769,2560.4257692307688,16769.81576923077,26
64288,6,53.0201,0,1023.5492592592593,1267.6211111111113,927.0385185185186,7241.393333333333,27
64295,6,53.0201,8,2459.8914285714286,2804.934642857143,2122.3935714285717,11812.008214285714,28
64297,6,53.0202,0,782.8285443037975,1145.941835443038,452.9156962025316,5260.381772151898,158
64306,6,53.0203,0,1125.2276470588235,1072.016844919786,543.9939928698752,6889.61431372549,561
64314,6,53.0204,0,1579.9704331210191,950.5709936305732,418.0129171974522,6045.182942675159,785
64315,6,53.0204,1,1680.5063333333335,991.7193333333333,583.3363333333333,6545.705666666667,30
64328,6,53.0301,8,3607.3033333333333,1888.938095238095,786.1290476190476,9376.610952380952,21
64332,6,53.0302,5,3422.948928571429,1706.860892857143,940.9491071428572,9285.885714285714,56
64333,6,53.0302,6,3182.902875,1807.3608749999999,906.327875,9265.3905,80
64334,6,53.0302,8,3583.825384615385,2181.430427350427,1220.405641025641,10540.414358974358,117
64335,6,53.0302,9,3825.3480357142857,2720.7687499999997,1054.9826785714286,11149.095714285713,56
64345,6,53.0401,2,4420.113095238095,1635.6976190476191,1058.7935714285716,10847.95619047619,42
64346,6,53.0401,3,4397.598536585366,1406.6326829268294,1109.5043902439024,10689.536097560975,41
64347,6,53.0401,4,3522.6571621621624,1574.2655405405405,1083.6156756756757,9843.333378378378,74
64348,6,53.0401,5,3146.796243902439,1739.940487804878,1017.010243902439,9543.429951219512,205
64349,6,53.0401,6,3197.165298245614,1940.370807017544,995.9607719298245,9799.638947368421,285
64350,6,53.0401,8,3476.2011666666667,2195.9035714285715,1061.4224523809523,10543.300285714286,420
64351,6,53.0401,9,3522.011754385965,2613.9155701754385,1362.6107894736842,11318.664385964912,228
64360,6,53.0501,4,2429.4224,1672.7444,931.352,8451.1736,25
64361,6,53.0501,5,2602.6240425531914,1771.4948936170213,1114.896914893617,8903.489361702128,94
64362,6,53.0501,6,2751.0820567375886,1942.4548226950355,960.1099290780141,9026.237163120568,141
64363,6,53.0501,8,2790.020393258427,2319.821629213483,1165.9208988764046,9957.172977528091,178
64364,6,53.0501,9,3363.3200980392157,2604.9690196078427,1266.523725490196,10884.802843137253,102
64373,6,53.1200,0,1582.693157894737,736.3357894736841,443.71763157894736,6343.082631578947,38
64375,6,53.1200x0,0,1608.267027972028,950.3668006993008,444.21403846153845,6950.384737762238,572
64386,6,53.1202,0,1472.138846153846,1605.1165384615383,722.8488461538461,8056.843076923076,26
64387,6,53.1203,0,1167.7550082372325,1053.118467874794,496.6471499176277,7948.140148270181,607
64388,6,53.1203,1,1324.5909523809523,1064.3971428571429,437.6119047619048,7650.203333333333,21
64398,6,53.1401,6,5850.298636363636,2084.862727272727,1096.8777272727273,13854.69090909091,22
64399,6,53.1401,8,7440.903214285715,2591.909642857143,1336.935714285714,16140.407142857144,28
64405,6,53.1501,6,6283.919583333333,1952.9058333333332,873.2945833333333,13907.683333333334,24
64406,6,53.1501,8,6030.61825,2483.6555,1259.86525,14521.05625,40
64407,6,53.1501,9,7759.373200000001,2617.444,1702.4292,17404.4296,25
64419,6,53.1701,8,6174.0280555555555,2615.34,1441.4602777777777,15885.832222222221,36
64420,6,53.1701,9,7526.739523809524,2955.0414285714287,1553.4980952380954,17479.141904761906,21
64428,6,53.2100x0,8,5231.73,2464.526956521739,1017.6865217391305,14081.015652173912,23
64432,6,53.2101,6,3505.0910714285715,2240.4789285714287,1282.1599999999999,10406.137499999999,28
64433,6,53.2101,8,3390.2548717948716,2294.5384615384614,1243.5128205128206,10975.221282051281,39
64434,6,53.2101,9,4016.425,3801.279411764706,1950.565588235294,15130.829411764706,34
64443,6,53.2901,8,2505.210263157895,3457.5902631578947,2695.2157894736843,13671.506578947368,38
64444,6,53.2901,9,2365.669375,5792.4021875,4393.91,21022.7184375,32
64510,6,53.6101,8,12153.126571428571,4030.960857142857,3463.8745714285715,26414.40457142857,35
64516,6,53.6301,6,16902.770357142857,4896.662142857143,3885.656428571429,36107.355,28
64517,6,53.6301,8,18896.66130434783,4662.19347826087,4283.527826086956,37905.68869565217,23
64600,6,53.9x00x0,8,5800.847619047619,7019.094285714286,7858.665238095238,30699.544285714288,21
64617,6,54.0x00x0,2,473.595,1760.175,2178.124090909091,8050.747727272727,22
64619,6,54.0x00x0,4,1172.6638095238095,2649.690476190476,2217.346666666667,9876.469047619048,21
64620,6,54.0x00x0,5,1627.4572413793105,3814.5489655172414,3004.231724137931,12867.318275862068,29
64647,6,54.1100,5,6091.443,11713.626333333332,14632.304,55990.543333333335,30
64648,6,54.1100,6,3629.2626086956525,6697.201739130435,6770.478260869565,26569.13739130435,23
64649,6,54.1100,8,8224.867333333334,12139.445666666667,13787.013333333334,52107.125,30
64689,6,54.2100,3,3063.835,2645.9483333333333,3076.856388888889,15614.316944444445,36
64690,6,54.2100,4,1925.1053125,4015.504375,3873.701875,19672.4790625,32
64691,6,54.2100,5,6895.162093023255,8523.013720930234,8993.686046511628,37654.46767441861,43
64692,6,54.2100,6,5266.146052631579,6801.002368421053,7292.011842105264,29342.15710526316,38
64721,6,54.2300x0,5,4403.171290322581,7377.499032258064,3840.187096774194,24604.670000000002,31
64746,6,54.2400x0,5,1740.1651724137932,7512.089655172414,3873.9603448275866,16848.33103448276,29
64748,6,54.2400x0,8,1317.4205882352942,7089.907352941176,3925.8111764705886,15415.570882352942,34
64780,6,54.3x00x0,0,858.6870588235295,1320.719705882353,615.7873529411764,6442.2011764705885,34
64791,6,54.3x01,2,982.7323913043479,2152.135217391304,801.4828260869565,7418.673913043478,46
64792,6,54.3x01,3,858.312380952381,2020.9642063492063,778.3983333333333,7045.450873015873,126
64793,6,54.3x01,4,1590.8912195121952,2602.4851219512193,1801.8129268292682,10114.749512195123,41
64794,6,54.3x01,5,1234.6828,2558.558,1030.164,8295.315999999999,25
64834,6,54.4x00x0,3,4994.88625,6220.036666666667,4422.504166666667,29907.805833333332,24
64835,6,54.4x00x0,4,5991.780624999999,8205.3028125,5070.68125,35110.7953125,32
64836,6,54.4x00x0,5,7587.053793103448,8797.004655172414,6114.753103448275,38699.52844827586,58
64837,6,54.4x00x0,6,7981.977,8060.620333333333,7406.234333333333,36664.20133333334,30
64838,6,54.4x00x0,8,9460.781428571428,8920.661428571428,8624.546428571428,43762.173571428575,28
64849,6,54.4x02,5,7574.452916666666,10506.792916666667,8307.347708333333,46497.496458333335,48
64850,6,54.4x02,6,8257.98,11390.295,9179.841363636362,53053.51363636364,22
64892,6,54.4x15,5,6072.054,5990.1652,3721.532,29002.962799999998,25
64901,6,54.5100,5,4118.0575,2368.9166666666665,3252.5170833333336,15219.0475,24
64906,6,54.5100x0,2,1996.4284782608697,2024.408260869565,1295.8678260869565,11712.457608695653,46
64907,6,54.5100x0,3,2068.360925925926,2203.7114814814813,1311.0094444444444,12134.40462962963,54
64916,6,54.5101,3,2127.426904761905,2781.9630952380953,3706.980476190476,15058.523333333333,42
64917,6,54.5101,4,2555.7507692307695,3976.701923076923,4622.900192307692,18962.848653846155,52
64918,6,54.5101,5,2774.025573770492,3608.75868852459,3742.2609836065576,17942.46344262295,61
64919,6,54.5101,6,2665.4115625,4010.2125,4572.7021875,22431.176875,32
64920,6,54.5101,8,2844.4137142857144,4848.105714285714,4639.034857142858,22671.535714285714,35
64932,6,54.5903,4,4224.1900000000005,4610.211071428572,7167.968214285714,25512.785357142857,28
64933,6,54.5903,5,3538.2415000000005,4629.957666666667,7702.493166666666,25192.40233333333,60
64934,6,54.5903,6,3930.881296296296,8954.805555555555,12563.67037037037,41084.80388888889,54
64935,6,54.5903,8,4328.317045454546,5849.368636363636,8585.416136363636,30412.14159090909,44
64936,6,54.5903,9,6035.494000000001,7451.0671999999995,11008.152399999999,37690.8528,25
64976,6,54.9100x0,5,1077.6095238095238,9367.89619047619,6897.095714285715,22390.64904761905,21
64982,6,54.9101,2,1242.4264705882354,5797.6547058823535,7568.105098039216,20087.419411764706,51
64983,6,54.9101,3,1750.2287155963302,6325.305321100917,8728.879357798165,23632.30357798165,109
64984,6,54.9101,4,1029.6504115226337,5209.869176954732,7136.7926748971195,19194.555967078188,243
64985,6,54.9101,5,1007.3866396103897,5073.756428571429,6636.0879220779225,17996.83801948052,616
64986,6,54.9101,6,874.8926153846154,5158.173,5958.273192307693,16828.6955,520
64987,6,54.9101,8,819.8772264150944,5158.349943396227,5340.520528301887,16167.698924528302,530
64988,6,54.9101,9,828.9737387387388,5702.143558558559,5414.456171171171,16951.464684684684,222
65009,6,54.9105,2,1724.2252380952382,6040.398095238095,6637.713809523811,19286.72857142857,21
65010,6,54.9105,3,576.1657894736842,5231.5526315789475,6002.373157894737,16052.848596491229,57
65011,6,54.9105,4,1573.0306779661016,5019.933813559322,5463.520338983051,17685.777118644066,118
65012,6,54.9105,5,689.6105944055944,4989.5822727272725,5410.210629370629,15964.878636363637,286
65013,6,54.9105,6,501.91842592592593,4751.762592592592,5159.186157407407,14419.835509259261,216
65014,6,54.9105,8,570.7131693989071,4827.575683060109,4498.80043715847,13948.335846994536,183
65015,6,54.9105,9,590.4189898989899,5819.092929292929,4057.3544444444447,14785.93292929293,99
65031,6,54.9300x0,3,2487.6148000000003,4997.7968,5452.5988,20871.9804,25
65032,6,54.9300x0,4,3120.061333333333,5498.179999999999,5573.144,21846.855666666666,30
65033,6,54.9300x0,5,2435.876388888889,5620.521111111111,4895.348888888889,19260.873055555556,36
65055,6,54.9800,2,452.8389655172414,2955.4475862068966,1992.5572413793102,6990.802413793103,29
65056,6,54.9800,3,306.96696969696967,2332.911616161616,1563.4748484848485,5269.191515151515,99
65057,6,54.9800,4,286.37754966887417,2711.4491390728476,1961.3141721854304,6502.0572185430465,151
65058,6,54.9800,5,364.6106161137441,2961.654265402844,2395.5421800947865,7630.193981042654,211
65059,6,54.9800,6,407.9991208791209,3545.8329670329667,3122.7751648351646,9327.79,91
65060,6,54.9800,8,551.5154545454545,3930.939090909091,3211.0634090909093,10448.85840909091,44
65065,6,54.9800x0,3,131.06799999999998,2199.192,1703.0476,5430.5968,25
65066,6,54.9800x0,4,104.86551724137931,1985.8793103448277,1642.4175862068967,5033.545172413793,29
65067,6,54.9800x0,5,201.0386,2103.0606,1706.469,5640.2408,50
65068,6,54.9800x0,6,228.12375,2405.48625,1358.3766666666668,5969.836666666666,24
65078,6,54.9900x0,2,2409.5725806451615,2841.8870967741937,1520.9425806451613,15539.120322580644,31
65079,6,54.9900x0,3,2243.5706451612905,3028.2051612903224,1712.5512903225808,17149.595806451613,31
65080,6,54.9900x0,4,2744.1911764705883,3808.335294117647,2305.819117647059,18270.795000000002,34
65081,6,54.9900x0,5,3058.57,4800.281666666667,2688.9708333333333,21729.83375,24
65125,6,55.0106,2,2334.225,2848.167857142857,1808.2685714285712,14801.845,28
65126,6,55.0106,3,2513.8805555555555,2519.8169444444447,1827.4166666666667,15818.144722222221,36
65127,6,55.0106,4,2591.33904,2878.17984,1721.83944,14746.335519999999,125
65128,6,55.0106,5,2559.233277108434,3012.683686746988,1838.2897831325301,15066.485879518072,415
65129,6,55.0106,6,2595.0625588235293,3390.204382352941,1872.9876176470589,15324.550735294117,340
65130,6,55.0106,8,2816.4069037656905,3652.9958158995814,2028.111589958159,16389.11949790795,239
65131,6,55.0106,9,3004.2735483870965,4322.650967741935,2092.7725806451613,17237.200322580644,31
65155,6,55.0300x0,5,3630.9759999999997,3974.8579999999997,3332.222,17067.7176,50
65156,6,55.0300x0,6,4160.50625,6507.662,5961.623750000001,24042.83125,40
65157,6,55.0300x0,8,3705.4114285714286,5782.391071428572,4124.166785714286,20303.988214285717,28
65172,6,55.0400x0,5,5125.556,3130.3903999999998,3202.094,20082.422,25
65178,6,55.0401,4,7356.187894736842,3275.6136842105266,3909.5800000000004,23738.307631578948,38
65179,6,55.0401,5,6384.382061855671,3725.173608247423,3928.9822680412367,23098.78917525773,97
65180,6,55.0401,6,9610.468571428572,4207.695952380953,4336.333333333333,27870.36119047619,42
65185,6,55.0402,3,5579.997954545454,3515.631818181818,3501.4293181818184,20227.39136363636,44
65186,6,55.0402,4,4885.732195121951,2909.185487804878,3050.670243902439,17960.918292682927,82
65187,6,55.0402,5,5615.280444444445,3437.8244444444445,3444.251222222222,20273.0395,180
65188,6,55.0402,6,5259.032736842105,3981.9761052631575,3543.196210526316,20485.164631578948,95
65189,6,55.0402,8,4879.638,3609.8002500000002,3004.62775,18421.905,40
65194,6,55.0403,5,5785.667021276595,3353.988085106383,3271.323829787234,24858.67404255319,47
65200,6,55.0404,2,5820.770833333333,3203.7762500000003,3651.2508333333335,20793.58125,24
65201,6,55.0404,3,5628.286700000001,3306.0615999999995,3435.8596000000002,20293.9211,100
65202,6,55.0404,4,5797.189127906977,3498.5695348837207,3242.97273255814,20276.56261627907,172
65203,6,55.0404,5,6118.556230769231,3713.88458974359,3465.8729743589743,21378.67,390
65204,6,55.0404,6,5702.983592814371,4167.933233532934,3969.142694610778,22179.935748502994,167
65205,6,55.0404,8,5887.988571428571,4764.458303571429,3670.7775892857144,22733.59955357143,112
65256,6,55.2300x0,1,1236.0932258064515,6028.545645161291,4231.194596774194,15110.353225806452,124
65257,6,55.2300x0,2,461.9992342342342,5237.360585585586,1253.184054054054,8906.57400900901,222
65258,6,55.2300x0,3,484.1822629969419,5573.22125382263,1239.5298165137615,9532.273425076453,327
65259,6,55.2300x0,4,579.5996850393701,6272.607125984252,1945.8273228346457,11139.658858267718,254
65260,6,55.2300x0,5,562.5791100702576,6309.084964871194,1591.7696955503513,10879.168899297425,427
65261,6,55.2300x0,6,631.8624096385543,6439.649277108434,2044.1018072289157,11860.490421686747,166
65262,6,55.2300x0,8,714.7834523809523,7532.168452380953,2317.572023809524,14342.994642857144,84
65267,6,55.2301,3,517.5828571428572,4193.203333333334,841.3490476190477,7326.848095238095,21
65268,6,55.2301,4,562.765806451613,5123.377419354839,1295.1064516129034,9036.817096774193,31
65269,6,55.2301,5,759.8751724137932,5093.427586206896,1443.7010344827586,10024.71448275862,29
65270,6,55.2301,6,812.8680952380952,5929.235238095238,1697.2919047619046,11058.785238095237,21
65310,6,55.4x03,3,5665.753529411764,5033.733823529412,2901.538823529412,33109.30823529412,34
65311,6,55.4x03,4,5911.467857142857,5564.347285714286,3495.9744285714282,34365.234142857145,70
65312,6,55.4x03,5,5786.974024390244,5608.829634146342,3539.6075,37482.18829268293,164
65313,6,55.4x03,6,6252.756823529411,5808.336823529412,3818.5189411764704,36114.84294117647,85
65314,6,55.4x03,8,6479.54972972973,6282.351621621622,4224.488378378379,35547.34243243243,37
65327,6,55.5101,5,5154.82909090909,5221.404318181819,5071.028409090909,29137.90590909091,44
65335,6,55.5103,2,7508.8148,5067.7344,3524.738,34196.9484,25
65336,6,55.5103,3,7237.12947368421,4684.171578947368,3147.928684210526,28865.5,38
65337,6,55.5103,4,5360.183908045977,4006.3605747126435,3370.3342528735634,24990.59091954023,87
65338,6,55.5103,5,5399.74654109589,4720.834726027398,3305.1194520547947,26858.464965753425,292
65339,6,55.5103,6,6488.705562130178,5831.501952662722,4002.8975147928995,30242.178698224852,169
65340,6,55.5103,8,6160.935775862069,5971.534655172414,4052.131551724138,30158.43844827586,116
65341,6,55.5103,9,7231.78375,7307.322499999999,5260.2804166666665,33868.85666666667,24
65346,6,55.5104,5,7132.185777777778,5685.401111111111,4570.008000000001,35491.98488888889,45
65347,6,55.5104,6,7699.049230769231,7562.5626923076925,5849.28673076923,40019.9398076923,52
65348,6,55.5104,8,8743.635666666667,8330.0025,6174.9946666666665,43187.28466666667,60
65349,6,55.5104,9,6986.012857142857,11194.400952380951,7499.262380952381,55368.299047619046,21
65360,6,55.6901,2,21735.11076923077,9899.886666666667,25146.822051282048,87277.97076923077,39
65361,6,55.6901,3,32852.98314285714,10377.493999999999,21476.79142857143,101897.97742857142,70
65362,6,55.6901,4,65873.40103448277,14352.259310344829,26145.29172413793,162372.25655172416,29
65363,6,55.6901,5,68509.11333333333,14263.028333333334,26556.114166666666,157607.89333333334,24
65390,6,55.8703,0,5791.6271875,3025.4528125,2290.796875,34922.8959375,32
65416,6,55.9201,5,2925.1767999999997,5351.3688,3790.3352,15807.0812,25
65418,6,55.9201,8,1938.3730303030302,4530.462727272727,2617.074242424242,12075.753333333332,33
65435,6,55.9206,6,498.3472,2729.862,754.8092,5306.4208,25
65436,6,55.9206,8,481.2923076923077,3075.7961538461536,1793.5376923076922,6964.697307692308,26
65453,6,55.9601,5,395.35,2565.1,1438.9538095238095,5129.5542857142855,21
65455,6,55.9601,8,537.3818181818182,3193.781818181818,1189.0163636363636,6265.830909090909,22
65459,6,56.0x00,2,5175.96375,2576.35375,2270.8737499999997,14288.8790625,32
65460,6,56.0x00,3,4312.325507246377,2459.1628985507245,1982.1389855072464,12996.082028985507,69
65461,6,56.0x00,4,5028.750843373494,2536.9436144578312,2254.806265060241,14252.573373493977,83
65462,6,56.0x00,5,4811.713553719008,2540.1002479338845,1926.3698347107438,13548.626859504133,121
65463,6,56.0x00,6,4739.9974603174605,3133.279841269841,2174.3479365079365,14974.629523809524,63
65464,6,56.0x00,8,3627.0417857142857,2807.515,2203.5707142857145,13738.39857142857,28
65467,6,56.0x00x0,1,4564.290952380952,2141.042380952381,1721.3104761904765,12744.940952380954,21
65468,6,56.0x00x0,2,4112.621092715232,2253.9472185430463,1936.3901655629138,13628.977649006623,302
65469,6,56.0x00x0,3,4504.339692132269,2254.8751539338655,1818.5080615735462,13979.42110604333,877
65470,6,56.0x00x0,4,4653.497665406428,2516.857797731569,1999.3755765595463,14835.601257088847,1058
65471,6,56.0x00x0,5,4540.1586120818765,2657.038627059411,2005.29481777334,14868.077134298552,2003
65472,6,56.0x00x0,6,4659.678994285714,3098.4356,2367.49472,16081.883268571428,875
65473,6,56.0x00x0,8,4305.089227467812,3445.815836909871,2596.426287553648,16157.562510729613,466
65474,6,56.0x00x0,9,4440.125811965811,4078.0341025641023,2792.524017094017,17753.25076923077,117
65484,6,56.0x03,2,5168.210555555555,2310.2016666666664,1883.7330555555554,14370.185277777777,36
65485,6,56.0x03,3,5359.1353125,2580.054296875,2008.64140625,15229.285703125,128
65486,6,56.0x03,4,5589.175720930232,2573.7617209302325,1965.4701860465118,15100.050790697675,215
65487,6,56.0x03,5,5790.1335,2817.717105263158,2294.1486842105264,16015.832499999999,380
65488,6,56.0x03,6,5947.073096774193,3016.4189677419354,2306.936064516129,16996.275806451613,155
65489,6,56.0x03,8,5988.307931034483,3359.616896551724,2221.439885057471,17394.001494252872,87
65496,6,56.0x03x0,4,5502.112857142857,3632.7321428571427,1453.8528571428574,19164.29,28
65497,6,56.0x03x0,5,6051.468723404256,3903.351276595745,1820.402765957447,20351.322765957448,47
65498,6,56.0x03x0,6,5534.714827586207,4479.724137931034,1741.2275862068966,20808.63275862069,29
65508,6,56.0x06,2,4578.969431818182,2609.5068181818183,1870.1792045454545,14156.770454545454,88
65509,6,56.0x06,3,4504.207843137255,2579.710196078431,2082.718039215686,14318.531470588236,204
65510,6,56.0x06,4,4616.984729241877,2766.1732851985557,1942.017870036101,14901.30227436823,277
65511,6,56.0x06,5,4980.288607350097,2833.118471953578,2075.8004061895554,15496.956092843326,517
65512,6,56.0x06,6,4874.028669527896,3309.0506008583693,2470.04339055794,17047.4547639485,233
65513,6,56.0x06,8,4173.020578512396,3677.98826446281,2529.057768595041,16729.95512396694,121
65514,6,56.0x06,9,5308.560909090909,4462.752424242424,3292.030606060606,19548.235454545455,33
65518,6,56.0x07,5,1366.06125,3127.0691666666667,2555.8650000000002,11972.329166666668,24
65545,6,56.2x04,4,3960.9080000000004,3019.5606666666667,2268.052666666667,18112.279,30
65546,6,56.2x04,5,4394.8470149253735,3505.075820895522,2859.8901492537316,19603.789104477615,67
65547,6,56.2x04,6,4579.548148148148,3534.9518518518516,2461.8325925925924,18483.050740740742,27
65553,6,56.2x05,3,3714.3190476190475,2593.941904761905,2162.7023809523807,19325.62238095238,21
65554,6,56.2x05,4,2774.575185185185,2992.6325925925926,2121.245925925926,16097.854444444445,27
65555,6,56.2x05,5,3065.1463636363633,3272.1941818181817,2307.6043636363634,15740.451454545453,55
65564,6,56.3100,5,4963.686666666667,2655.998888888889,1870.7344444444445,13647.936666666666,27
65565,6,56.3100,6,1946.605238095238,2611.3042857142855,1294.980476190476,8077.6728571428575,21
65584,6,56.4100x0,3,4192.575862068966,3549.2151724137934,2637.9134482758623,15996.748965517241,29
65585,6,56.4100x0,4,4192.093243243244,3483.174054054054,2114.0354054054055,15551.355405405406,37
65586,6,56.4100x0,5,4855.907808219178,3601.934520547945,2462.6879452054795,16904.789041095893,73
65587,6,56.4100x0,6,5529.831666666667,4179.807222222222,2800.019166666667,18903.378333333334,36
65674,6,57.0x00x0,3,1207.3862962962962,2043.6966666666665,1912.87,9406.788148148147,27
65675,6,57.0x00x0,4,1390.4793750000001,2113.5709375,1533.519375,9004.1609375,32
65676,6,57.0x00x0,5,1423.9187603305786,2506.7423140495866,2222.204132231405,10863.223636363637,121
65677,6,57.0x00x0,6,1425.448455284553,3282.839918699187,2215.820162601626,11694.961219512195,123
65678,6,57.0x00x0,8,1247.0958778625954,3256.8468702290074,2296.6667938931296,11656.610916030535,131
65679,6,57.0x00x0,9,1818.117,4569.580166666667,3252.8559999999998,15393.381666666666,60
65701,6,57.0x06,5,1064.477741935484,2484.7,1294.126451612903,8579.24,31
65703,6,57.0x06,8,1370.8768181818182,3177.517272727273,1729.9354545454546,11468.765454545455,22
65774,6,57.3200x0,3,631.4279310344828,2447.957586206897,1547.3444827586206,6662.154137931035,29
65775,6,57.3200x0,4,338.2240983606558,2626.5604918032786,1157.9567213114753,5665.775737704918,61
65776,6,57.3200x0,5,590.5414935064935,3027.395974025974,1592.2715584415585,7102.590454545454,154
65777,6,57.3200x0,6,391.12023255813955,2834.6453488372094,1141.6355813953487,6061.326046511627,129
65778,6,57.3200x0,8,386.5871022727273,3356.290795454546,1606.7357386363635,7120.147215909091,176
65779,6,57.3200x0,9,365.49833333333333,3165.852142857143,1627.389642857143,7033.57988095238,84
65784,6,57.3300,8,741.724,3905.426,2205.5460000000003,9541.622000000001,25
65803,6,57.4900x0,3,1735.1751111111112,3059.4326666666666,2511.1897777777776,13989.544222222223,45
65804,6,57.4900x0,4,1972.2452564102564,3171.183717948718,2439.4708974358978,13590.97641025641,78
65805,6,57.4900x0,5,2088.7435826771653,3498.0946850393702,2592.8141732283466,14773.29933070866,254
65806,6,57.4900x0,6,2387.1304458598725,4126.766337579617,2988.0908598726114,16281.96111464968,314
65807,6,57.4900x0,8,2364.7732668329177,4209.628104738155,2905.111097256858,16267.475037406484,401
65808,6,57.4900x0,9,2240.688502202643,4910.1399559471365,3380.6393392070486,17989.530837004404,227
65812,6,57.4901,5,3217.359393939394,3969.081818181818,3000.22303030303,16344.27121212121,33
65813,6,57.4901,6,2411.709,3655.3669999999997,2673.47625,14142.45075,40
65814,6,57.4901,8,2846.0208000000002,5532.664000000001,3477.2942,19493.234,50
65815,6,57.4901,9,2526.354827586207,5244.749655172413,3520.166896551724,18006.68172413793,29
65820,6,57.4902,6,2184.4415384615386,2855.3442307692308,2516.911153846154,13097.548846153846,26
65821,6,57.4902,8,2106.7516666666666,3046.6354761904763,2238.9014285714284,13023.670952380953,42
65822,6,57.4902,9,2715.585,3852.355,2403.5395454545455,15002.07909090909,22
65891,6,57.7103,5,18822.05523809524,10751.81238095238,9844.054761904761,74020.25333333334,21
65892,6,57.7103,6,15663.438936170212,10387.616595744681,9075.850212765958,61739.33829787234,47
65893,6,57.7103,8,19061.30804347826,9841.620434782608,10685.256086956522,66793.98695652174,46
65947,6,57.9400,3,703.5645714285715,6746.472285714286,4017.589428571429,17256.134285714284,35
65948,6,57.9400,4,565.8209589041096,5708.314109589041,4803.373698630137,18263.08506849315,73
65949,6,57.9400,5,595.5048017621145,6030.954977973568,4558.907004405286,16694.72488986784,227
65950,6,57.9400,6,683.1497049180329,5927.343278688524,4947.126852459016,17265.66455737705,305
65951,6,57.9400,8,583.8970857988165,5956.792958579882,4562.31448224852,16454.965236686392,676
65952,6,57.9400,9,531.9300114025085,6173.852964652223,4884.746875712656,16851.610182440138,877
65958,6,57.9500,8,705.0391304347826,7884.503913043478,6650.253913043478,23881.93782608696,23
65959,6,57.9500,9,505.577397260274,6243.100410958904,5570.869178082192,19932.892191780822,73
66016,6,58.3901,5,504.08250000000004,1911.8733333333334,1236.4605555555556,6908.961666666666,36
66017,6,58.3901,6,556.0176923076923,2244.165641025641,1482.007435897436,7771.738974358975,39
66018,6,58.3901,8,593.5710169491526,2428.2742372881353,1713.4615254237287,8092.340847457627,59
66019,6,58.3901,9,518.6195454545455,2396.7272727272725,2528.2954545454545,9030.371818181819,22
66038,6,58.3906,5,509.15291666666667,2133.6529166666664,884.3766666666667,6661.466666666667,24
66039,6,58.3906,6,543.6416129032258,2147.4806451612903,1437.6906451612904,7775.135161290323,31
66040,6,58.3906,8,545.778,2286.8037142857142,1333.6005714285716,7621.608285714286,35
66052,6,58.4500x0,0,1737.5259868421053,941.1918421052632,1494.06375,16839.832302631577,152
66057,6,58.4502,0,1501.141111111111,1074.6633333333334,1704.694074074074,14033.585555555555,27
66119,6,58.6x00,6,1091.9968965517241,2330.1789655172415,1903.3972413793106,7460.914137931035,29
66120,6,58.6x00,8,1253.760465116279,2998.610930232558,2364.37511627907,9506.446511627908,43
66121,6,58.6x00,9,1363.8204347826088,4799.138260869565,2680.7204347826087,12323.785652173914,23
66183,6,59.7900x0,4,9078.146666666666,1970.5496296296299,1319.1125925925926,17534.586296296296,27
66184,6,59.7900x0,5,8778.454062499999,1976.2996875,1115.7803125,18386.61953125,64
66189,6,59.7903,4,7853.7381081081085,2483.734054054054,1542.5054054054053,17105.73189189189,37
66190,6,59.7903,5,8076.360588235294,2366.3215686274507,1402.9603921568626,17143.27431372549,51
66206,6,59.8x00x0,3,7875.935952380953,2644.6840476190473,1942.3123809523809,19297.273333333334,42
66207,6,59.8x00x0,4,7794.021475409836,2783.3745901639345,1579.2660655737704,18359.682786885245,61
66208,6,59.8x00x0,5,10280.5376,2806.1445000000003,1818.6431,21481.8165,100
66209,6,59.8x00x0,6,3959.45693877551,3427.1804081632654,2145.8261224489797,14212.482040816327,49
66210,6,59.8x00x0,8,3110.084347826087,4203.276521739131,2649.1160869565215,15301.742608695653,23
66223,6,59.8x03,2,2023.1006081081082,2110.6031756756756,1301.2752027027027,7891.287027027027,148
66224,6,59.8x03,3,2535.630158730159,2109.5568253968254,1261.4781746031747,8494.297142857142,252
66225,6,59.8x03,4,2246.8493693693695,2500.886186186186,1607.4206006006007,9088.814144144144,333
66226,6,59.8x03,5,1975.062495446266,2841.0542258652094,1824.313078324226,9948.29102003643,549
66227,6,59.8x03,6,2196.725505226481,3686.5824041811843,2608.8459581881534,12152.904390243903,287
66228,6,59.8x03,8,2627.5299516908212,4697.280917874396,3253.2048309178745,15061.249710144928,207
66229,6,59.8x03,9,2485.34,5308.133866666666,3120.4756,15183.618266666668,75
66262,6,59.9900x0,2,201.1321739130435,864.4530434782608,477.82217391304346,2531.791739130435,23
66263,6,59.9900x0,3,147.04536585365855,692.670731707317,485.67853658536586,2358.349756097561,41
66264,6,59.9900x0,4,124.97173076923076,692.7807692307692,272.5230769230769,1957.559423076923,52
66265,6,59.9900x0,5,134.86671875,943.7659375,443.7803125,2745.270078125,128
66266,6,59.9900x0,6,202.73074074074077,855.2425925925926,562.4840740740741,2692.056666666667,54
66267,6,59.9900x0,8,113.91333333333333,1209.9309523809522,1036.2266666666667,3735.1185714285716,42
66271,6,59.9901,3,4545.399565217392,1930.5908695652172,1054.7882608695652,11636.81956521739,23
66272,6,59.9901,4,2545.316388888889,2325.4105555555557,1120.756388888889,11626.597777777779,36
66273,6,59.9901,5,3058.3251485148517,2094.398415841584,1208.2516831683167,9333.163762376238,101
66274,6,59.9901,6,2750.8342666666667,2464.2098666666666,1408.2034666666666,10233.431199999999,75
66275,6,59.9901,8,2409.0939583333334,2205.1047916666666,1004.005,8979.997291666667,48
66276,6,59.9901,9,2649.425652173913,2649.7608695652175,909.9521739130436,11079.211304347828,23
66291,6,60.1100x0,5,699.188,4823.578888888888,888.8283333333334,7581.053777777777,90
66292,6,60.1100x0,6,739.4331578947368,5515.336172248803,1527.4915311004784,9447.34076555024,209
66293,6,60.1100x0,8,797.7198571428572,5530.6884,1889.9243714285715,10003.030285714285,350
66294,6,60.1100x0,9,951.2939097744361,6221.941353383459,2437.4011278195485,11945.206691729323,266
66297,6,60.1101,6,898.7181578947369,5083.606315789474,1584.605,10313.82947368421,38
66298,6,60.1101,8,825.7539682539683,5198.96492063492,2032.310158730159,10929.877301587301,63
66299,6,60.1101,9,886.0223913043478,5783.379130434782,2701.2084782608695,12334.942391304347,46
66305,6,60.2100,8,1112.7685714285715,3363.4422857142854,3477.5062857142857,15687.783714285715,35
66309,6,60.2100x0,6,1965.9841176470588,3614.8441176470587,2893.4691176470587,17370.691274509805,102
66310,6,60.2100x0,8,2193.2972727272727,4114.308811188811,3161.862797202797,18979.946783216783,143
66311,6,60.2100x0,9,2172.235070422535,4460.96676056338,3215.6935211267605,19232.45056338028,71
66317,6,60.2900dy,6,3560.621612903226,5494.851612903226,2734.32,18578.67064516129,31
66318,6,60.2900dy,8,3658.963469387755,5884.257142857143,2802.477959183673,19309.97775510204,49
66322,6,60.2900x0,5,2837.097904761905,3433.5042857142857,2477.9936190476187,15548.617999999999,105
66323,6,60.2900x0,6,3248.6235844748862,3887.9911415525116,2677.169908675799,16511.563036529682,438
66324,6,60.2900x0,8,3302.648768971332,4199.173170320405,2776.7029173693086,17068.300505902193,593
66325,6,60.2900x0,9,3670.543460076046,4600.120836501901,3140.4359695817493,19011.192851711025,263
66327,6,60.2901,5,2157.4457627118645,4378.445084745763,3396.17186440678,16972.253559322035,59
66328,6,60.2901,6,2170.8905352112674,4275.305887323944,3245.1698309859157,16951.603267605635,355
66329,6,60.2901,8,2265.8319134775375,4596.818153078203,3462.0701164725456,17826.169434276206,601
66330,6,60.2901,9,2329.4074125874126,5136.682552447553,4118.34020979021,19646.504720279718,286
66332,6,60.2902,5,2101.2477777777776,2943.9862222222223,2785.528,14232.84911111111,45
66333,6,60.2902,6,2448.533896103896,3287.6168398268396,3121.290952380952,15873.49896103896,231
66334,6,60.2902,8,2474.00923857868,3343.7006345177665,3241.6436040609137,16214.143426395938,394
66335,6,60.2902,9,2578.9789436619717,3799.7998591549294,3483.4871126760563,17512.20556338028,142
66340,6,60.5x02,5,5674.109782608696,7059.014565217391,3842.3365217391306,55294.12239130434,46
66341,6,60.5x02,6,6619.3553254437875,7394.141183431953,4455.047692307692,53729.509881656806,169
66342,6,60.5x02,8,6289.145665024631,7670.134236453202,4686.284334975369,51031.70142857143,203
66343,6,60.5x02,9,7283.847419354838,9850.26677419355,6271.535161290322,51465.39419354839,31
66428,6,61.2x02,5,647.5360714285714,2108.3278571428573,2797.081785714286,9801.740357142857,28
66462,6,61.4901,0,772.42356545961,897.3666852367688,575.4003899721448,5565.4289415041785,359
66473,6,61.4904,0,669.2912820512821,977.6753846153845,345.3607692307692,4768.651794871796,39
66477,6,61.4904,4,587.8561904761905,1350.997619047619,875.5304761904762,5588.342380952381,21
66478,6,61.4904,5,673.8393333333333,1969.5095000000001,1345.0111666666667,7359.078166666667,60
66479,6,61.4904,6,714.8323076923077,2307.191346153846,1144.7024999999999,7356.053076923077,52
66480,6,61.4904,8,944.9460869565216,2631.235652173913,1660.9191304347826,9295.34695652174,23
66482,6,61.4905,0,1720.0892105263158,961.4775986842105,536.7500986842106,6812.3879605263155,304
66497,6,62.0x01,0,1825.5509677419354,1247.5625806451615,428.1109677419355,8940.941612903225,31
66505,6,62.2x00x0,0,533.6768571428571,1068.585142857143,829.6725714285715,5891.213714285715,35
66506,6,62.2x00x0,1,588.6817073170732,1087.2463414634146,869.1480487804878,5913.2895121951215,41
66517,6,62.3x00,1,781.699696969697,1574.571515151515,1127.260909090909,6718.309393939394,33
66559,6,62.5x00,0,814.6185074626866,920.3629850746269,502.41534825870644,6525.126990049751,402
66560,6,62.5x00,1,789.9591071428571,1233.876607142857,771.9271428571428,6806.181428571428,56
66566,6,62.5x01,0,1782.7166666666667,1010.1828455284553,573.0755284552845,8921.359349593495,123
66584,6,63.1x00x0,0,713.8402222222222,996.9691111111111,481.49399999999997,5159.185555555556,45
66585,6,63.1x00x0,1,1159.628292682927,1620.3209756097563,1244.5629268292682,8310.128780487805,41
66586,6,63.1x00x0,2,1527.0026363636364,1393.2117727272728,1201.8738181818183,8731.809363636365,220
66587,6,63.1x00x0,3,1395.085142857143,1324.0808571428572,1190.369,8241.838714285714,70
66592,6,63.1x01,2,841.556595744681,1520.9872340425532,927.3019148936171,6327.936170212766,47
66597,6,63.1x02,0,648.4074193548388,1144.7372580645163,449.1595161290322,5252.2898387096775,62
66606,6,63.1x03,1,1683.4547916666668,1418.1185416666667,928.4783333333334,8031.32125,48
66607,6,63.1x03,2,1787.8452238805971,1484.8647014925373,1062.6215671641792,8060.6689552238795,134
66608,6,63.1x03,3,1752.7508163265304,1747.6724489795918,1153.681836734694,8558.304693877551,49
66610,6,63.1x03,5,2019.0104761904763,1974.4576190476191,1191.8195238095238,8988.893333333333,21
66644,6,63.4x00,5,855.4169230769231,2780.9957692307694,2119.2584615384617,9083.965769230768,26
66649,6,63.5201,1,740.65025,1166.04825,1174.639,6591.250750000001,40
66679,6,64.0x00,0,729.9572058823529,709.6376470588235,343.1344117647059,3377.0338235294116,68
66680,6,64.0x00,1,838.8844444444445,668.671111111111,154.2048148148148,2834.184814814815,27
66681,6,64.0x00,2,1053.9545192307692,623.1865384615385,90.10548076923077,2670.580673076923,104
66682,6,64.0x00,3,953.5015873015873,705.9428571428572,125.00920634920635,2608.086349206349,63
66717,6,64.3x01,6,1256.5234482758622,4371.363103448276,3170.670344827586,16250.593103448276,29
66734,6,64.4901,0,1264.0370967741935,775.0732258064517,847.9587096774194,12775.398387096773,62
66739,6,64.4902,0,940.9276595744681,845.6590425531915,1387.2320212765958,9672.691276595744,94
66740,6,64.4902,1,1075.72,959.8790476190476,1038.3019047619048,8342.764285714286,21
66750,6,64.4905,0,1295.7479166666667,664.7191666666666,708.1597916666666,12706.205416666666,48
66815,6,65.2300,3,1560.0495999999998,3016.84,1389.8852,11609.294399999999,25
66827,6,65.2501,1,2451.3435761589403,2699.7844370860926,1180.0256291390729,12718.422649006623,151
66828,6,65.2501,2,2560.971290322581,2794.07599078341,1414.642534562212,13929.97629032258,1302
66829,6,65.2501,3,2424.962183588317,2748.503511821975,1313.080973574409,13973.994965229487,1438
66830,6,65.2501,4,2152.274497487437,3001.683555276382,1465.6034798994976,14050.735515075377,796
66831,6,65.2501,5,2034.8581052631578,3292.7145263157895,1700.1262105263156,14326.023157894737,95
66858,6,65.2901,2,2548.440895522388,3769.197462686567,1980.1901492537313,14209.098507462686,67
66859,6,65.2901,3,2202.816779661017,4228.592881355932,3655.0361016949155,17382.03627118644,59
66860,6,65.2901,4,2071.9673076923077,4126.499230769231,2391.9976923076924,16387.083846153844,26
66870,6,65.3100,4,1907.6534782608694,3296.351304347826,1622.0839130434783,13918.432173913043,23
66871,6,65.3100,5,2403.4557142857143,3533.589285714286,1736.4678571428572,14367.374642857143,28
66881,6,65.4100,2,5020.412424242424,5391.891515151516,2755.2175757575756,24825.086666666666,33
66882,6,65.4100,3,2570.262105263158,4672.388421052632,2301.566842105263,19341.338684210525,38
66883,6,65.4100,4,2197.0740329218106,3360.34987654321,1660.742510288066,14943.9329218107,243
66884,6,65.4100,5,1958.8862033898306,3324.6276610169493,1437.3953898305085,13126.023084745762,295
66885,6,65.4100,6,2144.205882352941,4019.4650980392157,1526.7945098039218,13796.78588235294,51
66886,6,65.4100,8,2384.8567857142857,4358.068928571428,2301.5314285714285,15626.138928571429,28
66895,6,65.4900x0,4,3866.125294117647,4652.5232352941175,2962.4738235294117,19337.059411764705,34
66896,6,65.4900x0,5,3275.919583333334,6229.337083333333,3542.5220833333333,21714.42583333333,24
66907,6,65.5300,4,2735.791818181818,3423.993181818182,1500.942727272727,16043.002727272727,22
66908,6,65.5300,5,2429.9121875,4520.623125,1945.2,19542.14875,32
66913,6,65.6100,4,7544.454074074074,9380.606296296297,6904.406296296296,37904.71037037037,27
66914,6,65.6100,5,8573.128850574712,8719.93908045977,6523.490344827586,35938.176206896555,87
66915,6,65.6100,6,3032.1592499999997,6847.3105,3646.6879999999996,22566.52575,40
66916,6,65.6100,8,7518.058928571429,6860.8267857142855,5124.269285714286,29364.43642857143,28
66923,6,65.6300,4,3119.947450980392,4697.735490196079,2430.926274509804,18507.753137254902,51
66924,6,65.6300,5,2196.5028656716418,3821.673223880597,1507.6804179104477,15266.43728358209,335
66925,6,65.6300,6,2202.016126760563,4215.415070422536,1525.0988732394367,15979.20690140845,142
66926,6,65.6300,8,2390.188493150685,5001.854246575343,1616.1254794520548,16764.699315068494,73
66941,6,65.7900x0,2,2166.3131428571432,1684.3157142857144,1596.9294285714286,9560.619428571428,35
66942,6,65.7900x0,3,2143.0237037037036,2337.0133333333333,1963.2237037037037,11339.343703703702,27
66949,6,65.7905,3,2486.7322727272726,2665.5245454545457,1409.6000000000001,12400.316818181816,22
66980,6,66.0103,2,1808.0600411522635,1699.012304526749,1241.968271604938,10010.117654320988,243
66981,6,66.0103,3,1568.0474881516589,1830.7329383886256,1095.5648341232227,10256.843886255925,211
66989,6,66.0202,2,1970.6157500000002,2356.048875,1351.558375,12631.480375000001,80
66990,6,66.0202,3,1914.615487804878,2138.5671951219515,1361.0268292682927,12255.592560975609,82
66992,6,66.0203,2,1744.3553968253968,1745.666507936508,1292.561746031746,10157.817460317461,63
66993,6,66.0203,3,1956.0636585365853,1539.209512195122,1428.1109756097562,10362.805609756098,41
67008,6,66.2903,3,1991.8484210526317,2061.1105263157892,1051.7363157894738,12615.39447368421,38
67025,6,66.4x02,2,1996.2650793650791,1841.8098941798942,1364.698783068783,10945.688783068783,189
67026,6,66.4x02,3,1774.772672413793,1924.5456034482759,1330.2155172413793,10839.504504310344,464
67027,6,66.4x02,4,1861.6291304347826,2390.5520652173914,1622.1919565217393,12093.66141304348,184
67028,6,66.4x02,5,2527.601052631579,3269.833684210526,1858.357105263158,14065.802631578947,38
67038,6,66.5102,2,1656.360357142857,2357.4325,1573.7421428571429,12536.735357142858,28
67039,6,66.5102,3,2073.5504761904763,2421.305634920635,1544.2622222222224,13243.794285714286,126
67040,6,66.5102,4,2022.6742756183744,3043.4453003533567,1858.0027208480567,14163.019081272085,283
67041,6,66.5102,5,1924.9666336633663,3628.120693069307,2288.2535643564356,15044.841485148514,101
67052,6,66.6100x0,2,1745.0516666666667,2238.1135714285715,1025.4654761904762,11483.175000000001,42
67053,6,66.6100x0,3,1945.2444827586207,2319.2241379310344,1115.8500000000001,11761.822758620689,29
67066,6,66.6104,2,1582.5464705882353,2308.773823529412,1217.0726470588236,10419.494705882353,34
67067,6,66.6104,3,1749.6664285714287,2223.955952380952,1401.7807142857143,11336.106904761904,42
67073,6,66.6200,3,1410.3275,1980.96875,1413.9225,10834.955416666666,24
67076,6,66.6200x0,2,1313.0862068965516,1409.7489655172415,1114.6396551724138,8437.050689655172,29
67077,6,66.6200x0,3,1269.7519607843137,1644.7321568627451,1223.149019607843,9308.790588235293,51
67080,6,66.6201,2,1746.4753125,1669.0753124999999,1194.43425,9770.96640625,320
67081,6,66.6201,3,1839.8228455284552,1741.5324932249323,1197.2088346883468,10004.094390243903,738
67082,6,66.6201,4,1639.2736153846154,1791.6396923076923,1157.751923076923,10074.688384615385,130
67098,6,66.7301,3,2396.258846153846,1803.85,1171.0507692307692,14934.166538461539,26
67104,6,66.7900x0,3,2948.6454545454544,1990.1818181818182,1237.7804545454546,14643.815,22
67108,6,66.7905,2,2561.280407239819,1908.8095022624436,892.4610407239819,14988.268009049774,221
67109,6,66.7905,3,2601.848095238095,1915.7768154761904,945.3507142857144,15783.61761904762,336
67115,6,66.8x02,2,1619.988131868132,2082.9803296703294,1085.87010989011,10587.55087912088,91
67116,6,66.8x02,3,1790.3542857142857,2129.510989010989,1125.625164835165,11179.084945054945,91
67160,6,67.1200x0,3,91.692,2362.7556,612.6512,4256.0988,25
67161,6,67.1200x0,4,234.77489795918365,3234.0653061224493,1002.3969387755102,6351.205714285715,49
67162,6,67.1200x0,5,312.85833333333335,4317.859523809524,973.214880952381,7653.942380952381,84
67163,6,67.1200x0,6,248.0244117647059,3945.055,1074.519117647059,6871.166176470588,34
67164,6,67.1200x0,8,210.07024390243902,5507.220975609756,1103.7465853658537,8445.880731707317,41
67171,6,67.2x00,2,716.2039325842696,2507.5204494382024,808.5737078651686,6984.664494382023,89
67172,6,67.2x00,3,662.7085752688172,2523.270483870968,737.024623655914,7186.737284946236,372
67173,6,67.2x00,4,567.5662229102168,2342.426749226006,673.9776780185758,6584.704767801858,323
67174,6,67.2x00,5,485.48355329949237,2060.2888324873097,644.5086802030457,6234.151979695431,197
67175,6,67.2x00,6,484.7764864864865,2716.9702702702702,617.7372972972972,6587.216756756757,37
67192,6,67.3201,2,204.86303030303029,1379.9151515151514,343.93757575757576,3437.8481818181817,33
67193,6,67.3201,3,217.46948717948717,1312.1552991452993,376.6118803418803,3271.65452991453,117
67194,6,67.3201,4,250.38013157894736,1707.4142763157895,507.7665131578947,4097.133618421053,152
67195,6,67.3201,5,239.55309210526315,1657.6659868421054,437.29289473684213,3942.7113157894737,152
67196,6,67.3201,6,243.86500000000004,2036.6373333333333,464.63666666666666,4631.270333333333,30
67199,6,67.3202,2,305.1305970149254,1709.5101492537312,312.13671641791046,3780.6114925373136,67
67200,6,67.3202,3,330.5569047619048,1637.8678571428572,256.8338095238095,3691.468888888889,252
67201,6,67.3202,4,253.92302180685357,1637.7383800623054,242.36570093457945,3529.5417133956385,321
67202,6,67.3202,5,252.93139204545457,1767.0591761363635,265.6750284090909,3708.7274715909093,352
67203,6,67.3202,6,239.5958904109589,1790.108904109589,277.8968493150685,3785.2976712328764,73
67205,6,67.3203,2,410.5295454545454,1606.834090909091,610.5195454545454,5338.481818181818,22
67206,6,67.3203,3,652.0718627450981,1555.7765686274508,687.8055882352941,5746.070392156863,102
67207,6,67.3203,4,681.3091534391535,1828.6262433862432,671.9593650793652,6183.4317989418,189
67208,6,67.3203,5,597.56635,1903.3991500000002,669.96145,6056.3201500000005,200
67209,6,67.3203,6,521.0012903225806,2644.8493548387096,801.211935483871,7039.450322580645,31
67216,6,67.3302,3,613.9608333333333,2247.85,1006.8249999999999,7180.443749999999,24
67217,6,67.3302,4,667.0165217391304,2594.308695652174,1171.674347826087,7890.171304347826,23
67226,6,67.3902,2,580.5520833333334,1883.3745833333332,790.7458333333334,6035.18375,24
67227,6,67.3902,3,524.7843877551021,1572.5519387755103,514.2176530612245,5178.9003061224485,98
67228,6,67.3902,4,534.4656547619047,1670.0642261904761,568.3917261904762,5168.167261904762,168
67229,6,67.3902,5,621.1177536231884,2089.542826086956,599.0917391304348,6007.835652173912,138
67238,6,67.3904,3,321.95162162162165,1670.0764864864866,420.344054054054,4187.655405405405,37
67239,6,67.3904,4,205.10903846153846,1800.715,497.07653846153846,4327.806730769231,52
67240,6,67.3904,5,107.22349999999999,1733.693,350.42775,3472.978,40
67282,6,67.5101,3,2724.000952380952,1921.7619047619048,1173.4652380952382,12351.957142857143,21
67288,6,67.5901,2,534.3606122448979,2111.1591836734697,2185.8238775510204,7712.524897959183,49
67289,6,67.5901,3,595.0698863636363,2349.129545454545,2618.0745454545454,9075.527159090909,88
67291,6,67.6100,2,466.61,1665.1408695652174,1033.6295652173912,7121.643478260869,23
67314,6,68.1200x0,2,472.2890825688074,1323.8566055045872,717.3259633027523,5086.27119266055,109
67315,6,68.1200x0,3,382.31084905660373,1447.6317452830187,644.2821698113208,4480.901415094339,212
67316,6,68.1200x0,4,368.5335828877005,1814.7774331550802,640.403101604278,4951.583048128342,187
67317,6,68.1200x0,5,377.38471428571427,1995.471214285714,619.6413571428571,5339.290285714286,140
67318,6,68.1200x0,6,312.1613043478261,1743.3086956521738,574.6765217391304,4496.958260869565,23
67326,6,68.1602,2,569.25,1907.8333333333333,564.8209090909091,6434.041212121213,33
67327,6,68.1602,3,605.4241772151898,1759.9278481012657,644.467088607595,6022.360506329113,79
67328,6,68.1602,4,704.2704545454545,2215.065909090909,879.9068181818183,6589.840227272728,44
67329,6,68.1602,5,748.1189130434783,2285.270434782609,1040.3795652173912,6847.816086956521,46
67339,6,68.2101,2,739.8259999999999,1336.1304242424242,649.2221212121211,5465.524939393939,330
67340,6,68.2101,3,797.3802091503268,1451.626431372549,606.1849019607844,5617.4081307189535,765
67341,6,68.2101,4,694.6919459459459,1599.6661081081081,733.8423783783784,5796.546270270271,185
67342,6,68.2101,5,479.0181818181818,1970.870909090909,621.8709090909091,5825.188363636364,55
67349,6,68.2206,2,1138.7705405405407,1600.2264864864865,788.5354054054054,7771.95081081081,37
67350,6,68.2206,3,1220.4792857142857,1623.9642857142858,742.0135714285715,8690.0375,28
67356,6,68.2300x0,4,4325.1176000000005,2393.76,674.1951999999999,12242.041599999999,25
67363,6,68.2302,3,383.72942307692307,1754.3194230769232,704.2305769230769,7827.156538461539,52
67364,6,68.2302,4,367.08863636363634,1981.7539393939394,802.5470454545454,7769.974090909091,132
67365,6,68.2302,5,442.45297619047625,2116.6583333333333,740.0447619047619,7963.552619047619,84
67378,6,68.2500x0,2,4500.772857142857,3201.738571428571,2622.5257142857145,19933.902380952382,21
67379,6,68.2500x0,3,4981.5369879518075,2886.6692771084336,1665.617951807229,18566.450722891565,83
67380,6,68.2500x0,4,6515.813225806452,3772.8354838709674,3422.298709677419,26151.164838709676,31
67393,6,68.2901,2,2150.534814814815,3355.6200000000003,2075.0833333333335,14466.494444444443,27
67394,6,68.2901,3,2055.583095238095,3211.396,1865.722142857143,14010.477047619048,210
67395,6,68.2901,4,1885.269093078759,3224.5739618138423,1960.9754653937946,14149.670668257757,419
67396,6,68.2901,5,1396.0994736842106,2848.851447368421,1440.0015789473684,11917.381710526315,76
67401,6,68.2903,4,649.2948148148148,1774.789259259259,792.5051851851852,6634.744814814814,27
67406,6,68.2904,3,1816.128260869565,3327.108695652174,1069.608695652174,13861.352391304346,46
67407,6,68.2904,4,1570.1459872611465,3460.5700636942674,1098.7308280254776,14132.676114649681,157
67408,6,68.2904,5,1528.5017021276597,3239.824468085106,1033.3865957446808,13868.653404255318,47
67410,6,68.2905,3,2311.9494999999997,4836.0425000000005,1142.3905,15536.894,40
67411,6,68.2905,4,185.59794520547945,4936.504109589041,1097.833287671233,13487.458630136985,73
67414,6,68.2906,3,2559.2821739130436,3628.0821739130433,2387.5113043478264,16466.534347826087,23
67415,6,68.2906,4,1677.3294444444443,3477.75,1879.6820370370372,13793.650185185184,54
67429,6,68.2912,2,3416.867786885246,3077.3331147540985,1301.6914754098361,16492.268770491803,122
67430,6,68.2912,3,3167.6062032085565,3181.5747593582887,1562.0733155080213,17019.47320855615,561
67431,6,68.2912,4,2808.849637912673,3100.89548455804,1633.117529286475,16025.7409371672,939
67432,6,68.2912,5,2693.002303370786,3178.348876404494,1676.3855056179775,15425.28191011236,178
67437,6,68.2913,2,1072.5552662721893,1691.9443786982247,702.2163905325443,6798.240414201183,169
67438,6,68.2913,3,944.036449704142,1758.3328402366865,761.4999408284024,7154.336390532544,507
67439,6,68.2913,4,1018.0623746312685,1914.0997492625368,786.2989970501475,7622.902610619469,678
67440,6,68.2913,5,959.0181326781327,1961.2831203931203,765.2311793611794,7474.602874692875,407
67441,6,68.2913,6,1013.3866666666668,2198.8860606060607,661.989696969697,7587.083939393939,33
67442,6,68.2913,8,599.5986363636364,2503.414090909091,808.6531818181818,7580.204545454545,22
67447,6,68.2915,2,756.4285840707964,1648.5152718078382,598.3619216182049,6562.080493046776,791
67448,6,68.2915,3,770.890907651715,1668.6854934036937,587.8437836411609,6692.815218997362,1895
67449,6,68.2915,4,711.0842758620689,1817.4959498432602,653.7565642633228,6976.471862068965,1595
67450,6,68.2915,5,672.820498034076,1958.5469331585846,669.8986107470512,7137.880733944954,763
67451,6,68.2915,6,721.5607751937985,2218.1461240310077,706.0181395348837,7520.644186046511,129
67452,6,68.2915,8,699.3376000000001,3134.5888,969.1756,9232.0734,50
67458,6,68.2917,2,875.9717391304348,1780.3757971014493,677.2517391304348,6887.61188405797,69
67459,6,68.2917,3,1022.0192753623188,1986.5375362318841,707.5214492753623,8210.374106280193,207
67460,6,68.2917,4,1068.021328125,2101.513671875,776.975859375,8684.6586328125,256
67461,6,68.2917,5,780.2437058823529,2148.3492352941175,738.1368235294117,8099.726941176471,170
67462,6,68.2917,6,675.2426086956522,3018.521739130435,766.8139130434784,8876.650869565217,23
67470,6,68.3102,4,2390.457155172414,3707.646896551724,1715.675,17516.450775862068,116
67471,6,68.3102,5,2719.133137254902,4026.292156862745,1451.5817647058823,18290.710588235295,51
67484,6,68.3901,4,1764.0694871794874,3234.0787179487183,2102.938974358974,14138.656923076924,78
67485,6,68.3901,5,1696.2657142857145,3805.8196428571428,2865.316428571429,15878.299285714285,28
67494,6,68.4100,3,3559.169213483146,5071.342921348315,2193.282584269663,26035.563146067416,89
67495,6,68.4100,4,2773.4855598455597,4113.036705276705,1946.6087451737453,20205.501512226514,1554
67496,6,68.4100,5,2943.406234054354,4374.844963948974,2054.276622296173,20554.0122739878,1803
67497,6,68.4100,6,3443.4315170278633,5066.721919504644,2171.154705882353,22666.707554179568,323
67498,6,68.4100,8,3765.1753793103453,5326.760275862069,2325.0299999999997,22148.576068965514,145
67502,6,68.4101,5,3334.073947368421,6493.0921052631575,2625.9676315789475,23611.14447368421,38
67506,6,68.4102,4,3140.1667164179107,5002.114427860696,1715.91407960199,21815.262985074627,201
67507,6,68.4102,5,3250.9563440860215,5467.926308243727,1982.08688172043,23153.705268817204,279
67508,6,68.4102,6,4427.3427397260275,5766.379178082192,2070.070273972603,23894.574794520548,73
67509,6,68.4102,8,4280.4334285714285,6588.063428571429,2347.7437142857143,23689.674285714285,35
67515,6,68.4901,3,3564.2067567567565,6523.509189189189,4279.335675675675,29302.383243243243,37
67516,6,68.4901,4,3023.0632425742574,5363.946039603961,3383.483316831683,22658.440816831684,404
67517,6,68.4901,5,3715.9912810707456,6256.869541108987,4173.305717017209,25312.116347992353,523
67518,6,68.4901,6,4361.605675675675,8116.048648648649,4495.64054054054,28933.42675675676,111
67519,6,68.4901,8,4556.221014492754,8648.526666666667,4543.165797101449,29955.604637681157,69
67522,6,68.4902,4,3642.8475,7055.59125,3556.34625,27913.47125,32
67523,6,68.4902,5,4240.0521052631575,7488.33,3248.7777192982453,27232.18649122807,57
67524,6,68.4902,6,5088.002799999999,7353.5424,3205.9952000000003,27496.947200000002,25
67528,6,68.4903,5,3937.8368965517243,8398.203103448277,5250.151379310345,35270.62448275862,29
67539,6,68.5100,4,3141.529090909091,4322.828787878788,1831.2534848484847,20683.372575757578,66
67540,6,68.5100,5,3801.218625,4746.27375,1861.828,22274.35625,80
67541,6,68.5100,6,3362.661818181818,4803.877272727273,2103.6504545454545,22139.499545454546,22
67563,6,68.5901,4,1517.5689655172414,3395.997931034483,2069.1327586206894,14048.254827586208,29
67564,6,68.5901,5,1863.856990291262,3166.04572815534,1793.7932038834952,14025.159611650484,103
67565,6,68.5901,6,1517.0323684210528,3434.9123684210526,1691.572105263158,13176.179561403509,114
67566,6,68.5901,8,1985.7221897810218,3661.221459854015,1691.7488321167882,14585.198394160583,137
67567,6,68.5901,9,1596.2592592592594,4254.497407407407,1683.467037037037,14402.071481481482,27
67570,6,68.6100,5,6681.149743589744,7038.6856410256405,3822.641794871795,37414.278461538466,39
67571,6,68.6100,6,6585.757407407408,7408.070000000001,4339.195555555555,35008.87962962963,27
67575,6,68.6100x0,3,4992.965428571429,7192.682857142857,2858.612857142857,34039.54314285715,35
67576,6,68.6100x0,4,5501.327477477477,7599.036216216216,3402.4882882882885,35652.8881981982,111
67577,6,68.6100x0,5,6302.194387755102,7893.235408163265,3850.95637755102,38194.93086734694,196
67578,6,68.6100x0,6,6652.031764705883,8121.13044117647,3540.6235294117646,37428.721764705886,68
67579,6,68.6100x0,8,6388.9508695652175,7988.302173913044,3452.7313043478266,32981.4847826087,23
67590,6,68.6900x0,3,4173.998571428571,9490.347619047618,5414.931904761905,37122.03071428571,42
67591,6,68.6900x0,4,4774.110638297872,8466.11670212766,4415.601702127659,33851.98617021277,94
67592,6,68.6900x0,5,4385.9145744680845,8619.136968085106,4855.283936170213,33971.43090425532,188
67593,6,68.6900x0,6,4023.8032051282053,8338.47782051282,4519.593461538461,32356.18153846154,78
67594,6,68.6900x0,8,3530.964347826087,8996.928695652174,4054.5547826086954,31625.267826086958,23
67598,6,68.6901,5,3636.054347826087,6246.404347826086,3078.664782608696,24516.404782608697,23
67614,6,69.0100,2,157.19260869565215,975.4608695652173,454.31391304347824,2833.7939130434784,23
67615,6,69.0100,3,249.8796551724138,1113.3862068965518,550.8686206896552,4187.090689655172,29
67618,6,69.0100x0,2,230.25706766917293,1172.681203007519,626.6107518796993,3553.96984962406,133
67619,6,69.0100x0,3,184.0452222222222,1135.002,515.4102777777778,3163.837944444444,180
67622,6,69.0101,2,197.02547619047618,1231.6192857142858,563.0245238095238,3172.3982142857144,84
67623,6,69.0101,3,236.37176000000002,1265.62208,508.58567999999997,3248.65744,125
67624,6,69.0101,4,283.0664,1175.8244,713.2036,3619.6472,25
67627,6,69.0200,2,139.48308823529413,1042.685,398.4133823529412,2735.7064705882353,68
67628,6,69.0200,3,102.24333333333334,1196.376,457.61733333333336,2832.2789333333335,75
67630,6,69.0200x0,1,67.77184210526316,1015.0842105263157,499.1871052631579,2755.192894736842,38
67631,6,69.0200x0,2,126.25959292035398,1075.353575221239,516.3439646017699,2948.8391858407076,565
67632,6,69.0200x0,3,142.71838050314466,1210.2809591194969,567.082893081761,3171.3938836477987,636
67633,6,69.0200x0,4,122.19522222222221,1103.6385555555555,507.5231111111111,2819.930444444444,90
67635,6,69.0201,1,75.5297619047619,996.9633333333334,519.3102380952381,2993.949761904762,42
67636,6,69.0201,2,154.4572074468085,989.379880319149,487.796210106383,2966.0382180851066,752
67637,6,69.0201,3,185.2687482614743,948.9302086230875,488.4174408901252,2971.408525730181,719
67638,6,69.0201,4,194.06990566037734,1078.1504716981133,480.75764150943394,3067.0127358490563,106
67640,6,69.0202,2,229.9104929577465,1497.5873239436619,908.167676056338,5236.142394366197,142
67641,6,69.0202,3,282.4166386554622,1651.8745378151261,1102.244537815126,5599.394537815126,119
67650,6,69.0901,2,142.129375,1708.5357291666667,705.1202083333333,4000.373125,96
67651,6,69.0901,3,148.63951999999998,1873.7398400000002,645.2922,4324.46652,250
67652,6,69.0901,4,150.59309148264984,2146.408485804416,712.2799842271294,4822.962649842271,634
67653,6,69.0901,5,171.12474801061006,2248.434801061008,623.0351458885941,4806.116047745358,377
67654,6,69.0901,6,197.38385714285712,2757.0004285714285,998.6329999999999,5445.140857142857,70
67655,6,69.0901,8,149.71890909090908,3566.747272727273,977.3249090909092,6570.190545454545,55
67658,6,69.0902,2,366.5358333333333,1369.5240000000001,583.5906666666667,3947.0502222222226,180
67659,6,69.0902,3,380.5623244552058,1461.4970944309928,546.8767796610169,4045.4501694915252,413
67660,6,69.0902,4,327.9773399715505,1689.2275960170698,656.1874964438123,4486.372019914651,703
67661,6,69.0902,5,335.7769144144144,1708.5149774774775,658.0773198198199,4462.994301801802,444
67662,6,69.0902,6,854.5354347826088,2469.2865217391304,758.4373913043477,6952.528043478261,46
67663,6,69.0902,8,455.0057692307692,2307.886923076923,734.9438461538462,5824.761153846154,26
67692,6,69.2200x0,5,7611.627096774194,3687.0032258064516,1618.9329032258063,22134.80193548387,31
67693,6,69.2200x0,6,5502.549310344827,3628.7889655172416,1572.4948275862068,19043.21620689655,29
67712,6,69.2212,5,13649.685238095239,2361.8714285714286,1410.81,25311.94142857143,21
67713,6,69.2212,6,14043.407142857142,2976.9333333333334,1498.3938095238095,26772.187619047618,21
67714,6,69.2212,8,14844.073809523808,3925.8380952380953,1278.4271428571428,29529.04238095238,21
67718,6,69.4900x0,3,1712.3043333333335,1892.3166666666666,1405.1646666666668,9243.701,30
67721,6,69.4903,3,2755.0002631578946,2061.0394736842104,1815.0584210526315,14827.440789473685,38
67727,6,69.5100,3,296.6795238095238,1208.0333333333333,473.4195238095238,3676.6514285714284,21
67730,6,69.5101,2,143.24819277108435,739.0924899598393,423.1904819277109,2445.6004016064257,249
67731,6,69.5101,3,233.5199612403101,777.1096899224806,467.02364341085274,2707.066434108527,258
67732,6,69.5101,4,364.61359375,960.7796875,547.459375,3266.60640625,64
67735,6,69.5102,2,271.9374692874693,986.3879606879608,437.0300982800983,2816.4299262899262,407
67736,6,69.5102,3,303.1104175365345,1111.0531941544884,468.681878914405,3143.0381837160753,479
67737,6,69.5102,4,196.00091666666668,1237.0135,475.88433333333336,3021.3254166666666,120
67740,6,69.5103,2,466.90180000000004,1007.3617428571429,718.4847142857143,4030.330657142857,350
67741,6,69.5103,3,574.4880919931857,1146.9638500851788,808.3875468483816,4624.133202725724,587
67742,6,69.5103,4,443.37771084337345,1092.3060240963855,705.5496385542169,4101.702409638554,83
67749,6,69.5201,3,311.6816129032258,2146.0225806451613,1741.2164516129033,8640.875483870968,31
67751,6,69.5202,2,154.37043778801845,1300.9541474654377,525.8450230414746,3200.36900921659,434
67752,6,69.5202,3,186.80139084507042,1515.6771478873238,575.9548415492957,3644.726461267606,568
67753,6,69.5202,4,164.33069767441862,1404.4767441860465,412.74744186046513,3191.15511627907,86
67759,6,69.5901,2,231.73984375,1541.19828125,667.04984375,3826.22078125,64
67760,6,69.5901,3,345.04571428571427,1828.247142857143,669.9765714285714,4354.479714285714,70
67761,6,69.5901,4,183.86315789473684,2228.192105263158,861.3052631578947,4934.004210526316,38
67778,6,69.9100x0,6,156.77260869565217,2539.660869565217,1115.3552173913044,5482.276521739131,23
67779,6,69.9100x0,8,164.62391304347827,3088.6421739130437,1076.1404347826087,6240.029130434783,46
67792,6,70.0x00,2,133.73324675324673,1511.6432467532468,711.0894805194805,3264.8851948051947,77
67793,6,70.0x00,3,88.03114754098361,1791.5308196721312,1131.8454098360658,4091.833278688525,61
67794,6,70.0x00,4,333.16346153846155,2140.8192307692307,1630.7626923076923,5985.492692307692,26
67834,6,70.2100,5,75.3208695652174,3511.9304347826082,954.3339130434782,5680.924347826087,23
67861,6,70.3301,2,588.5782857142858,1884.3414285714284,762.4342857142857,5708.455142857143,35
67862,6,70.3301,3,470.78923076923076,1973.7353846153844,771.9161538461539,6121.374871794872,39
67864,6,70.3301,5,649.2797916666667,2505.797916666667,912.25,6688.053124999999,48
67890,6,70.5001,4,998.1295652173912,2309.906956521739,1592.555652173913,10692.347826086956,23
67891,6,70.5001,5,759.0818309859154,2333.855070422535,1236.3459154929576,9618.743943661972,71
67892,6,70.5001,6,793.5013793103449,2809.3410344827585,1359.2644827586207,10704.35551724138,29
67893,6,70.5001,8,1361.8533333333332,3164.076,1350.0966666666668,10766.322333333334,30
67925,6,70.5305,6,16373.57,2955.274090909091,1458.358181818182,29047.91227272727,22
67946,6,70.7100,2,391.6380597014925,1876.5671641791046,652.6538805970149,5308.371791044776,67
67947,6,70.7100,3,333.23190476190473,1747.8761904761905,558.002380952381,5117.614047619048,42
68005,6,71.0900x0,2,327.77000000000004,1198.185,852.8526923076923,4217.606538461539,26
68014,6,71.0902,2,108.8276923076923,1107.69,646.5723076923077,3151.5315384615383,26
68039,6,71.2200x0,2,235.9449180327869,1277.9344262295083,782.6365573770493,3898.179344262295,61
68040,6,71.2200x0,3,201.82806451612905,1219.9391129032258,742.8645161290323,3645.425483870968,124
68041,6,71.2200x0,4,227.42679389312977,1374.3367175572519,726.9229007633587,3812.0454198473285,131
68042,6,71.2200x0,5,193.94150684931506,1589.2857534246575,724.7475342465754,3952.117397260274,73
68054,6,71.2400x0,4,528.7495454545455,1973.9827272727273,757.7727272727273,5895.478636363637,22
68055,6,71.2400x0,5,577.4320833333333,2319.07875,1037.3387500000001,6522.639166666667,24
68065,6,71.2900x0,2,195.0590909090909,1067.384090909091,594.6190909090909,3179.764545454545,22
68066,6,71.2900x0,3,184.24326923076922,1229.6826923076924,539.9684615384615,3292.4311538461534,52
68067,6,71.2900x0,4,228.03695652173914,1573.3304347826086,784.2841304347826,4099.793695652174,46
68068,6,71.2900x0,5,243.06272727272727,1523.6275757575756,626.3954545454545,3999.9009090909094,33
68078,6,71.3x00x0,4,152.5246153846154,1871.2634615384616,364.17153846153843,4595.840384615385,26
68079,6,71.3x00x0,5,241.0639393939394,1712.6160606060607,312.5933333333333,5615.278484848485,33
68096,6,71.3x04,2,278.00102564102565,1560.8410256410257,528.1025641025641,4196.722564102564,39
68097,6,71.3x04,3,284.5151923076923,1529.7257692307694,343.13750000000005,3939.7330769230766,52
68098,6,71.3x04,4,367.4013333333333,1917.7756666666667,495.84083333333336,5115.553,60
68099,6,71.3x04,5,567.829,2126.8366666666666,597.7905,5899.088333333333,60
68138,6,71.7102,2,207.4279746835443,1468.9243670886076,647.5127215189873,4792.87,158
68139,6,71.7102,3,253.41613445378152,1575.8259663865547,680.8479831932773,5143.233529411765,119
68152,6,71.7900x0,6,14014.18423076923,2889.901923076923,1063.8023076923077,24463.40769230769,26
68167,6,72.0x00,2,465.7321739130435,2154.7939130434784,1263.574347826087,9390.189130434783,23
68170,6,72.1x00,2,711.4446575342465,2084.8645890410958,1362.3295205479453,11833.566575342466,146
68171,6,72.1x00,3,693.4119444444445,1948.4575555555555,1298.3912222222223,11649.7795,180
68183,6,72.7100x0,2,538.9188679245283,2031.7413207547172,890.0141509433962,7583.509433962264,53
68184,6,72.7100x0,3,690.8681395348837,2061.962093023256,895.7581395348836,8548.152558139534,43
68199,6,73.0900x0,2,308.91295774647887,1646.0439436619718,727.5118309859155,5088.747183098591,71
68200,6,73.0900x0,3,237.23538461538462,1642.4433333333334,705.8333333333334,5301.871794871795,39
68208,6,73.1x02,2,310.03761904761905,1207.0904761904762,529.7580952380953,5862.607619047619,21
68211,6,73.4x00,2,49.093939393939394,940.0781818181817,359.57060606060605,2388.6457575757577,33
68212,6,73.4x00,3,113.99948717948719,890.5102564102565,429.4438461538462,2698.13,39
68215,6,73.4x00x0,2,84.15979674796749,1307.7496341463414,604.0536178861789,3221.4090650406506,246
68216,6,73.4x00x0,3,68.5352972972973,1205.7583783783782,533.6998918918919,2961.871297297297,185
68217,6,73.4x00x0,4,50.19035714285714,1590.5432142857142,458.5828571428571,3366.5085714285715,28
68218,6,73.4x01,2,300.3805555555556,2095.113888888889,746.8186111111112,5928.963333333333,36
68225,6,73.4x03,2,57.359756097560975,1063.2780487804878,544.7868292682926,2672.5304878048782,41
68226,6,73.4x03,3,75.26124999999999,1674.17125,1306.284,4130.199500000001,40
68231,6,73.5900,2,300.6190384615385,1495.346346153846,763.0134615384615,5284.427596153846,104
68232,6,73.5900,3,252.26821052631578,1451.1502105263157,811.7322105263157,5658.435578947368,95
68234,6,73.5900x0,1,228.99227272727273,1312.4318181818182,539.5713636363636,5947.25409090909,22
68235,6,73.5900x0,2,303.5602334943639,1496.3243719806765,699.2757246376812,6650.612093397745,1242
68236,6,73.5900x0,3,372.6202883865939,1528.5331488698364,820.3303273577553,6993.677950116914,1283
68237,6,73.5900x0,4,317.60058823529414,1735.6745098039214,817.9209803921569,6676.596862745098,51
68239,6,73.6x00x0,2,358.84236842105264,1286.3773684210528,806.0007894736842,6796.102105263158,38
68240,6,73.6x00x0,3,426.2025,1502.454642857143,1198.3467857142857,7814.148214285714,28
68242,6,73.6x01,1,291.0061224489796,1503.4640816326532,816.0071428571429,5251.430204081633,49
68243,6,73.6x01,2,442.17514570269276,1603.0781704168203,784.5429841386941,7123.563227591295,2711
68244,6,73.6x01,3,479.39174909529555,1706.073431845597,894.5521833534378,8222.68935464415,1658
68253,6,73.8x00x0,2,97.48829268292683,1375.7648780487805,484.73585365853654,3417.0536585365858,41
68254,6,73.8x00x0,3,218.46117647058824,1778.8247058823529,696.2269117647058,4882.686470588235,68
68271,6,74.1x00,2,1831.9631904761907,2359.3899523809523,1623.1738095238095,9681.289476190477,210
68272,6,74.1x00,3,1919.2905976095617,2449.2103984063747,1766.467689243028,10565.55529880478,251
68273,6,74.1x00,4,2087.975238095238,2468.809523809524,1969.8709523809525,11130.91761904762,21
68274,6,74.1x01,1,1464.078,2556.267,2196.552,11052.003555555555,90
68275,6,74.1x01,2,1211.3912885462555,1841.8516587597426,1618.1201584208743,10283.385941206372,11804
68276,6,74.1x01,3,1370.8881368563684,1951.356598915989,1722.8812425474255,11600.865016260163,14760
68277,6,74.1x01,4,1543.172358393409,2226.8457878475797,1989.236395468589,12891.215726055614,971
68279,6,74.1x02,2,1519.5494117647058,2265.3979411764703,1985.1785294117649,11642.754117647059,34
68280,6,74.1x02,3,1467.3606024096387,2438.8009638554217,1876.0613253012048,12508.475662650602,83
68289,6,74.3x00x0,2,916.0053333333333,1480.4328333333333,874.525,6725.549166666667,60
68290,6,74.3x00x0,3,910.3719662921347,1760.3555617977527,829.8378651685395,7307.380617977528,178
68291,6,74.3x00x0,4,604.8688095238095,1958.6680952380952,921.4292857142857,7186.907857142857,42
68297,6,74.3x04,3,1509.4503614457833,2151.5539759036146,1297.3312048192772,10841.794578313253,83
68309,6,74.3x08,3,1896.2462711864407,2649.428813559322,1757.9916949152541,12303.959830508475,59
68312,6,74.3x09,3,405.1081818181819,1184.259090909091,768.8213636363636,5308.546818181818,22
68315,6,74.4x00,2,785.4698837209303,1000.8488372093024,1477.615581395349,8997.804418604652,86
68316,6,74.4x00,3,898.4741025641027,941.1794871794872,1425.3983333333333,9304.344487179487,78
68320,6,74.9100,3,3324.3356666666664,3648.374666666667,2645.9203333333335,19191.171333333335,30
68322,6,74.9900,2,1662.6530555555555,2294.546388888889,2685.3130555555554,13782.295555555556,36
68323,6,74.9900,3,1214.722972972973,1189.654054054054,1850.3616216216217,9840.017567567567,37
68327,6,75.0x00,3,127.27863636363637,1046.290909090909,964.9077272727274,4304.867727272727,22
68334,6,75.0x01x0,2,222.47857142857143,1460.4690476190476,1895.7404761904763,5798.464285714285,21
68337,6,75.0x02,1,119.1644927536232,1261.2889855072465,984.1844927536231,4114.862608695653,69
68338,6,75.0x02,2,145.80668094218416,1382.8638329764456,1073.2297858672378,4503.540706638115,467
68339,6,75.0x02,3,151.39854545454546,1637.0895844155843,1118.5636883116883,5004.1244415584415,385
68340,6,75.0x02,4,85.74962264150945,1330.9224528301886,1013.6701886792453,4289.209622641509,53
68348,6,75.3400,2,50.36865384615385,706.6057692307693,184.22500000000002,2003.7244230769231,52
68349,6,75.3400,3,62.955652173913045,1003.6456521739129,365.2363043478261,2827.052826086957,46
68352,6,75.3400x0,2,61.19652380952381,1586.4879999999998,363.45104761904764,2774.946523809524,210
68353,6,75.3400x0,3,58.94715976331361,1569.1274556213016,398.6387573964497,2976.642603550296,169
68358,6,75.3500x0,3,96.71954545454545,1773.2545454545455,224.46727272727273,3308.9595454545456,22
68366,6,75.4x00x0,2,324.94878048780487,1959.8024390243902,1232.1212195121952,6887.693902439025,41
68367,6,75.4x00x0,3,527.294255319149,2509.258085106383,1932.140425531915,9712.650638297873,47
68372,6,75.5100,2,420.6724731182796,1733.1218279569891,793.4162903225806,6607.153440860216,186
68373,6,75.5100,3,499.89605504587155,1949.3150458715595,917.8267889908257,7769.544770642202,109
68379,6,75.6900,2,475.7301111111111,511.0007777777778,449.1235555555556,3839.3997777777777,90
68380,6,75.6900,3,417.8216867469879,527.1759036144579,448.78409638554217,3484.253734939759,83
68382,6,75.6900x0,1,232.926875,1616.413125,728.5521875000001,5218.088125,32
68383,6,75.6900x0,2,375.83406702208686,1618.481058644326,739.1182939832445,6554.515316070068,1313
68384,6,75.6900x0,3,343.9798002496879,1662.8386641697878,770.2518227215979,6564.439288389513,801
68386,6,75.6902,1,317.80833333333334,1463.0525,601.4822916666667,5262.18375,48
68387,6,75.6902,2,420.3077365119197,1566.564140526976,814.9375131744041,7725.55670012547,3985
68388,6,75.6902,3,408.9624523160763,1600.0274708942284,881.2374386920981,8236.330577161258,4037
68389,6,75.6902,4,371.0323275862069,1616.7524137931034,916.7281896551724,7825.041379310345,116
68396,6,75.6905,2,243.38569620253165,986.3410126582279,644.5269620253164,4549.071265822785,79
68397,6,75.6905,3,204.53055555555554,939.2262962962964,616.8055555555555,4286.749814814814,54
68409,6,75.9200x0,2,396.3745588235294,1631.5173529411763,755.1641176470588,7350.452647058824,68
68410,6,75.9200x0,3,385.8176470588235,1533.3517647058823,562.7232352941177,8064.46294117647,34
68415,6,75.9900,2,276.38,1923.790476190476,697.2990476190477,5502.4457142857145,21
68416,6,75.9900,3,268.51060606060605,2085.787878787879,973.4681818181818,6628.844848484849,33
68419,6,75.9900x0,3,472.3039393939394,4239.563636363637,767.5536363636364,8809.351515151515,33
68459,6,76.2x00x0,1,3575.8068,1685.24,1299.2084,15457.653600000001,25
68460,6,76.2x00x0,2,4829.910961538461,2122.4615384615386,1268.9428846153846,17630.61,52
68461,6,76.2x00x0,3,6984.301206896551,1862.551724137931,1189.7901724137932,19822.412068965517,58
68462,6,76.2x00x0,4,1647.871081081081,1926.3243243243244,1436.9686486486485,14679.317027027026,37
68463,6,76.2x00x0,5,3681.6121250000006,2412.4125,2012.8618749999998,18607.96275,80
68464,6,76.2x00x0,6,4768.006399999999,2151.0,1476.3712,17356.7976,25
68467,6,76.2x01,1,1238.7386363636363,1748.7672727272727,1399.183181818182,10266.531363636364,22
68469,6,76.2x01,3,1398.7763636363636,1938.6,2206.2981818181815,11805.959090909091,22
68471,6,76.2x01,5,2654.7337209302327,2279.8767441860464,2063.2513953488374,13463.642325581395,43
68480,6,76.2x02,5,1409.3311363636365,2055.3570454545456,2142.1788636363635,11720.504545454545,44
68487,6,76.2x04,1,1527.5539130434781,1960.2521739130436,1544.0939130434783,11294.259565217391,23
68488,6,76.2x04,2,1111.0902127659574,1519.644255319149,1502.4651063829788,10243.887021276596,47
68489,6,76.2x04,3,1165.496875,1610.371875,1797.191875,10168.776875,32
68491,6,76.2x04,5,1979.8426666666667,1995.8776666666668,1809.5096666666666,11655.242333333334,30
68572,6,76.650199,2,27920.517083333336,20967.041666666668,1660.6641666666667,82105.54791666666,24
68613,6,76.7201,5,22860.934074074074,4315.824814814815,6934.592592592592,46839.95518518519,27
68651,6,76.7401,5,29020.555454545454,4188.738636363636,3807.396818181818,48663.84681818181,22
68677,6,76.7602,2,21903.609999999997,3502.0913043478263,3949.810434782609,39807.788260869565,23
68678,6,76.7602,3,16851.6275,6629.560416666667,4715.57625,43573.25791666666,24
68680,6,76.7602,5,18138.771538461537,3883.0334615384613,5837.8515384615375,38583.55192307692,26
68740,6,76.9700,2,661.6916216216216,1686.0135135135135,716.357027027027,10455.228918918918,37
68813,6,77.1500x0,3,13872.779166666667,3139.0325,2537.6,25890.833333333332,24
68870,6,77.2800x0,5,7912.400625,2722.10625,1769.8021875,22527.42375,32
68972,6,77.4904,5,2442.1847619047617,7075.673809523809,2725.254761904762,17694.08619047619,21
69069,6,77.6501,1,5879.46511627907,3270.7909302325584,1509.9693023255813,20780.69488372093,43
69070,6,77.6501,2,10269.269310344827,4286.1841379310345,2807.0237931034485,28037.406206896554,29
69071,6,77.6501,3,12611.735666666667,5282.655333333333,4965.954333333333,41226.84166666667,30
69072,6,77.6501,4,16174.851304347827,6542.717391304348,4961.064347826087,45691.766521739126,23
69073,6,77.6501,5,11240.487142857142,6169.739142857143,5230.261428571428,37001.73657142857,35
69089,6,77.6701,1,3057.3289999999997,3395.2980000000002,1667.4656666666667,16529.167666666664,30
69092,6,77.6701,4,10100.210952380952,4906.9971428571425,5638.76619047619,36229.54142857143,21
69093,6,77.6701,5,8849.983541666666,4817.076666666667,4910.436041666667,30017.904791666664,48
69094,6,77.6701,6,10625.862,4870.9308,4810.3144,34194.888,25
69110,6,77.6800x0,5,3536.2811428571426,2984.308,1955.3899999999999,14183.137714285715,35
69133,6,77.6900x0,2,17182.0421875,8199.886875,9702.917187500001,51342.1796875,32
69134,6,77.6900x0,3,13814.418181818182,5782.270909090908,5680.3154545454545,37338.78272727272,22
69135,6,77.6900x0,4,16886.609722222223,5663.644444444445,4173.082777777778,41027.39194444445,36
69136,6,77.6900x0,5,17086.77603448276,6054.211551724138,6138.379310344828,41738.67844827587,58
69137,6,77.6900x0,6,14701.767777777779,7476.2427777777775,5504.633194444445,39181.415555555555,72
69138,6,77.6900x0,8,11791.82690140845,4866.879859154929,3203.9071830985918,28212.778591549297,71
69556,6,78.5900x0,5,25675.85166666667,6067.045,6219.296,59248.973333333335,30
69594,6,78.6103,1,872.6957500000001,1176.5639999999999,880.89725,6213.867,40
69595,6,78.6103,2,806.6508,1601.4612,1298.8774666666666,7634.335466666667,75
69596,6,78.6103,3,793.83512,1534.85296,1230.2036799999998,7090.23528,125
69597,6,78.6103,4,704.0994607843138,1459.4613235294116,1110.2604411764705,6641.599852941177,204
69598,6,78.6103,5,803.7321913580247,1459.6176234567902,1146.5802160493827,6774.843148148148,324
69599,6,78.6103,6,634.7954198473283,1605.749923664122,1021.6889312977099,6536.0232824427485,131
69600,6,78.6103,8,572.8588,1806.5972,1436.3383999999999,7085.9244,25
69607,6,78.6105,4,1164.557619047619,1960.1219047619047,3012.582857142857,10787.506190476191,21
69608,6,78.6105,5,1244.318703703704,2148.0916666666667,2108.149259259259,10424.788148148149,54
69618,6,78.6201,0,631.2816239316239,1091.5910256410257,495.43555555555554,5390.343333333333,117
69619,6,78.6201,1,938.3533333333334,1251.6413636363636,797.9028787878788,6725.986666666667,66
69620,6,78.6201,2,1003.4923404255319,1650.9893617021276,1222.0117021276596,8007.637446808511,47
69621,6,78.6201,3,841.1146391752577,1624.989175257732,1214.9668041237114,7966.418865979382,97
69622,6,78.6201,4,882.2432478632479,1562.1909401709402,1542.8676923076923,7850.471538461539,117
69623,6,78.6201,5,893.0095256916997,1609.4203557312253,1358.244901185771,7699.826007905138,253
69624,6,78.6201,6,863.0037398373984,1694.87918699187,1303.208943089431,7845.936178861789,123
69625,6,78.6201,8,1211.63275,2244.64475,1858.6865000000003,9823.797,40
69637,6,78.6301,0,922.4217647058823,1132.6517647058822,627.9882352941177,6232.303529411765,34
69638,6,78.6301,1,879.6162962962962,1299.122037037037,677.9764814814815,6123.846296296297,54
69639,6,78.6301,2,995.762,1645.892,1362.2684,8374.484400000001,50
69640,6,78.6301,3,800.9542222222223,1545.0965555555556,1045.5983333333334,6973.411555555556,90
69641,6,78.6301,4,805.1063945578231,1478.6162585034012,1189.662380952381,7052.5085714285715,147
69642,6,78.6301,5,810.7503862660944,1631.2960944206009,1204.5560944206009,7569.460729613735,233
69643,6,78.6301,6,848.7980952380952,1808.404476190476,1291.7221904761905,7802.158476190476,105
69644,6,78.6301,8,528.3755882352941,2103.125882352941,1228.395882352941,7493.311176470588,34
69651,6,78.6303,0,894.5496296296296,1166.4296296296295,550.2374074074074,6101.982962962963,27
69652,6,78.6303,1,621.8565625,1226.18,510.185,5622.8196875,32
69653,6,78.6303,2,691.2791111111111,1527.855111111111,1067.5606666666667,7174.269333333334,45
69654,6,78.6303,3,785.6093220338983,1619.5269491525423,1056.4201694915255,7203.502372881356,59
69655,6,78.6303,4,673.2095161290322,1591.8812903225805,1157.4162903225806,7184.272096774193,62
69656,6,78.6303,5,801.7493000000001,1556.0186999999999,1268.1295,7562.896,100
69657,6,78.6303,6,690.9208695652175,1602.0334782608695,1260.5769565217392,7366.914565217391,46
69671,6,78.6403,2,986.4497674418603,1311.123953488372,812.0279069767442,7159.752325581396,43
69672,6,78.6403,3,530.5862295081967,1580.9265573770492,919.6849180327869,6737.319016393443,61
69673,6,78.6403,4,417.86260869565217,1484.2232608695654,880.2460869565217,6294.791956521739,46
69674,6,78.6403,5,444.2287301587302,1479.145238095238,994.1220634920635,6002.049047619048,63
69679,6,78.6501,0,1333.67873015873,1522.3968253968253,642.8776190476191,7816.163650793651,63
69680,6,78.6501,1,1716.5443902439026,1715.5290243902439,1202.919024390244,9834.800487804878,41
69681,6,78.6501,2,1450.4834782608698,1773.6003260869566,1577.7888043478263,9373.543260869565,92
69682,6,78.6501,3,1662.3372173913044,1911.6475652173913,1689.3139999999999,10171.31947826087,115
69683,6,78.6501,4,1298.8125874125874,1907.7816783216786,1734.327972027972,9497.526923076925,143
69684,6,78.6501,5,1182.0538009049774,1869.443619909502,1619.240995475113,9201.046063348416,221
69685,6,78.6501,6,828.4889999999999,1930.7756666666667,1459.2976666666668,8348.194444444445,90
69686,6,78.6501,8,658.280294117647,2399.990588235294,1519.0994117647058,9152.31794117647,34
69705,6,78.6601,2,758.4007692307694,1453.6011538461537,1385.833076923077,7124.848461538461,26
69706,6,78.6601,3,731.2379746835444,1680.0613924050633,1054.8815189873417,7040.908227848101,79
69707,6,78.6601,4,486.94938053097343,1471.0422123893804,1008.1786725663717,6395.550619469026,113
69708,6,78.6601,5,679.6028301886793,1657.0681132075472,1189.6963396226415,7088.355698113208,265
69709,6,78.6601,6,564.500974025974,1755.7335064935066,998.8787662337661,6927.339025974025,154
69710,6,78.6601,8,659.8056790123456,1941.3593827160491,1195.8017283950617,7226.36913580247,81
69719,6,78.6700,5,833.49,1693.4321428571427,1536.7296428571428,8755.502142857144,28
69722,6,78.6701,0,1052.3545161290322,1046.8370967741935,506.87612903225806,6168.17870967742,31
69723,6,78.6701,1,694.7445901639344,1397.2326229508196,661.4580327868853,6847.697540983607,61
69724,6,78.6701,2,751.3768867924528,1495.4814150943396,1223.7387735849056,7587.028018867924,106
69725,6,78.6701,3,822.7428968253968,1590.192341269841,1217.3821825396826,7723.0828174603175,252
69726,6,78.6701,4,983.0189835164836,1631.0898076923074,1407.2274175824177,8172.958104395604,364
69727,6,78.6701,5,891.5927358490566,1748.6777044025157,1391.783364779874,8486.711855345913,636
69728,6,78.6701,6,810.8688118811881,1809.2986633663368,1287.2340594059406,8124.646534653466,202
69729,6,78.6701,8,1627.3156923076924,2062.9036923076924,1822.7556923076922,11069.052153846154,65
69737,6,78.6702,5,557.709090909091,1931.4,1541.1036363636363,8880.160000000002,22
69742,6,78.6703,2,538.2603333333333,1538.3266666666668,1177.2176666666667,6832.335666666667,30
69743,6,78.6703,3,575.9444736842105,1478.8736842105263,1034.9005263157894,6716.0323684210525,38
69744,6,78.6703,4,550.264358974359,1467.7951282051283,829.8664102564103,7014.128205128205,39
69745,6,78.6703,5,538.2484705882354,1459.7415294117648,958.775294117647,6551.337058823529,85
69746,6,78.6703,6,634.8319047619048,1829.9233333333334,988.8352380952381,7309.353333333333,21
69750,6,78.6705,1,950.0458333333333,1191.0825,846.8097222222223,6534.788611111111,36
69751,6,78.6705,2,586.9619463087248,1417.6941610738254,917.0274496644295,6512.975302013422,149
69752,6,78.6705,3,595.0003738317757,1428.699018691589,949.2056542056075,6511.294626168225,214
69753,6,78.6705,4,571.77895,1452.6673,1055.01755,6724.1326,200
69754,6,78.6705,5,707.8910882352941,1605.0659705882354,1277.5431176470588,7467.127794117648,340
69755,6,78.6705,6,629.7814379084967,1796.5787581699346,1138.4112418300654,7734.082352941177,153
69756,6,78.6705,8,471.94344827586207,1900.4082758620689,1072.2893103448275,7338.348965517242,29
69773,6,78.6800x0,3,1026.6428301886792,1505.56320754717,1026.0837735849057,7608.09320754717,53
69774,6,78.6800x0,4,723.7361224489796,1542.2484693877552,1289.2594897959184,7571.397551020408,98
69775,6,78.6800x0,5,718.6177272727273,1568.5413636363635,1345.122121212121,7509.241893939394,132
69776,6,78.6800x0,6,862.5500000000001,1690.0989285714284,1643.7935714285716,8537.494999999999,28
69781,6,78.6801,4,683.0928,1533.144,1015.2228,6971.022800000001,25
69782,6,78.6801,5,665.8592857142858,1787.1664285714287,817.0564285714287,7486.098214285715,28
69789,6,78.6803,2,723.5764705882353,1517.209411764706,944.9488235294117,6919.541176470588,34
69790,6,78.6803,3,475.6519607843137,1315.0492156862745,701.5364705882353,5951.970980392157,51
69791,6,78.6803,4,631.7230188679246,1408.1964150943397,1076.2047169811322,6724.637358490567,53
69792,6,78.6803,5,602.9968918918919,1421.5966216216216,1072.4677027027028,6800.840675675676,74
69793,6,78.6803,6,494.7304545454545,1803.56,1222.2722727272728,7493.960454545455,22
69806,6,78.6900x0,3,1149.9821621621622,1780.7870270270269,1545.2929729729728,9025.103243243244,37
69807,6,78.6900x0,4,1183.6322340425534,1928.4411702127659,1754.1791489361701,9439.041489361702,94
69808,6,78.6900x0,5,1153.798275862069,2012.6421379310343,1960.7637931034483,9969.772413793104,145
69809,6,78.6900x0,6,1596.6101886792453,2426.830188679245,1717.3071698113208,10685.396792452832,53
69817,6,78.6901,5,1916.9281818181817,2147.4622727272726,2473.0668181818182,13611.273181818182,22
69827,6,78.6903,2,247.27714285714288,1186.282857142857,611.2057142857142,4933.619285714286,28
69828,6,78.6903,3,297.4152272727273,1103.8897727272727,789.2143181818182,5140.179999999999,44
69829,6,78.6903,4,621.380579710145,1244.2376811594202,960.484347826087,6198.802608695652,69
69830,6,78.6903,5,259.9941463414634,1249.0358536585366,863.8303658536585,5553.121951219512,82
69831,6,78.6903,6,220.42045454545453,1328.1813636363638,763.4054545454546,5085.594545454545,22
69839,6,78.6905,5,344.045,1421.1781818181819,956.8272727272728,6313.802727272728,22
69843,6,78.6907,2,1609.4747457627118,2047.889152542373,2386.526779661017,11433.766779661017,59
69844,6,78.6907,3,1451.309230769231,2109.7989010989013,2351.323296703297,10981.282967032967,91
69845,6,78.6907,4,1373.9749056603773,1970.1461320754715,1980.1619811320757,10100.337216981134,212
69846,6,78.6907,5,1415.1103096539161,2041.151821493625,1940.1798178506374,10109.469380692168,549
69847,6,78.6907,6,1353.3695205479453,2018.9072602739727,2028.9001369863013,10042.037808219178,146
69914,6,79.0201,1,228.7206896551724,1116.0810344827585,617.0279310344828,4812.81275862069,29
69918,6,79.0201,5,527.7184722222223,1851.4431944444445,1261.163611111111,6431.506111111111,72
69919,6,79.0201,6,762.3720930232558,1611.131395348837,939.7827906976745,6195.416046511628,43
69920,6,79.0201,8,119.11036363636363,1510.1552727272726,1156.5847272727272,5465.328545454546,55
69921,6,79.0201,9,274.81193548387097,2535.187096774194,1663.8229032258064,8105.104516129032,31
70009,6,79.1100x0,0,3190.116521739131,1654.5021739130434,709.2035652173913,11650.20356521739,115
70010,6,79.1100x0,1,3249.8184,1851.3788,1139.4995999999999,12297.344,25
70022,6,79.1200x0,0,4258.823333333334,1844.8454545454547,627.9196969696969,14221.273030303031,33
70023,6,79.1200x0,1,4343.788727272728,1840.1509090909092,972.8996363636364,13957.039090909091,55
70054,6,79.1400x0,3,2085.162857142857,1500.9285714285713,1932.6338095238093,10090.214285714286,21
70056,6,79.1400x0,5,1279.9771428571428,1659.452380952381,1789.4,9278.504761904762,21
70065,6,79.1500,8,11031.750263157895,5582.043947368421,5122.747105263157,33819.88578947368,38
70066,6,79.1500,9,12575.721230769232,7566.094153846154,5728.168769230769,39198.742,65
70068,6,79.1500x0,1,10407.024000000001,4790.013333333333,3598.7039999999997,31557.26366666667,30
70070,6,79.1500x0,3,8939.835,3691.152777777778,3574.3277777777776,30070.9925,36
70071,6,79.1500x0,4,12739.40923076923,5361.132615384616,4953.979230769231,35397.518923076925,65
70072,6,79.1500x0,5,12017.087604166665,4803.9475,4356.3740625,34295.60864583334,192
70073,6,79.1500x0,6,12376.57679738562,5286.536339869282,4475.09568627451,34150.940588235295,153
70074,6,79.1500x0,8,13598.987056856187,6207.520802675585,4754.955986622074,37445.88200668897,299
70075,6,79.1500x0,9,14426.189817880795,7381.350496688742,5115.893046357616,39121.087384105966,604
70081,6,79.1600x0,0,8022.19037037037,2230.720740740741,1292.5796296296296,18646.037407407406,27
70082,6,79.1600x0,1,8715.712333333333,2349.5330000000004,1883.1683333333333,21670.652000000002,30
70083,6,79.1600x0,2,15579.173913043478,5350.213913043478,4654.171304347826,35619.93869565217,23
70084,6,79.1600x0,3,14619.313725490196,4276.153921568628,4248.473333333333,34956.816666666666,51
70085,6,79.1600x0,4,14632.485714285713,3436.5769642857144,3943.373392857143,33947.04857142857,56
70086,6,79.1600x0,5,17754.327108433732,4507.347108433735,5270.243614457831,39211.00602409639,83
70087,6,79.1600x0,6,15817.194038461537,4853.953461538461,6027.7225,40285.826346153844,52
70112,6,79.1700x0,5,9954.172424242424,3580.548484848485,3913.5157575757576,27513.089696969695,33
70241,6,79.3100,0,1059.1820370370372,1821.0,584.7316666666667,11821.068888888889,54
70246,6,79.3100,5,12610.55409090909,3466.8390909090913,2938.187727272727,26804.68363636364,22
70250,6,79.3100x0,0,3499.291899224806,1867.8376356589147,985.1116279069767,13712.516860465117,258
70251,6,79.3100x0,1,7170.4620610687025,2401.67572519084,1910.0109160305342,19722.50992366412,131
70252,6,79.3100x0,2,15836.262647058826,4059.3185294117643,5337.453088235294,39135.38205882353,68
70253,6,79.3100x0,3,14673.80118181818,3428.0212727272724,3933.5774545454547,32615.509636363637,110
70254,6,79.3100x0,4,15058.995085714287,3511.123657142857,4139.370914285714,33483.46868571429,175
70255,6,79.3100x0,5,15186.49498480243,4053.6331306990883,4471.669392097265,33977.35167173252,329
70256,6,79.3100x0,6,15022.538692307693,4089.154730769231,3990.0863846153843,34096.244576923076,260
70257,6,79.3100x0,8,14926.251678571429,4591.879857142858,3752.2472857142857,33471.788321428576,280
70258,6,79.3100x0,9,14941.335748031497,5270.760393700787,3896.6656692913384,35249.98889763779,127
70259,6,79.3101,0,1870.2410169491525,1967.347966101695,821.3816949152542,12418.069830508475,59
70260,6,79.3101,1,3449.9666666666667,2170.0261904761905,1050.4257142857143,14207.934285714286,21
70263,6,79.3101,4,14060.488095238095,3451.881904761905,3473.345714285714,29461.675714285713,21
70264,6,79.3101,5,13619.503898305084,3472.0433898305087,3648.088474576271,30644.67593220339,59
70265,6,79.3101,6,14282.967608695652,4582.304782608696,3414.929347826087,32751.373260869565,46
70266,6,79.3101,8,14085.324107142858,4936.9548214285705,3723.0405357142854,32332.291250000002,56
70277,6,79.3200,1,10059.791304347827,1839.013043478261,1839.718695652174,20183.54086956522,23
70281,6,79.3200,5,13176.462592592592,3767.4888888888886,4107.9537037037035,28950.644074074076,27
70285,6,79.3200x0,0,6166.516315789474,1845.5963157894737,951.3194736842105,16159.909736842104,76
70286,6,79.3200x0,1,9934.732222222223,2242.5396732026143,1668.204705882353,21471.015555555554,153
70287,6,79.3200x0,2,14799.15932330827,3340.08962406015,4539.47977443609,33693.603834586465,133
70288,6,79.3200x0,3,11810.49656862745,3049.0307843137257,3069.554215686275,28215.053921568626,204
70289,6,79.3200x0,4,13608.439362549801,3454.6421912350597,3593.23203187251,30949.048207171312,251
70290,6,79.3200x0,5,12236.757773584906,3285.2636603773585,3691.324471698113,28269.210735849054,530
70291,6,79.3200x0,6,12462.981929824562,3284.2723859649122,3150.49950877193,28096.00705263158,285
70292,6,79.3200x0,8,12025.019006622517,3982.495562913907,3515.9194701986753,29212.213642384104,151
70293,6,79.3200x0,9,10528.993333333334,4400.679259259259,2824.3844444444444,25814.08962962963,27
70295,6,79.3201,1,9623.945217391303,2364.7869565217393,1736.8108695652174,21357.003913043478,23
70296,6,79.3201,2,12450.805714285714,2714.7714285714283,2453.157619047619,25755.904285714285,21
70297,6,79.3201,3,10862.515277777777,2961.708888888889,2601.5280555555555,24210.52888888889,36
70298,6,79.3201,4,10050.5635,3409.2815,3409.79325,24761.9515,40
70299,6,79.3201,5,12244.290779220779,3016.3090909090906,3196.732337662338,26288.092987012988,77
70300,6,79.3201,6,13632.2840625,3737.40625,3651.6125,30100.3615625,32
70301,6,79.3201,8,13922.207419354838,4155.448387096774,4728.905483870968,32737.011290322578,31
70306,6,79.3202,3,6920.651785714285,2680.839285714286,2610.8835714285715,19632.77,28
70308,6,79.3202,5,12544.414545454545,3288.1663636363637,2554.655,28224.42909090909,22
70320,6,79.3300x0,1,5497.643888888889,1596.2622222222224,1449.826388888889,12667.217222222222,36
70321,6,79.3300x0,2,6928.203636363636,1996.9387878787877,1859.7722727272728,16644.789090909093,66
70322,6,79.3300x0,3,7605.546,2239.5637500000003,1955.9173749999998,17738.564000000002,80
70323,6,79.3300x0,4,6605.665,2141.496724137931,2174.256724137931,17308.455,58
70324,6,79.3300x0,5,6471.488131868133,2313.1042857142857,2385.5510989010986,17998.02956043956,91
70325,6,79.3300x0,6,7852.7590625,2438.9215625,2833.1659375,20443.3878125,32
70347,6,79.3400x0,0,1517.999696969697,1071.5824242424242,656.1069696969697,8378.452727272728,33
70348,6,79.3400x0,1,2229.851304347826,1331.5086956521739,907.4952173913043,8992.647826086957,23
70349,6,79.3400x0,2,3594.041971830986,1579.5415492957745,1720.6685915492958,12662.35985915493,71
70350,6,79.3400x0,3,2839.578139534884,1271.0586046511628,1652.6430232558141,11159.206201550389,129
70351,6,79.3400x0,4,2779.037215189873,1521.2456329113925,2154.950379746835,12240.851962025317,158
70352,6,79.3400x0,5,3238.8009313725493,1383.8717156862747,1810.1684313725489,12209.257401960784,204
70353,6,79.3400x0,6,2804.606111111111,1573.0953703703703,1990.2285185185185,11463.54037037037,54
70361,6,79.3401,5,3171.1324,1942.1152,4185.2364,14892.5352,25
70373,6,79.3500x0,0,11887.2725,4302.256166666667,2342.163833333333,31214.164833333332,60
70374,6,79.3500x0,1,14639.00274509804,7808.39568627451,6976.540588235293,50259.04235294118,51
70375,6,79.3500x0,2,22283.681587301588,9169.426984126985,10309.991746031747,64024.61158730158,63
70376,6,79.3500x0,3,22073.15985915493,5898.415774647888,6582.236478873239,52785.245070422534,71
70377,6,79.3500x0,4,18684.428604651162,6100.001395348838,6859.690542635659,52560.09418604652,129
70378,6,79.3500x0,5,19899.310769230768,6304.371638795987,7005.346588628762,50645.879598662206,299
70379,6,79.3500x0,6,18146.4336,6179.172622222222,5856.064577777778,44221.0696,225
70380,6,79.3500x0,8,18214.527531249998,6923.12671875,6323.512968749999,45382.025093749995,320
70381,6,79.3500x0,9,15946.014628820962,7664.817794759825,5039.948777292577,41853.872248908294,458
70386,6,79.3501,4,15396.884166666665,5130.929166666667,3835.440416666667,37670.354583333334,24
70387,6,79.3501,5,13754.549016393443,5484.044262295082,3992.0885245901636,36665.836721311476,61
70388,6,79.3501,6,15197.305892857143,6140.845892857143,4570.286428571429,38988.195178571434,56
70389,6,79.3501,8,18119.659019607843,7142.446666666668,4904.42431372549,43034.48137254902,51
70390,6,79.3501,9,14174.920147058823,8029.972058823529,4318.688676470589,40010.18411764706,68
70394,6,79.3600,3,20977.315,3934.8,4022.8536363636363,41836.37272727273,22
70395,6,79.3600,4,18002.467187500002,4002.2087500000002,4191.410625,37472.3471875,32
70396,6,79.3600,5,17826.80754716981,4978.025660377358,5040.696226415095,41680.32301886793,53
70398,6,79.3600,8,17059.893636363635,6043.235757575758,6344.298484848485,45345.49333333333,33
70400,6,79.3600x0,0,11301.283333333335,2386.8521428571426,1939.0066666666667,24511.722619047618,42
70401,6,79.3600x0,1,11675.153144104803,3396.3749344978164,2465.912576419214,28758.54995633188,229
70402,6,79.3600x0,2,15412.068794326242,3753.321985815603,3892.8633333333332,34203.25230496454,282
70403,6,79.3600x0,3,15281.693122171946,3758.0443665158373,4330.57221719457,37087.36705882353,442
70404,6,79.3600x0,4,16905.769982517482,3941.4892307692303,5098.445437062937,38551.4920979021,572
70405,6,79.3600x0,5,17087.511298174442,4186.622799188641,5029.606338742393,38898.64824543611,986
70406,6,79.3600x0,6,17661.620465587042,5160.135789473685,5835.53524291498,42510.03714574899,494
70407,6,79.3600x0,8,17652.534909090908,5610.412036363637,5756.3974181818185,42407.469745454546,275
70408,6,79.3600x0,9,19363.23157894737,7438.500701754386,7635.112280701755,50214.97403508772,57
70410,6,79.3601,1,13389.322857142857,3199.631428571429,2671.1614285714286,30093.816428571427,28
70412,6,79.3601,3,13089.02825,3827.71,4019.5152500000004,32735.39075,40
70413,6,79.3601,4,14782.370833333332,3960.4955,4534.383666666667,34406.477666666666,60
70414,6,79.3601,5,16561.512720000002,4110.85392,4990.97992,38019.01872,125
70415,6,79.3601,6,20695.33,7458.352857142857,9157.516734693878,57017.581020408164,49
70416,6,79.3601,8,16702.275,6723.669444444445,5398.815277777778,44109.554444444446,36
70432,6,79.3603,1,10066.384666666667,3211.4566666666665,1981.5713333333333,24327.263,30
70433,6,79.3603,2,11909.236799999999,3530.348,2302.065,27324.5058,50
70434,6,79.3603,3,11488.948275862069,3738.610689655173,3096.069482758621,28864.736379310343,58
70435,6,79.3603,4,12840.28425531915,3257.056170212766,2836.673191489362,29359.27765957447,47
70436,6,79.3603,5,14715.37,4162.419238095238,3554.0990476190477,32572.628285714287,105
70437,6,79.3603,6,11089.368412698412,3864.913650793651,3099.318888888889,28699.24603174603,63
70442,6,79.3604,3,6538.548222222222,3542.904444444445,3658.971777777778,23463.00088888889,45
70443,6,79.3604,4,4555.1197999999995,3033.961,3043.9538000000002,18396.8392,50
70444,6,79.3604,5,5204.509212598426,3158.347401574803,3162.5294488188974,19426.090393700786,127
70445,6,79.3604,6,4966.703863636364,3166.804204545455,2692.080681818182,18690.260113636363,88
70446,6,79.3604,8,6752.234545454545,4074.093636363636,3486.7045454545455,22918.027454545456,55
70447,6,79.3604,9,6791.931666666667,4774.038666666666,3597.6646666666666,23384.519333333334,30
70456,6,79.3700x0,1,13644.03043478261,3613.08,3279.7782608695657,30949.427826086954,23
70457,6,79.3700x0,2,11537.309622641511,2956.8077358490564,3604.278113207547,27945.55188679245,53
70458,6,79.3700x0,3,12183.12220689655,3320.3639999999996,4014.523862068965,29456.803586206894,145
70459,6,79.3700x0,4,12144.981690140845,3153.938591549296,3983.911502347418,29675.49328638498,213
70460,6,79.3700x0,5,11985.590257234726,3389.1005466237943,4420.135209003216,30235.99022508039,311
70461,6,79.3700x0,6,11184.682783505154,3972.574742268041,4777.266701030928,31859.694536082476,97
70462,6,79.3700x0,8,13858.413055555555,3882.9591666666665,4181.753333333333,31367.619166666667,36
70483,6,79.3800x0,3,5312.675,1994.6135,2269.669,17595.48225,40
70484,6,79.3800x0,4,4088.156666666667,1489.4127272727274,2699.000606060606,15554.726060606059,33
70485,6,79.3800x0,5,2925.232857142857,2044.6907142857142,2801.642142857143,13937.759285714286,42
70494,6,79.3900,5,8630.206829268292,4767.592439024391,5355.701707317073,28526.623658536588,41
70495,6,79.3900,6,9800.218518518519,3907.4785185185183,3648.771851851852,26600.962962962964,27
70498,6,79.3900x0,0,5436.67,1507.81,924.6433333333332,12742.30761904762,21
70499,6,79.3900x0,1,8745.176697247707,2404.506513761468,2265.4023853211006,21442.64724770642,109
70500,6,79.3900x0,2,11161.195874125875,4177.593216783216,4103.645034965035,31004.435314685314,143
70501,6,79.3900x0,3,12622.03836501901,4121.36288973384,4709.162813688213,32862.25855513308,263
70502,6,79.3900x0,4,11792.747232876713,4654.720219178082,4961.050356164384,32684.186273972602,365
70503,6,79.3900x0,5,12073.719521963825,4854.174056847545,5480.221227390181,34318.498720930234,774
70504,6,79.3900x0,6,11763.214617414247,4939.847124010555,4961.421240105541,32713.23968337731,379
70505,6,79.3900x0,8,11764.220115384614,5826.373615384615,6014.707846153847,36375.88080769231,260
70506,6,79.3900x0,9,11281.21125,7009.1995,5288.30025,37731.38325,40
70525,6,79.3903,4,17433.353958333333,5187.216666666666,5814.264166666667,40547.0875,48
70526,6,79.3903,5,19501.095213675213,6222.305982905983,7303.2031623931625,46082.14974358974,117
70527,6,79.3903,6,20545.766875,7527.511666666666,7927.444583333333,49385.70208333334,48
70528,6,79.3903,8,21459.21827586207,11458.901034482758,10679.641379310344,62661.21068965517,29
70533,6,79.3904,3,10154.54111111111,2618.818148148148,2688.3811111111113,22014.664074074077,27
70534,6,79.3904,4,8697.456206896552,2699.4720689655173,2985.478620689655,21186.97206896552,29
70535,6,79.3904,5,10026.130384615386,3197.9805769230766,3405.7038461538464,24512.285192307692,52
70536,6,79.3904,6,9343.021714285715,4211.433142857143,4330.513428571428,26967.966285714283,35
70553,6,79.6000,5,2304.3809677419354,1402.2125806451613,1865.314193548387,12217.18612903226,31
70582,6,79.6400,3,1185.8342857142857,1288.6154285714285,1867.2465714285715,8228.345714285713,35
70583,6,79.6400,4,647.7592682926829,1192.9431707317074,1328.9943902439024,6555.816585365853,41
70584,6,79.6400,5,756.015,1308.427741935484,1595.9548387096775,7043.676290322581,62
70683,6,79.8100x0,4,10782.831428571428,3288.9885714285715,3022.170285714286,25400.971142857143,35
70684,6,79.8100x0,5,9997.437037037038,3115.366913580247,3102.2354320987656,25061.728271604938,81
70685,6,79.8100x0,6,10881.944074074074,3632.3951851851853,2420.550740740741,23370.07148148148,27
70728,6,79.8500x0,0,5581.2875510204085,2659.4342857142856,1046.6565306122448,33857.08612244898,49
70767,6,79.8900x0,5,28118.504545454543,5382.960909090909,4747.862272727273,52208.05090909091,22
70848,6,80.1604,5,2393.7521428571426,3558.1666666666665,1680.1878571428572,17780.43642857143,42
70849,6,80.1604,6,2747.3452173913042,3170.595652173913,1335.2139130434784,15784.270869565216,23
70886,6,80.2600,4,5242.359285714286,3508.9035714285715,2443.8657142857146,19050.712499999998,28
70887,6,80.2600,5,3787.9341379310345,3587.3250000000003,2347.5493103448275,17562.057586206894,58
70888,6,80.2600,6,3636.1328000000003,3878.4,2624.0232,19580.0632,25
70889,6,80.2600,8,3434.11375,4051.370833333333,2413.4754166666667,17302.214583333334,24
70918,6,80.4101,5,402.3736666666666,2209.2233333333334,629.8389999999999,9464.0855,60
70919,6,80.4101,6,145.28208333333333,2709.829166666667,1352.1908333333333,9412.858333333334,24
70923,6,80.4102,5,5793.990294117647,2966.6558823529413,1842.669705882353,21177.40911764706,34
70930,6,80.4201,4,608.5140540540541,1877.4713513513514,634.9775675675676,10095.452432432432,37
70931,6,80.4201,5,91.97222222222223,1783.4,587.2244444444444,8240.379555555555,45
70961,6,80.4601,4,54.442499999999995,1854.1285714285714,586.2457142857144,7888.74,28
70962,6,80.4601,5,1076.41375,2089.8532142857143,1135.9017857142858,10210.895714285714,56
70963,6,80.4601,6,730.610303030303,2124.287878787879,1099.6615151515152,9976.145454545454,33
70964,6,80.4601,8,74.07592592592593,2248.866666666667,622.8488888888888,7453.021111111111,27
70969,6,80.4603,5,513.935806451613,2248.6935483870966,1395.9593548387097,12588.812258064516,31
70970,6,80.4603,6,913.2172222222222,2757.567777777778,1369.4591666666665,14334.714722222221,36
70999,6,80.5100x0,2,9506.283333333335,3657.7029166666666,2322.2825,25735.939583333336,24
71000,6,80.5100x0,3,11337.826607142857,3421.7005357142857,2265.2176785714287,26393.129464285714,56
71001,6,80.5100x0,4,16257.14412371134,4452.7590721649485,3540.987010309278,34971.01783505155,97
71002,6,80.5100x0,5,19454.990388888888,4545.682722222222,3329.3999444444444,39218.69422222222,180
71003,6,80.5100x0,6,22586.26393162393,5798.556752136752,4521.3303418803425,46865.397948717946,117
71004,6,80.5100x0,8,19868.775068493153,5929.605753424658,4717.264383561644,43938.103287671234,73
71013,6,80.5102,5,40961.64890625,6125.2284375,5063.2003125,67650.93375,64
71014,6,80.5102,6,44240.5126923077,6122.361153846155,4296.208846153846,68477.43576923077,26
71034,6,80.5108,3,19537.43,4672.483333333334,3631.1392592592592,38755.91925925926,27
71035,6,80.5108,4,26414.269607843136,4934.656470588236,4060.9380392156863,47492.982156862745,51
71036,6,80.5108,5,31981.853413173656,5586.3522155688615,4800.457544910179,55885.12934131736,167
71037,6,80.5108,6,31677.542376237627,6531.736138613861,5000.0051485148515,58894.15386138614,101
71038,6,80.5108,8,33886.6177173913,7595.737173913043,6844.650108695653,63896.15782608695,92
71044,6,80.5109,5,6242.654054054054,4282.072162162162,3004.985675675676,27093.756756756757,37
71049,6,80.5110,2,10425.52625,3565.65,1402.4245833333334,23716.076666666664,24
71050,6,80.5110,3,10059.12025974026,3636.366233766234,1513.2727272727273,23821.575454545455,77
71051,6,80.5110,4,9320.050970873786,3784.496019417476,1782.4866019417475,24130.89106796116,103
71052,6,80.5110,5,9070.161666666667,3733.7306321839083,1954.2529885057472,23535.227873563217,174
71053,6,80.5110,6,9993.59551724138,4179.731149425287,2031.0635632183908,25037.767701149427,87
71054,6,80.5110,8,9653.236428571428,4852.915535714286,1819.125,25338.43875,56
71057,6,80.5111,2,7539.147111111111,3383.460222222222,1902.619,22519.89177777778,90
71058,6,80.5111,3,7546.440046511627,3587.4013023255816,1775.4821395348836,22676.862744186048,215
71059,6,80.5111,4,8149.339219330855,3619.158289962825,2342.148810408922,23856.549070631972,269
71060,6,80.5111,5,8232.939036458332,3682.532734375,2252.8111197916664,24052.749505208336,384
71061,6,80.5111,6,8179.991059907834,4039.8691705069123,2485.442811059908,24472.0531797235,217
71062,6,80.5111,8,8451.083020134229,4489.946040268456,3302.305436241611,27839.86275167785,149
71063,6,80.5111,9,8541.388846153846,4631.338846153846,2720.1851923076924,26579.762115384612,52
71070,6,80.5200,3,381.13821428571424,2048.832142857143,996.9303571428571,8024.407857142856,28
71071,6,80.5200,4,559.8525000000001,2006.432,833.1023333333334,8972.987333333333,60
71072,6,80.5200,5,445.31623529411763,2143.2023529411767,1091.4800588235296,9646.593882352941,170
71073,6,80.5200,6,944.6404166666666,2468.595138888889,1680.8377777777778,11389.162499999999,72
71074,6,80.5200,8,546.1529787234042,2657.7851063829785,1563.7009574468086,10859.976063829787,94
71075,6,80.5200,9,385.05791666666664,2608.008333333333,1751.8741666666667,9680.265416666667,24
71087,6,80.5900x0,3,3287.0304000000006,2745.8712,965.7056,12004.3156,25
71088,6,80.5900x0,4,2507.9744594594595,2626.463648648649,986.4093243243242,10116.625945945945,74
71089,6,80.5900x0,5,2019.947659574468,3130.318510638298,1223.9317021276595,11126.686276595745,94
71090,6,80.5900x0,6,1600.3240909090907,3263.621818181818,1348.220681818182,11059.527272727273,44
71091,6,80.5900x0,8,2563.629090909091,4319.227272727273,1960.358484848485,14056.739393939395,33
71113,6,80.6x06,4,3449.9346341463415,2530.4051219512194,1862.14,14620.312439024392,41
71114,6,80.6x06,5,3328.667948717949,2998.5165384615384,1882.4574358974357,15934.01782051282,78
71115,6,80.6x06,6,3587.2603846153847,3099.8715384615384,2484.424615384615,17797.504615384616,26
71121,6,80.6x07,4,3708.397115384615,2679.5448076923076,1223.8607692307692,14804.697115384615,52
71122,6,80.6x07,5,3997.0526984126986,2761.3528571428574,1692.574365079365,16021.6123015873,126
71123,6,80.6x07,6,3667.137741935484,2491.0819354838713,1809.4964516129032,15397.090967741935,31
71126,6,80.6x08,1,2075.77375,2754.125,857.2545833333334,12492.987500000001,24
71127,6,80.6x08,2,2337.3,2760.306086956522,1000.6673913043478,12858.57304347826,23
71128,6,80.6x08,3,2825.436346153846,2803.6251923076925,1175.3498076923076,13923.7475,52
71129,6,80.6x08,4,3022.635294117647,2729.301568627451,1164.3903921568628,13792.989607843137,51
71130,6,80.6x08,5,3442.7830555555556,2860.181527777778,1399.2358333333332,15506.119722222224,72
71146,6,80.7101,5,8430.880833333333,2682.93625,2308.6370833333335,24546.677916666667,24
71189,6,80.7600,5,3528.3276190476195,3664.9695238095237,2665.6361904761907,18780.14904761905,21
71193,6,80.7601,1,13180.792727272727,2520.832727272727,1407.851515151515,28244.360303030302,33
71194,6,80.7601,2,11060.143018867924,2435.977358490566,1752.7486792452833,25984.58830188679,53
71195,6,80.7601,3,7619.422950819672,2660.3519672131147,1963.2426229508196,21690.46918032787,61
71196,6,80.7601,4,7419.446923076923,2682.756615384615,2023.6426153846153,21987.288615384616,65
71197,6,80.7601,5,5189.626719999999,3064.15072,2475.2652000000003,19847.37192,125
71198,6,80.7601,6,5477.856545454545,3128.509636363636,2209.8501818181817,20554.439636363637,55
71199,6,80.7601,8,4702.815517241379,4015.48,3004.0982758620694,22244.034137931034,29
71234,6,80.8102,5,7426.124347826087,3018.35652173913,2381.4565217391305,21610.27695652174,23
71296,6,80.8601,5,2914.7658333333334,3346.6625,3897.42625,18901.652083333334,24
71302,6,80.8602,2,3878.8414285714284,2968.5847619047618,1760.4,16720.47238095238,21
71303,6,80.8602,3,3357.870204081633,2712.235510204082,1934.465714285714,16720.871020408165,49
71304,6,80.8602,4,3751.105833333333,2852.3114583333336,2079.3902083333332,17245.953958333335,48
71305,6,80.8602,5,4167.219761904762,3897.0007142857144,2492.564523809524,20031.935,42
71306,6,80.8602,6,4275.614799999999,4171.6508,4909.3512,23014.0092,25
71407,6,81.0200x0,3,20406.330322580645,6238.632903225806,2999.1096774193547,70019.72419354839,31
71408,6,81.0200x0,4,26933.436,7482.720240000001,4464.56832,71717.82912000001,125
71409,6,81.0200x0,5,26382.44287878788,6813.41875,3904.5264015151515,66737.77973484849,264
71410,6,81.0200x0,6,28454.707788461536,8494.760096153846,5013.14826923077,74166.79115384616,104
71411,6,81.0200x0,8,28664.694328358208,8219.884328358208,3865.205671641791,73707.42761194031,67
71419,6,81.0300x0,5,34575.74916666667,10534.155833333332,13515.07125,94993.425,24
71421,6,81.0300x0,8,30855.333636363634,9485.693636363636,9842.888636363636,77662.16909090908,22
71450,6,81.0501,5,33125.77,11999.501960784313,11883.975882352941,93619.62862745098,51
71451,6,81.0501,6,36932.601904761905,13884.291904761905,20201.969047619048,109679.04,21
71455,6,81.0502,1,47897.7904,22746.34,8699.5396,132085.0932,25
71456,6,81.0502,2,62208.306666666664,24517.632380952382,8195.634285714286,144042.97047619047,21
71457,6,81.0502,3,51953.5862962963,20241.440370370372,8968.27962962963,128211.50074074074,27
71458,6,81.0502,4,47066.46166666667,15548.945,7015.339444444445,100516.61777777778,36
71459,6,81.0502,5,40520.942028985504,10089.846811594201,6460.759420289855,79615.55942028985,69
71460,6,81.0502,6,37263.62840909091,7671.779545454545,4385.517045454545,67469.64227272727,44
71461,6,81.0502,8,46396.854827586205,8680.168620689656,3934.0175862068963,78569.38758620691,29
71465,6,81.0600x0,5,24015.664642857144,7209.221785714285,2710.2321428571427,73591.42928571429,28
71466,6,81.0600x0,6,23693.072571428573,8131.657714285715,1623.4791428571427,95470.36914285715,35
71472,6,81.0601,5,41839.140857142855,6362.573714285714,1467.1705714285715,70409.46828571429,35
71473,6,81.0601,6,32785.97962962963,6694.8762962962965,1262.6707407407407,84136.3437037037,27
71489,6,81.0701,4,25927.0353125,5733.075,5103.526875,53965.7203125,32
71490,6,81.0701,5,26932.986707317075,5944.356219512196,4743.811829268293,55829.64024390244,82
71491,6,81.0701,6,24835.07239130435,5335.442826086956,3744.1276086956523,53151.14021739131,46
71492,6,81.0701,8,23612.60064516129,7182.168064516129,5219.577741935484,63035.891935483865,31
71496,6,81.0702,5,25154.104615384615,5919.320000000001,4048.224230769231,61274.78230769231,26
71509,6,81.0800x0,4,32231.215283018868,4291.7537735849055,3910.95679245283,51604.412264150946,53
71510,6,81.0800x0,5,32021.61484848485,4880.092303030303,4180.847272727273,54127.65121212121,165
71511,6,81.0800x0,6,32497.433106796114,5658.430194174758,4450.618058252427,59390.92621359224,103
71512,6,81.0800x0,8,35343.393586956525,6269.561739130435,4964.472065217391,62015.99771739131,92
71517,6,81.0801,3,28474.53046511628,5192.542790697675,5216.075813953488,57374.62,43
71518,6,81.0801,4,30439.856242424245,5048.882181818182,3664.001878787879,53148.66206060606,165
71519,6,81.0801,5,30732.681870629374,5125.708094405594,3623.553356643357,54820.14548951049,572
71520,6,81.0801,6,32300.99943277311,5890.612773109244,4010.9181722689077,58834.521155462186,476
71521,6,81.0801,8,34211.45037135279,6700.867400530504,4471.731273209549,63053.510106100795,377
71522,6,81.0801,9,35598.224406779664,7329.856440677966,4773.957966101695,65061.59881355932,59
71526,6,81.0802,4,34152.10761904762,4473.516507936508,3146.998095238095,53880.79761904762,63
71527,6,81.0802,5,36431.39168316832,5740.362821782179,3825.758762376238,62106.526336633666,202
71528,6,81.0802,6,36949.473492063495,6337.065793650794,4287.681031746032,64390.74952380953,126
71529,6,81.0802,8,40821.30127659575,6964.245638297872,5401.053404255319,74434.77308510638,94
71658,6,81.4000x0,4,20750.05346153846,3767.7323076923076,1182.9234615384614,37996.391923076924,26
71659,6,81.4000x0,5,27537.997096774194,4346.985483870967,1132.475806451613,43385.46935483871,31
71692,6,81.4504,1,20165.228148148148,4137.218271604938,1803.6560493827158,38918.24358024691,81
71693,6,81.4504,2,18882.24896226415,3904.718113207547,2161.412169811321,39204.60108490566,212
71694,6,81.4504,3,17908.05430167598,3814.27938547486,1897.0393296089385,38350.49385474861,179
71695,6,81.4504,4,18767.691444444445,3853.2071111111113,2300.339,38408.09977777778,90
71696,6,81.4504,5,18959.99011627907,4096.6916279069765,2926.157093023256,40770.05906976744,86
71701,6,81.4505,2,17224.979166666668,4010.959166666667,2341.740416666667,39516.599583333336,24
71703,6,81.4505,4,24501.912916666668,4518.458333333333,2715.396666666667,46124.730416666665,24
71704,6,81.4505,5,22619.68205882353,4193.222352941177,3241.9314705882352,43857.48529411765,34
71726,6,81.4700,5,2368.9946875,2426.796875,2134.6965625000003,15832.1321875,32
71730,6,81.4700x0,1,7121.865,2134.7826315789475,1148.298947368421,18383.235263157894,38
71731,6,81.4700x0,2,6440.350125,2142.1731250000003,1578.63875,18144.419625000002,80
71732,6,81.4700x0,3,5848.1800613496935,2283.048588957055,1681.2577300613498,17797.494723926382,163
71733,6,81.4700x0,4,6200.252182410423,2431.781107491857,1747.6388925081433,18330.56622149837,307
71734,6,81.4700x0,5,5507.911912798875,2491.2891842475387,1980.2773558368494,17816.869859353024,711
71735,6,81.4700x0,6,4356.2829959514165,2886.442834008097,1881.5042914979756,17367.268542510123,247
71736,6,81.4700x0,8,4628.341057692308,3152.5026923076925,2553.574807692308,18849.345096153844,104
71752,6,81.5100,2,14491.655,4435.598448275862,2312.4522413793106,62524.1575862069,58
71753,6,81.5100,3,18217.934999999998,4626.5921568627455,2792.8004901960785,57157.88725490196,102
71754,6,81.5100,4,24281.114407407407,4387.308296296296,3136.6767037037034,52143.623518518514,270
71755,6,81.5100,5,24796.34679120879,4560.024252747253,3251.7727692307694,49975.22156043956,910
71756,6,81.5100,6,24629.595801713585,4839.592141982864,3683.727197062424,48933.475960832315,817
71757,6,81.5100,8,24117.563073593075,5513.779639249639,3976.4190764790765,49478.12582972583,693
71758,6,81.5100,9,25360.86293877551,7567.822408163265,5072.585265306122,54384.33591836735,245
71762,6,81.5200,9,15138.551666666666,6723.229166666667,5458.453541666667,43886.113333333335,48
71765,6,81.5200x0,8,18437.77817204301,6424.19247311828,5693.717311827957,44150.804301075266,93
71766,6,81.5200x0,9,19840.29915057915,7412.558185328186,5964.191621621621,47961.66447876448,259
71769,6,81.5201,6,19272.40777777778,5041.0599999999995,3720.8322222222223,37430.33777777778,27
71770,6,81.5201,8,18787.9771875,6505.9770625,5725.4884375,45200.504875,160
71771,6,81.5201,9,20400.900160183064,6778.844919908467,5433.636864988558,45343.41691075515,437
71782,6,81.5400,4,23429.521666666667,4557.460952380953,4136.710714285715,55230.342142857146,42
71783,6,81.5400,5,24722.335323741005,4392.604064748201,3555.1539568345324,50703.72384892087,278
71784,6,81.5400,6,21272.10764795144,4608.3855538695,3314.651775417299,46302.804142640365,659
71785,6,81.5400,8,19711.228674698796,4973.53099827883,3529.5093287435457,45244.92526678141,581
71786,6,81.5400,9,17354.520093457944,5874.795514018691,3886.9766355140187,47179.13420560748,107
71790,6,81.5400x0,5,28265.680175438596,4041.127543859649,3702.7305263157896,48849.91903508772,114
71791,6,81.5400x0,6,27095.42252631579,4554.339736842106,4277.858789473685,49319.59231578947,190
71792,6,81.5400x0,8,26928.013018867925,4836.251320754717,3962.1971698113207,48459.51874213836,159
71793,6,81.5400x0,9,25773.998611111114,6026.287777777778,3908.648055555556,48129.92388888889,36
71797,6,81.5401,6,26899.412972972972,4308.42027027027,4267.101891891892,46469.51675675676,37
71798,6,81.5401,8,29233.575161290322,4435.294193548387,3468.8658064516126,48059.915483870966,31
71817,6,81.6500,5,12351.221500000001,5218.07275,2809.6884999999997,27028.6455,120
71818,6,81.6500,6,11932.795187969925,4387.038847117795,2154.315388471178,23759.460952380952,399
71819,6,81.6500,8,11632.828792884371,4350.6118424396445,2191.3697458703937,23301.16968233799,787
71820,6,81.6500,9,12224.249158075601,4529.447491408934,2418.768298969072,24323.119261168384,582
71825,6,81.6600,6,16707.305862068966,4992.789655172413,1351.4196551724137,28378.186206896553,29
71826,6,81.6600,8,13739.96984375,4577.02359375,1461.80484375,24493.20265625,64
71827,6,81.6600,9,15703.591851851852,5270.535185185186,2104.3262962962963,28800.896666666664,27
71830,6,81.6600x0,5,21236.479847328243,4757.466488549619,2867.233893129771,35167.36564885497,131
71831,6,81.6600x0,6,19412.556010638298,4587.088829787233,2468.8322872340427,32507.92545212766,376
71832,6,81.6600x0,8,19500.52894806924,4613.149906790945,2322.126138482024,31562.50535286285,751
71833,6,81.6600x0,9,19776.535150976906,4939.779573712256,2326.790213143872,32606.509449378333,563
71835,6,81.6601,5,19172.623870967742,6076.554193548387,3403.675,37573.01967741936,62
71836,6,81.6601,6,18801.383711790393,4419.851004366812,2533.6537117903927,31877.73,229
71837,6,81.6601,8,18353.13831381733,4789.515784543326,2925.4043559718966,32314.00168618267,427
71838,6,81.6601,9,18251.3928115016,5011.077156549521,2711.603194888179,32068.701884984024,313
71880,6,81.8300x0,3,18725.19391304348,3010.8060869565215,2020.9778260869564,33988.86913043478,23
71881,6,81.8300x0,4,16127.823313253011,2658.0449999999996,2528.8930120481928,32541.141445783134,166
71882,6,81.8300x0,5,18228.15511882998,2866.8608957952465,2271.620731261426,34439.38901279707,547
71883,6,81.8300x0,6,20020.033313609467,3080.203579881657,2293.6199704142014,36939.88508875739,338
71884,6,81.8300x0,8,20887.8081300813,3307.6949593495933,2365.0128455284553,38370.56398373984,123
71888,6,81.8301,5,7959.108518518518,2088.6,2291.7785185185185,21155.40148148148,27
71914,6,81.9100,3,105.62048780487807,2213.241463414634,970.3780487804878,6313.190243902439,41
71915,6,81.9100,4,56.53806451612903,2531.874946236559,1504.7059139784947,7779.8494623655915,93
71916,6,81.9100,5,113.15511194029851,2920.3732835820897,1727.3697388059702,8596.785671641792,268
71917,6,81.9100,6,110.23264705882353,3289.169075630252,1855.2326470588234,9143.847605042016,238
71918,6,81.9100,8,108.95126245847176,3422.253355481728,2275.4097009966777,10170.102491694353,301
71919,6,81.9100,9,156.62284671532848,3767.9371532846717,2611.9372992700733,11799.067226277371,137
71923,6,81.9101,3,57.80708333333334,2789.9583333333335,1700.2916666666667,6690.774166666666,24
71924,6,81.9101,4,64.16499999999999,2617.0564285714286,2092.620476190476,7748.062857142858,42
71925,6,81.9101,5,371.20664122137407,3348.11893129771,2671.2414503816794,9574.440839694656,131
71926,6,81.9101,6,131.10104166666667,3675.1071875,3116.252395833333,10216.15625,96
71927,6,81.9101,8,265.7420481927711,4018.0914457831327,3685.279518072289,11933.672530120482,83
71928,6,81.9101,9,118.81085106382979,3863.5085106382976,2906.464468085106,9865.587021276597,47
71930,6,81.9200,3,79.49192307692307,2794.9423076923076,1310.9680769230768,9416.11,26
71931,6,81.9200,4,51.97073170731708,2825.363414634146,1021.1082926829268,8594.249268292682,41
71932,6,81.9200,5,79.65275510204081,3778.7652040816324,1742.405306122449,11377.004081632653,98
71933,6,81.9200,6,98.29728571428572,3972.057142857143,1752.107,10803.147428571428,70
71934,6,81.9200,8,114.50293103448276,4788.131034482758,2286.087931034483,12437.24603448276,58
71935,6,81.9200,9,114.1725925925926,4600.392592592593,2622.679259259259,14170.603703703704,27
71938,6,81.9201,2,107.52195121951219,2216.958536585366,905.1031707317075,6495.2468292682925,41
71939,6,81.9201,3,217.93350515463916,2313.065360824742,921.300412371134,7614.684845360825,97
71940,6,81.9201,4,143.01873563218393,2740.2865229885056,1407.7476149425288,7836.167988505747,348
71941,6,81.9201,5,148.01778473091366,3015.245206508135,1725.1644430538172,8769.111989987485,799
71942,6,81.9201,6,219.72510172143976,3206.800766823161,2132.463615023474,9183.172190923318,639
71943,6,81.9201,8,147.10872756933114,3236.187862969005,2287.784893964111,9515.611924959218,613
71944,6,81.9201,9,221.73962025316456,3482.515400843882,2768.9830801687763,10521.375021097047,237
71963,6,81.9400x0,1,8577.464827586207,2154.8072413793107,1200.5379310344827,21214.535862068966,29
71964,6,81.9400x0,2,8440.573333333334,2326.481754385965,1448.2115789473685,22472.26140350877,57
71965,6,81.9400x0,3,6587.7761702127655,2809.0306382978724,1398.6334042553192,21736.21744680851,47
71967,6,81.9400x0,5,9141.808636363638,3775.7418181818184,2411.629090909091,27869.792272727274,22
71994,6,81.9600x0,1,12793.539310344828,3103.0572413793107,1889.846551724138,28275.365862068964,29
71995,6,81.9600x0,2,18415.096818181817,3578.0309090909086,2295.6645454545455,35646.58681818182,22
72006,6,82.0101,0,613.9913223140495,895.8332231404959,569.3404958677686,4847.791900826446,121
72010,6,82.0101,5,364.9866101694915,1276.2705084745764,550.1210169491525,4128.94186440678,59
72045,6,82.2100,5,249.5990476190476,1889.264285714286,418.2938095238095,4694.298095238095,21
72050,6,82.2101,2,275.96407407407406,1340.8629629629631,361.1703703703704,3781.0237037037036,27
72051,6,82.2101,3,568.3576666666667,1397.406,645.069,4936.100666666666,30
72052,6,82.2101,4,269.0523333333333,1537.6036666666666,672.754,4562.963000000001,30
72053,6,82.2101,5,356.6471186440678,1584.6737288135594,512.6454237288136,4800.487457627119,59
72054,6,82.2101,6,389.149393939394,1610.091515151515,733.738484848485,4826.520303030303,33
72076,6,82.2900x0,3,395.72545454545457,1439.8272727272727,513.4545454545455,4763.735,22
72077,6,82.2900x0,4,682.1803571428571,1708.2728571428572,827.2939285714285,5926.118928571429,28
72078,6,82.2900x0,5,717.7271698113208,2309.3196226415093,1301.321320754717,7534.165283018868,53
72099,6,82.3601,2,572.2509090909091,1066.9318181818182,1383.3045454545454,5717.292272727273,22
72100,6,82.3601,3,1441.875,1341.1950000000002,2030.997105263158,9665.340263157894,38
72101,6,82.3601,4,1685.5431707317075,1244.3931707317074,2786.6482926829267,10834.956829268292,41
72102,6,82.3601,5,1845.6048333333333,1835.093,2684.8779999999997,12646.694666666668,60
72129,6,82.4400x0,2,1961.1581818181817,1186.7648484848485,1219.3960606060607,7923.9690909090905,33
72130,6,82.4400x0,3,943.1028260869566,1111.4530434782607,1501.9091304347828,7524.151086956522,46
72131,6,82.4400x0,4,926.7785185185186,1235.8162962962963,1378.501851851852,7607.059259259259,27
72132,6,82.4400x0,5,1054.0276785714284,1249.9307142857142,1270.8662499999998,7131.394285714286,56
72143,6,82.4500x0,1,1230.6992,1131.778,697.6292,6291.0872,25
72144,6,82.4500x0,2,1300.80421875,1218.17421875,1166.98484375,7691.84171875,64
72145,6,82.4500x0,3,849.804712643678,1322.1788505747127,1188.8977011494253,7264.260689655173,87
72146,6,82.4500x0,4,982.9275000000001,1263.1455208333334,1324.2305208333335,7651.045312499999,96
72147,6,82.4500x0,5,959.5861111111111,1219.3691666666666,1175.9885416666666,7047.096319444445,144
72148,6,82.4500x0,6,1130.553783783784,1756.9362162162163,1496.9359459459458,8494.808378378377,37
72153,6,82.4501,2,735.4582142857143,1233.159642857143,872.3821428571429,5931.934642857143,28
72154,6,82.4501,3,627.01,1092.6632352941178,935.7726470588235,5890.127647058824,34
72155,6,82.4501,4,640.716,1067.2112499999998,1414.3120000000001,6942.79525,40
72156,6,82.4501,5,1657.4415217391304,1265.031304347826,1413.5830434782608,8420.43956521739,46
72256,6,83.0102,0,558.1404,1245.736,368.9692,5024.3084,25
72261,6,83.0102,5,271.09619047619043,1503.5761904761905,457.83095238095234,3914.69619047619,21
72363,6,83.2100,3,748.9896428571428,9896.88357142857,4465.622857142857,19952.830714285716,28
72364,6,83.2100,4,675.6105263157895,7720.861578947368,2783.6115789473683,14727.320789473682,38
72365,6,83.2100,5,763.6913333333333,6389.332,2161.5673333333334,12529.761333333334,45
72366,6,83.2100,6,900.4507692307693,10930.901538461538,4549.868076923077,21704.611153846156,26
72378,6,83.2900x0,5,2624.799285714286,2472.269642857143,3810.659285714286,16909.73785714286,28
72399,6,83.3101,2,714.6503333333333,1455.0433333333335,523.3036666666667,5134.862666666667,30
72400,6,83.3101,3,461.5107894736842,1638.4257894736843,498.5578947368421,4864.933157894737,38
72401,6,83.3101,4,410.16065217391304,1563.1591304347828,544.56,4726.647826086956,46
72402,6,83.3101,5,596.9427118644069,1661.6766101694916,760.8468644067797,5259.771355932204,118
72403,6,83.3101,6,548.8157142857143,2026.4535714285714,822.2396428571428,6062.548392857143,56
72404,6,83.3101,8,458.53766666666667,1831.6146666666668,517.3683333333333,5156.946333333334,30
72410,6,83.3200,4,662.3913636363636,2041.578181818182,571.4390909090909,6599.229090909092,22
72411,6,83.3200,5,1313.9796428571428,2547.3107142857143,1025.5503571428571,10536.71357142857,28
72417,6,83.3200x0,2,3088.1367741935487,2136.9425806451613,1409.0554838709677,12456.08548387097,31
72418,6,83.3200x0,3,1194.1315,1926.3706666666667,710.4291666666667,8341.396666666666,60
72419,6,83.3200x0,4,1376.4643076923078,2395.0873846153845,1140.3078461538462,8981.17,65
72420,6,83.3200x0,5,1227.834262295082,2335.16131147541,1175.01,8961.698770491803,122
72421,6,83.3200x0,6,702.0294117647059,2400.8660784313724,1058.8972549019609,8444.492549019607,51
72422,6,83.3200x0,8,1461.6182978723405,3708.4902127659575,1748.0393617021277,12229.093617021277,47
72435,6,83.3900x0,0,1261.1823529411763,1584.2785294117648,792.41,8859.34823529412,34
72437,6,83.3900x0,2,2102.605283018868,1842.7501886792452,1124.0711320754717,9702.477735849057,53
72438,6,83.3900x0,3,775.8258333333333,1746.3620238095239,835.7305952380951,6948.266785714286,84
72439,6,83.3900x0,4,1084.7322222222222,2263.606161616162,1194.8055555555557,8881.288888888888,99
72440,6,83.3900x0,5,1387.9363959390864,2392.4203553299494,1350.3504060913706,9937.380964467005,197
72441,6,83.3900x0,6,1338.8314285714287,2861.0361224489793,1435.0183673469387,10016.156632653061,98
72442,6,83.3900x0,8,2216.612419354839,3205.670967741936,1898.2535483870968,13221.250967741937,62
72443,6,83.3900x0,9,1580.0209677419355,3928.233548387097,1524.14,11554.431935483872,31
72451,6,83.3902,0,1000.61,1300.1783333333333,642.47875,7027.811666666667,24
72455,6,83.3902,4,1213.9596666666666,2009.3703333333333,1091.4163333333333,8012.245666666667,30
72456,6,83.3902,5,1099.2463157894736,2184.3154736842107,1360.4993684210526,8531.473789473685,95
72457,6,83.3902,6,1095.8108955223881,2070.0941791044775,997.2116417910447,7987.641641791045,67
72458,6,83.3902,8,1502.0876,2833.4176,1491.5896,9821.562,25
72467,6,83.3903,5,4257.378095238096,4485.885714285714,7240.753809523811,25824.793809523813,21
72471,6,83.3904,0,1021.9566666666666,1979.9845833333331,658.6991666666667,7670.47375,24
72472,6,83.3904,1,979.9399999999999,1750.8923076923077,968.8653846153846,7102.523461538461,26
72474,6,83.3904,3,1263.4009375,2004.384375,806.0603125,7139.5353125,32
72475,6,83.3904,4,1370.4048484848486,2441.731818181818,1335.8772727272726,8965.070606060606,33
72476,6,83.3904,5,1660.27,2745.00203125,1227.81671875,9354.58609375,64
72477,6,83.3904,6,1219.2025806451613,3312.3022580645165,1725.2196774193549,10164.399032258065,31
72478,6,83.3904,8,2358.5576190476195,3379.0190476190473,1672.9485714285713,11342.576666666666,21
72502,6,83.4501,2,1810.0554545454545,2102.565,2283.0177272727274,11283.089545454546,22
72503,6,83.4501,3,2629.147619047619,1918.3295238095238,3692.528095238095,15319.95619047619,21
72504,6,83.4501,4,2905.20625,2640.7659375,3484.765,17182.4496875,32
72505,6,83.4501,5,2251.4674545454545,2740.987090909091,5893.187818181818,18304.114363636363,55
72506,6,83.4501,6,3536.1772413793105,3599.6051724137933,5108.793448275863,19615.985862068963,29
72529,6,83.6400x0,2,1492.7162500000002,1329.5391666666667,1660.7083333333333,8989.791666666666,24
72530,6,83.6400x0,3,966.32025,1457.96775,1564.115,9406.4245,40
72531,6,83.6400x0,4,1050.5037142857143,1489.7425714285714,1626.1057142857144,10370.113714285713,35
72532,6,83.6400x0,5,2449.68140625,1482.08984375,2027.91203125,11555.503125,64
72547,6,83.6402,2,1157.5800000000002,1819.3915909090908,1895.4138636363639,10135.644545454545,44
72548,6,83.6402,3,2353.7922115384617,2348.584903846154,1590.0825,12069.402019230769,104
72549,6,83.6402,4,3363.437857142857,2337.7467857142856,1437.6642857142856,13013.787857142857,56
72550,6,83.6402,5,1616.5024137931034,2141.151379310345,1421.3310344827585,10248.331379310344,29
72564,6,83.6500x0,4,766.1671428571428,1410.588095238095,1203.1933333333332,7532.686190476191,21
72565,6,83.6500x0,5,2231.1207142857143,2636.957142857143,2338.0642857142857,14784.1125,28
72632,6,83.8800x0,3,6509.32275862069,2061.323793103448,2143.59724137931,18034.29,29
72633,6,83.8800x0,4,4135.958750000001,2401.4958333333334,2252.1529166666664,15835.7825,24
72634,6,83.8800x0,5,7589.442608695652,2577.0173913043477,2267.3156521739133,19692.035652173912,23
72669,6,83.9101,4,50.03344827586207,1977.0,348.6534482758621,6307.893793103448,29
72670,6,83.9101,5,199.74779411764706,1804.1544117647059,353.2217647058824,5573.937794117647,68
72671,6,83.9101,6,48.368,2315.04,626.9824,7477.6944,25
72672,6,83.9101,8,39.34608695652174,2417.4347826086955,887.2986956521738,7339.349130434783,23
72686,6,83.9105,2,24.4012,922.6360000000001,261.0,5457.233200000001,25
72687,6,83.9105,3,24.820106382978725,1212.0489361702128,466.4168085106383,6228.054574468085,94
72688,6,83.9105,4,35.29475903614458,1454.9289156626508,675.1354819277109,6655.574819277108,166
72689,6,83.9105,5,93.17489736070381,1535.3400586510265,845.0093548387097,7331.982609970674,341
72690,6,83.9105,6,57.74729281767956,1472.156187845304,1051.6262983425413,7093.767900552486,181
72691,6,83.9105,8,62.7365,1710.5533333333333,1365.7631666666666,8128.5363333333335,180
72692,6,83.9105,9,54.25237288135593,1765.223559322034,1481.4461016949153,8270.395084745762,59
72727,6,83.9800x0,3,228.33428571428573,1944.547619047619,846.854761904762,7906.190476190476,21
72728,6,83.9800x0,4,225.3259574468085,1407.0531914893618,806.5872340425532,7418.215319148936,47
72729,6,83.9800x0,5,304.5446153846154,1664.1565934065934,789.558021978022,7790.173076923077,91
72730,6,83.9800x0,6,199.09098039215687,1639.4401960784314,1213.525294117647,8020.250196078431,51
72731,6,83.9800x0,8,67.69541666666667,1824.0989583333333,1644.5804166666667,9124.018541666666,48
72732,6,83.9800x0,9,133.03111111111113,2305.027777777778,2609.8674074074074,11942.717037037037,27
72742,6,84.0100x0,0,956.0678571428571,1226.452261904762,413.2748809523809,6411.697619047619,84
72747,6,84.0100x0,5,2648.25625,1854.9370833333332,2320.6299999999997,14861.267500000002,24
72761,6,84.0102,4,946.9822222222223,1698.6214814814814,4213.375925925926,15512.39074074074,27
72762,6,84.0102,5,546.5643333333334,1627.6529999999998,2165.8036666666667,8111.961666666667,30
72770,6,84.0201,0,1098.6518840579708,862.517536231884,572.333043478261,7547.50231884058,69
72809,6,84.1100,5,3459.4137142857144,4019.584571428571,4537.316,21916.125428571428,35
72810,6,84.1100,6,4557.597142857143,5631.988095238095,4641.280000000001,24456.42619047619,21
72811,6,84.1100,8,2717.5714285714284,6669.421428571429,6538.379047619047,26125.220952380954,21
72820,6,84.1102,0,850.6085714285714,985.3204761904761,467.8909523809524,9086.997380952382,42
72849,6,84.1501,5,8746.795185185185,7559.8966666666665,11588.407777777778,46543.775185185186,27
72865,6,84.1701,5,9420.091379310346,8946.453448275863,14091.647586206898,56395.048275862064,29
72867,6,84.1701,8,6715.035217391304,9615.956086956521,13171.162608695651,48990.375652173905,23
72868,6,84.1701,9,4298.628260869565,11182.802173913044,13353.480434782608,46496.455652173914,23
72889,6,84.2201,3,7289.57347826087,1524.5565217391306,5519.606521739131,28210.99,23
72890,6,84.2201,4,5556.465853658537,1743.6743902439023,4993.015365853658,24108.066585365854,41
72891,6,84.2201,5,6103.892199999999,1881.509,5306.298000000001,27208.7696,50
72922,6,84.3x00,4,784.5382608695653,1234.0934782608697,1435.401304347826,6543.350434782608,23
72923,6,84.3x00,5,594.1965853658537,1727.1804878048779,2097.6856097560976,8174.239024390244,41
72959,6,84.8205,4,34164.85324324325,5212.890810810811,3743.2708108108104,55106.693243243244,37
72960,6,84.8205,5,31466.896705882355,5451.412117647059,4474.0149411764705,50828.68188235294,85
72961,6,84.8205,6,30167.2982051282,5358.843076923077,5094.568974358975,49885.04538461538,39
72965,6,85.0x00,3,273.7038095238095,1012.0514285714287,278.0909523809524,2901.3538095238096,21
72974,6,85.0x00x0,2,423.29054545454545,1514.269090909091,1110.8614545454545,5468.058727272727,55
72975,6,85.0x00x0,3,442.45723684210526,1664.3288157894738,1448.411052631579,6074.484342105263,76
72976,6,85.0x00x0,4,478.15772727272724,1675.3977272727273,1408.8772727272726,6439.491818181818,22
72990,6,85.1100,3,820.6955555555555,2414.2947222222224,415.7927777777778,4479.631944444444,36
72991,6,85.1100,4,1229.6656603773586,3227.3958490566038,1105.6711320754716,6662.164339622642,53
72992,6,85.1100,5,1503.769552238806,4326.722388059702,1592.1368656716418,8616.426567164179,67
72993,6,85.1100,6,1958.005,4916.841818181819,1290.4986363636365,9747.728181818182,22
72997,6,85.1100x0,2,867.0124324324324,2253.286486486487,966.4467567567567,6156.80972972973,37
72998,6,85.1100x0,3,1477.87075,4061.178,1651.138375,8852.617375,80
72999,6,85.1100x0,4,2182.581818181818,5625.160227272728,1786.8276515151515,11316.46590909091,132
73000,6,85.1100x0,5,2177.46604519774,6367.105423728813,2135.3001694915256,12796.622259887006,177
73001,6,85.1100x0,6,2150.9051515151514,6829.365757575758,1938.3524242424244,12904.980757575757,66
73002,6,85.1100x0,8,1768.010465116279,7423.58023255814,1765.9339534883723,13425.12023255814,43
73011,6,85.1200x0,5,2383.038260869565,4830.53652173913,2485.9765217391305,12207.428695652174,23
73024,6,85.2000x0,3,558.235306122449,2181.4897959183672,1708.7873469387755,11502.57857142857,49
73027,6,85.2100,1,894.0895238095238,1461.904761904762,400.5747619047619,4812.7128571428575,21
73028,6,85.2100,2,766.0455208333333,1430.8047916666667,477.71583333333336,5008.067083333333,96
73029,6,85.2100,3,1313.7831460674156,1819.344943820225,582.5792134831461,6296.764494382023,89
73030,6,85.2100,4,1065.9104347826087,2013.3115217391305,537.3353260869565,6109.8809782608705,92
73031,6,85.2100,5,1163.2992727272726,2497.486909090909,730.9887272727273,6938.011454545454,55
73035,6,85.2100x0,1,1727.0941237113402,1545.3440206185567,345.75448453608243,5662.985360824742,194
73036,6,85.2100x0,2,2396.0530193780983,1498.8738395673727,275.79761153672825,6043.793614240649,2219
73037,6,85.2100x0,3,2813.8227565674256,1605.3400875656744,280.8917197898424,6489.906749562171,2855
73038,6,85.2100x0,4,2963.2013508260447,1844.3580855199223,293.39022999676064,6813.385950761257,3087
73039,6,85.2100x0,5,2851.793125322331,1973.3551263537906,371.2609283135637,6948.99031975245,1939
73040,6,85.2100x0,6,2530.8444444444444,2219.9701683501685,425.7311111111111,7154.4835353535345,297
73041,6,85.2100x0,8,2387.4858333333336,3314.9776388888886,823.1588888888889,9039.188055555556,72
73044,6,85.2101,2,4313.006571428572,1709.329942857143,151.45748571428572,7672.5272,175
73045,6,85.2101,3,4288.206771653543,1670.822874015748,183.35433070866142,7545.241496062992,254
73046,6,85.2101,4,4139.458233333333,1872.9098,188.4739,7698.441666666667,300
73047,6,85.2101,5,4207.77652631579,1981.7406315789472,280.8753157894737,8040.319684210526,190
73052,6,85.2200,2,1370.491891891892,2387.7324324324327,1031.2589189189189,8416.536216216215,37
73053,6,85.2200,3,918.1504285714285,2498.0939999999996,917.424,7914.442714285714,70
73054,6,85.2200,4,1144.3604166666667,3245.269444444444,1077.7858333333334,9341.860694444444,72
73055,6,85.2200,5,1245.4558620689656,4013.8303448275865,1301.776724137931,10697.032931034484,58
73063,6,85.2300x0,2,1680.9319230769229,2074.1740384615387,1704.293653846154,9195.310576923077,52
73064,6,85.2300x0,3,2143.0923076923077,4784.334423076923,1786.5768269230769,14782.084038461539,104
73065,6,85.2300x0,4,1968.909411764706,5671.407124183007,1698.6911764705883,16148.471960784313,153
73066,6,85.2300x0,5,2035.8867716535433,6343.569606299212,1977.4304724409446,16582.521181102362,127
73067,6,85.2300x0,6,1790.1836,5207.124,1579.7704,14197.014799999999,25
73071,6,85.2301,2,1078.8343750000001,1990.5004166666668,674.7420833333333,6414.5975,48
73072,6,85.2301,3,1415.0825,2396.75,1009.271,8086.598,40
73073,6,85.2301,4,1445.5111538461538,3970.9673076923073,1196.4351923076922,10803.530961538461,52
73074,6,85.2301,5,1563.4146153846154,3948.915384615385,1460.6371794871795,10189.812820512821,39
73085,6,85.2401,2,1025.2364516129032,1526.8912903225805,739.0558064516129,7167.702258064516,31
73086,6,85.2401,3,953.5996078431373,1600.5919607843139,784.3598039215686,6629.099215686275,51
73087,6,85.2401,4,993.571875,1890.08,785.473125,6452.7856249999995,32
73106,6,85.3300x0,3,20992.923157894737,7222.849999999999,1597.9257894736843,52555.12078947369,38
73107,6,85.3300x0,4,20935.29081081081,7009.103243243243,1994.0516216216217,51624.79513513514,37
73151,6,85.4100x0,4,3897.9231818181815,7429.226136363636,2504.9079545454547,22532.739772727273,44
73152,6,85.4100x0,5,3057.806857142857,7491.379142857143,2558.968428571429,22157.659142857145,70
73153,6,85.4100x0,6,2606.9855555555555,6989.341111111111,2603.664166666667,21871.45611111111,36
73171,6,85.4300x0,4,2938.637391304348,8173.983695652174,3555.660869565217,22952.15891304348,46
73172,6,85.4300x0,5,4198.953506493506,7653.518311688312,3914.508571428572,23807.392727272727,77
73173,6,85.4300x0,6,3985.968775510204,8932.333265306122,3529.004081632653,24450.552448979593,49
73178,6,85.4301,3,2783.48875,6691.4359375,2940.7828125,19955.4075,32
73179,6,85.4301,4,2678.691449275362,6640.58347826087,2805.694275362319,19651.26108695652,138
73180,6,85.4301,5,3022.522418772563,7013.45321299639,3078.883501805054,21003.991732851984,277
73181,6,85.4301,6,3040.4986554621846,7122.8522689075635,2886.0231092436975,21192.09899159664,119
73182,6,85.4301,8,2837.9494642857144,8623.6625,3143.231964285714,23076.96982142857,56
73185,6,85.4302,3,2952.286086956522,9141.605652173912,2826.4399999999996,23286.420000000002,23
73186,6,85.4302,4,2732.97064516129,8805.410483870966,2584.3620967741936,22575.375,62
73187,6,85.4302,5,2726.616111111111,8997.457361111112,2586.6466666666665,22844.96013888889,72
73193,6,85.4303,4,2767.716086956522,7259.774565217392,1966.175652173913,21916.190652173915,46
73194,6,85.4303,5,2342.020520833333,6692.8253125,2264.341875,20018.713854166668,96
73195,6,85.4303,6,2315.1226470588235,8255.926764705882,1852.2608823529413,21582.61264705882,34
73208,6,85.4500,4,2994.1565789473684,7211.098421052631,2315.321052631579,20816.342368421054,38
73209,6,85.4500,5,2715.7812328767122,6596.398630136986,2100.1583561643833,20474.256575342464,73
73210,6,85.4500,6,2765.1679166666668,7243.239166666666,2777.0829166666667,22235.931666666667,24
73214,6,85.4500x0,3,9270.590999999999,6692.957333333334,2370.3553333333334,31062.047333333336,30
73215,6,85.4500x0,4,3697.848705882353,7490.639588235294,2561.2074117647057,22037.884,170
73216,6,85.4500x0,5,3055.967583333333,7888.132208333333,2591.893916666667,21986.752125,240
73217,6,85.4500x0,6,2235.594076923077,8101.788461538462,2360.0522307692304,20970.72346153846,130
73218,6,85.4500x0,8,2896.1042857142857,8439.878051948052,2340.6115584415584,22313.443376623374,77
73259,6,85.9100,2,199.97816326530614,1321.607142857143,1036.9322448979592,4783.882857142858,49
73260,6,85.9100,3,250.12225806451613,1328.0401612903227,1114.3437096774194,4824.938387096774,62
73267,6,85.9400,4,4720.301666666667,2188.550666666667,1106.2216666666668,17228.22566666667,30
73268,6,85.9400,5,2389.9016326530614,2183.890612244898,1250.2530612244898,14745.963061224491,49
73286,6,86.0100x0,0,319.83799999999997,2271.3256,1489.0758,7481.006600000001,50
73288,6,86.0100x0,2,277.0243478260869,1155.986956521739,1159.6843478260869,4871.212608695652,23
73289,6,86.0100x0,3,331.3103846153846,3326.173076923077,2134.779615384615,9513.550000000001,26
73290,6,86.0100x0,4,492.37714285714287,2676.9304761904764,3473.1642857142856,9370.474761904761,21
73291,6,86.0100x0,5,454.67974999999996,2124.59525,2076.416,7917.0905,40
73292,6,86.0100x0,6,814.0077272727272,3181.4672727272728,3318.511818181818,11341.282954545455,44
73293,6,86.0100x0,8,325.7841860465116,2992.9634883720933,4496.182093023256,13430.776744186047,43
73295,6,86.0101,0,253.12432432432433,3348.2024324324325,655.2591891891892,7751.54027027027,37
73322,6,86.0400x0,0,491.3338571428572,1636.4965714285713,1109.587142857143,6011.398857142857,70
73323,6,86.0400x0,1,295.878,1775.6088888888887,1547.268222222222,6010.816,45
73324,6,86.0400x0,2,265.3877777777778,1616.2557142857142,1082.8673015873017,5184.152539682539,63
73325,6,86.0400x0,3,267.84308823529415,1705.9076470588236,1539.2516176470588,5678.781470588236,68
73326,6,86.0400x0,4,536.9036666666666,2333.3076666666666,1680.4545,8322.876666666667,60
73327,6,86.0400x0,5,476.21520833333335,2667.4571875,2348.714375,8839.2753125,96
73328,6,86.0400x0,6,680.1768656716417,2851.1026865671643,2559.4235820895524,9749.656865671643,67
73329,6,86.0400x0,8,524.93984375,4096.5671875,3384.561875,12266.78546875,64
73330,6,86.0400x0,9,579.5684615384615,4182.765384615384,2982.462307692308,12028.525000000001,26
73335,6,86.0401,5,5280.87125,5832.073333333334,6652.289583333334,28314.036666666667,24
73349,6,86.0500,5,234.49166666666667,2271.2374999999997,874.7566666666667,5538.6675,24
73375,6,86.0600x0,4,288.61538461538464,4598.464102564103,2097.474871794872,9042.377435897435,39
73376,6,86.0600x0,5,294.6523684210526,4382.484868421052,2031.2451315789474,8857.781710526317,76
73377,6,86.0600x0,6,338.665,5338.545454545455,2979.6761363636365,11279.562954545456,44
73378,6,86.0600x0,8,390.3436842105263,5425.223684210527,2424.4539473684213,10989.695,38
73383,6,86.0601,4,206.84851851851852,4174.7037037037035,736.9940740740741,6404.935185185185,27
73384,6,86.0601,5,202.83019607843138,4786.833333333333,800.9956862745098,7196.8356862745095,51
73385,6,86.0601,6,270.53953488372093,5759.325581395349,1073.2516279069766,8783.720930232557,43
73386,6,86.0601,8,209.065,5797.892307692308,771.6911538461538,8387.205384615385,26
73387,6,86.0601,9,337.0209523809524,6546.22380952381,1334.6976190476191,10142.918571428572,21
73396,6,86.0701,3,4517.396976744186,4210.816279069768,4176.617674418605,17190.881627906976,43
73397,6,86.0701,4,4260.036861313869,4788.374890510949,4614.410510948905,18564.75299270073,137
73398,6,86.0701,5,4381.63125,4301.064637096774,3697.5954435483873,17025.83181451613,248
73399,6,86.0701,6,4683.587851851852,3639.3285925925925,3646.7613333333334,16272.861703703704,135
73400,6,86.0701,8,5674.270714285714,4742.980952380953,4801.284285714286,19697.514523809525,42
73431,6,86.1100,1,189.53965517241377,3297.772413793103,1385.145172413793,7993.103448275862,29
73432,6,86.1100,2,286.15526315789475,3405.371052631579,1556.9023684210526,7714.27,38
73433,6,86.1100,3,193.83603773584906,3349.402830188679,1553.698113207547,7951.607547169811,53
73434,6,86.1100,4,245.85438356164383,3960.9191780821916,2293.3802739726025,9990.124794520547,73
73435,6,86.1100,5,262.0674820143885,3727.1625899280575,2086.890215827338,9315.566690647482,139
73436,6,86.1100,6,362.6668992248062,4177.228682170543,2261.456124031008,10512.181782945736,129
73437,6,86.1100,8,382.7482258064516,4577.798548387097,3292.894516129032,12503.682983870967,124
73438,6,86.1100,9,246.55672413793104,3838.8258620689653,2402.7596551724137,10268.786206896551,58
73461,6,86.2200,0,3375.303846153846,1257.3261538461538,1337.4853846153846,16062.257692307692,26
73463,6,86.2200,2,4233.216774193548,1724.6232258064515,2666.3567741935485,16859.010322580645,31
73464,6,86.2200,3,2246.4747058823527,3489.7823529411767,4468.044117647059,16618.227941176472,34
73465,6,86.2200,4,2386.194918032787,2464.0304918032784,3959.146393442623,17222.231967213113,61
73466,6,86.2200,5,3436.2296842105266,3376.7394736842107,4510.371052631579,21675.16347368421,95
73467,6,86.2200,6,2379.109076923077,3580.697076923077,6355.54476923077,22027.589692307694,65
73468,6,86.2200,8,2926.8072727272724,4459.324181818181,6674.272545454545,26373.424181818184,55
73469,6,86.2200,9,1808.0875,6899.175714285715,7458.478571428571,30504.07607142857,28
73471,6,86.2200x0,0,2025.1867307692305,2554.0530769230772,2322.603076923077,14280.694807692307,52
73472,6,86.2200x0,1,5020.675454545454,2257.672121212121,2979.220606060606,17976.020303030306,33
73473,6,86.2200x0,2,1401.5191935483872,2122.085806451613,2567.2624193548386,11070.47193548387,62
73474,6,86.2200x0,3,2226.090754716981,2606.3715094339623,4369.3415094339625,17773.805566037736,106
73475,6,86.2200x0,4,2421.817239263804,3170.716564417178,4032.3940490797545,16643.054969325152,163
73476,6,86.2200x0,5,2102.16651026393,3233.5042228739003,4314.682463343109,16702.589061583578,341
73477,6,86.2200x0,6,2928.6941747572814,4120.8476699029125,5149.640388349514,19988.82398058252,206
73478,6,86.2200x0,8,2404.9856962025315,4754.517405063291,4882.031075949368,20010.287911392406,158
73479,6,86.2200x0,9,2631.3006796116506,6731.026796116505,5396.764077669903,25063.759708737864,103
73480,6,86.2201,0,1763.5912244897959,793.1391836734693,580.1657142857142,6342.414693877551,49
73481,6,86.2201,1,1753.0926086956524,1641.5252173913045,1865.0352173913043,9722.616086956523,23
73482,6,86.2201,2,972.4360869565216,1719.6917391304346,1999.7845652173912,8965.026304347826,46
73483,6,86.2201,3,1979.9079310344828,2261.8568965517243,3608.1777586206895,15480.207413793103,58
73484,6,86.2201,4,1378.4712499999998,1735.0841666666665,2109.140416666667,9092.935000000001,72
73485,6,86.2201,5,1285.5082550335571,2313.091610738255,3031.131275167785,11645.05288590604,149
73486,6,86.2201,6,2107.7443333333335,2673.625,3030.575333333333,13355.6305,60
73487,6,86.2201,8,1687.4766666666667,4625.699523809524,6705.203333333333,23800.289523809526,42
73488,6,86.2201,9,704.8292857142858,3712.4289285714285,3342.3685714285716,14184.093928571428,28
73528,6,86.2601,0,1241.5698245614035,965.567543859649,447.21736842105264,7480.662456140351,57
73533,6,86.2602,0,1699.2895652173916,1127.6660869565217,431.1530434782609,9219.091304347827,23
73550,6,86.2800,0,1290.3997674418606,802.5953488372093,1241.657441860465,6543.778139534883,43
73551,6,86.2800,1,671.6081481481482,1355.1833333333332,1067.9196296296298,5797.571111111111,27
73552,6,86.2800,2,567.0896551724137,2056.34,1169.1696551724137,6258.206551724137,29
73553,6,86.2800,3,231.47842105263157,1688.3205263157895,1455.2049122807016,5564.847017543859,57
73554,6,86.2800,4,836.1181081081081,2800.1463513513518,2897.284189189189,12632.889594594593,74
73555,6,86.2800,5,720.9408333333334,2119.0142499999997,2207.0471666666663,8749.688,120
73556,6,86.2800,6,604.9510294117647,2821.1929411764704,2081.028088235294,9089.631029411765,68
73557,6,86.2800,8,562.0998550724638,4196.490724637681,4353.573768115943,15073.74347826087,69
73558,6,86.2800,9,703.0144827586206,5248.869827586207,3762.420172413793,15975.643448275861,58
73562,6,86.2800x0,0,821.1178181818183,1366.3631818181818,1411.1172727272726,7415.408,110
73563,6,86.2800x0,1,590.7068852459017,1507.1190163934425,1119.5270491803278,5844.236229508197,61
73564,6,86.2800x0,2,229.19344086021502,1835.2709677419357,1559.0263440860217,8324.454193548387,93
73565,6,86.2800x0,3,567.671925925926,1991.5096296296294,2199.933777777778,7660.947777777777,135
73566,6,86.2800x0,4,561.7373493975904,2181.59765060241,2179.421265060241,8153.415120481927,166
73567,6,86.2800x0,5,430.6441764705882,2837.2344411764707,2844.975088235294,10693.876117647058,340
73568,6,86.2800x0,6,304.5078448275862,3051.837801724138,3042.46099137931,10254.786034482759,232
73569,6,86.2800x0,8,409.7875238095238,4208.8900952380955,3945.0763333333334,13505.381904761905,210
73570,6,86.2800x0,9,752.6277669902913,5508.963689320389,4433.717378640777,17172.097669902912,103
73573,6,86.3x00,2,448.6667346938775,1491.3244897959182,687.2636734693878,4657.978571428572,49
73574,6,86.3x00,3,356.21579710144925,1478.2615942028986,566.0278260869565,4571.550869565218,69
73575,6,86.3x00,4,526.1966292134831,1376.785393258427,768.3198876404495,4754.455056179775,89
73576,6,86.3x00,5,349.05629032258065,1521.9462903225806,722.4642741935485,5070.477822580645,124
73577,6,86.3x00,6,604.424065934066,1573.8481318681318,649.9763736263736,5410.548351648352,91
73578,6,86.3x00,8,404.71720930232556,1930.7586046511626,848.5823255813954,6215.993255813954,43
73599,6,86.3x01,2,1237.4932432432433,1099.611081081081,990.2575675675675,8127.853513513514,37
73601,6,86.3x01,4,1183.4308695652173,1708.482608695652,1348.0021739130434,10332.186521739131,23
73605,6,86.3x02,0,800.7840579710145,1242.2852173913043,457.8878260869565,5932.761594202899,69
73606,6,86.3x02,1,463.32964285714286,1055.2,274.12892857142856,3788.3621428571428,28
73607,6,86.3x02,2,604.2160317460317,1313.9579365079367,453.30674603174606,4769.211111111111,126
73608,6,86.3x02,3,305.62297297297295,1300.7078378378378,361.0472972972973,3828.810810810811,185
73609,6,86.3x02,4,940.4022754491018,1595.6343113772455,668.912874251497,6276.022934131736,167
73610,6,86.3x02,5,392.22038585209003,1707.5137942122187,590.2330546623795,4966.880578778136,311
73611,6,86.3x02,6,399.11675324675326,2075.1005844155843,665.0375974025975,5527.542207792208,154
73612,6,86.3x02,8,624.1511805555556,2396.4704861111113,1094.0213194444445,7096.475138888889,144
73613,6,86.3x02,9,737.2941891891893,3150.724864864865,1582.8637837837837,9447.947297297296,74
73614,6,86.3x03,0,665.7559740259741,1184.4277922077922,386.21623376623376,5659.621688311689,77
73615,6,86.3x03,1,580.6688157894737,1548.7755263157894,565.358947368421,5142.57447368421,76
73616,6,86.3x03,2,437.95773333333335,1590.3868888888887,520.2602222222222,5056.331244444445,225
73617,6,86.3x03,3,475.1444810126582,1552.3956455696202,467.72096202531645,4686.593493670886,395
73618,6,86.3x03,4,483.10751605995716,1731.4385653104925,549.14573875803,4996.934518201285,467
73619,6,86.3x03,5,576.2376021798366,1942.3909400544958,710.783446866485,5844.715817438692,734
73620,6,86.3x03,6,495.4145481927711,2199.9391265060244,870.6098795180723,6432.570602409638,332
73621,6,86.3x03,8,585.4022,2353.22835,1003.6411,6831.301600000001,200
73622,6,86.3x03,9,688.9832203389831,2424.563559322034,1302.5071186440678,8062.1825423728815,59
73629,6,86.3x05,1,548.6980952380953,789.0495238095239,865.977619047619,3903.454761904762,21
73630,6,86.3x05,2,450.2436842105264,746.2984210526316,199.17052631578946,3234.4292105263157,38
73650,6,86.3x10x0,1,953.0354545454545,545.3363636363637,530.49,5349.655454545455,22
73651,6,86.3x10x0,2,917.8983636363636,743.737090909091,644.5278181818181,5306.915454545454,55
73652,6,86.3x10x0,3,923.6876923076924,760.0307692307692,637.4888461538461,5061.841538461538,26
73667,6,86.3x13,0,759.2554838709677,1867.4432258064514,765.7690322580645,7396.973548387096,31
73669,6,86.3x13,2,779.0146428571428,1627.5285714285715,679.4799999999999,5714.566428571428,28
73670,6,86.3x13,3,1357.2796226415096,2438.23320754717,1127.8056603773587,8315.651320754718,53
73671,6,86.3x13,4,1099.6194594594594,2317.2564864864867,853.8948648648649,7218.471216216216,74
73672,6,86.3x13,5,1160.7735555555555,2680.578814814815,1146.350148148148,8528.294740740741,135
73673,6,86.3x13,6,1005.7014492753623,3057.5733333333333,1301.3197101449275,8764.125217391305,69
73674,6,86.3x13,8,846.5567857142858,2865.9514285714286,1109.3864285714285,7867.570357142858,28
73676,6,86.3x14,0,821.4922222222223,991.2770370370371,343.03444444444443,4614.437407407408,27
73678,6,86.3x14,2,302.9381818181818,936.1609090909092,157.82636363636362,2911.090909090909,22
73685,6,86.3x15,0,1039.5117857142857,1264.7250000000001,630.405,6483.817857142857,28
73687,6,86.3x15,2,714.024347826087,2032.0973913043476,886.3791304347826,6623.709565217391,23
73688,6,86.3x15,3,456.69411764705876,1466.8982352941177,724.9885294117647,5399.230882352941,34
73689,6,86.3x15,4,495.22914285714285,1566.1742857142856,565.6702857142857,4986.646000000001,35
73690,6,86.3x15,5,819.5891891891891,1681.093783783784,853.8932432432433,5887.707027027027,37
73710,6,86.4x01,4,1246.4125806451614,2043.9451612903226,607.2158064516128,8513.877741935485,31
73711,6,86.4x01,5,862.8611111111111,2391.0455555555554,877.4907407407408,7621.09,27
73712,6,86.4x01,6,1572.57775,3856.4199999999996,1605.44725,12838.78775,40
73713,6,86.4x01,8,1180.8198214285715,2827.2557142857145,1200.5421428571428,8822.675892857142,56
73714,6,86.4x01,9,1413.6566101694916,4065.6898305084746,1299.6903389830509,11695.01152542373,59
73744,6,86.5900x0,2,260.51,1895.2260869565216,1726.977391304348,6698.563913043478,23
73746,6,86.5900x0,4,413.53357142857146,2576.727142857143,2467.5964285714285,9693.121071428572,28
73747,6,86.5900x0,5,563.2644615384615,2536.5563076923077,3054.3833846153843,11657.033384615384,65
73748,6,86.5900x0,6,752.9126666666667,4730.747666666666,5284.716666666666,16810.424666666666,30
73749,6,86.5900x0,8,952.1773913043478,3497.9282608695653,2709.451739130435,11396.584782608696,23
73750,6,86.5900x0,9,463.8728,3185.0744,2299.9456,9181.3904,25
73761,6,86.5902,2,139.98,2296.683157894737,1622.2792105263159,6386.582631578948,38
73762,6,86.5902,3,254.4303448275862,2639.5856896551722,2786.8808620689656,8242.990344827585,58
73763,6,86.5902,4,370.61795918367346,3044.8885714285716,2183.869591836735,8526.203877551021,49
73764,6,86.5902,5,314.5073553719008,3288.577190082645,3321.109256198347,10997.41090909091,121
73765,6,86.5902,6,449.6325581395349,3262.2570930232555,2459.197558139535,10644.681162790697,86
73766,6,86.5902,8,716.1770212765957,5065.749361702127,3959.2513829787235,14942.663191489362,94
73767,6,86.5902,9,228.19176470588238,3634.4825490196076,2146.5358823529414,9405.766274509804,51
73868,6,86.6902,5,9639.175666666668,3807.754,7405.627666666666,40941.884,30
73901,6,86.6906,5,12038.113571428574,4688.282857142856,11156.668214285715,43875.51607142857,28
73902,6,86.6906,6,10404.391538461537,4836.114230769231,9847.076153846154,41645.44423076923,26
73903,6,86.6906,8,8231.901428571427,6331.035238095237,6684.185714285714,39592.84095238095,21
73934,6,86.7101,4,445.83,1141.6304347826087,1477.3986956521737,6159.223913043478,23
73961,6,86.7300x0,3,1036.1425925925926,1386.2562962962963,2574.456666666667,11759.287407407408,27
73962,6,86.7300x0,4,2383.081052631579,1900.4128947368422,5709.261578947368,23842.130789473682,38
73963,6,86.7300x0,5,3763.406363636364,1577.731090909091,4815.127454545454,21591.683272727274,55
73984,6,86.7400x0,0,1549.994736842105,1171.1207894736842,739.3331578947368,15298.735789473683,76
73985,6,86.7400x0,1,1923.7110714285716,1982.5171428571427,3699.5182142857143,19845.48464285714,28
73986,6,86.7400x0,2,3094.920769230769,2007.6306153846156,2959.8646153846157,20626.499846153845,65
73987,6,86.7400x0,3,3271.17453125,2173.56671875,2348.5075,19427.5390625,64
73988,6,86.7400x0,4,5499.653285714286,3557.747428571429,3944.708428571429,24991.636714285716,70
73989,6,86.7400x0,5,4819.691333333333,2935.1216190476193,3817.687904761905,23751.68523809524,105
73990,6,86.7400x0,6,3469.3658208955226,3099.073880597015,3470.3814925373135,21217.172089552238,67
73991,6,86.7400x0,8,2632.0204,3004.8704,3739.7526000000003,20283.588799999998,50
73992,6,86.7400x0,9,4878.658181818181,4755.169090909091,5401.150909090909,26829.93727272727,22
74032,6,86.7500x0,0,255.3251515151515,410.3424242424242,356.03121212121215,2966.5445454545456,33
74046,6,86.7501,5,545.2546428571429,2377.8139285714283,1694.7757142857142,7493.024642857143,28
74052,6,86.7503,0,541.4739393939394,492.1424242424243,351.55939393939394,3337.9633333333336,33
74053,6,86.7503,1,325.4142857142857,737.4380952380952,325.5209523809524,3140.9923809523807,21
74056,6,86.7503,4,1157.221153846154,2042.7903846153847,2248.416153846154,10364.848076923077,26
74057,6,86.7503,5,1152.833548387097,2084.9758064516127,1976.3780645161291,11117.938064516129,31
74110,6,86.8502,0,2296.8704166666666,1033.3708333333334,922.7937499999999,13106.272916666667,24
74143,6,86.8900x0,5,356.3174285714286,1224.152857142857,1382.8622857142857,6184.842,35
74144,6,86.8900x0,6,533.1165217391305,1756.3391304347826,1401.594347826087,6906.606521739131,23
74191,6,87.0300x0,0,177.3201724137931,2043.1064655172415,470.4643965517242,3922.86,116
74192,6,87.0300x0,1,262.1931818181818,2070.390909090909,590.095,4837.610909090909,22
74195,6,87.0300x0,4,398.34777777777776,2395.366666666667,1602.9733333333334,6636.335277777778,36
74196,6,87.0300x0,5,420.73831325301205,2576.2397590361447,1422.6430120481928,6127.887831325301,83
74197,6,87.0300x0,6,453.5728169014085,3088.885915492958,2058.9495774647885,8628.604929577465,71
74198,6,87.0300x0,8,446.5732142857143,3277.1190476190477,2102.4214285714284,8393.254523809524,84
74199,6,87.0300x0,9,379.24875000000003,3141.584375,2271.6221875,8714.81765625,64
74200,6,87.0301,0,58.92217391304348,1132.6521739130435,615.2778260869566,2533.620869565217,23
74206,6,87.0301,6,253.30354838709678,3178.490322580645,2619.2445161290325,8183.666451612903,31
74207,6,87.0301,8,232.2408,3569.08,2797.5152000000003,9167.4808,25
74212,6,87.0302,4,755.9678260869565,3720.2478260869566,2470.214347826087,9215.668695652173,23
74213,6,87.0302,5,342.58690476190475,4129.175,2230.8610714285714,8504.039523809523,84
74214,6,87.0302,6,305.67911764705883,4222.379411764706,2962.9627941176473,9991.865294117646,68
74215,6,87.0302,8,360.26418604651167,4317.85988372093,2529.945930232558,9465.814069767443,86
74216,6,87.0302,9,444.60125,4251.477083333333,3121.9641666666666,10354.264166666666,48
74269,6,87.4101,0,196.78139088729017,1859.3832613908871,744.9887529976019,4293.657913669065,417
74270,6,87.4101,1,124.87280000000001,2565.6079999999997,970.1694,4793.9114,50
74271,6,87.4101,2,141.03,2534.0716981132073,939.1618867924528,4702.083018867925,53
74272,6,87.4101,3,95.37975,2650.87125,1331.734125,5188.568375,80
74273,6,87.4101,4,139.12601503759396,2844.654135338346,1186.8822556390978,5324.804887218045,133
74274,6,87.4101,5,153.48353115727002,2890.62703264095,1580.7335608308604,5944.411869436202,337
74275,6,87.4101,6,464.14896946564886,3210.4896946564886,1818.8730152671756,7240.262633587787,262
74276,6,87.4101,8,193.3194019138756,3210.1425598086125,2165.8945215311005,7308.431267942584,418
74277,6,87.4101,9,223.17286206896551,3542.1288620689656,2353.0578965517243,8257.41255172414,290
74291,6,87.4103,4,361.22933333333333,4210.892,1198.1386666666665,7050.774,30
74292,6,87.4103,5,275.28695652173917,4710.199239130435,1205.6921739130435,7725.052391304347,92
74293,6,87.4103,6,291.69011494252874,4924.25459770115,1376.7977011494252,8290.50632183908,87
74294,6,87.4103,8,295.84280701754386,4796.272543859649,1475.6723684210526,8453.617280701754,114
74295,6,87.4103,9,410.6833333333333,5449.798039215687,2003.1535294117648,9916.036078431373,51
74299,6,87.4400,0,224.75424460431654,1815.6402877697842,973.5846762589928,4786.138992805755,139
74306,6,87.4401,0,186.02880308880307,1510.8701158301158,647.2566602316602,4004.143378378378,518
74307,6,87.4401,1,149.5451724137931,1660.401724137931,757.234827586207,3682.726551724138,29
74311,6,87.4401,5,72.68347826086956,1892.178260869565,828.43,3433.1191304347826,23
74349,6,87.6200x0,8,646.3508333333333,3548.254166666667,4077.0383333333334,12028.490416666667,24
74350,6,87.6200x0,9,191.02,3549.84380952381,2007.7842857142857,7984.4595238095235,21
74405,6,88.0100x0,0,375.8625,3081.0458333333336,1258.7866666666666,6639.525416666667,24
74408,6,88.0100x0,3,260.22035714285715,3044.085714285714,2298.2235714285716,6786.896428571429,28
74409,6,88.0100x0,4,297.3434482758621,3161.194827586207,2104.8053448275864,7344.997241379311,58
74410,6,88.0100x0,5,260.78858585858586,3215.978787878788,1821.0594949494948,7137.247171717171,99
74411,6,88.0100x0,6,329.1440625,3625.4,2443.449375,7862.539375,64
74412,6,88.0100x0,8,228.9579347826087,3459.0532608695653,1896.0707608695652,7303.7191304347825,92
74413,6,88.0100x0,9,283.83096774193547,4324.6,2281.001935483871,9350.570967741936,62
74428,6,88.1901,0,222.44090909090912,2668.5227272727275,602.3609090909091,5421.2413636363635,22
74478,6,88.4100,4,2872.9675675675676,3281.946891891892,2119.8262162162164,13141.025810810812,74
74479,6,88.4100,5,2976.1163099631,3551.5769003690034,2618.430627306273,14857.46143911439,271
74480,6,88.4100,6,2357.213027522936,3885.349510703364,3002.9911620795106,15343.037889908255,327
74481,6,88.4100,8,1760.8899019607845,4479.88839869281,3693.778071895425,16864.764248366013,306
74482,6,88.4100,9,2786.967727272727,4258.447272727273,3322.6671212121214,16847.28984848485,66
74485,6,88.4101,1,1502.088125,3908.36375,2111.683125,12124.1946875,32
74486,6,88.4101,2,1667.0740983606559,4807.524098360655,3593.6614754098364,16560.08262295082,61
74487,6,88.4101,3,2126.8740598290597,4214.637008547008,2567.706153846154,13955.648333333333,234
74488,6,88.4101,4,2361.39182320442,4101.610976058932,2761.8695764272557,14145.09694290976,543
74489,6,88.4101,5,2307.7869941520466,4311.6020058479535,3156.9218830409354,15010.645374269006,1710
74490,6,88.4101,6,2362.104457579972,4603.200146036161,3436.4018776077887,15996.079047287902,1438
74491,6,88.4101,8,2353.744465949821,4973.3821146953405,3982.509784946237,17380.300494623658,1395
74492,6,88.4101,9,3644.5923670212765,5591.02590425532,4606.3440159574475,20575.650505319147,376
74495,6,88.4101x0,5,1321.672786885246,6601.616557377049,2967.3113114754096,15816.159180327868,61
74496,6,88.4101x0,6,1317.3303448275863,6320.466034482759,2867.3713793103448,15375.297586206896,58
74497,6,88.4101x0,8,1401.9591803278688,7063.287868852459,3472.4204918032788,17528.327540983606,61
74508,6,88.4103,5,3566.4266000000002,4083.9126,2522.3334,14901.3874,50
74509,6,88.4103,6,9350.925789473684,3697.4373684210527,3353.113157894737,25691.85710526316,38
74510,6,88.4103,8,5260.405416666667,4466.199375,3843.336041666667,20923.408124999998,48
74523,6,88.4201,5,3938.236590909091,5083.754318181818,5268.460227272727,21163.236136363637,44
74524,6,88.4201,6,1981.2207843137253,4803.808823529412,4666.809411764706,17497.303333333333,51
74525,6,88.4201,8,1778.3029545454547,4882.885227272727,5012.433863636364,19629.18909090909,44
74580,6,88.4701,5,7379.585263157895,4420.5289473684215,5932.115,26728.11552631579,38
74619,6,88.4800x0,8,10024.484074074075,7226.4825925925925,4209.775555555556,28736.820370370373,27
74620,6,88.4800x0,9,4314.159032258064,6072.184516129032,4040.7670967741933,21296.35677419355,31
74663,6,88.5102,8,10266.725,3523.6007142857147,2065.9635714285714,20960.036428571428,28
74672,6,88.5302,5,1089.4993103448276,3096.558620689655,1505.4575862068964,9242.975517241379,29
74673,6,88.5302,6,1119.159642857143,3130.964285714286,1646.3771428571429,9647.886071428571,28
74674,6,88.5302,8,1388.0375000000001,3961.703571428571,2328.650357142857,11763.393571428573,28
74678,6,88.5500,2,1002.8421276595745,3672.4744680851063,1094.7544680851063,10204.048510638298,47
74679,6,88.5500,3,1162.867834224599,3591.6740106951875,1098.0001069518717,9337.477406417112,374
74680,6,88.5500,4,1097.833988764045,3252.370799001248,1060.8444943820225,8884.164737827716,1602
74681,6,88.5500,5,1158.3133618690922,3441.4131532013557,1194.951162832174,9323.630458355627,5607
74682,6,88.5500,6,1151.4627586206898,3622.543887147335,1375.7051758969,9798.831098920236,5742
74683,6,88.5500,8,1282.9799028326745,3930.836607378129,1882.9709584980237,11079.964642621871,6072
74684,6,88.5500,9,1379.4008591224017,4303.663607390301,2296.3734595842957,12472.162817551964,2165
74695,6,88.5600,3,1119.9766666666667,3570.2670370370374,1462.0077777777778,9926.229259259258,27
74696,6,88.5600,4,1352.9166363636361,3333.471,1037.8084545454544,9382.867636363637,110
74697,6,88.5600,5,1448.7099246231157,3388.6177638190957,1313.8357537688441,9810.696055276381,398
74698,6,88.5600,6,1349.0167464114832,3492.157942583732,1604.012751196172,10358.324784688995,418
74699,6,88.5600,8,1445.6291999999999,3838.7274857142856,1859.0729523809525,11269.282380952382,525
74700,6,88.5600,9,1726.986256684492,4108.264652406417,2648.3013368983957,13319.459572192512,187
74718,6,88.5701,3,1357.3908,4217.5324,2119.6532,11714.770400000001,25
74719,6,88.5701,4,2013.2903472222222,3921.2636805555553,1737.6019444444444,11808.625069444444,144
74720,6,88.5701,5,1684.2728100775194,3890.50019379845,1863.6006395348838,11762.437131782945,516
74721,6,88.5701,6,1758.0946891651865,4255.145577264653,2324.0544404973357,12777.312859680284,563
74722,6,88.5701,8,1794.2978205128206,4444.284903846154,2605.804342948718,13457.508798076924,624
74723,6,88.5701,9,1801.6748717948717,4247.00164102564,2664.272564102564,13633.644256410256,195
74760,6,88.6600x0,5,3298.2046,2477.9829999999997,1264.3742,10745.4704,50
74761,6,88.6600x0,6,2379.4344736842104,2955.186842105263,2053.0263157894738,11324.022894736841,38
74762,6,88.6600x0,8,2490.526875,3001.8583333333336,1488.2714583333334,10383.846458333333,48
74782,6,88.7100x0,0,275.64492063492065,3383.411746031746,577.5214285714286,6914.779047619048,63
74801,6,88.7104,8,62.65,2730.215625,845.8971875,4783.3334374999995,32
74803,6,88.7200,0,293.39954545454543,2050.5954545454547,448.2818181818182,4810.924999999999,22
74808,6,88.7200,5,753.8588461538461,3218.5461538461536,1043.641923076923,6042.1896153846155,26
74809,6,88.7200,6,489.00714285714287,3331.0,1803.0389285714286,7219.481071428571,28
74810,6,88.7200,8,528.1915909090909,3377.1795454545454,1492.3931818181818,6795.162272727273,44
74811,6,88.7200,9,610.7288571428572,3428.7714285714287,1957.6505714285715,7750.2365714285725,35
74820,6,88.7201,0,207.54532710280375,3218.767570093458,1558.4555140186915,6819.563084112149,107
74821,6,88.7201,1,166.78206896551725,2632.9137931034484,647.8037931034484,4350.8303448275865,29
74823,6,88.7201,3,870.33,2502.3217391304347,890.4295652173913,4857.150869565217,23
74824,6,88.7201,4,621.1225581395349,3059.720930232558,821.320465116279,5439.735581395349,43
74825,6,88.7201,5,467.0690654205607,3154.043925233645,925.7865420560748,5436.689626168225,107
74826,6,88.7201,6,372.40309523809526,2859.8880952380955,1245.9742857142858,5771.8664285714285,84
74827,6,88.7201,8,293.6798484848485,3262.3901515151515,1698.7748484848485,6667.860909090909,132
74828,6,88.7201,9,405.96654545454544,3192.6518181818183,1719.4932727272728,6902.133181818182,110
74836,6,88.7300x0,0,185.4275824175824,3410.9090109890108,491.94813186813184,6761.653076923078,91
74845,6,88.7301,0,118.72573426573426,684.7345454545454,438.2071328671329,2719.228951048951,143
74848,6,88.7400,0,112.83853658536586,1234.3958536585367,327.83463414634144,2471.9741463414634,41
74852,6,88.7400x0,0,185.40833333333333,1614.2916666666667,712.2166666666667,3494.4358333333334,36
74876,6,88.7500x0,0,223.80225000000002,1822.6799999999998,636.3617499999999,3814.35725,40
74890,6,88.7600,0,64.38951219512195,876.3636585365855,395.6363414634146,2083.821463414634,41
74898,6,88.7600x0,0,155.20708053691274,1843.1138255033559,781.1961744966443,4110.891375838926,298
74899,6,88.7600x0,1,134.76655172413794,1953.0658620689655,541.0872413793104,3810.0731034482756,29
74900,6,88.7600x0,2,41.84095238095238,1301.2380952380952,710.2623809523809,2783.5438095238096,21
74901,6,88.7600x0,3,83.65925925925927,2179.6188888888887,1045.3533333333335,4329.695925925926,27
74903,6,88.7600x0,5,133.048,2946.1797142857145,1531.538,5869.787428571429,35
74905,6,88.7600x0,8,523.6873333333334,2954.1366666666668,1790.8473333333334,6711.074666666666,30
74906,6,88.7600x0,9,370.6272727272728,4335.309090909091,2127.3627272727276,8587.427272727273,22
74923,6,88.7700x0,5,1342.3141379310346,3404.5034482758624,1255.655172413793,7506.055172413793,29
74924,6,88.7700x0,6,159.75772727272727,2916.340909090909,2493.49,8453.907727272728,22
74925,6,88.7700x0,8,809.7751851851853,3443.9777777777776,2070.0196296296294,8468.298518518519,27
74926,6,88.7700x0,9,389.6947619047619,4086.052380952381,3625.708571428571,10422.678095238094,21
74952,6,88.7902,3,20.37761904761905,960.5904761904762,359.6733333333333,1671.2033333333336,21
74983,6,88.9000x0,5,66.88961538461538,2453.242307692308,739.6534615384616,4321.458076923077,26
74992,6,88.9100x0,3,65.73538461538462,3239.223076923077,1694.7457692307692,6378.140384615384,26
74993,6,88.9100x0,4,56.29351351351352,3278.8905405405403,1528.587972972973,6445.800405405405,74
74994,6,88.9100x0,5,100.97308510638297,3650.5898936170215,1915.8342021276596,7255.827127659574,188
74995,6,88.9100x0,6,104.73314685314685,3922.151748251748,2211.9501398601396,8301.503496503496,143
74996,6,88.9100x0,8,117.99649606299212,4029.955118110236,2379.946338582677,8724.68023622047,254
74997,6,88.9100x0,9,134.090206185567,3983.996907216495,1986.0675257731957,8475.913402061855,97
74998,6,88.9101,0,191.4644086021505,2739.6070967741935,760.6231182795699,5246.737096774194,93
74999,6,88.9101,1,89.88499999999999,2747.6704166666664,569.83375,4512.7039583333335,48
75002,6,88.9101,4,92.74,3139.0829787234043,1066.7793617021277,5509.33085106383,47
75003,6,88.9101,5,167.41929133858267,3596.341732283465,1477.3822834645669,7010.762755905512,127
75004,6,88.9101,6,164.43200000000002,3730.156363636364,1440.576272727273,6667.973090909091,110
75005,6,88.9101,8,153.5308108108108,3728.3459459459455,1839.2967567567566,7275.934864864866,148
75006,6,88.9101,9,219.20917525773197,3974.7488659793817,2223.1821649484536,8383.621340206186,97
75030,6,88.9303,5,378.32959999999997,3017.744,2086.382,7077.3956,25
75032,6,88.9303,8,307.54040000000003,3044.58,1656.4168,6438.018,25
75093,6,88.9800,5,301.0664,4241.0928,1893.356,7478.174,25
75094,6,88.9800,6,204.715,3750.8975000000005,2344.0591666666664,7178.2775,24
75104,6,89.0601,0,171.11107142857142,1408.425,1277.5678571428573,4371.5025,28
75108,6,89.0601,4,107.0192,3519.4320000000002,537.3772,5703.543199999999,25
75109,6,89.0601,5,191.02170212765958,3630.4610638297877,1840.2378723404254,7549.769574468085,47
75110,6,89.0601,6,122.98458333333333,3588.370833333334,1290.065,6963.473333333334,24
75111,6,89.0601,8,243.9375,4402.565909090909,2351.4249999999997,9103.282954545455,44
75141,6,89.1400,0,174.97520710059172,2925.8822485207097,544.621124260355,5297.902544378699,169
75146,6,89.1400,5,204.03548387096777,3456.690322580645,1738.5674193548386,7710.49,31
75147,6,89.1400,6,240.35548387096773,4178.732258064516,1909.112258064516,8340.94064516129,31
75148,6,89.1400,8,237.91945945945946,4096.5513513513515,2012.9813513513513,8339.046486486486,37
75149,6,89.1400,9,159.611875,4140.45,2915.93625,10651.1621875,32
75155,6,89.1500x0,5,397.03972972972974,5380.741621621622,2008.3759459459461,9085.494054054054,37
75157,6,89.1500x0,8,229.2552,5034.770399999999,2137.1112,8353.8112,25
75189,6,89.1900x0,0,55.745136804942625,1434.4151103265667,195.05998234774933,2387.649841129744,1133
75190,6,89.1900x0,1,16.360991501416432,1248.4248725212465,69.0428895184136,1718.7788101983003,353
75191,6,89.1900x0,2,11.58125748502994,1930.3604790419163,91.69634730538922,2541.8882035928145,167
75192,6,89.1900x0,3,18.645227272727272,1985.9147727272727,119.56920454545455,2734.9820454545456,88
75193,6,89.1900x0,4,50.908478260869565,2006.2695652173911,299.76521739130436,3069.4552173913044,46
75194,6,89.1900x0,5,31.115312499999998,2096.1296875,258.97859375,3253.50953125,64
75195,6,89.1900x0,6,97.90761904761905,2598.417142857143,782.8719047619046,5684.378095238096,21
75196,6,89.1900x0,8,115.29904761904763,3529.5476190476193,1054.7257142857143,6238.538095238096,21
75215,6,89.2600,4,369.1554545454546,2402.627272727273,2767.6886363636363,6755.024090909091,22
75216,6,89.2600,5,361.14171428571433,3014.6914285714283,3226.5102857142856,8043.952857142856,35
75228,6,89.3400,2,293.6225,1423.765625,1778.2625,5802.69625,32
75229,6,89.3400,3,336.262,1518.1471428571429,2292.644714285714,7094.677857142858,70
75230,6,89.3400,4,372.05470588235295,1673.6617647058824,1787.865294117647,6099.984117647058,68
75231,6,89.3400,5,521.6411940298507,1759.447686567164,1873.9042537313435,6625.596194029851,134
75232,6,89.3400,6,369.3223255813954,1881.7232558139535,1941.5818604651163,7023.067441860466,43
75233,6,89.3400,8,637.5742424242425,2529.3030303030305,2226.7433333333333,7231.966060606061,33
75235,6,89.3701,0,193.85237804878048,1755.137743902439,1236.9083536585365,5142.981585365854,328
75236,6,89.3701,1,131.1914705882353,2036.3852941176472,1464.5538235294118,5068.907058823529,34
75237,6,89.3701,2,83.30862068965517,2099.698275862069,1362.3386206896553,4701.326724137931,58
75238,6,89.3701,3,86.52830188679245,2074.788176100629,1673.7810062893082,5093.3522641509435,159
75239,6,89.3701,4,111.12229166666667,2538.0378472222224,1759.4208333333333,5742.612430555555,144
75240,6,89.3701,5,128.28287958115183,2846.1738743455494,2110.3116230366495,6663.031204188482,382
75241,6,89.3701,6,154.4203056768559,3070.4765283842794,2614.571288209607,7703.287467248909,458
75242,6,89.3701,8,182.83109589041095,3502.496044520548,2992.8875342465753,8718.90176369863,584
75243,6,89.3701,9,203.39118863049094,3946.5263565891473,3447.2295865633077,9993.15850129199,387
75280,6,89.5001,4,435.9937142857143,3638.662857142857,920.6194285714286,6185.194285714286,35
75281,6,89.5001,5,435.1094615384615,3505.971,1048.7936923076923,6244.140153846153,130
75282,6,89.5001,6,363.3906923076923,3643.826153846154,1240.0128461538463,6790.876461538461,130
75283,6,89.5001,8,482.22645714285716,3822.6014285714286,1857.2406857142857,8166.1107999999995,175
75284,6,89.5001,9,532.4831868131869,4034.5021978021978,2102.2336263736265,9075.005934065934,182
75287,6,89.5200,0,149.4777993158495,1596.85921322691,716.4209578107184,3790.304196123147,877
75288,6,89.5200,1,162.3010891089109,1980.470396039604,731.310099009901,3931.327722772277,101
75289,6,89.5200,2,107.97096385542169,1797.0019277108433,962.6663855421687,3786.664096385542,83
75290,6,89.5200,3,306.54793388429755,1930.2342975206611,814.5302479338843,3913.220743801653,121
75291,6,89.5200,4,369.1338211382114,2418.734146341463,1610.2985365853658,5514.312113821138,123
75292,6,89.5200,5,284.8596,2829.9402333333333,1512.4327333333333,5885.849066666667,300
75293,6,89.5200,6,317.47821292775666,2935.3044486692015,1616.498783269962,6262.2801140684405,263
75294,6,89.5200,8,351.691497005988,2796.6237125748503,1745.370658682635,6461.821497005988,334
75295,6,89.5200,9,377.8322065727699,2968.8693896713617,2061.6699530516435,7241.518122065728,213
75296,6,89.5400,0,190.51959259259257,2524.867913580247,628.215987654321,6031.317876543209,2430
75297,6,89.5400,1,203.50885813148787,1969.3861591695502,890.5640830449827,4188.711349480969,289
75298,6,89.5400,2,215.70365384615383,2408.720384615385,1187.5016666666668,5210.8730128205125,156
75299,6,89.5400,3,213.5399173553719,3057.4637190082644,1804.939876033058,7144.430785123967,242
75300,6,89.5400,4,243.58177215189872,3491.3054008438817,2694.152953586498,9742.190759493671,237
75301,6,89.5400,5,215.16155448717947,3720.70157051282,2682.225641025641,9675.572932692306,624
75302,6,89.5400,6,218.34804444444444,4047.064162962963,2892.0363851851853,10257.579970370369,675
75303,6,89.5400,8,247.02402745995423,4252.20465293669,2837.1946453089245,10503.079717772693,1311
75304,6,89.5400,9,223.2123094512195,4397.802050304878,2917.4831097560973,10586.593696646341,1312
75326,6,89.6000x0,0,182.75509615384615,2651.8825,610.3574038461538,6301.523557692307,208
75331,6,89.6000x0,5,464.66739130434786,5480.608695652174,5629.817826086956,15317.165652173913,23
75332,6,89.6000x0,6,146.0144,3564.1240000000003,2241.4392000000003,8138.7224,25
75333,6,89.6000x0,8,239.35454545454547,4096.404545454545,2837.5225,9478.953181818182,44
75334,6,89.6000x0,9,292.87800000000004,4872.666545454545,4745.841272727273,13311.756,55
75344,6,89.6100x0,5,1095.9752380952382,7387.85238095238,6386.831428571428,19505.200476190475,21
75345,6,89.6100x0,6,498.84142857142854,5880.757142857144,3915.5532142857146,13988.756785714286,28
75346,6,89.6100x0,8,540.2134615384616,5422.880769230769,3515.5699999999997,13537.376153846155,26
75347,6,89.6100x0,9,545.7286956521739,6385.582608695652,5013.044347826087,16215.81391304348,23
75367,6,89.6500x0,0,191.8831905195989,3382.473026435734,779.4782315405652,7003.069334548769,1097
75368,6,89.6500x0,1,138.8806172839506,1627.7114814814815,804.4355555555555,3450.132839506173,81
75370,6,89.6500x0,3,151.72457142857144,3210.645142857143,1996.9037142857144,6770.169428571428,35
75371,6,89.6500x0,4,195.44076923076923,3704.9051282051278,2692.2953846153846,8358.197179487179,39
75372,6,89.6500x0,5,206.95,3689.451265822785,2952.3340506329114,8499.44746835443,79
75373,6,89.6500x0,6,252.68221153846156,3956.2482692307694,3557.6742307692307,9791.870288461538,104
75374,6,89.6500x0,8,303.63393103448277,4310.98448275862,3837.417172413793,10860.279586206896,145
75375,6,89.6500x0,9,302.7723926380368,4572.123926380368,4495.171901840491,12222.583865030674,163
75394,6,89.7x00,0,150.46457142857142,1441.8274000000001,490.5724857142857,3659.786485714286,700
75395,6,89.7x00,1,205.4668888888889,1189.5488888888888,455.46177777777774,2906.468,45
75398,6,89.7x00,4,737.4913636363636,2208.3863636363635,2303.4713636363635,6382.805454545454,22
75399,6,89.7x00,5,849.4451851851852,3214.0185185185187,1952.5474074074073,7530.023703703703,27
75400,6,89.7x00,6,692.9792307692308,3285.603846153846,1429.1646153846154,6639.012692307691,26
75401,6,89.7x00,8,964.1206451612902,3923.5806451612902,2315.096129032258,9313.516451612904,31
75402,6,89.7x00,9,1105.6357142857144,3101.214285714286,1701.890357142857,7613.703928571428,28
75404,6,90.3x00,0,300.6176666666667,864.35,374.5466666666667,2377.0976666666666,30
75410,6,90.4x00,0,396.29236842105263,1179.0539473684212,744.0742105263158,4381.825789473684,38
75411,6,90.5x00,0,459.2806172839507,1477.8765432098764,429.94,3777.4946913580247,81
75415,6,90.6x01,0,178.31037037037038,2480.777777777778,1803.3674074074074,6978.190740740741,27
75419,6,90.6x01,4,283.64875,3185.0499999999997,3455.017916666666,11470.459583333331,24
75420,6,90.6x01,5,348.4407894736842,3711.1605263157894,3783.971315789474,11406.881315789473,38
75421,6,90.6x01,6,281.3306896551724,4674.510344827586,2379.8441379310343,11326.401034482758,29
75422,6,90.6x01,8,296.2047058823529,4634.494117647058,3385.2532352941175,12614.393235294117,34
75423,6,90.6x01,9,357.76190476190476,5267.047619047619,3853.1642857142856,14776.571904761906,21
75437,6,92.0101,3,21.94904761904762,4341.552380952381,4074.5219047619044,9649.066190476191,21
75439,6,92.0101,5,22.431739130434785,4863.208695652174,5347.540869565218,12143.89,23
75470,6,92.1900x0,5,45.733333333333334,3020.942857142857,6682.31,10764.933809523809,21
75494,6,92.2400,5,567.4951351351351,3468.5135135135133,3235.103243243243,23974.00918918919,37
75495,6,92.2400,6,456.1546153846154,2614.076923076923,2868.9165384615385,23432.675000000003,26
75496,6,92.2400,8,509.8153571428571,2374.964285714286,3203.628214285714,23068.151071428572,28
75500,6,92.2400x0,2,631.7911111111111,6131.166666666667,3767.824222222222,29617.52533333333,45
75501,6,92.2400x0,3,707.261832460733,6085.22387434555,3523.7721989528795,28845.671465968586,191
75502,6,92.2400x0,4,740.4763088235294,6965.981323529411,4063.696661764706,31046.02798529412,680
75503,6,92.2400x0,5,816.7334079999999,6961.5128159999995,4034.0666026666668,31329.295653333334,1875
75504,6,92.2400x0,6,803.2970174306005,6673.316604260814,4173.4336346029695,30713.107901872176,1549
75505,6,92.2400x0,8,820.5373509933775,7203.802367549669,4376.33315397351,31265.523915562913,1208
75506,6,92.2400x0,9,791.2889655172413,7424.500793103448,4017.279482758621,30593.836551724136,290
75523,6,92.2700x0,5,4881.785454545455,5179.754545454545,10248.96309090909,31545.370727272726,55
75524,6,92.2700x0,6,3358.444411764706,4946.69705882353,10975.424411764705,30164.570588235292,34
75525,6,92.2700x0,8,3304.9007142857145,6769.442857142857,17959.880357142858,35374.318928571425,28
75541,6,92.2800,4,27.623333333333335,3080.7166666666667,474.62416666666667,19396.130833333333,24
75542,6,92.2800,5,53.74230769230769,2767.548461538461,2544.27,9229.665769230769,26
75543,6,92.2800,6,49.687083333333334,4216.5512499999995,3503.83375,20227.52,24
75547,6,92.2801,2,11.5471875,3413.8,2646.7200000000003,9249.2871875,32
75548,6,92.2801,3,42.832307692307694,3411.292564102564,2883.458974358974,9975.351282051282,78
75549,6,92.2801,4,15.602325581395348,3223.08511627907,4212.475697674419,11297.210465116279,86
75550,6,92.2801,5,23.00722891566265,3368.1506024096384,4095.998313253012,10867.146506024097,83
75551,6,92.2801,6,70.46962962962964,3080.963333333333,3887.9055555555556,8348.922962962963,27
75555,6,92.2900,4,4397.0347619047625,3073.285714285714,2687.7604761904763,21542.738095238095,21
75556,6,92.2900,5,4829.915945945945,3069.6216216216217,4323.208918918919,23714.876216216217,37
75562,6,92.2900x0,2,46.28851063829787,2626.3490425531913,3005.317659574468,14756.50095744681,94
75563,6,92.2900x0,3,375.2782954545455,3468.4073863636363,2278.7092045454547,17222.919204545455,176
75564,6,92.2900x0,4,438.92525896414344,3985.2203187251,3343.216892430279,19317.82187250996,251
75565,6,92.2900x0,5,479.84579088471855,4786.719705093834,3660.5816085790884,21917.564477211796,373
75566,6,92.2900x0,6,502.8917222222222,6365.8968888888885,3589.2858888888886,25218.3405,180
75567,6,92.2900x0,8,634.6340909090909,6960.611181818182,4122.251727272727,26362.87663636364,110
75568,6,92.2900x0,9,586.0015384615385,5694.708461538462,6183.084230769231,29320.305769230767,26
75569,6,92.3101,2,603.9053333333334,4162.87,1039.268,13911.962666666666,30
75570,6,92.3101,3,621.0,3826.9833333333336,1541.5424999999998,17798.83375,48
75571,6,92.3101,4,616.9350862068966,3745.5422413793103,1971.3234482758621,23835.106637931036,116
75572,6,92.3101,5,637.8175431034482,3007.7575862068966,2847.0422844827585,23518.524094827586,232
75573,6,92.3101,6,557.672320441989,3018.981767955801,2488.9225966850827,23488.684696132594,181
75574,6,92.3101,8,734.0158974358974,3097.954700854701,3224.493504273504,26212.329572649574,234
75575,6,92.3101,9,626.8622784810127,2740.0898734177217,2685.6129113924053,26298.408860759493,79
75578,6,92.3102,5,909.0811111111111,6688.558888888889,4763.915,31008.715277777777,36
75579,6,92.3102,6,1086.7070967741936,7974.177419354839,4631.941935483871,35251.25419354838,31
75585,6,92.3200x0,3,146.3804761904762,2912.504761904762,1579.3442857142854,22390.819047619047,21
75586,6,92.3200x0,4,232.61058823529413,2793.291176470588,2335.525882352941,24686.226470588233,34
75587,6,92.3200x0,5,255.2913888888889,2560.572222222222,3159.5301851851855,23738.124259259257,108
75588,6,92.3200x0,6,382.75828125,3769.7974999999997,2974.10140625,26534.78109375,64
75589,6,92.3200x0,8,277.4019565217391,3395.176086956522,2805.07,25526.694130434782,46
75593,6,92.3201,2,324.3044680851064,2144.234893617021,1099.0353191489362,23755.208723404256,47
75594,6,92.3201,3,131.8975,2253.0245454545457,779.0197727272728,21724.097272727275,88
75595,6,92.3201,4,140.19909836065574,2373.178032786885,1001.5913934426229,21265.440737704917,122
75596,6,92.3201,5,116.40518518518519,2284.0066666666667,860.9812962962963,21124.059555555556,270
75597,6,92.3201,6,135.24060810810812,2471.6114864864867,1336.6826351351351,20868.202635135138,148
75598,6,92.3201,8,149.0314736842105,2624.2747368421055,1226.9483157894736,20132.476,95
75599,6,92.3201,9,174.8046666666667,2632.5606666666667,1570.4146666666668,19344.808666666668,30
75610,6,93.0103,5,150.7615625,3311.68125,3034.083125,12974.3021875,32
75612,6,93.0103,8,262.7442307692308,3873.826923076923,3987.1534615384617,14943.394615384615,26
75613,6,93.0103,9,310.16945205479453,5652.035753424658,6485.011369863014,19884.474931506847,73
75627,6,93.0107,5,125.7826923076923,3747.376923076923,1790.0857692307693,10810.206538461538,26
75628,6,93.0107,6,188.17666666666668,3935.214285714286,2280.8938095238095,10651.521428571428,21
75629,6,93.0107,8,165.65205882352942,3025.3794117647058,2123.781176470588,10917.535588235294,34
75642,6,93.0800x0,5,188.3811111111111,3312.0103703703703,1134.2214814814815,6256.156666666667,27
75643,6,93.0800x0,6,125.33782608695653,3988.586956521739,1427.4191304347826,7173.394782608696,23
75644,6,93.0800x0,8,194.81761904761905,3721.962857142857,2379.059523809524,8763.493333333332,21
75687,6,93.1301,5,1742.5108695652175,5921.17304347826,6738.511304347827,43065.21043478261,23
75696,6,93.1400,5,155.48153846153846,2648.563076923077,865.0610256410256,11770.174871794872,39
75707,6,93.1600x0,5,537.8108571428571,2466.7114285714283,2369.495142857143,21511.036285714286,35
75709,6,93.1600x0,8,280.08,4440.096666666666,3570.2446666666665,16968.240999999998,30
75723,6,93.1900,5,129.91375,2009.1553571428572,986.8917857142858,4864.589464285715,56
75724,6,93.1900,6,137.41885714285715,1906.9,1065.1397142857143,5257.484285714286,35
75725,6,93.1900,8,168.63826923076925,2287.2326923076926,1264.3001923076922,6266.542307692308,52
75726,6,93.1900,9,204.42675675675676,2358.210810810811,1329.8229729729728,6404.245675675676,37
75730,6,93.1900x0,3,32.59391304347826,1774.0391304347827,742.0260869565218,9427.591304347827,23
75731,6,93.1900x0,4,266.58375,2525.015,2253.64925,15938.99675,40
75732,6,93.1900x0,5,55.67905660377358,2319.132075471698,1625.3515094339623,11510.08320754717,53
75733,6,93.1900x0,6,251.95000000000002,2868.15,2845.868157894737,14442.496578947368,38
75734,6,93.1900x0,8,169.89295454545456,2662.9454545454546,3721.0815909090907,15769.399772727273,44
75735,6,93.1900x0,9,151.75343750000002,3453.190625,4229.0409375,18348.1759375,32
75755,6,93.2600x0,2,23.340384615384615,1191.7846153846153,414.20115384615383,6970.109230769231,26
75756,6,93.2600x0,3,42.2889552238806,1309.2402985074627,770.5617910447761,8418.072089552239,67
75757,6,93.2600x0,4,69.82943548387097,1638.7471774193548,1305.086693548387,8472.054435483871,124
75758,6,93.2600x0,5,156.05307692307693,1993.571282051282,1325.7368803418804,9081.604188034187,234
75759,6,93.2600x0,6,67.5423,2025.651,2059.5013,10459.7318,100
75760,6,93.2600x0,8,88.6333734939759,2108.8306024096387,1808.570481927711,9752.90734939759,83
75761,6,93.2600x0,9,180.74235294117648,3166.260882352941,2885.9917647058824,13191.796764705883,34
75774,6,93.3300x0,5,43.58560000000001,1998.868,1298.046,6243.680799999999,25
75787,6,93.3500x0,0,73.06488262910798,907.3662910798122,958.2770422535211,4323.3700469483565,213
75788,6,93.3500x0,1,63.158965517241384,1248.099224137931,1224.119396551724,5064.6872844827585,232
75789,6,93.3500x0,2,68.96854761904763,1407.4813571428572,1147.9832380952382,4810.4293809523815,420
75790,6,93.3500x0,3,85.04818298969072,1621.9694974226804,1441.2793427835052,5815.826146907217,776
75791,6,93.3500x0,4,102.28301169590642,1909.043918128655,1813.1776900584796,6877.820107212476,1026
75792,6,93.3500x0,5,104.48416231608923,2135.146706217371,2151.6229378262933,7588.223830090175,2107
75793,6,93.3500x0,6,125.9041334127457,2401.91584276355,2495.4659678379985,8066.942001191184,1679
75794,6,93.3500x0,8,132.36215856777494,2664.8102966751917,2716.3883222506392,8735.813186700769,1955
75795,6,93.3500x0,9,185.26374001452433,3067.941009440813,3246.8872839506175,10489.449658678286,1377
75809,6,93.3502,5,121.63733333333333,2436.3399999999997,2554.99,9556.532666666666,30
75810,6,93.3502,6,206.77,3428.1952380952384,1995.2871428571427,9974.988095238095,21
75813,6,93.3503,0,1010.6613333333333,1657.038,1345.3563333333334,8362.324,30
75815,6,93.3503,2,290.99684210526317,1668.5501754385964,1431.017192982456,5721.704736842105,57
75816,6,93.3503,3,155.17805194805194,1898.9670129870128,1436.6435064935065,6668.588571428571,77
75817,6,93.3503,4,111.57787037037036,1866.935462962963,1537.4464814814814,6396.512407407407,108
75818,6,93.3503,5,106.85383720930233,2128.488992248062,1748.5798837209302,7000.6906976744185,258
75819,6,93.3503,6,74.96467153284671,2082.3027737226275,2223.245182481752,7517.112262773722,137
75820,6,93.3503,8,107.7468862275449,2761.147365269461,2328.179401197605,8072.553173652694,167
75821,6,93.3503,9,130.6005426356589,2797.2367441860465,2531.1600000000003,8796.457054263565,129
75822,6,93.3504,0,179.4794943365696,1709.9252063106796,1448.781432038835,5581.4484991909385,2472
75823,6,93.3504,1,264.9262992125984,2018.744251968504,1775.506220472441,6000.935984251969,127
75824,6,93.3504,2,51.3525,823.9444444444445,681.3333333333334,2977.5913888888886,36
75825,6,93.3504,3,55.490327868852454,796.1032786885246,572.9380327868853,2949.918524590164,61
75826,6,93.3504,4,76.92,1527.7583333333334,972.0547222222223,5315.4525,36
75827,6,93.3504,5,34.666170212765955,1534.9446808510636,833.1310638297872,4992.86829787234,47
75828,6,93.3504,6,56.675483870967746,1475.4096774193547,737.8025806451614,4433.024193548387,31
75829,6,93.3504,8,67.68717948717948,1879.8102564102567,1025.1817948717949,5597.886923076923,39
75836,6,93.3505,5,86.6225,2888.85,1562.2891666666665,6511.776500000001,60
75837,6,93.3505,6,90.20763636363637,3422.3127272727274,2229.4849090909092,7690.707454545455,55
75838,6,93.3505,8,106.51026666666667,3355.552,1876.6970666666666,7471.298266666667,75
75839,6,93.3505,9,113.59106060606061,3939.4384848484847,3114.537878787879,10019.92106060606,66
75843,6,93.3506,3,48.02826086956522,1755.2434782608696,577.5460869565217,7612.41,23
75844,6,93.3506,4,52.16,1507.75,987.556,6493.526666666668,30
75845,6,93.3506,5,62.326,2276.75,1656.5748,10081.7744,50
75846,6,93.3506,6,487.1289130434783,2529.3217391304347,1569.4165217391305,9944.403695652174,46
75847,6,93.3506,8,93.53666666666666,2516.369696969697,2277.9436363636364,11111.711818181819,33
75860,6,93.3510,2,69.69884615384616,1803.2064102564104,929.2657692307691,6593.723717948718,78
75861,6,93.3510,3,62.91456043956045,2245.5983516483516,874.8503296703298,6722.470384615385,182
75862,6,93.3510,4,71.50586092715231,2503.6384105960265,1241.965331125828,7752.6904304635755,302
75863,6,93.3510,5,91.995625,2721.942326388889,1444.8380902777778,8518.142222222223,576
75864,6,93.3510,6,116.24390109890109,3202.568186813187,1757.5879945054946,9593.313324175824,364
75865,6,93.3510,8,148.9829606625259,3460.1345548654244,2285.8541407867497,10875.184844720497,483
75866,6,93.3510,9,207.1896923076923,4064.0072000000005,3099.4844307692306,13077.18723076923,325
75898,6,93.3517,2,78.7104761904762,1330.0904761904762,1450.9157142857143,4374.145238095238,21
75899,6,93.3517,3,96.41283018867925,1972.3777358490568,1629.0258490566036,5643.373396226415,53
75900,6,93.3517,4,70.04870588235295,1785.5463529411766,1906.9584705882353,5578.445176470588,85
75901,6,93.3517,5,103.68794871794871,2169.389807692308,2191.8509615384614,6673.675448717949,156
75902,6,93.3517,6,121.42546666666667,2516.4450666666667,3227.6033333333335,8220.710533333333,150
75903,6,93.3517,8,120.77361538461538,2615.8384615384616,2903.373076923077,7934.773,260
75904,6,93.3517,9,133.1090594059406,2640.5921782178216,2878.2394059405938,7828.529207920792,202
75932,6,93.3523,4,58.06346153846154,2367.423076923077,2015.7423076923078,7133.053461538462,26
75933,6,93.3523,5,85.36535714285715,2615.2357142857145,2233.0439285714288,7308.342857142858,28
75934,6,93.3523,6,95.01464285714285,2827.782142857143,2587.471785714286,8402.301785714286,28
75935,6,93.3523,8,148.44714285714286,3075.209523809524,3489.7847619047616,9868.75380952381,21
75936,6,93.3523,9,214.7695238095238,3011.052380952381,3225.278095238095,10492.881428571429,21
75955,6,93.3801,0,21.75111111111111,892.6947222222223,250.86138888888888,23415.521111111113,36
75960,6,93.3802,3,462.30434782608694,3654.216086956522,3363.9695652173914,20953.869565217392,23
75961,6,93.3802,4,134.73606557377047,2419.1339344262296,3725.1544262295083,20578.884590163932,61
75962,6,93.3802,5,361.7978350515464,2984.7046907216495,4846.246701030927,21953.852422680415,194
75963,6,93.3802,6,348.2350299401198,3753.352155688623,5795.1900598802395,23898.772874251496,167
75964,6,93.3802,8,372.6477777777778,4061.3201169590643,5211.734269005849,23189.64274853801,171
75965,6,93.3802,9,269.5335135135135,4434.1789189189185,4068.961216216216,19965.570675675677,74
75979,6,93.3804,5,894.3152173913044,2253.7404347826086,3281.6600000000003,22332.246086956522,23
75983,6,93.3900,0,58.64987804878049,566.1676829268292,1122.9256097560974,3423.9498780487806,164
75987,6,93.3900,4,116.05136363636365,2166.4636363636364,1889.1236363636365,7988.193181818182,22
75988,6,93.3900,5,113.51950000000001,2507.076666666667,2708.039166666667,9442.834833333332,60
75989,6,93.3900,6,225.7238888888889,2893.740740740741,3203.8198148148144,10036.344444444445,54
75990,6,93.3900,8,124.16131147540983,3226.565573770492,3461.2095081967213,11260.676229508197,61
75991,6,93.3900,9,143.43754098360657,2954.6081967213117,4159.347540983606,12309.372950819672,61
75994,6,93.3900x0,2,39.626666666666665,1297.9624999999999,759.8445833333334,3567.25625,24
75995,6,93.3900x0,3,57.67763636363636,1837.2727272727273,809.8310909090909,6681.924727272727,55
75996,6,93.3900x0,4,82.31067567567567,2467.531081081081,1251.5124324324324,7653.282972972974,74
75997,6,93.3900x0,5,122.65937888198758,2648.3381366459625,1488.747204968944,8562.801739130435,161
75998,6,93.3900x0,6,136.18574626865671,3262.2516417910447,2107.5785820895526,9798.501641791045,134
75999,6,93.3900x0,8,125.75133333333333,3399.5413333333336,2250.1794,9951.1894,150
76000,6,93.3900x0,9,198.88587155963305,3676.2238532110096,3516.4069724770643,13047.70266055046,109
76007,6,93.3902,1,136.30408163265307,2113.7816326530615,672.5332653061224,6570.428367346939,49
76008,6,93.3902,2,103.80603448275862,1857.7186206896552,1377.5825862068966,7132.7520689655175,58
76009,6,93.3902,3,115.69601941747574,2411.1374757281556,1499.445145631068,8690.347572815534,103
76010,6,93.3902,4,109.87770491803278,2233.055956284153,1946.9288524590163,8186.223387978142,183
76011,6,93.3902,5,116.34479452054795,2678.165068493151,1946.375684931507,8322.168538812784,438
76012,6,93.3902,6,106.96754901960784,3005.441495098039,1916.3965686274512,8478.864313725491,408
76013,6,93.3902,8,109.8043879472693,2906.0298493408663,2213.990056497175,8351.523408662899,531
76014,6,93.3902,9,167.12752873563218,3404.824798850575,2651.0002298850573,10240.301494252873,348
76022,6,93.3905,0,159.43198529411765,620.75,810.2322058823529,2716.2980147058825,136
76024,6,93.3906,0,161.45202572347267,1138.8559485530548,1040.3022508038584,4310.721318327975,311
76036,6,93.3908,2,63.0896,1720.83,1509.9804000000001,4978.0294,50
76037,6,93.3908,3,73.27362745098038,2030.7017647058822,1738.5351960784312,5961.341176470589,102
76038,6,93.3908,4,99.4094642857143,2294.7048214285714,2148.688035714286,7733.352678571428,112
76039,6,93.3908,5,90.70995652173913,2622.276956521739,2307.853782608696,8501.875391304347,230
76040,6,93.3908,6,87.42125748502994,3027.180718562874,2436.312035928144,8611.14892215569,167
76041,6,93.3908,8,111.84484848484848,3093.075303030303,2759.382196969697,9076.297348484848,132
76042,6,93.3908,9,166.6872881355932,3777.546440677966,3267.037118644068,10040.280338983051,118
76048,6,93.3909,3,19.83653846153846,895.2692307692307,911.0096153846154,4618.406153846154,26
76049,6,93.3909,4,24.010384615384616,821.8538461538462,1085.4180769230768,5652.333846153846,26
76050,6,93.3909,5,35.81093023255814,913.5348837209302,991.1646511627907,6309.395348837209,43
76051,6,93.3909,6,13.659166666666666,971.6666666666666,1102.1387499999998,6541.589583333333,24
76052,6,93.3909,8,53.075945945945946,1646.8351351351353,1659.4018918918919,8139.37081081081,37
76053,6,93.3909,9,68.75809523809524,1460.9952380952382,1210.3157142857144,6724.930952380952,21
76054,6,93.3910,0,132.30033136094676,1041.1550414201183,1006.351550295858,3695.5133372781065,845
76055,6,93.3910,1,98.8288888888889,1283.6946031746031,1198.098253968254,4265.760952380952,63
76056,6,93.3910,2,63.971363636363634,1555.1784090909093,1564.0179545454548,4879.301818181818,44
76057,6,93.3910,3,89.63763440860214,1693.906451612903,1637.951827956989,5413.632258064516,93
76058,6,93.3910,4,88.88355555555556,2138.7352592592592,2001.3628888888888,6438.725703703703,135
76059,6,93.3910,5,82.74285223367698,2207.818556701031,2320.2235051546395,7053.801512027491,291
76060,6,93.3910,6,111.9467924528302,2514.2818867924525,2698.0396981132076,7777.478037735848,265
76061,6,93.3910,8,130.45534351145037,2737.7078880407125,3197.723078880407,8969.964452926208,393
76062,6,93.3910,9,162.83908831908832,3341.578660968661,3625.7213675213675,10655.071766381767,351
76080,6,93.4200x0,4,37.83481481481482,1608.8925925925926,1370.7555555555557,6204.954814814815,27
76081,6,93.4200x0,5,34.4440625,1424.85625,1138.2275,6594.780625,32
76085,6,93.4201,0,108.27760869565216,946.1782608695652,186.5821739130435,2714.2484782608694,46
76086,6,93.4201,1,43.754999999999995,1500.2076923076925,229.13807692307694,3772.1573076923078,26
76090,6,93.4201,5,89.4890909090909,2011.1945454545455,1438.8952272727272,7139.625681818181,44
76131,6,93.4406,9,1513.229696969697,4397.086363636364,3121.3506060606064,13907.41393939394,33
76141,6,93.4600,0,71.432,1050.3596,283.253,3596.2016999999996,100
76142,6,93.4600,1,70.5316,1660.7720000000002,840.0244,5044.4764000000005,25
76148,6,93.4600,9,208.56238095238098,4199.413333333333,1141.314285714286,8231.805238095238,21
76149,6,93.4600x0,0,89.5078125,1187.9671875,255.41640625,3660.753125,64
76150,6,93.4600x0,1,44.555416666666666,1416.5479166666667,350.0854166666666,3776.605,24
76157,6,93.4600x0,9,514.4730952380953,4711.403571428571,2367.6514285714284,11881.224761904761,42
76176,6,93.5300x0,0,273.6117391304348,1268.958695652174,100.38260869565218,3033.635652173913,23
76179,6,93.5300x0,3,204.40633333333335,2148.61,1452.979,5711.668000000001,30
76180,6,93.5300x0,4,199.1508695652174,2068.4647826086957,1498.8821739130435,6094.084347826087,23
76181,6,93.5300x0,5,197.35706896551721,2065.7543103448274,1443.7979310344826,7159.296206896552,58
76182,6,93.5300x0,6,200.15653846153845,3041.1496153846156,1422.7473076923077,8138.793846153845,26
76183,6,93.5300x0,8,323.145625,3321.9665625,2696.4096875,9413.5678125,32
76196,6,93.5400x0,5,189.39735849056603,2026.3028301886793,2352.1424528301886,9244.966981132075,53
76197,6,93.5400x0,6,251.70189189189193,2100.0108108108107,2191.796216216216,7763.424594594595,37
76198,6,93.5400x0,8,210.48806451612904,2573.5387096774193,2952.7541935483873,9969.460645161289,31
76201,6,93.5401,1,232.22222222222223,1977.75,514.2848148148148,4203.449629629629,27
76204,6,93.5401,4,259.87969696969697,1810.989393939394,1160.5157575757576,6720.976363636364,33
76205,6,93.5401,5,279.17238095238093,2564.5174603174605,1735.302222222222,7159.4453968253965,63
76206,6,93.5401,6,254.56673913043477,2518.458695652174,2197.821304347826,7853.628913043478,46
76207,6,93.5401,8,408.98386363636365,3220.3836363636365,1917.9538636363636,9053.573863636364,44
76208,6,93.5401,9,212.85590909090908,2822.5195454545456,2324.6918181818182,8719.36681818182,22
76209,6,93.5402,0,216.06363636363636,1270.287121212121,371.7989393939394,3502.5686363636364,66
76210,6,93.5402,1,161.6846987951807,1585.2463855421688,630.4040963855422,4429.756024096386,83
76211,6,93.5402,2,211.58973333333333,1682.9065333333333,1049.4105333333334,5118.420666666667,75
76212,6,93.5402,3,168.39632653061224,1736.6340816326533,1152.6042857142857,4799.592142857143,98
76213,6,93.5402,4,217.60843283582088,1907.117910447761,1171.9552985074627,5671.796119402986,134
76214,6,93.5402,5,192.4396911196911,1992.6877606177607,1433.8822007722008,6026.340810810811,259
76215,6,93.5402,6,219.70993548387096,2332.931806451613,1886.0150967741938,7056.902516129032,155
76216,6,93.5402,8,296.34593103448276,2772.6564827586208,1864.8929655172412,8080.929931034483,145
76217,6,93.5402,9,307.779625,2894.2732499999997,1498.8768750000002,7352.376125,80
76238,6,93.5405,3,220.44181818181818,1605.2575757575758,3951.76,12606.60787878788,33
76239,6,93.5405,4,225.8996551724138,1587.0862068965516,4372.116551724138,12646.53344827586,29
76240,6,93.5405,5,252.72235294117647,1734.8798039215685,4666.596862745098,13509.38882352941,51
76241,6,93.5405,6,246.38033333333334,1418.5800000000002,4052.839,12312.249333333333,30
76242,6,93.5405,8,277.4771428571429,1528.2238095238095,3690.6895238095235,11999.509523809524,21
76282,6,93.5800,8,191.13854545454546,2892.581818181818,1772.2065454545454,7521.508727272727,55
76283,6,93.5800,9,233.91416666666666,2836.0694444444443,1858.4119444444445,7659.5275,36
76328,6,93.6702,4,106.6842857142857,1567.5857142857144,1761.2739285714285,7482.485357142857,28
76329,6,93.6702,5,72.77538461538462,1577.4557692307692,1880.3453846153845,7101.033461538462,26
76365,6,93.8900,5,113.66268292682928,3345.2158536585366,1228.4370731707318,6414.992195121951,41
76366,6,93.8900,6,171.25625,3503.2655,2321.61325,9238.93175,40
76367,6,93.8900,8,147.70444444444445,4013.144938271605,1762.3317283950616,8218.425308641974,81
76368,6,93.8900,9,168.13047619047617,4528.511190476191,1432.7173809523808,8533.19619047619,42
76374,6,93.9000,0,1382.9673029045643,8838.068644536652,4205.117800829876,28346.95410788382,723
76377,6,93.9000,3,2310.055862068966,8257.334827586206,10973.944827586207,29948.733448275863,29
76378,6,93.9000,4,2024.956923076923,9188.909615384615,7759.3126923076925,31167.744615384614,52
76379,6,93.9000,5,2719.937474226804,7307.201494845362,7191.195360824742,24945.258350515465,194
76380,6,93.9000,6,938.3081502890174,6084.654219653179,6069.125173410404,19016.135260115607,346
76381,6,93.9000,8,948.983408071749,6986.15086696562,6030.203378176383,20187.499118086696,669
76382,6,93.9000,9,1564.5497350993378,8870.606490066226,7695.366109271523,27385.369718543046,604
76390,6,93.9000x0,0,1227.1047496423462,8772.88017167382,4849.394907010014,27575.641459227467,699
76393,6,93.9000x0,3,917.2502127659575,8385.98829787234,6968.250851063829,22779.99914893617,47
76394,6,93.9000x0,4,1161.4255714285714,6924.301428571428,7077.672071428571,22755.130214285713,140
76395,6,93.9000x0,5,794.1463133640553,5569.373471582181,5125.625683563748,16818.464608294933,651
76396,6,93.9000x0,6,771.9055500705219,5382.700430183357,4813.954330042313,16212.785190409026,1418
76397,6,93.9000x0,8,756.308026504298,5453.082213467048,5042.363441977078,16685.12784025788,2792
76398,6,93.9000x0,9,830.4603416605437,6661.330506980162,5892.407027920646,19842.97067597355,2722
76399,6,93.9001,0,722.3811111111111,5038.112136752136,3135.6620512820514,19070.063482905985,468
76405,6,93.9001,8,598.3265384615385,6121.54,4373.309230769231,17143.956538461538,26
76413,6,93.9400,0,424.0221739130435,3959.5660869565218,2006.5637267080747,9471.859937888199,161
76416,6,93.9401,0,207.23629984856134,1380.0275618374558,1043.8105939761065,4281.899444724886,5943
76417,6,93.9401,1,141.31513605442177,1468.1711224489795,1404.3915306122449,4275.643979591837,294
76418,6,93.9401,2,73.81618181818182,1673.630909090909,1178.9681818181818,3837.616181818182,55
76419,6,93.9401,3,78.09989795918368,1771.3010204081634,1397.3308163265308,4316.320510204082,98
76420,6,93.9401,4,116.91669014084508,2271.5288732394365,1848.6169014084505,5602.855845070423,142
76421,6,93.9401,5,161.6351914893617,2743.69170212766,2339.3511063829787,7243.075659574468,235
76422,6,93.9401,6,209.1678195488722,3179.992142857143,3051.216052631579,8650.78537593985,266
76423,6,93.9401,8,251.61843243243246,3340.223324324324,3128.6526756756757,9254.65154054054,370
76424,6,93.9401,9,272.6750859106529,3736.3912371134024,3544.3321305841923,10585.241821305843,291
76427,6,93.9500,2,259.94,2576.8323333333333,2855.284,9048.041,30
76428,6,93.9500,3,474.0966666666667,2547.301282051282,2899.808205128205,10282.145384615384,39
76429,6,93.9500,4,452.54833333333335,2935.483333333333,2622.338666666667,10100.825666666668,60
76430,6,93.9500,5,192.18506329113924,2645.267088607595,2843.381518987342,10607.97329113924,79
76431,6,93.9500,6,189.11079365079365,3089.633333333333,2146.615238095238,9243.622063492063,63
76432,6,93.9500,8,255.07462962962964,3149.1798148148146,2957.982037037037,10342.543518518518,54
76441,6,93.9601,0,349.11040747028864,2766.85474533107,1177.7774448217317,7739.18370967742,1178
76442,6,93.9601,1,213.74547169811322,2247.805943396226,1137.5049056603773,5382.719433962264,106
76443,6,93.9601,2,70.70713207547169,2034.179320754717,870.9521509433963,3998.537320754717,265
76444,6,93.9601,3,86.79322077922077,2137.0586753246753,1236.3496883116884,4595.762415584416,385
76445,6,93.9601,4,151.36170731707318,3108.3996747967476,2063.3804674796747,6976.755101626016,492
76446,6,93.9601,5,161.68128649635037,3402.873905109489,2381.7205930656933,7921.210666058395,1096
76447,6,93.9601,6,180.97478260869565,3495.1561938702775,2538.3625160370634,8441.037676407697,1403
76448,6,93.9601,8,203.23251918735892,3796.484356659142,2856.636433408578,9260.552713318286,2215
76449,6,93.9601,9,221.66181589537223,4040.7985110663985,3014.5297987927565,10053.485,1988
76454,6,93.9800,5,275.61095238095237,3718.3714285714286,5515.731904761905,14332.069047619048,21
76455,6,93.9800,6,416.3029166666667,3527.7333333333336,3953.490416666667,12183.348333333333,24
76456,6,93.9800,8,328.835,4407.744117647058,3915.649117647059,13052.242647058823,34
76457,6,93.9800,9,255.10431818181817,4358.565909090909,3799.329318181818,13378.326818181818,44
76462,6,94.0200x0,1,15.748695652173911,2011.0521739130434,454.84826086956525,7882.055217391304,23
76466,6,94.0200x0,5,49.45242424242424,3012.409090909091,1435.028787878788,7839.265454545455,33
76467,6,94.0200x0,6,38.16108108108108,2946.6162162162163,1703.1224324324323,7681.062162162162,37
76468,6,94.0200x0,8,91.11724137931034,3859.3206896551724,2723.536551724138,9031.12103448276,29
76469,6,94.0200x0,9,86.19857142857143,3584.0178571428573,2016.8678571428572,8241.321785714286,28
76506,6,94.2300x0,1,11.80135593220339,2352.2033898305085,172.57,5748.049322033898,59
76507,6,94.2300x0,2,17.77553191489362,2644.5829787234043,703.2868085106384,11957.079361702128,47
76508,6,94.2300x0,3,16.068103448275863,2976.858620689655,1235.503103448276,14870.233275862069,58
76509,6,94.2300x0,4,26.88009174311927,2963.78623853211,953.344495412844,16359.394311926606,109
76510,6,94.2300x0,5,23.454144736842107,3197.6611842105262,1007.3502631578947,16619.005065789475,152
76511,6,94.2300x0,6,35.31464788732394,4374.064788732394,1383.2523943661972,19509.141690140845,71
76512,6,94.2300x0,8,21.14313725490196,3058.762745098039,715.9733333333334,12646.663529411764,51
76521,6,94.2600,1,400.18607142857144,5671.231428571428,1981.7615714285714,17435.000714285714,140
76522,6,94.2600,2,362.36693181818185,5093.861477272727,2157.2182386363634,19364.40164772727,176
76523,6,94.2600,3,336.4060714285714,4826.949642857143,1994.7093750000001,18913.74455357143,112
76524,6,94.2600,4,250.69549999999998,4125.1475,1656.6029999999998,17605.991,40
76525,6,94.2600,5,241.9176086956522,4534.015217391305,1793.8813043478262,16482.631304347826,46
76532,6,94.2701,1,399.45021126760565,4436.36338028169,1346.6461971830986,15038.90429577465,142
76533,6,94.2701,2,413.262,5982.547741935484,2060.1207096774197,20333.488322580644,155
76534,6,94.2701,3,346.07414414414416,6187.601801801802,1787.6496396396394,20404.31387387387,111
76535,6,94.2701,4,381.963625,6766.123750000001,1798.015625,20963.524125,80
76536,6,94.2701,5,320.7058474576271,7676.06186440678,2101.9248305084748,25871.921864406777,118
76537,6,94.2701,6,345.69290322580645,5848.225806451613,1959.5887096774193,19631.129032258064,31
76539,6,94.2702,1,383.05753424657536,4537.3493150684935,1130.1342465753426,14644.778082191782,73
76540,6,94.2702,2,278.25793103448274,5672.305172413793,1171.502068965517,15743.960000000001,58
76541,6,94.2702,3,245.06722222222223,7071.785185185186,1366.111111111111,19739.261666666665,54
76542,6,94.2702,4,231.32775,7201.0525,1377.35075,18945.2635,40
76543,6,94.2702,5,225.70129032258063,7472.4580645161295,1263.4425806451613,19570.626129032258,62
76544,6,94.2702,6,225.45772727272725,7124.954545454545,1325.639090909091,18791.75590909091,22
76551,6,94.2900x0,8,95.80827586206897,3033.793103448276,1528.7503448275863,6611.955172413794,29
76554,6,94.2901,1,77.4338864628821,3168.670305676856,493.6496069868995,7884.779650655022,229
76555,6,94.2901,2,118.29510638297872,2925.5021276595744,641.0635106382979,8173.196595744681,94
76556,6,94.2901,3,86.54032608695653,2949.48152173913,884.8557608695652,8937.09054347826,92
76557,6,94.2901,4,114.49051470588235,3137.510073529412,1200.9924264705883,9026.48375,136
76558,6,94.2901,5,106.88034999999999,3054.6124,1362.7302,9484.104150000001,200
76559,6,94.2901,6,133.33679999999998,3327.34056,1468.32848,11157.2268,125
76560,6,94.2901,8,171.86474226804125,3991.0265979381443,2099.7159793814435,12078.68474226804,97
76561,6,94.2901,9,110.57,3936.3915151515153,1800.5172727272727,9157.65,33
76571,6,94.3300,1,13.40684210526316,2603.8936842105263,192.794,6249.47347368421,95
76573,6,94.3300,3,18.48818181818182,2478.3454545454542,349.1148484848485,7881.796969696969,33
76574,6,94.3300,4,28.642580645161292,3108.9032258064517,729.6245161290323,11268.42129032258,31
76575,6,94.3300,5,23.402394366197182,3615.56338028169,702.5376056338027,11768.982253521126,71
76576,6,94.3300,6,19.195849056603773,2755.1132075471696,439.4688679245283,7769.381698113207,53
76590,6,94.3900x0,1,31.224166666666665,1922.8125,436.81583333333333,5884.630833333334,24
76591,6,94.3900x0,2,29.442068965517244,2653.748275862069,548.048275862069,7946.233103448276,29
76592,6,94.3900x0,3,10.747857142857143,3048.246428571428,643.6324999999999,13858.673928571428,28
76593,6,94.3900x0,4,25.00766666666667,3115.14,829.3263333333333,15664.114,30
76594,6,94.3900x0,5,36.60037735849056,2996.032075471698,1075.2664150943397,16517.309811320756,53
76611,6,94.4401,1,6.408857142857143,2035.017142857143,428.9714285714286,9587.528571428571,35
76615,6,94.4401,5,31.52782608695652,1996.5565217391302,996.7339130434783,8829.31043478261,23
76649,6,95.0400,5,31.362903225806452,1461.016129032258,834.451935483871,3466.531612903226,31
76650,6,95.0400,6,42.77740740740741,1229.7407407407406,753.1437037037037,3282.4574074074076,27
76665,6,95.1100,0,268.2705405405406,2462.883166023166,488.1844015444015,7397.507297297297,259
76670,6,95.1100,5,339.69388888888886,4917.445277777778,2012.7877777777778,8643.582499999999,36
76671,6,95.1100,6,262.2944444444445,5070.101944444445,1849.3866666666665,8427.337500000001,36
76672,6,95.1100,8,181.0932,4425.9636,2085.9724,8801.5668,25
76679,6,95.1201,4,89.08130434782608,3889.1782608695653,874.8543478260871,5879.822608695653,23
76680,6,95.1201,5,102.34153846153846,4298.5615384615385,1151.66,7054.034615384615,26
76681,6,95.1201,6,146.37636363636364,3244.240909090909,619.7627272727273,4803.046363636364,22
76747,6,95.4300,0,161.38222222222223,6473.6227777777785,1004.9916666666666,10770.514166666668,36
76760,6,95.4601,5,104.8158108108108,1989.167837837838,1472.5660810810812,5163.491756756757,74
76761,6,95.4601,6,104.21978494623656,2123.1721505376345,1749.0550537634408,5616.713655913978,93
76762,6,95.4601,8,101.76432000000001,1699.8120800000002,1758.0416,5208.933599999999,125
76763,6,95.4601,9,95.963125,1717.2124999999999,1812.749375,5410.6621875,32
76764,6,95.4700,0,198.667,3001.5986666666663,256.0796666666667,6126.6466666666665,30
76774,6,96.0400,0,1838.8905905511813,10412.463307086615,10493.243779527558,39211.91362204724,254
76776,6,96.0400,2,2388.0165384615384,8686.046153846153,10842.001153846155,31430.26192307692,26
76777,6,96.0400,3,3311.8853488372097,9944.832790697674,10588.460000000001,36267.337441860465,43
76778,6,96.0400,4,2915.3990825688074,9956.174220183486,11202.359357798165,35632.47009174312,109
76779,6,96.0400,5,2193.2775477707005,9258.628343949043,10612.812165605095,32900.65872611465,314
76780,6,96.0400,6,2553.417122302158,9546.600431654677,10254.529664268586,33466.18647482014,417
76781,6,96.0400,8,2037.1085857142857,9919.086628571427,10490.927628571428,33318.89377142857,700
76782,6,96.0400,9,2203.0007779578605,10977.66155591572,11449.773111831442,37432.02285251216,617
76799,6,96.0700,0,559.4071681415929,4844.224336283186,2265.156283185841,14251.603274336283,113
76802,6,96.0700,3,289.7564516129033,4265.354838709677,3556.8832258064517,11634.83,31
76803,6,96.0700,4,284.761,3492.6663333333336,4938.899666666666,12224.357333333332,30
76804,6,96.0700,5,410.88710144927535,4466.76579710145,4708.161014492754,13497.032898550726,69
76805,6,96.0700,6,432.1508333333333,4877.922666666666,4589.942,14314.065999999999,60
76806,6,96.0700,8,614.0761261261262,6412.819729729729,6449.062882882883,19867.36855855856,111
76807,6,96.0700,9,517.1090298507463,6152.009179104478,5970.757164179105,19160.19485074627,134
76808,6,96.0700x0,0,657.545652173913,4692.065217391304,2051.931304347826,13937.304347826086,23
76811,6,96.0700x0,3,392.5166666666667,3939.7081481481478,4609.760370370371,12048.237407407409,27
76812,6,96.0700x0,4,326.6615151515152,3767.2948484848484,2937.7166666666667,10127.288787878788,33
76813,6,96.0700x0,5,315.98323529411766,4208.713088235294,5747.963676470588,14766.441470588235,68
76814,6,96.0700x0,6,289.89238095238096,3228.7519047619044,2221.7804761904763,8517.926666666666,42
76815,6,96.0700x0,8,574.4834042553192,4782.262978723404,4319.769574468085,14367.848936170214,47
76816,6,96.0700x0,9,487.97137931034484,6010.7453448275855,5189.433793103449,15886.482068965517,58
76857,6,96.2900,0,1013.9365686274509,2563.5104411764705,241.45794117647057,4808.165882352941,204
76860,6,96.3300,0,81.35511811023622,2234.072440944882,435.67102362204724,6069.988661417323,127
76886,6,96.3500,9,678.0752,8025.55,6158.411999999999,21936.9268,25
76894,6,96.3500x0,8,781.6504878048781,12136.68024390244,5303.021219512195,33562.862682926825,41
76895,6,96.3500x0,9,623.1645833333333,15359.792777777779,6598.035833333333,42408.410416666666,72
76907,6,96.3700x0,5,497.93102564102566,3618.4276923076923,2960.8476923076923,10334.302564102563,39
76909,6,96.3700x0,8,466.18190476190483,3421.1200000000003,2421.8042857142855,9515.845714285715,21
76911,6,96.3701,0,57.10323076923077,803.5289230769231,1069.0204615384616,2908.391076923077,65
76914,6,96.3701,3,192.035,1887.6533333333332,2163.045666666667,5813.827333333334,30
76915,6,96.3701,4,303.6426666666667,2314.5333333333333,4463.562666666667,9735.180666666665,30
76916,6,96.3701,5,256.22811320754715,2982.7169811320755,3651.594528301887,9506.522452830188,53
76917,6,96.3701,6,250.7786956521739,4352.778260869565,4399.839565217391,11977.718695652173,23
76918,6,96.3701,8,206.3064,3075.16,3653.9120000000003,9773.4364,25
76928,6,96.3900,5,207.41703703703703,3492.422222222222,2814.431481481481,8972.91037037037,27
76929,6,96.3900,6,173.2759090909091,3042.7027272727278,2545.996818181818,8089.589545454545,22
76930,6,96.3900,8,346.93370370370366,4092.7200000000003,3134.7755555555555,10419.22037037037,27
76931,6,96.3900,9,170.69815789473682,2864.607368421053,2392.838157894737,7652.908157894737,38
76946,6,96.3904,3,326.34,2865.219722222222,2829.2366666666667,8359.056111111111,36
76947,6,96.3904,4,306.52875,2878.05125,3689.3767500000004,8969.9485,40
76948,6,96.3904,5,271.31604166666665,3488.169583333334,3857.12875,10089.039791666666,48
76950,6,96.3904,8,224.90454545454546,3989.580606060606,3107.0315151515156,10105.949999999999,33
76955,6,96.4400,2,60.45316666666667,1576.1666666666667,684.7685,3323.4033333333336,60
76956,6,96.4400,3,45.62105263157895,1378.8333333333333,630.9631578947369,2864.1614035087723,57
76957,6,96.4400,4,92.76613636363636,2400.7727272727275,1430.9981818181818,4769.352954545455,44
76958,6,96.4400,5,172.98701492537313,2964.8074626865673,2085.475671641791,6213.632835820896,67
76973,6,96.4901,5,163.73666666666665,910.0333333333334,4048.0157142857142,5829.124285714286,21
76974,6,96.4901,6,254.70666666666668,1931.1916666666666,3218.3487499999997,7533.689583333333,24
76975,6,96.4901,8,160.79171428571428,1773.562857142857,3200.574857142857,6039.331428571429,35
76976,6,96.4901,9,411.59107142857147,1802.1464285714285,3021.968571428571,6393.835714285714,28
76978,6,96.4902,2,18.904318181818184,720.0681818181819,237.27818181818182,1576.9393181818182,44
76984,6,96.5100,4,91.4297435897436,2693.6717948717946,1458.79,5478.0197435897435,39
76985,6,96.5100,5,88.52301204819277,2874.838915662651,1203.4295180722893,5411.02265060241,83
76986,6,96.5100,6,114.12666666666667,3224.791111111111,1396.5515555555555,6268.970666666666,45
76987,6,96.5100,8,146.6616393442623,3671.529508196721,1814.6927868852458,7514.721639344262,61
76988,6,96.5100,9,129.11117647058822,3170.7676470588235,1474.4520588235296,6366.6755882352945,34
77021,6,96.5601,6,692.4395652173913,5645.110434782609,5660.128260869565,17972.27652173913,23
77078,6,96.7100,0,1213.414347826087,14976.514130434784,7928.566086956521,43294.44652173913,46
77082,6,96.7100,5,1265.4442307692307,5405.850769230769,5219.339230769231,15835.743461538463,26
77083,6,96.7100,6,1335.7995454545455,6168.817727272727,6200.87909090909,20574.90818181818,22
77084,6,96.7100,8,1121.1005633802818,5822.262112676056,6488.916197183098,19085.6576056338,71
77085,6,96.7100,9,1586.9807142857142,5988.979285714287,5826.898214285714,18602.481428571427,28
77086,6,96.7101,0,1498.825569105691,9773.076930894309,7142.1739024390245,32613.350406504065,492
77087,6,96.7101,1,2719.3889583333334,9031.422916666666,9580.567083333333,29448.921875,48
77088,6,96.7101,2,2374.322962962963,7346.817592592593,6414.181296296296,23541.802592592594,54
77089,6,96.7101,3,2655.7358620689656,7032.341609195402,7448.268505747126,24343.534022988504,87
77090,6,96.7101,4,2364.1507446808514,7151.199361702127,7910.171808510639,26146.020638297872,188
77091,6,96.7101,5,2174.8805065666043,7446.81694183865,7495.100863039399,25108.08688555347,533
77092,6,96.7101,6,1963.359025270758,7484.247003610108,7439.639259927798,24252.102797833933,554
77093,6,96.7101,8,1819.7089988623436,7258.127076222981,6308.495210466439,22294.274243458472,879
77094,6,96.7101,9,1824.1108646616542,8066.029072681705,7075.769949874687,24139.00775689223,798
77095,6,96.7200,0,2381.5514285714285,28027.05857142857,14719.232142857143,80328.1680952381,42
77101,6,96.7200,8,4835.084642857143,20851.807857142856,31426.005357142858,85318.72321428571,28
77102,6,96.7200,9,7301.408214285714,20110.06428571429,30117.006428571425,99868.50428571428,28
77103,6,96.7201,0,3229.9622440087146,16063.037755991285,13956.78586056645,62427.31666666667,459
77104,6,96.7201,1,8854.148387096775,32574.56129032258,54412.63677419355,143821.99290322582,31
77105,6,96.7201,2,7704.444545454545,27425.960000000003,46929.32666666667,119965.49818181818,33
77106,6,96.7201,3,14567.646363636364,31728.484155844155,56129.704545454544,158088.29727272727,77
77107,6,96.7201,4,9745.282265193371,25511.003591160224,39461.31027624309,114234.57657458563,181
77108,6,96.7201,5,7504.987658079625,24782.122880562063,33513.20028103045,102388.08599531616,427
77109,6,96.7201,6,6118.090317460317,23167.880535714285,31353.941130952382,90934.63259920635,504
77110,6,96.7201,8,5345.0102818489295,20317.159549041713,24394.582795941376,77020.7317136415,887
77111,6,96.7201,9,5431.228603104213,24911.31054323725,27197.78610864745,87430.37180709535,902
77119,6,97.0101,9,733.0389795918367,6393.557142857143,8382.44,25460.275510204083,49
77171,6,97.3801,0,392.9289655172414,710.3262068965516,265.48379310344825,2678.3775862068965,29
77242,6,97.6203,2,109.56818181818181,777.06,140.21909090909094,2083.1060606060605,33
77243,6,97.6203,3,36.6019298245614,693.7480701754386,121.23596491228069,1773.8849122807019,57
77244,6,97.6203,4,75.03790322580645,1126.1251612903225,612.081935483871,2973.119677419355,62
77245,6,97.6203,5,62.86254385964912,711.448947368421,278.1826315789474,2091.5414912280703,114
77246,6,97.6203,6,90.39604166666668,841.9093750000001,209.97708333333333,1985.37,48
77247,6,97.6203,8,28.62764705882353,751.8482352941177,245.49323529411765,1984.4764705882353,34
77250,6,97.6204,1,404.8690476190476,1504.027619047619,607.9590476190476,4390.79380952381,21
77251,6,97.6204,2,87.51703703703704,732.9181481481481,283.39814814814815,2141.4037037037037,54
77252,6,97.6204,3,184.62653333333333,883.0821333333333,301.23966666666666,2531.4126,150
77253,6,97.6204,4,89.47096916299559,760.5367400881057,393.15713656387663,2367.682555066079,227
77254,6,97.6204,5,120.6801002004008,728.6287374749498,317.2589378757515,2204.412244488978,499
77255,6,97.6204,6,104.50862559241706,883.922748815166,405.5236492890995,2557.4642654028435,211
77256,6,97.6204,8,86.2014184397163,825.3397163120567,362.8535460992908,2436.7636879432625,141
77257,6,97.6204,9,193.20675675675676,992.3221621621622,494.02324324324326,3158.497837837838,37
77258,6,97.6205,0,796.9486206896553,1389.4068965517242,1393.0,6527.084137931035,29
77260,6,97.6205,2,155.47121212121212,1024.212727272727,541.9763636363637,2695.3051515151515,33
77261,6,97.6205,3,191.22086419753086,783.6434567901235,356.52419753086417,2350.549259259259,81
77262,6,97.6205,4,131.01356060606062,911.5830303030303,371.43333333333334,2384.0333333333333,132
77263,6,97.6205,5,107.96358024691358,887.7716049382716,306.9033744855967,2159.619176954732,243
77264,6,97.6205,6,56.64931034482758,843.3972413793103,334.71758620689656,2099.983793103448,116
77265,6,97.6205,8,81.73846153846155,1046.3665384615383,465.42358974358973,2546.9198717948716,78
77286,6,97.7100,4,233.47375,2190.508125,629.745625,4544.5071875,32
77287,6,97.7100,5,212.48363636363638,1665.5051515151515,517.2903030303031,3979.3145454545456,33
77293,6,97.7101,4,367.18193548387103,1924.9854838709678,721.676129032258,5186.032903225806,31
77294,6,97.7101,5,344.7215789473684,2210.9334210526317,733.8892105263158,5185.024210526316,38
77299,6,97.7102,3,454.0958928571428,1401.258125,649.7578571428572,4919.673660714286,112
77300,6,97.7102,4,474.3416666666667,1513.5201075268817,591.7977419354839,4671.748010752688,186
77301,6,97.7102,5,550.2961860465117,1510.9901395348838,591.9882790697674,4967.07065116279,215
77302,6,97.7102,6,479.6619607843137,1743.663137254902,635.1507843137255,5093.544901960784,51
77341,6,97.8900x0,5,288.77119999999996,1502.7879999999998,778.354,4443.7456,25
77351,6,97.8902,5,242.70714285714288,1855.4238095238095,694.5819047619048,3836.2547619047614,21
77384,6,98.0201,0,428.19,1213.3901818181819,609.2618181818182,3962.264727272727,55
77385,6,98.0201,1,385.4681818181818,947.3922727272728,683.3068181818181,3775.8940909090907,22
77387,6,98.0201,3,461.8788235294118,1254.9617647058822,938.9035294117648,4466.410882352941,34
77388,6,98.0201,4,525.2830555555555,1401.865,1149.4925,5347.055,36
77389,6,98.0201,5,555.9495000000001,1541.08725,1484.1038333333336,5891.525250000001,120
77390,6,98.0201,6,597.6384722222223,2222.5180555555557,1653.062361111111,7199.982916666667,72
77391,6,98.0201,8,445.5290789473684,1696.093289473684,1144.6840789473686,5362.603421052631,76
77392,6,98.0201,9,606.101304347826,2090.564565217391,1124.1404347826087,6116.736304347826,46
77393,6,98.0301,0,392.85483870967744,1110.5077419354839,321.92096774193544,3390.937741935484,31
77428,6,98.1100x0,0,263.89145833333333,772.7331250000001,270.36229166666664,2328.945,48
77463,6,98.1503,0,1944.6049514563106,2201.4455339805827,907.0213592233009,11059.445728155339,103
77549,6,98.5101,4,113.43857142857142,1874.5817857142858,1198.7485714285715,5307.772142857143,28
77550,6,98.5101,5,160.76653846153846,2410.2807692307692,1151.3096153846154,5616.986538461539,26
77559,6,98.5103,2,75.78516363636363,1588.3840363636364,631.2403636363637,3833.0614909090905,275
77560,6,98.5103,3,66.53704866562009,1614.064442700157,633.3527943485086,3911.712700156986,637
77561,6,98.5103,4,77.40144736842105,1656.1051879699248,730.7156390977444,4100.831240601504,532
77562,6,98.5103,5,74.08606886657101,1679.5401721664275,783.6285222381634,4196.662395982783,697
77563,6,98.5103,6,97.6163829787234,1856.3657872340427,923.2096170212766,4722.339872340426,235
77564,6,98.5103,8,90.06636363636365,1926.3393388429752,1091.0015702479338,4955.110909090909,121
77565,6,98.5103,9,281.45181818181817,2638.8909090909087,1109.2969696969699,6336.474848484848,33
77574,6,99.0102,0,412.37025641025645,5450.554615384615,1111.668205128205,14156.00923076923,39
77578,6,99.0301,0,443.0349504950495,3306.9441584158412,1861.4279207920792,9919.534257425743,101
77579,6,99.0301,1,113.80890410958904,1916.8891780821918,1964.7875342465752,7331.282465753425,73
77580,6,99.0301,2,172.42970588235292,2695.578235294118,2593.433529411765,9191.355,34
77581,6,99.0301,3,268.86777777777775,2984.523111111111,2666.6475555555558,11124.07911111111,45
77582,6,99.0301,4,295.3426495726495,3506.1764102564102,4798.036324786325,14406.111880341881,117
77583,6,99.0301,5,260.93007462686563,3468.8543656716415,3767.6244029850745,12628.816529850747,268
77584,6,99.0301,6,284.97927272727276,3914.253272727273,4094.5719545454544,13306.807318181818,220
77585,6,99.0301,8,279.21674242424245,3904.047828282828,3032.1698737373736,11794.88547979798,396
77586,6,99.0301,9,260.09189710610934,4177.516977491961,2725.2788745980706,11715.394469453377,311
77594,6,99.0400x0,6,215.1514285714286,3109.342857142857,2649.3304761904765,12123.937142857143,21
77595,6,99.0400x0,8,227.6867857142857,3108.190357142857,3096.0364285714286,11312.832142857142,28
77597,6,99.0401,0,454.58009708737865,3019.399514563107,3359.8833009708737,11698.099708737864,103
77598,6,99.0401,1,297.9374015748032,2198.6233858267715,2749.0211023622046,9703.406771653543,127
77599,6,99.0401,2,141.76596153846154,2029.158846153846,1339.2990384615384,7140.6453846153845,52
77600,6,99.0401,3,263.9115476190476,3541.0402380952382,2126.6960714285715,10374.499047619049,84
77601,6,99.0401,4,249.08438848920866,3227.242158273381,3224.0243165467627,12237.491438848921,139
77602,6,99.0401,5,334.78,3358.5112462006077,3680.295987841945,12633.397720364743,329
77603,6,99.0401,6,293.9592261904762,3724.5023511904765,3612.428660714286,13034.592767857142,336
77604,6,99.0401,8,277.7229616087751,3822.5509140767826,3262.835356489945,12750.999561243145,547
77605,6,99.0401,9,290.4877840909091,4406.602613636364,3470.8856250000003,13544.68028409091,528
77606,6,99.0500,0,683.5026190476191,3716.16,5983.3738095238095,17008.08357142857,42
77611,6,99.0500,5,166.945625,2929.4635416666665,3519.5237500000003,12013.743541666665,48
77612,6,99.0500,6,276.7064814814815,3667.4388888888893,5326.109814814815,15470.669814814815,54
77613,6,99.0500,8,395.88116279069766,4796.820930232558,4837.050465116279,16346.170232558141,43
77614,6,99.0500,9,320.2465384615385,3677.933461538462,4017.4796153846155,14110.711923076924,26
77615,6,99.0600,0,260.0281818181818,879.6681818181819,6144.683181818182,8645.79409090909,22
77634,6,99.0701,5,296.7431707317073,3877.4792682926827,5475.72,15823.235609756099,41
77635,6,99.0701,6,407.1714285714286,4743.887380952381,4952.589047619047,15649.528809523808,42
77636,6,99.0701,8,376.94199999999995,3436.212,5585.7184,13876.1168,25
77637,6,99.0701,9,609.2868181818183,5140.513636363637,3705.125,14859.646363636362,22
77658,6,99.1000,4,247.0577272727273,4925.337727272727,7745.762727272727,16556.185,22
77659,6,99.1000,5,1238.7460747663554,5574.80738317757,7969.8855140186915,19568.54738317757,107
77660,6,99.1000,6,478.6026896551724,5722.2317241379305,7808.955310344828,18927.689724137934,145
77661,6,99.1000,8,512.8483856502243,5914.920493273543,8104.677443946189,19607.57650224215,223
77662,6,99.1000,9,582.8445197740112,6747.748248587571,8136.888870056498,20781.66276836158,177
77690,6,99.1005,5,495.29170212765956,4962.9380851063825,8167.614468085107,17512.112127659573,47
77691,6,99.1005,6,1437.152142857143,5553.968142857143,8028.384999999999,19874.91242857143,70
77692,6,99.1005,8,483.98136842105265,5546.745263157895,8288.842947368421,19858.162736842103,95
77693,6,99.1005,9,727.6996202531645,5662.035189873418,7835.564810126582,20015.239493670884,79
77705,6,99.1008,5,515.6364583333333,5264.276458333333,7499.01875,17404.066666666666,48
77706,6,99.1008,6,1295.79,5499.282653061224,7164.411428571428,19349.669591836737,49
77707,6,99.1008,8,2894.4601020408168,6517.882448979592,7978.904897959184,24730.24673469388,98
77708,6,99.1008,9,1964.8366315789474,5466.622421052632,7506.291789473684,20185.541684210526,95
77713,6,99.1009,8,274.8833333333333,5434.596666666667,7472.130833333334,18140.08916666667,24
77715,6,99.1100,0,267.8335714285714,2655.858928571429,5833.216428571429,11782.989642857143,28
77724,6,99.1400,0,389.9802962962963,2587.1235061728394,5434.25311111111,11108.705382716049,405
77725,6,99.1400,1,633.6343859649122,3806.1298245614034,9970.727719298246,18400.96385964912,57
77744,6,99.1502,0,359.1725,4711.081818181819,950.6836363636364,10580.67159090909,44
77753,6,99.1600x0,5,64.42217391304348,1246.3495652173913,797.2665217391304,3467.60347826087,23
77762,6,99.1700,2,253.1051282051282,3149.353846153846,1091.8057692307693,6040.279102564103,78
77763,6,99.1700,3,218.082695035461,3084.185815602837,1055.4179432624112,5817.187943262411,141
77764,6,99.1700,4,219.3751867219917,3657.838921161826,1117.5115352697096,6519.031452282158,241
77765,6,99.1700,5,231.6488888888889,3992.3904789272033,1375.6000383141761,7384.9460344827585,522
77766,6,99.1700,6,222.49231914893616,4150.851872340426,1590.8015106382977,7878.5515957446805,470
77767,6,99.1700,8,229.86593360995852,4499.262551867219,1905.0875518672199,8737.486763485478,482
77768,6,99.1700,9,431.56968,4997.5694,2277.67104,10336.56612,250
77769,6,99.1800,0,94.3711111111111,1211.088888888889,477.6926666666667,2613.211333333333,45
77795,6,99.2100,0,289.90749013909067,1627.5654452979034,891.1577600166078,4759.122372846169,4817
77796,6,99.2100,1,324.9289908256881,1977.7133486238533,1900.8333486238532,5706.5992660550455,218
77797,6,99.2100,2,120.05794871794872,1897.694871794872,1380.2274358974357,4399.885897435897,39
77798,6,99.2100,3,145.37967213114754,1977.322950819672,1566.4973770491802,5080.069016393443,61
77799,6,99.2100,4,243.53740740740741,2553.598148148148,2623.0485185185184,7218.865277777779,108
77800,6,99.2100,5,232.03425000000001,2838.6881249999997,2998.3264375,7977.496249999999,160
77801,6,99.2100,6,226.54190954773873,2724.9331658291453,2575.6408040201004,7358.4696482412055,199
77802,6,99.2100,8,287.85908839779006,3210.7533149171268,3064.517044198895,8751.283756906078,362
77803,6,99.2100,9,304.6925563909775,3426.2691353383457,3310.0225187969922,9635.332556390977,266
77804,6,99.2200,0,145.47636363636363,1019.7242424242424,596.0442424242424,2843.129393939394,99
77809,6,99.2200x0,0,117.48409742120343,716.1017191977078,589.5936389684814,2359.772206303725,349
77816,6,99.2200x0,8,114.57166666666667,3285.436666666667,2017.8963333333334,7083.4293333333335,30
77817,6,99.2200x0,9,115.76375,3822.35,3007.13025,8973.909,40
77830,6,99.2400,4,55.13016949152542,1425.406779661017,1989.991186440678,3793.636949152542,59
77831,6,99.2400,5,56.97263157894737,2025.6789473684212,1916.1492105263158,4430.685,38
77832,6,99.2400,6,10.92906779661017,681.2457627118644,1769.4702542372881,2884.4123728813556,118
77833,6,99.2400,8,9.531621004566212,564.1100456621004,1723.2834474885844,2716.215296803653,438
77834,6,99.2400,9,16.062712264150942,579.560141509434,1814.4102594339622,2943.4168160377358,424
77835,6,99.2400x0,0,457.3334,3359.836,2133.5213999999996,7762.0492,50
77846,6,99.2500,0,303.2778,1283.2151,3413.2594,7745.2137,100
77847,6,99.2500,1,477.02913793103454,2569.0982758620694,5910.062931034483,13957.137413793103,58
77848,6,99.2500,2,302.7240540540541,2369.772972972973,4125.677837837838,9820.272432432434,37
77849,6,99.2500,3,429.54893617021276,2085.7218085106383,3431.4990425531914,7801.197340425532,94
77850,6,99.2500,4,456.46110539845756,2040.1616709511568,3595.578020565553,7826.804318766067,389
77851,6,99.2500,5,356.7805456095482,1980.6904603580565,3342.586760443308,7223.442173913043,1173
77852,6,99.2500,6,406.74323042998896,2197.822822491731,3588.803737596472,7970.432458654906,907
77853,6,99.2500,8,373.5290558766859,2337.006782273603,3089.2920038535644,7716.855202312139,519
77854,6,99.2500,9,289.6085333333333,2173.9629333333332,3303.837466666667,7576.561066666666,75
77859,6,99.2500x0,4,1666.101836734694,1709.0122448979594,4813.393673469388,11959.14306122449,49
77860,6,99.2500x0,5,1136.6886470588236,2138.0414117647056,2731.7753529411766,9271.766647058825,170
77861,6,99.2500x0,6,823.9140625,1807.99890625,1956.4945312500001,7223.33734375,192
77862,6,99.2500x0,8,753.3307766990292,2376.860582524272,2684.948106796117,8847.746310679611,206
77863,6,99.2500x0,9,280.8570270270271,3156.008108108108,3152.312972972973,10990.962702702702,37
77866,6,99.2501,5,7834.698225806451,3479.0729032258064,4284.4474193548385,24843.497580645162,62
77867,6,99.2501,6,8829.521333333334,4180.253333333333,4947.632888888889,28696.24,45
77868,6,99.2501,8,6628.4928,4824.196,5151.646,27415.366800000003,25
77874,6,99.2502,5,2856.7315625,3345.8240625,3254.839375,15506.565625,32
77875,6,99.2502,6,3355.205576923077,3928.056730769231,3771.347307692308,18352.12096153846,52
77876,6,99.2502,8,3603.624838709677,4033.735483870968,5321.710322580645,20815.268709677417,31
77878,6,99.2503,0,505.3817205882353,1506.5163235294117,3580.2029117647057,8834.867970588235,680
77879,6,99.2503,1,495.4115978456015,2200.7053680430877,5550.552082585278,12016.96500897666,557
77880,6,99.2503,2,491.1123913043478,2457.781281464531,5240.4246567505725,11199.691029748285,874
77881,6,99.2503,3,471.22835387962294,2144.923430021755,4185.083556925308,9048.002200870196,2758
77882,6,99.2503,4,393.8312842965558,1978.089589025102,3642.6935668417977,7717.990446001168,8565
77883,6,99.2503,5,387.15831845799283,2057.2790576157554,3490.5674343180385,7592.073717159019,23865
77884,6,99.2503,6,366.73513545681254,2137.291090455679,3311.5441237814557,7533.017849693947,17644
77885,6,99.2503,8,353.12546088595667,2252.733113100848,3254.9119811498585,7597.096227144203,10610
77886,6,99.2503,9,374.75773491592486,2493.197794263106,3123.9021562809103,7904.937636003957,1011
77892,6,99.2504,5,682.4696296296296,2999.859259259259,9433.350740740741,20260.61814814815,27
77893,6,99.2504,6,483.23869565217393,4663.6721739130435,9273.199130434781,22852.640869565217,23
77894,6,99.2504,8,334.1142857142857,2701.5428571428574,4820.55,14061.721428571429,21
77899,6,99.2505,3,1945.6191111111111,4891.576888888889,10415.528,25755.02377777778,45
77900,6,99.2505,4,2949.7754901960784,3650.0725490196082,6105.172352941176,18357.896274509803,51
77901,6,99.2505,5,2207.7404054054055,4001.8741216216217,4979.862567567568,16223.438310810812,148
77902,6,99.2505,6,2789.0456363636367,4687.087909090909,5915.276454545455,19350.126,110
77903,6,99.2505,8,2638.827341772152,3844.4465822784814,4682.570506329114,16618.27911392405,79
77904,6,99.2505,9,2278.8177272727276,4349.132727272728,4801.478181818182,16766.342272727274,22
77908,6,99.2506,6,769.804074074074,1926.2444444444443,2830.5044444444443,7066.3448148148145,27
77909,6,99.2506,8,250.5265517241379,1851.596551724138,2469.713793103448,5870.057931034483,29
77910,6,99.2506,9,190.7224,1859.648,2857.3068,6921.6936,25
77919,6,99.2800,4,141.03904761904764,1345.2142857142858,1851.3597619047619,4320.159285714286,84
77920,6,99.2800,5,119.36433862433863,1272.252433862434,1611.6605291005292,3723.6209523809525,189
77921,6,99.2800,6,160.32645833333333,1528.7235416666667,1974.1912499999999,4590.338402777777,144
77922,6,99.2800,8,255.84411764705885,1879.1320588235294,2372.87568627451,5837.287450980391,102
77923,6,99.2800,9,209.9037142857143,2433.9511428571427,2243.1882857142855,6400.248857142857,35
77924,6,99.2800x0,0,520.6345714285713,2580.505714285714,5070.922285714286,11599.818428571429,70
77925,6,99.2800x0,1,345.8647,2186.1214999999997,4170.122,9313.6525,100
77926,6,99.2800x0,2,229.68938053097347,1393.7801769911505,2634.623274336283,5871.5330088495575,113
77927,6,99.2800x0,3,205.09789610389612,1808.7829610389613,2939.2324155844153,6242.467116883116,385
77928,6,99.2800x0,4,258.8029653505238,1709.3002497985494,2553.2556164383564,5714.921313456889,1241
77929,6,99.2800x0,5,180.2711814859927,1741.486449451888,2071.673638855055,4991.263553593179,3284
77930,6,99.2800x0,6,219.07007789678676,2002.1890311587147,2291.2304625121715,5816.4477555988315,2054
77931,6,99.2800x0,8,206.46922829581993,2174.5836977491963,2248.0499035369776,6029.283464630225,1244
77932,6,99.2800x0,9,163.8440566037736,2334.84179245283,2026.4589937106916,6028.84427672956,318
77935,6,99.2801,2,84.3475,2623.3250000000003,3935.9825,9652.948409090908,44
77936,6,99.2801,3,135.58902255639097,1959.442030075188,2458.6971428571433,5723.027593984963,133
77937,6,99.2801,4,136.8529090909091,1939.8367792207794,1579.5243896103896,4606.32025974026,385
77938,6,99.2801,5,144.64170282708744,1976.3109861932937,1748.5876725838266,4822.342057856673,1521
77939,6,99.2801,6,152.8942597577389,1965.0266756393003,1815.0732166890982,5059.7041924629875,1486
77940,6,99.2801,8,134.619208566108,2085.059245810056,1577.147383612663,4858.500065176909,1074
77941,6,99.2801,9,132.91310000000001,2158.4185666666667,1336.5720333333334,4733.390333333334,300
77950,6,99.2900,3,76.76153846153846,2165.153846153846,1141.1007692307692,4093.666153846154,26
77951,6,99.2900,4,66.2834375,1824.803125,999.3221875,3961.68875,32
77952,6,99.2900,5,55.038181818181826,2255.3829545454546,1065.1560227272728,4393.222272727273,88
77953,6,99.2900,6,89.97222222222223,2643.9050505050504,1114.7775757575757,5098.91494949495,99
77954,6,99.2900,8,80.43018348623853,3118.418348623853,1627.2036697247709,6378.540275229358,109
77955,6,99.2900,9,72.49991304347826,3257.291304347826,1324.4618260869563,5999.289043478261,115
77959,6,99.2901,2,100.6751724137931,1709.8620689655172,833.5910344827586,3955.8310344827582,29
77960,6,99.2901,3,18.26967741935484,1234.835483870968,664.9383870967742,2823.755806451613,31
77965,6,99.2902,3,38.12068965517241,1376.9310344827586,1098.9510344827586,4198.835517241379,29
77966,6,99.2902,4,291.60538461538465,2128.8025641025642,2469.94,8419.02282051282,39
77967,6,99.2902,5,134.32285714285715,2618.1400000000003,3397.5223809523814,9309.00019047619,105
77968,6,99.2902,6,122.70139344262294,2333.5890163934423,3400.838360655738,9051.165819672131,122
77969,6,99.2902,8,152.1440740740741,2931.3387037037037,3109.1162962962962,9051.118055555555,108
77970,6,99.2902,9,233.8005,3559.8463333333334,5451.072833333334,14538.500166666667,60
77971,6,99.2904,0,340.7267175572519,1308.8669465648854,807.3693129770993,5921.017633587786,131
77972,6,99.2904,1,147.78392857142856,1254.9642857142858,1037.3621428571428,4554.1789285714285,28
77973,6,99.2904,2,214.5906779661017,1546.9110169491526,985.263220338983,4901.768983050847,59
77974,6,99.2904,3,201.0837837837838,1397.1972972972974,1041.5075675675675,5335.877837837838,37
77980,6,99.2905,0,167.12782608695653,867.6352173913044,585.905,4005.6063043478257,46
77996,6,99.6000,0,2027.7604166666667,11562.770833333334,3178.2654166666666,32763.92,24
78001,6,99.6000,5,899.2095555555555,3387.521777777778,2733.3733333333334,10426.004888888889,45
78002,6,99.6000,6,523.1060606060606,3136.6787878787877,2078.8551515151516,8222.0,66
78003,6,99.6000,8,590.6948623853211,3979.441009174312,2809.604036697248,10755.209082568808,109
78004,6,99.6000,9,512.0063265306122,4877.087619047619,3493.1302721088437,13532.31299319728,147
78031,6,99.6300x0,9,888.2728571428571,3998.6714285714284,3180.7542857142857,13070.855142857143,35
78049,6,99.7300,5,1653.4945454545452,2646.9,499.8377272727273,8723.741363636364,22
78074,6,99.7901,5,1565.6697959183675,1649.1867346938775,1713.8883673469388,16801.076326530612,49
78098,6,99.8200x0,0,561.3655,2335.2425,520.856,6617.3215,40
78100,6,99.8200x0,2,247.2279166666667,1470.08,1482.3374999999999,5551.38625,24
78101,6,99.8200x0,3,108.34461538461538,1360.98,1579.5828205128205,5512.890256410256,39
78102,6,99.8200x0,4,292.8001960784314,1940.3364705882354,1738.7392156862745,7488.093137254902,51
78103,6,99.8200x0,5,102.52503759398496,2162.887969924812,1643.013082706767,7147.502180451128,133
78104,6,99.8200x0,6,135.90573033707867,2384.5310112359552,1627.855617977528,7865.711460674157,89
78105,6,99.8200x0,8,120.70487394957982,2833.8594957983196,1893.8493277310924,8603.70924369748,119
78106,6,99.8200x0,9,120.69693548387097,2490.048064516129,2415.638064516129,9225.644193548385,62
78109,6,99.8300x0,0,238.40534722222225,2457.33125,337.5553472222222,6370.337361111111,144
78110,6,99.8300x0,1,50.00043478260869,1556.4347826086957,619.4821739130435,4524.373913043479,23
78111,6,99.8300x0,2,37.363454545454545,1130.9859999999999,1006.7178181818182,4401.047090909091,55
78112,6,99.8300x0,3,51.05804878048781,1437.6097560975609,959.0678048780487,4262.179390243903,82
78113,6,99.8300x0,4,94.87049999999999,1626.0535,1366.8962,5497.188,100
78114,6,99.8300x0,5,81.67453201970443,1950.2648768472907,1663.749458128079,6008.602512315271,203
78115,6,99.8300x0,6,103.89931578947368,2336.403263157895,1892.7666842105261,6709.836736842105,190
78116,6,99.8300x0,8,101.3855487804878,2501.3178658536585,2042.721036585366,7109.349634146342,164
78117,6,99.8300x0,9,181.5352380952381,2925.2269047619047,1922.321666666667,7797.874642857142,84
78118,6,99.8301,0,186.92596678348318,2441.300383970745,340.3679765351211,6213.164965716898,6563
78121,6,99.8500,3,1535.2461904761906,3401.309523809524,2860.5147619047616,13218.803333333333,21
78122,6,99.8500,4,199.98240506329114,2803.3987341772154,2323.3421518987343,12065.934430379746,79
78123,6,99.8500,5,220.27701863354037,2943.388198757764,2843.5119254658384,11673.588322981366,161
78124,6,99.8500,6,833.2848684210527,3552.059210526316,3765.976578947369,14188.986710526317,76
78125,6,99.8500,8,238.6912244897959,3219.1938775510203,3111.4404081632656,15650.34530612245,49
78127,6,99.8500x0,0,132.96274368231047,1293.536606498195,1189.4579783393501,4237.193501805054,277
78128,6,99.8500x0,1,65.4456,1158.644,921.73,3860.7596000000003,50
78129,6,99.8500x0,2,143.3576923076923,2003.7051923076922,913.0991346153846,8111.288557692308,104
78130,6,99.8500x0,3,270.8915588235294,3034.7833235294115,1280.0380294117647,11252.181794117647,340
78131,6,99.8500x0,4,159.27200336700335,3416.315707070707,1302.7987037037037,12119.80505050505,594
78132,6,99.8500x0,5,179.2871241830065,2551.3992592592595,1809.8453812636167,8797.266884531591,459
78133,6,99.8500x0,6,204.00063758389263,2113.776644295302,2072.5370134228187,7539.777516778524,298
78134,6,99.8500x0,8,132.7472767857143,2231.959642857143,1990.3599553571428,6837.92375,224
78135,6,99.8500x0,9,170.79164835164835,2306.632857142857,1838.8462637362638,6910.844615384615,91
78170,6,99.9200,2,57.47712121212122,1473.270909090909,1919.2539393939394,8013.567121212122,66
78171,6,99.9200,3,228.77917582417584,1693.689175824176,1842.475934065934,8543.110274725275,182
78172,6,99.9200,4,72.42029325513197,1886.4877419354837,2209.891319648094,8711.827507331378,341
78173,6,99.9200,5,147.734908616188,2182.035221932115,2414.3945169712792,10191.697415143602,766
78174,6,99.9200,6,171.76023850085178,2795.3880408858604,2989.0268654173765,11828.092896081773,587
78175,6,99.9200,8,246.77711256117453,3217.097275693312,3397.771843393148,12268.883735725938,613
78176,6,99.9200,9,317.5080412371134,3866.648659793814,4014.6822164948453,14438.083092783505,388
78177,6,99.9200x0,0,96.44515151515152,833.8363636363636,513.7075757575757,4877.319393939394,33
78178,6,99.9200x0,1,38.671216216216216,1254.8675675675674,841.3990540540541,5661.603716216216,148
78179,6,99.9200x0,2,98.67078125,1451.2359375,1148.95771484375,6357.6278125,512
78180,6,99.9200x0,3,83.02744649446494,1463.0017564575644,1242.3679778597786,6892.299608856089,1355
78181,6,99.9200x0,4,53.85590618336887,1763.8159658848613,1501.8676375266523,7669.14546695096,2345
78182,6,99.9200x0,5,78.99887093153761,1978.0259236812572,1961.2529741863075,8655.959160493827,4455
78183,6,99.9200x0,6,122.35160548994574,2372.9698372167254,2537.748691350144,9686.863616342165,3133
78184,6,99.9200x0,8,127.01002298850575,2597.025525862069,2852.8293390804597,10292.6834454023,3480
78185,6,99.9200x0,9,229.2557273519164,3216.0017813588847,3610.0509407665504,12613.496716027876,2296
78188,6,99.9201,3,22.21151515151515,1710.6969696969697,1370.570303030303,9607.240303030303,33
78189,6,99.9201,4,45.90149253731344,1653.3373134328358,2226.680746268657,11335.170746268655,67
78190,6,99.9201,5,74.9306711409396,2119.0973154362414,2523.017315436242,12946.57912751678,149
78191,6,99.9201,6,45.821666666666665,2264.24358974359,2241.907435897436,11499.749871794871,78
78192,6,99.9201,8,54.704795918367346,2160.831632653061,3244.4788775510206,12057.146224489798,98
78193,6,99.9201,9,92.41325581395348,2654.9823255813953,3134.546511627907,12819.20023255814,43
78197,6,99.9203,5,55.11380952380953,2204.404761904762,965.4638095238096,4622.506190476191,21
78199,6,99.9203,8,129.98347826086956,3150.5434782608695,1508.7247826086955,8276.947391304348,23
78204,6,99.9204,4,29.141666666666666,1283.6166666666666,1299.31,6503.186666666666,24
78205,6,99.9204,5,115.00291666666668,2022.8833333333334,2230.8694444444445,9424.456527777778,72
78206,6,99.9204,6,193.80407407407407,2121.174074074074,2235.112777777778,12758.837777777777,54
78207,6,99.9204,8,68.90785714285714,2094.404761904762,1684.1871428571428,7703.587619047619,42
78208,6,99.9204,9,155.89733333333334,2636.0733333333333,2215.243,8892.386999999999,30
78209,6,99.9205,0,37.31366666666666,501.9471428571428,450.8376666666667,1503.968357142857,420
78210,6,99.9205,1,145.48240837696335,1250.5063874345549,1031.669162303665,3596.161884816754,191
78211,6,99.9205,2,152.85043859649122,1504.5535087719297,1489.3846783625731,4551.54865497076,342
78212,6,99.9205,3,138.66794303797468,1716.8631803797468,1693.4092405063288,5157.096661392405,632
78213,6,99.9205,4,193.25043699186992,2216.8934756097565,2325.489400406504,6640.4783130081305,984
78214,6,99.9205,5,230.22080057526367,2424.492473633749,2475.1539837008627,7144.286150527325,2086
78215,6,99.9205,6,181.82871794871795,2718.608561253561,2946.6505365622033,8022.015151946819,2106
78216,6,99.9205,8,181.50563074901447,2951.6700525624183,3183.1214323258873,8625.75782851511,3044
78217,6,99.9205,9,221.05221467967755,3198.1499872719555,3456.9272761985576,9664.273258379297,2357
78245,6,99.9900x0,4,175.90346153846153,3176.306923076923,2760.5615384615385,12056.726923076923,26
78246,6,99.9900x0,5,116.03666666666666,3333.8633333333332,1322.5776666666668,5883.376,30
78247,6,99.9900x0,6,393.0241666666667,3922.0444444444447,2540.791388888889,8459.735277777778,36
