,basy_zyzd_jbbm_for_str_4,basy_yydj,basy_ssjczbm1_for_str_4,age_group,AGE-HAOCAI-4-4-E,AGE-JCJY-4-4-E,AGE-YP-4-4-E,AGE-ZFY-4-4-E,记录条数-4-4
103,A08.,6,,0,277.6137777777778,1637.5482222222222,586.4566666666667,3877.883333333333,45
134,A09.,3,,0,273.396,577.7857142857143,1096.8251428571427,3034.4671428571432,35
160,A09.,5,,0,269.9539130434782,653.1695652173913,358.42304347826087,2250.041304347826,23
194,A09.,6,,0,325.4367924528302,1314.8162264150942,968.2588679245283,4269.044716981132,53
204,A09.,6,17.9,0,347.8419047619048,727.7152380952381,581.0266666666666,2902.3790476190475,21
339,A15.,5,33.2,6,471.6645454545455,3179.706363636364,2152.8195454545453,8432.732272727271,22
369,A15.,6,,1,513.53,2766.618461538462,2486.195,8811.231923076923,26
370,A15.,6,,2,486.1759259259259,4133.377777777778,4153.835,12544.445370370371,54
371,A15.,6,,3,483.5833333333333,4711.307435897435,4237.5210256410255,12978.26564102564,39
372,A15.,6,,4,457.4863157894737,4421.063157894737,5121.050175438596,13779.691228070176,57
373,A15.,6,,5,405.93272,4849.7464,4880.80792,13341.51432,125
374,A15.,6,,6,415.0821848739496,4758.417142857143,5194.099411764705,14077.015462184874,119
375,A15.,6,,8,446.4466326530612,5092.852959183674,4048.5071428571428,13729.461530612245,98
376,A15.,6,,9,389.27944444444444,5678.287777777778,6098.586111111112,17149.705,36
428,A15.,6,33.2,1,830.6282222222221,6070.426888888889,5068.340666666666,16065.762666666666,45
429,A15.,6,33.2,2,454.80816000000004,5280.68496,3776.23688,12782.31088,125
430,A15.,6,33.2,3,588.9410294117647,6063.060588235294,4699.5857352941175,15122.098088235294,68
431,A15.,6,33.2,4,689.434578313253,6462.279156626507,4546.592530120482,16298.628795180723,83
432,A15.,6,33.2,5,592.8185549132947,6309.695895953757,4091.6953757225438,14455.46612716763,173
433,A15.,6,33.2,6,597.3821551724138,6069.862241379311,3701.0189655172417,13909.237586206897,116
434,A15.,6,33.2,8,623.6892857142857,6025.502589285715,3360.2910714285713,13668.391428571429,112
435,A15.,6,33.2,9,824.5928,7067.528,3351.5748,15967.6432,25
618,A16.,5,,5,425.64846153846156,3127.257692307692,3336.351153846154,10428.040384615384,26
619,A16.,5,,6,406.0878571428571,4141.2,4055.19,12634.991785714286,28
620,A16.,5,,8,325.1616666666667,3588.0416666666665,2298.32875,9166.56125,24
635,A16.,5,33.2,5,439.8254054054054,3146.99054054054,1776.9808108108107,7773.2654054054055,37
636,A16.,5,33.2,6,571.9968181818182,3100.989545454546,1674.0372727272727,7841.624545454545,22
637,A16.,5,33.2,8,473.5425806451613,4369.674516129033,2734.2400000000002,10797.453548387097,31
689,A16.,6,,0,400.39818181818185,3034.25,1586.1168181818182,7463.189090909091,22
690,A16.,6,,1,466.744125,3380.57125,2121.208125,9004.370875,80
691,A16.,6,,2,496.3587058823529,3464.304705882353,2595.8942352941176,9757.242470588235,85
692,A16.,6,,3,406.2204255319149,3438.8272340425533,2792.2770212765954,9434.318085106383,47
693,A16.,6,,4,454.10749999999996,3767.4659722222223,3372.102083333333,10836.750833333334,72
694,A16.,6,,5,459.725,4371.266634615385,3619.435384615385,11540.557788461538,104
695,A16.,6,,6,415.26190476190476,4956.6275000000005,4190.0098809523815,13164.232023809524,84
696,A16.,6,,8,404.2336363636364,5275.117792207792,5213.315974025974,14994.90922077922,77
697,A16.,6,,9,409.62882352941176,5532.597058823529,5521.438529411765,16729.064411764706,34
748,A16.,6,33.2,1,385.7874647887324,6153.85704225352,3085.7240845070423,12826.99647887324,71
749,A16.,6,33.2,2,449.82212499999997,5565.376249999999,2812.6769375,11708.409125,160
750,A16.,6,33.2,3,509.60960396039604,6489.892673267327,3611.5105940594062,13879.498712871287,101
751,A16.,6,33.2,4,491.4311340206186,6917.073402061856,3652.7541237113405,14124.20886597938,97
752,A16.,6,33.2,5,536.9765217391305,6385.894734299517,3338.51038647343,13428.103913043476,207
753,A16.,6,33.2,6,651.024128440367,6604.455412844037,3423.879174311927,13960.174495412844,109
754,A16.,6,33.2,8,526.5865714285713,6483.274,3850.864095238095,14534.671333333334,105
755,A16.,6,33.2,9,588.8882352941176,6465.344117647059,3423.600294117647,14037.663823529412,34
767,A16.,6,34.0,1,1891.1148148148147,5264.788518518519,4424.738148148148,17584.341851851852,27
768,A16.,6,34.0,2,2209.5726229508196,6025.057049180327,6504.021967213114,21166.340655737706,61
769,A16.,6,34.0,3,1520.3583720930233,4944.652558139534,4466.340465116279,16396.806511627907,43
770,A16.,6,34.0,4,1194.3837837837837,5831.382972972972,4270.135675675675,16004.639189189189,37
771,A16.,6,34.0,5,1354.6773913043478,5649.033913043479,5114.062608695653,17601.956521739132,46
772,A16.,6,34.0,6,1092.2582352941176,7334.89294117647,4952.924117647059,19462.90088235294,34
773,A16.,6,34.0,8,1054.8883870967743,5907.987419354839,3605.341935483871,15058.18741935484,31
778,A16.,6,34.2,5,1094.9118181818183,5288.626363636364,1673.3672727272728,12571.04303030303,33
791,A16.,6,34.9,1,439.357037037037,5193.62962962963,2408.877407407407,10847.393703703703,27
792,A16.,6,34.9,2,1896.6902222222222,5576.028,3608.250888888889,15496.362888888889,45
794,A16.,6,34.9,4,1021.605,5746.191666666667,2607.6425,13069.53625,24
795,A16.,6,34.9,5,1029.2959375,5337.114375,3230.496875,12449.305,32
796,A16.,6,34.9,6,668.1670370370371,5278.568518518518,3023.2618518518516,12013.934074074074,27
797,A16.,6,34.9,8,681.5306451612903,5727.647096774193,3469.7345161290323,13691.739677419355,31
941,A17.,6,03.3,1,1213.6703333333332,9528.366666666667,9041.627666666667,28285.603666666666,30
942,A17.,6,03.3,2,1226.6208823529412,8434.801470588236,9192.126176470587,27275.064411764703,34
943,A17.,6,03.3,3,1411.292222222222,10956.835185185184,10564.717037037037,30917.04074074074,27
944,A17.,6,03.3,4,974.4395454545455,9119.342727272728,5088.746363636364,21062.916363636366,22
945,A17.,6,03.3,5,1328.5741379310346,8459.504827586208,5952.002413793104,22929.18,29
946,A17.,6,03.3,6,848.6128571428571,8769.607142857143,9207.682857142858,25878.21523809524,21
1133,A18.,6,,2,579.9721739130435,5397.464347826087,5294.434347826087,14372.905652173913,23
1134,A18.,6,,3,605.5336666666666,4757.981,2415.5776666666666,9803.104666666668,30
1135,A18.,6,,4,764.917,5363.485,4029.434,13533.223333333333,30
1136,A18.,6,,5,486.6726086956522,5481.9547826086955,3778.702173913043,12912.206086956521,23
1217,A18.,6,40.2,2,1459.818,5362.34,3142.0488,15799.3148,25
1218,A18.,6,40.2,3,1080.1058333333333,5002.95,4297.67125,15969.64,24
1578,A37.,6,,0,300.4157425742574,1455.1283168316832,2489.478217821782,7558.011584158417,101
1593,A37.,6,93.9,0,414.8878260869565,2530.8521739130433,1356.1873913043478,7629.124782608696,23
1649,A41.,1,,0,408.69458333333336,1189.8541666666667,1371.4441666666664,7000.200833333333,24
1685,A41.,3,,0,314.11758620689653,1141.0413793103448,1310.3458620689655,4072.8713793103448,29
1691,A41.,3,,8,593.181052631579,4874.533157894737,4602.458157894737,13190.664210526316,38
1692,A41.,3,,9,824.4208510638298,5455.306808510638,6431.505957446809,19294.214255319148,47
1705,A41.,3,38.9,9,1963.1548,12668.2324,14387.5112,46651.582,25
1827,A41.,5,,0,276.96327272727274,1244.7688181818182,1113.9242727272726,4180.871727272727,110
1832,A41.,5,,5,420.35450000000003,4616.433999999999,4148.17575,12442.6435,40
1833,A41.,5,,6,374.53224137931034,6020.603620689655,4832.406551724138,15148.198275862069,58
1834,A41.,5,,8,511.68104477611934,5559.213731343284,5336.076268656716,16199.16970149254,67
1835,A41.,5,,9,517.3586956521739,5814.48115942029,5813.93231884058,18865.281014492757,69
1865,A41.,5,38.9,8,1202.929696969697,7685.331212121212,8620.84818181818,25634.983333333337,33
1866,A41.,5,38.9,9,1551.1084615384616,8788.273846153847,10551.368076923078,30646.258461538462,26
1920,A41.,5,57.9,8,720.7936363636363,7565.264545454545,6876.850909090909,24465.17272727273,22
1972,A41.,5,93.9,8,750.5333333333334,6467.007407407408,4409.074814814815,16811.444074074072,27
1973,A41.,5,93.9,9,1183.7284210526316,8714.947894736842,9468.325263157894,27560.610526315788,38
1987,A41.,5,96.7,6,2610.324814814815,8585.27,12568.152592592593,39706.29518518518,27
1988,A41.,5,96.7,8,2559.2891304347827,10895.642826086956,12851.43043478261,40163.266304347824,46
1989,A41.,5,96.7,9,3404.7657142857142,12350.328333333335,11005.344761904762,40803.62595238096,42
2011,A41.,6,,0,369.5608280254777,2001.3065817409768,1538.907983014862,5732.159447983015,471
2012,A41.,6,,1,583.5007142857143,3202.003214285714,2918.195357142857,9364.2175,28
2014,A41.,6,,3,542.3486842105264,5897.595526315789,4588.849999999999,14487.706315789474,38
2015,A41.,6,,4,477.5920895522388,5554.674626865672,6414.822835820895,16012.696567164177,67
2016,A41.,6,,5,546.3785795454546,6352.638465909092,6011.744715909092,16838.43159090909,176
2017,A41.,6,,6,664.5565088757396,6631.147159763314,6420.909171597633,17984.925384615384,169
2018,A41.,6,,8,547.4987022900764,6973.004732824427,6505.402442748092,18544.625534351144,262
2019,A41.,6,,9,733.9134317343173,7992.230590405905,7332.170848708487,22344.46509225092,271
2030,A41.,6,03.3,0,896.7859139784946,6115.248064516129,4657.33376344086,16553.201505376343,93
2045,A41.,6,17.9,0,439.3,1269.9988888888888,1491.9831111111112,5244.710888888889,45
2077,A41.,6,33.2,5,1249.1702857142857,11127.215714285714,14143.92942857143,35050.061714285715,35
2078,A41.,6,33.2,6,1100.6406451612904,9472.412903225806,13830.804838709677,31284.760000000002,31
2079,A41.,6,33.2,8,1270.5475675675675,14611.631081081081,13525.855945945945,40290.57216216216,37
2080,A41.,6,33.2,9,1702.887450980392,18961.084901960785,18670.383529411767,60287.85647058824,51
2106,A41.,6,38.9,0,1448.9494736842105,3840.9552631578945,3331.157105263158,12170.863157894737,38
2111,A41.,6,38.9,5,2257.337555555556,11237.56088888889,10917.983555555556,35346.082,45
2112,A41.,6,38.9,6,3648.766382978723,10774.990638297872,9748.399787234044,34162.05234042553,47
2113,A41.,6,38.9,8,1916.4321052631578,15381.157236842104,13491.072236842105,41473.93473684211,76
2114,A41.,6,38.9,9,1596.7786274509806,13239.595980392158,11691.940294117647,38282.3124509804,102
2129,A41.,6,39.9,6,4647.137777777778,11485.169259259259,11040.33851851852,38541.25259259259,27
2130,A41.,6,39.9,8,5364.255833333334,17146.704166666666,13320.731249999999,52047.605416666665,24
2291,A41.,6,57.9,6,2349.6959090909095,11739.226818181818,9079.28,31460.51681818182,22
2292,A41.,6,57.9,8,1193.3605405405403,11666.957567567568,7235.4370270270265,27624.001891891894,37
2293,A41.,6,57.9,9,2392.3302040816325,12805.899591836735,11556.247346938775,36893.74408163265,49
2303,A41.,6,59.8,8,5636.93761904762,11445.583333333334,9084.685238095239,35561.735238095236,21
2379,A41.,6,88.7,0,338.7096153846154,2370.4307692307693,1114.7576923076924,5385.293461538462,26
2393,A41.,6,89.5,0,308.7102222222222,2204.060888888889,1003.7615555555557,5426.0524444444445,45
2418,A41.,6,93.3,0,312.8115625,2152.9415625,1897.87734375,6620.2953125,64
2426,A41.,6,93.9,0,865.5181944444444,4385.576736111111,3506.4231944444446,12813.18173611111,144
2430,A41.,6,93.9,5,1545.0504166666667,12459.28375,14553.419166666667,38571.659999999996,24
2431,A41.,6,93.9,6,1293.6050980392156,10760.605294117648,9303.782156862746,28880.272549019606,51
2432,A41.,6,93.9,8,1008.964705882353,10132.006235294119,7820.805882352941,26906.888470588234,85
2433,A41.,6,93.9,9,1370.67336,11868.9072,10167.14936,33782.15664,125
2439,A41.,6,96.0,5,3695.861904761905,18126.185714285715,22583.660476190475,66605.45,21
2440,A41.,6,96.0,6,3794.3184375,14003.046875,18834.545625,53868.9659375,32
2441,A41.,6,96.0,8,2494.505322580645,14254.025322580645,15247.520322580645,48323.73548387097,62
2442,A41.,6,96.0,9,3947.4508771929827,17312.4850877193,16312.03894736842,58960.59368421052,57
2452,A41.,6,96.7,4,5232.275263157894,18985.187894736842,30690.8452631579,81154.92710526315,38
2453,A41.,6,96.7,5,8666.628235294118,22166.57270588235,36680.54764705882,99192.46364705883,85
2454,A41.,6,96.7,6,5900.5716216216215,22549.4036036036,32631.61972972973,88038.21441441443,111
2455,A41.,6,96.7,8,4273.154466019418,19579.472378640778,23777.78063106796,69530.29912621359,206
2456,A41.,6,96.7,9,5218.990048076923,26758.318557692306,29164.133846153847,89546.54745192308,208
2478,A41.,6,99.2,0,411.24936090225566,1939.3637969924812,1213.0834210526316,5207.627932330827,266
2640,A49.,6,,9,823.0372727272727,5383.405909090909,6709.955909090909,19591.412727272727,22
2909,A86.,6,03.3,0,588.4435593220338,4200.347288135593,2755.390847457627,11660.685593220338,59
2910,A86.,6,03.3,1,443.47485714285716,4568.443142857143,1786.456,10571.183714285715,35
2911,A86.,6,03.3,2,560.0351428571429,7141.478857142857,2424.2028571428573,15638.789714285715,35
2912,A86.,6,03.3,3,461.4472727272727,6942.485757575758,1763.4027272727274,12405.092424242424,33
2913,A86.,6,03.3,4,432.45642857142855,6383.372142857143,3077.3567857142857,13323.218928571428,28
2914,A86.,6,03.3,5,544.4018309859155,8168.88366197183,3406.871267605634,16364.490422535213,71
2915,A86.,6,03.3,6,514.7094736842105,7725.5328947368425,3234.592894736842,15940.217368421052,38
2916,A86.,6,03.3,8,664.0944117647059,8854.07088235294,4088.852352941177,18635.15823529412,34
2978,A87.,6,03.3,3,409.7536,5977.4424,2105.0968,11914.13,25
2980,A87.,6,03.3,5,556.2687999999999,7039.1684,3087.1764000000003,16053.4772,25
3119,B02.,3,,6,307.89,1073.6909090909091,1251.2686363636365,4175.322727272727,22
3120,B02.,3,,8,440.1141666666667,2132.7483333333334,2485.9533333333334,7487.701666666667,24
3168,B02.,5,,6,321.79999999999995,1508.7346153846154,1466.6323076923077,5296.11576923077,26
3169,B02.,5,,8,271.7942307692308,2196.1384615384613,1611.3446153846153,6294.186923076923,26
3228,B02.,6,,4,352.88,3104.413043478261,1405.944347826087,7321.913913043478,23
3229,B02.,6,,5,334.44177215189876,2452.550886075949,1348.9286075949367,6448.055696202532,79
3230,B02.,6,,6,336.5280412371134,2485.4380412371133,1318.43,6315.863402061856,97
3231,B02.,6,,8,356.51964285714286,3075.364285714286,1845.922023809524,8178.0011904761905,84
3232,B02.,6,,9,379.6035820895523,3280.194029850746,1820.7917910447761,8063.03432835821,67
3250,B02.,6,03.9,5,537.9680555555556,2518.0027777777777,1340.8044444444445,8481.602777777778,36
3251,B02.,6,03.9,6,975.5410810810812,3205.8902702702703,1488.9827027027027,9601.723513513514,37
3252,B02.,6,03.9,8,728.3308571428572,3117.583714285714,1545.3202857142858,9941.744857142858,35
3261,B02.,6,04.2,5,1349.709268292683,3474.9853658536585,1400.2653658536585,14238.953414634145,41
3262,B02.,6,04.2,6,1337.6050819672132,3289.652786885246,1162.5760655737704,12153.471147540984,61
3263,B02.,6,04.2,8,1578.65328125,4023.1090625,1869.574375,14868.26515625,64
3264,B02.,6,04.2,9,1821.0645833333335,4465.616666666667,1925.4729166666666,21009.5,24
3272,B02.,6,04.8,5,484.2705714285715,3171.285714285714,1656.3885714285714,9590.609714285712,35
3273,B02.,6,04.8,6,481.2067307692308,3227.6134615384613,2367.1861538461535,10905.880769230771,52
3274,B02.,6,04.8,8,776.5473076923076,3263.1907692307695,2029.835,10796.219038461539,52
3275,B02.,6,04.8,9,453.1836363636364,3244.1036363636363,2286.4563636363637,11478.547727272728,22
3411,B08.,2,,0,308.73904761904765,464.7047619047619,1496.7919047619048,2809.5257142857145,21
3425,B08.,6,,0,276.677,1093.0790000000002,847.365,3383.6050000000005,40
3533,B18.,6,,2,290.19759999999997,3161.92,3635.5732000000003,9099.2228,25
3534,B18.,6,,3,337.8844155844156,3734.6480519480524,4369.080000000001,10544.25012987013,77
3535,B18.,6,,4,320.12985294117647,3236.4301470588234,3538.5295588235294,9214.868382352943,68
3536,B18.,6,,5,368.3025806451613,3996.4139784946237,4650.989462365592,11604.647204301074,93
3537,B18.,6,,6,354.86475,4035.1025,3745.9975,10370.52275,40
3567,B18.,6,44.1,4,326.1445454545455,3629.9,3383.6377272727273,9652.632272727273,22
3568,B18.,6,44.1,5,448.9825,4502.304166666667,4433.2420833333335,12519.287083333335,24
3588,B18.,6,50.1,3,767.2809090909091,2502.927272727273,340.61,4393.322727272727,22
3590,B18.,6,50.1,5,591.7833333333333,1761.4166666666667,150.67125000000001,3193.765,24
3649,B20.,6,,3,508.82388888888886,7907.322777777777,14056.553888888891,29384.335833333334,36
3650,B20.,6,,4,505.63,6489.509677419354,10662.970967741934,24142.74677419355,31
3651,B20.,6,,5,467.52979166666665,6092.294583333333,8791.685416666667,20597.020625,48
3652,B20.,6,,6,413.63666666666666,6719.211818181818,8190.256060606061,20615.882424242423,33
3653,B20.,6,,8,429.8469230769231,6547.467307692307,8683.011538461538,20362.082692307693,26
3888,B27.,3,,0,283.545,894.8038461538462,1152.8680769230768,3537.3188461538457,26
3892,B27.,5,,0,299.03434782608696,825.7869565217391,713.3434782608696,2998.8182608695656,23
3897,B27.,6,,0,336.21756578947367,1475.4763157894736,1497.2810526315789,4996.192960526316,152
3898,B27.,6,,1,359.455,2076.116666666667,2228.7325,6310.0720833333335,24
3925,B27.,6,93.9,0,351.3572093023256,1535.04,1183.1918604651162,4570.15488372093,43
3930,B27.,6,99.2,0,360.05625000000003,1710.2250000000001,1031.4741666666666,4655.524166666667,24
4000,B37.,6,,8,430.78185185185185,4775.3074074074075,5623.985185185185,14539.161851851852,27
4001,B37.,6,,9,658.5472340425532,5751.161702127659,8004.767021276595,21835.404680851065,47
4008,B37.,6,33.2,8,567.8433333333334,6753.030833333333,7087.52625,18974.859583333335,24
4058,B37.,6,93.9,8,959.4917857142857,6211.632142857144,6154.0364285714295,19977.635000000002,28
4059,B37.,6,93.9,9,1849.7723999999998,12202.7728,12571.1452,39026.8804,25
4128,B44.,6,,6,476.82608695652175,5101.468695652174,10908.640869565217,20121.877826086955,23
4129,B44.,6,,8,682.4053333333334,6287.490666666667,11258.559333333335,22469.248,30
4130,B44.,6,,9,595.9044,8202.4448,14516.7428,28430.7756,25
4165,B44.,6,33.2,5,730.8717948717949,6351.0205128205125,10046.132307692307,20990.022564102565,39
4166,B44.,6,33.2,6,615.8287096774193,6986.435483870968,12704.647419354838,25579.674516129035,31
4167,B44.,6,33.2,8,870.9038461538462,7615.551794871795,13022.415128205128,27223.31717948718,39
4197,B44.,6,93.9,8,1393.42,10031.5044,18972.7632,38656.6676,25
4331,B49.,5,,9,566.7009375,3524.44375,6284.6515625,14306.273125,32
4348,B49.,5,22.5,5,858.1891666666667,1691.2608333333335,1236.7704166666667,8594.964583333332,24
4379,B49.,6,,8,602.6953846153846,5948.731025641026,8878.287692307691,21379.304358974357,39
4380,B49.,6,,9,687.3238636363636,6095.595227272727,10530.437045454544,25169.119772727274,44
4414,B49.,6,22.2,5,1589.0203921568627,1850.3723529411766,1333.7976470588237,10736.89431372549,51
4421,B49.,6,22.5,3,1749.5965217391306,1922.7069565217391,1898.94,12093.38652173913,23
4422,B49.,6,22.5,4,1460.9018604651162,2850.450465116279,1693.1276744186048,12399.720930232557,43
4423,B49.,6,22.5,5,1613.5117757009348,2114.5819626168222,1592.426261682243,11639.743177570093,107
4424,B49.,6,22.5,6,1666.0027118644068,2484.95220338983,1474.9301694915255,12117.138644067798,59
4425,B49.,6,22.5,8,1139.495806451613,2465.9338709677418,1387.7425806451613,10947.692903225807,31
4430,B49.,6,22.6,5,2029.8147826086956,1979.5891304347826,1922.0245652173915,11925.165652173913,46
4431,B49.,6,22.6,6,2209.9465625,2083.625,1718.9890625,12123.580937499999,32
4432,B49.,6,22.6,8,3345.274782608695,2974.286086956522,1863.1278260869567,14835.59956521739,23
4494,B49.,6,93.9,9,1247.8357142857142,6647.812857142858,11727.131904761904,26632.313809523806,21
5033,C06.,6,27.4,8,16781.773478260868,7549.012173913044,6015.919130434782,52779.51,23
5282,C11.,6,29.1,5,1387.7266666666667,10217.072820512822,2945.4771794871795,19467.163589743588,39
5338,C11.,6,99.2,4,1894.6509090909092,6670.355151515151,3354.6090909090913,15275.726666666667,33
5339,C11.,6,99.2,5,1851.9201449275363,6774.634637681159,3639.8450724637682,15664.19072463768,69
5340,C11.,6,99.2,6,1785.35,6996.118387096774,3418.2380645161293,14876.687096774192,31
5529,C15.,3,,8,444.3434782608696,2766.0917391304347,2911.005217391304,8867.629130434783,23
5622,C15.,5,,6,770.55325,3153.1675,3285.5052499999997,12144.8315,40
5623,C15.,5,,8,529.0759459459459,2930.433108108108,3453.5813513513513,10407.215405405404,74
5624,C15.,5,,9,339.1191666666667,2971.0750000000003,3977.5750000000003,10186.502083333333,24
5660,C15.,5,42.4,5,22111.160344827586,9755.006896551724,9686.57827586207,59997.32241379311,29
5661,C15.,5,42.4,6,23373.145774647888,9969.044225352112,9807.455352112676,62463.94859154929,71
5662,C15.,5,42.4,8,20308.42523076923,10754.386923076923,10166.173230769231,61355.90015384615,65
5681,C15.,5,44.1,6,468.14045454545453,4365.209090909091,2868.3231818181816,11072.035454545454,22
5682,C15.,5,44.1,8,487.09508474576273,3695.5737288135592,1942.9916949152541,8080.6264406779665,59
5683,C15.,5,44.1,9,474.07375,3867.758333333333,1748.9179166666665,7842.677083333333,24
5730,C15.,5,99.2,8,894.4496296296296,4301.581111111112,3702.827037037037,11466.19037037037,27
5738,C15.,6,,5,466.64660000000003,3559.3504,2561.4736000000003,9025.1244,50
5739,C15.,6,,6,412.7952380952381,3846.3698095238096,2413.420666666667,8415.571714285714,105
5740,C15.,6,,8,460.03993055555554,3873.086111111111,2277.3145138888885,8521.59375,144
5741,C15.,6,,9,502.89500000000004,4241.956923076923,3609.0353846153844,11628.735961538461,52
5771,C15.,6,38.9,5,2990.189545454545,6268.684090909091,3898.508181818182,19461.753636363635,22
5772,C15.,6,38.9,6,1322.644074074074,5427.111111111111,7277.628518518519,18532.306666666667,27
5773,C15.,6,38.9,8,1544.97,4359.029268292683,6104.614634146342,16654.043414634147,41
5787,C15.,6,42.2,6,657.550909090909,5223.5621212121205,2626.8387878787876,11216.155757575758,33
5788,C15.,6,42.2,8,869.973829787234,5701.317234042553,2661.8597872340424,12224.790638297873,47
5791,C15.,6,42.3,5,5981.547878787878,6314.4724242424245,3006.387272727273,23956.83303030303,33
5792,C15.,6,42.3,6,7424.2056923076925,6490.091846153847,4758.18276923077,27622.006923076922,65
5793,C15.,6,42.3,8,7153.399090909091,6410.746727272727,4110.5050909090905,26305.423636363637,55
5795,C15.,6,42.4,4,24104.38380952381,10429.821904761906,12278.42,71178.57095238095,21
5796,C15.,6,42.4,5,26023.424131274132,10846.522586872587,14331.054903474904,75486.2223166023,259
5797,C15.,6,42.4,6,24935.53874331551,11987.05564171123,14460.254117647059,78452.3121657754,374
5798,C15.,6,42.4,8,24275.450703363913,12647.848593272172,14347.39140672783,79535.25529051988,327
5799,C15.,6,42.4,9,24894.889285714286,15483.893214285714,18955.90142857143,92408.2042857143,28
5804,C15.,6,42.8,6,8082.731666666667,4817.1954166666665,4437.6575,21580.66833333333,24
5805,C15.,6,42.8,8,6279.754423076923,3814.4759615384614,3040.1705769230766,17172.755,52
5806,C15.,6,42.8,9,4910.093870967742,3951.5832258064515,3680.668387096774,17311.18806451613,31
5823,C15.,6,44.1,5,656.2354166666667,6103.916666666667,3148.645,13631.273333333333,24
5824,C15.,6,44.1,6,1932.5183673469387,5846.525918367347,4351.1957142857145,16508.677551020406,49
5825,C15.,6,44.1,8,883.3894666666667,4529.860933333333,2939.8166666666666,11410.664266666667,75
5826,C15.,6,44.1,9,555.4965384615384,4324.680769230769,2091.087307692308,9535.066923076924,26
5831,C15.,6,45.1,5,1038.0395652173913,7526.618695652174,3206.1482608695655,14078.077391304349,23
5832,C15.,6,45.1,6,903.8502222222222,7106.241333333333,3309.5195555555556,15721.43977777778,45
5833,C15.,6,45.1,8,824.1363461538463,5841.642884615385,3572.298461538461,13396.786730769232,52
5900,C15.,6,99.2,5,968.9633333333334,5462.416666666667,4787.897777777778,16988.67759259259,54
5901,C15.,6,99.2,6,1179.3805952380953,4957.087976190476,3955.7405952380955,13568.283809523811,84
5902,C15.,6,99.2,8,938.8454166666666,4985.726944444444,3711.6456944444444,12554.09638888889,72
5962,C16.,3,,8,355.0468,2569.4248000000002,4902.623600000001,11544.313600000001,25
5996,C16.,3,44.1,8,939.3904166666666,3920.879166666667,4336.236666666667,11737.872916666667,24
6093,C16.,5,,8,379.5725806451613,2877.8480645161294,3363.913548387097,9253.081612903225,31
6094,C16.,5,,9,493.37519999999995,3324.506,5117.196800000001,12955.1808,25
6131,C16.,5,43.7,6,19255.998333333333,9378.120833333332,8044.08875,52169.75916666666,24
6132,C16.,5,43.7,8,17420.615384615383,8827.426923076924,8417.256923076922,50367.54076923077,26
6140,C16.,5,43.9,6,16509.28451612903,9159.869354838711,8107.224838709678,48766.625483870965,31
6141,C16.,5,43.9,8,16033.17,9007.275,7875.676785714286,48872.162142857145,28
6147,C16.,5,44.1,6,500.5613043478261,4297.208695652174,2120.4226086956523,9671.106086956523,23
6148,C16.,5,44.1,8,726.3889361702128,4771.825531914893,2454.127659574468,11071.31170212766,47
6149,C16.,5,44.1,9,695.7229166666666,3771.9479166666665,3971.28,12297.797083333333,24
6210,C16.,6,,5,524.1944,4002.4048,2939.9732,9973.9964,50
6211,C16.,6,,6,397.10479452054796,4391.078082191781,2386.1045205479454,9307.903013698631,73
6212,C16.,6,,8,467.708785046729,4313.644112149533,3224.4343925233643,10617.32570093458,107
6213,C16.,6,,9,604.9456363636364,4789.488727272727,4713.072,14476.71890909091,55
6237,C16.,6,38.9,5,1292.2230434782607,3380.7891304347822,5112.153043478261,14023.108695652174,23
6238,C16.,6,38.9,6,870.8360714285715,4821.233571428572,4806.496071428571,13772.139285714287,28
6239,C16.,6,38.9,8,1357.7416666666666,3920.233333333333,4667.121666666667,13325.256,30
6275,C16.,6,43.4,5,9400.523589743589,6155.870512820513,3860.3692307692304,28414.04717948718,39
6276,C16.,6,43.4,6,7958.6453846153845,6754.830384615385,3733.021153846154,27206.417884615385,52
6277,C16.,6,43.4,8,7512.611086956522,6585.080434782609,3698.806956521739,27285.93913043478,46
6280,C16.,6,43.5,5,20152.654411764706,9928.363823529411,12650.182352941178,68405.92058823528,34
6281,C16.,6,43.5,6,20239.856111111112,10534.269074074075,10700.357962962962,63842.83796296296,54
6282,C16.,6,43.5,8,18358.89826923077,10592.04403846154,10051.755961538462,59713.44673076923,52
6286,C16.,6,43.6,5,13358.166666666666,7732.347333333333,9158.585666666668,51834.29233333333,30
6287,C16.,6,43.6,6,20027.96923076923,8812.120769230769,11633.511153846153,61644.233076923076,26
6292,C16.,6,43.7,4,25222.883703703705,9484.026481481482,10760.606481481482,66922.81833333333,54
6293,C16.,6,43.7,5,25153.15661764706,10535.130735294117,10946.023137254902,67803.36333333333,204
6294,C16.,6,43.7,6,25695.919859813082,10367.346962616823,10985.60093457944,66480.91934579439,214
6295,C16.,6,43.7,8,24454.518827160493,12418.746975308643,12967.223086419754,71721.04629629629,162
6296,C16.,6,43.7,9,22712.030000000002,12352.934333333335,10590.381,67681.74166666667,30
6300,C16.,6,43.8,5,20793.80148148148,9309.02925925926,9128.70888888889,55153.607777777775,27
6301,C16.,6,43.8,6,19739.432051282052,10049.82282051282,7991.326153846155,54285.462051282055,39
6302,C16.,6,43.8,8,17455.841333333334,12019.119,7396.912,56077.79633333333,30
6305,C16.,6,43.9,4,25090.101304347823,10657.125217391305,10987.355652173912,72335.64434782609,23
6306,C16.,6,43.9,5,25796.845187969924,10333.516992481203,11117.925789473686,69204.10278195489,133
6307,C16.,6,43.9,6,24419.946861702127,12341.03920212766,13209.231063829788,73902.26021276596,188
6308,C16.,6,43.9,8,23352.62389312977,12532.494503816793,11611.31603053435,71777.26984732824,131
6309,C16.,6,43.9,9,23301.398999999998,13994.794333333333,12704.738666666666,74283.67866666666,30
6314,C16.,6,44.1,5,572.9524,5333.0954,2499.4774,11349.1252,50
6315,C16.,6,44.1,6,717.8585227272728,5971.929090909091,3001.062386363636,12933.886022727273,88
6316,C16.,6,44.1,8,755.0665413533835,5511.532706766917,2683.2015789473685,12053.238120300752,133
6317,C16.,6,44.1,9,446.76473684210526,5332.403508771929,3557.5184210526313,12882.581228070176,57
6333,C16.,6,45.1,5,767.8172,6696.908399999999,2344.8836,12655.246000000001,25
6334,C16.,6,45.1,6,764.5995454545454,6065.640909090909,3374.9072727272724,13296.260454545454,22
6335,C16.,6,45.1,8,504.286511627907,5631.438837209303,3373.413023255814,13010.953488372093,43
6451,C16.,6,99.2,5,1676.1350000000002,6356.376086956521,5532.962173913043,18169.21847826087,46
6452,C16.,6,99.2,6,3229.335471698113,5442.273962264151,3981.5501886792454,16748.064905660376,53
6453,C16.,6,99.2,8,1111.6682258064518,5720.532258064516,4967.19064516129,16155.65693548387,62
6588,C17.,6,52.7,6,20508.25,17135.396363636366,25338.98318181818,98748.98681818182,22
6781,C18.,5,,9,431.1342857142857,3640.845238095238,5568.966666666667,14540.93904761905,21
6785,C18.,5,17.3,5,13669.197857142859,8584.305952380952,6222.179523809524,41692.36357142857,42
6786,C18.,5,17.3,6,12044.185,7885.157592592593,6538.253518518519,39520.11092592593,54
6787,C18.,5,17.3,8,13325.163384615385,8576.45323076923,7182.015846153847,42763.30984615385,65
6788,C18.,5,17.3,9,12222.719090909091,9423.540909090909,9427.965,47581.17590909091,22
6815,C18.,5,45.2,8,398.41782608695655,4912.669565217391,2032.8300000000002,10396.070869565217,23
6826,C18.,5,45.7,5,8868.339615384615,6858.538461538462,6848.3138461538465,35017.24346153846,26
6827,C18.,5,45.7,6,7735.044418604651,7089.34976744186,7927.473953488372,36369.048604651165,43
6828,C18.,5,45.7,8,8912.057611940298,8788.096119402984,9476.362835820897,43445.29746268657,67
6829,C18.,5,45.7,9,9542.807105263157,8573.055789473685,8575.882894736842,41520.91789473684,38
6880,C18.,6,,4,438.9238095238095,3991.6695238095235,4655.792380952381,11212.36619047619,21
6881,C18.,6,,5,486.7713725490196,3151.759019607843,3463.886274509804,9187.981764705883,51
6882,C18.,6,,6,530.1002941176471,3705.4823529411765,2762.7279411764707,9658.642352941177,34
6883,C18.,6,,8,506.9212121212122,4194.477575757576,3531.9248484848486,10867.388787878788,66
6884,C18.,6,,9,519.1564583333333,3914.726666666667,4820.016875,14384.34875,48
6888,C18.,6,17.3,3,14569.646666666667,8639.871111111112,7530.736666666668,50072.781388888885,36
6889,C18.,6,17.3,4,16448.244731182796,8828.831612903225,9188.667419354839,52277.78559139784,93
6890,C18.,6,17.3,5,15704.801262135921,8420.008673139158,8673.347572815534,50634.069223300976,309
6891,C18.,6,17.3,6,16330.496811594205,9473.04284057971,9047.00747826087,52931.21794202899,345
6892,C18.,6,17.3,8,16996.10525,10541.294277777777,9826.226555555555,56626.61477777778,360
6893,C18.,6,17.3,9,15280.954827586207,12434.137586206896,11518.27698275862,61206.43810344828,116
6910,C18.,6,38.9,8,1292.5133333333335,5166.199047619048,8179.132380952381,20366.448095238095,21
6941,C18.,6,45.2,5,827.2384615384615,5488.665897435897,2586.9528205128204,12516.816923076924,39
6942,C18.,6,45.2,6,1323.5211320754715,5542.33641509434,2742.9422641509436,12886.25603773585,53
6943,C18.,6,45.2,8,1178.2991836734695,6508.662040816326,3990.2444897959185,16146.84306122449,49
6944,C18.,6,45.2,9,785.8764705882353,6020.707058823529,3318.9076470588234,14974.602352941178,34
6949,C18.,6,45.4,5,7650.893720930232,5596.809069767442,3431.213023255814,25486.39279069767,43
6950,C18.,6,45.4,6,4335.089230769231,5279.847948717949,2425.9966666666664,18395.812051282053,39
6951,C18.,6,45.4,8,5791.4141860465115,6272.079069767442,4016.2939534883726,24369.632558139532,43
6958,C18.,6,45.7,4,13724.6425,8991.116041666666,9235.353958333333,50217.40645833333,48
6959,C18.,6,45.7,5,13562.440423728813,10842.242118644068,10693.946101694914,53161.928813559316,118
6960,C18.,6,45.7,6,14560.905694444444,10386.788680555555,11780.241041666666,55142.12138888889,144
6961,C18.,6,45.7,8,12393.651897435899,11158.814,10381.180205128205,51923.47,195
6962,C18.,6,45.7,9,13534.919016393444,13342.94893442623,12959.893770491804,59680.91090163934,122
7093,C18.,6,99.2,5,1740.8629629629631,4842.896296296296,4414.024074074074,14332.691111111113,54
7094,C18.,6,99.2,6,1890.7635849056603,5251.625283018868,5675.750188679245,19110.514905660377,53
7095,C18.,6,99.2,8,1566.8923333333335,5003.843333333333,4300.951666666667,14005.111666666666,30
7174,C19.,6,48.6,6,18039.59346153846,11001.395384615385,9901.528846153846,57906.399999999994,26
7175,C19.,6,48.6,8,16586.02259259259,11383.880740740742,9933.395925925926,58308.96148148148,27
7262,C20.,3,,5,616.6581818181818,2469.7999999999997,5869.889545454545,11034.718181818182,22
7304,C20.,3,48.6,6,11445.730263157895,6332.364473684211,6986.762368421052,39304.37210526315,38
7305,C20.,3,48.6,8,12003.114146341462,6885.291951219511,7010.589268292683,38190.17951219512,41
7359,C20.,4,48.6,8,8340.296666666667,8141.779166666667,10398.455416666666,48136.43166666667,24
7375,C20.,5,,8,414.00184210526317,3365.213157894737,2985.9550000000004,11253.420789473685,38
7376,C20.,5,,9,406.375,3169.6954545454546,3668.1899999999996,10569.653636363637,22
7434,C20.,5,48.5,8,9195.211666666666,6881.46375,5981.4675,33844.596249999995,24
7438,C20.,5,48.6,5,13516.962954545454,8119.026250000001,7669.189659090908,43167.61715909091,88
7439,C20.,5,48.6,6,12996.551260504202,8111.610504201681,7426.67218487395,42131.67344537815,119
7440,C20.,5,48.6,8,12684.507152777778,8744.923611111111,7807.029791666667,43449.96451388889,144
7441,C20.,5,48.6,9,12461.353200000001,9518.5506,8748.392,46587.2232,50
7479,C20.,6,,4,876.8509523809523,4581.275238095238,4571.670952380952,14792.568095238095,21
7480,C20.,6,,5,666.72,4339.639069767442,2878.62488372093,11325.69534883721,43
7481,C20.,6,,6,534.6362711864407,3837.036271186441,3677.9071186440674,12107.78,59
7482,C20.,6,,8,475.88084507042254,3759.5656338028166,2638.440281690141,8931.008591549296,71
7483,C20.,6,,9,614.6337500000001,5005.6407500000005,4213.4915,13725.989249999999,40
7504,C20.,6,38.9,6,1471.16625,4935.662916666667,6124.816666666667,18400.366250000003,24
7505,C20.,6,38.9,8,1167.4795238095237,3465.465714285714,5085.772380952381,12933.740476190476,21
7527,C20.,6,45.2,5,704.9827272727273,4826.276666666667,2053.767272727273,10733.907272727272,33
7528,C20.,6,45.2,6,599.8216666666667,6098.538333333333,2112.0993333333336,10920.305666666665,30
7529,C20.,6,45.2,8,993.5958823529412,6657.214117647059,1803.6029411764705,11856.043235294119,34
7530,C20.,6,45.2,9,439.0859259259259,5438.514814814815,1993.8896296296296,9900.312222222223,27
7550,C20.,6,46.1,6,5656.4857142857145,7433.783809523809,5557.35238095238,27481.115714285716,21
7551,C20.,6,46.1,8,5892.844285714285,8659.621428571429,5429.83,31103.991428571426,21
7570,C20.,6,48.2,6,1364.5602380952382,6174.489285714286,2954.9183333333335,14431.987142857142,42
7571,C20.,6,48.2,8,662.1310256410256,6234.816923076924,2856.877435897436,13526.439487179488,39
7576,C20.,6,48.3,5,4185.42612244898,5111.678979591837,2224.574693877551,16822.70142857143,49
7577,C20.,6,48.3,6,5249.327428571429,5982.3762857142865,3141.3182857142856,20888.908571428572,35
7578,C20.,6,48.3,8,4812.36975,7016.849250000001,3579.192,23366.713750000003,40
7586,C20.,6,48.5,5,15462.143898305085,9679.932033898305,8504.478644067796,51417.864915254235,59
7587,C20.,6,48.5,6,15604.156666666666,10271.479365079364,10083.36777777778,54464.87412698413,63
7588,C20.,6,48.5,8,14367.39761904762,9798.904444444444,9220.888253968253,49690.29761904762,63
7592,C20.,6,48.6,3,14985.394736842105,8816.621578947368,6781.4671052631575,48812.25184210527,38
7593,C20.,6,48.6,4,15831.734488188977,8084.828188976378,6855.051732283464,49607.27937007874,127
7594,C20.,6,48.6,5,16429.224830508476,9111.063983050848,8102.229025423729,51730.95730932204,472
7595,C20.,6,48.6,6,16769.34774621212,9590.636268939394,8342.647518939393,52606.93835227273,528
7596,C20.,6,48.6,8,16514.73996350365,10164.489908759124,8939.99894160584,53389.15072992701,548
7597,C20.,6,48.6,9,17206.216219512196,12345.404146341463,9662.585487804878,58863.15036585366,164
7685,C20.,6,99.2,4,853.8965789473684,3440.8384210526315,4630.757631578947,11732.51552631579,38
7686,C20.,6,99.2,5,1113.2698507462687,4723.14895522388,3836.954776119403,12476.872537313433,67
7687,C20.,6,99.2,6,1111.4031707317072,4303.359756097561,3906.17743902439,11555.449268292683,82
7688,C20.,6,99.2,8,865.1543103448275,4507.124827586207,5144.175,14253.54551724138,58
7805,C22.,1,99.2,4,7471.762,2543.992,7187.6071999999995,26070.9492,25
7806,C22.,1,99.2,5,9198.94756097561,3008.487804878049,9014.120487804877,30136.958292682928,41
7828,C22.,3,,5,1201.7433333333333,5585.5125,5064.787916666667,18320.748333333333,24
7829,C22.,3,,6,702.3979999999999,2317.273333333333,4247.167666666667,9771.342666666667,30
7830,C22.,3,,8,702.7417142857142,3408.720285714286,5599.080285714285,13031.701714285715,35
7913,C22.,4,39.7,4,571.7345454545455,1914.0454545454545,4246.4004545454545,24737.63,22
7914,C22.,4,39.7,5,455.2825531914894,1689.1489361702127,3852.3778723404257,22495.75680851064,47
7915,C22.,4,39.7,6,366.8809375,1747.53125,3603.978125,23946.41125,32
7916,C22.,4,39.7,8,370.3548148148148,1743.4303703703702,3945.5455555555554,23055.678518518518,27
7944,C22.,4,88.4,5,2860.2114285714288,2693.9523809523807,5558.629047619048,17467.911904761906,21
7953,C22.,5,,5,379.5548648648649,3249.323243243243,3052.158918918919,9188.017837837839,37
7954,C22.,5,,6,397.337962962963,3718.65,3725.6259259259264,10424.931111111111,54
7955,C22.,5,,8,350.69560606060605,3535.981515151515,3129.933787878788,9183.149696969696,66
7956,C22.,5,,9,502.9433333333333,3998.6525,5849.756249999999,14952.145416666666,24
7978,C22.,5,39.7,5,7606.708214285713,3020.769642857143,5073.349642857143,24667.992857142857,28
7979,C22.,5,39.7,6,7408.9525,4981.809166666667,4674.2775,25606.443750000002,24
7980,C22.,5,39.7,8,7789.582972972973,4502.99972972973,5504.920810810811,26642.7427027027,37
8028,C22.,5,54.9,5,692.5733333333334,3694.8841666666667,5185.95375,12902.536666666667,24
8079,C22.,6,,4,587.1830158730158,3555.813809523809,4049.899047619048,11702.621111111112,63
8080,C22.,6,,5,452.7536464088398,3595.9916022099446,3720.972817679558,9733.782154696133,181
8081,C22.,6,,6,567.0201234567901,4184.912283950617,4441.501481481481,12428.35012345679,162
8082,C22.,6,,8,374.89921568627454,3906.7549019607845,4204.815163398693,10921.937581699347,153
8083,C22.,6,,9,527.2794366197182,4868.200985915493,4286.43338028169,14237.051830985916,71
8121,C22.,6,39.7,3,5345.0266,3684.2606,4046.8526,23586.3432,50
8122,C22.,6,39.7,4,6477.527932692308,3739.366394230769,4814.307644230769,25575.615625,208
8123,C22.,6,39.7,5,7447.341480730223,4153.599756592292,5589.240121703854,27691.529452332656,493
8124,C22.,6,39.7,6,7746.807837078652,4420.449803370786,5009.1104494382025,27446.974325842693,356
8125,C22.,6,39.7,8,7776.860143369176,4944.031899641576,5586.836810035842,29555.70121863799,279
8126,C22.,6,39.7,9,8212.896842105263,6662.877368421053,5630.562631578948,33637.430789473685,38
8165,C22.,6,50.1,4,3807.7928,5739.6936,4864.2308,20398.2452,25
8166,C22.,6,50.1,5,1908.7298666666666,6579.8548,3971.444933333333,16573.905066666666,75
8167,C22.,6,50.1,6,1833.5762711864406,6271.374915254237,4266.989152542373,16318.312711864406,59
8168,C22.,6,50.1,8,1872.3754166666668,6954.37,4469.812083333333,17966.509583333333,48
8172,C22.,6,50.2,3,10360.684411764707,6023.990294117648,5466.127941176471,38283.864117647056,34
8173,C22.,6,50.2,4,10240.62900900901,6865.523333333333,6889.712702702703,42565.6381981982,111
8174,C22.,6,50.2,5,9888.20945945946,6961.076993243243,7331.651216216215,42589.52030405405,296
8175,C22.,6,50.2,6,10572.832537313432,7699.077263681592,8161.163134328358,43465.88791044777,201
8176,C22.,6,50.2,8,10500.663669724772,7716.309541284403,7213.640366972478,41347.91220183486,109
8177,C22.,6,50.2,9,6142.6222727272725,6078.696363636364,4094.568636363636,31995.469545454547,22
8181,C22.,6,50.3,4,14507.69564516129,8583.77870967742,10457.178064516129,56929.83661290323,62
8182,C22.,6,50.3,5,15000.66263803681,9119.052147239263,10737.685153374232,56475.92496932515,163
8183,C22.,6,50.3,6,15979.444573643412,11546.701472868217,12214.296434108526,65235.474883720926,129
8184,C22.,6,50.3,8,14664.66191780822,10132.537397260274,11027.885479452056,61469.85630136986,73
8236,C22.,6,54.9,4,571.6407692307693,4181.331538461538,6818.29423076923,16335.218461538461,26
8237,C22.,6,54.9,5,1075.9465217391305,4832.625652173912,6888.863623188406,18484.58347826087,69
8238,C22.,6,54.9,6,866.3003773584906,5466.115094339622,7444.179811320755,18520.407358490564,53
8239,C22.,6,54.9,8,785.2161702127661,5475.237446808511,6632.382340425532,18809.756595744682,47
8258,C22.,6,88.4,5,8437.014615384616,3511.371923076923,5339.5653846153855,25930.685769230768,26
8305,C22.,6,99.2,5,5863.4552459016395,4030.632131147541,4876.057868852458,21913.01393442623,61
8306,C22.,6,99.2,6,4873.816296296297,5359.225740740741,5392.682592592592,23144.078148148146,54
8307,C22.,6,99.2,8,4683.768684210526,4638.8994736842105,5118.384210526316,22556.771842105263,38
8414,C23.,6,51.2,8,10431.39,11611.073571428571,13760.325357142856,51330.64464285714,28
8571,C24.,6,,6,681.7976923076924,3686.7930769230766,4209.851923076923,12168.414230769231,26
8572,C24.,6,,8,626.4925,4190.650416666666,6309.062083333334,15857.58875,24
8657,C24.,6,51.9,5,4633.7524,6358.696,7199.4876,23256.892399999997,25
8658,C24.,6,51.9,6,3734.1029032258066,5423.033225806452,5757.526451612904,19569.858064516127,31
8659,C24.,6,51.9,8,4722.6194444444445,5402.301666666666,4465.1338888888895,18039.478888888887,36
8672,C24.,6,52.7,5,23716.037391304348,13693.714347826086,21327.68760869565,93691.44152173912,46
8673,C24.,6,52.7,6,23906.99027027027,14581.023513513514,24178.78918918919,96317.25675675676,37
8674,C24.,6,52.7,8,27724.21103448276,19055.82620689655,28147.253103448274,109107.9224137931,29
8810,C25.,5,,8,341.88,3184.377272727273,3252.5109090909095,9176.650454545454,22
8880,C25.,6,,5,933.0955555555556,3432.6884444444445,4119.821555555555,11296.779111111111,45
8881,C25.,6,,6,498.220243902439,3726.7687804878046,4693.852195121951,12000.989024390243,41
8882,C25.,6,,8,602.0701449275363,4593.424927536232,4160.063913043477,12359.34695652174,69
8883,C25.,6,,9,713.1584375,5069.480625,4693.3025,14580.8346875,32
8981,C25.,6,52.1,5,4310.106470588235,7059.25,5644.734411764706,26778.307352941174,34
8982,C25.,6,52.1,6,3534.12525,6933.3575,4307.0775,22580.56625,40
8983,C25.,6,52.1,8,5029.119142857143,7729.282571428572,8169.372,31443.886857142857,35
8993,C25.,6,52.5,5,14745.104827586207,11040.879655172414,16026.227241379309,67716.89931034483,29
8994,C25.,6,52.5,6,17848.055357142857,11532.620357142858,14456.432142857144,68485.58071428571,28
8995,C25.,6,52.5,8,18175.509545454548,11189.788636363637,16190.953636363636,69737.36,22
9005,C25.,6,52.7,5,20090.289019607844,14629.637843137256,19732.347647058825,88701.01803921569,51
9006,C25.,6,52.7,6,21642.73859649123,14480.149122807017,22637.23192982456,92716.43245614036,57
9007,C25.,6,52.7,8,22606.329375,17771.7753125,31913.7265625,109168.7846875,32
9062,C25.,6,99.2,5,1597.5559090909092,4464.607272727273,7260.307272727273,17070.424545454545,22
9251,C32.,6,30.0,5,1187.7593333333332,3276.6566666666668,1793.5003333333334,12268.006,30
9252,C32.,6,30.0,6,1307.8921739130435,3715.6921739130435,1739.4273913043478,14115.531304347827,23
9253,C32.,6,30.0,8,2248.8824,4819.0396,2454.7484,16152.9132,25
9261,C32.,6,30.2,5,3575.4591111111113,5802.645777777778,4782.822444444445,27782.30911111111,45
9262,C32.,6,30.2,6,3617.9818965517243,6580.018620689655,4842.566206896552,30187.12,58
9263,C32.,6,30.2,8,3186.4289999999996,6724.570333333333,4403.541666666667,28229.145,30
9323,C34.,1,,5,596.7565000000001,1853.25,4771.401,12753.502,40
9324,C34.,1,,6,467.00787234042554,1385.2978723404256,3801.0797872340427,11998.85574468085,47
9381,C34.,1,99.2,5,7067.86775,2796.5099999999998,5708.23375,24654.104,40
9382,C34.,1,99.2,6,6732.037096774194,2536.4548387096775,5130.172258064516,23006.460967741936,31
9383,C34.,1,99.2,8,6938.537333333333,2630.0,4930.283666666667,22764.271,30
9418,C34.,3,,5,475.6370731707317,2611.1585365853657,3738.7673170731705,11386.606829268292,41
9419,C34.,3,,6,579.5210000000001,2924.8058333333333,5526.4725,13250.043833333333,60
9420,C34.,3,,8,483.1349411764706,2803.828235294118,6035.530117647058,13762.676470588236,85
9421,C34.,3,,9,593.21425,3071.95525,6448.069750000001,13903.319500000001,40
9451,C34.,3,33.2,5,852.8081818181818,3683.5363636363636,2277.9378787878786,9215.328181818182,33
9452,C34.,3,33.2,6,932.2170833333333,4081.646041666667,2821.42,10479.875,48
9453,C34.,3,33.2,8,891.9284848484848,4127.523484848484,2847.142272727273,10617.958484848485,66
9465,C34.,3,34.9,8,810.9204545454545,4242.131818181818,4878.891818181818,14376.125454545456,22
9562,C34.,4,32.3,5,3369.456818181818,7721.567954545454,4162.169772727273,55473.633863636365,44
9563,C34.,4,32.3,6,1953.2740000000001,8910.32425,4458.27375,59780.90024999999,40
9570,C34.,4,32.4,6,11004.309166666666,6667.391666666666,5256.03875,50259.92791666667,24
9576,C34.,4,33.2,6,1080.8325806451612,4396.183870967742,2490.3790322580644,12020.641612903226,31
9577,C34.,4,33.2,8,1074.4315000000001,4913.110500000001,3353.98675,15479.1975,40
9624,C34.,5,,5,441.3876811594203,2840.7915942028985,4616.422463768116,13088.790289855073,69
9625,C34.,5,,6,416.16881818181815,3641.2387272727274,5318.35209090909,13959.390818181819,110
9626,C34.,5,,8,460.22986206896553,3048.671586206897,4113.702551724138,11285.794827586207,145
9627,C34.,5,,9,381.2265217391305,2791.934637681159,3640.3572463768114,9732.616521739132,69
9646,C34.,5,32.2,4,13103.732,5581.6,2691.0284,31183.897999999997,25
9647,C34.,5,32.2,5,15622.655322580646,6954.646451612904,3230.829516129032,36535.63774193548,62
9648,C34.,5,32.2,6,15997.796976744186,6773.319069767443,4204.084651162791,38436.45976744186,43
9649,C34.,5,32.2,8,14721.643548387097,7020.900967741935,4282.959032258065,37767.734193548386,31
9654,C34.,5,32.3,5,17333.281212121212,6899.703181818181,3110.0030303030303,41260.32045454545,66
9655,C34.,5,32.3,6,17960.06027777778,6671.805833333334,3556.668055555556,40869.20472222222,36
9656,C34.,5,32.3,8,18761.69108108108,7453.4289189189185,4720.443783783784,45231.78783783784,37
9660,C34.,5,32.4,4,19550.61866666667,6719.482999999999,4343.387333333333,43622.97233333333,30
9661,C34.,5,32.4,5,20793.074166666665,7749.798148148147,4340.4340740740745,45843.49222222222,108
9662,C34.,5,32.4,6,20217.740275229356,7702.274403669725,4383.224128440367,45681.79596330275,109
9663,C34.,5,32.4,8,20735.1140625,8172.4659375,5287.610625,47760.37640625,64
9674,C34.,5,33.2,5,949.0512571428571,5300.346342857143,2746.8562285714283,11962.147142857142,175
9675,C34.,5,33.2,6,909.050074074074,5070.627148148148,2888.9775925925924,12028.07437037037,270
9676,C34.,5,33.2,8,918.2892176870749,5260.904251700681,3037.3313945578234,12808.519047619047,294
9677,C34.,5,33.2,9,985.0619047619048,5054.64380952381,2860.212142857143,12080.292142857143,84
9688,C34.,5,34.0,5,484.38935483870966,3387.450322580645,3588.903548387097,10686.548387096775,31
9689,C34.,5,34.0,6,624.1470731707317,4440.549268292682,3541.3907317073167,12233.348292682926,41
9690,C34.,5,34.0,8,620.2403076923077,3979.242,2604.0329230769235,10425.026307692307,65
9691,C34.,5,34.0,9,569.8257142857143,3527.9528571428573,3062.8868571428575,11305.772285714287,35
9699,C34.,5,34.9,5,638.0593333333333,3564.345333333333,3556.2746666666667,11857.912333333334,30
9700,C34.,5,34.9,6,650.4919047619047,4259.690476190476,3634.21880952381,12396.25738095238,42
9701,C34.,5,34.9,8,563.9072549019608,4757.687843137254,2852.06568627451,11776.596470588236,51
9702,C34.,5,34.9,9,568.7228571428572,4359.022857142857,3924.924285714286,13688.508000000002,35
9709,C34.,5,38.9,6,1026.4348,4095.8324,5652.2184,16716.3324,25
9710,C34.,5,38.9,8,964.9583333333334,3996.8624999999997,8274.950416666667,20139.24625,24
9795,C34.,5,99.2,5,1025.1272727272726,5247.862272727273,7975.462272727274,19794.11909090909,22
9796,C34.,5,99.2,6,771.7339393939394,5418.712121212121,4420.837878787878,13917.723333333333,33
9797,C34.,5,99.2,8,1176.7048148148149,4705.757407407407,4962.688148148149,15124.994074074075,27
9810,C34.,6,,4,540.3777777777779,4711.054444444445,3890.352962962963,12017.976296296296,27
9811,C34.,6,,5,570.7472794117648,4156.6938970588235,4172.8396323529405,11929.122720588235,136
9812,C34.,6,,6,511.1176229508197,4576.177909836065,4460.1606557377045,12860.70454918033,244
9813,C34.,6,,8,616.0480902777778,4658.816770833333,4596.042118055555,13757.144652777779,288
9814,C34.,6,,9,613.8686428571428,4351.3425,5116.008857142857,14366.74107142857,140
9830,C34.,6,17.9,6,761.5843478260871,4925.848695652174,9622.05956521739,20200.943043478263,23
9831,C34.,6,17.9,8,735.9810714285715,4660.314642857143,7855.5939285714285,18347.79464285714,28
9853,C34.,6,32.2,2,14130.0245,5737.855750000001,2298.587,36764.14275,40
9854,C34.,6,32.2,3,14072.59909774436,5651.778796992481,2795.4686466165413,38386.77398496241,133
9855,C34.,6,32.2,4,16174.458868778282,6353.477692307692,3109.657330316742,39620.16226244344,221
9856,C34.,6,32.2,5,16195.656746724891,6532.146528384279,3457.789301310044,41189.8703930131,458
9857,C34.,6,32.2,6,16464.111602564102,7762.5023717948725,3880.658012820513,42919.65,312
9858,C34.,6,32.2,8,15410.478958333335,8535.693958333333,4245.785041666667,42071.96200000001,240
9859,C34.,6,32.2,9,14586.776578947369,9560.505263157895,4799.811842105263,40894.409736842106,38
9860,C34.,6,32.3,2,22024.772978723402,7024.58914893617,2990.8406382978724,46893.45063829787,47
9861,C34.,6,32.3,3,21005.84991935484,6289.100403225806,3097.3356048387095,46800.38576612903,248
9862,C34.,6,32.3,4,21008.440025062657,6783.324686716792,3186.921904761905,48000.063208020045,399
9863,C34.,6,32.3,5,21799.27967818832,7404.224290822407,3692.9885220500596,49231.88321811681,839
9864,C34.,6,32.3,6,20690.508366247755,7865.6973967684025,4178.9573429084385,49499.01788150808,557
9865,C34.,6,32.3,8,20632.053544776118,9003.871305970148,4337.3364925373135,49266.76809701492,268
9866,C34.,6,32.3,9,18236.06818181818,8781.42909090909,3830.490454545454,44162.472727272725,22
9868,C34.,6,32.4,3,22179.98077777778,6932.263333333332,3891.9354444444443,48247.559222222226,90
9869,C34.,6,32.4,4,21674.98273458445,8022.255576407507,3928.1924664879357,51449.90946380697,373
9870,C34.,6,32.4,5,21537.46389147287,8885.427317829457,4447.990534883721,51998.502023255816,1290
9871,C34.,6,32.4,6,21780.370383928574,9401.201544642858,5040.926508928572,54082.58523214286,1120
9872,C34.,6,32.4,8,21477.516574870915,10029.645370051636,5819.052925989673,56175.93270223752,581
9873,C34.,6,32.4,9,21086.268709677417,10751.726129032259,6669.485806451613,57584.26387096774,31
9883,C34.,6,32.6,5,24898.09448275862,8410.413793103447,4842.221379310346,52765.90655172414,29
9884,C34.,6,32.6,6,24099.220294117647,8408.031470588236,6160.084999999999,53581.07029411765,34
9889,C34.,6,33.2,3,776.4416666666667,7698.516666666666,2748.6783333333333,14650.61875,24
9890,C34.,6,33.2,4,1173.21992481203,7584.067744360902,3407.035263157895,15954.202030075188,133
9891,C34.,6,33.2,5,1308.8623922413794,7507.504159482759,3153.0205603448276,15483.868221982759,928
9892,C34.,6,33.2,6,1122.8268609168608,7509.807583527583,3627.427972027972,16058.617902097902,1287
9893,C34.,6,33.2,8,1168.3234827332844,7188.545385745775,3150.0073401910363,14928.85860396767,1361
9894,C34.,6,33.2,9,1057.8553571428572,7336.0083766233765,3161.811266233766,15026.065584415584,308
9907,C34.,6,34.0,5,1108.4581249999999,6077.53171875,4437.6053125,16658.36515625,64
9908,C34.,6,34.0,6,1532.2825882352943,6743.69494117647,4735.305882352941,17972.627294117647,85
9909,C34.,6,34.0,8,1159.5952307692307,6498.655615384615,4547.454307692308,16915.127846153846,130
9910,C34.,6,34.0,9,833.4086111111111,6476.919305555555,4186.525416666667,16178.897500000001,72
9913,C34.,6,34.2,5,1652.835882352941,8975.120294117647,3709.3070588235296,19556.12617647059,34
9914,C34.,6,34.2,6,2474.901935483871,8210.940967741935,2851.6398387096774,19315.094516129033,62
9915,C34.,6,34.2,8,1389.9772307692308,7548.472923076923,2888.008,16893.64169230769,65
9923,C34.,6,34.9,5,1126.7319607843137,6359.673529411764,5264.842549019607,19577.69274509804,51
9924,C34.,6,34.9,6,1068.8694871794871,6215.760897435897,5475.63,17589.231666666667,78
9925,C34.,6,34.9,8,856.8037037037037,6232.964166666667,4798.782962962963,16351.313333333334,108
9926,C34.,6,34.9,9,699.5330232558139,6433.41953488372,4069.12488372093,15374.434418604653,43
9938,C34.,6,38.9,5,1274.2573333333335,5880.848133333333,8226.4712,21107.262133333334,75
9939,C34.,6,38.9,6,1211.1201351351351,4780.805270270271,6845.219594594595,18250.589324324326,74
9940,C34.,6,38.9,8,1091.0567999999998,3942.94,7824.499599999999,18639.43173333333,75
9944,C34.,6,39.7,5,5176.757826086956,8446.363913043479,4945.776086956522,30057.291956521738,46
9945,C34.,6,39.7,6,5546.33564516129,9198.75758064516,5062.427741935484,30444.807741935485,62
9946,C34.,6,39.7,8,6797.412698412699,11282.50634920635,6411.437301587302,37286.188095238096,63
9953,C34.,6,40.1,5,1474.1028,7748.7288,3588.8127999999997,16226.4072,50
9954,C34.,6,40.1,6,2338.1139344262297,7774.889508196721,4310.258360655738,18983.782786885247,61
9955,C34.,6,40.1,8,1430.0251724137931,8940.922586206896,4216.108793103448,18466.46517241379,58
10069,C34.,6,92.2,6,2037.4171428571428,10699.221428571429,14533.698214285714,53186.08321428572,28
10070,C34.,6,92.2,8,1688.5070588235294,10666.309705882351,10212.976764705883,49387.297647058826,34
10087,C34.,6,93.9,6,791.574193548387,5846.102258064517,7658.008709677419,20583.32903225806,31
10088,C34.,6,93.9,8,904.1192500000001,8545.2015,7237.907499999999,23485.43075,40
10089,C34.,6,93.9,9,1220.1005555555557,8631.468333333332,7735.905277777779,24431.062777777777,36
10114,C34.,6,99.2,4,874.5102083333333,4527.597916666667,6177.949375,14680.555625,48
10115,C34.,6,99.2,5,815.6004814814816,4199.115851851852,6266.582740740741,14103.68711111111,270
10116,C34.,6,99.2,6,823.7796507936508,4618.504984126985,5564.871777777778,14274.363492063492,315
10117,C34.,6,99.2,8,1020.984909090909,4800.505636363637,5501.193363636364,15064.280318181818,220
10118,C34.,6,99.2,9,656.4127272727272,5000.981818181818,5746.737272727273,15501.046363636364,33
10130,C34.,6,99.9,6,481.26878048780486,4375.012195121952,10781.513414634146,22414.041219512193,41
10131,C34.,6,99.9,8,483.7261904761905,4648.764761904762,10946.557857142858,22489.39880952381,42
10713,C44.,6,86.4,6,2190.6341666666667,4724.441666666667,2513.5133333333333,17112.000833333335,24
10714,C44.,6,86.4,8,1896.2166666666667,4181.512727272728,1995.5706060606062,14598.64090909091,33
10715,C44.,6,86.4,9,2077.0,4407.5875,1674.409,14334.1105,40
10954,C49.,6,83.3,5,2589.6129166666665,4626.49,2992.63625,18250.721666666668,24
11084,C50.,4,85.4,4,1335.7603846153847,5923.5230769230775,2733.5903846153847,17751.91653846154,26
11085,C50.,4,85.4,5,812.7147222222222,6954.626666666667,1839.2516666666666,17634.608055555556,36
11117,C50.,5,85.1,5,1356.9660714285715,4031.8175,1021.0457142857142,8870.68607142857,28
11130,C50.,5,85.4,4,1988.4635714285716,5592.554642857142,3132.6469642857146,17750.733035714286,56
11131,C50.,5,85.4,5,2078.5731623931624,5424.767179487179,2665.9402564102566,16963.654273504275,117
11132,C50.,5,85.4,6,1796.0661111111112,5162.416805555556,2989.087361111111,16300.806111111111,72
11133,C50.,5,85.4,8,2145.7241666666664,6632.471111111111,2651.355833333333,18677.729722222222,36
11154,C50.,6,,5,801.2978787878787,4673.681212121212,2705.3369696969694,10403.30696969697,33
11188,C50.,6,38.9,5,1932.9971875,4514.7162499999995,4531.6784375,13416.271875,32
11219,C50.,6,85.1,3,2518.987333333333,6877.997333333334,3335.096,14700.293,30
11220,C50.,6,85.1,4,2738.880090909091,7313.026181818182,2713.456272727273,15091.610272727272,110
11221,C50.,6,85.1,5,2475.9859405940592,6678.8023267326735,2520.156386138614,14011.181732673267,202
11222,C50.,6,85.1,6,2559.782833333333,7770.466833333334,2344.5306666666665,15203.323166666667,60
11223,C50.,6,85.1,8,1953.0171111111113,7519.793111111111,2177.1506666666664,14044.949777777778,45
11226,C50.,6,85.2,3,2728.516530612245,8978.538163265306,1881.0404081632653,22276.759795918366,49
11227,C50.,6,85.2,4,3105.8013008130083,7808.605447154471,2247.8019512195124,20422.211219512195,123
11228,C50.,6,85.2,5,2847.738210526316,8677.77094736842,2777.159789473684,21920.070210526315,95
11229,C50.,6,85.2,6,2254.322352941176,6961.129411764706,2089.6911764705883,17146.701176470586,34
11233,C50.,6,85.3,3,20804.631162790698,7181.86,1733.0662790697677,52906.21441860466,43
11234,C50.,6,85.3,4,17655.723777777777,7108.184444444444,1727.4626666666668,45147.71955555555,45
11239,C50.,6,85.4,3,4741.2659375,7800.096171875,3235.710390625,24933.6109375,128
11240,C50.,6,85.4,4,3513.495096153846,7459.507326923077,2851.483596153846,22090.509211538465,520
11241,C50.,6,85.4,5,3168.9673393461103,7475.116087936865,2811.403990980834,21708.146640360766,887
11242,C50.,6,85.4,6,2824.7619220779225,8001.997610389611,2685.9406753246753,21853.100025974025,385
11243,C50.,6,85.4,8,3213.6821839080458,8626.05408045977,3008.8075862068968,23567.975057471263,174
11244,C50.,6,85.4,9,2496.036666666667,8296.651944444444,2080.021944444444,20902.3675,36
11252,C50.,6,86.0,4,4173.875263157895,7140.459999999999,5234.248421052632,21748.95236842105,38
11253,C50.,6,86.0,5,4246.117901234567,6579.589135802469,3538.343086419753,19585.99135802469,81
11254,C50.,6,86.0,6,4823.29,6484.816363636363,3697.1359090909095,19149.899545454544,22
11279,C50.,6,99.2,3,2247.960344827586,3256.351724137931,3258.8603448275862,10863.884482758622,29
11280,C50.,6,99.2,4,2540.512142857143,3713.4509523809525,3309.447142857143,12312.615476190476,42
11281,C50.,6,99.2,5,2311.8094285714287,4049.9628571428575,3562.0784285714285,12616.56,70
11282,C50.,6,99.2,6,2053.743,5238.176,3332.4333333333334,12940.025666666666,30
11490,C53.,5,68.4,5,3308.5159999999996,5669.968000000001,3584.3867999999998,23314.2912,25
11498,C53.,5,68.6,4,2908.3534615384615,5621.717307692307,3776.327307692308,23811.283846153845,26
11499,C53.,5,68.6,5,3187.86847826087,6099.2047826086955,3772.882391304348,25334.180869565218,46
11500,C53.,5,68.6,6,3344.5043478260873,7001.2082608695655,3482.501304347826,25966.864782608696,23
11521,C53.,6,,5,380.5725806451613,4772.971612903226,1630.5032258064516,8634.139677419354,31
11587,C53.,6,67.1,5,987.9921428571428,7002.0599999999995,2085.216785714286,13654.579642857143,28
11615,C53.,6,68.4,3,4026.5346153846153,6095.51423076923,2462.3884615384613,31473.635000000002,26
11616,C53.,6,68.4,4,3955.3239759036146,6798.318072289157,4137.395662650602,34465.25457831325,83
11617,C53.,6,68.4,5,4034.5186915887853,6678.107289719626,4292.392523364486,30158.639626168224,107
11618,C53.,6,68.4,6,3412.3068292682924,7599.437804878049,4065.3451219512194,30536.32682926829,41
11625,C53.,6,68.6,3,4158.5898611111115,7645.976388888889,3993.915138888889,33545.991527777776,72
11626,C53.,6,68.6,4,4356.690923913044,7897.2864673913045,3781.0672282608693,34588.5489673913,184
11627,C53.,6,68.6,5,5006.461591591591,7783.614624624624,4165.224354354355,34807.70123123123,333
11628,C53.,6,68.6,6,4604.081203007519,7582.657593984962,3946.4794736842105,32737.64496240602,133
11629,C53.,6,68.6,8,4320.2414285714285,8009.002142857144,4029.8799999999997,32884.30023809524,42
11665,C53.,6,99.2,5,1673.6415384615384,5654.873076923077,3605.548076923077,13865.992692307693,26
11736,C54.,5,68.4,4,2427.595238095238,6317.118571428571,2677.6795238095237,21168.01714285714,21
11737,C54.,5,68.4,5,2930.497037037037,6264.6194444444445,2646.641111111111,22112.689074074075,54
11738,C54.,5,68.4,6,2875.554193548387,7783.921612903226,3264.7406451612906,24310.48806451613,31
11806,C54.,6,68.4,4,3769.7039047619046,8655.626761904763,3274.6036190476193,31224.506285714288,105
11807,C54.,6,68.4,5,4237.352741312741,8914.024054054054,3824.661003861004,32353.533050193048,259
11808,C54.,6,68.4,6,4773.925952380952,9742.774523809525,3721.5059523809523,34824.98476190476,84
11809,C54.,6,68.4,8,4363.149019607843,9688.457254901961,3927.806666666667,31444.96431372549,51
11817,C54.,6,68.6,4,5305.804666666667,8796.068333333333,3736.5330000000004,31411.148,30
11818,C54.,6,68.6,5,6412.315490196079,8505.005392156863,4037.5516666666667,35833.79617647059,102
11819,C54.,6,68.6,6,4933.107619047619,8924.131666666668,3919.990714285714,32916.76547619047,42
12084,C56.,6,54.9,5,2445.6471428571426,5171.850476190476,6506.6523809523815,19588.137142857144,21
12116,C56.,6,65.6,5,11641.855957446807,10913.361063829789,9102.34170212766,47888.86787234042,47
12128,C56.,6,68.4,4,7281.624262295082,9138.388360655737,5493.42737704918,39639.52983606557,61
12129,C56.,6,68.4,5,6682.326598639456,10297.822857142857,6432.488027210884,40936.73843537415,147
12130,C56.,6,68.4,6,7685.800769230768,12169.635897435897,8912.11282051282,48158.878461538465,39
12131,C56.,6,68.4,8,7741.8084,12625.832,6317.834,44143.38,25
12138,C56.,6,68.6,5,13285.8216,14128.278799999998,11679.0004,61146.1568,25
12163,C56.,6,99.2,5,1061.8616666666667,5922.219666666667,6161.575,17418.081,30
12294,C60.,6,64.3,6,1189.5879166666666,4855.76,3746.1754166666665,16213.970416666665,24
12410,C61.,5,60.1,8,904.4806060606061,4369.172272727273,2515.195151515152,10397.11590909091,66
12411,C61.,5,60.1,9,884.400925925926,4319.855925925926,2710.1198148148146,10625.376666666665,54
12414,C61.,5,60.2,8,2225.670789473684,4073.963947368421,3609.6718421052633,16376.409473684213,38
12415,C61.,5,60.2,9,2470.221388888889,4326.330833333333,3846.1011111111106,17516.385833333334,36
12438,C61.,6,,8,411.31580645161296,4109.252258064516,3630.0451612903225,12195.63258064516,31
12439,C61.,6,,9,677.0210810810811,5203.676216216216,4884.061621621621,17957.853513513513,37
12503,C61.,6,60.1,5,840.1581481481481,5642.811111111111,1863.77,9548.975555555555,27
12504,C61.,6,60.1,6,834.045,6161.007321428571,2027.86375,11017.322142857143,112
12505,C61.,6,60.1,8,878.0099616858238,5860.098582375479,2269.811724137931,11172.504367816093,261
12506,C61.,6,60.1,9,883.1628636363636,6328.018727272728,2589.8285,12217.462772727273,220
12509,C61.,6,60.2,6,2399.7903225806454,5482.749677419354,4477.789032258064,19710.393225806452,31
12510,C61.,6,60.2,8,3148.8512359550564,5369.668539325843,4232.694157303371,20378.603033707863,89
12511,C61.,6,60.2,9,2973.958493150685,5746.234794520548,4219.000684931507,21087.44671232877,73
12512,C61.,6,60.5,5,6388.237659574468,7459.925957446809,4003.8823404255318,55234.22936170212,47
12513,C61.,6,60.5,6,7137.458826815642,7609.0007262569825,4540.898435754189,53820.23284916201,179
12514,C61.,6,60.5,8,6491.888260869565,7756.3642512077295,4876.74270531401,50541.668502415465,207
12515,C61.,6,60.5,9,7207.7796875,10113.159062499999,6319.220625,51862.508125,32
12727,C64.,6,55.4,4,6874.422647058824,6800.092941176471,4072.653823529412,36875.989117647056,34
12728,C64.,6,55.4,5,6491.8382142857145,6259.266785714286,4199.963690476191,41258.85333333333,84
12729,C64.,6,55.4,6,6151.973571428572,6802.709285714285,4525.601666666667,38742.38119047619,42
12730,C64.,6,55.4,8,7460.515806451613,7581.1793548387095,5204.943548387097,39659.06129032258,31
12736,C64.,6,55.5,4,6657.1364,6591.7083999999995,4657.5704,32190.17,25
12737,C64.,6,55.5,5,7394.32,6490.858297872341,4760.352872340425,36287.483829787234,94
12738,C64.,6,55.5,6,6238.1849999999995,7790.9346341463415,4605.818658536586,34503.40865853658,82
12739,C64.,6,55.5,8,7141.142352941177,7890.547647058824,5288.9623529411765,36970.243921568625,51
12798,C65.,6,55.5,8,7766.954166666666,9335.90375,5447.755833333334,43206.82666666667,24
12847,C66.,6,55.5,8,9743.6948,9311.7664,6779.598000000001,44722.957599999994,25
12912,C67.,3,57.4,8,1798.2396296296297,2739.9666666666667,2708.418518518519,12239.841481481482,27
12913,C67.,3,57.4,9,1721.1482142857144,3058.691071428572,2803.7085714285713,12901.2125,28
12980,C67.,5,57.4,5,2549.427857142857,3758.5575,3019.315357142857,15150.229642857143,28
12981,C67.,5,57.4,6,2136.3655223880596,3855.547014925373,2825.186567164179,13995.411791044775,67
12982,C67.,5,57.4,8,2171.5022727272726,3648.069454545455,2735.706545454545,13935.566454545455,110
12983,C67.,5,57.4,9,2510.4643859649123,4339.682631578948,3380.7635087719295,16689.457719298243,57
13054,C67.,6,57.4,4,2247.7465116279072,3228.0162790697677,2419.131627906977,13842.646744186048,43
13055,C67.,6,57.4,5,2476.883426966292,3682.614550561798,2977.351179775281,15447.488483146068,178
13056,C67.,6,57.4,6,2542.828666666667,4114.67568627451,2987.6726274509806,15971.240039215687,255
13057,C67.,6,57.4,8,2538.8332485875703,4580.998248587571,3316.764915254237,17387.408418079096,354
13058,C67.,6,57.4,9,2460.5369907407407,4777.0162037037035,3383.7331018518516,17920.639583333334,216
13070,C67.,6,57.7,5,15542.0196875,11758.914375,12499.5871875,78616.9509375,32
13071,C67.,6,57.7,6,14496.29509090909,9528.922,8150.797272727273,56669.04818181818,55
13072,C67.,6,57.7,8,17496.15846153846,10935.444423076922,11631.202500000001,66607.77057692307,52
13273,C71.,6,,5,659.6270370370371,3812.677777777778,6634.4451851851845,17017.536296296297,27
13290,C71.,6,01.5,1,24694.43545454545,18358.248181818184,13986.564090909093,93341.86136363636,22
13291,C71.,6,01.5,2,19389.85620689655,10882.98448275862,11411.649310344828,70404.15551724138,29
13292,C71.,6,01.5,3,18528.439,12918.636,14561.0216,74002.91320000001,50
13293,C71.,6,01.5,4,17563.145862068966,10603.746379310345,12442.875689655173,64650.81931034483,58
13294,C71.,6,01.5,5,18194.983543307088,13302.904960629921,12354.86811023622,72080.35937007875,127
13295,C71.,6,01.5,6,18810.6053030303,13777.559545454546,15637.919242424243,76707.5756060606,66
13296,C71.,6,01.5,8,20924.35722222222,16328.670277777777,21545.121944444443,91820.15777777779,36
13430,C73.,4,06.2,3,2756.557358490566,3683.045283018868,3333.65641509434,26113.018679245284,53
13431,C73.,4,06.2,4,4210.49125,4170.083333333333,3334.1299999999997,28975.146666666667,24
13432,C73.,4,06.2,5,4063.6696,3804.84,3129.368,28083.4432,25
13438,C73.,4,06.4,3,1892.8614285714286,4581.698571428571,4410.95,32508.98392857143,28
13453,C73.,5,06.2,3,1382.9176666666667,4289.742666666667,1438.4706666666668,14610.423666666667,30
13454,C73.,5,06.2,4,1565.605142857143,4055.502571428571,1666.6057142857142,14980.032,35
13455,C73.,5,06.2,5,1501.7573684210527,4281.177105263158,1770.2205263157896,15422.071052631578,38
13469,C73.,5,06.4,5,1804.4020689655174,5488.155862068965,1996.8227586206897,17685.276896551724,29
13501,C73.,6,06.2,2,4484.17780669145,4170.057137546469,2426.8531970260224,22447.57884758364,269
13502,C73.,6,06.2,3,4496.785195530727,4082.4258379888265,2358.787053072626,22267.566815642458,716
13503,C73.,6,06.2,4,4144.408801996672,4253.495906821963,2246.405990016639,21564.00836938436,601
13504,C73.,6,06.2,5,4306.913618421053,4428.515822368421,2438.4194078947367,21313.717006578947,608
13505,C73.,6,06.2,6,4075.1624812030072,4743.722255639098,2390.906992481203,21532.976015037595,133
13506,C73.,6,06.2,8,3610.4691428571427,5597.4048571428575,2302.466,22333.577714285715,35
13508,C73.,6,06.3,2,6692.908620689655,4016.1568965517245,1923.9620689655173,22135.279655172413,29
13509,C73.,6,06.3,3,6964.813898305085,4018.9101694915257,2188.625254237288,21926.70406779661,59
13510,C73.,6,06.3,4,6270.218196721312,4458.851639344262,2022.8598360655737,22901.536721311477,61
13511,C73.,6,06.3,5,6055.941632653062,4570.881632653061,2242.83693877551,23350.495510204084,98
13516,C73.,6,06.4,2,5247.283383084577,5170.670547263681,3313.4214925373135,26609.402537313432,201
13517,C73.,6,06.4,3,4984.129598393574,5213.665843373494,3140.2073493975904,27055.213293172692,498
13518,C73.,6,06.4,4,4568.908140900196,5210.622876712328,3019.3515264187868,25457.484422700585,511
13519,C73.,6,06.4,5,4897.533218390804,5376.623007662835,3265.92285440613,25724.58082375479,522
13520,C73.,6,06.4,6,4764.779184782608,5921.900489130435,3226.7533695652173,26749.203369565217,184
13521,C73.,6,06.4,8,5428.992333333333,6697.5571666666665,3379.8633333333332,28533.451833333336,60
14000,C77.,6,40.1,5,1267.9951282051281,5871.789743589743,2562.797692307692,12041.642820512821,39
14001,C77.,6,40.1,6,1055.4615789473685,7615.4552631578945,2519.963947368421,13436.172105263156,38
14002,C77.,6,40.1,8,996.2693617021275,6657.914893617021,2755.850638297872,13448.004680851063,47
14279,C78.,6,,5,413.5555882352941,4016.077647058824,3352.735,10420.479411764705,34
14280,C78.,6,,6,516.9817857142857,4033.878571428572,4315.35,11854.721785714286,28
14281,C78.,6,,8,461.79482758620685,4257.186551724138,3064.623793103448,10122.071379310346,29
14314,C78.,6,33.2,5,1390.5624489795919,6721.607142857143,2621.678367346939,13545.774285714284,49
14315,C78.,6,33.2,6,1673.4183333333335,7509.516666666667,2596.8890476190477,15409.897619047619,42
14316,C78.,6,33.2,8,1388.1112903225808,6409.223870967742,3211.554193548387,13521.242580645161,31
14321,C78.,6,34.0,5,697.8281395348837,4884.667209302325,3464.023488372093,13278.948139534885,43
14322,C78.,6,34.0,6,805.2822222222222,4900.580555555555,3821.7916666666665,13198.886388888888,36
14323,C78.,6,34.0,8,708.8720833333333,4747.847083333333,3676.9914583333334,13099.249583333332,48
14324,C78.,6,34.0,9,692.0265384615384,5415.171538461538,4197.129615384615,14079.868461538463,26
14335,C78.,6,34.9,5,687.2537142857143,3498.472,3039.3197142857143,10304.736285714287,35
14336,C78.,6,34.9,6,818.8355555555556,4655.1852777777785,4582.504722222222,14031.666944444445,36
14337,C78.,6,34.9,8,881.5244736842105,5107.993947368421,4115.703947368421,14461.043684210526,38
14351,C78.,6,39.7,5,8507.728928571429,5608.221071428571,5868.438571428572,31151.781785714287,28
14352,C78.,6,39.7,6,9910.757826086956,4817.96304347826,8013.998695652174,34260.43565217392,23
14353,C78.,6,39.7,8,5845.751538461539,5161.861153846155,4157.3557692307695,24815.85346153846,26
14407,C78.,6,50.1,5,1642.18,5168.4414,2683.6366,12225.8456,50
14408,C78.,6,50.1,6,1684.4827906976743,6299.766511627908,3324.5244186046507,14988.224418604652,43
14409,C78.,6,50.1,8,1891.3969696969698,6156.469696969697,3524.8251515151514,14921.843636363636,33
14413,C78.,6,50.2,4,9498.665238095238,6926.279047619047,7422.073809523809,35367.72571428571,21
14414,C78.,6,50.2,5,8724.326530612245,6430.204897959184,5255.660816326531,33914.577959183676,49
14415,C78.,6,50.2,6,8144.976363636364,7798.053409090909,6747.268409090909,38433.52068181818,44
14416,C78.,6,50.2,8,8324.673846153846,6476.83576923077,4662.765384615384,32663.130384615386,26
14465,C78.,6,54.9,5,1543.0628571428572,3976.572380952381,2974.362380952381,12537.46380952381,21
14466,C78.,6,54.9,6,1051.7692307692307,5166.1438461538455,4994.496923076923,14846.313076923077,26
14509,C78.,6,99.2,5,1086.3746153846155,4562.084615384615,4790.809230769231,14350.511538461538,26
14510,C78.,6,99.2,6,1782.1858064516127,5520.760322580645,4724.570322580645,16561.021612903227,31
14680,C79.,6,,5,431.52162790697673,4766.463953488373,4317.517674418604,12331.911395348836,43
14681,C79.,6,,6,460.5704166666667,4385.701666666667,2777.5004166666663,10454.830833333333,48
14682,C79.,6,,8,650.6934146341464,4999.457073170732,4127.838048780487,13855.933170731707,41
14683,C79.,6,,9,482.12454545454545,4123.068181818182,4947.700000000001,13519.21681818182,22
14689,C79.,6,01.5,5,19801.73891304348,13026.652608695653,14714.272391304348,72822.23478260869,46
14690,C79.,6,01.5,6,20906.000465116278,13434.16558139535,13979.331162790697,73222.3234883721,43
15370,C83.,6,41.3,5,1375.6805405405405,10611.38054054054,7769.035405405405,24972.46891891892,37
15371,C83.,6,41.3,6,1565.9091304347828,11090.919130434782,9124.22695652174,25918.04652173913,23
15372,C83.,6,41.3,8,1788.6314814814814,11892.250740740741,8626.563333333334,28229.467407407406,27
15450,C83.,6,99.2,5,1371.107962962963,5979.888518518518,9150.789814814816,21900.443333333333,54
15451,C83.,6,99.2,6,1349.4903636363636,7320.436727272728,13242.744181818183,29359.15690909091,55
15452,C83.,6,99.2,8,1074.0490697674418,6003.547441860465,8699.506279069768,20523.293720930233,43
15810,C85.,6,99.2,5,1496.044666666667,8436.882,12989.667666666668,32983.72666666667,30
15931,C90.,6,41.3,5,827.1348648648649,8036.878108108108,4640.47945945946,19757.64918918919,37
15932,C90.,6,41.3,6,933.6777358490566,9418.466226415094,7710.694150943397,24422.93396226415,53
15933,C90.,6,41.3,8,749.3528787878788,9580.512121212121,6587.94696969697,23114.214545454543,66
15934,C90.,6,41.3,9,720.9846428571428,9458.8125,6233.216785714286,22170.716071428575,28
15984,C90.,6,99.2,5,850.7055102040816,6550.807959183674,10390.10530612245,28028.84897959184,49
15985,C90.,6,99.2,6,1562.6692063492064,6645.604285714286,8470.65873015873,24078.394285714287,63
15986,C90.,6,99.2,8,1197.99125,6698.064,7341.7744999999995,23231.435250000002,40
16079,C91.,6,41.3,5,1341.1874358974358,10633.988205128206,13762.49076923077,35048.43666666667,39
16080,C91.,6,41.3,6,1079.6534615384614,10482.140769230768,10140.317692307694,29696.153846153848,26
16081,C91.,6,41.3,8,928.1590909090909,7939.207575757576,5370.598484848485,19901.20878787879,33
16113,C91.,6,99.2,0,1381.1739285714286,7758.046428571428,10641.000357142857,33732.71178571429,28
16118,C91.,6,99.2,5,1966.7779999999998,9404.0464,21634.112800000003,48267.99679999999,25
16237,C92.,6,41.3,3,1550.000810810811,11582.325945945946,20354.483243243245,49067.655945945946,37
16238,C92.,6,41.3,4,1052.6962857142858,11289.238428571427,22319.211571428572,50935.572714285714,70
16239,C92.,6,41.3,5,1519.996835443038,12920.845949367089,22703.16582278481,54031.83063291139,79
16240,C92.,6,41.3,6,1198.4493684210527,9781.232631578947,15723.323263157894,39846.782105263155,95
16241,C92.,6,41.3,8,992.24425,9687.25475,13699.349124999999,36716.27025,80
16242,C92.,6,41.3,9,704.2452941176471,9752.432352941178,8297.815588235293,29271.136764705883,34
16285,C92.,6,99.2,3,1882.717419354839,8506.992258064516,26957.15741935484,59236.15096774193,31
16286,C92.,6,99.2,4,1482.5968085106383,7294.141489361703,21487.943829787233,47885.04787234042,47
16287,C92.,6,99.2,5,1464.9040789473686,8038.635921052631,23110.052631578947,51349.54263157895,76
16288,C92.,6,99.2,6,1376.4574285714286,9201.62942857143,27188.386857142857,60195.566,35
16289,C92.,6,99.2,8,882.1621739130435,6701.175434782609,13253.491086956521,35074.22347826087,46
16493,D00.,6,42.3,5,4870.286222222222,6025.993333333334,2272.4964444444445,19762.472,45
16494,D00.,6,42.3,6,4568.2390000000005,5378.700333333333,2201.9188333333336,18965.297000000002,60
16495,D00.,6,42.3,8,5407.685789473684,5319.994736842105,2308.4147368421054,19857.941578947368,57
16504,D00.,6,43.4,5,5900.280714285715,5051.966190476191,2346.1714285714284,20249.51785714286,42
16505,D00.,6,43.4,6,6485.35696969697,5021.377878787879,2421.5369696969697,20421.264545454545,33
16506,D00.,6,43.4,8,5288.592333333333,5359.858333333334,2764.212,20660.965,30
16584,D01.,6,45.4,4,3282.4190909090908,3421.0109090909095,1515.807272727273,11070.399545454546,22
16585,D01.,6,45.4,5,2719.4058620689657,3364.5798850574715,985.5591954022988,10926.59,87
16586,D01.,6,45.4,6,3296.4615492957746,3811.409014084507,1135.7543661971831,12417.089014084506,71
16587,D01.,6,45.4,8,3759.024693877551,4355.195918367347,2240.210408163265,14933.278979591838,49
16601,D01.,6,48.3,5,3645.1624193548387,3614.517419354839,1213.3088709677418,12636.550322580644,62
16602,D01.,6,48.3,6,4043.862244897959,4043.206326530612,1582.1948979591837,14775.923265306123,49
16603,D01.,6,48.3,8,2883.0095238095237,4367.124761904762,1306.992857142857,14077.710952380952,21
16677,D02.,6,32.2,4,16604.838518518518,6412.241481481481,4173.415925925926,39508.17777777778,27
16678,D02.,6,32.2,5,16110.729347826087,7104.61,3475.562391304348,39163.22652173913,46
16679,D02.,6,32.2,6,16875.793125,8190.5671875,4400.669375,41128.3759375,32
16684,D02.,6,32.3,4,17115.61909090909,5477.885454545454,2992.007878787879,39280.0093939394,33
16685,D02.,6,32.3,5,19486.97741935484,5968.381935483871,3230.9159677419357,42153.01306451613,62
16686,D02.,6,32.3,6,24396.850000000002,7517.449310344828,3923.522068965517,48749.151724137926,29
16748,D05.,6,85.4,4,3378.5389999999998,7446.5065,2228.8445,21604.853,40
16749,D05.,6,85.4,5,3682.841639344262,7654.255081967213,2025.6149180327868,20969.580163934424,61
16750,D05.,6,85.4,6,2987.5706451612905,7797.366451612903,2142.8093548387096,20685.382258064514,31
16795,D06.,3,68.4,5,1643.2745454545454,2558.843636363636,1498.4381818181819,11613.065454545454,22
16816,D06.,5,67.2,3,446.56375,1796.1416666666667,784.4735416666667,5209.068958333333,48
16817,D06.,5,67.2,4,571.5335135135135,1927.251891891892,799.2132432432433,6326.303243243243,37
16818,D06.,5,67.2,5,583.442,1736.7835999999998,725.9348,5805.486,25
16822,D06.,5,67.3,3,531.9160869565218,1631.3021739130434,777.6373913043478,4853.174782608696,23
16833,D06.,5,68.4,4,1621.7973684210526,3367.101754385965,2091.04649122807,14976.75596491228,57
16834,D06.,5,68.4,5,1683.9841666666666,3043.2409722222224,2005.9012500000001,13949.507777777779,72
16835,D06.,5,68.4,6,1403.3625925925926,3117.570740740741,1907.6929629629628,13363.112592592592,27
16851,D06.,6,67.2,2,841.5326,2863.8923999999997,842.9789999999999,8042.174599999999,50
16852,D06.,6,67.2,3,711.1809734513274,2715.546592920354,732.1830973451328,7485.525,226
16853,D06.,6,67.2,4,774.4263742690059,2615.6266081871345,787.0597660818713,7827.330701754387,171
16854,D06.,6,67.2,5,591.4983561643836,2236.162876712329,667.0294520547945,6944.778767123287,73
16858,D06.,6,67.3,2,522.8303333333333,1827.7050000000002,355.012,4547.356333333333,30
16859,D06.,6,67.3,3,659.9912987012988,2003.3464935064935,489.89831168831165,5239.323376623377,77
16860,D06.,6,67.3,4,606.9918987341772,2017.712405063291,516.0882278481013,5335.1677215189875,79
16861,D06.,6,67.3,5,658.5013888888889,2430.4444444444443,360.26500000000004,5684.779444444444,36
16879,D06.,6,68.4,4,2801.6104326923078,4119.224711538462,1820.704951923077,21247.55014423077,208
16880,D06.,6,68.4,5,2814.5225172413793,4236.719310344828,1817.7015172413794,20123.441172413794,290
16881,D06.,6,68.4,6,2588.808796296296,4346.618148148148,1917.8332407407406,19406.804722222223,108
16882,D06.,6,68.4,8,2697.3190625,4252.0759375,1985.2471875,19545.02625,32
17053,D10.,5,29.3,5,627.9185714285715,1588.564285714286,897.8635714285714,6801.658928571429,28
17075,D10.,6,25.1,5,1587.2686046511628,1701.3355813953488,1047.7388372093023,7638.575581395349,43
17132,D10.,6,29.3,2,883.4545454545455,1227.1000000000001,516.8512121212121,5296.1196969696975,33
17133,D10.,6,29.3,3,1009.6904081632654,1365.6473469387756,733.7102040816327,6481.3161224489795,49
17134,D10.,6,29.3,4,1044.799605263158,1554.292105263158,857.9494736842105,6958.165131578948,76
17135,D10.,6,29.3,5,1238.935,1541.7092156862745,936.4587254901961,7283.341470588235,102
17136,D10.,6,29.3,6,1114.8819047619047,1863.857857142857,1123.3442857142857,8066.902619047619,42
17200,D11.,5,26.2,5,712.8404166666666,2172.1625,1210.55,7623.470833333333,24
17230,D11.,6,26.2,3,2690.8961111111107,2379.1731481481484,1445.3342592592594,12136.054814814814,54
17231,D11.,6,26.2,4,2209.6793023255814,2439.127674418605,1615.2316279069769,11922.606046511628,43
17232,D11.,6,26.2,5,2216.466,2493.1457777777778,1849.492888888889,12131.740000000002,90
17233,D11.,6,26.2,6,2876.141176470588,2494.184705882353,1645.905294117647,12313.367254901961,51
17234,D11.,6,26.2,8,2995.6531818181816,2749.2977272727276,2110.117272727273,13582.161818181818,22
17237,D11.,6,26.3,2,2460.885714285714,2618.322857142857,1271.2068571428572,12225.675714285715,35
17238,D11.,6,26.3,3,2887.5389285714286,3046.3510714285717,1640.730892857143,14018.529464285715,56
17239,D11.,6,26.3,4,3086.2163829787237,2891.745531914894,1743.1512765957448,14157.869574468084,47
17240,D11.,6,26.3,5,2755.91536,3221.04344,1685.56232,13675.720640000001,125
17241,D11.,6,26.3,6,2898.4438596491227,3110.214912280702,1818.5100000000002,13833.187543859649,57
17242,D11.,6,26.3,8,2662.695416666667,3421.111666666666,2115.0279166666664,13697.238333333333,24
17268,D12.,1,45.4,4,1810.2255,1078.3049999999998,477.4755,6389.7235,40
17269,D12.,1,45.4,5,1675.3311764705882,1112.48,526.3570588235294,6092.212,85
17270,D12.,1,45.4,6,1715.576923076923,1174.5211538461538,543.23,6382.41923076923,52
17286,D12.,2,45.4,5,1694.286875,1489.065625,1210.52375,6955.35375,32
17287,D12.,2,45.4,6,1303.608181818182,1770.2181818181818,1160.0613636363635,7456.610909090909,22
17292,D12.,2,48.3,5,1086.3316666666667,1726.2291666666667,855.2325000000001,6368.00375,24
17315,D12.,3,45.4,3,910.1042857142858,1612.685714285714,605.5507142857142,5133.9632142857145,28
17316,D12.,3,45.4,4,859.820744680851,1697.595744680851,669.1714893617021,5130.839468085106,94
17317,D12.,3,45.4,5,956.9245493562232,2016.3207725321888,827.9327467811158,6050.08017167382,233
17318,D12.,3,45.4,6,970.7378285714285,2253.4013142857143,953.6894285714285,6361.768514285714,175
17319,D12.,3,45.4,8,1162.6244444444444,2382.713796296296,1202.799074074074,7123.797592592593,108
17328,D12.,3,48.3,4,1200.7802702702704,1329.837837837838,981.7129729729729,6247.337567567567,37
17329,D12.,3,48.3,5,1074.476170212766,1616.8382978723403,1036.5486170212764,6828.787340425532,94
17330,D12.,3,48.3,6,1069.0618181818181,2074.7200000000003,1218.3510909090908,7767.543090909091,55
17331,D12.,3,48.3,8,1286.982142857143,2503.1521428571427,1850.1845238095239,9881.053333333333,42
17356,D12.,4,45.4,4,607.5041025641026,1686.5076923076924,648.894358974359,4547.550256410256,39
17357,D12.,4,45.4,5,634.4447058823529,2077.473613445378,774.8063025210084,5308.8159663865545,119
17358,D12.,4,45.4,6,668.90109375,2021.39875,771.6228125,5599.033125,64
17359,D12.,4,45.4,8,851.4936363636364,2161.2763636363634,1214.393272727273,6141.739090909091,55
17402,D12.,5,45.4,3,906.7560416666666,1777.9433333333334,588.5984374999999,5199.185625,96
17403,D12.,5,45.4,4,938.9662727272727,1836.3665757575757,604.615303030303,5332.214757575758,330
17404,D12.,5,45.4,5,1005.4529709364909,2114.858869752422,688.5048116254036,6010.181399354144,929
17405,D12.,5,45.4,6,1085.964266144814,2382.969706457926,845.4026810176125,6710.8942074363995,511
17406,D12.,5,45.4,8,1216.918303030303,2590.943818181818,941.149,7245.493636363636,330
17407,D12.,5,45.4,9,1294.7162962962964,2900.131296296296,1182.6444444444444,7779.086666666666,54
17422,D12.,5,48.3,4,1062.7316949152541,1903.0898305084747,761.0772881355932,6294.8099999999995,59
17423,D12.,5,48.3,5,1140.7134806629836,2099.657790055249,788.5765193370166,6736.578674033149,181
17424,D12.,5,48.3,6,1380.7765546218488,2400.9523529411767,1054.2046218487394,7891.452689075631,119
17425,D12.,5,48.3,8,1585.818,2544.6495555555553,1086.1844444444446,8244.136999999999,90
17472,D12.,6,43.4,5,2960.331739130435,2376.0191304347827,1804.3673913043476,12041.883043478261,23
17494,D12.,6,45.4,2,1202.3682692307693,1800.6984615384613,730.1025000000001,5866.5275,52
17495,D12.,6,45.4,3,1140.654229765013,2003.2863707571803,781.549138381201,6101.800026109661,383
17496,D12.,6,45.4,4,1141.9264273049646,2134.578829787234,788.1524113475177,6405.52324468085,1128
17497,D12.,6,45.4,5,1298.8080429900544,2315.016961822265,866.1914148219442,7023.84711581649,3117
17498,D12.,6,45.4,6,1349.8683954451346,2623.6060714285713,940.1724275362319,7678.51099378882,1932
17499,D12.,6,45.4,8,1479.6241765241127,2998.622010919017,1106.052238398544,8564.34813466788,1099
17500,D12.,6,45.4,9,1553.565459770115,3429.0823563218387,1293.2299425287356,9355.74632183908,174
17521,D12.,6,48.3,2,1284.0019230769228,1885.2576923076922,610.5442307692308,6877.475384615384,26
17522,D12.,6,48.3,3,1234.6063559322033,2127.8100847457627,916.4972881355932,7239.789322033898,118
17523,D12.,6,48.3,4,1362.3790616621984,2149.429705093834,800.8430831099197,7325.308016085792,373
17524,D12.,6,48.3,5,1436.8803636363637,2351.9704772727273,884.7895340909091,7905.948318181819,880
17525,D12.,6,48.3,6,1506.3623120300751,2782.5247932330826,1073.2734962406016,8874.063684210527,532
17526,D12.,6,48.3,8,1684.7066216216215,2951.9574324324326,1133.250837837838,9360.415324324324,370
17527,D12.,6,48.3,9,1961.1938461538462,3971.616923076923,1880.769423076923,12070.610384615384,52
17618,D13.,5,43.4,5,3378.6604347826087,2895.6460869565217,2006.7230434782612,13198.760434782609,23
17670,D13.,6,42.3,3,2813.5444444444443,2665.6585185185186,1633.4055555555558,11118.780740740742,27
17671,D13.,6,42.3,4,3631.590833333333,4188.015,2574.7961111111113,15338.878888888888,36
17672,D13.,6,42.3,5,3366.6037623762372,4038.077425742574,1866.2793069306929,14652.526336633662,101
17673,D13.,6,42.3,6,2671.0678787878787,3930.282121212121,1633.401212121212,13974.35515151515,33
17679,D13.,6,43.4,3,5611.904615384615,4422.002692307693,2386.256153846154,19155.792692307692,26
17680,D13.,6,43.4,4,5881.577402597403,3786.6448051948055,2152.741818181818,17817.742077922077,77
17681,D13.,6,43.4,5,6345.973903743316,4463.959786096257,2314.7908021390376,19767.46106951872,187
17682,D13.,6,43.4,6,6655.594782608695,5162.399347826087,2498.221847826087,21164.583804347825,92
17683,D13.,6,43.4,8,5449.000217391304,5054.627391304348,3054.9032608695647,20643.857173913042,46
17874,D14.,6,21.3,5,2074.8004,2829.804,1766.5528,13466.9552,25
17906,D14.,6,30.0,3,675.8571428571429,1644.727619047619,1452.6195238095238,8028.954761904762,21
17907,D14.,6,30.0,4,922.2628571428571,1559.2792857142856,1181.2289285714285,7764.299285714286,28
17908,D14.,6,30.0,5,795.8653333333333,1936.2235,1097.5793333333334,8154.589833333333,60
17909,D14.,6,30.0,6,1477.4416,2322.2016,1460.7212,9525.454399999999,25
17925,D14.,6,32.2,5,12767.132619047617,6148.941428571428,3425.91,31741.918095238096,42
17985,D15.,6,34.3,5,6958.090416666667,6530.049166666667,3850.735,31756.224583333333,24
18073,D16.,6,01.6,5,2869.469130434783,2332.818695652174,1629.0547826086956,11967.448260869565,23
18117,D16.,6,77.6,1,3846.919636363636,2700.635272727273,1107.9430909090909,14729.457999999999,55
18119,D16.,6,77.6,3,5371.769583333334,2998.0975,2093.3866666666668,16987.78125,24
18121,D16.,6,77.6,5,6435.731666666667,3613.8199999999997,2350.75625,19287.54375,24
18198,D17.,2,86.3,5,491.08033333333333,1208.8706666666667,701.1006666666667,4660.775,30
18243,D17.,3,83.3,5,546.0452380952381,1409.4338095238095,759.3466666666667,4683.077619047619,21
18255,D17.,3,86.3,4,510.5829166666667,1145.2633333333333,753.6774999999999,4230.683333333333,24
18256,D17.,3,86.3,5,463.27313725490194,1359.3376470588234,619.9074509803921,4273.822549019608,51
18257,D17.,3,86.3,6,450.13190476190476,1721.2509523809522,820.4361904761905,5003.358095238095,21
18343,D17.,5,83.3,5,717.848064516129,1609.8835483870967,938.9161290322581,6243.964516129032,31
18358,D17.,5,86.3,3,722.9484375000001,1467.0053125,605.7634375,4846.039375,32
18359,D17.,5,86.3,4,535.6018461538462,1569.5110769230769,665.4803076923077,5130.671384615385,65
18360,D17.,5,86.3,5,513.0956349206349,1649.641111111111,651.4859523809523,5182.828571428571,126
18361,D17.,5,86.3,6,504.8627450980392,1686.7596078431372,700.1970588235295,5410.593333333333,51
18362,D17.,5,86.3,8,499.48478260869564,2005.0869565217392,735.3395652173914,5887.887826086957,23
18520,D17.,6,83.3,3,842.8822916666667,1432.4447916666668,502.7714583333333,6421.072291666667,48
18521,D17.,6,83.3,4,1007.3649180327869,1840.7295081967213,777.3577049180328,7524.842459016394,61
18522,D17.,6,83.3,5,1061.9144827586208,2016.1781896551724,902.643103448276,7599.398017241379,116
18523,D17.,6,83.3,6,1123.9996153846155,2393.181730769231,1033.483076923077,8564.420576923078,52
18524,D17.,6,83.3,8,1042.1291304347826,2150.1869565217394,1097.0156521739132,8010.374782608696,23
18538,D17.,6,86.3,2,914.8961904761904,1544.3328571428572,670.7135714285714,6043.171666666666,42
18539,D17.,6,86.3,3,726.901076923077,1496.3358461538462,525.0726923076923,5342.637076923076,130
18540,D17.,6,86.3,4,821.1659154929578,1786.971924882629,747.7718309859155,6201.44558685446,213
18541,D17.,6,86.3,5,844.239875,1879.3912187499998,732.57125,6288.01628125,320
18542,D17.,6,86.3,6,952.5521138211383,2209.016504065041,986.3230081300812,7425.017886178862,123
18543,D17.,6,86.3,8,835.9058490566038,1881.8983018867925,907.0484905660377,6460.201320754717,53
18708,D18.,4,99.2,0,285.1101492537314,192.98507462686567,768.504328358209,6428.838358208955,67
18972,D18.,6,38.6,5,2817.1609523809525,2603.6680952380952,1326.9780952380952,10048.175714285715,21
18981,D18.,6,39.7,5,7162.864347826087,3443.0008695652177,2925.8486956521742,21748.088260869565,23
19036,D18.,6,50.2,3,10947.851142857142,4433.332571428572,3615.5997142857145,31830.780571428575,35
19037,D18.,6,50.2,4,11521.454137931034,4818.121034482759,4676.827586206897,36888.61844827586,58
19038,D18.,6,50.2,5,11493.061666666666,5091.222604166666,5231.136145833333,36633.90114583333,96
19039,D18.,6,50.2,6,9565.205,5020.751538461538,5071.038076923077,33704.94576923077,26
19043,D18.,6,50.3,4,17472.562142857143,5976.661071428572,6920.392857142857,46554.70785714286,28
19044,D18.,6,50.3,5,16563.4426,6361.3338,9303.8466,48077.6284,50
19121,D18.,6,86.3,0,953.1026666666666,1309.6313333333335,588.3116666666666,6458.010333333334,30
19124,D18.,6,86.3,3,1109.2693548387097,1638.812258064516,898.3312903225807,6508.347096774194,31
19125,D18.,6,86.3,4,788.7142857142857,1814.592142857143,678.6053571428572,6111.8439285714285,28
19126,D18.,6,86.3,5,1113.770512820513,1875.86358974359,721.2638461538462,7042.623846153847,39
19159,D18.,6,99.2,0,682.6648148148148,2021.0401851851852,1026.6307407407407,8919.503518518519,54
19383,D22.,6,86.3,0,892.01,1031.524375,389.808125,5412.9740625,32
19397,D22.,6,86.7,0,1203.1175675675674,1136.68,489.1227027027027,14655.87945945946,37
19484,D23.,6,18.2,5,874.2708,1902.28,762.01,6415.1612,25
19519,D23.,6,86.3,0,731.2454716981132,1004.508679245283,485.06301886792454,5506.446981132076,53
19524,D23.,6,86.3,5,758.1520689655173,1867.851724137931,765.0341379310344,6897.347241379311,29
19552,D24.,3,85.2,2,1512.6617647058824,1200.3207843137254,423.8276470588235,4721.3725490196075,51
19553,D24.,3,85.2,3,1949.069166666667,1295.1894444444445,365.12166666666667,5111.645277777778,36
19554,D24.,3,85.2,4,2374.3247727272724,1527.861818181818,476.1945454545455,6005.819318181818,44
19555,D24.,3,85.2,5,2537.2843243243246,1708.381081081081,471.41135135135136,6385.284594594595,37
19561,D24.,4,85.2,3,2541.7808108108106,1642.0513513513513,389.14702702702704,6947.318918918919,37
19562,D24.,4,85.2,4,3016.3067741935483,1807.1948387096775,342.091935483871,7435.289032258064,31
19572,D24.,5,85.2,1,1453.6010714285715,1761.9210714285714,657.6278571428572,6133.750357142858,28
19573,D24.,5,85.2,2,2459.304411764706,1632.9784803921568,382.5262254901961,6222.883333333333,204
19574,D24.,5,85.2,3,2891.969030837004,1748.49704845815,278.4062995594714,6483.804493392071,227
19575,D24.,5,85.2,4,2897.874885844749,1904.6147488584475,318.34506849315073,6735.1294977168955,219
19576,D24.,5,85.2,5,2727.82477124183,2128.118496732026,439.19313725490196,7037.176928104575,153
19577,D24.,5,85.2,6,1872.892222222222,2608.716296296296,434.99703703703705,6817.634074074074,27
19601,D24.,6,85.1,3,1531.8836363636365,1880.4113636363638,161.5659090909091,4555.317727272727,22
19607,D24.,6,85.2,1,2134.4188513513513,1681.4612837837838,423.4931081081081,6220.363445945946,148
19608,D24.,6,85.2,2,2867.891637141112,1627.6542761148442,313.93989004276114,6631.129651802077,1637
19609,D24.,6,85.2,3,3218.5640478723403,1712.123414893617,276.03233510638296,6854.499143617021,1880
19610,D24.,6,85.2,4,3286.4798341463415,2012.527356097561,316.46871707317075,7315.816882926829,2050
19611,D24.,6,85.2,5,3146.1650046082946,2086.6102211981565,362.3130506912442,7293.1063778801845,1085
19612,D24.,6,85.2,6,2728.300248447205,2224.1675776397515,438.36708074534164,7295.2408695652175,161
19613,D24.,6,85.2,8,3345.124864864865,3556.275675675676,716.3970270270271,10246.847567567567,37
19647,D25.,1,68.2,4,1045.4270833333333,1587.5641666666668,1733.5404166666667,9987.5375,24
19675,D25.,2,68.2,3,1069.8570967741935,1488.5132258064518,1921.2512903225806,9300.02064516129,31
19676,D25.,2,68.2,4,992.36765625,1736.91703125,2183.5071875,10162.7225,64
19677,D25.,2,68.2,5,1045.9625806451613,1552.99,1630.6451612903227,8768.006451612904,31
19679,D25.,2,68.3,4,997.3265714285715,1773.2868571428571,2195.594,9761.049428571429,35
19680,D25.,2,68.3,5,836.655,1705.981153846154,1762.5734615384613,8505.121538461539,26
19683,D25.,2,68.4,4,1104.1382352941175,1949.5420588235293,2169.2014705882357,11199.604117647059,34
19684,D25.,2,68.4,5,1054.6065957446808,1780.6978723404256,2352.0340425531917,10880.552340425533,47
19724,D25.,3,68.2,3,962.0916666666668,1631.9935897435898,1257.2646153846154,8643.863846153847,78
19725,D25.,3,68.2,4,1043.1012133891213,1986.3198326359832,1394.2802510460251,9297.069748953974,239
19726,D25.,3,68.2,5,939.3364935064935,1996.2753246753248,1199.5225974025975,8459.90935064935,77
19730,D25.,3,68.3,4,818.2352727272728,2287.95,1510.6054545454547,9750.204727272727,55
19731,D25.,3,68.3,5,897.9063636363636,2116.658181818182,1596.5606818181818,9512.569318181819,44
19734,D25.,3,68.4,4,1172.7613636363637,2524.981515151515,1684.4482575757577,11687.729166666666,132
19735,D25.,3,68.4,5,1253.9259060402685,2525.46,1737.6787248322148,11497.304630872482,149
19766,D25.,4,68.2,4,1219.7668085106384,2010.668510638298,1630.7438297872343,9868.782978723404,47
19771,D25.,4,68.4,4,969.9163636363636,2466.002727272727,1624.9945454545452,10496.800454545453,22
19772,D25.,4,68.4,5,1570.856875,2499.45,1964.3784375,12909.6734375,32
19807,D25.,5,68.2,2,1517.4390476190476,1652.8547619047617,1231.7014285714286,9194.12619047619,21
19808,D25.,5,68.2,3,1366.1108407079646,2156.7818584070797,1516.2192477876106,10546.237920353982,226
19809,D25.,5,68.2,4,1306.8012718600953,2291.7933386327504,1563.367106518283,10718.13440381558,629
19810,D25.,5,68.2,5,1150.399421965318,2305.546300578035,1398.136647398844,10018.92971098266,173
19815,D25.,5,68.3,4,1327.361891891892,2594.7951351351353,1828.1187837837838,12050.897702702703,74
19816,D25.,5,68.3,5,1210.946153846154,2162.7807692307692,1673.085641025641,11233.261538461538,39
19818,D25.,5,68.4,4,1776.2257476635514,3049.609509345795,1832.181331775701,14295.845724299064,428
19819,D25.,5,68.4,5,1669.3893542074363,3027.6908610567516,1781.088806262231,13722.224618395303,511
19820,D25.,5,68.4,6,1789.1365853658538,3305.8404878048777,1761.9775609756098,14280.53756097561,41
19822,D25.,5,68.5,4,1139.2078260869564,2922.0173913043477,1784.1995652173912,13845.729565217393,46
19823,D25.,5,68.5,5,1147.1187234042554,2945.1617021276597,1552.3389361702127,13327.68829787234,47
19849,D25.,6,00.0,3,453.3095238095238,3167.3333333333335,1198.8514285714286,15777.389523809523,21
19850,D25.,6,00.0,4,457.071052631579,3300.7105263157896,1164.5034210526314,15246.890263157893,38
19886,D25.,6,67.3,4,1390.139705882353,2649.002941176471,1139.9270588235293,11154.547647058824,34
19887,D25.,6,67.3,5,964.6895238095237,2333.6280952380953,993.5290476190477,8740.694761904762,21
19897,D25.,6,68.2,2,2930.798333333333,3141.31,1365.0108333333333,15500.516217948716,156
19898,D25.,6,68.2,3,2586.4566558089036,3087.3970466883825,1501.9962649294246,15061.804201954397,921
19899,D25.,6,68.2,4,2221.348987271721,2995.3543663530713,1541.421903707803,14067.839773104593,1807
19900,D25.,6,68.2,5,1682.4948961937716,2695.486505190311,1202.366660899654,11709.020865051902,578
19901,D25.,6,68.2,6,1040.4544117647058,2870.4032352941176,1087.1076470588237,9816.942352941176,34
19905,D25.,6,68.3,4,2129.2705,3344.9832499999998,1794.1229166666667,15718.22775,120
19906,D25.,6,68.3,5,1958.2212280701754,3960.726666666667,1759.9140350877194,16443.106666666667,57
19910,D25.,6,68.4,4,2494.0984315684314,3932.242457542458,1931.465014985015,18339.90964035964,1001
19911,D25.,6,68.4,5,2424.36280349345,3855.95488209607,1895.0056244541483,17888.88165065502,1145
19912,D25.,6,68.4,6,2811.1424468085106,4366.726595744681,1996.0772340425533,18455.507872340426,94
19913,D25.,6,68.4,8,2727.8857575757575,5060.393333333333,2051.7078787878786,19691.165757575756,33
19915,D25.,6,68.5,4,2757.3297777777775,4334.733333333334,1936.4873333333335,20940.07911111111,45
19916,D25.,6,68.5,5,2705.205438596491,3911.1052631578946,1764.4336842105263,19159.50894736842,57
19924,D25.,6,69.0,4,1310.831739130435,3904.7869565217393,2040.3382608695651,16178.948695652174,23
19942,D25.,6,99.8,4,603.1934545454545,3700.318181818182,1299.5547272727272,14841.785636363637,55
19943,D25.,6,99.8,5,1179.3891304347826,3855.086956521739,1376.0847826086956,14815.049565217392,23
19951,D26.,1,99.8,3,996.1795238095239,2277.2380952380954,2187.212857142857,13430.844285714285,21
19952,D26.,1,99.8,4,417.8028571428572,2364.9523809523807,2165.6161904761907,13521.942857142856,21
19993,D26.,5,68.2,4,1297.2742857142857,2028.6731428571427,1978.4005714285715,11227.078857142857,35
20000,D26.,5,68.4,4,1563.443695652174,2653.169347826087,1553.4032608695652,13128.017391304349,46
20001,D26.,5,68.4,5,1648.18325,3019.1395,1843.1860000000001,13933.764249999998,40
20026,D26.,6,68.2,3,3074.8811904761906,2850.264285714286,1593.6640476190476,14857.714523809524,42
20027,D26.,6,68.2,4,2540.7763291139245,3197.902405063291,2011.7211392405063,15670.04506329114,79
20028,D26.,6,68.2,5,1664.641904761905,3271.0190476190473,1268.338095238095,12405.448095238095,21
20033,D26.,6,68.4,4,2830.943448275862,3719.0941379310343,2283.9222988505744,18796.988620689655,87
20034,D26.,6,68.4,5,2879.8854166666665,3961.2848611111112,2097.1187499999996,19076.783194444444,72
20082,D27.,3,65.2,2,999.3743333333333,1729.5033333333333,1174.095,7860.538666666666,30
20083,D27.,3,65.2,3,987.0305405405404,2074.111081081081,1253.6008108108108,8570.723243243243,37
20143,D27.,5,65.2,1,1045.9157692307692,2213.5803846153844,1004.2303846153845,8380.815,26
20144,D27.,5,65.2,2,1462.1110714285714,2209.1536607142857,1225.3334821428573,9392.083125000001,112
20145,D27.,5,65.2,3,1346.3153968253966,2270.381746031746,1133.0092063492064,9654.285238095237,126
20146,D27.,5,65.2,4,1309.7918644067797,2348.795084745763,1284.1286440677966,10298.917966101695,59
20158,D27.,5,65.4,4,1262.6490000000001,3367.7686666666664,1332.395,10777.979333333333,30
20159,D27.,5,65.4,5,1386.1643902439023,2782.9568292682925,1212.6729268292681,10720.71512195122,41
20167,D27.,5,65.6,5,1438.392,3184.252,1461.856,11780.735666666667,60
20168,D27.,5,65.6,6,1364.0043478260868,3572.053043478261,1547.4152173913044,11682.427391304349,23
20212,D27.,6,65.2,1,2428.78797752809,2784.7391011235954,1223.1332584269662,12916.126741573034,89
20213,D27.,6,65.2,2,2525.27634551495,2835.6375249169437,1242.8038372093024,13085.185747508307,602
20214,D27.,6,65.2,3,2441.3520809248553,2774.429267822736,1233.148824662813,13194.364123314066,519
20215,D27.,6,65.2,4,2169.5898636363636,3016.531363636364,1341.5899090909093,13272.971000000001,220
20216,D27.,6,65.2,5,1466.3872000000001,3311.3276,1467.2732,12713.9872,25
20227,D27.,6,65.4,4,2115.1668656716415,3432.717313432836,1313.430447761194,13565.474925373133,67
20228,D27.,6,65.4,5,2117.302109375,3456.916796875,1421.78421875,13007.24515625,128
20238,D27.,6,65.6,5,2204.2781379310345,3743.316068965517,1454.4844827586207,14592.084896551725,145
20239,D27.,6,65.6,6,2274.046533333333,4540.149333333334,1527.9145333333333,15869.980666666668,75
20240,D27.,6,65.6,8,2218.401,5106.0546,1723.0004000000001,16317.711599999999,50
20258,D27.,6,68.4,5,2700.1930555555555,5590.658888888889,2133.4011111111113,20399.45333333333,36
20260,D27.,6,68.4,8,3508.4400000000005,6403.455909090909,2277.4518181818185,21086.28909090909,22
20417,D30.,6,55.4,5,5778.218333333333,5842.39375,3487.3524999999995,29469.627916666665,24
20533,D32.,6,01.5,3,19011.870714285713,8911.566785714285,10263.857142857143,68035.90321428572,28
20534,D32.,6,01.5,4,21276.356354166666,9979.914479166668,11060.853333333333,70643.06989583334,96
20535,D32.,6,01.5,5,19952.96476744186,10247.694825581395,11048.819069767442,66898.88779069767,172
20536,D32.,6,01.5,6,21670.29776119403,12045.195597014925,13703.371492537313,76478.68119402985,134
20537,D32.,6,01.5,8,21003.525416666667,13386.479583333334,14287.490833333335,78420.21958333334,48
20619,D33.,6,01.5,5,20051.407045454547,11150.80909090909,11435.89090909091,74476.45727272728,44
20620,D33.,6,01.5,6,18919.425714285717,10612.643214285714,12590.519285714285,72374.29035714285,28
20643,D33.,6,04.0,5,21459.99086956522,10995.4,10140.813478260869,64840.366956521735,23
20701,D34.,5,06.2,5,1272.3508695652174,2956.1021739130438,1966.5691304347827,12056.12347826087,23
20708,D34.,5,06.3,4,2674.5460526315787,2589.63,1459.3381578947367,11744.697631578947,38
20709,D34.,5,06.3,5,1954.2329310344826,2497.1343103448276,1503.2034482758622,10718.461206896553,58
20710,D34.,5,06.3,6,1706.1799999999998,2823.2233333333334,1682.7966666666669,11129.164285714285,21
20732,D34.,6,06.2,2,2856.3985714285714,3476.1538095238093,2119.2909523809526,16072.321904761906,21
20733,D34.,6,06.2,3,3077.5297058823526,3219.6670588235297,1629.1705882352942,15352.03588235294,34
20734,D34.,6,06.2,4,3151.269875,3369.57325,1789.853375,16591.413125,80
20735,D34.,6,06.2,5,3011.5339735099337,3731.3704635761587,2020.6683443708607,16299.921125827814,151
20736,D34.,6,06.2,6,2741.0964444444444,3938.3039999999996,1863.2826666666667,16076.096444444443,45
20737,D34.,6,06.2,8,2905.4460869565214,4575.986956521739,2635.2234782608693,18097.358695652172,23
20740,D34.,6,06.3,2,7368.430454545454,2487.5454545454545,854.1559090909091,14672.096363636363,22
20741,D34.,6,06.3,3,5868.146875,2893.3125,1573.584375,15972.67125,32
20742,D34.,6,06.3,4,5332.705194805195,2984.1967532467534,944.4567532467532,14377.877922077923,77
20743,D34.,6,06.3,5,5179.049931034483,3283.150206896552,1113.7955172413795,15102.558068965516,145
20744,D34.,6,06.3,6,4111.104210526316,3866.4223684210524,1580.0815789473684,16746.95,38
20799,D35.,5,07.2,5,4107.7710256410255,3946.2961538461536,2807.3548717948715,20104.656666666666,39
20833,D35.,6,06.8,5,3739.376956521739,7472.167391304348,2678.4691304347825,23956.04043478261,23
20840,D35.,6,07.2,3,4953.001555555556,4004.269777777778,2280.661777777778,23562.112222222222,45
20841,D35.,6,07.2,4,5375.853916666666,4630.6731666666665,2620.3446666666664,24639.44125,120
20842,D35.,6,07.2,5,5529.920833333333,6601.722129629629,6912.945046296297,33028.05861111111,216
20843,D35.,6,07.2,6,5347.982666666667,5827.949733333333,2866.6504,26538.250133333335,75
20844,D35.,6,07.2,8,5622.751388888889,7069.677222222223,3791.673888888889,29306.206388888888,36
20850,D35.,6,07.6,3,9446.107073170731,9184.296097560977,6430.608780487805,47171.417073170735,41
20851,D35.,6,07.6,4,11692.532931034484,11417.643793103447,11400.28344827586,58422.78913793103,58
20852,D35.,6,07.6,5,12086.372781954888,10211.281203007518,8099.697819548873,51836.663308270676,133
20853,D35.,6,07.6,6,11279.482028985507,10554.228260869566,11125.958115942029,53836.70144927536,69
20854,D35.,6,07.6,8,11891.945714285714,13545.685357142856,10169.181071428571,59887.04642857143,28
21056,D36.,6,04.0,5,2585.4135714285717,3799.8664285714285,1574.4882142857143,14399.8925,28
21184,D36.,6,83.3,5,736.4466666666667,1842.8100000000002,517.2212499999999,6147.6970833333335,24
21201,D36.,6,86.3,5,948.7614285714286,2274.0342857142855,903.9835714285715,6853.848571428572,28
21503,D37.,6,,6,602.86,4843.9312,1822.2084,9432.925599999999,25
21504,D37.,6,,8,793.5042424242424,4590.907878787879,1898.3336363636363,8912.890303030303,33
21505,D37.,6,,9,425.49435897435893,4180.239487179487,2736.1910256410256,10502.398974358974,39
21573,D37.,6,43.4,4,8271.079722222223,5375.5275,3034.4944444444445,24779.864166666666,36
21574,D37.,6,43.4,5,8076.204000000001,5539.206666666667,2690.5268,23982.716666666667,75
21575,D37.,6,43.4,6,8384.873606557378,5615.439508196721,2864.024426229508,25043.304426229508,61
21576,D37.,6,43.4,8,7825.841428571429,5796.638857142857,3140.2157142857145,27303.14514285714,35
21617,D37.,6,45.4,5,2976.7974999999997,3416.6305,1914.8805,13802.723999999998,40
21618,D37.,6,45.4,6,3514.7948148148143,3856.2425925925927,1422.8848148148147,14062.763703703704,27
21619,D37.,6,45.4,8,3706.0019047619044,3615.419047619048,1257.8999999999999,13415.764761904762,21
21653,D37.,6,48.3,3,3840.961111111111,3300.097222222222,1252.8205555555555,12152.237222222222,36
21654,D37.,6,48.3,4,3149.74,3487.643111111111,1260.033111111111,12213.804888888888,45
21655,D37.,6,48.3,5,3985.5766666666664,4048.7908974358975,1333.4134615384614,13925.689743589744,78
21656,D37.,6,48.3,6,3777.085,3547.7415384615383,1115.7242307692309,13062.453076923079,26
21926,D38.,6,32.2,5,9873.456538461538,5411.774615384616,2092.3865384615387,33406.14076923077,26
21933,D38.,6,32.3,5,16042.60125,6190.210416666666,3309.9149999999995,43143.94666666666,24
21946,D38.,6,33.2,5,1034.6009090909092,6731.355454545454,2054.956818181818,12669.99272727273,22
21948,D38.,6,33.2,8,828.9091304347826,6301.465217391305,2341.5578260869565,12224.724782608695,23
21962,D38.,6,34.3,4,5038.097916666667,4731.56375,3323.744583333333,27059.16083333333,24
21963,D38.,6,34.3,5,6099.086585365853,5907.85,3424.125365853659,28300.865121951218,41
22141,D39.,6,65.2,2,4748.76891891892,3100.8597297297297,1732.3186486486486,16340.035675675674,37
22173,D39.,6,68.4,5,3755.2646875,6503.4,3146.858125,24958.4490625,32
22373,D41.,6,57.4,5,2009.5690625,2809.389375,1646.2178125,11847.0840625,32
22374,D41.,6,57.4,6,2184.1133333333332,2798.7014814814816,2227.245925925926,13330.035185185186,27
22375,D41.,6,57.4,8,2555.3210256410257,2845.0066666666667,1947.5066666666664,13346.794102564101,39
22456,D43.,6,01.5,3,18205.58148148148,10912.607407407408,10809.30037037037,72839.1888888889,27
22457,D43.,6,01.5,4,13674.066071428571,10785.111071428571,12644.24392857143,65570.77928571429,28
22458,D43.,6,01.5,5,14592.23283018868,9539.096037735848,9475.059622641511,63213.87094339623,53
22459,D43.,6,01.5,6,14852.404583333335,13998.742916666664,15808.079166666668,83791.84916666667,24
22563,D44.,6,06.2,4,3672.178695652174,3829.3373913043474,1806.356086956522,20979.462608695652,23
22564,D44.,6,06.2,5,4499.9293333333335,4068.479,2365.063666666667,22207.890333333333,30
22590,D44.,6,07.2,5,4254.917333333334,3674.477,1734.4456666666667,24452.88366666667,30
22688,D46.,6,41.3,5,976.1565789473685,9256.492105263158,9565.608684210527,29033.219210526317,38
22689,D46.,6,41.3,6,859.4092857142857,7805.070952380952,9148.401428571427,28356.983571428573,42
22690,D46.,6,41.3,8,778.6092156862745,7561.335294117646,5630.09862745098,21273.68392156863,51
22780,D47.,6,41.3,6,589.2346153846154,6468.999230769231,1395.421153846154,11161.761538461538,26
22781,D47.,6,41.3,8,919.4599999999999,9223.398333333334,3217.1183333333333,18246.63361111111,36
23184,D48.,6,77.6,5,12190.847272727273,5723.493181818182,2941.0304545454546,34628.21363636363,22
23270,D48.,6,85.2,2,1647.7622580645161,1011.1451612903226,288.6625806451613,4904.698387096774,31
23271,D48.,6,85.2,3,1850.3118421052634,1370.3326315789473,343.2171052631579,5864.595526315789,38
23272,D48.,6,85.2,4,2827.306666666667,1735.0869047619046,329.3159523809524,7268.10238095238,42
23273,D48.,6,85.2,5,2462.4354166666667,2285.1766666666667,642.8983333333334,8146.634999999999,24
23373,D50.,6,,8,431.975,3834.9733333333334,2485.9736666666663,10491.491,30
23388,D50.,6,41.3,8,370.1445454545455,5655.447727272727,2249.4186363636363,11896.85909090909,22
23693,D61.,6,,5,367.4425,3527.699642857143,7015.703392857143,18003.35017857143,56
23694,D61.,6,,6,477.6118181818182,3654.9657575757574,7601.52393939394,16902.54818181818,33
23695,D61.,6,,8,528.2953125,4903.7309375,6456.073125,16744.1503125,32
23730,D61.,6,41.3,6,923.5296666666667,8814.202666666668,14381.444666666668,40103.202333333335,30
23731,D61.,6,41.3,8,1016.26125,7950.2190625,4588.9378125,19356.7346875,32
23913,D64.,5,,8,521.8847826086957,3950.513043478261,2510.918695652174,12010.912608695651,23
23914,D64.,5,,9,406.39279999999997,3240.9896000000003,2173.9596,9635.1008,25
23972,D64.,6,,6,397.9375,4500.383333333333,2782.30125,11822.361666666666,24
23973,D64.,6,,8,332.5002857142857,4527.248571428572,2242.0577142857146,11192.236571428572,35
23974,D64.,6,,9,440.7614705882353,4729.894411764706,2758.7370588235294,12379.83382352941,34
24060,D64.,6,99.0,8,406.46457142857145,3822.714857142857,2232.8511428571433,10776.812,35
24061,D64.,6,99.0,9,437.1444827586207,4943.479310344827,1969.8458620689655,11975.667931034483,29
24205,D69.,6,,0,383.24,1936.0066666666667,1405.6203174603174,5931.353968253968,63
24206,D69.,6,,1,364.5153191489362,2143.7170212765955,2028.7340425531916,6652.882978723404,47
24210,D69.,6,,5,311.027037037037,2649.504814814815,4189.242222222222,12561.354444444445,27
24238,D69.,6,41.3,0,503.768076923077,3942.5,4324.926153846154,13386.734230769229,26
24243,D69.,6,41.3,5,561.3697297297298,6728.504864864864,3748.86,16334.049459459462,37
24244,D69.,6,41.3,6,629.4279310344828,6108.389655172414,4920.981034482758,16854.165517241378,29
24245,D69.,6,41.3,8,678.7331914893617,6240.928723404256,5835.123617021277,18693.228936170213,47
24246,D69.,6,41.3,9,629.1952380952381,8455.474285714285,9806.42857142857,27941.320952380953,21
24269,D69.,6,55.2,1,965.7733333333334,4101.790512820512,2029.9464102564104,9690.026923076923,39
24302,D69.,6,93.9,0,342.74142857142857,1966.6676190476192,2182.2414285714285,6499.303333333333,21
24315,D69.,6,99.1,0,308.9913043478261,2390.021739130435,5515.424782608696,9932.363913043479,23
24318,D69.,6,99.2,0,500.920652173913,3161.9565217391305,1176.3341304347828,6475.163913043478,46
24471,D73.,6,41.5,5,11719.111833333332,6922.017166666667,8774.464333333333,45957.26833333333,60
24472,D73.,6,41.5,6,10589.683448275862,6937.874827586207,8998.706206896552,45159.68206896552,29
24725,E04.,1,,2,11491.228518518517,2098.6666666666665,1960.845185185185,22054.415555555555,27
24726,E04.,1,,3,11991.76947368421,1939.5526315789473,1434.2886842105263,20716.95157894737,38
24727,E04.,1,,4,14643.247866666665,2213.653333333333,1947.0736000000002,25618.402,75
24728,E04.,1,,5,14633.247596153846,2282.230769230769,2027.9007692307691,25990.408846153845,104
24729,E04.,1,,6,12209.902083333332,2097.3333333333335,1676.4783333333335,22175.892916666668,24
24767,E04.,3,06.3,5,1590.6935294117648,2324.8473529411763,1179.9908823529413,10423.772352941176,34
24802,E04.,5,06.2,4,1337.0117391304348,3398.0313043478263,1413.5060869565218,12217.42347826087,23
24803,E04.,5,06.2,5,1156.5885185185184,2920.4664814814814,1553.9866666666667,11654.364629629628,54
24804,E04.,5,06.2,6,1243.5238095238096,3941.0857142857144,1616.7280952380952,14088.251904761904,21
24810,E04.,5,06.3,4,3401.1182692307693,2619.117884615385,867.2511538461538,11896.4475,52
24811,E04.,5,06.3,5,3209.4494674556213,2619.195088757396,1066.7508875739645,12072.995088757396,169
24812,E04.,5,06.3,6,2757.9024074074077,2819.7887037037035,1328.6205555555555,12824.032777777778,54
24813,E04.,5,06.3,8,3221.752727272727,3299.857575757576,1459.4921212121212,13898.535454545454,33
24846,E04.,6,06.1,5,1390.9781818181818,2569.740303030303,237.89272727272729,5254.504545454545,33
24852,E04.,6,06.2,3,3764.1856896551726,3277.6579310344828,1859.188103448276,16917.650172413792,58
24853,E04.,6,06.2,4,3932.232748538012,3520.1,2019.7715789473684,17388.382105263157,171
24854,E04.,6,06.2,5,3739.488571428571,3614.6028273809525,2037.7775892857144,17736.659107142856,336
24855,E04.,6,06.2,6,3975.5922602739724,4213.304520547945,2423.036780821918,19103.9404109589,146
24856,E04.,6,06.2,8,3620.874117647059,4189.51568627451,2347.9580392156863,18850.27588235294,51
24860,E04.,6,06.3,2,8163.828225806451,2739.530483870968,1423.9993548387097,16383.631129032257,62
24861,E04.,6,06.3,3,8427.988374999999,2681.7966875,1227.7445625,16283.1300625,160
24862,E04.,6,06.3,4,7780.296084142394,2937.0258899676373,1409.216213592233,16382.102815533979,309
24863,E04.,6,06.3,5,7139.982222222223,3049.5969696969696,1454.289191919192,16482.065818181818,495
24864,E04.,6,06.3,6,7274.524277108434,3368.9664457831327,1452.7048192771085,17087.704939759034,166
24865,E04.,6,06.3,8,6364.925056179774,3826.8708988764047,1558.938202247191,17270.594831460672,89
24869,E04.,6,06.4,4,3529.9333333333334,2928.479523809524,2151.8009523809524,18763.962857142855,21
24870,E04.,6,06.4,5,3091.424324324324,3996.0612162162165,2118.9617567567566,18156.750810810812,74
24871,E04.,6,06.4,6,3344.0099999999998,4327.7725,2223.0157142857142,19069.851785714283,28
24916,E05.,1,,2,13877.388076923076,2161.576923076923,2598.8576923076926,26220.073461538464,26
24919,E05.,1,,5,14708.917142857143,2573.904761904762,3101.6838095238095,28077.139523809525,21
24991,E05.,6,16.0,2,1117.4399999999998,3642.6299999999997,2126.1983333333333,12343.859,30
24992,E05.,6,16.0,3,1152.7513888888889,3806.3611111111113,2189.3122222222223,12462.848333333333,36
24993,E05.,6,16.0,4,1126.2880952380951,3618.264285714286,2192.8004761904763,12409.620952380952,42
24994,E05.,6,16.0,5,1145.5375925925925,3759.146296296296,2245.4955555555553,12599.631851851851,54
25033,E05.,6,92.3,2,601.6043478260868,3972.021739130435,1075.7504347826086,13523.645217391306,23
25034,E05.,6,92.3,3,611.9131249999999,4040.21875,1111.19625,13663.96625,32
25035,E05.,6,92.3,4,635.8029787234042,4153.936170212766,1150.5210638297872,13824.873191489363,47
25036,E05.,6,92.3,5,626.0016949152542,4068.406779661017,1251.5386440677967,13831.460677966103,59
25092,E06.,6,06.2,5,4491.6525,4193.729166666667,2338.5054166666664,19383.055416666666,24
25169,E07.,6,06.3,4,8078.395714285714,3316.9652380952384,853.8276190476191,14562.02761904762,21
25170,E07.,6,06.3,5,8374.6196,3447.4552000000003,725.5116,15008.4996,25
25240,E10.,6,,1,448.125,3793.44625,1274.5318750000001,7827.7128125,32
25241,E10.,6,,2,389.3189655172414,4120.725862068965,1425.6079310344826,8388.716896551725,29
25242,E10.,6,,3,420.10499999999996,4665.482692307693,1896.1100000000001,9181.703461538462,26
25243,E10.,6,,4,451.19107142857143,4999.4232142857145,1578.6396428571427,9056.859999999999,28
25244,E10.,6,,5,453.81807692307694,4523.142307692307,1749.7603846153845,8890.792307692307,26
25333,E11.,1,,4,618.5069565217391,2790.217391304348,1427.0278260869566,6149.097826086957,23
25334,E11.,1,,5,577.2907575757577,2662.1348484848486,1626.364696969697,6374.836818181818,66
25335,E11.,1,,6,489.57048780487804,2665.346341463415,1771.169024390244,6662.769756097561,41
25336,E11.,1,,8,401.83,2548.5906976744186,3080.4460465116276,9537.031860465117,43
25337,E11.,1,,9,412.52272727272725,2960.754545454545,3951.644545454545,11491.280909090909,22
25340,E11.,1,13.4,6,1665.755652173913,598.8695652173913,288.9130434782609,4575.857391304348,23
25341,E11.,1,13.4,8,1796.0358333333334,541.6274999999999,188.6470833333333,4522.906458333334,48
25345,E11.,1,13.7,6,1717.91875,840.4375,78.66125,4282.42375,32
25346,E11.,1,13.7,8,1528.1837837837838,831.081081081081,89.07324324324324,4110.581351351351,37
25367,E11.,2,,6,359.0723809523809,2862.3690476190477,3613.238571428571,8567.160952380953,21
25368,E11.,2,,8,337.3672413793103,1808.0655172413794,2441.5810344827587,6025.300689655172,29
25369,E11.,2,,9,435.9166666666667,2333.014814814815,4297.102592592592,11396.861851851852,27
25406,E11.,3,,4,368.65348314606746,2535.869662921348,1561.3923595505617,6428.494269662921,89
25407,E11.,3,,5,379.2309090909091,2800.6204545454543,1840.9650000000001,7093.537777777778,198
25408,E11.,3,,6,352.2490721649485,2662.857525773196,1949.8028865979381,6869.553453608248,194
25409,E11.,3,,8,354.6012953367876,3063.4993264248706,2165.341865284974,7961.972279792745,193
25410,E11.,3,,9,425.9929268292683,3527.3309756097565,3428.6889024390243,10761.303414634147,82
25417,E11.,3,13.4,8,2097.147391304348,1671.0782608695654,361.3008695652174,6668.068695652175,23
25562,E11.,4,,5,330.03866666666664,3103.937777777778,1551.010222222222,6394.517777777777,45
25563,E11.,4,,6,401.53173913043474,3343.6021739130438,2082.628695652174,7701.47152173913,46
25564,E11.,4,,8,400.20881578947365,3753.388947368421,1875.3218421052632,8756.274736842106,76
25565,E11.,4,,9,384.74379310344824,4204.060344827586,2344.3332758620686,13463.968793103448,58
25645,E11.,5,,3,334.06522727272727,2440.088409090909,1378.3443181818182,5790.935454545454,44
25646,E11.,5,,4,317.91274074074073,2890.6808148148148,1551.4025185185185,7018.6260740740745,135
25647,E11.,5,,5,356.68789915966386,3010.2639495798317,1756.7033613445378,7255.777983193278,357
25648,E11.,5,,6,527.1922922636103,3425.6900573065905,2171.2501719197708,8469.07759312321,349
25649,E11.,5,,8,354.1419012345679,3491.883481481482,2148.8227654320985,8284.357209876543,405
25650,E11.,5,,9,392.5608771929825,3932.404444444445,2764.0722222222225,10651.095029239767,171
25665,E11.,5,13.4,5,2264.720392156863,1394.9580392156863,340.5619607843137,7156.280196078431,51
25666,E11.,5,13.4,6,2121.4016438356166,1480.8467123287671,435.1779452054795,6929.183561643836,73
25667,E11.,5,13.4,8,1875.910701754386,1404.397192982456,329.89728070175437,6269.911140350877,114
25668,E11.,5,13.4,9,2361.254761904762,1554.3466666666666,359.04238095238094,7262.565714285714,21
25674,E11.,5,13.7,6,2079.860487804878,1422.5797560975611,362.7865853658537,6866.776097560975,41
25675,E11.,5,13.7,8,1873.3342499999999,1583.4450000000002,381.094,6683.974,40
25738,E11.,5,44.1,6,413.2104545454546,4261.722727272727,2268.719090909091,9692.662727272727,22
25811,E11.,5,86.0,5,669.209090909091,3724.9212121212117,2422.9803030303033,9316.744242424242,33
25812,E11.,5,86.0,6,759.3009999999999,4552.650333333334,3041.726666666667,11548.774666666666,30
25813,E11.,5,86.0,8,347.25967741935483,4284.98064516129,2148.244193548387,9111.43612903226,31
25819,E11.,5,86.2,8,1124.7617391304348,5678.468695652174,6398.07,20723.726521739132,23
25875,E11.,5,99.1,4,310.4439130434783,3041.0765217391304,2100.733913043478,7413.1652173913035,23
25876,E11.,5,99.1,5,337.49375000000003,3292.49875,2007.245,7416.386666666666,24
25878,E11.,5,99.1,8,315.8775,3720.820833333333,1907.9087499999998,8048.676666666666,24
25892,E11.,6,,2,385.02156626506024,3883.8672289156625,1386.0536144578314,7559.39578313253,83
25893,E11.,6,,3,407.685529953917,3761.113778801843,1424.468525345622,7579.478433179724,217
25894,E11.,6,,4,360.5707415254238,4086.8476694915257,1623.0189830508473,7942.261758474576,472
25895,E11.,6,,5,363.1664073777065,4354.19181234964,1936.8027105052124,8668.442277465918,1247
25896,E11.,6,,6,365.90216683621566,4608.233997965412,2165.027202441506,9287.739888097662,983
25897,E11.,6,,8,387.84011130136986,4772.05698630137,2574.5838698630137,10318.126104452054,1168
25898,E11.,6,,9,420.7743321917808,5050.295719178082,3091.613441780822,11990.683664383561,584
25933,E11.,6,13.4,4,2644.8245833333335,1592.9958333333334,361.40708333333333,7696.853749999999,24
25934,E11.,6,13.4,5,2763.6600819672135,1873.1014754098362,578.0031967213115,8450.543606557378,122
25935,E11.,6,13.4,6,2483.984953271028,1915.4830373831776,333.2772429906542,7959.818551401869,214
25936,E11.,6,13.4,8,2289.224366666667,1804.8021,317.53659999999996,7548.358166666667,300
25937,E11.,6,13.4,9,2260.249428571429,1973.7787619047617,369.10457142857143,7918.636,105
25941,E11.,6,13.7,5,2800.835454545455,1610.790303030303,541.3751515151515,7849.624545454545,33
25942,E11.,6,13.7,6,2848.4321212121213,1437.9860606060606,346.6260606060606,7375.730909090909,33
25943,E11.,6,13.7,8,3206.526388888889,1730.361111111111,542.7333333333332,8328.252777777778,36
25955,E11.,6,14.7,4,4768.2768,2240.8160000000003,1089.5572,14242.2476,50
25956,E11.,6,14.7,5,4545.406403508772,2392.171842105263,833.4684210526316,13659.127456140352,114
25957,E11.,6,14.7,6,4005.17,2396.7253086419755,936.9025925925926,12676.943827160494,81
25958,E11.,6,14.7,8,4301.7273076923075,2038.180769230769,690.2957692307692,11897.764615384616,26
25967,E11.,6,17.9,4,488.51533333333333,3801.3566666666666,2223.7568888888886,8275.321333333333,45
25968,E11.,6,17.9,5,486.22887640449443,3854.612359550562,2719.0498876404495,9343.50202247191,89
25969,E11.,6,17.9,6,512.06625,4530.49390625,2870.1865625,10655.35953125,64
25970,E11.,6,17.9,8,369.83325,4362.483625,3084.8535,10645.439625,80
25971,E11.,6,17.9,9,468.79075471698116,4401.211886792453,3454.8358490566043,11786.636981132076,53
26025,E11.,6,38.9,5,1638.8632142857143,7758.382857142858,5667.108214285714,22471.16607142857,28
26026,E11.,6,38.9,6,4126.674074074074,10188.439629629629,7194.677407407407,31648.59888888889,27
26027,E11.,6,38.9,8,1627.6727027027027,7566.820540540541,5001.873783783784,21056.05297297297,37
26028,E11.,6,38.9,9,2009.1677777777777,8093.3337037037045,7889.067407407408,27179.627037037033,27
26031,E11.,6,39.2,5,2118.483636363636,6025.530303030303,6909.463636363636,24007.049393939393,33
26032,E11.,6,39.2,6,2524.8532,6917.632,4429.1632,21633.979199999998,25
26044,E11.,6,39.9,5,1282.7232000000001,4155.108,3541.8588,15778.3008,25
26045,E11.,6,39.9,6,2037.421379310345,6835.846896551724,4874.018965517241,26845.05068965517,29
26046,E11.,6,39.9,8,7289.277741935483,6215.4545161290325,4234.593548387096,28458.065161290324,31
26072,E11.,6,44.1,4,816.2842499999999,4746.594999999999,2919.1385,12098.5325,40
26073,E11.,6,44.1,5,443.1086440677966,5196.899406779661,2183.8047457627117,10365.19686440678,118
26074,E11.,6,44.1,6,424.5786419753087,5100.66987654321,2279.1170370370373,10404.362098765432,81
26075,E11.,6,44.1,8,457.5662295081967,5507.191803278689,2274.2042622950817,11258.567704918032,61
26080,E11.,6,45.1,5,555.8494117647059,5816.596862745098,2397.9617647058826,12480.087843137255,51
26081,E11.,6,45.1,6,372.38571428571424,6034.121428571429,3106.6139285714285,12667.473214285714,28
26082,E11.,6,45.1,8,584.3619047619047,6497.130952380952,2792.137142857143,13281.04380952381,21
26087,E11.,6,45.2,5,432.3921739130435,5016.29347826087,1907.9747826086955,9962.165652173913,23
26093,E11.,6,45.4,5,955.3379487179487,5550.908461538462,1829.8053846153848,11601.376410256411,39
26123,E11.,6,55.2,5,585.3292857142858,6414.704523809524,1638.0819047619048,10536.198571428573,42
26136,E11.,6,57.9,8,1005.2861904761905,7702.374285714286,5807.663333333333,19362.49238095238,21
26137,E11.,6,57.9,9,521.8192307692308,6403.1484615384625,4006.0442307692306,15969.512692307693,26
26198,E11.,6,84.1,5,3053.174193548387,6405.921612903226,6518.989032258065,27306.699677419354,31
26199,E11.,6,84.1,6,5826.994090909091,8742.331363636364,9014.375454545456,37289.692727272726,22
26200,E11.,6,84.1,8,5985.075882352941,9834.98205882353,10046.852647058824,42123.952352941174,34
26212,E11.,6,86.0,4,313.6284615384615,4864.666666666667,1781.2707692307692,9125.893076923077,39
26213,E11.,6,86.0,5,406.5110112359551,5190.852247191011,2190.1117977528093,10169.49775280899,89
26214,E11.,6,86.0,6,620.6285185185186,6138.306481481482,2843.254074074074,12543.95537037037,54
26215,E11.,6,86.0,8,466.7140384615385,5867.277884615385,2219.1134615384613,11545.764615384616,52
26216,E11.,6,86.0,9,406.6940909090909,7164.806818181818,1985.9331818181818,12069.951363636363,22
26221,E11.,6,86.2,4,1733.66125,5722.762083333334,5311.695,19798.619166666667,24
26222,E11.,6,86.2,5,2556.4862790697675,7467.199767441861,7120.106627906977,26759.68895348837,86
26223,E11.,6,86.2,6,2587.2024615384616,6834.456615384615,6178.773230769231,23590.21769230769,65
26224,E11.,6,86.2,8,1474.6175,7548.720789473685,7120.675,25028.02907894737,76
26225,E11.,6,86.2,9,1542.7817021276596,8119.920638297873,5970.132765957446,23812.388723404256,47
26269,E11.,6,88.5,5,1089.6944827586208,4471.396896551724,1634.3172413793102,11967.944827586207,29
26295,E11.,6,89.1,5,575.0749999999999,5744.474999999999,1984.1345454545453,9684.921818181818,22
26303,E11.,6,89.5,5,485.73511627906976,4642.575581395349,1894.1846511627907,8877.383720930233,43
26304,E11.,6,89.5,6,625.1184444444444,4105.722444444445,1471.6728888888888,8045.366666666667,45
26305,E11.,6,89.5,8,630.8435555555556,4545.8822222222225,2076.415111111111,9378.398666666666,45
26306,E11.,6,89.5,9,579.4919230769231,5585.696923076923,2915.204230769231,12053.89346153846,26
26330,E11.,6,93.3,4,350.60407407407405,4391.187037037037,2279.0266666666666,9181.062962962964,27
26331,E11.,6,93.3,5,338.2791025641026,4027.0952564102563,2593.462435897436,9526.505000000001,78
26332,E11.,6,93.3,6,350.3518644067796,4330.441694915255,3262.853898305085,10563.149491525422,59
26333,E11.,6,93.3,8,342.3958666666667,4396.308666666667,3128.4174666666668,10510.454,75
26334,E11.,6,93.3,9,327.02555555555557,4674.677777777778,3792.456296296296,12302.247037037036,27
26341,E11.,6,93.9,8,509.6911111111111,6287.298888888889,4886.19925925926,15885.803703703705,27
26390,E11.,6,99.1,2,314.7657142857143,3067.614285714286,1014.5580952380953,6358.4628571428575,21
26391,E11.,6,99.1,3,455.97029411764703,3248.6235294117646,1231.114705882353,6909.196764705883,34
26392,E11.,6,99.1,4,415.1151898734177,3996.5537974683543,1367.7996202531644,7610.508481012659,79
26393,E11.,6,99.1,5,439.4464705882353,4348.938,1578.3441764705883,8406.030823529412,170
26394,E11.,6,99.1,6,410.16901315789477,4571.654144736843,1695.0111184210527,9025.955065789472,152
26395,E11.,6,99.1,8,396.7445962732919,5017.606335403727,2136.172608695652,9853.988819875776,161
26396,E11.,6,99.1,9,392.825119047619,5223.822023809524,2252.300357142857,10801.444642857143,84
26417,E11.,6,99.9,4,331.1051612903226,3604.1270967741934,2577.984838709677,8630.821935483871,31
26418,E11.,6,99.9,5,415.7338461538462,4043.072,2739.6873846153844,9689.514615384614,65
26419,E11.,6,99.9,6,389.7033333333333,4010.177843137255,2771.315882352941,9881.151960784313,51
26420,E11.,6,99.9,8,394.7675806451613,4546.085,2996.655322580645,11039.56241935484,62
26421,E11.,6,99.9,9,476.6667272727273,4969.948181818182,4761.806363636364,15645.051818181817,55
26591,E14.,6,,3,405.4177419354839,4887.659677419355,1698.906129032258,9228.226774193548,31
26593,E14.,6,,5,476.95761904761906,5137.042380952381,1750.0409523809524,9443.009523809524,21
26602,E14.,6,13.4,8,3130.152307692307,984.926923076923,325.33423076923077,7431.415384615384,26
26620,E14.,6,14.7,5,6189.724444444444,1902.5296296296297,1177.0503703703705,17723.694074074072,27
26787,E16.,6,43.8,2,20580.12410377359,6417.322169811321,4260.721037735849,45560.98429245283,212
26788,E16.,6,43.8,3,20128.142383720933,6258.270174418604,4220.628895348837,44718.1425,344
26789,E16.,6,43.8,4,20196.68788135593,6099.608644067796,4085.252203389831,44390.29584745763,118
26790,E16.,6,43.8,5,21243.61081081081,5947.878918918918,3332.0532432432433,43182.26540540541,37
26850,E21.,6,06.8,5,3067.9384000000005,6255.896,2507.6852,22962.6124,25
27011,E27.,6,07.2,5,5375.277804878049,4163.2326829268295,2601.1331707317077,25021.293414634147,41
27012,E27.,6,07.2,6,5283.578636363636,4170.645454545454,2667.845909090909,26610.86409090909,22
27076,E32.,6,07.8,5,5201.585357142857,3780.042142857143,1993.5578571428573,19128.594285714287,28
27082,E32.,6,34.3,5,6032.35625,4452.266666666666,2855.68125,24025.06708333333,24
27092,E34.,6,38.9,0,252.59799999999998,291.24,127.0388,1086.1848,25
27125,E41.,4,,9,484.7920833333333,3026.7708333333335,1570.9741666666666,12411.995416666667,24
27435,E83.,6,,3,514.6154545454546,1532.3181818181818,4758.105,9636.129545454545,22
27613,E88.,1,13.4,5,4605.199024390244,743.530487804878,250.13975609756096,7442.968780487804,41
27614,E88.,1,13.4,6,3392.641046511628,736.6860465116279,242.91046511627906,6455.648139534884,86
27615,E88.,1,13.4,8,3094.976727272727,725.4909090909091,224.0729090909091,5862.950636363636,110
27621,E88.,1,13.7,8,5967.765,852.2066666666667,110.25500000000001,8275.526666666667,30
27643,E88.,4,13.4,6,6068.974999999999,1041.1017857142856,585.7621428571429,10378.585714285715,28
27644,E88.,4,13.4,8,5693.171599999999,839.9639999999999,745.0996,10287.8572,25
27651,E88.,5,13.4,5,2524.6862962962964,1110.0796296296296,367.6951851851852,6883.937777777778,27
27652,E88.,5,13.4,6,2559.556170212766,900.2521276595744,279.3687234042553,6501.190212765958,47
27653,E88.,5,13.4,8,2809.855636363636,925.5127272727273,279.1041818181818,6626.433090909091,55
27672,E88.,6,13.4,5,2787.547380952381,1822.2652380952381,454.1195238095238,8255.965238095238,42
27673,E88.,6,13.4,6,3332.5310869565214,1834.1567391304345,460.50293478260863,8951.015869565217,92
27674,E88.,6,13.4,8,2948.93085106383,1726.2032978723405,394.55063829787235,8246.837659574468,94
27675,E88.,6,13.4,9,3051.9404999999997,1728.31875,407.07425,8401.36675,40
27678,E88.,6,13.7,5,2432.609615384615,1380.4761538461537,356.52846153846156,7213.023846153846,26
27679,E88.,6,13.7,6,2760.438695652174,1389.5152173913045,404.10543478260865,7660.680434782608,46
27680,E88.,6,13.7,8,2376.7663636363636,1373.4095454545454,329.9675757575758,7126.185151515151,66
27725,F01.,6,,8,488.7580952380952,10897.028571428571,4411.401904761905,29839.671904761904,21
27726,F01.,6,,9,447.09133333333335,12620.155555555555,4555.3062222222225,39752.382,45
27765,F03.,6,,9,706.3828571428571,5887.5,5591.178571428572,23460.83380952381,21
27770,F03.,6,38.9,9,740.0466666666666,7314.809523809524,9153.881428571429,29079.26142857143,21
27851,F06.,6,,6,516.7323809523809,9603.74,2554.057142857143,23762.506666666668,21
27852,F06.,6,,8,542.7642857142857,9226.366,2656.5085714285715,24385.22628571429,35
27853,F06.,6,,9,462.51941176470586,11205.05411764706,3676.708431372549,33819.5962745098,51
27947,F09.,6,,9,401.23227272727274,13748.05909090909,2817.574090909091,39826.31,44
28051,F20.,3,,2,581.6313888888889,5079.261666666667,1268.9802777777777,14556.963055555556,36
28052,F20.,3,,3,577.1111764705882,4317.6626470588235,1781.0982352941176,18505.62705882353,34
28053,F20.,3,,4,548.334358974359,4886.674358974358,1902.4666666666667,19679.56333333333,39
28054,F20.,3,,5,579.1446428571428,4745.305357142856,3877.4049999999997,29158.02642857143,28
28101,F20.,6,,8,326.325,12887.736363636364,3771.548636363637,39502.26818181818,22
28117,F20.,6,94.2,1,432.68054054054056,6166.418918918919,2281.1594594594594,21084.99,37
28118,F20.,6,94.2,2,483.76491379310346,6365.849999999999,2638.085948275862,22594.44129310345,116
28119,F20.,6,94.2,3,466.21909090909094,7587.418181818182,2510.310303030303,24514.954242424243,99
28120,F20.,6,94.2,4,424.42574074074076,8210.787037037036,2048.7946296296295,24724.137592592593,54
28121,F20.,6,94.2,5,368.6247368421053,10069.440789473685,2533.1775,33971.53434210526,76
28227,F31.,6,94.2,1,548.67075,5751.7775,1923.3787499999999,18889.575,40
28228,F31.,6,94.2,2,478.1986206896552,6760.88275862069,2331.763448275862,21652.033275862068,58
28229,F31.,6,94.2,3,414.13470588235293,6519.894117647059,1699.7329411764706,19415.899999999998,34
28230,F31.,6,94.2,4,477.5761904761905,7372.028571428572,1805.7895238095239,22406.45619047619,21
28256,F32.,5,94.2,1,510.6066666666667,2124.238888888889,1100.1963888888888,12109.958611111111,36
28297,F32.,6,94.2,1,473.634609375,4212.25515625,1355.06515625,14366.241953125,128
28298,F32.,6,94.2,2,600.3201754385965,4996.001754385965,1675.661754385965,17444.02,57
28333,F33.,6,94.2,1,572.3168181818181,4663.109090909091,1730.1427272727271,16317.272272727272,22
28334,F33.,6,94.2,2,511.91761904761904,4498.509523809524,1589.8495238095236,14720.447142857143,21
28337,F33.,6,94.2,5,411.0192592592593,4541.585185185185,1492.7255555555557,13953.497407407407,27
28376,F41.,6,,5,287.8671875,5790.409375,1989.7696875,10719.3046875,32
28377,F41.,6,,6,292.3464516129032,6318.058064516129,2216.662258064516,12078.453870967742,31
28378,F41.,6,,8,361.42275862068965,6784.203448275862,2795.6817241379313,14802.902413793103,29
28567,F45.,6,,5,306.44774193548386,4570.522258064516,1155.5674193548389,7511.3712903225805,31
28568,F45.,6,,6,302.2090476190476,4678.580952380952,1375.5085714285715,8308.24142857143,21
28618,F45.,6,88.5,4,952.086976744186,2472.876511627907,665.3316279069768,7569.1641860465115,43
28619,F45.,6,88.5,5,1022.8778723404256,2487.7703191489363,797.3070212765957,7679.007872340426,94
28620,F45.,6,88.5,6,1087.69,2679.4140384615384,775.6292307692308,7701.005192307693,52
28621,F45.,6,88.5,8,1046.9860869565218,2833.411304347826,885.9895652173913,8557.657826086957,23
28778,G00.,6,03.3,0,996.6147368421052,5476.316842105263,5365.198157894737,18749.54,38
28876,G04.,6,03.3,3,662.6279166666667,8877.021666666666,9178.338333333333,23345.97666666667,24
28877,G04.,6,03.3,4,471.28476190476187,7267.780000000001,8033.4080952380955,20343.281428571427,21
28878,G04.,6,03.3,5,748.6730357142857,10107.415714285715,6982.108214285714,30611.776607142856,56
28879,G04.,6,03.3,6,648.8786046511627,7716.35976744186,7379.581627906977,25458.807209302326,43
28880,G04.,6,03.3,8,811.0696774193549,8409.424193548386,7592.011290322581,27324.836774193547,31
29014,G06.,6,03.3,0,753.9225925925925,5307.665185185185,4061.19037037037,14728.845185185186,27
29018,G06.,6,03.3,4,714.9790909090909,6734.205000000001,10375.227272727274,22447.19409090909,22
29019,G06.,6,03.3,5,969.2731034482758,7444.46,10799.289655172415,26327.2,29
29020,G06.,6,03.3,6,1013.6814285714287,7941.628571428572,6799.596666666666,22273.860476190475,21
29207,G20.,6,,6,332.9521052631579,6113.273684210526,1887.9476315789473,11410.110789473685,38
29208,G20.,6,,8,335.93450704225353,5150.171830985915,2759.6271830985916,11472.473098591548,71
29209,G20.,6,,9,465.47294117647056,5652.439215686275,3575.7733333333335,15036.74137254902,51
29215,G20.,6,02.9,6,200842.47,5077.7908333333335,2913.1216666666664,224630.21416666664,24
29216,G20.,6,02.9,8,188319.8575862069,5475.816551724138,2451.0079310344827,227010.32586206897,29
29406,G30.,3,,9,639.2316666666667,3253.695833333333,3827.8283333333334,22501.52625,24
29417,G30.,4,,9,345.4929268292683,3537.3841463414633,1525.4606097560977,13085.380365853658,82
29428,G30.,4,97.0,9,398.12083333333334,3549.9583333333335,1596.5170833333334,13801.137916666667,24
29435,G30.,6,,8,482.3982352941177,11962.16862745098,3720.271568627451,34400.56,51
29436,G30.,6,,9,551.4994262295081,11669.987868852459,5617.330409836066,36711.830819672134,122
29642,G40.,5,,8,441.55323529411766,3848.464705882353,3098.799705882353,10323.69794117647,34
29685,G40.,6,,0,317.5275,2287.0933333333332,869.4641666666666,5473.780833333333,24
29690,G40.,6,,5,358.86608695652177,4554.485,2546.9710869565215,10204.998043478261,46
29691,G40.,6,,6,351.23242424242426,5609.924242424242,3039.956060606061,12040.924545454545,33
29692,G40.,6,,8,398.63755555555554,5602.334,4077.1744444444444,14731.645999999999,45
29693,G40.,6,,9,662.9308,6993.426799999999,5908.290400000001,20096.468,25
29702,G40.,6,03.3,0,803.20265625,4264.9025,1710.720625,9653.66421875,64
30066,G44.,5,,5,345.8851724137931,2969.0493103448275,929.8410344827586,5017.8465517241375,29
30068,G44.,5,,8,300.3196,3111.276,1940.8988,6971.434399999999,25
30114,G44.,6,,4,259.99185185185183,4392.9111111111115,981.7366666666667,6796.382592592592,27
30115,G44.,6,,5,369.744,4508.274545454546,1559.5858181818182,8118.232727272727,55
30116,G44.,6,,6,315.01795454545453,4309.659090909091,1580.4084090909091,7572.937954545455,44
30117,G44.,6,,8,321.40903846153844,4695.694230769231,2118.8628846153847,8942.849615384615,52
30118,G44.,6,,9,310.29962962962964,4529.351851851852,2637.4448148148144,9076.325925925925,27
30203,G44.,6,88.4,4,1260.4964285714286,2754.035714285714,1558.9282142857141,9581.834642857142,28
30204,G44.,6,88.4,5,1252.5306557377048,2797.174918032787,1344.6200000000001,9774.87524590164,61
30205,G44.,6,88.4,6,1183.5255172413792,3051.502068965517,1380.208275862069,10039.50620689655,29
30242,G45.,1,,8,287.82464285714286,1370.4928571428572,2548.6417857142856,12564.2075,28
30243,G45.,1,,9,261.63075757575757,1266.9015151515152,2503.692424242424,13720.423181818183,66
30253,G45.,2,,8,266.35478260869564,2145.1869565217394,2588.6539130434785,6059.863913043478,23
30272,G45.,3,,5,278.60423076923075,2999.2653846153844,1820.7884615384614,6163.475769230769,26
30273,G45.,3,,6,312.01725,3324.5175000000004,1980.3795000000002,7035.585249999999,40
30274,G45.,3,,8,292.23270833333333,3221.6729166666664,2319.9114583333335,7453.679166666666,48
30275,G45.,3,,9,330.6129268292683,3718.270243902439,3135.660731707317,9705.342926829268,41
30330,G45.,4,,8,292.8562857142857,3266.5114285714285,1935.582857142857,6880.485142857143,35
30331,G45.,4,,9,291.35125,3642.6875,2261.5325,11402.814166666665,24
30365,G45.,5,,4,495.65973684210525,3161.2276315789472,1739.191842105263,6490.579736842105,38
30366,G45.,5,,5,385.4766101694915,3106.2425423728814,1613.363813559322,6350.81093220339,118
30367,G45.,5,,6,389.13112582781457,3027.0395364238407,1709.3922516556293,6472.9958940397355,151
30368,G45.,5,,8,364.2214426229508,3274.2924590163934,1978.0681639344264,7211.44475409836,305
30369,G45.,5,,9,355.8056315789474,3015.9085263157895,2146.473894736842,7396.6663157894745,190
30436,G45.,5,88.4,4,1418.161304347826,2313.5021739130434,1249.194347826087,8842.057826086955,23
30437,G45.,5,88.4,5,1734.5860606060605,2800.429090909091,1835.9198484848487,10561.74893939394,66
30438,G45.,5,88.4,6,3103.8621794871797,2772.9161538461535,2059.0582051282054,12311.385769230768,78
30439,G45.,5,88.4,8,3132.6634285714285,2935.6948571428575,2172.219619047619,12668.170190476192,105
30440,G45.,5,88.4,9,5235.853636363637,3292.3977272727275,3728.475,18380.271818181816,22
30476,G45.,6,,4,262.4634375,4469.52546875,1772.2465625,7916.94796875,64
30477,G45.,6,,5,265.2176754385965,4872.614342105264,1719.582850877193,8213.320789473684,228
30478,G45.,6,,6,292.31523489932886,4780.099496644295,2054.804865771812,8598.149194630872,298
30479,G45.,6,,8,298.05394396551725,4816.458987068966,2246.9495043103448,9115.527370689655,464
30480,G45.,6,,9,317.2245328719723,4793.484221453287,2720.226401384083,10116.302145328718,289
30551,G45.,6,44.1,5,316.9607692307692,5246.042307692308,2272.935,10020.89576923077,26
30553,G45.,6,44.1,8,310.5495652173913,5013.563913043478,2688.9021739130435,10605.062173913044,23
30585,G45.,6,87.0,5,260.7763636363636,4279.872727272727,1151.7050000000002,6741.965,22
30587,G45.,6,87.0,8,273.3825,4206.939285714286,1762.9371428571428,7533.693571428572,28
30596,G45.,6,88.4,4,1338.688870967742,3865.819677419355,1602.802741935484,10955.053548387095,62
30597,G45.,6,88.4,5,1417.5992417061611,3602.456966824645,1996.8888151658766,11596.922748815166,211
30598,G45.,6,88.4,6,1401.1911711711712,3665.038513513514,2003.6775225225224,11662.066306306308,222
30599,G45.,6,88.4,8,1486.6410762331839,3721.2141704035876,2262.276457399103,12124.014753363228,223
30600,G45.,6,88.4,9,1780.7964444444444,4265.232222222223,2534.7960000000003,13453.997777777779,45
30639,G45.,6,93.3,6,271.1032,4678.156,2020.7728,8876.9912,25
30640,G45.,6,93.3,8,278.0973076923077,4234.246153846154,2229.4103846153844,8655.085384615384,26
30668,G45.,6,99.9,8,313.3642307692308,4064.5676923076926,2658.161153846154,9422.288461538461,26
30745,G47.,6,27.6,0,1642.8173287671232,1238.5126369863015,698.632705479452,7871.813219178082,292
30746,G47.,6,27.6,1,1468.1156097560975,1404.8746341463416,897.0917073170732,8353.030487804877,41
30747,G47.,6,27.6,2,2105.903333333333,2263.0608333333334,2292.3752083333334,11854.195625,48
30748,G47.,6,27.6,3,2314.0805970149254,2819.7168656716417,2570.8592537313434,13824.615373134327,67
30749,G47.,6,27.6,4,2727.567361111111,3078.7945833333333,3087.603888888889,15349.459305555556,72
30750,G47.,6,27.6,5,2543.738153846154,3304.2784615384617,2898.8707692307694,15024.276615384615,65
30760,G47.,6,28.3,0,1311.7788372093023,2400.0793023255815,1660.9336046511628,11242.810697674418,172
30763,G47.,6,28.6,0,902.0790163934427,1567.5411475409835,923.4788524590164,7139.345737704918,61
30862,G50.,6,04.0,6,14491.338965517241,3076.1641379310345,1857.3675862068967,27134.043103448275,29
30863,G50.,6,04.0,8,14762.35,3984.86,2141.5225,28688.795833333334,24
30875,G50.,6,04.4,4,14788.466153846153,3382.4573076923075,2539.2161538461537,32901.54807692308,26
30876,G50.,6,04.4,5,14816.689649122805,3592.8905263157894,3522.0896491228073,33144.464385964915,57
30877,G50.,6,04.4,6,13227.405230769231,4111.404,3330.9366153846154,30833.99676923077,65
30878,G50.,6,04.4,8,13353.196142857143,4463.707142857143,3176.608,30296.113142857143,70
30879,G50.,6,04.4,9,12795.993043478262,4313.796086956521,1723.8665217391303,25729.893478260867,23
30948,G51.,5,,5,373.1304545454546,1421.9272727272728,1637.9318181818182,6987.358636363637,22
30987,G51.,6,,5,328.70727272727277,3714.0772727272724,1386.7813636363635,9291.965,22
31001,G51.,6,04.4,4,13630.790181818182,4152.227454545455,3961.1427272727274,36747.38563636364,55
31002,G51.,6,04.4,5,14863.042624113476,4586.257163120567,3405.495390070922,36973.52702127659,141
31003,G51.,6,04.4,6,15303.44411764706,4765.994117647059,3835.3613725490195,38407.75960784314,51
31157,G56.,5,04.4,5,542.7634285714286,1561.4588571428571,1339.296857142857,7213.257714285714,35
31183,G56.,6,04.4,3,1811.8565217391306,2151.4695652173914,1353.7952173913043,10613.486086956522,23
31184,G56.,6,04.4,4,1695.2615555555556,2132.8655555555556,1525.0668888888888,10109.641777777779,45
31185,G56.,6,04.4,5,2725.3908633093524,2078.765107913669,1463.7707913669067,10775.345107913668,139
31186,G56.,6,04.4,6,2133.091886792453,2436.4643396226415,1524.5090566037736,11212.43,53
31398,G62.,6,,5,314.72347826086957,5406.930434782608,1839.5021739130436,9453.136086956521,23
31657,G81.,4,,9,422.4635714285714,3624.8928571428573,1833.5425714285714,14903.829142857143,70
31678,G81.,4,97.0,9,339.8833333333333,3274.9523809523807,1445.9085714285716,12677.077619047619,21
31725,G81.,5,99.9,8,560.3222727272728,2548.518181818182,3176.313181818182,30524.844545454544,22
31730,G81.,6,,5,481.341914893617,4237.5921276595745,2571.4019148936172,28305.159787234043,47
31731,G81.,6,,6,613.3515625,5076.2115625,3738.7090625,31699.94625,32
31732,G81.,6,,8,566.55775,4344.668,5801.5905,33655.52475,40
31733,G81.,6,,9,644.8895121951219,4741.63512195122,5720.91268292683,28411.027073170728,41
31792,G81.,6,93.3,5,1238.72,4599.172083333334,6769.056250000001,25990.187916666666,24
31793,G81.,6,93.3,6,801.2758823529412,4230.003235294117,8400.166764705882,28897.66205882353,34
31794,G81.,6,93.3,8,725.5588372093023,4636.246976744186,8584.456976744186,33367.63534883721,43
31814,G81.,6,99.9,8,542.8796428571428,4378.4574999999995,6529.193571428572,28247.495,28
31815,G81.,6,99.9,9,513.3960000000001,3083.1833333333334,8807.433666666668,28909.164333333334,30
31878,G82.,6,,5,2158.7153846153847,5867.673846153846,11213.796153846155,65087.135,26
32016,G90.,6,05.0,2,1695.855,1788.4023076923077,1022.123076923077,12627.95423076923,26
32128,G91.,6,02.3,5,27656.744814814814,8868.725185185185,15205.837407407407,85231.20444444445,27
32192,G92.,6,,5,664.7606666666667,4510.5019999999995,4583.306666666667,19568.654666666665,30
32193,G92.,6,,6,717.8090909090909,4294.985909090909,6520.097272727272,22462.98090909091,22
32194,G92.,6,,8,648.1313636363636,4110.749090909091,4182.458636363636,17772.173636363637,22
32275,G93.,3,,9,598.4420833333334,4687.442083333333,7015.223333333334,17784.383333333335,24
32368,G93.,5,,8,546.4872413793103,4726.448275862069,3928.257931034483,14284.895862068965,29
32369,G93.,5,,9,437.5730434782609,3716.267391304348,3394.125652173913,11200.119565217392,23
32423,G93.,5,93.9,8,605.3213636363636,4786.137272727273,4014.6177272727273,14160.148636363638,22
32435,G93.,5,96.7,8,1417.785652173913,5871.967391304348,7569.145652173914,27781.8447826087,23
32436,G93.,5,96.7,9,1490.1842857142856,8160.245238095238,9104.920952380951,32285.527619047618,21
32447,G93.,6,,5,665.1848571428571,4357.722857142857,4697.095142857143,16078.53,35
32448,G93.,6,,6,561.6955555555555,4034.727037037037,3961.5948148148145,13080.344814814815,27
32449,G93.,6,,8,690.3046296296296,4476.000740740741,4133.054444444445,13757.648888888889,54
32450,G93.,6,,9,661.243064516129,4764.836451612903,4773.910645161291,16266.854193548386,62
32475,G93.,6,01.5,5,16088.267142857143,8201.623214285715,7984.688571428572,52249.58535714285,28
32579,G93.,6,93.9,6,685.0754285714286,6362.776857142857,4804.062857142858,17312.647142857142,35
32580,G93.,6,93.9,8,746.2741509433962,6728.241698113207,5222.175283018868,18965.63396226415,53
32581,G93.,6,93.9,9,768.5838095238095,6951.789047619048,6058.738253968254,21363.695714285717,63
32596,G93.,6,96.7,6,3154.099565217391,15819.458695652173,19048.280869565217,53680.37782608695,23
32597,G93.,6,96.7,8,2428.228666666667,10722.354,11099.247666666666,36110.814999999995,30
32598,G93.,6,96.7,9,5125.294146341464,18470.03780487805,17110.151707317073,64354.21463414634,41
32785,H00.,6,08.2,0,422.2878448275862,688.198275862069,308.02379310344827,3252.468620689655,116
32861,H02.,5,08.2,0,423.84185185185186,841.661111111111,405.5062962962963,3460.677037037037,27
32898,H02.,6,08.2,0,632.1462264150944,734.9822641509434,350.6262264150943,4431.170754716981,53
32903,H02.,6,08.2,5,530.5500000000001,1242.0185185185185,379.7796296296296,4374.845925925926,27
32907,H02.,6,08.3,0,646.6941666666667,553.0458333333333,483.88124999999997,6489.211666666666,24
32916,H02.,6,08.4,0,563.4959024390245,776.8487804878049,385.3359512195122,4888.741268292682,205
32917,H02.,6,08.4,1,569.1085964912281,774.2403508771929,428.01087719298243,5011.125087719298,57
32918,H02.,6,08.4,2,722.3947619047618,894.1809523809524,603.7723809523809,5670.189047619047,21
32922,H02.,6,08.4,6,420.88547619047614,1132.3857142857141,230.49642857142857,4087.0090476190476,42
32923,H02.,6,08.4,8,386.1694117647059,1182.9313725490197,305.33529411764704,3857.6219607843136,51
32989,H04.,1,09.8,5,771.834423076923,645.9153846153846,529.255,3699.3925,52
32990,H04.,1,09.8,6,976.5358536585367,567.4536585365853,547.1153658536585,3879.0548780487807,41
32991,H04.,1,09.8,8,1099.0866666666666,690.1625,456.3879166666666,4314.280833333333,24
33043,H04.,5,09.4,5,1755.1557142857146,931.852380952381,254.66666666666666,4259.91,21
33060,H04.,5,09.8,4,1291.5282142857143,1093.2114285714285,835.0067857142857,6528.558928571429,28
33061,H04.,5,09.8,5,1436.6094186046512,1073.2087209302326,680.0112790697675,6259.270697674419,86
33062,H04.,5,09.8,6,1053.6583720930232,1282.4002325581396,762.7369767441861,5869.617209302326,43
33063,H04.,5,09.8,8,1223.8158695652173,1159.9886956521739,739.3034782608695,5990.628043478261,46
33088,H04.,6,09.4,0,1726.6293548387098,542.5354838709677,342.8445161290323,5459.061612903226,31
33091,H04.,6,09.4,3,1613.8986956521737,1490.8260869565217,194.12652173913042,4527.828695652174,23
33092,H04.,6,09.4,4,1323.3455319148936,1608.9276595744682,312.7391489361702,4397.350851063829,47
33093,H04.,6,09.4,5,1517.963181818182,1476.5875757575757,224.05719696969697,4498.995,132
33094,H04.,6,09.4,6,1617.3015789473684,1673.3473684210526,232.39407894736843,4933.052236842105,76
33095,H04.,6,09.4,8,1555.332142857143,1515.7142857142858,239.25446428571428,4523.473571428572,56
33112,H04.,6,09.7,5,1429.353,1059.02,238.7,4325.94425,40
33113,H04.,6,09.7,6,1427.5579166666666,1221.8533333333332,526.0895833333333,5315.485833333333,24
33114,H04.,6,09.7,8,1342.4756521739132,1037.4956521739132,296.6147826086957,4490.99347826087,23
33119,H04.,6,09.8,3,1177.9968292682927,1268.009756097561,928.3468292682927,7517.654146341463,41
33120,H04.,6,09.8,4,1017.6528169014085,1421.8283098591548,804.4342253521127,7095.558169014084,71
33121,H04.,6,09.8,5,1140.9256807511738,1403.186150234742,803.0729577464789,7090.480046948357,213
33122,H04.,6,09.8,6,1244.9929770992364,1432.198854961832,809.878396946565,7190.25641221374,131
33123,H04.,6,09.8,8,1257.0612621359223,1615.5844660194175,778.928349514563,7489.4811650485435,103
33238,H11.,1,11.3,4,923.0321428571427,491.4214285714285,188.70071428571427,2879.09,28
33239,H11.,1,11.3,5,963.178804347826,533.2440217391304,177.05891304347827,2818.923152173913,92
33240,H11.,1,11.3,6,1040.3069402985075,525.8167910447761,204.15798507462685,2898.700970149254,134
33241,H11.,1,11.3,8,1035.062176870748,480.1465986394558,190.2130612244898,2772.881428571429,147
33242,H11.,1,11.3,9,1279.865,552.06,197.61266666666668,3062.7793333333334,30
33246,H11.,2,11.3,5,2009.7068,554.116,162.1712,4125.81,25
33248,H11.,2,11.3,8,1483.3664,546.64,152.40040000000002,3397.5356,25
33259,H11.,3,11.3,5,320.0055555555556,890.1902777777777,229.11027777777775,3254.977222222222,36
33260,H11.,3,11.3,6,394.11785714285713,1029.395,272.4921428571428,3498.148214285714,28
33261,H11.,3,11.3,8,462.2495,1114.48275,282.77225,3607.97725,40
33270,H11.,4,11.3,5,809.7301886792452,980.8198113207546,238.54245283018867,3727.7341509433963,53
33271,H11.,4,11.3,6,1057.5405263157895,901.0526315789474,359.63447368421055,4076.8544736842105,38
33272,H11.,4,11.3,8,1629.7468888888889,759.9177777777778,515.7526666666666,4246.240888888889,45
33290,H11.,5,11.3,4,1836.1045161290322,916.2032258064515,315.90516129032255,5035.854193548387,31
33291,H11.,5,11.3,5,836.6741353383459,965.2676691729324,284.79796992481204,4172.339473684211,133
33292,H11.,5,11.3,6,768.3830701754385,1072.3391228070175,375.13359649122805,4502.863596491228,114
33293,H11.,5,11.3,8,878.4899137931035,1152.973275862069,349.36422413793105,4552.643534482759,116
33294,H11.,5,11.3,9,723.6486206896551,1239.2724137931034,436.3810344827586,4655.604482758621,29
33329,H11.,6,11.3,3,340.10285714285715,1584.6085714285716,290.5942857142857,3778.4957142857143,35
33330,H11.,6,11.3,4,364.44310606060606,1275.0401515151514,233.0584090909091,3579.527803030303,132
33331,H11.,6,11.3,5,423.6923542116631,1387.490172786177,243.66619870410366,3910.695161987041,463
33332,H11.,6,11.3,6,453.9731880108992,1256.8332697547685,236.97166212534063,3855.532288828338,367
33333,H11.,6,11.3,8,511.5484802431611,1178.9294832826747,218.76407294832828,3913.656079027356,329
33334,H11.,6,11.3,9,434.3355172413793,1560.1499999999999,451.11965517241384,4569.561206896551,58
33584,H25.,1,13.4,5,5672.480905660377,695.9752830188679,205.34256603773585,8958.585924528303,265
33585,H25.,1,13.4,6,3437.4835540838853,734.5633848417955,208.04889624724063,6453.476563649743,1359
33586,H25.,1,13.4,8,2910.4671642857143,717.6048,203.2193357142857,5844.4464,2800
33587,H25.,1,13.4,9,2807.6197418073484,733.43501489573,198.32870903674282,5684.059702085402,1007
33589,H25.,1,13.5,8,2245.0225,629.925,223.34175,4389.769249999999,40
33593,H25.,1,13.7,5,2364.602962962963,719.5858024691357,179.98265432098765,5091.122839506173,162
33594,H25.,1,13.7,6,2102.511641566265,717.8475903614458,152.01593373493975,4862.2231927710845,664
33595,H25.,1,13.7,8,2104.7894857916103,730.3828146143437,153.2422259810555,4769.703870094723,1478
33596,H25.,1,13.7,9,2058.878832752613,750.6498257839721,156.7294599303136,4693.468606271777,574
33605,H25.,2,13.4,4,3620.7472,749.536,153.056,6999.8948,25
33606,H25.,2,13.4,5,3784.0600495049507,808.1366336633664,145.4479207920792,6926.887376237623,202
33607,H25.,2,13.4,6,2906.91530848329,844.3821336760925,145.74415167095114,6125.578778920309,778
33608,H25.,2,13.4,8,2578.3045915492958,847.6885915492958,145.24061267605634,5743.784147887324,1420
33609,H25.,2,13.4,9,2405.8600553505535,844.0835793357934,143.8558671586716,5490.470092250923,542
33613,H25.,2,13.5,8,2259.4384615384615,1000.1923076923077,277.3019230769231,4841.278846153846,26
33616,H25.,2,13.7,5,1560.183125,1183.78125,161.7984375,4623.5121874999995,32
33617,H25.,2,13.7,6,1590.4809708737864,1136.5058252427184,180.08631067961164,4664.508737864078,103
33618,H25.,2,13.7,8,1601.5992163009403,1138.1805642633228,190.69028213166143,4679.035172413793,319
33619,H25.,2,13.7,9,1503.6753448275863,1161.1499999999999,190.41956896551721,4602.255431034483,116
33628,H25.,3,13.3,8,657.0702941176471,1429.6176470588234,276.965,3973.638235294118,34
33631,H25.,3,13.4,5,2210.312147239264,1012.4603680981595,225.28435582822084,5802.078711656442,163
33632,H25.,3,13.4,6,2069.6549824561407,1005.7489473684211,201.4731403508772,5593.651105263158,570
33633,H25.,3,13.4,8,1885.8537888707037,987.7219148936169,216.46648936170212,5376.871792144027,1222
33634,H25.,3,13.4,9,1822.3417509727626,1040.797373540856,244.17480544747082,5384.5404474708175,514
33636,H25.,3,13.5,6,1666.1117391304347,868.0826086956522,275.2230434782609,4451.71304347826,23
33637,H25.,3,13.5,8,1602.2238028169013,913.2450704225353,272.6239436619718,4453.007323943662,71
33638,H25.,3,13.5,9,1729.1985185185185,868.5777777777777,296.13703703703703,4630.628888888889,27
33642,H25.,3,13.7,5,2223.3774137931036,1049.4525862068965,215.40689655172415,5607.325689655173,58
33643,H25.,3,13.7,6,2101.1015865384616,1108.7298076923075,269.7706730769231,5702.626298076923,208
33644,H25.,3,13.7,8,1913.2607042253524,1195.0835680751172,243.62291079812206,5531.770281690141,426
33645,H25.,3,13.7,9,1854.303908045977,1230.0085057471265,257.3100574712644,5400.481494252874,174
33656,H25.,4,13.4,5,4051.6253645833335,1008.5114583333334,606.1358854166666,7778.441927083334,192
33657,H25.,4,13.4,6,3246.258433048433,988.0562108262108,670.0690313390313,7051.120284900286,702
33658,H25.,4,13.4,8,2486.57273875296,945.309455406472,684.523591160221,6327.677450670876,1267
33659,H25.,4,13.4,9,2361.68751953125,958.46892578125,685.12986328125,6188.67009765625,512
33662,H25.,4,13.5,8,2428.8545454545456,747.5363636363636,232.36954545454546,5244.851363636363,22
33666,H25.,4,13.7,6,1602.3925000000002,459.1666666666667,363.0133333333333,10877.691111111111,36
33667,H25.,4,13.7,8,592.4832692307692,515.9346153846153,296.11153846153843,8064.797115384616,52
33668,H25.,4,13.7,9,1120.5578260869565,693.7304347826087,363.0017391304348,8900.129130434783,23
33682,H25.,5,13.3,8,1765.6720689655172,523.5862068965517,180.60241379310347,4648.271034482758,29
33685,H25.,5,13.4,4,2614.4593103448274,1105.5715517241379,274.67586206896556,6695.287586206897,58
33686,H25.,5,13.4,5,2622.9881205164993,1189.5550932568149,282.6567718794835,6803.285380200861,697
33687,H25.,5,13.4,6,2339.1278619968634,1099.3654783063253,281.0005541035024,6461.808426555149,1913
33688,H25.,5,13.4,8,2129.4983381336406,1111.6392828341013,281.2608266129032,6194.809818548388,3472
33689,H25.,5,13.4,9,2047.3559866666667,1130.60764,304.51330666666667,6167.864293333333,1500
33691,H25.,5,13.5,5,2101.631034482759,1254.7931034482758,374.01965517241376,5712.295172413793,29
33692,H25.,5,13.5,6,1682.599,1238.4457142857143,395.4561428571429,5114.974857142857,70
33693,H25.,5,13.5,8,1679.4575409836066,1179.9819672131146,365.2677049180328,4965.155409836066,122
33694,H25.,5,13.5,9,1663.1680327868853,1419.139344262295,420.47131147540983,5376.751147540984,61
33698,H25.,5,13.7,5,2114.3014465408805,1105.6247798742138,312.4867295597484,5986.153018867924,159
33699,H25.,5,13.7,6,2023.4297287522602,1171.2287884267632,359.51155515370704,6311.712007233274,553
33700,H25.,5,13.7,8,2038.9892211538463,1222.8668269230768,383.8502403846154,6396.952644230769,1040
33701,H25.,5,13.7,9,1880.651826923077,1224.623653846154,367.7906009615385,6110.282908653846,416
33734,H25.,6,13.3,8,1481.011111111111,1378.0,278.95,5449.925925925926,27
33738,H25.,6,13.4,4,3750.1158510638297,1294.4542553191488,213.4955319148936,7819.024840425532,188
33739,H25.,6,13.4,5,2868.6985230352307,1351.680871725384,228.93505871725387,7172.635180668473,2214
33740,H25.,6,13.4,6,2528.9706058108386,1365.8171667010097,235.66240881928704,6913.263610138059,4853
33741,H25.,6,13.4,8,2319.9361751897472,1380.8955344033843,239.53793330844843,6695.200246360582,8037
33742,H25.,6,13.4,9,2229.706845221314,1418.4589822385115,239.89660558218213,6678.77156752185,3547
33744,H25.,6,13.5,6,1619.8654545454544,1287.1090909090908,369.3560606060606,5458.245757575758,33
33745,H25.,6,13.5,8,1529.6342045454546,1171.740909090909,281.1497727272727,4897.886818181818,88
33746,H25.,6,13.5,9,1506.76515625,1215.46328125,308.495,4939.3471875000005,64
33752,H25.,6,13.7,4,4844.798591549296,725.2788732394366,177.19394366197184,8379.669014084508,71
33753,H25.,6,13.7,5,3369.0998053527983,904.7773357664233,223.69242092457424,7747.323102189781,822
33754,H25.,6,13.7,6,2746.3540506329114,961.3752243958572,233.0496432681243,7345.0335500575375,1738
33755,H25.,6,13.7,8,2544.312409901711,975.6915180196578,266.18740808154354,6954.877721150347,2747
33756,H25.,6,13.7,9,2412.9545236051504,1009.0121888412017,259.6395021459228,6881.925836909871,1165
33781,H26.,1,13.4,4,7784.624464285714,848.2162500000001,206.92196428571427,11028.9625,56
33782,H26.,1,13.4,5,4611.08747706422,770.5261467889909,204.35284403669723,7870.096788990826,218
33783,H26.,1,13.4,6,3586.380966183575,811.7507246376812,213.6268115942029,6864.431014492753,207
33784,H26.,1,13.4,8,3801.2830514705884,818.7908088235295,212.03955882352943,7119.456433823529,272
33785,H26.,1,13.4,9,2950.224,841.8305882352942,216.40599999999998,6246.71694117647,85
33792,H26.,1,13.7,5,3178.3757142857144,786.5761904761904,199.08,6525.393809523809,21
33793,H26.,1,13.7,6,2963.4508108108107,789.427027027027,219.26702702702704,6036.73945945946,37
33794,H26.,1,13.7,8,1901.874347826087,758.0282608695653,188.04413043478263,4825.740652173913,46
33803,H26.,2,13.4,5,4067.906666666667,756.7939393939395,211.76030303030302,7024.820303030303,33
33804,H26.,2,13.4,6,2909.7421739130436,857.4413043478262,156.64891304347827,5747.029130434783,46
33805,H26.,2,13.4,8,1886.2918811881189,914.9178217821782,112.94346534653467,4668.192970297029,101
33806,H26.,2,13.4,9,1323.4465714285714,916.9857142857143,102.98114285714286,4028.299428571429,35
33810,H26.,2,13.7,6,1812.9464444444443,972.3888888888889,83.18133333333333,4252.3315555555555,45
33811,H26.,2,13.7,8,1765.6086419753085,967.4012345679013,81.15382716049383,4158.628765432099,81
33812,H26.,2,13.7,9,1192.9586206896552,916.6206896551724,69.16137931034483,3533.113103448276,29
33817,H26.,3,13.4,5,1971.2934285714286,1050.3391428571429,194.72485714285713,5307.393428571429,35
33818,H26.,3,13.4,6,1800.0513513513513,1129.662162162162,231.9527027027027,5598.919459459459,37
33819,H26.,3,13.4,8,1743.9328767123288,1039.5486301369863,231.7582191780822,5391.879726027397,73
33820,H26.,3,13.4,9,1381.484090909091,871.8272727272728,162.10954545454544,4957.075454545455,22
33829,H26.,3,13.7,5,1958.0413636363637,950.6545454545455,245.66454545454545,5435.828181818182,22
33830,H26.,3,13.7,6,1772.9432499999998,968.5024999999999,268.6395,5176.4115,40
33831,H26.,3,13.7,8,1636.220337078652,1132.585393258427,220.09303370786515,5064.238539325843,89
33832,H26.,3,13.7,9,1366.9893181818181,1057.9522727272727,335.83363636363634,4823.725227272727,44
33839,H26.,4,13.4,4,9057.553793103449,829.8482758620689,608.7024137931035,13283.452413793104,29
33840,H26.,4,13.4,5,8784.63776119403,1166.1820895522387,586.1276119402986,13613.152835820896,67
33841,H26.,4,13.4,6,5761.26564516129,1229.8419354838709,500.0609677419355,10137.810645161291,62
33842,H26.,4,13.4,8,5071.771754385964,1258.7912280701755,404.10421052631574,9657.452456140352,57
33843,H26.,4,13.4,9,5599.647083333333,1502.10625,280.12875,10198.652916666666,24
33865,H26.,5,13.4,3,4081.0770833333336,792.0749999999999,319.81166666666667,9680.803333333333,24
33866,H26.,5,13.4,4,5300.377441860465,697.0616279069768,262.0810465116279,11458.156395348837,86
33867,H26.,5,13.4,5,3533.344817518248,898.3698175182482,293.78335766423356,8518.34602189781,274
33868,H26.,5,13.4,6,3024.7723305084746,1025.9833898305085,296.5823305084746,7775.681101694915,236
33869,H26.,5,13.4,8,2445.9374410774412,1009.0828282828282,295.9813804713805,6698.908922558922,297
33870,H26.,5,13.4,9,2108.1184466019417,977.7984466019418,306.1567961165049,5877.831747572816,103
33880,H26.,5,13.7,4,2126.51125,1099.0541666666666,373.6695833333333,6408.993333333333,24
33881,H26.,5,13.7,5,2209.069207920792,1162.379306930693,424.7881188118812,6795.0211881188125,101
33882,H26.,5,13.7,6,1794.70015625,965.369921875,317.263046875,5343.121484375,128
33883,H26.,5,13.7,8,1739.8567701863353,1040.2224223602484,325.95490683229815,5158.843354037267,161
33884,H26.,5,13.7,9,1738.5107246376813,1196.1623188405797,308.9091304347826,5224.125362318841,69
33917,H26.,6,13.4,2,3355.4247727272727,1319.109090909091,253.91977272727271,8866.418863636363,44
33918,H26.,6,13.4,3,3300.0220869565214,1232.3095652173913,225.12773913043478,8021.846434782608,115
33919,H26.,6,13.4,4,3877.2717085427134,1384.7517336683416,241.8044472361809,8682.763944723618,398
33920,H26.,6,13.4,5,3612.7319024045264,1282.0821782178218,261.64460396039607,8364.058642149928,1414
33921,H26.,6,13.4,6,3069.6748164794008,1185.428531835206,250.45076404494384,7696.001498127341,1335
33922,H26.,6,13.4,8,2856.293678526048,1153.6444091486658,269.02649301143583,7391.7234625158835,1574
33923,H26.,6,13.4,9,2680.101815286624,1266.2963535031847,265.1935668789809,7344.005382165605,628
33928,H26.,6,13.5,8,1623.76,1340.58125,469.07937499999997,5783.44625,32
33938,H26.,6,13.7,2,2059.2374074074073,913.2666666666667,273.8274074074074,8790.36074074074,27
33939,H26.,6,13.7,3,2906.1457407407406,1081.6148148148147,276.4583333333333,9944.659074074074,54
33940,H26.,6,13.7,4,2818.2755248618782,1082.3321546961326,324.7809392265193,9392.950055248619,181
33941,H26.,6,13.7,5,2560.987980392157,1138.0035098039216,422.71574509803924,9251.987725490197,510
33942,H26.,6,13.7,6,2347.854642857143,1315.2542261904762,340.2367857142857,8531.279523809524,336
33943,H26.,6,13.7,8,2186.0402305475504,1332.3681844380403,292.325734870317,7646.804870317003,347
33944,H26.,6,13.7,9,2245.423142857143,1503.5981428571429,285.97164285714285,7566.658928571429,140
34025,H27.,6,13.7,5,1877.8776315789476,1354.9184210526316,442.7986842105263,6546.55947368421,38
34026,H27.,6,13.7,6,2016.303870967742,1335.1225806451614,280.13870967741934,6835.351612903226,31
34044,H27.,6,14.7,5,3695.019523809524,1363.7142857142858,228.94285714285715,10639.531904761903,21
34045,H27.,6,14.7,6,5296.36619047619,1594.7333333333333,441.57,12767.459047619048,21
34072,H33.,1,14.7,5,5277.536153846154,901.5538461538462,381.5203846153846,11317.44423076923,26
34133,H33.,5,14.7,5,9719.216444444444,815.9444444444445,683.4948888888889,18743.509555555556,45
34134,H33.,5,14.7,6,9972.331304347827,850.0,691.3908695652174,17727.64304347826,23
34187,H33.,6,14.5,5,3452.0124528301885,1071.867924528302,424.65452830188684,9699.13283018868,53
34188,H33.,6,14.5,6,3899.9609090909094,1357.409090909091,633.4457575757575,10910.523030303031,33
34196,H33.,6,14.7,2,6227.448913043479,1317.3695652173913,550.4076086956521,15124.210869565217,46
34197,H33.,6,14.7,3,5858.800561797752,1331.4449438202248,628.1619101123596,14634.011123595505,89
34198,H33.,6,14.7,4,6002.13184079602,1469.21592039801,504.6794029850746,14497.140696517412,201
34199,H33.,6,14.7,5,6186.259749216301,1567.953197492163,530.2702351097179,14939.689702194357,638
34200,H33.,6,14.7,6,6471.306269035533,1544.7163197969542,480.9548730964467,15127.21385786802,394
34201,H33.,6,14.7,8,6515.349308176101,1522.653962264151,424.9922641509434,15427.23037735849,159
34280,H35.,6,14.2,5,5113.560769230769,1136.6,384.615,13436.488846153847,26
34281,H35.,6,14.2,6,5528.3082978723405,1287.2574468085106,436.2938297872341,15383.046170212767,47
34282,H35.,6,14.2,8,5310.968333333333,1017.0416666666666,485.87625,14563.031666666668,24
34304,H35.,6,14.7,4,4147.2654999999995,1742.155,669.25625,10831.449499999999,40
34305,H35.,6,14.7,5,4568.382910447762,1381.0268656716419,463.6491791044776,11868.489104477612,134
34306,H35.,6,14.7,6,4829.488711340206,1376.2484536082475,434.84051546391754,12371.017061855671,194
34307,H35.,6,14.7,8,5110.29390625,1565.2718750000001,485.8403125,13074.34015625,192
34308,H35.,6,14.7,9,4025.2074,1437.8644,452.7654,10277.461,50
34459,H40.,6,12.6,3,1334.8889655172413,1470.3379310344828,572.9975862068966,7034.844137931035,29
34460,H40.,6,12.6,4,1032.0078,1404.904,590.0178,6228.116,50
34461,H40.,6,12.6,5,1152.2518934911243,1431.9224852071006,473.36082840236685,6474.974142011835,169
34462,H40.,6,12.6,6,1256.4873142857143,1494.3445714285713,539.6789714285715,6724.971657142857,175
34463,H40.,6,12.6,8,1384.3601204819277,1353.6819277108434,612.2867469879518,7004.092951807229,166
34464,H40.,6,12.6,9,1343.8413559322034,1678.3016949152543,398.96559322033903,7618.847627118645,59
34483,H40.,6,13.4,6,2703.5336170212768,1722.044680851064,641.1329787234042,9236.18,47
34484,H40.,6,13.4,8,3027.745,1571.4970588235294,449.5232352941177,9275.909411764706,34
34493,H40.,6,13.7,6,2495.0264,1088.68,386.48879999999997,8645.8468,25
34494,H40.,6,13.7,8,2632.5496363636366,1219.7818181818182,380.0710909090909,9006.021454545455,55
34528,H43.,1,14.7,5,4706.6849999999995,989.6857142857143,434.1360714285714,10850.564285714285,28
34557,H43.,5,14.7,6,10145.827142857142,802.6666666666666,1598.9995238095237,19358.50904761905,21
34582,H43.,6,14.7,3,5441.874193548388,1599.236935483871,723.6448387096775,13857.112258064515,62
34583,H43.,6,14.7,4,5278.694642857143,1569.1796428571429,776.9788571428571,13139.715214285714,140
34584,H43.,6,14.7,5,5539.15374117647,1741.4035294117648,688.9696470588235,14197.732564705882,425
34585,H43.,6,14.7,6,5344.641338289963,1760.2769516728624,747.4992936802973,13936.148773234201,269
34586,H43.,6,14.7,8,5429.825808383233,1845.451616766467,663.6797005988024,13921.384011976048,167
34587,H43.,6,14.7,9,5114.78027027027,1582.281081081081,428.36675675675673,13408.14891891892,37
34649,H44.,6,13.9,2,343.17925925925925,242.59259259259258,158.2703703703704,3420.0144444444445,27
34657,H44.,6,14.7,5,4768.234285714286,2683.9333333333334,3380.6695238095235,17310.094761904762,21
34870,H50.,6,15.1,0,675.008588235294,713.9932941176471,450.3111764705882,6292.740235294118,85
34871,H50.,6,15.1,1,621.164074074074,762.0242592592592,406.037037037037,5667.923518518518,54
34872,H50.,6,15.1,2,583.0036842105263,780.6387719298245,455.77175438596487,5449.19596491228,57
34873,H50.,6,15.1,3,623.4651612903226,708.0745161290323,446.3896774193548,5485.239032258065,31
34884,H50.,6,15.3,0,797.431167192429,712.326309148265,404.55258675078863,7587.019747634069,317
34885,H50.,6,15.3,1,712.1295683453238,778.6326618705036,417.1222302158273,7194.151798561151,139
34886,H50.,6,15.3,2,534.1535106382979,811.853829787234,318.16138297872345,6258.857659574468,94
34887,H50.,6,15.3,3,512.1492682926829,904.4014634146341,335.4236585365854,6242.828292682927,41
34922,H52.,6,13.9,2,957.1226027397261,351.7408219178082,321.1521095890411,4300.777150684931,365
34923,H52.,6,13.9,3,942.016711111111,305.8,306.90248888888885,4042.805422222222,225
35037,H60.,6,18.2,1,897.2776923076924,1720.5296153846155,1205.676923076923,7309.262307692308,26
35038,H60.,6,18.2,2,1069.7065217391305,1742.9791304347825,1105.8430434782608,7477.815652173914,23
35041,H60.,6,18.2,5,709.1257692307693,1829.039230769231,989.713076923077,6929.5219230769235,26
35135,H61.,6,18.2,0,686.9939215686275,1299.1927450980393,630.9280392156862,5923.707058823529,51
35136,H61.,6,18.2,1,813.5626923076924,1576.0596153846154,1016.27,7285.705000000001,26
35137,H61.,6,18.2,2,859.3804918032787,1281.2755737704917,890.9388524590163,5220.636229508196,61
35138,H61.,6,18.2,3,843.2392307692309,1257.258717948718,876.1479487179487,5945.576410256411,39
35139,H61.,6,18.2,4,658.3068965517242,1436.5413793103448,493.9151724137931,5436.834482758621,29
35140,H61.,6,18.2,5,797.3420454545455,1607.8631818181818,747.3147727272727,5932.583863636363,44
35141,H61.,6,18.2,6,679.9163636363636,1796.515909090909,804.0290909090909,5854.686363636364,22
35234,H65.,5,20.0,5,608.9494117647058,1165.684411764706,556.2214705882352,3873.0414705882354,34
35257,H65.,6,20.0,0,1638.701517857143,1374.0682142857145,724.8294642857143,7555.994017857142,112
35258,H65.,6,20.0,1,1201.9123076923076,1348.5135897435898,725.9166666666666,5767.033076923077,39
35260,H65.,6,20.0,3,1067.606896551724,2070.1793103448276,977.2079310344827,6588.161034482759,29
35261,H65.,6,20.0,4,534.4975000000001,1731.5349999999999,660.2265,4573.21,40
35262,H65.,6,20.0,5,821.7176543209877,1840.886049382716,816.6486419753087,5661.685555555555,81
35263,H65.,6,20.0,6,701.5192307692307,1902.1269230769233,862.3555769230769,5662.871730769231,52
35264,H65.,6,20.0,8,770.94,1663.8032,592.5156,4883.9052,25
35302,H66.,1,19.4,1,1321.7013636363636,1561.5272727272727,3243.5650000000005,11120.711818181819,22
35407,H66.,6,,0,324.21153846153845,970.1492307692308,609.2338461538461,3209.993846153846,26
35439,H66.,6,19.4,2,1407.212125,1329.296875,1315.9295,10911.438375,80
35440,H66.,6,19.4,3,1248.5765789473685,1489.4848684210526,1361.4434210526315,11275.443947368422,76
35441,H66.,6,19.4,4,1112.8310465116278,1556.7569767441862,1260.5429069767442,10606.04511627907,86
35442,H66.,6,19.4,5,1309.1782389937107,1650.6733333333334,1431.6993081761007,11566.405534591195,159
35443,H66.,6,19.4,6,1496.2819512195122,1852.227317073171,1448.2170731707317,11596.79048780488,41
35448,H66.,6,19.5,3,1606.8436666666666,1544.8266666666668,1104.9553333333336,12275.524000000001,30
35449,H66.,6,19.5,4,1131.2436111111112,1576.611111111111,1075.0552777777777,10664.708611111111,36
35450,H66.,6,19.5,5,1658.0127419354837,1656.4274193548388,1391.9972580645162,12686.431935483872,62
35451,H66.,6,19.5,6,1518.2766666666666,1784.8166666666666,1429.78125,13183.309583333334,24
35469,H66.,6,20.4,3,2945.308636363636,1765.1318181818183,1883.15,15954.055909090908,22
35470,H66.,6,20.4,4,2014.62027027027,2073.741891891892,1542.805135135135,15869.70162162162,37
35471,H66.,6,20.4,5,1867.0110344827585,2225.7922413793103,1690.4887931034484,17963.38672413793,58
35472,H66.,6,20.4,6,2108.0116,2548.8208,1589.164,16273.706,25
35625,H71.,6,20.4,2,2636.3599999999997,2309.6595238095238,1829.66,16725.870952380952,21
35626,H71.,6,20.4,3,2134.8158333333336,2125.0883333333336,1540.631666666667,15372.196666666665,24
35627,H71.,6,20.4,4,1871.1384210526314,2389.7313157894737,1599.7,16870.893157894734,38
35628,H71.,6,20.4,5,2502.6216666666664,2647.256363636364,1837.4139393939395,16803.115303030303,66
35741,H81.,3,,8,287.4621739130435,2190.521739130435,1826.5595652173913,5506.447826086956,23
35791,H81.,5,,4,290.3230434782609,2708.64347826087,1560.2839130434782,5462.9765217391305,23
35792,H81.,5,,5,291.85505050505054,2786.5353535353534,1206.6364646464647,5304.920101010101,99
35793,H81.,5,,6,290.64153846153846,2936.3676923076923,1419.0166153846153,6002.064461538462,65
35794,H81.,5,,8,286.52065420560746,2962.9976635514017,1513.3513084112149,6095.015887850467,107
35795,H81.,5,,9,343.1411764705882,2919.1414705882353,1662.469117647059,6534.881764705882,34
35851,H81.,6,,4,269.41107142857146,4639.848214285715,996.5996428571428,7235.917142857143,28
35852,H81.,6,,5,295.63422535211265,4345.621408450704,1310.0894366197183,7261.05,71
35853,H81.,6,,6,278.9685185185185,4442.6637037037035,1200.4553703703702,7403.404074074074,54
35854,H81.,6,,8,296.15185185185186,4516.774259259259,1702.2574074074073,8394.991481481482,54
35855,H81.,6,,9,347.54739130434785,4145.994347826087,2820.081739130435,9885.344347826087,23
35926,H81.,6,88.4,5,1360.412962962963,3835.9207407407407,1731.38,11385.140000000001,27
35987,H90.,4,20.9,0,88153.62205128204,4059.6923076923076,1075.1610256410256,104688.67435897436,39
36006,H90.,6,20.9,0,1604.862608695652,1703.8304347826086,800.0408695652173,22277.717391304348,23
36055,H91.,6,,3,325.7968181818182,1867.4,1847.2586363636365,6540.473636363637,22
36057,H91.,6,,5,311.3906818181818,2913.927272727273,2596.7959090909094,8074.238863636364,44
36058,H91.,6,,6,307.245,2706.9500000000003,2663.68875,8247.22625,24
36253,I05.,6,35.2,5,44817.83238095238,12588.414761904764,10568.47238095238,96477.8980952381,21
36332,I08.,4,35.2,5,6209.02935483871,17179.25548387097,11410.292258064515,137396.10225806452,31
36361,I08.,6,,5,322.37333333333333,4449.032962962963,3589.2714814814817,11375.69962962963,27
36362,I08.,6,,6,360.7396153846154,4462.826538461539,3176.3576923076926,10458.634615384615,26
36363,I08.,6,,8,402.0192592592593,3957.199074074074,3529.8414814814814,10893.985185185184,54
36364,I08.,6,,9,441.68388888888893,4982.141666666666,4165.5625,12584.631666666666,36
36388,I08.,6,35.2,4,41036.09421052632,16814.96368421053,14779.309122807017,109975.3552631579,57
36389,I08.,6,35.2,5,51469.447714285714,17841.281714285717,15014.63587755102,127951.20767346938,245
36390,I08.,6,35.2,6,60990.29442477877,19689.838584070796,19509.174159292037,147406.46938053097,113
36391,I08.,6,35.2,8,74750.12404255319,27503.505319148935,23114.44,186269.79170212767,47
36432,I08.,6,88.5,8,1942.1084,5374.3264,2495.4704,14206.7528,25
36570,I10.,3,,5,568.265,7141.050000000001,2019.8946153846155,15129.870769230767,26
36571,I10.,3,,6,304.4678260869565,2656.8608695652174,2012.55,6801.586956521739,23
36572,I10.,3,,8,317.738125,3340.3440625000003,1859.1,8584.205625,32
36573,I10.,3,,9,340.83543478260873,3012.756086956522,3847.3386956521745,10871.440217391304,46
36619,I10.,4,,9,343.24197530864194,3799.0,1465.9514814814816,13467.201111111111,81
36655,I10.,5,,5,343.9033333333333,3085.006363636364,1340.3775757575756,5927.538787878788,33
36656,I10.,5,,6,324.6909090909091,3446.9190909090908,2028.902424242424,7409.5654545454545,33
36657,I10.,5,,8,354.2753846153846,3789.555128205128,2545.592564102564,8467.676923076924,39
36658,I10.,5,,9,401.70482758620693,3592.310344827586,2346.2055172413793,8184.347241379311,29
36686,I10.,5,88.5,5,968.3013043478261,2619.8530434782606,1351.5108695652175,8485.245652173913,23
36687,I10.,5,88.5,6,1183.4950000000001,2177.80625,1555.3579166666668,8780.165416666667,24
36697,I10.,6,,2,499.0634615384615,4357.173076923077,501.1953846153846,6365.993846153846,26
36698,I10.,6,,3,325.40222222222224,4172.023492063492,594.5438095238095,6085.062698412698,63
36699,I10.,6,,4,277.7820253164557,4183.988987341772,923.8640506329114,6637.402658227848,79
36700,I10.,6,,5,309.50444444444446,4204.9734502923975,1141.916023391813,6878.237777777777,171
36701,I10.,6,,6,310.5722480620155,4476.408139534884,1221.6630232558139,7387.368759689922,129
36702,I10.,6,,8,308.29007352941176,4363.91580882353,1678.9775735294118,8052.195514705883,136
36703,I10.,6,,9,317.7159756097561,4293.656341463415,2770.4256097560974,10700.033902439025,82
36802,I10.,6,88.5,4,1107.382962962963,3515.7674074074075,1119.5633333333333,9912.375185185185,27
36803,I10.,6,88.5,5,918.5684523809524,3405.2835714285716,1019.2078571428572,9157.88761904762,84
36804,I10.,6,88.5,6,1007.1949999999999,3867.187297297297,1196.2266216216217,9484.285405405406,74
36805,I10.,6,88.5,8,1398.5443137254902,4225.563137254902,1675.938431372549,11202.408039215685,51
36876,I11.,3,,8,317.33475,2831.9915,2628.14275,8078.11275,40
36877,I11.,3,,9,389.85322580645163,3590.6453225806454,4244.505806451612,10881.983870967742,62
36909,I11.,4,,9,317.1271153846154,3763.3973076923075,1776.4807692307693,12275.437884615385,52
36933,I11.,5,,6,437.3826923076923,3579.4384615384615,3713.4346153846154,10535.316923076924,26
36934,I11.,5,,8,511.271875,3235.3875,2721.73546875,8552.04421875,64
36935,I11.,5,,9,356.0792307692308,3252.0409615384615,2797.7253846153844,9178.017884615385,52
36968,I11.,5,88.5,5,1307.5345833333333,3118.5,1962.2425,9987.308333333332,24
36969,I11.,5,88.5,6,1622.7292000000002,2810.6983999999998,1841.1928,10072.981600000001,25
36970,I11.,5,88.5,8,1300.6064814814815,2931.28962962963,1935.781111111111,10184.226296296296,54
36989,I11.,6,,4,349.425625,5219.218125,2067.824375,9421.4465625,32
36990,I11.,6,,5,368.5156338028169,4563.499436619719,2390.3802816901407,9173.21042253521,71
36991,I11.,6,,6,421.15352272727273,5123.37875,3330.247272727273,11250.906818181818,88
36992,I11.,6,,8,357.29870056497174,4334.215254237288,2963.2466101694918,10252.518813559322,177
36993,I11.,6,,9,382.5217757009346,4221.478831775701,3995.575841121495,13529.424158878504,214
37072,I11.,6,88.5,4,1142.2564285714286,3894.7096428571426,1493.935,10690.668928571427,28
37073,I11.,6,88.5,5,1222.6603703703704,4377.179444444445,2075.820185185185,12029.975,54
37074,I11.,6,88.5,6,1144.377536231884,4020.713768115942,2369.1423188405797,11712.04,69
37075,I11.,6,88.5,8,1121.0718095238094,4066.3600952380953,2505.083047619047,11757.061333333333,105
37076,I11.,6,88.5,9,1569.7323076923076,4508.412307692307,3147.91358974359,13860.050512820511,39
37155,I12.,6,,9,461.8325,6564.821428571428,5814.1025,15004.6675,28
37173,I12.,6,39.9,8,1499.688108108108,7923.013513513513,6274.16027027027,25274.843513513515,37
37174,I12.,6,39.9,9,1267.3310526315788,6913.822807017545,5566.0414035087715,24942.97807017544,57
37243,I13.,6,,9,541.8038095238096,3150.8809523809523,4919.370952380952,15651.85380952381,21
37331,I20.,2,,9,379.81480000000005,1389.576,4794.2572,8684.614,25
37342,I20.,3,,6,376.9148275862069,3198.673103448276,3271.7144827586208,8232.83724137931,29
37343,I20.,3,,8,309.0357575757576,3348.4551515151516,3952.2160606060606,9792.532121212122,33
37344,I20.,3,,9,323.06876712328767,4086.195616438356,5434.551506849315,12156.91904109589,73
37380,I20.,3,88.5,5,1148.2926666666667,2779.54,1357.3263333333334,8462.038,30
37381,I20.,3,88.5,6,1571.7391489361703,3128.6382978723404,1559.9091489361701,9931.368085106382,47
37382,I20.,3,88.5,8,1848.1292982456139,2984.245614035088,2189.6173684210526,10790.592280701754,57
37383,I20.,3,88.5,9,2457.704074074074,3005.6481481481483,2232.9396296296295,12018.40851851852,27
37398,I20.,4,,9,367.47468085106385,3268.446808510638,2327.451063829787,13412.605531914893,47
37407,I20.,4,36.0,5,6390.936071428571,4017.5714285714284,1757.3892857142857,27981.240714285716,28
37408,I20.,4,36.0,6,7985.185600000001,4879.304,2507.766,24457.947999999997,25
37409,I20.,4,36.0,8,7968.56243902439,4815.43487804878,2208.0653658536585,25834.3856097561,41
37421,I20.,4,88.5,5,1812.3205000000003,2724.4,1602.18475,9416.5715,40
37422,I20.,4,88.5,6,1128.0697872340425,3007.5974468085105,1532.0661702127659,8870.207872340427,47
37423,I20.,4,88.5,8,2151.3064197530866,3299.9506172839506,1665.6934567901237,9946.10049382716,81
37424,I20.,4,88.5,9,1269.3784615384616,3349.242307692308,1560.1473076923078,8631.345,26
37434,I20.,5,,6,487.37763157894733,2598.6863157894736,2972.4786842105264,8298.16894736842,38
37435,I20.,5,,8,448.11333333333334,3273.410909090909,3901.074949494949,9995.716363636364,99
37436,I20.,5,,9,464.7205063291139,3183.041265822785,4109.102784810127,11186.960253164556,79
37445,I20.,5,00.6,6,15067.396666666667,2391.305,2033.5029166666666,25886.37625,24
37446,I20.,5,00.6,8,17350.847714285715,3615.9617142857146,2826.1985714285715,31899.775999999998,35
37466,I20.,5,36.0,4,10918.314166666667,2998.241666666667,1755.9595833333333,23320.76375,24
37467,I20.,5,36.0,5,10329.231444444444,2733.698777777778,2505.1317777777776,24021.177222222224,90
37468,I20.,5,36.0,6,11398.843885350318,3028.1551592356686,2362.497133757962,25495.104713375797,157
37469,I20.,5,36.0,8,11791.114358974359,3214.628512820513,2919.6762564102564,27228.476820512824,195
37470,I20.,5,36.0,9,10956.824084507043,3363.5363380281688,2437.1732394366195,25710.065774647886,71
37498,I20.,5,88.5,4,1203.7539,2606.9743,1357.4920000000002,8402.948,100
37499,I20.,5,88.5,5,1293.0370461538462,2655.327323076923,1371.4764307692308,8784.648553846153,325
37500,I20.,5,88.5,6,1244.962367816092,2713.3306666666667,1715.344367816092,9230.953770114942,435
37501,I20.,5,88.5,8,1308.1602918287938,2761.791906614786,1855.4646887159533,9651.289883268482,514
37502,I20.,5,88.5,9,1674.5083040935672,3060.2302339181288,2457.7523391812865,11410.896140350877,171
37525,I20.,6,,4,328.65227272727276,4769.638636363637,1761.7595454545453,8346.27590909091,22
37526,I20.,6,,5,348.09809523809525,4802.4439999999995,1769.7034285714285,8374.318095238095,105
37527,I20.,6,,6,360.8640127388535,4682.32974522293,2553.7821656050955,9278.074522292993,157
37528,I20.,6,,8,392.2724203821656,4611.039681528662,3254.23423566879,10440.595828025478,314
37529,I20.,6,,9,480.3968192771084,4469.683831325301,4031.581734939759,12811.083566265059,415
37537,I20.,6,00.5,6,12253.971153846154,4072.5246153846156,2087.440769230769,26303.87346153846,26
37538,I20.,6,00.5,8,13680.164545454545,3599.131818181818,1958.614090909091,26542.161363636365,22
37542,I20.,6,00.6,4,13208.3495,3913.531,1979.14375,28936.29225,40
37543,I20.,6,00.6,5,17524.444630872484,4225.8089932885905,2295.9095973154363,32609.158993288595,149
37544,I20.,6,00.6,6,16986.528630705394,4074.548049792531,2323.1784232365144,32887.24203319502,241
37545,I20.,6,00.6,8,16697.909603960397,4400.847359735973,2680.4973597359735,33042.01452145215,303
37546,I20.,6,00.6,9,17621.1315,4459.312083333333,3299.5120833333335,35074.21525,120
37577,I20.,6,36.0,4,11254.548432432432,3905.0756756756755,2031.530054054054,27389.077729729728,185
37578,I20.,6,36.0,5,12219.785006165228,3866.4123797780517,2310.462503082614,28770.508150431564,811
37579,I20.,6,36.0,6,13030.615730129392,4028.3286691312387,2428.8936229205174,30223.801626617376,1082
37580,I20.,6,36.0,8,13024.887880220647,4345.034665090623,2766.8740898345154,31089.363404255317,1269
37581,I20.,6,36.0,9,13579.670476190475,5021.797256235827,3729.9038775510207,34220.25848072562,441
37639,I20.,6,87.4,8,343.85909090909087,4638.993181818182,1810.7845454545457,8438.611818181818,22
37648,I20.,6,88.5,3,1233.318202247191,2989.633820224719,923.8524719101123,8527.877415730336,89
37649,I20.,6,88.5,4,1213.1669426751591,3210.777218683652,1136.8435881104033,8992.45382165605,471
37650,I20.,6,88.5,5,1235.8766213921904,3376.466519524618,1267.157764572722,9303.81441426146,1767
37651,I20.,6,88.5,6,1254.4996314741038,3528.5711304780875,1536.3790089641434,9944.57125996016,2008
37652,I20.,6,88.5,8,1320.9297835497835,3706.5614333814333,1897.2006734006734,10758.561741221742,2079
37653,I20.,6,88.5,9,1441.5191448275862,4040.566455172414,2226.925324137931,12149.731779310343,725
37696,I20.,6,99.9,8,326.05652173913046,3505.6452173913044,4476.663913043479,11104.303913043477,23
37697,I20.,6,99.9,9,454.4671875,4064.215,5707.525,14826.3615625,32
37726,I21.,3,,8,497.34043478260867,4240.430434782608,4120.455217391304,12704.936086956523,23
37727,I21.,3,,9,605.581081081081,4489.5913513513515,5278.178108108108,14839.074864864866,37
37795,I21.,4,36.0,6,12588.644285714287,4811.0,3237.7647619047616,31378.039999999997,21
37796,I21.,4,36.0,8,11114.688095238096,6505.785714285715,2835.410476190476,30517.659047619047,21
37797,I21.,4,36.0,9,10705.5672,5658.750400000001,4700.138,30176.7596,25
37827,I21.,5,,8,685.8459090909091,4111.216590909091,3915.877727272727,12390.421818181816,44
37828,I21.,5,,9,536.8792857142857,3888.1541428571427,4046.1479999999997,12542.707142857143,70
37836,I21.,5,00.6,5,9892.136363636364,4805.531818181818,3979.4004545454545,26927.485,22
37837,I21.,5,00.6,6,11207.356666666667,3845.3700000000003,2796.3851851851855,25531.40888888889,27
37838,I21.,5,00.6,8,11686.857857142857,4057.1671428571426,3762.904285714286,28496.339047619047,42
37839,I21.,5,00.6,9,14161.225769230768,5409.000769230769,4424.579615384615,34170.251923076925,26
37856,I21.,5,36.0,4,6961.524418604651,3250.553488372093,2897.5381395348836,21874.808837209304,43
37857,I21.,5,36.0,5,9691.270340909092,3679.034375,3414.669659090909,26512.95602272727,176
37858,I21.,5,36.0,6,10042.76119402985,4258.388706467662,4106.639552238807,28442.212636815922,201
37859,I21.,5,36.0,8,9955.55138339921,4300.913043478261,3909.7018181818185,28733.20071146245,253
37860,I21.,5,36.0,9,9249.374421768707,4609.862176870748,4192.006258503402,28194.372653061222,147
37882,I21.,5,88.5,5,4401.545,3495.1101724137934,2535.4674137931033,15954.36344827586,58
37883,I21.,5,88.5,6,4247.035967741936,3731.2890322580647,2498.3240322580646,16036.270483870969,62
37884,I21.,5,88.5,8,3070.328125,3987.269791666667,2698.8414583333333,15370.881875,96
37885,I21.,5,88.5,9,3442.7999999999997,4249.919565217391,3487.0058695652174,17118.49869565217,46
37906,I21.,5,96.7,8,1810.3622580645163,6728.282580645162,6143.96064516129,21023.680322580643,31
37907,I21.,5,96.7,9,1194.9351612903224,5109.578387096774,5262.171935483871,17065.27322580645,31
37924,I21.,6,,5,437.54200000000003,4696.101,4090.5836666666664,11988.314,30
37925,I21.,6,,6,492.2522641509434,5385.117924528302,3481.651509433962,12206.445849056603,53
37926,I21.,6,,8,807.6241666666666,6212.321666666667,4472.2342708333335,15492.212604166665,96
37927,I21.,6,,9,595.3895505617977,5387.432134831461,4334.3470786516855,14584.958820224718,178
37938,I21.,6,00.6,4,13407.714047619047,4926.492619047619,4165.558095238095,32452.646428571425,42
37939,I21.,6,00.6,5,13885.982990654205,5067.889719626168,4158.640841121495,33703.68551401869,107
37940,I21.,6,00.6,6,13101.385344827586,6458.637672413793,5313.446724137931,36075.83025862069,116
37941,I21.,6,00.6,8,13709.411420118346,7270.714792899408,5464.75674556213,38093.994556213016,169
37942,I21.,6,00.6,9,14605.104374999999,7169.354285714287,5671.666696428571,39048.57196428571,112
37967,I21.,6,36.0,3,10735.586265060241,5349.870240963855,3186.501927710843,29909.02891566265,83
37968,I21.,6,36.0,4,9735.51952542373,4999.23213559322,3743.7425762711864,29132.74189830508,295
37969,I21.,6,36.0,5,10675.663027027027,5157.837491891892,3759.8321081081085,31055.170075675676,925
37970,I21.,6,36.0,6,11416.78740061162,5450.0434454638125,3922.925596330275,32514.545484199796,981
37971,I21.,6,36.0,8,12378.661899159664,6056.3284537815125,4995.991630252101,35993.31148739496,1190
37972,I21.,6,36.0,9,11769.863636363636,6095.773807890223,5105.309279588337,35567.692727272726,583
38004,I21.,6,38.9,9,1884.2234482758622,8393.533103448275,6646.327931034483,24701.58655172414,29
38029,I21.,6,88.5,4,3158.3034545454548,4466.850363636363,2415.9198181818183,15010.245272727272,55
38030,I21.,6,88.5,5,2194.4666887417216,4438.678543046357,2837.790860927152,14783.830728476822,151
38031,I21.,6,88.5,6,1754.102874251497,5051.548982035928,2846.2017964071856,15057.94,167
38032,I21.,6,88.5,8,2379.9399530516434,5355.934929577465,3832.744600938967,17248.397699530517,213
38033,I21.,6,88.5,9,2133.013829787234,5272.344893617022,3970.958510638298,17365.0914893617,141
38052,I21.,6,93.9,8,1307.6253333333334,7058.974333333334,5106.130666666666,19939.809666666668,30
38053,I21.,6,93.9,9,1651.287659574468,6093.0368085106375,4463.245319148936,18608.789787234044,47
38059,I21.,6,96.0,9,2155.304782608696,11037.018260869565,10070.078695652173,34369.20478260869,23
38065,I21.,6,96.7,6,5587.078636363637,12893.663636363635,14164.374545454544,47479.942727272726,22
38066,I21.,6,96.7,8,2544.4520512820513,11716.318461538462,8984.171282051282,34199.98358974359,39
38067,I21.,6,96.7,9,2721.8614754098357,10124.24606557377,10574.792786885246,32567.203278688525,61
38186,I24.,5,88.5,8,1804.825,2834.320833333333,2990.115,12666.164583333333,24
38208,I24.,6,,6,813.39,5639.624444444444,4461.262592592592,13900.312222222223,27
38209,I24.,6,,8,813.2066666666667,5661.3956410256405,4420.733846153846,13830.705897435899,39
38210,I24.,6,,9,606.828,5451.158222222222,4506.13,13562.636666666667,45
38216,I24.,6,00.6,6,16662.544615384617,4458.292307692308,2984.1596153846153,34552.388846153844,26
38217,I24.,6,00.6,8,15325.03742857143,5062.921714285714,4632.531714285714,35090.154285714285,35
38233,I24.,6,36.0,5,13623.904615384616,4934.598076923077,3542.694615384615,34151.49397435897,78
38234,I24.,6,36.0,6,12178.484255319148,5498.749361702127,4119.444787234042,34775.83468085106,94
38235,I24.,6,36.0,8,15230.907934782608,6095.744673913044,5501.014347826087,40545.260652173914,92
38236,I24.,6,36.0,9,13218.512258064517,5843.577419354839,4352.999354838709,35600.82967741935,31
38259,I24.,6,88.5,5,2901.638604651163,3807.1481395348837,2231.7774418604654,13836.459534883721,43
38260,I24.,6,88.5,6,3085.096268656717,4531.032537313433,2821.8717910447763,15948.38671641791,67
38261,I24.,6,88.5,8,2197.2652112676055,4787.97338028169,3659.4677464788733,17029.57718309859,71
38262,I24.,6,88.5,9,3144.788,5839.4800000000005,3648.7732499999997,19117.059,40
38279,I25.,1,,8,290.59166666666664,1112.965,3713.4836666666665,7978.782333333334,30
38280,I25.,1,,9,355.07039215686274,1990.7600000000002,5472.000196078431,14135.033137254903,51
38301,I25.,2,,6,372.99189189189184,2277.685945945946,3711.6427027027025,8572.176756756757,37
38302,I25.,2,,8,359.61917647058823,2010.4924705882352,3547.3475294117643,7612.747647058824,85
38303,I25.,2,,9,376.5317924528302,1905.803490566038,3986.5387735849054,8136.932075471698,106
38325,I25.,2,88.5,6,1653.4709090909091,1834.090909090909,3050.1330303030304,9323.164545454545,33
38326,I25.,2,88.5,8,1756.90975,1998.38125,3605.84275,10338.70875,40
38338,I25.,3,,5,431.7272413793103,2677.1241379310345,2653.8758620689655,7750.933448275862,29
38339,I25.,3,,6,328.6667469879518,2393.476506024096,2898.713614457831,7717.679277108434,83
38340,I25.,3,,8,401.70474308300396,2873.912252964427,3233.827351778656,8939.861976284585,253
38341,I25.,3,,9,392.0948524590164,3025.7715409836064,3943.1281639344265,10565.546983606557,305
38373,I25.,3,36.0,8,9665.211590909092,2685.385909090909,1938.958409090909,23285.56159090909,44
38415,I25.,3,88.5,4,1687.766956521739,2197.0456521739134,922.5971739130435,7660.691304347826,46
38416,I25.,3,88.5,5,1859.4791017964073,2524.3268263473055,1048.912754491018,8588.885928143713,167
38417,I25.,3,88.5,6,2187.1807096774196,2727.0774193548386,1491.6576129032258,9926.043161290323,155
38418,I25.,3,88.5,8,1937.3001492537314,3010.8686567164177,1412.5741791044775,9671.395870646766,201
38419,I25.,3,88.5,9,1664.800135135135,3144.419189189189,1880.6251351351352,10932.482702702702,74
38450,I25.,4,,8,375.37771428571426,2864.6005714285716,2373.632,8115.404857142857,35
38451,I25.,4,,9,358.663488372093,3283.205348837209,2273.83988372093,10293.277674418605,86
38467,I25.,4,36.0,6,13157.584230769231,3410.086153846154,1996.4934615384616,32908.59076923077,26
38468,I25.,4,36.0,8,13389.075384615384,3461.4282051282053,1737.689487179487,30305.328205128208,39
38495,I25.,4,88.5,4,1031.4439130434782,2789.6304347826085,1178.7395652173914,8493.061304347826,23
38496,I25.,4,88.5,5,1115.378181818182,2782.451404958678,952.3089256198348,8050.901570247934,121
38497,I25.,4,88.5,6,1530.524647887324,2851.1028169014085,1180.9694366197184,8748.515281690141,142
38498,I25.,4,88.5,8,1514.1631506849315,2987.844520547945,1362.4620547945206,9079.896438356163,146
38499,I25.,4,88.5,9,1353.1741666666667,3400.804166666667,1765.9172916666666,10125.756458333333,48
38517,I25.,5,,5,576.448125,3080.51171875,2899.46578125,8752.18515625,64
38518,I25.,5,,6,466.95895104895106,3290.8863636363635,3141.8686013986016,9103.135664335663,143
38519,I25.,5,,8,350.3493661971831,3067.6325352112676,3559.5638262910797,9670.415892018778,426
38520,I25.,5,,9,348.47800387596897,3022.281279069767,3781.0885658914726,10132.238178294574,516
38527,I25.,5,00.6,5,12766.72,2823.7564705882355,1788.5491176470587,24343.950588235297,34
38528,I25.,5,00.6,6,13441.06074074074,3034.4674074074073,2625.1640740740745,26263.768888888888,27
38529,I25.,5,00.6,8,12528.450975609756,3111.987804878049,2376.6051219512196,24973.95975609756,41
38553,I25.,5,34.0,9,538.9018518518519,3770.0425925925924,2861.1196296296293,11359.344444444445,27
38557,I25.,5,34.9,9,434.5456,3639.4559999999997,3895.6708000000003,11671.5488,25
38559,I25.,5,36.0,4,11213.6,3020.8523999999998,1897.4368,23494.582000000002,25
38560,I25.,5,36.0,5,10021.013130434783,2811.490608695652,2217.8290434782607,23750.862173913043,115
38561,I25.,5,36.0,6,10630.469272727272,3192.4493333333335,2671.938181818182,25102.330303030303,165
38562,I25.,5,36.0,8,10893.670892857142,3394.7859821428574,3006.0061607142857,26311.15066964286,224
38563,I25.,5,36.0,9,11276.269784946238,3314.1564516129033,3097.4955913978497,27394.80365591398,93
38624,I25.,5,88.5,3,1058.2033333333334,2391.977083333333,577.5245833333333,6770.477916666667,24
38625,I25.,5,88.5,4,1129.8109359605912,2586.255812807882,979.7469950738916,7633.56591133005,203
38626,I25.,5,88.5,5,1257.1847576530613,2630.6592091836737,1182.5126530612245,8184.044158163266,784
38627,I25.,5,88.5,6,1518.9861795166858,2684.1063636363638,1573.8317146144993,9315.223452243958,869
38628,I25.,5,88.5,8,1671.7400179856115,2858.6462320143883,1720.2411330935251,10027.891897482014,1112
38629,I25.,5,88.5,9,1453.4350455927051,2882.457112462006,2117.3950759878417,10380.194650455927,329
38667,I25.,6,,4,336.1784090909091,4170.793409090909,1498.7790909090909,7867.56659090909,44
38668,I25.,6,,5,405.8704469273743,4536.881675977654,2320.0488268156423,9411.431005586592,179
38669,I25.,6,,6,366.87949852507376,4380.187404129793,2449.1973156342183,9355.908436578171,339
38670,I25.,6,,8,414.23245738636365,4540.934943181818,3059.500625,10615.638849431818,704
38671,I25.,6,,9,421.0560885608856,4476.061894218942,3901.4427183271837,13562.206039360393,813
38686,I25.,6,00.6,5,16338.359545454545,4259.088295454546,1891.3411363636362,33050.47727272727,88
38687,I25.,6,00.6,6,15883.645486725663,4431.380442477876,2311.984513274336,33102.199026548675,113
38688,I25.,6,00.6,8,15184.887851851852,4322.158074074074,2352.750148148148,32534.46362962963,135
38689,I25.,6,00.6,9,16945.80955882353,4619.998970588235,2887.598676470588,35581.43161764706,68
38710,I25.,6,17.9,8,791.9254285714286,3600.5228571428574,3803.867714285714,11518.48657142857,35
38711,I25.,6,17.9,9,946.8005263157894,3535.385263157895,4021.0247368421055,12099.241842105263,38
38732,I25.,6,34.9,9,708.6777272727272,6213.440909090909,5963.142727272728,17909.773636363636,22
38736,I25.,6,36.0,4,12913.151927710845,3765.450481927711,2311.5059036144576,30360.666144578314,83
38737,I25.,6,36.0,5,12342.91360619469,4098.273163716814,2117.6070796460176,29675.26267699115,452
38738,I25.,6,36.0,6,13521.98916981132,4282.825377358491,2369.659641509434,31802.41024528302,530
38739,I25.,6,36.0,8,13110.581962616823,4540.852429906542,2598.0944726301736,31202.06774365821,749
38740,I25.,6,36.0,9,13632.583016949153,4560.768576271186,2917.882779661017,32801.474372881356,295
38743,I25.,6,36.1,5,63201.45357142857,27267.497142857144,29753.395357142854,174377.1525,28
38744,I25.,6,36.1,6,56920.5419047619,21748.93523809524,20963.371904761905,146283.01333333334,21
38782,I25.,6,38.9,9,1233.7302857142856,5855.323142857143,5979.421714285714,21562.971142857143,35
38809,I25.,6,44.1,5,450.2196,5100.4736,1478.9184,8922.408000000001,25
38810,I25.,6,44.1,6,532.32,4937.396521739131,1940.8804347826087,9672.952173913043,23
38811,I25.,6,44.1,8,380.08019607843136,4218.542352941176,2233.470980392157,9048.333529411764,51
38853,I25.,6,87.4,5,267.26409090909095,3880.034090909091,1022.0100000000001,6219.810909090909,22
38855,I25.,6,87.4,8,306.47967741935486,4189.909677419355,1687.9493548387097,7936.078709677419,31
38867,I25.,6,88.5,3,1076.2323008849557,3364.562920353982,998.2737168141593,8726.397345132744,113
38868,I25.,6,88.5,4,1189.3989986648864,3200.8440987983977,882.8329773030708,8616.804259012015,749
38869,I25.,6,88.5,5,1161.447057996485,3314.767891036907,971.2799578207381,8819.586228471002,2845
38870,I25.,6,88.5,6,1116.5553024911032,3509.3266192170818,1145.3341766418635,9261.536353930767,3091
38871,I25.,6,88.5,8,1241.763109960402,3758.4312305817853,1466.3564331404202,10161.031940298508,3283
38872,I25.,6,88.5,9,1325.6955131698455,4011.9485013623976,1773.2495095367847,11184.677184377839,1101
38885,I25.,6,89.5,8,772.5866666666667,4353.866666666667,2073.3957142857143,10215.569523809523,21
38901,I25.,6,93.9,8,725.8267857142856,4738.996785714286,3656.8928571428573,13415.864285714286,28
38902,I25.,6,93.9,9,616.485,5210.135,3329.0165,12817.99125,40
38931,I25.,6,99.9,6,449.25913043478255,4354.861739130435,4455.011304347827,12194.525652173914,23
38932,I25.,6,99.9,8,332.54515151515153,3800.341212121212,4400.797272727273,11969.304848484848,33
38933,I25.,6,99.9,9,403.6544,3936.0228,5232.6108,15176.3582,50
38976,I26.,5,,8,409.4114583333333,4242.661666666667,2828.6854166666667,9903.153124999999,48
38977,I26.,5,,9,456.3178571428571,4699.503571428571,3324.761428571429,11692.10392857143,28
39037,I26.,6,,4,480.89153846153846,5996.255769230769,3311.266153846154,12621.97,26
39038,I26.,6,,5,533.6584,5654.7612,4045.3514,13326.8326,50
39039,I26.,6,,6,512.4926923076923,5804.988333333334,3203.217564102564,12425.454487179486,78
39040,I26.,6,,8,437.66152671755725,5676.10679389313,3369.4313740458015,12395.228854961832,131
39041,I26.,6,,9,485.9872950819672,6243.672540983607,3513.502786885246,13698.568032786885,122
39081,I26.,6,38.7,5,22087.995384615384,7658.363846153846,5692.6442307692305,44950.399230769224,26
39083,I26.,6,38.7,8,20952.014545454545,7707.05696969697,6207.009090909091,43983.71090909091,33
39176,I26.,6,93.9,8,1179.729393939394,8455.405151515151,6149.833333333333,22077.92,33
39177,I26.,6,93.9,9,882.0921739130434,9859.634782608697,7256.994347826087,24644.000869565218,23
39230,I27.,3,,6,673.4793181818181,2366.0625,3128.1079545454545,8848.302272727273,44
39231,I27.,3,,8,500.278762886598,1851.458762886598,2929.112989690722,7611.767422680412,97
39232,I27.,3,,9,487.8337931034483,2323.2850574712643,3120.119885057471,8534.447701149425,87
39268,I27.,3,99.9,8,483.2386363636364,2604.7045454545455,2825.0127272727273,8314.751363636364,22
39286,I27.,5,,6,502.8067441860465,2490.4558139534884,3220.597441860465,8898.354186046512,43
39287,I27.,5,,8,468.9426470588235,2311.6509558823527,2966.856397058824,8412.415882352941,136
39288,I27.,5,,9,387.2489719626168,2552.5981308411215,3148.0768224299068,9028.227289719627,107
39330,I27.,5,93.9,6,802.0379166666667,3349.9225,3264.9408333333336,10143.489583333334,24
39331,I27.,5,93.9,8,646.9510344827586,3393.7655172413793,2947.905517241379,10064.225517241379,29
39332,I27.,5,93.9,9,721.8116,3622.264,4029.6924,12420.1304,25
39349,I27.,6,,5,408.17483870967743,3598.826451612903,3568.276129032258,11164.303870967742,31
39350,I27.,6,,6,404.5545,4117.870666666667,3906.807,11889.5655,60
39351,I27.,6,,8,406.09174825174824,4101.929580419581,3632.699160839161,12183.436223776223,143
39352,I27.,6,,9,455.36876923076926,4621.592846153846,4358.426076923077,14029.332538461538,130
39432,I27.,6,93.9,6,505.2881481481482,6226.30074074074,4204.096296296297,17248.506296296295,27
39433,I27.,6,93.9,8,511.00105263157894,5891.34350877193,4155.572807017544,15592.649122807017,57
39434,I27.,6,93.9,9,654.196,6980.666,4730.588,18564.864999999998,40
39467,I28.,6,39.7,6,6854.203333333334,8061.17125,4056.322083333333,27891.03125,24
39672,I34.,6,35.2,5,42143.488333333335,18933.06375,20968.122083333332,153367.80708333335,24
39673,I34.,6,35.2,6,59269.53954545455,22328.31590909091,23681.996363636365,172876.1781818182,22
39737,I35.,6,,8,271.71066666666667,6975.176,1915.5783333333334,10779.593666666666,30
39748,I35.,6,35.0,6,156587.68362637365,17301.098461538462,6142.965824175824,218746.31923076924,91
39749,I35.,6,35.0,8,157655.25324324323,19496.06972972973,8542.57936936937,227132.97189189188,111
39750,I35.,6,35.0,9,191431.84394736844,24568.975000000002,13845.817105263159,297222.95789473684,38
39755,I35.,6,35.2,4,50395.24458333334,15415.7975,13380.125,117780.51000000001,24
39756,I35.,6,35.2,5,49165.2575,14286.62673076923,12567.192884615386,115555.38326923076,52
39757,I35.,6,35.2,6,64204.66046511628,16845.166511627907,16130.243720930232,142080.2911627907,43
39776,I35.,6,88.5,6,1176.29,5555.491538461539,2457.653846153846,13127.052307692307,26
39893,I38.,6,,8,573.9,4772.454347826087,3469.0586956521743,12232.875652173914,23
39894,I38.,6,,9,310.822,3080.784,2703.022,8918.436333333335,30
40025,I42.,3,,5,328.0972,3005.6279999999997,3160.3059999999996,9797.707199999999,25
40026,I42.,3,,6,406.75666666666666,2808.866666666667,2874.943333333333,8161.860833333333,24
40027,I42.,3,,8,460.5956666666667,2527.123666666667,3488.1266666666666,9645.16,30
40081,I42.,5,,6,466.47142857142853,3226.8561904761905,3835.7285714285717,10085.400952380951,21
40082,I42.,5,,8,304.9164705882353,2603.836764705882,2702.9038235294115,7723.048823529411,34
40109,I42.,5,88.5,5,1050.0849122807017,2407.153157894737,1766.693859649123,8986.17456140351,57
40110,I42.,5,88.5,6,3180.086393442623,2728.995901639344,1932.2857377049181,11894.535737704917,61
40111,I42.,5,88.5,8,1104.9257142857143,2682.307619047619,2078.1709523809523,9764.265952380953,42
40137,I42.,6,,3,311.16954545454547,5240.775909090909,4604.419545454545,13135.128181818181,22
40138,I42.,6,,4,387.1219607843137,4264.199411764706,3497.025882352941,10638.745098039215,51
40139,I42.,6,,5,417.1416161616161,4433.571919191919,4048.1921212121215,11502.151515151516,99
40140,I42.,6,,6,395.5222784810126,4583.9727848101265,4130.132278481013,11677.810759493672,79
40141,I42.,6,,8,459.6100826446281,3624.803140495868,3637.158842975207,10332.878429752067,121
40142,I42.,6,,9,350.79689655172416,4949.799655172414,3432.9927586206895,11431.56172413793,58
40230,I42.,6,88.5,3,1002.3070833333333,4261.595833333334,1854.1925,11281.299583333333,24
40231,I42.,6,88.5,4,1041.3120000000001,4129.836666666667,1924.03,11019.656166666666,60
40232,I42.,6,88.5,5,1944.9945355191257,4052.816830601093,2400.6281420765026,12362.73693989071,183
40233,I42.,6,88.5,6,1134.4088976377952,3992.4352755905516,2128.971496062992,11252.314960629921,127
40234,I42.,6,88.5,8,1605.557204968944,3990.3983850931677,2691.102360248447,12527.230807453416,161
40235,I42.,6,88.5,9,1238.457741935484,5356.10064516129,3380.943870967742,14904.864193548387,31
40310,I44.,5,37.8,8,43094.78,3973.4956363636365,2700.8574545454544,56380.185454545455,55
40311,I44.,5,37.8,9,31932.436486486484,4101.606756756757,2220.136486486487,46709.87513513514,37
40343,I44.,6,37.8,5,38560.791000000005,4035.0899999999997,1034.765,50248.93757142857,70
40344,I44.,6,37.8,6,40345.364901960784,4854.413594771242,1709.550522875817,53161.54039215686,153
40345,I44.,6,37.8,8,37471.73350931677,4883.93754658385,1973.2519875776397,51040.51661490683,322
40346,I44.,6,37.8,9,39175.93254295532,5671.1053951890035,2580.23323024055,54157.57034364261,291
40414,I45.,6,37.3,1,22744.383181818182,2914.020909090909,315.35136363636366,34143.72863636364,22
40415,I45.,6,37.3,2,22659.020857142856,2799.954142857143,263.7772857142857,33357.022,70
40416,I45.,6,37.3,3,23227.609387755103,3262.568979591837,231.12999999999997,34248.05530612245,49
40417,I45.,6,37.3,4,23995.44753623188,3182.755217391304,286.05753623188406,34641.49028985507,69
40418,I45.,6,37.3,5,22252.77744,3191.7488,376.73136,34160.68544,125
40419,I45.,6,37.3,6,25798.677857142855,3593.089523809524,576.4983333333333,36716.092142857146,42
40420,I45.,6,37.3,8,26857.92392857143,4249.1224999999995,1114.3039285714285,38558.513928571425,28
40614,I46.,6,96.0,8,1385.3433333333332,7182.104166666667,7904.932083333333,22932.470833333336,24
40621,I46.,6,96.7,8,1068.9690476190476,8487.080952380953,6436.670476190477,26184.696190476192,21
40674,I47.,5,37.3,5,28659.319444444445,3081.61,813.9461111111111,37169.2575,36
40675,I47.,5,37.3,6,30843.54958333333,3061.53875,999.7633333333333,39795.99166666667,24
40724,I47.,6,37.3,1,26521.19022727273,3106.6136363636365,294.82500000000005,34916.93818181818,44
40725,I47.,6,37.3,2,24300.025614035087,3259.650789473684,228.20868421052631,35617.44473684211,114
40726,I47.,6,37.3,3,25437.190153846157,3331.2785384615386,470.79376923076927,35562.125230769234,130
40727,I47.,6,37.3,4,26392.335871559633,3075.9180733944954,406.17403669724774,35741.75440366972,218
40728,I47.,6,37.3,5,26634.426373333336,3392.041333333333,530.0355466666666,36276.96973333333,375
40729,I47.,6,37.3,6,29705.080558659218,4114.010837988826,898.6862011173185,40843.09005586592,179
40730,I47.,6,37.3,8,29643.241925925926,4002.6016296296293,1405.436,41655.101111111115,135
40731,I47.,6,37.3,9,36840.89923076923,5645.326923076923,1573.841794871795,54102.3741025641,39
40846,I48.,5,37.3,6,68637.78333333333,4310.874285714286,1358.6266666666666,80784.49047619048,21
40865,I48.,6,,5,308.1174074074074,3986.5129629629632,1056.921111111111,6303.96,27
40866,I48.,6,,6,308.39833333333337,5022.554999999999,1660.3845833333335,8443.797916666666,24
40867,I48.,6,,8,342.8204255319149,4585.591914893617,2315.858510638298,9145.365531914893,47
40868,I48.,6,,9,429.6879365079365,4797.312698412698,2974.733968253968,10578.995714285715,63
40888,I48.,6,37.3,3,60181.26222222223,4788.812592592592,1374.1344444444444,79961.60518518518,27
40889,I48.,6,37.3,4,56174.13613636364,4879.8725,1401.3030681818182,78722.02647727272,88
40890,I48.,6,37.3,5,59118.45990163934,5374.449016393442,1759.545770491803,81318.08340983606,305
40891,I48.,6,37.3,6,62338.0877486911,5700.241439790576,2185.2634031413613,85494.11515706805,382
40892,I48.,6,37.3,8,65354.01367549669,6741.790728476822,2565.5780794701986,91822.47735099337,302
40893,I48.,6,37.3,9,64713.12948717948,7325.413333333333,2579.793717948718,89475.63641025641,78
40904,I48.,6,37.9,8,73733.16630434782,7216.142826086957,3158.64652173913,99641.07434782608,46
40926,I48.,6,88.5,6,3309.9453125,4074.4021875,1585.345625,13451.98875,32
40927,I48.,6,88.5,8,4720.438301886793,4442.585283018868,1947.6354716981132,15762.023018867923,53
41018,I49.,5,37.8,8,43227.23170212766,3672.2325531914894,1575.7023404255317,57034.37510638298,47
41019,I49.,5,37.8,9,39968.848387096776,3555.6770967741936,2015.8306451612902,52308.238064516125,31
41049,I49.,6,,5,309.6852173913044,3771.64347826087,886.443043478261,6032.951304347826,23
41050,I49.,6,,6,352.09117647058827,4335.410294117647,1634.3332352941177,8989.025882352942,34
41051,I49.,6,,8,302.79822222222225,4356.201111111111,1502.2839999999999,7753.869111111111,45
41052,I49.,6,,9,315.26102564102564,5019.272051282051,2280.338205128205,10200.288205128205,39
41071,I49.,6,37.3,2,30388.885555555556,3205.6888888888893,214.60703703703706,39362.41037037037,27
41072,I49.,6,37.3,3,27331.729999999996,3079.3932558139536,371.2806976744186,38083.73395348837,43
41073,I49.,6,37.3,4,27947.573965517244,3543.8089655172416,583.9237931034484,40002.683448275864,58
41074,I49.,6,37.3,5,28918.42391304348,3658.746608695652,684.5355652173913,39954.27069565217,115
41075,I49.,6,37.3,6,29466.39,4062.014516129032,949.1859677419354,43009.971774193546,62
41076,I49.,6,37.3,8,29642.239024390245,4704.78756097561,1527.301219512195,43101.90365853658,41
41083,I49.,6,37.8,5,36351.861940298506,4277.331492537313,993.6916417910447,48572.59492537313,67
41084,I49.,6,37.8,6,38920.75740458015,4726.22854961832,1731.882824427481,52457.51099236641,131
41085,I49.,6,37.8,8,36900.80678700361,4885.824259927798,1759.0429241877257,50927.871119133575,277
41086,I49.,6,37.8,9,39980.553429951695,5339.795845410628,2346.8208695652174,54909.92444444444,207
41122,I49.,6,88.5,4,999.0020833333333,3244.6775,832.7291666666666,8614.497916666667,24
41123,I49.,6,88.5,5,911.148679245283,3661.0043396226415,992.9249056603775,9376.714716981132,53
41124,I49.,6,88.5,6,2741.0640425531915,3473.121063829787,1250.0555319148937,11665.568085106383,47
41125,I49.,6,88.5,8,2152.347551020408,3880.604489795918,1522.6261224489795,12193.892040816325,49
41169,I50.,1,,8,384.37365853658537,2264.9731707317073,5238.510975609756,11994.141951219512,41
41170,I50.,1,,9,359.32691176470587,2160.122058823529,4111.1114705882355,10594.653676470587,68
41194,I50.,2,,6,410.4,2323.9835135135136,3293.0189189189186,8493.177027027026,37
41195,I50.,2,,8,479.8049367088608,2508.87417721519,2977.0313924050633,8328.0717721519,79
41196,I50.,2,,9,376.04644444444443,2579.5793333333336,4025.2366666666667,9407.259555555556,90
41243,I50.,3,,5,441.75119047619046,3089.942857142857,2907.0992857142855,8960.11,42
41244,I50.,3,,6,403.58887096774197,3208.014193548387,3107.4567741935484,9503.651935483871,62
41245,I50.,3,,8,377.5112643678161,2976.100459770115,3216.980459770115,9392.923908045977,174
41246,I50.,3,,9,392.4150787401575,3569.0756692913383,3618.0009448818896,10715.166968503938,254
41339,I50.,4,,8,338.65555555555557,3833.908,3069.1786666666667,9947.062222222223,45
41340,I50.,4,,9,646.8967241379311,4871.303448275861,4169.415862068965,16036.641551724137,58
41395,I50.,5,,4,523.1078260869565,2719.6865217391305,4563.03695652174,10730.375217391305,23
41396,I50.,5,,5,499.3546590909091,3380.122272727273,3503.723636363636,10592.389431818183,88
41397,I50.,5,,6,454.89220238095237,3153.3328571428574,3903.771011904762,10638.883095238096,168
41398,I50.,5,,8,421.55850000000004,3262.34569047619,3732.3458333333333,10610.80288095238,420
41399,I50.,5,,9,467.13303501945524,3458.76420233463,3942.19219844358,11192.356809338522,514
41419,I50.,5,34.0,9,559.7,4059.4451612903226,3004.9948387096774,11447.867741935484,31
41426,I50.,5,34.9,8,476.2315151515151,3556.4333333333334,2851.0775757575757,10283.39,33
41427,I50.,5,34.9,9,514.8566666666667,4535.336363636364,3730.9357575757576,12671.945757575759,33
41442,I50.,5,38.9,8,1400.9,6489.294444444445,7039.61925925926,21813.47444444444,27
41443,I50.,5,38.9,9,1411.4157142857143,6548.927857142858,6884.558571428571,20631.717857142856,28
41496,I50.,5,88.5,5,1189.0749056603775,2769.5677358490566,2006.1869811320755,9992.11603773585,53
41497,I50.,5,88.5,6,1254.9029761904762,3266.7363095238093,3003.1664285714287,11882.429166666667,84
41498,I50.,5,88.5,8,1266.7627647058823,3139.577294117647,2680.4198235294116,11196.01611764706,170
41499,I50.,5,88.5,9,1315.2034920634921,3439.6896825396825,3194.1969841269843,12515.854126984128,63
41515,I50.,5,93.9,6,564.6800000000001,4307.867407407407,3550.55962962963,12293.547037037039,27
41516,I50.,5,93.9,8,610.0715094339623,3650.675471698113,3691.503773584906,12131.23641509434,53
41517,I50.,5,93.9,9,917.2496825396825,4560.599999999999,5414.546349206349,15747.052698412697,63
41526,I50.,5,96.7,8,1574.0424242424242,6145.9366666666665,5934.638787878788,21200.24121212121,33
41527,I50.,5,96.7,9,1768.1856,7659.380800000001,9488.289200000001,29195.166800000003,25
41547,I50.,6,,3,528.1429032258064,6049.656774193548,7244.386129032258,17038.552580645162,31
41548,I50.,6,,4,458.1082692307692,5651.345769230769,4522.080961538461,13377.789999999999,52
41549,I50.,6,,5,436.42328358208954,5615.2568283582095,4456.868544776119,13468.689253731343,268
41550,I50.,6,,6,435.19940774487475,5009.004578587699,4394.271731207289,12710.03125284738,439
41551,I50.,6,,8,434.9580248190279,4800.849017580144,4457.247125129265,12727.872926577042,967
41552,I50.,6,,9,448.59154166666667,5007.156608333333,4651.727708333333,13818.510875,1200
41579,I50.,6,17.9,8,403.8103846153846,4858.235576923077,4391.227115384615,12974.096346153847,52
41580,I50.,6,17.9,9,401.476,4546.930249999999,5928.962625,14567.3785,80
41599,I50.,6,34.0,8,598.374,5578.2425,4931.0575,16697.17225,40
41600,I50.,6,34.0,9,790.16953125,6900.1309375,5230.6165625,18648.9215625,64
41605,I50.,6,34.9,6,550.7456,6184.7735999999995,3932.2624,14077.138400000002,25
41606,I50.,6,34.9,8,610.955806451613,5949.822258064516,4477.283225806452,15067.717903225806,62
41607,I50.,6,34.9,9,774.7522891566265,7374.238072289157,5384.454457831325,18021.696987951807,83
41612,I50.,6,36.0,6,9118.5892,5425.964,7127.195600000001,33386.8788,25
41613,I50.,6,36.0,8,13015.504166666666,4905.702916666666,4825.122083333333,33908.69583333334,24
41648,I50.,6,38.9,6,2307.165,12662.27769230769,11332.305,37936.517692307694,26
41649,I50.,6,38.9,8,1257.313846153846,11507.326923076924,9892.963076923077,31897.58403846154,52
41650,I50.,6,38.9,9,2321.0714772727274,11163.391363636363,9319.104318181819,32535.104886363635,88
41707,I50.,6,57.9,8,1565.2885714285712,11967.179523809524,9638.366666666667,29519.879999999997,21
41708,I50.,6,57.9,9,739.9327272727273,7256.524242424242,5976.775757575758,18897.555454545454,33
41733,I50.,6,87.4,8,364.1677777777778,6126.952222222222,2024.0866666666666,11004.560370370371,27
41743,I50.,6,88.5,4,1115.2121739130434,5049.248695652174,2836.1317391304347,13667.523695652173,46
41744,I50.,6,88.5,5,1267.6465217391303,5256.697515527951,3424.034906832298,14339.112173913043,161
41745,I50.,6,88.5,6,1235.626096491228,4790.879561403509,3615.347456140351,14292.07048245614,228
41746,I50.,6,88.5,8,1318.6367554479418,5054.32617433414,3709.0673365617436,15000.74510895884,413
41747,I50.,6,88.5,9,1358.3236994219653,5180.541502890173,3841.573583815029,16109.553930635839,173
41763,I50.,6,89.5,8,645.76375,5577.859375,3605.638125,12402.5328125,32
41764,I50.,6,89.5,9,552.5286046511628,4693.463023255814,3783.2737209302322,11653.191162790697,43
41779,I50.,6,93.3,9,433.08892857142854,5695.526071428571,6748.815535714285,18498.3125,56
41790,I50.,6,93.9,5,673.8199999999999,5570.174333333333,4877.206666666667,15794.340333333334,30
41791,I50.,6,93.9,6,1670.8676086956523,8428.995217391304,10529.635652173913,27725.41934782609,46
41792,I50.,6,93.9,8,1164.079090909091,7720.6904545454545,6697.896590909091,21585.210454545453,88
41793,I50.,6,93.9,9,972.3310204081633,7360.606666666667,6021.820136054422,19600.758775510203,147
41799,I50.,6,96.0,8,1377.8157142857144,8581.25107142857,8182.9571428571435,24870.589642857143,28
41810,I50.,6,96.7,8,2581.175581395349,11487.011395348836,10241.817209302326,33891.70674418605,43
41811,I50.,6,96.7,9,2702.1792857142855,11996.432380952381,10511.597142857141,38295.41428571429,42
41832,I50.,6,99.9,6,463.5328,4517.8744,5390.1496,14135.1968,25
41833,I50.,6,99.9,8,471.2564814814815,5714.674444444444,5848.872407407407,16306.877962962964,54
41834,I50.,6,99.9,9,525.0515,5610.526857142857,5935.023928571429,17642.339571428573,140
41865,I51.,5,,9,380.1039473684211,2068.7894736842104,2544.7721052631578,7291.470789473685,38
41955,I60.,3,,8,430.6338095238095,2607.7833333333333,2679.8357142857144,8980.115238095239,21
42033,I60.,5,,5,384.9578260869566,2943.771739130435,3085.93347826087,9204.981304347824,23
42034,I60.,5,,6,627.7241935483871,3984.4177419354837,4369.1067741935485,12420.927419354839,31
42035,I60.,5,,8,445.0691176470588,4751.554705882353,4249.459411764706,14011.827352941176,34
42036,I60.,5,,9,433.43454545454546,4123.663636363636,3700.2968181818183,13638.577272727272,22
42066,I60.,5,39.5,5,23221.878928571427,13449.802857142857,16029.643214285714,83544.26928571428,28
42074,I60.,5,39.7,5,115690.88242424243,9121.410606060606,15400.16212121212,161447.45242424242,33
42075,I60.,5,39.7,6,93650.11173913043,10002.071739130435,14005.983478260869,137002.9995652174,23
42076,I60.,5,39.7,8,88356.49708333334,10308.883749999999,12169.187083333332,133412.57541666666,24
42120,I60.,6,,5,2529.5788372093025,4354.032558139535,6665.341860465117,17034.502790697676,43
42121,I60.,6,,6,664.2391428571428,3865.4654285714287,4811.662571428572,12501.98857142857,35
42122,I60.,6,,8,577.4635999999999,4404.101866666667,4182.781333333333,13824.7132,75
42123,I60.,6,,9,860.4575757575757,5274.240000000001,6873.772727272727,18636.993333333336,33
42175,I60.,6,39.5,4,29266.986727272728,13603.162727272726,22490.54818181818,100011.10672727272,55
42176,I60.,6,39.5,5,29714.094333333334,13492.927055555556,20105.879111111113,95081.84744444444,180
42177,I60.,6,39.5,6,31695.23798561151,16534.573381294966,24468.481007194245,107901.3717266187,139
42178,I60.,6,39.5,8,30893.29554347826,20337.220543478263,28788.270543478262,124300.4122826087,92
42182,I60.,6,39.7,3,88080.34238095238,14014.751904761904,25726.312380952382,166221.4576190476,21
42183,I60.,6,39.7,4,87592.35758064516,9870.504193548388,14662.009354838709,140450.53580645163,62
42184,I60.,6,39.7,5,101048.3064021164,9598.121957671958,13729.067142857142,146636.2173015873,189
42185,I60.,6,39.7,6,97025.14196581196,11358.515897435898,14394.32829059829,149422.00752136752,117
42186,I60.,6,39.7,8,97794.894625,11945.059125,17571.831125,159948.919625,80
42187,I60.,6,39.7,9,110043.30074074074,18528.90777777778,22916.802962962964,181232.42407407408,27
42203,I60.,6,88.4,4,2103.9411999999998,3770.8456,6256.7011999999995,17623.4528,25
42204,I60.,6,88.4,5,8665.905283018868,5808.696226415095,7726.983018867924,30487.540943396227,53
42205,I60.,6,88.4,6,6458.688888888889,5074.75,5283.063055555555,23925.33388888889,36
42206,I60.,6,88.4,8,5952.874761904762,7417.869523809524,8802.436666666666,29838.17380952381,21
42228,I60.,6,96.7,5,1862.9704166666668,7225.981666666667,6179.849999999999,21978.399166666666,24
42230,I60.,6,96.7,8,4635.318181818182,7711.895151515152,4806.890303030304,24953.709696969698,33
42251,I61.,2,,8,707.3457692307692,2672.2961538461536,4695.763461538461,11959.263076923076,26
42298,I61.,3,,5,759.6356790123457,5242.661604938272,4762.451728395062,17287.78802469136,81
42299,I61.,3,,6,598.7667105263157,3467.151184210526,3667.5801315789477,13190.0575,76
42300,I61.,3,,8,649.913698630137,4569.105616438356,4751.734178082192,16078.510753424656,146
42301,I61.,3,,9,629.8995652173913,3925.637391304348,4163.016847826087,15546.17445652174,92
42308,I61.,3,01.2,5,15495.486400000002,10124.638,15232.3348,63304.7488,25
42309,I61.,3,01.2,6,13975.928636363637,14541.305909090908,16903.252272727274,69761.615,22
42310,I61.,3,01.2,8,12199.697179487179,11316.489487179486,13784.119743589745,57366.60153846154,39
42315,I61.,3,01.3,8,7224.821304347826,7496.178260869566,7937.716956521739,36497.39608695652,23
42393,I61.,3,96.7,5,2424.8841666666667,6324.71,9060.053333333333,29196.133749999997,24
42395,I61.,3,96.7,8,1608.7742857142857,5773.1261904761905,7137.08380952381,24244.98904761905,21
42408,I61.,4,,8,487.1034375,5146.565625,3989.653125,16490.3375,32
42409,I61.,4,,9,415.4136363636364,4304.527272727273,4043.1718181818183,16509.589090909092,22
42475,I61.,5,,4,521.991,4301.545999999999,7324.781,19696.9488,50
42476,I61.,5,,5,408.8387242798354,4184.250823045268,5423.867818930041,16799.396666666667,243
42477,I61.,5,,6,497.40064885496184,4328.116564885497,5755.698664122137,17905.19740458015,262
42478,I61.,5,,8,484.5285401459854,4741.941800486618,5780.456082725062,17697.944306569345,411
42479,I61.,5,,9,467.66830357142857,4187.412321428571,5170.675982142857,15834.520982142858,224
42489,I61.,5,01.2,4,13484.859583333333,8609.710416666667,18832.977916666667,69055.11458333333,24
42490,I61.,5,01.2,5,13985.181355932205,8480.072372881355,15946.79152542373,62824.54644067797,59
42491,I61.,5,01.2,6,11908.723333333333,10682.80263888889,15937.726666666667,63835.228749999995,72
42492,I61.,5,01.2,8,11704.08880952381,10243.097380952382,14672.391309523811,60373.864166666666,84
42497,I61.,5,01.3,4,11891.74261904762,12830.89380952381,17211.919523809524,69413.80214285714,42
42498,I61.,5,01.3,5,11841.157382550335,12392.082013422818,17058.300738255035,66778.47295302014,149
42499,I61.,5,01.3,6,10275.601329113924,11088.540759493671,15102.49670886076,61215.20626582278,158
42500,I61.,5,01.3,8,9542.218167539266,11257.939319371728,13196.901465968587,56093.996963350786,191
42501,I61.,5,01.3,9,8003.705576923077,11307.136346153846,13285.704423076922,52218.17096153846,52
42549,I61.,5,38.9,5,2673.421428571429,8108.221428571429,6940.121071428572,25146.397857142856,28
42551,I61.,5,38.9,8,1584.7986206896553,7763.200000000001,10724.463448275863,36900.51758620689,29
42562,I61.,5,57.9,5,1860.0200000000002,5808.561363636364,7580.128181818182,25068.449090909093,22
42563,I61.,5,57.9,6,477.58517241379315,5732.1458620689655,6914.713793103448,21910.502758620692,29
42564,I61.,5,57.9,8,600.4793617021277,6588.924680851064,6197.7104255319155,21012.537234042553,47
42565,I61.,5,57.9,9,538.3621212121212,5446.21393939394,5834.295454545455,18036.095454545455,33
42585,I61.,5,88.4,5,3095.4756097560976,4909.812682926829,4574.788048780488,21158.663658536585,41
42586,I61.,5,88.4,6,2111.8296666666665,5535.926,5735.534333333333,23600.396,30
42587,I61.,5,88.4,8,1463.6154166666665,6624.0858333333335,4677.4075,21757.804166666665,24
42621,I61.,5,93.9,8,572.682380952381,5249.56238095238,6336.947619047619,19174.275714285715,21
42628,I61.,5,96.0,5,1558.3555555555556,5059.968888888889,5194.460222222222,18614.347333333335,45
42629,I61.,5,96.0,6,1629.1986046511627,4599.2046511627905,5103.811162790697,18378.774883720933,43
42630,I61.,5,96.0,8,948.0649367088608,3515.170632911392,3652.338860759494,13604.01493670886,79
42631,I61.,5,96.0,9,1027.2009677419355,4072.6193548387096,3599.0848387096776,12876.702580645162,31
42636,I61.,5,96.7,4,2246.3817391304347,6302.666086956522,10640.403478260869,39688.39434782609,23
42637,I61.,5,96.7,5,1841.1596923076925,5881.9329230769235,5783.152,21692.075538461537,65
42638,I61.,5,96.7,6,2173.6669811320753,5688.374716981132,6747.818113207547,24235.672075471695,53
42639,I61.,5,96.7,8,1364.3906451612904,7064.121505376344,6242.923870967742,23364.154516129034,93
42640,I61.,5,96.7,9,3057.0240384615386,6348.402115384615,8836.527692307693,28375.94230769231,52
42657,I61.,5,99.9,5,514.88875,5835.85625,6308.278333333333,23907.860416666666,24
42658,I61.,5,99.9,6,778.0246875,5100.2728125,6523.922500000001,22956.445,32
42659,I61.,5,99.9,8,472.59000000000003,6958.942777777778,7294.2427777777775,24646.446944444444,36
42663,I61.,6,,3,672.2777777777778,5532.938888888889,6054.4383333333335,21397.46361111111,36
42664,I61.,6,,4,593.5954248366013,5397.5793464052285,7069.606339869281,19899.934509803923,153
42665,I61.,6,,5,711.8417935702199,5371.219221658206,7746.856463620981,21470.332571912015,591
42666,I61.,6,,6,640.00366598778,5691.603971486761,6674.9847250509165,19975.615254582484,491
42667,I61.,6,,8,608.4631321839081,5283.329640804598,6025.382772988506,18708.4716954023,696
42668,I61.,6,,9,645.3146742209632,6093.133937677053,6564.165864022662,21117.28747875354,353
42689,I61.,6,01.2,4,24485.142307692306,22745.48,31310.137692307697,121830.79000000001,26
42690,I61.,6,01.2,5,18156.91213333333,15205.800933333334,23799.2812,88301.1556,75
42691,I61.,6,01.2,6,17875.17090909091,15756.98409090909,21381.917575757576,84783.09090909091,66
42692,I61.,6,01.2,8,18600.620677966104,14532.659830508475,18864.228644067796,81031.11627118645,59
42696,I61.,6,01.3,3,19689.564285714285,17805.955428571426,24375.13542857143,95382.86257142857,35
42697,I61.,6,01.3,4,19290.79110091743,16661.11137614679,25846.583944954127,97906.26440366973,109
42698,I61.,6,01.3,5,17277.255938461538,15062.885446153845,22792.514461538463,88248.17652307692,325
42699,I61.,6,01.3,6,18182.70797153025,15611.850106761565,23186.58846975089,89440.33882562278,281
42700,I61.,6,01.3,8,18459.473210332104,15365.254981549815,20086.967970479705,85924.26833948339,271
42701,I61.,6,01.3,9,16876.88893333333,19038.338666666667,20158.4084,91653.96466666667,75
42724,I61.,6,03.3,5,2797.5127272727273,7833.715909090909,14651.935909090911,37112.752727272724,22
42745,I61.,6,31.1,5,5271.851904761905,18784.347619047618,29273.940476190477,88401.21476190476,21
42784,I61.,6,38.9,5,2358.3932,9036.0672,9484.5088,37571.144,25
42786,I61.,6,38.9,8,1856.165,13537.340333333334,14304.123,46205.72266666666,30
42787,I61.,6,38.9,9,1504.779230769231,10379.906153846154,15594.96423076923,44373.1776923077,26
42814,I61.,6,57.9,5,601.3672727272727,6225.28,6237.140909090909,23017.247727272726,22
42815,I61.,6,57.9,6,712.3753846153847,6004.974230769231,7000.587692307692,21819.571923076925,26
42816,I61.,6,57.9,8,790.7894444444444,7138.254722222223,7966.865000000001,25615.301944444444,36
42817,I61.,6,57.9,9,544.3663636363636,5514.304545454545,5293.813181818182,18649.350000000002,22
42841,I61.,6,88.4,4,2010.1928,7372.8064,7896.7676,26804.2148,25
42842,I61.,6,88.4,5,2007.3395161290323,5874.419838709678,6988.819677419355,22924.845967741934,62
42843,I61.,6,88.4,6,2124.0259574468087,6214.532127659575,6470.113404255319,23925.093617021274,47
42844,I61.,6,88.4,8,1991.0308333333332,6528.426388888889,6427.827222222222,23943.03,36
42876,I61.,6,93.3,8,1007.6272,6180.0816,8011.4748,31023.1312,25
42886,I61.,6,93.9,8,535.3177272727272,7456.368181818182,7602.623636363636,24162.259545454544,22
42891,I61.,6,96.0,5,2200.904107142857,8926.95875,10247.716607142856,30862.670714285716,56
42892,I61.,6,96.0,6,2086.802909090909,5398.2198181818185,5256.834181818182,21551.803636363635,55
42893,I61.,6,96.0,8,1602.2661224489796,5317.495714285715,5401.194897959183,19133.666734693878,49
42894,I61.,6,96.0,9,1589.7312499999998,5146.397916666667,5438.169375,18658.282083333335,48
42904,I61.,6,96.7,4,2435.3874242424245,8287.23409090909,10313.465303030302,33646.68348484848,66
42905,I61.,6,96.7,5,3347.399139072848,11314.199602649005,12359.83834437086,44667.861456953644,151
42906,I61.,6,96.7,6,3747.8029473684214,12150.330736842105,17809.292842105264,51887.76747368421,95
42907,I61.,6,96.7,8,2619.450909090909,10080.552142857143,11708.806818181818,39028.05038961039,154
42908,I61.,6,96.7,9,2105.5403125,10751.695104166667,11419.325104166666,35894.371250000004,96
42927,I61.,6,99.9,6,820.832,6547.9064,7801.174,28633.0496,25
42928,I61.,6,99.9,8,956.9064516129033,7481.590322580645,7664.988064516129,25831.878064516128,31
42967,I62.,3,01.3,8,3120.2032,2873.6220000000003,3086.1464,15092.9204,25
43017,I62.,5,01.2,8,5462.045862068966,4225.184482758621,5158.913448275862,25020.53655172414,29
43020,I62.,5,01.3,5,5583.678275862069,3530.071724137931,4654.117586206897,22277.561379310348,29
43021,I62.,5,01.3,6,3865.0265116279074,3787.5753488372093,3453.823953488372,18909.562558139532,43
43022,I62.,5,01.3,8,3870.843555555555,3370.4704444444446,3332.3244444444445,17388.78822222222,90
43023,I62.,5,01.3,9,3380.5560416666667,4200.75,3358.800625,18273.618124999997,48
43062,I62.,6,,8,553.0367567567567,5330.391081081081,6676.585945945946,17335.464594594596,37
43063,I62.,6,,9,428.5489189189189,4827.153243243243,4994.941351351351,14865.66972972973,37
43076,I62.,6,01.2,6,7984.345,6564.137727272727,8412.994545454545,34170.20318181818,22
43077,I62.,6,01.2,8,5698.734871794872,5162.133333333333,6396.406923076923,26934.880512820517,39
43084,I62.,6,01.3,5,8720.246164383561,5333.990684931507,6508.2176712328765,30909.66616438356,73
43085,I62.,6,01.3,6,6231.835702479339,4379.825950413223,4576.968925619834,23486.57652892562,121
43086,I62.,6,01.3,8,6239.856301369863,5766.753242009132,6302.851369863013,28662.30762557078,219
43087,I62.,6,01.3,9,5524.617829457364,5556.115968992248,6259.766821705427,26881.07527131783,129
43170,I63.,1,,6,643.7591304347826,2150.3765217391306,5957.487826086956,14353.316956521738,23
43171,I63.,1,,8,420.5285714285714,1445.314285714286,4313.987857142857,10433.1075,56
43172,I63.,1,,9,377.48621212121213,1855.3439393939393,4641.679242424243,12814.399393939393,66
43194,I63.,2,,5,335.4193548387097,2008.7393548387097,3189.8029032258064,7492.592903225806,31
43195,I63.,2,,6,406.3922077922078,2172.994025974026,3705.6189610389606,8942.074025974025,77
43196,I63.,2,,8,367.70619791666667,2313.399427083333,3741.13125,8885.088697916666,192
43197,I63.,2,,9,378.31071428571425,2358.903630952381,3787.470238095238,9202.247797619048,168
43252,I63.,3,,5,368.1986524822695,3596.8907801418436,4144.138439716312,11271.268226950355,141
43253,I63.,3,,6,482.8845491803279,3222.2959836065575,3998.553360655738,10815.295737704919,244
43254,I63.,3,,8,400.28285204991084,3244.890249554367,3884.5673618538326,10863.722709447416,561
43255,I63.,3,,9,406.8444864864865,3595.476666666667,4718.620792792793,12743.856576576578,555
43293,I63.,3,38.9,9,1335.5381818181818,9579.040909090909,9243.621818181819,30383.50590909091,22
43345,I63.,3,88.4,8,3114.9640625,3859.2375,4201.226875,15445.859375,32
43412,I63.,3,99.9,8,504.04999999999995,5722.114761904762,6634.325238095237,18934.831904761904,21
43413,I63.,3,99.9,9,345.9866666666667,5855.697499999999,6057.1033333333335,20027.727916666667,24
43415,I63.,4,,5,398.36966666666666,4755.554666666667,4392.818333333333,13492.717666666666,30
43416,I63.,4,,6,450.9726785714286,4652.5199999999995,4412.474642857143,15516.102857142858,56
43417,I63.,4,,8,436.0378260869565,4930.272782608696,4734.505739130435,14713.54243478261,115
43418,I63.,4,,9,529.3472413793104,4617.128390804597,4981.857241379311,17172.061264367818,87
43459,I63.,4,88.4,5,2686.157352941176,4271.467647058824,5798.355588235294,17829.89176470588,34
43460,I63.,4,88.4,6,5139.941142857143,3983.24,5056.714857142857,20133.418857142857,35
43461,I63.,4,88.4,8,3903.3718367346937,4884.114285714286,5472.324285714286,19359.90306122449,49
43495,I63.,5,,4,385.51254901960783,3565.4238235294115,3154.8779411764704,10060.014019607843,102
43496,I63.,5,,5,357.53066666666666,3506.5663999999997,3538.3094933333336,10555.375386666667,375
43497,I63.,5,,6,368.076112084063,3792.602014010508,3964.188091068301,11618.916690017513,571
43498,I63.,5,,8,385.2163089005236,3732.6002792321115,3912.5669022687607,11588.563996509598,1146
43499,I63.,5,,9,400.8817765363128,3825.788770949721,4222.908201117319,12504.774212290502,895
43501,I63.,5,00.6,5,48108.51571428571,7241.518095238095,9594.50380952381,83341.86571428571,21
43502,I63.,5,00.6,6,48039.24608695652,5115.142173913044,7467.167826086956,75842.64434782609,23
43503,I63.,5,00.6,8,50829.94,6272.173000000001,7525.88425,81455.36475,40
43531,I63.,5,17.9,8,2808.4586046511627,4614.516279069768,4247.126046511628,14885.577674418604,43
43532,I63.,5,17.9,9,2646.980666666667,4170.283333333334,4114.791333333334,14527.292,30
43566,I63.,5,38.9,8,1411.1830434782607,7284.504347826087,8201.983043478262,27288.817826086957,23
43567,I63.,5,38.9,9,955.4010714285714,4712.684285714286,6438.141785714286,22226.290714285715,28
43571,I63.,5,39.7,5,55341.11375,8192.241666666667,10714.750416666668,98022.15666666666,24
43572,I63.,5,39.7,6,52686.82810810811,8671.57972972973,9166.916756756757,99712.44,37
43573,I63.,5,39.7,8,54531.455714285716,9721.8775,10855.338749999999,98114.94214285714,56
43574,I63.,5,39.7,9,57718.15833333333,8198.506666666666,9734.437222222223,98905.60138888888,36
43610,I63.,5,57.9,8,520.1027272727273,4834.105151515151,5763.078181818181,16046.806363636364,33
43611,I63.,5,57.9,9,411.4098245614035,5797.8099999999995,5303.315438596491,16442.87192982456,57
43642,I63.,5,87.0,6,306.3071428571429,4483.542,3834.9022857142854,10941.553142857143,35
43643,I63.,5,87.0,8,316.8022222222222,4620.69925925926,3417.278888888889,10893.613333333333,54
43644,I63.,5,87.0,9,322.8180555555556,4691.913888888888,3479.2875000000004,11180.043333333333,36
43650,I63.,5,88.4,4,1459.5648387096776,3680.9740322580647,3917.644516129032,14948.393064516129,62
43651,I63.,5,88.4,5,2313.7156226415095,3623.2249056603773,4394.145283018868,16086.190603773584,265
43652,I63.,5,88.4,6,2682.6995454545454,3500.915727272727,4261.080151515152,16314.522636363636,330
43653,I63.,5,88.4,8,3660.1297704081635,3909.4784693877555,4568.105943877551,18809.785357142857,392
43654,I63.,5,88.4,9,3065.045913978495,4108.084301075269,4196.586021505376,17916.363978494624,93
43676,I63.,5,89.5,8,464.2169565217391,4335.080434782609,3710.0221739130434,11525.924347826087,23
43692,I63.,5,93.3,6,527.2908108108107,4322.318378378378,4579.695405405406,14809.665675675677,37
43693,I63.,5,93.3,8,575.0060714285714,4275.550714285714,5430.3862500000005,17956.83142857143,56
43694,I63.,5,93.3,9,1338.3438775510203,4792.485918367347,4971.25,18869.400204081634,49
43706,I63.,5,93.9,8,383.852,4459.9947999999995,3247.5788000000002,10730.7416,25
43707,I63.,5,93.9,9,539.840625,5291.3896875,4071.10625,15437.7725,32
43712,I63.,5,96.0,8,810.3588235294118,5597.711764705882,6110.626862745099,19153.00843137255,51
43713,I63.,5,96.0,9,1145.0591489361702,7682.188723404255,9597.34659574468,30256.215957446806,47
43723,I63.,5,96.7,6,3019.391612903226,9740.481935483871,9609.046451612903,32292.22258064516,31
43724,I63.,5,96.7,8,3218.7125490196076,7825.828823529412,9071.273333333333,28354.562352941175,51
43725,I63.,5,96.7,9,2278.6083050847456,9123.7993220339,9475.653050847459,30153.338983050846,59
43734,I63.,5,99.1,5,848.4874074074074,4993.362777777778,7657.915555555555,18088.682777777776,54
43735,I63.,5,99.1,6,1807.8790196078432,5284.264411764706,7504.041764705882,19320.447745098038,102
43736,I63.,5,99.1,8,1689.3597452229299,5412.9408280254775,7628.270891719745,19722.889426751593,157
43737,I63.,5,99.1,9,1712.332131147541,5326.829098360656,7879.464098360656,20330.053114754097,122
43746,I63.,5,99.9,5,890.9376744186046,4575.121162790698,5562.525813953489,20353.033488372093,43
43747,I63.,5,99.9,6,1484.9061224489794,3667.2897959183674,4003.299387755102,15730.132448979592,49
43748,I63.,5,99.9,8,627.8397196261683,4613.895327102804,4958.996542056075,17437.083644859813,107
43749,I63.,5,99.9,9,651.6940298507462,4733.828358208955,5485.518208955224,19556.93,67
43752,I63.,6,,3,399.22148936170214,6142.924893617021,4510.566170212765,13877.827446808511,47
43753,I63.,6,,4,426.8056652360515,5508.2103433476395,4144.579871244635,13944.964978540773,233
43754,I63.,6,,5,398.8851134215501,5420.657533081286,4122.407514177694,13514.473279773158,1058
43755,I63.,6,,6,391.8720871398454,5592.219859451862,4306.75566408995,13901.168896697118,1423
43756,I63.,6,,8,436.7654495912806,5566.644795640327,4460.23571817828,14296.827878551965,2569
43757,I63.,6,,9,504.60714,5879.75151,4919.070155,15958.68275,2000
43761,I63.,6,00.6,5,47902.501951219514,7985.276341463415,8179.051300813008,90687.57544715446,123
43762,I63.,6,00.6,6,48574.60239130435,8677.221376811594,8195.637753623188,87089.81586956521,138
43763,I63.,6,00.6,8,48403.88938356165,9176.747534246575,9615.779589041096,89253.24760273974,146
43764,I63.,6,00.6,9,44495.64058823529,9738.346862745098,7544.056862745098,81009.18176470588,51
43792,I63.,6,03.3,5,521.6091176470588,7780.655294117648,4386.860588235294,16305.536176470589,34
43793,I63.,6,03.3,6,445.85823529411766,6788.857647058823,4046.895882352941,15003.216764705881,34
43794,I63.,6,03.3,8,524.6291304347826,7611.874130434783,5332.264130434783,18302.525652173914,46
43816,I63.,6,17.9,5,503.8586274509804,4796.150980392157,6792.539803921569,17048.56705882353,51
43817,I63.,6,17.9,6,533.3186956521739,4984.511594202899,5338.398695652174,14980.746376811594,69
43818,I63.,6,17.9,8,475.9501785714286,5272.615357142858,6884.333214285713,17468.925625,112
43819,I63.,6,17.9,9,831.414411764706,5672.242450980392,6753.497352941176,18692.27549019608,102
43874,I63.,6,38.9,6,1733.6227272727272,11091.652727272727,11316.165454545455,36761.58318181818,22
43875,I63.,6,38.9,8,1551.2915094339621,12162.676981132076,9859.107358490566,32401.73,53
43876,I63.,6,38.9,9,2384.571081081081,10478.45554054054,10135.734324324323,37043.27,74
43887,I63.,6,39.7,4,63045.4575,8862.1009375,9799.6125,98557.265,32
43888,I63.,6,39.7,5,60717.06,9331.497777777777,9890.14488888889,97807.16051851852,135
43889,I63.,6,39.7,6,65671.61959183673,10671.511700680272,12053.89850340136,109061.11102040816,147
43890,I63.,6,39.7,8,59494.05147058824,10139.39257352941,11662.778382352943,102186.11577205882,272
43891,I63.,6,39.7,9,62715.396884422116,11375.547537688442,11604.646231155779,106795.6727638191,199
43914,I63.,6,44.1,5,568.5791304347825,5239.052173913044,2333.7926086956522,10661.272173913045,23
43915,I63.,6,44.1,6,592.4921212121211,6419.009999999999,4890.577272727273,15899.486060606061,33
43916,I63.,6,44.1,8,329.8695238095238,5684.789523809524,3262.372619047619,11957.083095238095,42
43955,I63.,6,57.9,6,470.54785714285714,6609.292142857143,6164.88,21482.518214285716,28
43956,I63.,6,57.9,8,738.444,7930.588999999999,5563.717000000001,22209.815333333332,60
43957,I63.,6,57.9,9,641.4151315789474,7576.349078947369,6624.545657894737,22018.359210526316,76
43999,I63.,6,87.0,5,276.9976923076923,4042.225641025641,3853.693846153846,10707.01205128205,39
44000,I63.,6,87.0,6,365.05723404255315,4531.28085106383,4340.537659574468,12949.794680851064,47
44001,I63.,6,87.0,8,292.78744680851065,4818.909574468085,4014.1478723404257,12384.11914893617,47
44002,I63.,6,87.0,9,386.1460714285714,4363.378571428571,3973.4567857142856,11553.797857142858,28
44013,I63.,6,88.4,3,1649.21796875,6248.23078125,4517.88453125,18671.25984375,64
44014,I63.,6,88.4,4,2879.7825,5234.867499999999,4767.283989361702,19638.274521276595,188
44015,I63.,6,88.4,5,2408.7876296296295,5026.218098765432,4753.927888888888,18420.064691358024,810
44016,I63.,6,88.4,6,2667.012514484357,5148.605225955967,4864.245225955968,19486.340938586327,863
44017,I63.,6,88.4,8,2299.356640625,5381.37630859375,4853.699189453125,19436.56072265625,1024
44018,I63.,6,88.4,9,4562.789964412811,5751.638647686833,5471.207259786477,23526.293914590748,281
44034,I63.,6,88.9,5,494.92068965517245,4669.631034482758,3230.4058620689657,10930.368620689655,29
44035,I63.,6,88.9,6,444.11080000000004,5751.616,4075.3804,13609.5724,25
44036,I63.,6,88.9,8,409.9770833333334,5376.820833333333,4550.321875000001,14010.848124999999,48
44037,I63.,6,88.9,9,409.49666666666667,5674.962500000001,4600.144166666667,18106.804166666665,24
44049,I63.,6,89.5,5,765.8430303030303,5511.724242424242,4015.9321212121213,14426.516363636363,33
44050,I63.,6,89.5,6,485.6184090909091,5663.565909090909,5543.891363636364,17774.14159090909,44
44051,I63.,6,89.5,8,652.2331578947369,5151.448684210526,4321.324736842105,15201.408684210526,76
44052,I63.,6,89.5,9,657.8565277777777,5288.022222222222,4289.301805555555,14340.730277777777,72
44079,I63.,6,93.3,5,428.73752808988763,5775.290337078652,6266.3821348314605,19738.82595505618,89
44080,I63.,6,93.3,6,417.5611570247934,5418.532396694215,5229.10388429752,18114.555289256197,121
44081,I63.,6,93.3,8,548.3983417085427,5969.814321608041,6092.805477386935,19574.98879396985,199
44082,I63.,6,93.3,9,456.8578488372093,5711.635465116279,5989.66261627907,19637.228488372093,172
44100,I63.,6,93.9,5,397.02641025641026,6445.209230769231,4175.686153846154,15764.075384615386,39
44101,I63.,6,93.9,6,529.1694230769231,7500.068269230769,5664.100576923077,20111.938653846155,52
44102,I63.,6,93.9,8,605.9068807339451,7391.175321100917,4743.878256880734,17410.350550458716,109
44103,I63.,6,93.9,9,534.816513761468,7242.1216513761465,5457.020275229357,18299.738348623854,109
44121,I63.,6,96.0,6,1289.236153846154,9186.142307692307,8649.839615384615,27546.720769230767,26
44122,I63.,6,96.0,8,1927.0849315068494,9369.839726027398,11256.749726027398,31959.570410958906,73
44123,I63.,6,96.0,9,1286.2732098765432,9142.544444444444,9018.38814814815,29928.935185185186,81
44138,I63.,6,96.7,5,3216.97375,16163.598500000002,11468.191499999999,45932.62725,40
44139,I63.,6,96.7,6,4105.727755102041,12959.048367346939,12223.703469387754,43737.373877551014,49
44140,I63.,6,96.7,8,3997.438108108108,12952.273783783783,12944.90364864865,44378.03783783784,74
44141,I63.,6,96.7,9,3942.749529411765,13267.294588235294,12044.418588235294,42839.78552941176,85
44159,I63.,6,99.1,4,1913.7739393939394,5390.89696969697,7792.551515151516,18687.59333333333,33
44160,I63.,6,99.1,5,1263.842676056338,5752.891126760564,8432.193521126761,20982.97338028169,142
44161,I63.,6,99.1,6,853.6536945812809,6039.1186206896555,8104.978522167487,20310.38147783251,203
44162,I63.,6,99.1,8,1409.1455048859934,6536.4848859934855,8476.746351791531,22702.078729641693,307
44163,I63.,6,99.1,9,850.3346931407942,6881.904801444043,8696.92368231047,22373.712671480145,277
44176,I63.,6,99.9,4,634.5003846153845,7054.219230769231,7581.988846153846,24856.809999999998,26
44177,I63.,6,99.9,5,451.3480952380952,5126.3075,5798.679642857143,18542.480476190478,84
44178,I63.,6,99.9,6,388.08755395683454,5422.5959712230215,5722.84071942446,18293.999496402877,139
44179,I63.,6,99.9,8,427.05899999999997,5874.192190476191,6286.891523809523,21414.09819047619,210
44180,I63.,6,99.9,9,404.89893805309737,5691.694867256638,5913.92907079646,18875.571017699112,226
44279,I65.,5,00.6,6,40386.60928571429,4066.535,3249.308928571428,63358.42928571429,28
44280,I65.,5,00.6,8,40511.38475,4382.23275,3751.4057500000004,66903.03075,40
44294,I65.,5,88.4,5,2686.21875,3124.4121875,1722.4059375,11470.4421875,32
44295,I65.,5,88.4,6,4667.188571428571,3407.0147619047616,2079.5007142857144,14537.26761904762,42
44296,I65.,5,88.4,8,4535.905789473684,3554.848157894737,1943.2615789473684,14427.064736842105,38
44308,I65.,6,,5,397.3160465116279,5502.407209302326,1711.2881395348836,9087.499767441861,43
44309,I65.,6,,6,267.8746875,5826.206875,1857.591875,9247.99328125,64
44310,I65.,6,,8,313.88076923076926,5842.978846153846,2450.685769230769,10509.227692307692,78
44311,I65.,6,,9,321.7097222222222,6029.033888888889,2079.23,10210.001388888888,36
44313,I65.,6,00.6,5,39345.69448275863,5353.375862068965,4331.926206896552,64861.23775862069,58
44314,I65.,6,00.6,6,40708.01652892562,5890.367851239669,4025.8362809917357,67135.22181818182,121
44315,I65.,6,00.6,8,40333.21126436781,6228.42591954023,3859.9648850574713,65827.94333333334,174
44316,I65.,6,00.6,9,44195.15463414634,8313.104146341464,7173.345853658537,76241.14975609757,41
44336,I65.,6,38.1,6,8942.018148148149,11317.726666666667,8409.882962962964,45037.26962962963,27
44337,I65.,6,38.1,8,7734.984,11059.073599999998,7692.2844000000005,38529.858,25
44370,I65.,6,88.4,4,2385.4583333333335,3775.6853333333333,1863.882,11969.888666666666,30
44371,I65.,6,88.4,5,2189.0123622047245,3808.3746456692916,1703.9838582677166,11678.965433070867,127
44372,I65.,6,88.4,6,3880.084294871795,4182.63641025641,2067.8896794871794,14593.653076923076,156
44373,I65.,6,88.4,8,2245.5040425531915,4496.210283687943,2240.9412765957445,13916.259361702128,141
44374,I65.,6,88.4,9,3175.769411764706,4618.448823529412,2776.5126470588234,16191.555294117647,34
44454,I66.,6,,8,487.99121212121213,4996.612727272727,2776.2406060606063,10730.892424242425,33
44455,I66.,6,,9,610.52,5391.247916666666,4608.62875,17060.084166666667,24
44484,I66.,6,88.4,4,1286.1541666666667,4723.935,2085.877916666667,12388.627083333333,24
44485,I66.,6,88.4,5,1453.7949206349206,3788.09746031746,1364.6622222222222,10581.190793650794,63
44486,I66.,6,88.4,6,2375.54306122449,4433.207142857143,2143.114081632653,13106.455510204081,49
44487,I66.,6,88.4,8,4069.823606557377,4428.534262295082,2686.240655737705,16573.38508196721,61
44532,I67.,2,,6,431.7161538461538,2496.873076923077,4337.075,9773.271538461539,26
44533,I67.,2,,8,391.6212244897959,2274.9061224489797,4340.625510204081,9408.248775510205,49
44534,I67.,2,,9,389.8918181818182,2008.1863636363635,3757.1022727272725,8082.371363636365,22
44545,I67.,3,,5,264.755,2372.139090909091,2089.5634090909093,5852.690681818182,44
44546,I67.,3,,6,259.14023255813953,2371.960465116279,2433.9662790697676,6291.675116279069,43
44547,I67.,3,,8,304.53140625,2573.944375,2884.30484375,7463.3059375,64
44548,I67.,3,,9,291.1582352941176,2734.5117647058823,3749.569411764706,9308.476176470589,34
44605,I67.,4,,8,276.9265384615385,3401.8076923076924,2231.738076923077,7827.131538461538,26
44606,I67.,4,,9,283.92782608695654,3522.5652173913045,1626.5986956521738,9700.300434782608,23
44659,I67.,5,,4,295.91190476190474,2047.2171428571428,1535.5680952380953,9387.53761904762,21
44660,I67.,5,,5,321.15546391752576,2580.7634020618557,1575.9592783505154,6725.806907216495,97
44661,I67.,5,,6,319.8336231884058,2998.649275362319,1903.5559420289853,6638.257391304348,69
44662,I67.,5,,8,292.18119047619047,2952.370634920635,2071.332142857143,7194.8835714285715,126
44663,I67.,5,,9,325.3742105263158,3067.3064210526313,2661.38,8664.247578947368,95
44686,I67.,5,39.7,6,98852.26652173912,4406.783913043479,4682.588260869566,122885.27086956521,23
44727,I67.,5,88.4,5,1525.363918918919,2343.0332432432433,1707.5083783783782,9437.511486486486,74
44728,I67.,5,88.4,6,1436.1782926829267,2578.5680487804875,1958.068292682927,10039.623170731707,41
44729,I67.,5,88.4,8,10674.473770491804,3065.2916393442624,3151.1219672131147,22899.172786885247,61
44753,I67.,6,,4,477.710625,4279.6609375,2012.57625,8548.95640625,64
44754,I67.,6,,5,388.8119576719577,4420.152910052911,1777.0450793650796,8079.080952380953,189
44755,I67.,6,,6,382.06642857142856,4253.8419523809525,1949.4494285714286,8267.202714285715,210
44756,I67.,6,,8,348.3052681388013,4533.6505047318615,2107.561072555205,8862.281955835962,317
44757,I67.,6,,9,863.0306547619049,4150.308095238095,2555.4245833333334,10206.578452380953,168
44821,I67.,6,39.5,5,30156.856545454542,10621.88490909091,14522.672363636364,84511.47872727273,55
44822,I67.,6,39.5,6,30677.598918918917,12811.09054054054,15540.234324324325,88776.68108108109,37
44829,I67.,6,39.7,4,89433.8085897436,5979.950512820513,5048.889487179487,153981.49435897436,78
44830,I67.,6,39.7,5,87139.45165876778,5519.82047393365,4693.403412322275,140204.64232227489,211
44831,I67.,6,39.7,6,93113.58893491124,6653.31023668639,5240.817573964498,141929.5199408284,169
44832,I67.,6,39.7,8,84757.45633802818,6349.112253521126,4836.595070422535,136498.19901408453,71
44894,I67.,6,88.4,3,4524.2625,3495.39125,1120.2615625,13132.7934375,32
44895,I67.,6,88.4,4,2833.4506593406595,3251.907912087912,1061.1591208791208,10598.392417582418,91
44896,I67.,6,88.4,5,3503.8156989247314,3309.631827956989,1595.2374910394265,12560.325304659498,279
44897,I67.,6,88.4,6,2961.3559090909093,3656.959863636364,1641.3071818181818,12459.513136363637,220
44898,I67.,6,88.4,8,3616.3653623188407,4169.562826086957,2098.477608695652,14351.855289855073,138
44899,I67.,6,88.4,9,4585.3713333333335,4576.309666666667,2562.588666666667,16732.519333333334,30
44985,I67.,6,99.9,8,270.27833333333336,4670.44625,3046.2208333333333,11586.515833333333,24
44986,I67.,6,99.9,9,273.19173913043477,5537.6178260869565,3595.453913043478,14299.967391304348,23
45021,I69.,3,,5,617.7395238095238,2055.904761904762,3153.552857142857,14330.901428571427,21
45023,I69.,3,,8,708.5530434782609,4298.046739130435,4620.166086956522,17767.479130434782,46
45024,I69.,3,,9,692.6542857142857,2444.5723809523806,5508.473809523809,18603.397619047617,42
45058,I69.,4,,5,1588.1632142857143,4631.75,9593.813571428573,59209.23071428571,28
45059,I69.,4,,6,1993.74,4164.549259259259,16980.206296296295,66077.06962962964,27
45060,I69.,4,,8,2254.156461538462,5600.738461538462,15073.756615384616,62378.70707692308,65
45061,I69.,4,,9,1282.863734939759,4208.9277108433735,9760.23048192771,37582.959759036145,83
45097,I69.,5,,5,633.2263636363637,3789.0333333333333,3331.1345454545453,17057.981515151514,33
45098,I69.,5,,6,707.4376,2241.358,2902.07,11929.261199999999,25
45099,I69.,5,,8,355.46714285714285,4768.442857142857,3648.768,16187.364285714286,35
45100,I69.,5,,9,602.9796551724138,2849.470689655172,6099.197586206897,18382.24931034483,29
45160,I69.,6,,5,546.0708888888888,4694.257777777778,4229.378222222222,21902.321555555554,45
45161,I69.,6,,6,846.1430107526882,5174.300645161291,6357.150322580645,24300.49440860215,93
45162,I69.,6,,8,555.6384466019417,4742.978932038835,4307.246504854369,19936.408349514564,103
45163,I69.,6,,9,684.5509659090909,5311.1475,5110.814261363636,24155.34653409091,176
45229,I69.,6,88.4,5,1214.2304166666665,3550.757916666667,2099.6854166666667,11715.922083333333,24
45252,I69.,6,93.3,5,533.9065217391304,2961.1304347826085,5676.900869565217,22509.42043478261,23
45281,I69.,6,99.9,8,544.4118181818181,4277.7515151515145,6200.483939393939,25356.37272727273,33
45282,I69.,6,99.9,9,484.4236111111111,4873.5,5740.052222222223,23299.55638888889,36
45382,I70.,6,,5,357.46,5142.229285714286,1856.110714285714,9297.519761904763,42
45383,I70.,6,,6,982.5996428571428,5249.534821428571,2609.28375,10843.405714285715,56
45384,I70.,6,,8,359.2938738738739,5375.327927927928,3024.0786486486486,11132.986486486487,111
45385,I70.,6,,9,393.8640163934426,5642.573360655737,2864.7976229508195,11520.345573770492,122
45421,I70.,6,39.5,6,33669.8745,8026.605833333333,6213.701333333333,67303.602,60
45422,I70.,6,39.5,8,38575.048053097344,6714.898407079646,4835.448761061946,66031.1489380531,113
45423,I70.,6,39.5,9,35472.28380165289,6748.341652892562,5048.626363636364,62562.278760330584,121
45429,I70.,6,39.9,5,37662.7415625,5996.4571875,4608.6928125,61594.5990625,32
45430,I70.,6,39.9,6,44283.00214285714,5826.116607142857,4248.042857142857,70002.1725,56
45431,I70.,6,39.9,8,49990.58850574713,7161.836666666667,4965.984367816092,79532.79390804598,87
45432,I70.,6,39.9,9,52979.83313432836,7087.1862686567165,4931.187611940299,81244.22402985074,67
45492,I70.,6,88.4,8,11374.3075,7056.282083333333,3859.535,28491.781666666666,24
45493,I70.,6,88.4,9,8591.856521739131,5919.039130434782,3807.2126086956523,24371.512173913045,23
45555,I71.,5,,8,371.79076923076923,4633.129230769231,2250.4357692307694,9137.715384615385,26
45587,I71.,6,,4,455.402,5931.42,4264.2084,12897.138799999999,25
45588,I71.,6,,5,591.2948529411764,5945.641323529411,3637.971911764706,12458.055588235295,68
45589,I71.,6,,6,482.48256756756757,5689.663108108109,3281.037837837838,11676.134594594594,74
45590,I71.,6,,8,429.15136363636367,5663.451909090909,3064.2733636363637,11495.865636363636,110
45591,I71.,6,,9,402.4269565217391,5229.27115942029,2244.0844927536236,9825.942173913043,69
45620,I71.,6,38.4,5,77770.55422222221,24999.05266666667,28292.358888888888,196819.64533333332,45
45621,I71.,6,38.4,6,81239.72027777779,26716.46638888889,28286.18611111111,211120.57972222223,36
45622,I71.,6,38.4,8,52022.82444444444,27834.915185185182,32067.84037037037,176778.38370370367,27
45644,I71.,6,39.7,4,90774.34355555555,11126.369333333334,8010.387333333333,146440.61133333333,45
45645,I71.,6,39.7,5,88815.04756521739,11205.851913043478,7899.245130434782,148415.18295652172,115
45646,I71.,6,39.7,6,94138.2991919192,11630.885353535352,9085.703333333333,162560.18343434343,99
45647,I71.,6,39.7,8,98680.28771186441,10075.055169491525,5429.957542372881,157872.06059322032,118
45648,I71.,6,39.7,9,92412.3929787234,11440.728085106382,6735.685106382979,164484.81234042553,47
45766,I72.,6,,5,532.4607142857143,4979.178214285714,1834.74,8809.305357142857,28
45807,I72.,6,39.7,4,108006.0295652174,6182.0778260869565,4920.247826086957,132294.0895652174,23
45808,I72.,6,39.7,5,79319.7952631579,6344.002456140352,5971.034210526316,120974.54824561403,57
45809,I72.,6,39.7,6,86015.25200000001,6330.473,6164.784000000001,120471.92224999999,40
45810,I72.,6,39.7,8,82934.14411764705,8006.22794117647,4897.3997058823525,128522.31323529413,34
45837,I72.,6,88.4,4,1303.135925925926,3327.6422222222222,1141.3762962962962,9793.635185185187,27
45838,I72.,6,88.4,5,1526.0472881355934,3185.2906779661016,1328.5698305084745,10143.789999999999,59
45839,I72.,6,88.4,6,8064.66,4795.7699999999995,2313.15,20216.421891891892,37
45840,I72.,6,88.4,8,9098.484666666667,4549.0289999999995,1999.9403333333332,19744.884000000002,30
45973,I74.,6,,6,443.0908695652174,4494.263913043478,3150.459565217391,9862.901739130435,23
45974,I74.,6,,8,422.06682926829274,4551.723170731707,3279.4431707317076,10570.815853658536,41
45975,I74.,6,,9,345.18382352941177,4898.60294117647,2687.3114705882354,10004.652058823529,34
46011,I74.,6,39.5,8,28888.186800000003,8751.7788,8028.808000000001,60993.0476,25
46149,I77.,6,,8,334.4691666666667,5386.236666666667,2225.547916666667,10032.231249999999,24
46191,I77.,6,39.5,5,8776.734545454545,2034.6072727272729,998.1704545454545,19565.222272727275,22
46192,I77.,6,39.5,6,13002.2392,3364.7740000000003,2205.6636,33694.7664,25
46200,I77.,6,39.7,5,20255.676444444445,6508.836888888888,4121.493777777778,47294.17355555556,45
46201,I77.,6,39.7,6,33471.57862745098,7676.547254901961,5180.7076470588245,69702.01117647058,51
46202,I77.,6,39.7,8,42049.99842105263,7562.962368421053,5797.8544736842105,71772.08710526316,38
46207,I77.,6,39.9,8,28289.812962962962,4730.311111111111,2656.711851851852,52556.97666666667,27
46349,I80.,5,38.7,5,22434.48476190476,3165.3319047619048,6473.569047619047,41493.94857142858,21
46351,I80.,5,38.7,8,18596.9496875,3804.3653125,5141.3475,36882.4453125,32
46380,I80.,6,,5,310.055306122449,3605.6673469387756,3244.8906122448984,9276.685510204083,49
46381,I80.,6,,6,546.9220408163266,4059.53918367347,3521.1173469387754,10466.985918367347,49
46382,I80.,6,,8,345.21696202531643,4267.749493670886,3206.4096202531646,9962.081012658227,79
46383,I80.,6,,9,325.4513114754098,3818.4524590163937,2291.2431147540988,8737.866393442622,61
46403,I80.,6,38.7,4,27922.390434782606,4082.786086956522,4648.479130434783,48637.55565217391,23
46404,I80.,6,38.7,5,29448.850253164557,5595.315443037975,6761.430759493671,55121.464050632916,79
46405,I80.,6,38.7,6,30880.140519480516,6204.844285714285,7358.8038961038965,57481.745064935065,77
46406,I80.,6,38.7,8,22608.959215686275,5446.200490196078,6609.084019607843,45118.265686274506,102
46407,I80.,6,38.7,9,23266.48909090909,6601.49509090909,6610.033454545455,48199.734000000004,55
46631,I83.,1,38.5,3,1963.3026315789473,1558.6052631578948,2604.250789473684,17449.158684210528,38
46632,I83.,1,38.5,4,1950.1795327102802,1601.7682242990654,2509.8766355140187,15842.690280373832,107
46633,I83.,1,38.5,5,1904.0610544217686,1640.062925170068,2561.6199319727893,15938.542653061224,294
46634,I83.,1,38.5,6,2005.0606632653062,1714.8267857142857,2593.3675510204084,16900.008928571428,196
46635,I83.,1,38.5,8,1977.078620689655,1784.9758620689656,2584.587844827586,14952.23801724138,116
46658,I83.,2,38.5,5,498.39032258064515,1401.416451612903,1382.1295161290323,6480.268709677419,62
46659,I83.,2,38.5,6,510.9353658536585,1543.6036585365853,1534.9685365853659,6759.529268292683,41
46660,I83.,2,38.5,8,621.0447619047619,1639.4819047619048,1703.9659523809526,7491.395952380953,42
46672,I83.,3,38.5,4,888.34275,1634.98,1209.7555,7251.229249999999,40
46673,I83.,3,38.5,5,851.8478481012658,1752.3548101265822,1030.9068987341773,7324.482341772152,158
46674,I83.,3,38.5,6,904.5628,1822.3192000000001,1222.7369,7884.886600000001,100
46675,I83.,3,38.5,8,751.771923076923,2133.9353846153845,1351.6079487179486,8188.765769230769,78
46688,I83.,4,38.5,5,742.2309677419355,1997.350322580645,1317.1001612903226,9858.841290322582,62
46689,I83.,4,38.5,6,812.8682258064516,2113.414677419355,1391.7648387096774,10629.804677419355,62
46690,I83.,4,38.5,8,837.7219444444445,2020.0083333333334,1077.3125,8929.676944444444,36
46700,I83.,5,38.5,3,748.757391304348,1626.9347826086957,1131.7947826086956,7535.392173913043,23
46701,I83.,5,38.5,4,820.1648076923077,1723.2089423076925,1075.454326923077,7631.067596153846,104
46702,I83.,5,38.5,5,833.9582085561498,1892.591871657754,1171.5394919786097,7950.020668449198,374
46703,I83.,5,38.5,6,733.6248734177215,1995.7788607594937,1202.4195569620254,8285.017563291138,316
46704,I83.,5,38.5,8,924.5272864321607,2147.7279396984923,1249.8946733668342,8872.34608040201,199
46705,I83.,5,38.5,9,859.4933333333333,2516.498181818182,1297.2366666666667,9756.839393939394,33
46738,I83.,6,38.5,3,2789.311612903226,2076.375161290323,1580.5152688172045,12963.790860215055,93
46739,I83.,6,38.5,4,2220.2418289085545,2102.3664896755163,1663.877197640118,12572.600206489675,339
46740,I83.,6,38.5,5,2122.8007802690586,2123.034457399103,1613.6970403587443,12300.197766816143,1115
46741,I83.,6,38.5,6,2083.5210599571733,2264.7119057815844,1658.6799250535332,12551.141006423983,934
46742,I83.,6,38.5,8,2189.7679286926996,2500.9462139219017,1737.0629032258066,13027.881239388795,589
46743,I83.,6,38.5,9,3225.780253164557,3205.014430379747,1844.553670886076,15074.352151898735,79
46766,I83.,6,49.4,4,925.8146153846154,1303.8846153846155,4144.901538461539,12175.493076923078,26
46814,I84.,1,49.4,3,2240.145,628.5346153846153,1246.6926923076924,6779.736923076924,26
46815,I84.,1,49.4,4,1538.931923076923,775.6038461538462,1363.5442307692308,5552.431153846153,26
46816,I84.,1,49.4,5,935.0448387096774,665.2806451612903,1300.8429032258064,4697.290967741935,31
46846,I84.,2,49.4,2,935.3532432432432,928.4621621621621,1406.6181081081081,5470.41945945946,37
46847,I84.,2,49.4,3,1202.9390740740741,1119.375925925926,1363.6694444444443,6226.853148148149,54
46848,I84.,2,49.4,4,1117.5779674796747,1141.2729268292683,1394.5643089430894,6232.868373983741,123
46849,I84.,2,49.4,5,1234.964745762712,1194.5126553672317,1512.6409039548023,6575.559548022599,177
46850,I84.,2,49.4,6,1209.5988524590164,1403.5852459016394,1458.1154098360655,6956.345409836065,61
46851,I84.,2,49.4,8,1376.1975,1422.9725,1298.6115,6858.9805,40
46894,I84.,3,49.4,1,968.9497435897437,904.0423076923078,1041.4833333333333,6170.035384615385,39
46895,I84.,3,49.4,2,1092.209862385321,988.3614678899082,1220.6233944954129,6712.584495412843,218
46896,I84.,3,49.4,3,1141.288879837067,1023.9635030549898,1292.1788391038697,7050.157352342159,491
46897,I84.,3,49.4,4,1201.0686089644514,1047.5644822256568,1323.950170015456,7285.2280216383315,647
46898,I84.,3,49.4,5,1212.797354085603,1128.154682230869,1315.307626459144,7351.805642023347,771
46899,I84.,3,49.4,6,1151.7812711864408,1212.2085593220338,1461.979406779661,7650.861483050848,236
46900,I84.,3,49.4,8,1224.4677477477478,1367.7185585585587,1389.347027027027,7797.873783783783,111
46921,I84.,4,49.4,2,1544.334074074074,1157.934074074074,1277.4957407407408,8326.217962962963,54
46922,I84.,4,49.4,3,1569.3128358208955,1263.931791044776,1397.792686567164,8814.146492537313,134
46923,I84.,4,49.4,4,1636.6586805555555,1403.4967361111112,1307.783263888889,8437.625902777778,144
46924,I84.,4,49.4,5,1540.2334254143645,1481.5797790055249,1300.9600552486188,8566.787624309392,181
46925,I84.,4,49.4,6,1667.351617647059,1607.7442647058824,1328.5779411764706,8876.207794117647,68
46926,I84.,4,49.4,8,1822.2791666666665,1575.9233333333334,1321.5577083333333,8944.501041666666,48
46974,I84.,5,49.3,5,1584.2260869565216,1334.9421739130435,872.1621739130435,7367.2917391304345,23
46978,I84.,5,49.4,1,1303.9107142857142,1160.193392857143,1333.17375,6998.083571428571,56
46979,I84.,5,49.4,2,1391.6569421487602,1222.3987052341597,1216.996914600551,7016.810110192837,363
46980,I84.,5,49.4,3,1571.4855197132615,1326.1248387096773,1306.5805854241337,7601.017311827957,837
46981,I84.,5,49.4,4,1573.2995555555556,1314.3009565217392,1297.025304347826,7444.509420289855,1035
46982,I84.,5,49.4,5,1620.1824005784524,1398.0631019522777,1361.1641142443962,7720.564584237166,1383
46983,I84.,5,49.4,6,1545.0242348008387,1464.6205450733753,1423.9008805031447,7817.974570230608,477
46984,I84.,5,49.4,8,1608.474140969163,1629.991497797357,1531.694140969163,8364.85898678414,227
46985,I84.,5,49.4,9,1674.4888888888888,1982.7163888888888,1394.0508333333335,8722.323888888888,36
47062,I84.,6,48.4,3,2643.049833333333,1108.007,2561.220333333333,11423.963500000002,60
47063,I84.,6,48.4,4,2525.395657894737,1246.4525,2827.371842105263,12066.01052631579,76
47064,I84.,6,48.4,5,2529.3340594059405,1401.1041584158415,2906.3670297029703,12486.774356435642,101
47065,I84.,6,48.4,6,2347.4509375,1869.59375,3465.8615625,13574.8884375,32
47072,I84.,6,48.7,5,2153.090909090909,1704.5681818181818,2340.949090909091,12620.787727272727,22
47089,I84.,6,49.4,1,1293.774393939394,1342.074090909091,1771.4698484848484,7861.955757575758,66
47090,I84.,6,49.4,2,1509.9759999999999,1500.2516866359447,2026.6360368663595,9583.888138248849,1085
47091,I84.,6,49.4,3,1534.9203862660943,1575.3389842632332,2018.2598569384836,9705.317830233666,2097
47092,I84.,6,49.4,4,1545.1233395784543,1650.3085714285714,1999.972857142857,9818.453480093676,2135
47093,I84.,6,49.4,5,1533.5121260470683,1696.831511767052,1987.2919864379735,9804.964962106103,2507
47094,I84.,6,49.4,6,1585.0766666666668,1801.787052631579,1940.4074269005848,9966.766807017542,855
47095,I84.,6,49.4,8,1494.335175,2070.602925,2036.8352,10436.360175,400
47096,I84.,6,49.4,9,1266.480882352941,2386.0499999999997,2308.2564705882355,10838.168970588235,68
47099,I84.,6,49.5,3,1237.9396296296297,1382.9296296296295,1568.8992592592592,10336.423333333332,27
47105,I84.,6,49.7,3,1050.424761904762,1572.642857142857,1176.2490476190476,8348.498095238096,21
47106,I84.,6,49.7,4,1211.2639130434782,1844.8478260869565,1022.101304347826,9261.62,23
47107,I84.,6,49.7,5,1162.5708333333334,2036.5416666666667,1223.4616666666668,9165.956666666667,24
47202,I86.,1,63.1,2,802.7810810810811,251.6918918918919,734.7670270270271,14415.015945945945,37
47203,I86.,1,63.1,3,521.665737704918,156.6754098360656,751.0244262295082,14744.967704918034,61
47284,I86.,5,63.1,1,827.2121621621621,1292.593783783784,975.1978378378378,5916.125945945946,37
47285,I86.,5,63.1,2,810.5080952380952,1271.0703571428571,845.3710714285714,5749.068690476191,84
47347,I86.,6,63.1,1,1365.6043,1347.2158,996.4843,7536.3135,100
47348,I86.,6,63.1,2,1604.65099009901,1430.5030198019801,1116.5867326732673,8272.78405940594,404
47349,I86.,6,63.1,3,1603.1643055555555,1497.3355555555556,1139.0134722222222,8382.50763888889,144
47350,I86.,6,63.1,4,1981.8379310344826,1242.16,1302.9375862068966,8675.516206896551,29
47351,I86.,6,63.1,5,1731.1366666666668,2254.6314814814814,1292.0181481481482,8838.812222222223,27
47415,I87.,6,38.5,5,3643.6403125,1376.3125,1395.129375,13398.4184375,32
47438,I87.,6,39.9,5,27237.305454545454,3637.1163636363635,2983.265,45161.413636363635,22
47439,I87.,6,39.9,6,30800.225238095238,3303.9080952380955,2572.392380952381,45518.39761904762,21
47504,I88.,6,,0,299.3691304347826,1506.5086956521739,797.1886956521739,3441.101304347826,23
47720,I97.,5,39.5,5,5672.992702702703,1882.9045945945945,738.1102702702702,13253.169729729729,37
47759,I97.,6,39.5,3,7411.889999999999,3084.561142857143,1233.0694285714285,19449.37685714286,35
47760,I97.,6,39.5,4,5791.117659574468,1564.6420212765959,537.7626595744681,14485.64244680851,94
47761,I97.,6,39.5,5,5831.51917948718,1937.4706153846155,605.353076923077,14158.241692307693,195
47762,I97.,6,39.5,6,6433.108145695364,2215.140728476821,665.2325827814569,15174.249735099338,151
47763,I97.,6,39.5,8,7110.261438848921,2368.689496402878,825.8589928057554,15415.617553956834,139
47764,I97.,6,39.5,9,8645.637368421054,2559.764210526316,626.6594736842105,17991.68157894737,38
47851,J02.,3,,0,256.52958333333333,596.0583333333333,571.4608333333333,2331.83625,24
47894,J03.,1,,0,392.3878571428572,1131.5035714285714,1037.6853571428571,6154.6392857142855,28
47899,J03.,2,,0,337.52625,613.1589285714286,1321.0210714285713,2757.254464285714,56
47906,J03.,3,,0,252.3530501930502,555.2763706563707,791.083667953668,2380.251776061776,259
47927,J03.,4,,0,320.5618518518518,735.2296296296297,461.907037037037,2520.954074074074,27
47936,J03.,5,,0,325.6896907216495,659.9061855670103,638.9036082474227,2392.6936597938143,194
47958,J03.,5,99.2,0,254.0097142857143,446.74285714285713,680.8985714285715,2250.0854285714286,35
47961,J03.,6,,0,275.64497326203207,1100.5044652406416,712.8183957219252,3125.415989304813,374
47962,J03.,6,,1,277.285,1413.1863636363635,1037.2440909090908,3733.697272727273,22
47971,J03.,6,17.9,0,302.83088050314467,636.2377358490567,701.462641509434,2482.3027044025157,159
48022,J03.,6,93.3,0,267.4228,821.4839999999999,807.9824000000001,2850.1412,25
48026,J03.,6,93.9,0,324.0434615384615,1269.3088461538462,1070.001923076923,4036.692692307692,26
48031,J03.,6,99.2,0,278.2948684210526,1273.1486842105264,661.2542105263158,3187.7015789473685,76
48044,J04.,3,,0,269.47033898305085,534.022033898305,1069.4547457627118,2942.582711864407,59
48052,J04.,5,,0,278.2548717948718,680.1028205128205,723.9292307692308,2930.041282051282,39
48061,J04.,6,,0,305.4529166666667,1235.7427777777777,1031.4893055555556,4055.9705555555556,72
48162,J06.,3,,0,241.7618918918919,528.8459459459459,853.4697297297298,2341.675135135135,37
48179,J06.,5,,0,369.1309523809524,853.9857142857143,405.2309523809524,2118.4680952380954,21
48214,J06.,6,,0,276.77144927536233,977.8133333333333,694.1915217391304,2901.7540579710144,138
48224,J06.,6,17.9,0,299.7364285714285,694.6928571428572,520.9607142857143,2304.515,28
48316,J12.,6,,0,313.7175,1768.9528846153846,1356.2357692307692,5292.46375,104
48341,J12.,6,93.9,0,411.67894736842106,1573.9087719298245,1446.478596491228,5663.864561403509,57
48346,J12.,6,99.2,0,427.9595081967213,2287.2754098360656,842.1329508196721,6196.453114754098,61
48351,J13.,3,,0,308.7003225806452,706.2451612903226,1316.9970967741936,4817.0525806451615,31
48359,J13.,5,,0,246.64392857142857,863.4928571428571,649.2875,3052.0417857142857,28
48368,J13.,6,,0,333.62112426035503,1624.344378698225,1299.9230177514792,5302.413786982249,169
48399,J13.,6,93.3,0,312.1554545454546,1619.159318181818,1923.325,6908.751136363636,44
48401,J13.,6,93.9,0,418.8936842105263,2481.444736842105,1763.8033333333333,8015.221754385965,57
48409,J13.,6,99.2,0,419.5408333333333,1615.3416666666665,1637.7708333333333,6302.297916666666,24
48412,J14.,3,,0,319.33625,697.8604166666668,873.0208333333334,3255.9327083333333,48
48421,J14.,5,,0,239.97809523809525,787.257142857143,730.2376190476191,3248.5152380952386,42
48435,J14.,6,,0,327.31121019108286,1464.1937154989384,1250.2683014861996,5015.416560509555,471
48455,J14.,6,33.2,0,827.3754166666666,4120.6125,2645.1629166666667,13581.770416666666,24
48485,J14.,6,93.3,0,311.1257594936709,1666.9244303797468,1814.5013924050631,6820.916898734178,158
48486,J14.,6,93.9,0,461.75403061224495,2547.839948979592,1872.295918367347,7956.9800000000005,196
48502,J14.,6,99.2,0,421.4409195402299,1672.7402298850575,1495.9555172413793,6126.721264367816,87
48515,J15.,1,,9,309.1723076923077,1468.676923076923,3095.0835897435895,13559.774615384615,39
48532,J15.,2,,0,337.76125,709.7410714285714,1330.4117857142858,3532.3230357142857,56
48537,J15.,2,,6,295.8895652173913,2847.886956521739,3613.0,9058.002608695651,23
48538,J15.,2,,8,339.69870967741934,2990.722580645161,3908.9051612903227,9990.116774193548,31
48539,J15.,2,,9,306.7769230769231,3084.874358974359,3621.83358974359,10385.583846153846,39
48574,J15.,3,,0,314.83578181818183,668.6036363636364,1307.533818181818,4086.977818181818,275
48575,J15.,3,,1,272.14375,965.340625,1326.9884375,3489.893125,32
48576,J15.,3,,2,309.9813043478261,1503.2565217391304,1449.4817391304348,4222.263913043478,23
48578,J15.,3,,4,315.5839473684211,1935.7657894736844,2286.9497368421053,6289.258684210527,38
48579,J15.,3,,5,339.218947368421,2281.7185263157894,2489.8352631578946,6808.394736842105,95
48580,J15.,3,,6,327.57757575757574,2407.3804040404043,2696.3557575757577,7151.314545454546,99
48581,J15.,3,,8,383.4170503597122,2927.003165467626,3316.4756834532373,9852.15856115108,139
48582,J15.,3,,9,420.1969642857143,3565.272738095238,4529.025416666666,11719.287083333333,168
48596,J15.,3,33.2,5,362.3235483870968,3327.754838709677,2484.485161290323,8254.225161290324,31
48597,J15.,3,33.2,6,425.6543333333333,2829.8653333333336,2384.25,7937.6106666666665,30
48598,J15.,3,33.2,8,495.32,3471.5965384615383,3197.455,10170.05076923077,26
48668,J15.,3,93.3,0,231.4864,392.19599999999997,523.2080000000001,2167.6463999999996,25
48671,J15.,3,93.9,0,260.01436363636367,399.32363636363635,630.0265454545454,2533.7545454545457,110
48696,J15.,3,96.7,9,2242.6616666666664,14458.314583333333,20430.5025,53725.535,24
48709,J15.,4,,0,252.4595,672.35,740.183,3010.725,40
48715,J15.,4,,6,367.6573333333333,3677.5899999999997,3785.4593333333332,11189.345333333333,30
48716,J15.,4,,8,599.153125,5378.0625,5085.593125,16154.31,64
48717,J15.,4,,9,518.495,5435.302465753425,4125.7700684931515,16607.42589041096,146
48734,J15.,4,33.2,9,743.8337500000001,7512.295833333334,4900.667083333334,22892.06625,24
48762,J15.,4,57.9,9,738.6491836734693,8195.916326530612,5262.565714285714,24207.167959183673,49
48780,J15.,4,93.9,9,1731.6365217391303,11969.391304347826,10465.410434782609,39199.41260869565,23
48785,J15.,4,96.3,9,751.8380434782609,7909.902173913043,5478.725434782608,24123.86130434783,46
48794,J15.,4,97.0,9,754.63625,6494.7625,4045.6087500000003,21180.30125,40
48806,J15.,5,,0,272.82326968973746,982.6140811455847,1076.9437470167065,3926.8630071599046,419
48809,J15.,5,,3,363.5204166666667,2337.3020833333335,1905.0329166666668,5687.677708333333,48
48810,J15.,5,,4,355.2301960784314,2533.6725490196077,2267.2029411764706,6652.296862745098,51
48811,J15.,5,,5,343.8140909090909,2857.146753246753,2422.774935064935,7323.966168831169,154
48812,J15.,5,,6,390.6125146198831,3131.2660818713452,2703.881637426901,8198.254912280703,171
48813,J15.,5,,8,414.43900398406373,3646.1434262948205,3069.0466135458164,9596.676294820718,251
48814,J15.,5,,9,459.5858333333333,3972.2816319444446,3723.521180555556,11643.97579861111,288
48853,J15.,5,33.2,3,507.2133333333333,2990.413333333333,1776.0983333333331,7450.452,30
48854,J15.,5,33.2,4,441.296,3069.0096666666664,2138.1521666666667,7848.543833333333,60
48855,J15.,5,33.2,5,524.424347826087,3382.358136645963,2241.7567080745343,8576.751304347827,161
48856,J15.,5,33.2,6,606.5798230088496,3634.744690265487,2167.968938053097,8692.873805309735,113
48857,J15.,5,33.2,8,539.0515789473684,4369.9338947368415,2765.5467368421055,10671.32810526316,95
48858,J15.,5,33.2,9,617.1118181818182,3757.2113636363633,2787.978181818182,10221.862727272726,22
48867,J15.,5,34.0,6,459.8865217391304,3453.6069565217394,2879.897391304348,9743.502173913042,23
48868,J15.,5,34.0,8,657.1388461538462,5665.996153846154,5198.348846153846,16468.42576923077,26
48869,J15.,5,34.0,9,763.8007692307692,4886.325769230769,4194.138846153846,15728.130769230771,26
48927,J15.,5,57.9,9,465.1666666666667,5955.457575757576,4372.938787878788,16948.436363636363,33
48966,J15.,5,93.9,0,272.9183088235294,600.5,872.4833088235293,3512.320588235294,136
48971,J15.,5,93.9,6,500.8906666666666,3935.400666666667,3843.298333333333,11812.0,30
48972,J15.,5,93.9,8,819.6130612244898,4505.17,3118.3824489795916,11536.858571428571,49
48973,J15.,5,93.9,9,876.5081034482758,5723.113275862069,4663.4213793103445,16820.458103448276,58
48979,J15.,5,96.0,9,4204.982,11548.4912,20841.3216,56284.4328,25
48993,J15.,5,96.7,6,5223.2300000000005,13048.70095238095,14108.866666666667,51511.74619047619,21
48994,J15.,5,96.7,8,2082.5334042553195,12294.627659574468,12038.68744680851,40397.065744680855,47
48995,J15.,5,96.7,9,3640.654745762712,14588.391694915254,16544.761355932205,56040.91525423729,59
49004,J15.,5,99.2,0,456.7609375,606.553125,1060.4278749999999,3904.0819375,160
49016,J15.,6,,0,347.235677466863,1519.9466789396172,1352.2600957290133,5283.560103092784,1358
49017,J15.,6,,1,396.54266666666666,2201.2093333333337,1739.5484000000001,5993.775866666667,75
49018,J15.,6,,2,348.2893939393939,2909.4224242424243,3070.7548484848485,8536.724545454545,66
49019,J15.,6,,3,328.56370588235296,2763.741176470588,2130.1294117647058,6830.80394117647,170
49020,J15.,6,,4,383.7584234234234,3513.4436036036036,2666.046126126126,8746.387567567568,222
49021,J15.,6,,5,385.34375,3766.1501388888887,3038.141726190476,9505.905853174603,504
49022,J15.,6,,6,398.2310096153846,3849.374855769231,3569.402692307692,10613.044823717948,624
49023,J15.,6,,8,411.39939487179487,4089.3550871794873,3742.7604923076924,11225.821558974358,975
49024,J15.,6,,9,563.6343663194444,4827.451111111111,4689.756432291667,14430.834539930556,1152
49027,J15.,6,03.3,0,693.2979166666668,4995.1275,3026.9129166666667,12991.579583333334,24
49045,J15.,6,17.9,0,433.8787878787879,933.9033939393939,1306.9061212121212,4868.918787878788,165
49050,J15.,6,17.9,5,305.8604,3124.8944,3417.1191999999996,9571.87,25
49051,J15.,6,17.9,6,415.6660714285714,4063.179285714286,4758.711785714286,12606.360714285713,28
49052,J15.,6,17.9,8,347.4490322580645,3365.393548387097,3979.2667741935484,10898.02193548387,31
49053,J15.,6,17.9,9,476.15824999999995,5648.735500000001,6606.24375,18030.8505,40
49092,J15.,6,31.4,5,328.5208695652174,3816.6391304347826,3278.4004347826085,10551.18,23
49093,J15.,6,31.4,6,488.7644,4191.232,4267.916,11979.7924,25
49102,J15.,6,33.2,0,676.4588679245282,4047.6732075471696,2552.7207547169814,12541.12396226415,53
49103,J15.,6,33.2,1,485.9594827586207,3991.3706896551726,2239.985,9521.288620689655,58
49104,J15.,6,33.2,2,489.68805555555554,4101.564722222222,3170.6991666666668,10677.271666666667,108
49105,J15.,6,33.2,3,475.9874603174603,4202.662619047619,2670.7958730158734,10160.797857142858,252
49106,J15.,6,33.2,4,510.59133956386296,4387.098566978193,2883.247476635514,10654.908380062305,321
49107,J15.,6,33.2,5,559.8437336814621,5047.619934725849,3268.091945169713,12041.901984334203,766
49108,J15.,6,33.2,6,562.9101590106008,5109.584363957597,3719.3432332155476,12822.538992932863,566
49109,J15.,6,33.2,8,709.9654800936769,6028.564543325527,4871.404566744731,15929.909578454331,427
49110,J15.,6,33.2,9,989.4170833333334,8166.3680952380955,7881.698809523809,24960.182797619047,168
49122,J15.,6,34.0,5,742.6002702702702,6342.0994594594595,3187.397837837838,13645.717837837838,37
49123,J15.,6,34.0,6,779.1882926829269,6084.772195121951,4596.409024390244,15652.400975609755,41
49124,J15.,6,34.0,8,1004.371125,6777.407625,6286.452375,19738.750875,80
49125,J15.,6,34.0,9,1193.630281690141,8585.945352112676,6675.335352112676,25058.99647887324,71
49138,J15.,6,34.9,5,844.0091304347826,5387.097826086957,3909.8869565217387,13284.82695652174,23
49139,J15.,6,34.9,6,717.6312903225806,5860.387096774193,4582.218387096774,14931.710967741934,31
49140,J15.,6,34.9,8,656.1188372093023,5887.274418604651,3674.267209302325,14203.156279069766,43
49141,J15.,6,34.9,9,1101.0125862068967,8649.553793103449,7085.638620689655,24939.510689655173,58
49147,J15.,6,38.9,0,739.1733333333334,2565.95,1962.5925,8965.355277777777,36
49153,J15.,6,38.9,6,1501.1464864864865,8196.96054054054,8673.271891891893,26201.54810810811,37
49154,J15.,6,38.9,8,1741.6874509803922,9192.027058823529,12784.322352941177,35736.165098039215,51
49155,J15.,6,38.9,9,2086.397840909091,12864.385227272725,15344.10943181818,44213.601136363635,88
49195,J15.,6,44.1,5,468.9248936170213,3924.80829787234,3288.952765957447,10639.948510638298,47
49196,J15.,6,44.1,6,480.335945945946,4856.963783783784,3040.346486486487,11309.544864864863,37
49197,J15.,6,44.1,8,407.160625,5209.35875,3347.348125,11688.171250000001,32
49248,J15.,6,57.9,9,759.77275,8683.57975,7264.4755000000005,23763.14725,40
49274,J15.,6,87.4,0,277.8409243697479,1822.0114285714287,939.1772268907563,4755.856134453781,119
49307,J15.,6,89.3,0,302.59222222222223,1772.3633333333332,1286.3848148148147,5517.957407407408,27
49312,J15.,6,89.3,5,295.3433333333333,3519.3,2577.256666666667,8243.64111111111,27
49313,J15.,6,89.3,6,293.2508,3789.5440000000003,2595.106,8934.6048,25
49314,J15.,6,89.3,8,352.7834375,4143.365,3367.0115625,10539.906875,32
49315,J15.,6,89.3,9,322.0407407407408,4433.334074074074,4206.9918518518525,12008.078518518518,27
49316,J15.,6,89.5,0,298.37046153846154,2035.1206153846153,1416.994,6400.285692307692,65
49321,J15.,6,89.5,6,518.4747619047619,4794.495238095238,3064.8900000000003,11136.495714285715,21
49322,J15.,6,89.5,8,470.20235294117646,4563.891176470588,3156.4438235294115,11322.500588235293,34
49323,J15.,6,89.5,9,494.54690909090914,5308.25,3532.440909090909,13097.483636363637,55
49324,J15.,6,89.6,0,322.76978260869566,2361.0169565217393,1387.6115217391305,6992.021739130435,46
49330,J15.,6,89.6,8,518.4371428571428,4336.517857142857,5267.912499999999,13681.634285714286,28
49331,J15.,6,89.6,9,675.021875,7153.8875,6471.2903125,19769.1434375,32
49347,J15.,6,93.3,0,298.9121343873518,1461.7382411067194,1638.4035770750988,6177.398498023716,506
49353,J15.,6,93.3,8,690.1188000000001,4441.9072,7739.6312,19888.1972,25
49354,J15.,6,93.3,9,447.7525806451613,4932.657096774194,4521.160967741936,14386.087419354839,31
49359,J15.,6,93.9,0,397.7587465940054,1988.8976975476837,1477.8869754768393,6614.167997275204,734
49363,J15.,6,93.9,4,635.3199999999999,5703.239615384616,4463.6461538461535,13672.18076923077,26
49364,J15.,6,93.9,5,945.2257017543859,7151.170614035087,6819.916666666667,20099.61956140351,114
49365,J15.,6,93.9,6,681.4337662337663,6407.0425324675325,5571.3723376623375,17319.02818181818,154
49366,J15.,6,93.9,8,1023.0370848708486,7799.877084870848,6820.015387453875,21920.391254612547,271
49367,J15.,6,93.9,9,1325.3761746987952,9246.149156626507,7791.844578313253,26705.189668674702,332
49375,J15.,6,96.0,6,4028.714285714286,19915.70380952381,18329.10714285714,57129.43571428571,21
49376,J15.,6,96.0,8,2030.5115909090907,13523.206818181818,11798.950681818182,40083.891363636365,44
49377,J15.,6,96.0,9,3248.0091836734696,16898.862040816326,18965.98,58023.65632653062,49
49396,J15.,6,96.7,5,4527.891666666666,24470.234305555554,32451.778055555555,87519.63319444444,72
49397,J15.,6,96.7,6,4995.733428571429,23658.649523809527,30852.318095238094,88284.25533333333,105
49398,J15.,6,96.7,8,5151.232071005917,23295.37301775148,25263.728698224855,74299.06526627218,169
49399,J15.,6,96.7,9,6164.660804020101,26996.06447236181,33548.209246231156,97283.90296482413,199
49418,J15.,6,99.2,0,382.02665427509294,1684.0221933085502,1307.4175464684015,5490.678513011152,269
49424,J15.,6,99.2,6,478.0808,2685.2072000000003,4815.3432,10953.132,25
49425,J15.,6,99.2,8,606.0153125,4489.991875,4272.1071875,13124.89,32
49426,J15.,6,99.2,9,413.83000000000004,3250.852380952381,4611.765238095238,12566.565238095238,21
49429,J15.,6,99.8,0,296.494,1909.0644,1263.6824000000001,6113.3328,25
49436,J15.,6,99.9,5,392.1459090909091,3368.1252272727274,4310.824090909091,11959.226363636362,44
49437,J15.,6,99.9,6,318.935,2836.6346153846152,4389.512307692307,10373.397692307693,26
49438,J15.,6,99.9,8,375.7320454545454,4238.157727272727,4864.556363636364,13518.44590909091,44
49439,J15.,6,99.9,9,462.83375,5831.50484375,5864.309375,17724.99609375,64
49460,J18.,1,,0,524.0431060606061,983.5219696969697,1912.6665151515153,8837.250075757576,132
49465,J18.,1,,6,367.2057142857143,1611.0410714285715,3412.4332142857143,11228.585714285715,28
49466,J18.,1,,8,398.8979069767442,1471.7232558139535,4131.155813953489,14012.08488372093,43
49467,J18.,1,,9,397.14772727272725,1894.9827272727273,4222.657840909091,14649.034204545454,88
49490,J18.,2,,0,355.0406349206349,608.6349470899471,1697.3049735449736,3501.678544973545,378
49496,J18.,2,,6,677.1457142857142,2946.031428571429,4457.494761904762,12219.779047619048,21
49497,J18.,2,,8,551.18775,2978.642,5197.0985,12198.29525,40
49498,J18.,2,,9,369.8078947368421,3390.047543859649,5205.90649122807,14172.169122807018,57
49530,J18.,2,93.9,0,486.0889855072464,886.2246376811594,2095.620724637681,4509.603478260869,69
49546,J18.,3,,0,280.4386076555024,606.5653014354067,1102.1893971291865,3332.711224880383,2090
49547,J18.,3,,1,286.03162162162164,687.2391891891891,1485.7952702702703,3670.9718918918916,74
49549,J18.,3,,3,319.3931818181818,1826.4181818181817,2096.5781818181817,6462.631363636364,22
49550,J18.,3,,4,450.59083333333336,2504.570833333333,4101.964722222223,11209.337500000001,36
49551,J18.,3,,5,495.47391304347826,3028.942391304348,4327.64,12868.819673913042,92
49552,J18.,3,,6,395.4460747663551,2989.7570093457944,4055.6934579439253,10705.181962616822,107
49553,J18.,3,,8,491.86980392156863,3877.5402614379086,4470.096078431372,13584.237385620916,153
49554,J18.,3,,9,577.5201449275362,4999.793719806764,6618.3204347826095,17863.292173913043,207
49592,J18.,3,38.9,9,1386.3797674418604,9140.246279069768,9501.856046511628,28600.05488372093,43
49641,J18.,3,93.9,0,309.6202803738318,738.2467289719625,870.6559813084112,3184.4996261682245,107
49645,J18.,3,93.9,8,1324.3290476190475,5932.42,5086.203333333334,18527.581904761908,21
49646,J18.,3,93.9,9,986.4642222222222,5772.5055555555555,7789.008222222222,23082.96622222222,45
49652,J18.,3,96.0,9,1838.9377142857143,8763.041714285715,10887.056285714287,34247.37914285714,35
49664,J18.,3,96.7,8,1716.9727586206895,9765.282068965516,14539.210344827585,38750.11551724137,29
49665,J18.,3,96.7,9,2217.2020930232557,10779.376744186047,16883.488604651164,47554.734418604654,43
49685,J18.,4,,0,304.99365,733.0645,858.7372,3519.7561,200
49690,J18.,4,,6,897.8172727272727,5316.431818181818,7711.228636363637,22409.378636363635,22
49691,J18.,4,,8,1272.7471428571428,6600.108571428572,13026.225357142857,31758.202500000003,28
49692,J18.,4,,9,934.5699999999999,5148.486666666668,6877.947037037037,19768.405555555553,54
49735,J18.,4,93.9,0,263.3363636363636,532.6590909090909,677.8590909090909,2663.2477272727274,22
49762,J18.,5,,0,298.5733700862896,654.6744582933844,999.7194822627038,3606.568125599233,2086
49763,J18.,5,,1,306.377,712.7675,1535.4115,4094.757,40
49767,J18.,5,,5,657.9305555555555,4005.353703703704,3786.612962962963,13031.02574074074,54
49768,J18.,5,,6,484.65054054054053,3788.8408108108106,4238.9182432432435,12678.576351351352,74
49769,J18.,5,,8,504.1365,4262.894928571429,5076.089357142857,14065.166642857143,140
49770,J18.,5,,9,623.9330687830688,4416.0432804232805,5237.661851851852,15582.538677248678,189
49802,J18.,5,33.2,5,450.68128205128204,3447.3148717948716,2881.5097435897437,9634.270512820513,39
49803,J18.,5,33.2,6,470.30174999999997,4126.275,3636.55625,11671.83375,40
49804,J18.,5,33.2,8,732.3771739130434,5685.35,6181.216086956521,18959.270652173913,46
49805,J18.,5,33.2,9,1667.159696969697,8787.780303030304,9681.584545454545,36801.03060606061,33
49828,J18.,5,38.9,9,1292.5091666666667,7247.530833333333,8890.118333333334,27268.208333333332,24
49861,J18.,5,57.9,9,594.6095238095238,5219.555714285714,5556.082380952381,19356.828095238096,21
49894,J18.,5,93.9,0,273.1487769784173,916.0102877697841,1135.5147482014388,4370.252446043165,139
49899,J18.,5,93.9,8,1199.3952941176472,6665.988823529412,7370.443137254902,22892.415098039215,51
49900,J18.,5,93.9,9,1411.1223863636365,6428.9004545454545,9875.279318181818,28123.91,88
49903,J18.,5,96.0,6,2146.831818181818,9105.505,8889.120454545455,30611.99818181818,22
49904,J18.,5,96.0,8,1410.1112244897959,9712.56530612245,11829.10836734694,33729.52469387755,49
49905,J18.,5,96.0,9,1490.7439705882352,8550.891911764706,11009.559117647059,31252.26529411765,68
49915,J18.,5,96.7,5,2114.0723076923077,8641.630000000001,9062.143461538462,29389.668846153847,26
49916,J18.,5,96.7,6,4794.896388888888,12728.49888888889,14276.839166666667,49355.600000000006,36
49917,J18.,5,96.7,8,2922.9470129870133,9683.788831168831,11911.828441558442,37649.95909090909,77
49918,J18.,5,96.7,9,3287.4657333333334,13521.513333333334,16535.96786666667,54945.496,75
49933,J18.,6,,0,334.2721527777778,1321.558119855967,1296.3519547325104,4916.863716563786,3888
49934,J18.,6,,1,417.28698529411764,1951.2491911764707,2453.8274264705883,6644.235294117647,136
49936,J18.,6,,3,395.2997619047619,4096.602619047619,4129.21380952381,11468.272619047619,42
49937,J18.,6,,4,485.55066666666664,5227.132,3725.8908888888886,12347.420222222223,45
49938,J18.,6,,5,507.0982962962963,4726.228296296296,5022.363407407408,13896.352592592591,135
49939,J18.,6,,6,544.963909090909,4733.864090909091,5431.5935,15316.602681818182,220
49940,J18.,6,,8,516.7144213649852,5708.183560830861,5758.719080118694,16922.079643916913,337
49941,J18.,6,,9,681.7830357142858,6332.078194444444,6912.995238095238,21002.664861111112,504
49946,J18.,6,03.3,0,744.3571794871795,4610.835641025641,3132.0092307692307,13956.683333333334,39
49960,J18.,6,17.9,0,329.1265660377358,955.7218867924528,1591.8949433962264,4781.626226415095,265
49965,J18.,6,17.9,8,552.957,6646.915333333333,5683.160666666667,18417.931666666664,30
49966,J18.,6,17.9,9,459.88975609756096,7767.684390243902,6363.591463414634,21281.543902439025,41
50002,J18.,6,33.2,0,856.9551048951049,4376.709580419581,2499.8404195804196,13425.395314685315,143
50005,J18.,6,33.2,3,768.8710714285714,6237.381071428571,4343.631785714286,16345.724285714285,28
50006,J18.,6,33.2,4,595.7243396226415,5654.2158490566035,4095.148301886792,13813.90641509434,53
50007,J18.,6,33.2,5,729.085597826087,6090.967391304348,4088.4717391304353,15350.940108695651,184
50008,J18.,6,33.2,6,859.1841401273886,6684.99872611465,5236.799745222929,17683.72388535032,157
50009,J18.,6,33.2,8,854.3478881987578,7473.968385093167,6252.706459627329,21117.759254658384,161
50010,J18.,6,33.2,9,1368.979514563107,12876.593786407766,11509.381844660194,39877.67563106796,103
50025,J18.,6,34.0,6,1489.6799999999998,14103.064285714285,8724.407619047619,33153.83238095238,21
50026,J18.,6,34.0,8,1294.661081081081,8978.584594594595,8809.087567567567,29171.32162162162,37
50027,J18.,6,34.0,9,2582.789459459459,11715.11027027027,10554.14,38768.26972972973,37
50039,J18.,6,34.9,8,1272.0776315789474,9722.30552631579,9158.349473684211,28298.328684210526,38
50040,J18.,6,34.9,9,1222.8716279069768,11420.72581395349,9944.080697674419,35581.98209302325,43
50047,J18.,6,38.9,0,481.9127480916031,1444.9223664122137,1031.3016412213742,5021.931679389313,262
50052,J18.,6,38.9,5,2526.4504347826087,9539.869565217392,11480.875652173914,35140.97391304348,23
50053,J18.,6,38.9,6,2348.3224999999998,10611.512083333333,9574.799166666666,35108.85291666667,24
50054,J18.,6,38.9,8,2564.800185185185,12078.695740740739,14591.557407407407,41827.86148148148,54
50055,J18.,6,38.9,9,2285.4877631578947,15210.578026315789,13742.739868421053,45063.454736842104,76
50120,J18.,6,57.9,9,982.5279069767441,8986.893023255814,7314.4032558139525,24579.965813953488,43
50140,J18.,6,87.4,0,336.7572602739726,1927.045890410959,1100.940821917808,5262.34698630137,73
50164,J18.,6,89.3,0,338.06693548387096,1955.04,1408.2093548387097,6311.366612903225,62
50169,J18.,6,89.5,0,459.32709677419354,2643.8821505376345,1254.4160215053764,7518.871720430107,93
50175,J18.,6,89.6,0,550.9273913043478,5222.979130434782,2363.391304347826,13556.570869565217,23
50179,J18.,6,89.7,0,395.9844736842105,886.8421052631579,1105.8034210526316,4294.06605263158,38
50191,J18.,6,93.3,0,324.450325203252,1845.5845528455284,2289.8278861788617,7788.805447154471,123
50199,J18.,6,93.9,0,549.4317037037038,2537.61729218107,1614.9433580246914,7947.35870781893,1215
50204,J18.,6,93.9,5,964.2064150943397,8218.789622641509,6080.1260377358485,21628.37188679245,53
50205,J18.,6,93.9,6,1151.4292207792207,8059.435714285715,7294.773116883117,22464.72246753247,77
50206,J18.,6,93.9,8,1378.620828402367,8433.77621301775,8198.704437869823,25441.744082840236,169
50207,J18.,6,93.9,9,1321.7233707865169,9339.246067415732,8832.470823970038,28656.196441947566,267
50215,J18.,6,96.0,5,2757.5666666666666,11398.815714285714,15706.080952380953,44429.34380952381,21
50216,J18.,6,96.0,6,2395.498918918919,9319.186216216216,9285.93837837838,30482.154594594595,37
50217,J18.,6,96.0,8,2797.751884057971,13997.911594202898,16843.72579710145,48458.79260869565,69
50218,J18.,6,96.0,9,2911.96054945055,13640.875164835164,16063.668571428572,46771.71934065934,91
50232,J18.,6,96.7,0,2123.3462162162164,9095.999729729729,7392.387027027027,32145.09945945946,37
50237,J18.,6,96.7,5,5047.586610169491,17354.73186440678,22365.375932203387,68252.86169491525,59
50238,J18.,6,96.7,6,3000.7778723404253,14897.554999999998,15769.283936170212,49835.32521276596,94
50239,J18.,6,96.7,8,4185.887596153846,16756.923028846155,20353.117884615385,61673.42826923077,208
50240,J18.,6,96.7,9,3670.5889140271493,19383.43524886878,19414.127149321266,65110.10846153847,221
50261,J18.,6,99.2,0,433.66044280442804,1773.8671709717098,975.7290774907749,5252.28483394834,813
50262,J18.,6,99.2,1,505.98904761904765,2959.0,3664.982857142857,9591.316666666666,21
50280,J18.,6,99.9,5,304.1157142857143,3790.537142857143,4207.570476190476,11291.433809523809,21
50281,J18.,6,99.9,6,351.2251851851852,4280.8592592592595,5030.252222222222,12592.14111111111,27
50282,J18.,6,99.9,8,517.5724324324325,5237.807567567567,6087.593783783784,16050.66918918919,37
50283,J18.,6,99.9,9,792.0503389830509,6589.148474576271,10656.381694915255,29818.278813559322,59
50284,J20.,1,,0,395.5981395348837,961.4651162790698,1361.5116279069769,6252.347674418605,43
50288,J20.,2,,0,290.08723684210526,659.8065789473685,980.3815789473684,2789.630921052632,76
50302,J20.,3,,0,261.8620516499283,519.5656671449068,1009.0516499282639,2721.737216642755,697
50307,J20.,3,,5,271.92333333333335,1701.9619047619046,1881.0300000000002,5309.810952380953,21
50308,J20.,3,,6,286.24142857142857,2419.5467857142858,2408.191428571429,6796.446428571428,28
50309,J20.,3,,8,346.0508571428572,2389.2431428571426,2648.4971428571425,8190.190857142857,35
50310,J20.,3,,9,307.9648148148148,2413.5925925925926,2443.3670370370373,7113.048148148147,27
50338,J20.,3,93.9,0,285.50402777777776,550.1875,650.187361111111,2437.9066666666668,72
50349,J20.,4,,0,290.2522580645161,652.6548387096774,613.8079032258064,2793.877903225806,62
50368,J20.,5,,0,280.56758029978585,699.4376873661671,802.3989079229121,2925.438586723769,467
50369,J20.,5,,1,265.30583333333334,890.2254166666667,901.65375,3199.2466666666664,24
50373,J20.,5,,5,275.2063636363636,2531.2022727272724,1636.0009090909093,5761.158636363636,22
50374,J20.,5,,6,312.1981818181818,2348.822727272727,1869.4527272727273,6009.659090909091,22
50375,J20.,5,,8,371.43666666666667,2665.1916666666666,2035.2091666666665,6857.368750000001,24
50434,J20.,5,99.2,0,299.91911764705884,452.36764705882354,906.3426470588236,2868.7323529411765,34
50436,J20.,6,,0,280.7604490291262,1087.1799757281553,974.0211286407767,3637.0057888349515,824
50437,J20.,6,,1,294.16056603773586,1356.4622641509434,1230.8737735849056,3976.6228301886795,53
50441,J20.,6,,5,332.0442857142857,2934.714285714286,1604.5557142857142,6300.918214285714,28
50442,J20.,6,,6,285.36041666666665,2855.758333333333,2300.735416666667,7549.125,24
50448,J20.,6,17.9,0,344.2517142857143,742.5428571428571,836.8112380952382,3279.0330476190475,105
50480,J20.,6,33.2,5,399.43038461538464,3698.2884615384614,1523.268846153846,7965.736923076924,26
50487,J20.,6,38.9,0,272.9812765957447,516.4042553191489,862.9363829787235,3117.3506382978726,47
50516,J20.,6,87.4,0,300.9372727272727,1431.8500000000001,932.8463636363635,3961.2263636363637,22
50545,J20.,6,93.3,0,283.1980281690141,1209.5042253521128,1217.6346478873238,4706.5638028169005,71
50552,J20.,6,93.9,0,341.7165277777778,1232.6668055555556,929.3854166666666,3976.4872222222225,144
50562,J20.,6,99.2,0,296.67246376811596,1543.7782608695652,745.2715217391304,4009.298188405797,138
50576,J21.,2,,0,330.84925925925927,859.5222222222221,1348.0483333333334,3432.2772222222225,54
50582,J21.,3,,0,262.1056744186047,422.3661395348837,1159.8813488372093,3047.944558139535,215
50595,J21.,4,,0,243.81772727272727,390.1140909090909,603.7659090909091,2353.484090909091,22
50600,J21.,5,,0,303.4837962962963,632.3788888888889,875.1723148148149,3333.5975000000003,108
50610,J21.,6,,0,325.0475799086758,996.3146118721461,994.5458447488585,3940.99497716895,219
50641,J21.,6,93.9,0,369.01844155844157,1007.7661038961039,904.2733766233766,3779.744935064935,77
50736,J30.,6,04.0,2,3312.552173913043,1779.7,1967.1708695652173,13874.624782608695,23
50737,J30.,6,04.0,3,2256.7927027027026,1844.6243243243246,1882.6245945945946,12352.43081081081,37
50738,J30.,6,04.0,4,3883.6591304347826,2203.634782608696,2631.12,16808.874782608695,23
50776,J31.,1,21.6,1,1635.090681818182,615.9777272727273,1094.1902272727273,5627.69659090909,44
50777,J31.,1,21.6,2,1890.2186666666666,701.8373333333333,1342.644,6393.054666666667,30
50779,J31.,1,21.6,4,1907.4299999999998,875.8947058823529,1918.7917647058823,7169.472647058824,34
50780,J31.,1,21.6,5,1581.95725,695.98,1722.1607500000002,6401.8795,40
50840,J31.,4,21.6,2,2101.4513636363636,1451.1363636363637,1879.8718181818183,12602.49272727273,22
50915,J31.,6,21.6,2,1807.1145901639345,1622.7424590163932,807.5386885245902,6592.658524590163,61
50916,J31.,6,21.6,3,1675.1081395348835,1564.3777906976743,945.4118604651162,6581.896162790697,86
50917,J31.,6,21.6,4,1652.4903846153845,1672.2182692307692,942.7515384615385,6906.870192307692,52
50918,J31.,6,21.6,5,1695.9021739130435,1691.2408695652175,896.0139130434783,6843.64,46
51002,J32.,1,22.5,1,1659.7506896551722,1106.2041379310344,2462.599655172414,9828.15620689655,29
51003,J32.,1,22.5,2,1449.3785294117647,1248.184705882353,2796.3355882352944,10101.592352941178,34
51004,J32.,1,22.5,3,1257.2779166666667,1036.9352083333333,2557.80125,9582.774583333334,48
51005,J32.,1,22.5,4,1694.6330303030302,1160.0289393939395,2659.7857575757575,10382.809696969696,66
51006,J32.,1,22.5,5,1364.2701980198021,907.3167326732673,2508.628910891089,9533.614059405942,101
51007,J32.,1,22.5,6,1317.4008823529412,763.1470588235294,2116.640588235294,8995.960294117647,34
51049,J32.,2,22.5,3,737.65,1174.2841666666666,2111.31,7847.756249999999,24
51050,J32.,2,22.5,4,766.3947999999999,1261.0536,2066.1572,8246.2376,25
51051,J32.,2,22.5,5,939.6035064935065,1119.4735064935066,2195.7322077922076,8054.539480519481,77
51052,J32.,2,22.5,6,978.0923809523808,1232.0390476190476,2041.1338095238093,7602.530476190475,21
51078,J32.,3,21.3,5,915.87125,1385.7458333333334,1024.7729166666666,8042.140416666666,24
51102,J32.,3,22.2,5,720.4823076923077,1434.8397435897436,1133.5953846153845,7567.822051282051,39
51110,J32.,3,22.5,2,741.22375,1076.785,1316.5375000000001,7956.552500000001,24
51111,J32.,3,22.5,3,834.1776923076923,1487.8999999999999,1489.5646153846155,9183.785897435899,39
51112,J32.,3,22.5,4,684.4771212121212,1562.4842424242424,1438.5360606060606,8827.931818181818,66
51113,J32.,3,22.5,5,747.5991095890411,1479.8498630136985,1396.0078082191783,8714.460479452055,146
51114,J32.,3,22.5,6,959.8451724137932,1898.3993103448277,1555.9277586206897,9879.197068965517,58
51115,J32.,3,22.5,8,667.991,1482.336,1556.0063333333335,8699.72,30
51121,J32.,3,22.6,5,725.155641025641,1413.3051282051283,1630.9856410256411,8603.358205128206,39
51155,J32.,4,22.5,4,644.1854838709677,1149.8064516129032,1224.776129032258,8395.083225806451,31
51156,J32.,4,22.5,5,1064.3984482758622,1430.3741379310345,1536.860344827586,9777.525689655173,58
51157,J32.,4,22.5,6,765.9499999999999,1525.8304347826086,1238.0208695652175,8837.138260869566,23
51164,J32.,4,22.6,4,2932.0652380952383,1982.8095238095239,3063.078095238095,18483.249047619047,21
51165,J32.,4,22.6,5,2500.7816666666668,2140.2291666666665,3139.992083333333,17665.414583333335,24
51186,J32.,5,21.3,5,733.5129166666667,1589.5545833333333,1618.8970833333333,9077.972083333332,24
51211,J32.,5,22.2,1,613.76,1260.0891304347826,1222.8108695652174,8013.551304347826,23
51213,J32.,5,22.2,3,727.2148148148148,1532.7722222222221,1481.8685185185184,9137.206666666667,27
51214,J32.,5,22.2,4,705.5726666666667,1431.0483333333332,1620.7663333333333,8825.716666666667,30
51215,J32.,5,22.2,5,610.7874576271187,1539.5925423728816,1488.6922033898304,8460.085762711864,59
51216,J32.,5,22.2,6,640.5452,1512.388,1606.4184,8496.9028,25
51226,J32.,5,22.5,1,880.5694520547945,1218.8760273972603,1485.8691780821916,8761.96301369863,73
51227,J32.,5,22.5,2,1085.6652,1324.42112,1410.65968,8720.057359999999,125
51228,J32.,5,22.5,3,929.2790322580645,1479.2959354838708,1490.8362580645162,9231.308322580646,155
51229,J32.,5,22.5,4,1021.3600414937758,1463.1915352697094,1396.0440663900415,9108.935352697095,241
51230,J32.,5,22.5,5,1020.7759361702127,1488.475,1403.622744680851,9039.842680851063,470
51231,J32.,5,22.5,6,884.7435211267606,1647.0991549295775,1395.772910798122,9213.283145539906,213
51232,J32.,5,22.5,8,922.2508849557522,1757.0177876106195,1332.8323008849557,9528.522920353984,113
51235,J32.,5,22.6,2,814.7913636363636,1212.641818181818,1204.6377272727273,8211.686818181819,22
51236,J32.,5,22.6,3,862.7121428571428,1725.0860714285716,1164.1642857142858,8779.334642857142,28
51237,J32.,5,22.6,4,903.3534090909092,1537.981590909091,1366.0059090909092,8774.37340909091,44
51238,J32.,5,22.6,5,700.076,1819.3468,1315.3287,8745.0424,100
51239,J32.,5,22.6,6,874.0374358974359,1697.4566666666667,1527.4151282051282,9242.210256410257,39
51240,J32.,5,22.6,8,657.248,1505.848,938.8847999999999,7824.1988,25
51316,J32.,6,21.8,5,1116.614347826087,1753.304347826087,2246.7165217391307,10451.902173913044,23
51321,J32.,6,22.2,1,1794.7717857142857,1555.1042857142857,1209.7292857142857,10319.096428571429,28
51322,J32.,6,22.2,2,1530.54078125,1584.6459375,1252.5859375,11037.38953125,64
51323,J32.,6,22.2,3,1635.0582105263159,1505.9898947368422,1206.0210526315789,10892.086000000001,95
51324,J32.,6,22.2,4,1680.0374107142857,1789.5234821428571,1246.1151785714285,11384.943482142857,112
51325,J32.,6,22.2,5,1687.566129032258,1687.7299462365593,1335.8293548387098,10852.909301075268,186
51326,J32.,6,22.2,6,1590.478875,2116.476875,1533.85825,12475.759625,80
51327,J32.,6,22.2,8,1266.491590909091,2209.2999999999997,1258.8304545454546,11206.511136363637,44
51339,J32.,6,22.5,1,2139.6147014925373,1702.008432835821,1620.5930597014926,12985.082164179104,134
51340,J32.,6,22.5,2,1845.9679784366576,1698.8949326145553,1609.040566037736,11961.663989218328,371
51341,J32.,6,22.5,3,1870.575234375,1829.4875390625,1612.104140625,12465.274863281249,512
51342,J32.,6,22.5,4,1854.3165822784808,1877.4718806509945,1636.6704701627486,12512.92265822785,553
51343,J32.,6,22.5,5,1704.896569416499,1966.1599597585514,1642.164818913481,12134.692847082495,994
51344,J32.,6,22.5,6,1753.4283135391922,2108.72135391924,1650.5878147268409,12531.571163895487,421
51345,J32.,6,22.5,8,1723.943368983957,2335.90128342246,1673.9028877005348,12558.93385026738,187
51346,J32.,6,22.5,9,1322.734193548387,2354.4896774193544,1332.3009677419354,11529.333548387098,31
51348,J32.,6,22.6,1,1479.7076190476191,1746.3333333333333,1163.5366666666666,11551.065714285714,21
51349,J32.,6,22.6,2,1822.5277358490566,1723.366037735849,1561.921320754717,12169.515849056603,53
51350,J32.,6,22.6,3,2025.8926999999999,1754.474,1680.8968,12736.6555,100
51351,J32.,6,22.6,4,1772.0565476190477,1971.8182142857145,1821.1379761904761,12521.60511904762,84
51352,J32.,6,22.6,5,1598.8031756756757,1878.7640540540542,2005.2562837837838,12728.554662162163,148
51353,J32.,6,22.6,6,1610.62171875,2144.76703125,1755.553125,12852.725,64
51354,J32.,6,22.6,8,1840.2122580645162,1996.6870967741936,1230.6751612903226,11845.320322580645,31
51433,J33.,5,21.3,5,822.1956,2055.3296,1227.9144000000001,8160.9012,25
51460,J33.,6,21.3,5,1367.7211111111112,2337.038888888889,1751.6128888888888,12675.895555555557,45
51461,J33.,6,21.3,6,1941.4956,2450.4188,1673.6332,13506.2304,25
51512,J34.,1,21.8,2,1316.2175,642.0416666666666,1922.618333333333,6929.917083333334,24
51513,J34.,1,21.8,3,1173.386551724138,580.9655172413793,1981.1710344827586,6627.776551724138,29
51514,J34.,1,21.8,4,1335.9779166666667,595.0124999999999,2290.811666666667,7300.264583333334,24
51515,J34.,1,21.8,5,1210.118888888889,549.9944444444444,2388.753333333333,7250.585277777778,36
51571,J34.,3,21.5,2,853.2,1246.94375,1042.145,6269.8803125,32
51572,J34.,3,21.5,3,697.3921739130435,1156.2260869565218,851.7308695652174,5549.869565217391,23
51574,J34.,3,21.5,5,587.3245238095238,1281.604761904762,1085.812619047619,6272.775952380953,42
51587,J34.,3,21.8,5,544.4014285714286,1156.6333333333332,938.437619047619,5493.745714285715,21
51638,J34.,5,21.5,1,698.3390909090908,1296.9677272727274,1227.8395454545455,6634.655,22
51639,J34.,5,21.5,2,839.747536231884,1264.2946376811594,1055.8047826086956,6220.438985507246,69
51640,J34.,5,21.5,3,913.07328125,1497.83796875,1104.27875,7051.2728125,64
51641,J34.,5,21.5,4,760.6508620689655,1586.4396551724137,1140.2289655172412,7082.8210344827585,58
51642,J34.,5,21.5,5,813.9934246575342,1562.5072602739726,1091.6213698630138,7110.155479452054,73
51653,J34.,5,21.8,2,1141.8744444444444,1232.6714285714286,993.8844444444445,6699.424126984127,63
51654,J34.,5,21.8,3,911.9617647058824,1250.95,1052.1752941176471,6537.408823529411,34
51655,J34.,5,21.8,4,1074.1879069767442,1243.4139534883723,997.3793023255813,6438.0332558139535,43
51656,J34.,5,21.8,5,1119.641343283582,1394.982089552239,1172.5335820895523,7072.461791044776,67
51657,J34.,5,21.8,6,1155.4819047619046,1269.195238095238,1064.212380952381,6578.375714285715,21
51708,J34.,6,21.3,3,1361.3447619047618,1673.9619047619046,961.5509523809524,7307.524285714286,21
51709,J34.,6,21.3,4,863.7814285714286,1839.0817857142858,764.455,6445.280714285714,28
51710,J34.,6,21.3,5,1145.7823255813953,1699.2609302325582,1081.1523255813954,7050.92023255814,43
51711,J34.,6,21.3,6,1000.3658333333333,1957.5258333333334,1108.0595833333334,6913.160833333332,24
51714,J34.,6,21.5,1,2158.8386,1564.8978,1223.1760000000002,8555.9496,50
51715,J34.,6,21.5,2,1734.013202247191,1612.4203370786518,1215.7192696629213,8389.371573033708,178
51716,J34.,6,21.5,3,1894.183367346939,1723.0426020408163,1390.780612244898,8972.613214285713,196
51717,J34.,6,21.5,4,2140.1528,1845.4596000000001,1404.00976,9427.1284,125
51718,J34.,6,21.5,5,2031.153695652174,1816.4788043478259,1400.7839673913043,9364.921956521739,184
51719,J34.,6,21.5,6,2498.8195,2133.75,1670.9355,10695.723,40
51723,J34.,6,21.6,2,1454.4542105263158,1270.916842105263,1001.4384210526317,6507.262631578948,38
51724,J34.,6,21.6,3,1333.7207142857144,1147.0149999999999,817.0021428571429,5757.356071428571,28
51725,J34.,6,21.6,4,1221.5454545454545,1252.6077272727273,1271.111818181818,7082.821818181817,22
51726,J34.,6,21.6,5,1296.8607142857143,1749.5882142857142,1429.6057142857142,8368.26,28
51730,J34.,6,21.8,1,1150.487027027027,1482.0405405405406,1919.527297297297,8790.471621621622,37
51731,J34.,6,21.8,2,1229.603358778626,1538.7425190839695,1605.2060305343512,8560.85603053435,131
51732,J34.,6,21.8,3,1253.7772932330827,1567.9163909774436,1569.723007518797,8972.54127819549,133
51733,J34.,6,21.8,4,1217.5566279069767,1782.7131395348836,1700.9817441860464,9348.33988372093,86
51734,J34.,6,21.8,5,1157.3949342105263,1764.9252631578947,1866.4909210526316,9577.508421052631,152
51735,J34.,6,21.8,6,1406.451041666667,1797.1920833333334,1817.2091666666665,9546.871874999999,48
51761,J34.,6,22.5,5,1387.8386363636364,1864.5449999999998,1394.215,11788.948181818181,22
51766,J34.,6,22.6,3,1908.156129032258,1758.0580645161292,1314.3009677419354,10393.338387096774,31
51767,J34.,6,22.6,4,1735.9404761904761,1896.0285714285715,1055.21,10077.419047619047,21
51768,J34.,6,22.6,5,1418.5286206896553,1993.7931034482758,1413.4372413793103,11071.556896551725,29
51769,J34.,6,22.6,6,2897.5156,2862.6711999999998,1997.5508,15356.970800000001,25
51803,J35.,1,28.6,0,2285.2019736842108,743.3939473684211,1209.3365789473685,7208.504210526316,76
51804,J35.,1,28.6,1,2305.032258064516,868.4058064516129,1722.7345161290325,7371.688064516128,31
51836,J35.,2,28.6,0,624.0003571428571,748.0,1641.5032142857142,6292.358928571428,28
51846,J35.,3,28.2,0,1546.9629166666666,1296.0839583333334,929.9285416666667,6635.756666666667,48
51847,J35.,3,28.2,1,1084.8024324324324,1290.1205405405406,1128.250810810811,6381.232162162162,37
51848,J35.,3,28.2,2,1032.673157894737,1399.978947368421,1212.76,6452.038947368422,38
51849,J35.,3,28.2,3,1281.0014285714285,1575.1890476190476,1620.4514285714288,7440.7226190476185,42
51851,J35.,3,28.2,5,1010.7807692307691,1537.1879487179488,1474.5423076923078,7120.047692307692,39
51854,J35.,3,28.3,0,1184.353725490196,1417.1490196078432,777.4841176470588,6599.150980392157,51
51862,J35.,3,28.6,0,1019.5085185185185,1226.648148148148,778.0633333333333,5766.176296296297,27
51877,J35.,4,28.2,3,914.8676190476191,1863.9609523809524,2248.2314285714288,11452.695238095239,21
51882,J35.,4,28.3,0,672.1625263157895,1486.173052631579,752.4793684210525,8994.128315789472,95
51885,J35.,4,28.6,0,1224.4152941176471,1457.870588235294,1190.6537647058824,11269.064470588235,85
51886,J35.,4,28.6,1,1158.9910810810811,1599.7837837837837,1415.5316216216215,12852.035135135135,37
51903,J35.,5,28.2,0,1413.510101010101,1260.7026262626262,926.9517171717172,6841.592929292929,99
51904,J35.,5,28.2,1,1206.422195121951,1353.9393902439024,1276.0498780487806,6945.940975609757,82
51905,J35.,5,28.2,2,1163.160534351145,1338.4153435114504,1479.4324427480915,6977.354045801527,131
51906,J35.,5,28.2,3,1353.7993518518517,1386.7074074074073,1355.4587962962962,7110.395555555555,108
51907,J35.,5,28.2,4,1005.8874603174604,1611.1192063492063,1756.2474603174603,7734.179047619047,63
51908,J35.,5,28.2,5,1222.2286792452828,1504.8081132075472,1529.7162264150945,7362.709433962264,53
51912,J35.,5,28.3,0,1512.1893795620438,1443.4921897810218,852.8662043795621,7357.9400000000005,274
51913,J35.,5,28.3,1,1365.1675,1465.9976666666666,1042.8563333333334,7189.453833333333,60
51924,J35.,5,28.6,0,1183.078,1270.0842285714284,688.5057142857142,6287.659371428571,175
51925,J35.,5,28.6,1,1457.640222222222,1296.6197777777777,909.8468888888889,6445.869111111111,45
51954,J35.,6,27.6,0,2692.1905263157896,1395.5513157894736,912.2373684210526,9459.99,38
51956,J35.,6,27.6,2,2300.3069230769233,1589.3769230769233,1398.138846153846,9212.455384615385,26
51957,J35.,6,27.6,3,2093.2687499999997,1478.40625,1352.6545833333332,9068.618333333334,24
51962,J35.,6,28.2,0,2179.205033860045,1486.6184650112866,1028.9198645598194,8552.749729119638,443
51963,J35.,6,28.2,1,1884.4708542713568,1559.8024120603015,1421.72175879397,8677.906331658292,199
51964,J35.,6,28.2,2,2041.8064136125656,1609.1102094240837,1719.6714659685863,8940.297408376962,382
51965,J35.,6,28.2,3,2081.0162028985505,1828.7912753623189,1843.5442028985508,9544.785391304347,345
51966,J35.,6,28.2,4,1946.9544025157234,1735.9883018867924,1693.25,9030.91679245283,159
51967,J35.,6,28.2,5,2034.7834883720932,2032.6702906976743,1819.953372093023,9678.802209302325,172
51968,J35.,6,28.2,6,2067.2724324324327,1880.3564864864866,1857.9583783783785,9463.059189189189,37
51970,J35.,6,28.3,0,2148.3124927536232,1547.5760144927538,985.8168357487923,9356.26041062802,2070
51971,J35.,6,28.3,1,2312.48036900369,1596.4449446494466,1201.3046494464945,9637.949815498154,271
51981,J35.,6,28.6,0,1865.5133716475098,1243.0770574712644,745.2872796934867,7147.539570881227,1305
51982,J35.,6,28.6,1,1773.598384279476,1306.7575545851528,928.4552401746724,7215.053100436681,229
52091,J38.,1,30.0,3,967.7683333333332,777.9372222222223,1560.5427777777777,5944.312777777778,36
52092,J38.,1,30.0,4,1067.6218055555555,952.888611111111,1724.3625000000002,6181.123888888888,72
52093,J38.,1,30.0,5,1032.2896739130433,935.0634782608695,1870.3429347826086,6412.466956521739,92
52094,J38.,1,30.0,6,1078.4535,757.0550000000001,1530.53675,5777.554249999999,40
52105,J38.,2,30.0,5,585.3780952380953,1095.35,1635.514285714286,6143.399047619047,42
52124,J38.,3,30.0,3,500.54625,1276.29765625,934.0015625,5661.90234375,64
52125,J38.,3,30.0,4,482.59544642857145,1400.2882142857143,1103.5169642857143,6102.416517857143,112
52126,J38.,3,30.0,5,506.05225,1422.685,1112.430875,6194.4841875,160
52127,J38.,3,30.0,6,463.4680434782608,1358.3958695652175,1022.9530434782608,5919.994130434782,46
52146,J38.,4,30.0,3,547.7014814814816,1377.537037037037,1236.9166666666667,7972.955185185186,27
52147,J38.,4,30.0,4,636.1126,1534.1156,1483.5114,9235.8046,50
52148,J38.,4,30.0,5,603.3705555555556,1409.7416666666666,1340.59,7880.056527777777,72
52171,J38.,5,30.0,2,533.3638983050847,1287.1493220338982,824.0232203389832,5933.540508474576,59
52172,J38.,5,30.0,3,594.2847441860465,1400.3220930232558,905.9834418604652,6303.983906976744,215
52173,J38.,5,30.0,4,584.1528395061729,1459.187012345679,985.6691111111111,6435.145358024692,405
52174,J38.,5,30.0,5,676.9083053435114,1477.0153435114505,957.116,6474.882061068703,655
52175,J38.,5,30.0,6,635.0610869565218,1519.7679891304347,899.473152173913,6329.348097826087,184
52176,J38.,5,30.0,8,706.1288888888889,1666.6842592592593,1139.1348148148147,6960.0990740740735,54
52224,J38.,6,30.0,2,782.8086934673366,1418.0630150753768,1010.1642211055276,6910.015175879397,199
52225,J38.,6,30.0,3,759.5415731874145,1468.8667852257183,1007.1755266757866,7054.21683994528,731
52226,J38.,6,30.0,4,773.2552932216298,1536.1176770753998,1054.0116679360244,7253.700434120335,1313
52227,J38.,6,30.0,5,851.822484076433,1657.2202142443543,1118.9213781123335,7571.172646207296,1727
52228,J38.,6,30.0,6,898.0203042596349,1870.0702028397566,1145.408620689655,7866.776490872211,493
52229,J38.,6,30.0,8,1036.123680981595,2136.2505521472394,1275.0706748466257,8566.25055214724,163
52354,J39.,5,29.3,5,892.8490625,1483.2484375,957.3984375,6829.35,32
52402,J39.,6,27.6,0,570.5096153846154,1687.3384615384616,1129.0365384615384,9916.366923076923,26
52433,J39.,6,29.3,2,1895.5021739130436,1757.7617391304345,1138.8295652173913,8783.273913043478,23
52434,J39.,6,29.3,3,1451.79,1730.227619047619,934.3990476190477,7547.671904761904,42
52435,J39.,6,29.3,4,1061.1372222222224,1794.5768518518516,948.107037037037,7202.27,54
52436,J39.,6,29.3,5,1369.11752,1934.29504,1159.3688,8337.64856,125
52437,J39.,6,29.3,6,1058.905135135135,2391.6951351351354,1185.9432432432434,9279.166486486485,37
52600,J42.,3,,8,306.3204347826087,2329.9665217391307,2258.4886956521736,7143.400000000001,23
52631,J42.,4,,9,310.6052,3114.9664000000002,1766.464,11090.635600000001,25
52650,J42.,5,,8,397.28970588235296,3191.3632352941177,1700.0432352941177,7215.507352941177,34
52651,J42.,5,,9,317.1881395348837,2914.3002325581397,2105.664651162791,7830.467906976744,43
52695,J42.,6,,8,307.46181818181816,4456.342272727273,2772.910909090909,11388.323636363637,22
52774,J43.,5,32.2,1,10422.414333333332,2511.248,1993.8616666666667,22568.20233333333,30
52775,J43.,5,32.2,2,11970.356666666667,2830.3380952380953,2246.714285714286,26517.939523809524,21
52778,J43.,5,32.2,5,12208.736666666666,3418.6595833333336,3371.7470833333336,30445.022083333333,24
52792,J43.,6,32.2,1,10955.131868131868,2549.6206593406596,2185.0494505494507,24626.492747252745,91
52793,J43.,6,32.2,2,12431.767011494252,2630.338735632184,2510.9349425287355,27783.07034482759,87
52794,J43.,6,32.2,3,15093.670000000002,3082.657,2845.71825,31399.20575,40
52795,J43.,6,32.2,4,16857.38088235294,3472.3958823529415,3789.396176470588,36430.845588235294,34
52796,J43.,6,32.2,5,17064.99440860215,3477.5543010752685,3710.1725806451614,36167.79956989247,93
52797,J43.,6,32.2,6,17022.39322033898,5207.017288135594,5523.610508474577,43312.76152542373,59
52798,J43.,6,32.2,8,22600.73833333333,7272.169722222222,7478.140277777778,56941.25166666667,36
52832,J44.,1,,6,362.4429411764706,1037.8196078431374,3985.3141176470585,9205.489411764705,51
52833,J44.,1,,8,386.18367816091956,1417.932471264368,4276.987701149425,9637.392643678162,174
52834,J44.,1,,9,392.2698816568047,1602.2005917159765,4573.987751479291,11614.19426035503,169
52873,J44.,2,,5,362.8826530612245,1759.7857142857142,3345.651428571429,7233.413877551021,49
52874,J44.,2,,6,417.19932692307697,2129.7259615384614,3820.8209615384617,8596.33389423077,208
52875,J44.,2,,8,378.5384134615385,2042.2050000000002,3520.8071153846154,7780.0944951923075,416
52876,J44.,2,,9,356.98947089947086,2307.616798941799,3927.9727248677245,8644.15537037037,378
52910,J44.,2,57.9,8,410.6759259259259,2507.8777777777777,6473.343703703704,11603.623333333335,27
52911,J44.,2,57.9,9,408.45772727272725,2576.3681818181817,5563.987727272727,11842.199999999999,22
52933,J44.,2,93.9,8,373.24242424242425,3731.632424242424,5419.34,12932.188484848484,33
52934,J44.,2,93.9,9,485.9977419354839,4323.435161290322,4767.183870967742,13024.163225806451,31
52951,J44.,3,,5,396.0428888888889,2524.0191851851855,3113.536666666667,8953.853259259258,135
52952,J44.,3,,6,357.7704935622317,2422.6663519313306,3317.597746781116,8758.299163090129,466
52953,J44.,3,,8,369.1593872340426,2579.4381531914896,3404.4990382978726,9066.15495319149,1175
52954,J44.,3,,9,372.74624149659866,3007.196768707483,3848.469906462585,10328.41255952381,1176
52962,J44.,3,17.9,8,288.36304347826086,2004.7,2627.7726086956523,7892.119130434782,23
52963,J44.,3,17.9,9,286.34000000000003,2324.634782608696,2546.578695652174,8516.61,23
52977,J44.,3,33.2,6,473.93051282051283,3184.0323076923078,3502.63282051282,10204.147692307693,39
52978,J44.,3,33.2,8,390.84964285714284,3581.683928571428,3081.132857142857,10016.39125,56
52979,J44.,3,33.2,9,514.8992592592593,3762.5333333333333,4120.2037037037035,13305.63037037037,27
52984,J44.,3,34.0,8,403.2107142857143,3129.085714285714,3087.378571428572,10194.63357142857,28
52985,J44.,3,34.0,9,574.9678571428572,3473.1228571428574,3386.1783333333333,11292.792142857143,42
52989,J44.,3,34.9,8,503.3681578947369,3192.662105263158,3263.645263157895,10292.622894736842,38
52990,J44.,3,34.9,9,607.6038095238096,3590.471428571428,3851.42619047619,12669.30238095238,21
53005,J44.,3,44.1,8,364.272962962963,2946.0555555555557,3011.918518518519,8707.903703703703,27
53025,J44.,3,57.9,8,671.0029166666667,4279.7975,5138.250416666667,16120.240833333331,24
53026,J44.,3,57.9,9,585.5153658536585,3041.4421951219515,4314.711219512195,15997.254146341464,41
53062,J44.,3,89.5,9,580.8658333333334,3922.498333333333,6732.618333333333,15756.12,24
53073,J44.,3,93.9,5,438.6991525423729,3069.7203389830506,2472.6401694915253,9333.18338983051,59
53074,J44.,3,93.9,6,464.05341463414635,3516.122276422764,2987.8360975609758,10921.426097560974,123
53075,J44.,3,93.9,8,470.64374501992035,3230.040717131474,2887.765577689243,10581.581274900398,251
53076,J44.,3,93.9,9,460.335367965368,3053.32987012987,3247.7734632034635,11641.351818181818,231
53082,J44.,3,96.0,9,1155.5995238095238,5794.127619047618,4686.917142857143,17764.394285714287,21
53091,J44.,3,96.7,6,844.5842857142858,6573.627142857143,6356.789642857142,20419.918214285713,28
53092,J44.,3,96.7,8,1048.3668181818182,5005.54196969697,7633.9442424242425,22090.899999999998,66
53093,J44.,3,96.7,9,1338.5680434782607,7991.7191304347825,9666.64695652174,29499.624130434782,46
53106,J44.,3,99.9,6,377.3942307692308,2238.230769230769,2775.1396153846154,7719.483846153846,26
53107,J44.,3,99.9,8,444.81,2466.6510638297873,2779.798510638298,7913.892127659575,47
53108,J44.,3,99.9,9,420.46680851063826,2867.6885106382974,2957.4170212765957,9004.440425531915,47
53110,J44.,4,,5,284.1692,2679.7264,2375.3276,7467.909199999999,25
53111,J44.,4,,6,323.5274725274725,2815.671428571429,3033.324505494506,8592.174175824175,91
53112,J44.,4,,8,345.9752226720648,2803.0047773279352,3073.724129554656,8725.693360323885,247
53113,J44.,4,,9,423.3693661971831,3248.2075,3544.5357394366197,11156.100739436619,284
53123,J44.,4,33.2,8,518.1923809523809,3865.7976190476193,2330.3461904761907,9663.66142857143,42
53124,J44.,4,33.2,9,446.3086363636364,3800.759090909091,3278.222272727273,11712.567727272726,22
53129,J44.,4,34.0,9,496.7095652173913,3430.1391304347826,3789.336956521739,12188.992173913044,23
53182,J44.,4,93.9,6,468.34844827586204,4661.6551724137935,2998.8951724137933,11511.02,58
53183,J44.,4,93.9,8,577.883695652174,4745.297826086957,3346.1875,12727.574782608694,92
53184,J44.,4,93.9,9,655.243738317757,5356.497196261682,3828.459065420561,14463.146261682243,107
53195,J44.,4,96.7,9,1237.7445833333334,7641.984583333334,7548.243333333333,23874.27625,24
53214,J44.,5,,4,373.54,2346.1992,2935.1164000000003,7961.9816,25
53215,J44.,5,,5,372.1047222222222,2512.8559126984123,3263.0524206349205,8754.592976190477,252
53216,J44.,5,,6,384.41992277992284,2830.384607464607,3359.950102960103,9232.20954954955,777
53217,J44.,5,,8,386.75068868980964,2847.8172508398657,3377.9742049272113,9348.125156774915,1786
53218,J44.,5,,9,394.5227162629758,3064.793027681661,3583.3702652825837,9981.437289504038,1734
53244,J44.,5,17.9,6,426.7485714285714,3107.785714285714,3521.1452380952383,10466.16857142857,21
53245,J44.,5,17.9,8,379.29891304347825,2802.0532608695653,3599.6723913043475,10379.43456521739,46
53246,J44.,5,17.9,9,305.3050980392157,2543.786274509804,2731.568235294118,8775.626470588235,51
53270,J44.,5,33.2,5,554.4992000000001,3888.0432,3140.6708,11777.006133333332,75
53271,J44.,5,33.2,6,595.9858235294117,3853.5875294117645,3395.2562941176466,11105.06594117647,170
53272,J44.,5,33.2,8,533.2604115226337,4156.5718518518515,3630.532798353909,12435.418271604938,243
53273,J44.,5,33.2,9,595.576835443038,4777.298987341772,4213.798481012658,14618.1717721519,79
53279,J44.,5,34.0,6,1309.625882352941,3994.919019607843,3700.133137254902,12915.043137254901,51
53280,J44.,5,34.0,8,590.4956862745098,4664.741666666667,4070.6094117647062,13632.746666666666,102
53281,J44.,5,34.0,9,642.6713793103448,4339.176551724137,3620.576091954023,12987.204367816092,87
53287,J44.,5,34.9,8,500.58897959183673,3760.1469387755105,3119.6761224489796,11184.23918367347,49
53288,J44.,5,34.9,9,501.7356,3999.0962666666665,2993.233866666667,10715.1308,75
53292,J44.,5,38.9,8,735.231304347826,7939.788260869565,5506.605652173913,21830.301304347824,23
53293,J44.,5,38.9,9,1144.7071428571428,6396.654642857143,8159.755714285714,25717.174642857142,28
53308,J44.,5,44.1,6,367.48695652173916,2786.392608695652,3097.577826086956,8746.300434782608,23
53309,J44.,5,44.1,8,371.3015909090909,3117.066363636364,3005.9734090909087,9051.86659090909,44
53343,J44.,5,57.9,8,520.6886,4162.4514,4098.5418,13634.3946,50
53344,J44.,5,57.9,9,592.2857534246575,4892.944246575343,4183.773835616438,14420.250684931507,73
53377,J44.,5,88.5,8,1194.5135714285714,3267.615357142857,3612.9564285714287,13417.959642857142,28
53383,J44.,5,89.3,8,371.44375,2767.8646875,2990.1215625,8585.0434375,32
53388,J44.,5,89.5,8,374.0411764705882,3102.5358823529414,2656.7494117647057,9158.783823529413,34
53395,J44.,5,93.1,8,310.8056603773585,3177.6641509433966,2935.7354716981135,8973.048679245283,53
53396,J44.,5,93.1,9,330.3990625,3281.075,2869.3125,9038.1146875,32
53399,J44.,5,93.3,8,353.3590476190476,2576.8333333333335,2804.045238095238,8701.689047619047,21
53400,J44.,5,93.3,9,466.0559259259259,2353.0185185185187,2555.894814814815,8337.32111111111,27
53405,J44.,5,93.9,5,626.8710869565218,3545.801956521739,3388.1098550724637,11421.056666666667,138
53406,J44.,5,93.9,6,650.4368235294119,3529.5477882352943,3336.6868235294114,11158.864282352943,425
53407,J44.,5,93.9,8,640.5064527421238,3717.4341773628935,3459.0927421236875,11410.856697782963,857
53408,J44.,5,93.9,9,728.1049568221072,3994.899343696028,3694.2290673575126,12658.359654576858,579
53412,J44.,5,96.0,6,1588.885,7492.002916666667,7699.749166666667,26510.795416666664,24
53413,J44.,5,96.0,8,1424.9552173913044,7071.37347826087,8315.176666666668,26257.13507246377,69
53414,J44.,5,96.0,9,1495.3422368421052,9141.633947368422,9064.222368421053,30893.460657894735,76
53422,J44.,5,96.7,5,1225.2165625,5630.256875,5782.9253125000005,18353.783125,32
53423,J44.,5,96.7,6,1207.9551648351649,6651.071538461539,6411.205494505494,22566.55967032967,91
53424,J44.,5,96.7,8,1329.524074074074,5983.09417989418,6101.5948148148145,21490.80544973545,189
53425,J44.,5,96.7,9,1490.4738,7755.5145999999995,8481.176066666667,27725.7362,150
53451,J44.,5,99.9,8,472.91285714285715,2410.0114285714285,2929.035428571429,9372.003428571428,35
53452,J44.,5,99.9,9,381.75176470588235,2544.3323529411764,3462.9820588235293,10118.208529411766,34
53454,J44.,6,,4,366.83354166666663,2812.883333333333,2758.2720833333333,8259.056875,48
53455,J44.,6,,5,377.4000894854586,3460.917203579418,3326.3448545861297,9861.19706935123,447
53456,J44.,6,,6,388.2770897832817,3533.4204024767805,3505.069009287926,10262.460820433436,1292
53457,J44.,6,,8,381.87213823629554,3647.942853251617,3579.1140585631597,10520.5248144365,2937
53458,J44.,6,,9,424.71564300773014,3989.0888369641602,4042.4752494729446,12202.8711208714,2846
53491,J44.,6,17.9,5,398.65999999999997,3668.6679487179485,3832.188205128205,10581.292564102563,39
53492,J44.,6,17.9,6,381.2789256198347,3337.577851239669,4645.798760330578,11413.118016528926,121
53493,J44.,6,17.9,8,394.1141975308642,3416.674403292181,4759.615432098765,11915.991028806584,243
53494,J44.,6,17.9,9,418.53401360544217,3911.2675850340133,4850.172653061224,12858.422142857142,294
53515,J44.,6,31.4,8,409.0682608695652,4186.491304347826,3304.6830434782605,10603.044347826086,23
53523,J44.,6,33.2,4,429.2651724137931,4700.210344827587,2744.906206896552,10839.157586206897,29
53524,J44.,6,33.2,5,521.4808755760369,4672.344792626728,3493.4338248847926,11928.660506912443,217
53525,J44.,6,33.2,6,528.5266666666666,4971.851065759637,3679.543015873016,12616.428616780044,441
53526,J44.,6,33.2,8,586.387503875969,5167.122527131783,4339.496527131783,14234.606713178295,645
53527,J44.,6,33.2,9,589.6773469387756,5987.960163265306,4826.648897959183,16258.731591836735,245
53536,J44.,6,34.0,5,683.7421875,5320.7628125,4852.8675,15885.0353125,32
53537,J44.,6,34.0,6,750.8489655172414,4833.099655172414,4277.685977011494,14536.72,87
53538,J44.,6,34.0,8,749.4210322580644,5443.36864516129,4382.3422580645165,15540.723935483871,155
53539,J44.,6,34.0,9,801.8178289473684,5847.419407894737,4974.109868421052,16959.885855263157,152
53549,J44.,6,34.9,6,657.8385714285714,4856.4962857142855,3304.2262857142855,12850.164857142858,35
53550,J44.,6,34.9,8,630.3675903614458,5439.785421686747,4026.935662650602,14358.19,83
53551,J44.,6,34.9,9,760.6844537815126,6099.268571428571,4532.934705882353,16648.502521008402,119
53562,J44.,6,38.9,6,1516.565,9207.043181818182,8313.95090909091,25259.931363636362,22
53563,J44.,6,38.9,8,954.2057692307693,7932.3147435897445,7268.917435897437,21828.97487179487,78
53564,J44.,6,38.9,9,1005.8041304347826,8788.856666666667,8612.190289855072,26958.650652173914,138
53587,J44.,6,44.1,6,352.92578947368423,3980.563947368421,3303.886052631579,11063.266315789473,38
53588,J44.,6,44.1,8,445.44740740740735,4164.310493827161,3440.7492592592594,11018.133209876543,81
53589,J44.,6,44.1,9,652.035,4925.055384615384,4533.082307692308,14102.493461538463,26
53631,J44.,6,57.9,8,949.8613513513515,6599.038648648649,5264.174054054054,18628.30918918919,37
53632,J44.,6,57.9,9,798.9547142857143,6502.4121428571425,5801.0085714285715,18885.28814285714,70
53663,J44.,6,87.4,8,351.4033333333333,3678.724242424242,3254.980909090909,9774.46484848485,33
53664,J44.,6,87.4,9,376.01969696969695,4130.939393939394,3779.7033333333334,11770.140606060606,33
53675,J44.,6,88.5,6,971.4834210526317,3762.912105263158,2704.762894736842,11982.203157894735,38
53676,J44.,6,88.5,8,1163.807,4321.606571428571,3523.2402857142856,14513.551714285713,70
53677,J44.,6,88.5,9,1489.7382857142857,4734.427142857143,4698.760285714286,17145.29914285714,35
53686,J44.,6,89.3,5,302.03136363636366,3535.2218181818184,2883.4377272727274,9233.781818181818,22
53687,J44.,6,89.3,6,310.59561403508775,3557.438596491228,3476.2559649122804,9761.049824561404,57
53688,J44.,6,89.3,8,324.6584126984127,4006.2292063492064,3986.0184126984127,10814.206825396826,126
53689,J44.,6,89.3,9,318.149381443299,4147.199587628866,4078.270618556701,11217.445670103092,97
53691,J44.,6,89.5,5,424.46478260869566,4060.121739130435,3222.7739130434784,11037.164347826087,23
53692,J44.,6,89.5,6,356.7059016393443,3656.957049180328,3473.277213114754,11208.335573770491,61
53693,J44.,6,89.5,8,388.1965697674419,3945.4981976744184,3411.17761627907,11303.192093023255,172
53694,J44.,6,89.5,9,422.14707142857145,4483.9875,3941.512928571429,13187.250285714286,140
53697,J44.,6,89.6,8,554.3669444444445,5852.1875,7380.0666666666675,17601.2125,36
53698,J44.,6,89.6,9,412.8827027027027,4655.502972972972,5672.921621621622,14510.535135135136,37
53708,J44.,6,93.3,6,324.7477272727273,2901.8290909090906,3114.514090909091,9389.254545454545,44
53709,J44.,6,93.3,8,350.08504132231405,3463.4771074380164,3537.6919834710743,10833.950330578513,121
53710,J44.,6,93.3,9,396.8857391304348,3897.9393043478262,4183.83747826087,12939.824869565218,115
53716,J44.,6,93.9,4,610.0468571428571,4172.232285714286,3086.1045714285715,11634.655999999999,35
53717,J44.,6,93.9,5,657.2157260273972,4429.324273972603,3804.7477534246573,13363.082657534247,365
53718,J44.,6,93.9,6,628.2427777777777,4377.341507936509,3979.3297123015873,13351.072797619048,1008
53719,J44.,6,93.9,8,641.1456676557864,4675.204901088032,4261.59834322453,14216.187101879328,2022
53720,J44.,6,93.9,9,715.8830077890952,5499.895008987417,4898.133301378071,16623.37639304973,1669
53725,J44.,6,96.0,6,3209.685,9431.267692307692,10135.03653846154,35026.66115384615,26
53726,J44.,6,96.0,8,1920.8849275362318,12017.18,11043.99188405797,36403.006376811594,69
53727,J44.,6,96.0,9,1485.7554794520547,10033.686027397262,9256.172739726027,29882.05671232877,73
53737,J44.,6,96.7,5,1557.7327586206898,7476.32,8025.238275862069,26880.991379310344,58
53738,J44.,6,96.7,6,1990.015137614679,10142.10385321101,10543.912110091742,34065.08477064221,109
53739,J44.,6,96.7,8,1679.9019841269842,9419.61761904762,9206.378055555555,31008.8525,252
53740,J44.,6,96.7,9,2263.420606060606,11730.186616161616,10962.386818181818,38020.10398989899,198
53756,J44.,6,99.2,6,355.17875000000004,3021.066666666667,3163.6162500000005,8972.2825,24
53757,J44.,6,99.2,8,387.94812499999995,3807.3541666666665,3967.29125,10967.204270833334,96
53758,J44.,6,99.2,9,372.43307692307695,3657.3526153846155,3603.877846153846,10577.547076923078,65
53765,J44.,6,99.9,5,349.3805555555556,3675.1805555555557,4770.726388888888,11560.52638888889,36
53766,J44.,6,99.9,6,345.2721428571429,3603.1033035714286,4699.500446428572,11605.216875,112
53767,J44.,6,99.9,8,365.9025641025641,4085.0327884615385,5054.829230769231,12902.877275641025,312
53768,J44.,6,99.9,9,396.4514814814815,4259.84975308642,5274.065925925926,14001.605144032921,243
53821,J45.,5,,0,286.9782142857143,708.7325000000001,978.7753571428572,3447.2682142857143,28
53877,J45.,6,,5,358.87652173913045,3134.220652173913,2179.4719565217392,7457.701086956522,46
53878,J45.,6,,6,362.25575,3499.2464999999997,2612.36175,8536.45075,40
54113,J47.,3,,5,324.28714285714284,1457.435238095238,2811.13,6224.988095238095,21
54115,J47.,3,,8,354.82565217391306,1966.7773913043477,3174.35652173913,7911.823913043479,23
54172,J47.,5,,5,332.4844186046512,2066.5993023255814,3021.1220930232557,7303.193720930233,43
54173,J47.,5,,6,332.72180000000003,2293.014,2799.5759999999996,7498.038200000001,50
54174,J47.,5,,8,317.98923076923074,2661.1423076923074,3924.943653846154,9453.347115384615,52
54175,J47.,5,,9,313.29533333333336,3029.6600000000003,3798.0063333333333,10523.106,30
54183,J47.,5,33.2,5,456.2476744186047,2870.3837209302324,2185.2616279069766,7707.350697674419,43
54184,J47.,5,33.2,6,482.28275862068966,3369.0144827586205,2522.8424137931033,9129.59551724138,29
54185,J47.,5,33.2,8,466.81840000000005,3254.2516000000005,3000.1416,9655.8416,25
54238,J47.,6,,4,374.96742857142857,3110.1145714285713,2789.128285714286,8479.635714285714,35
54239,J47.,6,,5,371.64028571428577,3188.4845714285716,3032.263238095238,8803.130761904762,105
54240,J47.,6,,6,385.00019230769226,3441.417307692308,2873.5032692307695,8835.732019230769,104
54241,J47.,6,,8,360.53027972027974,3468.608951048951,3068.5863636363633,9242.524125874126,143
54242,J47.,6,,9,480.2789189189189,3270.3675675675677,3486.024864864865,10210.083108108109,74
54275,J47.,6,33.2,3,399.4782608695652,3534.7404347826086,2726.478260869565,9457.670869565218,23
54276,J47.,6,33.2,4,403.66589285714286,3480.2314285714283,2489.3146428571426,9001.019285714287,56
54277,J47.,6,33.2,5,513.7178881987578,3954.886894409938,2688.0437888198758,10200.72950310559,161
54278,J47.,6,33.2,6,472.6570642201835,4167.138256880734,3342.3995412844038,11039.05119266055,109
54279,J47.,6,33.2,8,473.6266666666667,4552.7725,3189.8008333333332,11658.064583333333,72
54300,J47.,6,39.7,5,8416.281315789474,5185.2255263157895,4008.0197368421054,28260.40894736842,38
54301,J47.,6,39.7,6,7346.854000000001,5143.2342499999995,4383.2985,26219.33825,40
54302,J47.,6,39.7,8,8705.565,6748.345,4805.922272727273,28781.236818181816,22
54370,J47.,6,93.9,6,725.7992307692307,4011.847307692308,3916.1419230769234,13155.806153846155,26
54371,J47.,6,93.9,8,731.2079166666667,4542.4383333333335,4156.105416666666,12557.26375,24
54403,J60.,3,,9,314.28291666666667,633.5416666666666,2143.8275,6719.943749999999,24
54460,J62.,6,,5,736.0023529411765,2382.294117647059,6078.407058823529,14537.865294117646,34
54632,J69.,6,,9,711.5495238095239,7369.325714285714,5922.955238095238,22836.989999999998,21
54667,J69.,6,93.9,9,746.3332,9963.056,7897.0856,27267.082400000003,25
54881,J84.,5,,8,348.30212121212116,3039.992424242424,2873.1954545454546,8577.663333333334,33
54882,J84.,5,,9,460.44965517241377,2645.3731034482757,3644.6458620689655,9360.31724137931,29
54939,J84.,6,,5,428.51953846153845,3934.3439999999996,2787.4719999999998,9975.338923076924,65
54940,J84.,6,,6,404.6791935483871,4510.276612903226,3227.8224193548385,11939.535161290323,62
54941,J84.,6,,8,414.99458823529415,4731.977764705882,4102.272235294118,12668.987882352942,85
54942,J84.,6,,9,392.14696969696973,4483.689393939394,3743.217727272727,12472.344545454545,66
54962,J84.,6,32.2,5,16196.297142857144,7599.209428571429,5048.512571428571,41213.90142857143,35
54963,J84.,6,32.2,6,17116.506296296295,5444.337407407407,3511.8951851851853,37049.19259259259,27
54969,J84.,6,32.3,5,16274.476799999999,6141.5428,3038.0679999999998,36312.062399999995,25
54974,J84.,6,32.4,5,20483.240833333333,6766.669583333333,3823.9620833333333,45349.942500000005,24
54980,J84.,6,33.2,5,1119.4263157894736,6154.309605263158,2586.4477631578948,13870.294605263156,76
54981,J84.,6,33.2,6,1066.1356666666666,6182.9955,2752.9801666666667,13988.607333333335,60
54982,J84.,6,33.2,8,981.8129268292683,6836.962926829267,3701.309512195122,15521.063170731706,41
55059,J84.,6,93.9,6,746.9223076923076,5969.002692307693,5149.8973076923085,17384.006538461537,26
55060,J84.,6,93.9,8,870.8705,5695.028,5937.3335,18909.351000000002,40
55061,J84.,6,93.9,9,677.5330434782609,5896.2156521739125,4945.524782608696,20193.414782608696,23
55148,J85.,5,33.2,5,764.1650000000001,3787.9634615384616,3975.9257692307697,11362.137692307693,26
55149,J85.,5,33.2,6,611.3636363636364,4692.900000000001,5389.0124242424245,14806.798787878788,33
55150,J85.,5,33.2,8,685.3795238095238,4629.239523809524,4579.747619047619,13962.810000000001,21
55192,J85.,6,,6,476.87,4721.370857142858,5042.8042857142855,13853.275428571429,35
55222,J85.,6,33.2,4,682.5886666666667,6175.071,4625.481,15305.593666666666,30
55223,J85.,6,33.2,5,1052.3855084745762,5982.791610169492,5639.775508474577,17114.809152542373,118
55224,J85.,6,33.2,6,926.9728712871287,6266.530000000001,5125.862178217822,16879.4100990099,101
55225,J85.,6,33.2,8,679.3943283582089,5735.308955223881,4628.551044776119,15247.511492537315,67
55226,J85.,6,33.2,9,939.4839130434783,8563.971304347826,8080.75,24445.15434782609,23
55407,J86.,6,34.0,5,2342.3646875,7208.8559375,8413.390625,27862.5440625,32
55408,J86.,6,34.0,6,1999.2755555555555,8094.545555555556,9059.605555555556,30203.293055555558,36
55409,J86.,6,34.0,8,1273.2185185185185,6221.044074074074,6189.769259259258,20132.86111111111,27
55580,J93.,3,34.0,5,1233.3257142857144,2013.5525,1659.9153571428571,7570.828928571428,28
55581,J93.,3,34.0,6,1015.1085185185185,2273.818888888889,2551.3707407407405,9028.23851851852,27
55582,J93.,3,34.0,8,465.47769230769234,2129.353846153846,1715.1523076923077,6876.428076923077,26
55619,J93.,5,32.2,1,10128.364,2035.0648,1764.7556,22425.729199999998,25
55634,J93.,5,34.0,4,526.6965217391305,2024.2221739130434,1750.9304347826087,6690.963913043479,23
55635,J93.,5,34.0,5,489.88203125,2289.09890625,2296.70984375,8319.99125,64
55636,J93.,5,34.0,6,698.1726744186046,2785.0047674418606,2630.54988372093,9635.492790697674,86
55637,J93.,5,34.0,8,655.8811578947368,2327.576105263158,2271.6772631578947,8756.35705263158,95
55638,J93.,5,34.0,9,545.9697297297298,2780.6243243243243,2439.207567567568,9339.08081081081,37
55660,J93.,6,32.2,1,11684.988775510203,2275.1567346938773,1829.7002040816326,24064.79081632653,49
55661,J93.,6,32.2,2,12868.459230769231,2160.4153846153845,2500.6846153846154,27170.173846153848,39
55664,J93.,6,32.2,5,15029.2948,3158.7588,4348.5688,34134.71,25
55677,J93.,6,34.0,1,470.95836734693876,1230.6685714285716,464.6159183673469,3824.1532653061226,49
55678,J93.,6,34.0,2,419.54976744186047,1690.326511627907,1079.6695348837209,5269.091162790698,43
55679,J93.,6,34.0,3,459.7536666666667,1677.816,634.4613333333333,4468.660999999999,30
55680,J93.,6,34.0,4,953.2538461538461,2032.1638461538462,1578.923846153846,7674.917692307692,26
55681,J93.,6,34.0,5,730.4972602739726,2450.8720547945204,1809.779178082192,7856.739726027397,73
55682,J93.,6,34.0,6,736.0618803418804,3624.8824786324785,3207.125042735043,12057.892905982906,117
55683,J93.,6,34.0,8,742.8501492537313,3321.9243283582086,2908.0217164179107,11769.47343283582,134
55684,J93.,6,34.0,9,635.8178181818182,3504.7849090909094,2970.366,10930.485999999999,55
55794,J94.,5,34.0,5,568.3821428571429,3098.485,1459.2453571428573,7343.689642857143,28
55795,J94.,5,34.0,6,1161.1324324324326,3694.062432432432,3025.678108108108,11606.054864864866,37
55796,J94.,5,34.0,8,692.5383720930233,3773.610930232558,2161.3062790697672,9755.130232558138,43
55797,J94.,5,34.0,9,566.2486206896551,3202.5906896551724,1742.163103448276,7934.825172413793,29
55806,J94.,5,34.9,6,494.23760000000004,3269.6279999999997,1496.8712,7439.855599999999,25
55807,J94.,5,34.9,8,544.9380555555556,2753.4083333333333,2159.8947222222223,7999.556111111112,36
55855,J94.,6,34.0,5,749.0659322033898,3309.4052542372883,1887.9186440677965,9156.257796610169,59
55856,J94.,6,34.0,6,805.6764285714287,4120.687261904762,2944.5426190476187,12165.54380952381,84
55857,J94.,6,34.0,8,732.6705999999999,4359.8369,2872.7727,11875.610200000001,100
55858,J94.,6,34.0,9,861.4224242424242,4931.125151515152,2967.9115151515152,13004.623939393938,66
55877,J94.,6,34.9,5,1028.746,4600.454666666667,3832.585666666667,12734.879666666668,30
55878,J94.,6,34.9,6,735.5231111111111,4703.058222222222,2908.9086666666667,11202.27711111111,45
55879,J94.,6,34.9,8,826.3594827586206,5170.097758620689,3020.099827586207,12339.251379310344,58
55880,J94.,6,34.9,9,632.0057142857144,4858.331999999999,2602.0337142857147,11246.907714285715,35
56002,J96.,3,,6,571.8788,2874.9320000000002,4399.1298,12160.269199999999,50
56003,J96.,3,,8,549.1529885057471,3623.92816091954,4572.0556321839085,12456.616206896553,87
56004,J96.,3,,9,427.9122429906542,3717.4155140186917,4466.349158878505,12919.975046728972,107
56044,J96.,3,93.9,6,529.1411428571428,4346.069714285714,3285.8197142857143,14642.804857142857,35
56045,J96.,3,93.9,8,633.4024561403509,4058.6677192982456,3599.622456140351,13389.172105263158,57
56046,J96.,3,93.9,9,649.7386206896552,3644.263103448276,4109.243965517241,14500.17448275862,58
56088,J96.,4,93.9,8,401.57969696969695,4121.712121212121,2495.8515151515153,10741.559393939395,33
56103,J96.,5,,5,468.2571794871795,3341.9666666666667,3606.440769230769,11814.300256410257,39
56104,J96.,5,,6,444.37904761904764,4134.287301587302,4237.154126984127,12475.026666666667,63
56105,J96.,5,,8,439.94785310734466,3479.361299435028,3896.5864406779665,11662.96011299435,177
56106,J96.,5,,9,424.8581761006289,3743.467610062893,3859.2571698113206,11479.900880503144,159
56123,J96.,5,33.2,8,695.9307692307692,5117.964358974358,5002.703333333333,16862.707692307693,39
56168,J96.,5,93.9,5,462.0044186046511,4143.752558139535,3230.589534883721,11896.83488372093,43
56169,J96.,5,93.9,6,559.7151851851852,4580.863703703704,3699.8075925925928,13570.301944444445,108
56170,J96.,5,93.9,8,552.0592682926829,4224.046829268293,3283.2440650406506,11931.591951219512,246
56171,J96.,5,93.9,9,534.2645578231293,4293.398299319728,3504.1940816326533,12857.005918367347,147
56176,J96.,5,96.0,9,1111.0033333333333,7194.570952380952,8099.920476190476,23908.89476190476,21
56181,J96.,5,96.7,6,2493.8438461538462,6289.04923076923,5458.864102564103,21571.739230769228,39
56182,J96.,5,96.7,8,1563.0819999999999,8407.192933333334,7910.837599999999,27588.146666666667,75
56183,J96.,5,96.7,9,1838.7787878787879,7170.197727272727,7773.7013636363645,27426.52378787879,66
56202,J96.,6,,5,474.0093023255814,3953.1302325581396,3905.8002325581397,11972.200697674418,43
56203,J96.,6,,6,422.41076086956525,4044.1967391304347,4187.609782608695,12546.527826086956,92
56204,J96.,6,,8,484.09266272189353,3992.2446153846154,4271.035325443787,12672.934378698226,169
56205,J96.,6,,9,503.3784615384615,4428.242769230769,5156.367076923077,14788.933307692309,130
56237,J96.,6,33.2,6,553.8741666666667,5201.500555555555,4119.7122222222215,14218.376666666667,36
56238,J96.,6,33.2,8,693.4399999999999,5906.3584375,5353.227187500001,17046.3990625,32
56239,J96.,6,33.2,9,873.4686666666668,8043.995,7393.094666666667,25402.177666666666,30
56325,J96.,6,93.9,0,2606.3463855421687,12647.959759036143,6563.510963855422,34208.56397590361,83
56330,J96.,6,93.9,5,705.6557692307692,4622.636282051282,4582.759358974358,15010.886025641026,78
56331,J96.,6,93.9,6,820.7866242038217,5433.69872611465,4665.104331210191,16692.62535031847,157
56332,J96.,6,93.9,8,683.4217428571428,5333.148228571428,4750.579714285714,16266.650914285716,350
56333,J96.,6,93.9,9,710.3368224299065,5629.1939563862925,5593.985981308411,18126.214579439253,321
56340,J96.,6,96.0,6,1655.398181818182,9080.59590909091,7122.780454545454,25175.453181818182,22
56341,J96.,6,96.0,8,3640.231621621622,9118.643243243243,10997.576216216217,34636.41837837838,37
56342,J96.,6,96.0,9,2941.438620689655,14620.406896551724,17689.798965517242,55359.31793103448,29
56344,J96.,6,96.7,0,7879.291923076923,30262.826923076922,31214.787307692306,103390.62730769231,26
56349,J96.,6,96.7,5,1592.5496153846154,8300.387692307691,6438.3557692307695,27011.510769230772,26
56350,J96.,6,96.7,6,2140.664047619048,11333.36761904762,9956.903571428571,36053.524761904766,42
56351,J96.,6,96.7,8,2029.7183333333335,9244.858333333334,11099.694666666668,35237.543,60
56352,J96.,6,96.7,9,2966.023214285714,11789.790357142858,11346.220714285715,41502.89369047619,84
56377,J98.,1,,8,442.12928571428574,1450.0857142857144,4716.128571428571,13258.640357142856,28
56378,J98.,1,,9,395.7035294117647,1526.4617647058822,3086.3761764705882,10893.032647058822,34
56398,J98.,2,,5,357.0386956521739,1308.1865217391305,2315.6182608695653,5458.222173913044,23
56399,J98.,2,,6,524.7952,1599.6476,3131.9611999999997,7458.1496,25
56400,J98.,2,,8,393.0715,1816.056,3191.693,8108.3949999999995,40
56401,J98.,2,,9,352.93710144927536,1870.6195652173913,3646.621594202899,8066.860144927536,69
56435,J98.,3,,1,298.6593103448276,1045.0617241379312,1333.6782758620689,4302.512413793103,29
56437,J98.,3,,3,299.85486486486485,2198.4659459459463,2251.178108108108,6673.30027027027,37
56438,J98.,3,,4,323.0690769230769,2356.226769230769,2184.6432307692307,7371.490461538461,65
56439,J98.,3,,5,314.06361111111113,2224.8396296296296,2447.36037037037,7378.025555555556,108
56440,J98.,3,,6,334.3111504424779,2281.054336283186,2744.294336283186,7511.040707964602,113
56441,J98.,3,,8,338.81733333333335,2431.7588148148147,2906.0346666666665,7948.318592592593,135
56442,J98.,3,,9,385.4420437956204,2427.9220437956205,3745.6216788321167,10652.007372262773,137
56630,J98.,5,,4,341.94300000000004,2516.9036666666666,2965.287333333333,8308.850333333334,30
56631,J98.,5,,5,422.87434210526317,2659.4294736842107,2483.3347368421055,7724.410921052631,76
56632,J98.,5,,6,412.02852272727273,3030.2529545454545,3500.482045454545,10382.130000000001,88
56633,J98.,5,,8,367.9214285714286,3327.0194155844156,2907.2872077922075,9303.12935064935,154
56634,J98.,5,,9,386.8222929936306,3385.9761146496817,3823.255923566879,11470.502420382165,157
56660,J98.,5,32.2,5,14604.07379310345,5081.965862068966,3000.9337931034484,31271.785172413794,29
56681,J98.,5,33.2,5,523.9444444444445,3562.277777777778,2525.765185185185,9382.984074074075,54
56682,J98.,5,33.2,6,534.8308888888889,3613.8777777777777,2360.1104444444445,9190.14,45
56683,J98.,5,33.2,8,543.5678571428571,3979.1635714285712,2581.527380952381,10010.090476190477,42
56793,J98.,6,,0,402.5261764705882,1845.4544117647058,1244.9285294117647,5651.269705882353,34
56794,J98.,6,,1,435.105,2770.3224999999998,1330.3700000000001,6314.6645,40
56795,J98.,6,,2,306.56857142857143,3471.8895238095242,1709.0385714285712,7532.536190476191,21
56796,J98.,6,,3,367.80386363636364,3200.473181818182,2225.6136363636365,8774.38159090909,44
56797,J98.,6,,4,370.2754545454545,4450.467636363636,2407.9094545454545,10417.826363636363,55
56798,J98.,6,,5,404.8380769230769,4256.602948717949,2453.579807692308,10583.016923076922,156
56799,J98.,6,,6,396.9986274509804,3694.877320261438,2934.172941176471,9651.621241830066,153
56800,J98.,6,,8,429.6994300518135,4580.038911917099,3304.857512953368,11869.513160621762,193
56801,J98.,6,,9,879.3019431279621,5895.758293838862,4508.852037914692,18716.126587677725,211
56820,J98.,6,17.9,0,455.94734042553193,915.5136170212766,1406.6664893617021,4945.127553191489,94
56867,J98.,6,32.2,3,14106.822702702702,6276.547567567568,3374.364054054054,35622.89810810811,37
56868,J98.,6,32.2,4,14185.05540229885,5610.726206896552,2852.9463218390806,34517.05574712644,87
56869,J98.,6,32.2,5,15092.367511520737,6189.713548387097,3390.149953917051,35823.88230414747,217
56870,J98.,6,32.2,6,15110.253301886793,6421.882830188679,3680.036981132075,36043.07735849057,106
56871,J98.,6,32.2,8,15611.592962962963,7277.659629629629,4468.9612962962965,39216.157222222224,54
56875,J98.,6,32.3,4,22021.228333333336,5954.808888888889,3333.1612962962963,44793.77444444444,54
56876,J98.,6,32.3,5,21490.729137931034,5861.37301724138,3556.8330172413794,44381.10094827586,116
56877,J98.,6,32.3,6,20999.042666666668,6520.105555555556,3898.1853333333333,45625.42088888889,45
56883,J98.,6,32.4,4,21825.36463414634,7199.891219512195,4976.524390243902,49603.016097560976,41
56884,J98.,6,32.4,5,21808.47180952381,7037.003619047619,4541.388285714286,49109.62038095238,105
56885,J98.,6,32.4,6,21742.999047619047,7821.294444444445,4305.423650793651,49378.01333333333,63
56886,J98.,6,32.4,8,21361.868695652174,8626.11,4462.416086956522,49718.366956521735,23
56892,J98.,6,33.2,0,313.4818303571429,2618.8928571428573,923.4833482142857,7196.690580357143,224
56893,J98.,6,33.2,1,352.2397222222222,2780.766666666667,1182.8758333333333,7161.076111111111,36
56894,J98.,6,33.2,2,644.9877777777779,4107.737777777777,1805.721388888889,9315.764444444445,36
56895,J98.,6,33.2,3,488.6161904761905,4067.769761904762,1819.5569047619047,8770.150952380953,42
56896,J98.,6,33.2,4,571.5286170212767,4370.649255319149,1859.3063829787234,9365.384255319148,94
56897,J98.,6,33.2,5,564.5858333333333,4490.6087777777775,2054.7081666666663,9514.213722222223,180
56898,J98.,6,33.2,6,642.2983333333334,4978.950606060606,2815.251590909091,11212.406136363637,132
56899,J98.,6,33.2,8,647.2074774774775,5281.583873873874,2683.571711711712,11842.38981981982,111
56900,J98.,6,33.2,9,656.9171428571428,4887.356571428571,3750.251142857143,12626.87542857143,35
56936,J98.,6,34.3,4,4416.813749999999,3859.12875,2870.32475,24112.78425,40
56937,J98.,6,34.3,5,5526.53511627907,5401.630581395349,4133.964418604651,27288.660232558137,86
56938,J98.,6,34.3,6,6098.1866666666665,5134.805833333334,2691.1433333333334,27441.30638888889,36
57103,J98.,6,93.9,9,845.9536363636364,9066.002121212121,5711.817878787879,23484.073636363635,33
57163,K00.,6,23.1,0,464.4638235294118,684.6794117647058,391.2197058823529,4467.011470588236,34
57298,K06.,6,24.3,5,1543.6120689655172,2245.5489655172414,1376.4089655172413,9595.055517241379,29
57345,K07.,6,76.6,2,16732.408395061728,13007.425925925925,1162.0174074074075,53301.77308641975,81
57349,K07.,6,76.9,2,12146.689629629629,9919.777777777777,1027.845185185185,32862.05703703704,27
57436,K09.,6,24.4,1,1333.088148148148,1911.1911111111112,830.1085185185185,9040.544074074074,27
57437,K09.,6,24.4,2,1562.4985714285715,2074.397619047619,1393.3766666666666,10640.678095238094,21
57484,K09.,6,76.2,1,1515.395,1566.9492857142857,1348.655,10903.622142857143,42
57485,K09.,6,76.2,2,1150.5353271028036,1488.2388785046728,1397.5241121495328,10530.435140186917,107
57486,K09.,6,76.2,3,1781.5995,1516.8479,1516.6412,11411.6409,100
57487,K09.,6,76.2,4,973.0651470588234,1693.8976470588234,1405.3760294117649,10980.066323529412,68
57488,K09.,6,76.2,5,1421.766754385965,1705.052105263158,1505.0661403508773,11198.858245614036,114
57489,K09.,6,76.2,6,2384.268095238095,2218.7883333333334,1642.7495238095237,13335.159523809523,42
57490,K09.,6,76.2,8,1300.838,2174.7876666666666,1550.5716666666667,11616.925333333334,30
57562,K10.,6,76.2,5,1834.5923333333335,2697.6266666666666,2429.1586666666667,15802.195333333333,30
57714,K11.,6,26.2,3,1145.3535714285715,1955.4678571428572,1118.165,8193.270714285714,28
57715,K11.,6,26.2,4,1507.0046153846156,1966.2453846153844,1466.2034615384616,9467.362307692307,26
57716,K11.,6,26.2,5,1251.5575000000001,2416.3117857142856,1274.6960714285713,9379.053214285714,28
57721,K11.,6,26.3,1,1473.3317241379311,1795.3217241379311,1446.8258620689653,8446.373793103448,29
57722,K11.,6,26.3,2,1582.144864864865,1988.3067567567568,1568.1710810810812,9851.283243243242,37
57723,K11.,6,26.3,3,1322.986923076923,1973.8910256410256,1636.273846153846,9540.991282051282,39
57724,K11.,6,26.3,4,1914.4803333333332,1970.47,1479.6316666666667,10376.154666666667,30
57725,K11.,6,26.3,5,1826.480512820513,2166.758205128205,1858.9074358974358,11052.774358974359,39
57726,K11.,6,26.3,6,1661.408181818182,2195.191363636364,1434.6145454545456,10015.055,22
57850,K12.,6,17.9,0,304.87619047619046,592.9047619047619,452.2295238095238,2143.872380952381,21
57874,K12.,6,27.0,4,1608.8455999999999,4049.8788,5853.7128,19802.028000000002,25
57875,K12.,6,27.0,5,2701.380303030303,6659.575454545455,10055.682424242425,31561.177272727273,33
57876,K12.,6,27.0,6,1490.3873170731706,4899.571707317074,5509.613170731707,20709.46487804878,41
57877,K12.,6,27.0,8,1402.59125,5313.70875,5655.2109375,19864.81,32
58068,K14.,6,25.1,5,1401.4939130434782,1553.9382608695653,1098.23,7336.1213043478265,46
58069,K14.,6,25.1,6,1535.4178260869564,1843.2452173913043,1374.116956521739,7932.55347826087,23
58251,K21.,6,,6,344.65565217391304,3195.426086956522,1675.6704347826087,6679.722173913043,23
58252,K21.,6,,8,328.51,3668.6352,1763.4848000000002,7132.18,25
58253,K21.,6,,9,356.7847826086956,2854.595652173913,2330.1917391304346,7808.256086956522,23
58281,K21.,6,44.1,5,567.2224324324325,3865.3513513513512,1180.8137837837837,7403.182162162162,37
58282,K21.,6,44.1,6,446.777380952381,3535.7716666666665,1514.026904761905,7236.980238095238,42
58283,K21.,6,44.1,8,446.5471052631579,3785.9278947368425,1288.6563157894736,7141.510263157895,38
58377,K22.,3,42.3,4,272.3448148148148,1779.9259259259259,1285.6918518518519,5769.4596296296295,27
58378,K22.,3,42.3,5,407.8418644067796,1957.635593220339,1413.9689830508473,6037.461525423729,59
58524,K22.,6,42.3,3,1394.848787878788,2180.1472727272726,1378.0172727272727,8550.948484848484,33
58525,K22.,6,42.3,4,1590.8904545454543,1918.7270454545455,1292.4236363636364,7672.519090909092,44
58526,K22.,6,42.3,5,2479.4150331125825,3231.7435761589404,1803.8078145695363,11740.95357615894,151
58527,K22.,6,42.3,6,3035.5480722891566,3235.0901204819274,1952.3668674698797,12787.595060240963,83
58528,K22.,6,42.3,8,3000.502045454545,3971.040681818182,2030.7622727272726,14085.725909090908,44
58543,K22.,6,42.8,6,6086.712272727274,3586.701363636363,4862.117727272727,20671.701363636363,22
58544,K22.,6,42.8,8,4634.183142857143,3577.9971428571425,3620.0228571428574,16592.648285714284,35
58550,K22.,6,42.9,5,2896.6448387096775,2832.8548387096776,1778.7074193548387,10379.848387096774,31
58551,K22.,6,42.9,6,2902.233103448276,3275.1772413793105,1861.5137931034483,11347.193103448275,29
58552,K22.,6,42.9,8,1686.6845945945947,2603.687837837838,1342.3054054054055,8426.520540540541,37
58560,K22.,6,43.4,3,1496.422380952381,1751.2833333333333,778.2528571428571,6003.420476190476,21
58561,K22.,6,43.4,4,764.7057142857144,1560.4167857142857,769.8671428571428,5245.632857142858,28
58562,K22.,6,43.4,5,1719.4597435897438,2110.148205128205,1410.866923076923,7917.624615384615,39
58572,K22.,6,44.1,6,352.6561538461538,3333.1146153846153,2087.950384615385,8393.956538461538,26
58573,K22.,6,44.1,8,497.78142857142853,3838.5728571428567,2034.1082142857142,8822.899285714286,28
58675,K25.,3,44.1,5,358.0013333333334,2511.558,2600.059,7557.218,30
58676,K25.,3,44.1,6,331.9775757575758,2825.9539393939394,2311.980606060606,8316.153636363637,33
58677,K25.,3,44.1,8,402.13272727272727,2791.9829545454545,2400.5861363636363,8397.6525,44
58678,K25.,3,44.1,9,329.495,3413.3763636363637,2723.955454545455,10243.669545454544,22
58767,K25.,5,,6,446.72272727272724,2858.893181818182,2478.846818181818,8854.604545454546,22
58768,K25.,5,,8,361.49323529411765,2781.9261764705884,2494.324705882353,8223.076470588234,34
58769,K25.,5,,9,339.53815789473686,3116.4523684210526,2843.9821052631582,9705.232368421053,38
58789,K25.,5,44.1,5,568.3827142857143,3455.8222857142855,2667.9970000000003,10275.066,70
58790,K25.,5,44.1,6,393.5404,3500.428,2089.7185333333337,8895.284133333334,75
58791,K25.,5,44.1,8,378.3471755725191,3433.3925190839695,2702.5096946564886,9693.41320610687,131
58792,K25.,5,44.1,9,482.9644897959184,4395.727551020408,3221.3736734693875,12344.591428571428,49
58797,K25.,5,44.4,5,2322.3260416666667,3556.1704166666664,5733.102708333333,18727.508958333332,48
58798,K25.,5,44.4,6,2581.432222222222,5097.972777777778,5883.164259259259,22352.844259259262,54
58799,K25.,5,44.4,8,2550.3275,5871.5929166666665,7585.554444444445,25902.82486111111,72
58800,K25.,5,44.4,9,3144.441739130435,7124.4908695652175,8871.425,30090.007173913044,46
58809,K25.,5,45.1,5,487.42413793103447,3871.0620689655175,1900.0520689655173,9263.305172413793,29
58810,K25.,5,45.1,6,544.614705882353,4019.497058823529,2376.3735294117646,10081.974117647058,34
58811,K25.,5,45.1,8,486.01846153846157,3195.488205128205,2163.5110256410258,9219.058717948717,39
58861,K25.,6,,5,358.8015,3036.21225,2580.9835,8106.165000000001,40
58862,K25.,6,,6,445.28833333333336,4156.525833333333,3473.251388888889,10928.842222222222,36
58863,K25.,6,,8,449.27634615384613,3737.818269230769,3327.5451923076926,10376.880769230771,52
58864,K25.,6,,9,537.1297674418604,4295.561395348836,3432.2351162790696,12477.49488372093,43
58917,K25.,6,44.1,4,436.12454545454545,3482.604848484849,3067.5478787878787,10695.222424242424,33
58918,K25.,6,44.1,5,413.53629032258067,3880.5423387096776,2742.077741935484,10421.68508064516,124
58919,K25.,6,44.1,6,465.7669633507854,4232.741151832461,2844.0215183246073,10795.884240837695,191
58920,K25.,6,44.1,8,441.291376146789,4307.803486238532,3064.0089449541283,11323.261055045872,218
58921,K25.,6,44.1,9,552.5825619834711,4794.684876033058,3395.3335537190083,12917.728429752065,121
58926,K25.,6,44.4,4,3164.847142857143,4278.171428571429,5449.604857142856,20813.054285714286,35
58927,K25.,6,44.4,5,2717.627422680412,4963.565360824742,5816.122783505155,21605.459072164947,97
58928,K25.,6,44.4,6,2159.7233333333334,5643.572298850574,6121.066206896552,21858.83356321839,87
58929,K25.,6,44.4,8,4112.102727272727,8572.834,11254.828181818182,36563.01536363636,110
58930,K25.,6,44.4,9,4602.44445945946,8866.741216216216,11856.296216216217,39543.553513513514,74
58945,K25.,6,45.1,5,419.2681818181818,4182.069454545454,2264.199818181818,9557.816,55
58946,K25.,6,45.1,6,613.798717948718,4241.998974358974,2446.346153846154,10711.954871794871,39
58947,K25.,6,45.1,8,519.5324561403509,5443.707192982456,2699.5235087719298,12429.90298245614,57
58948,K25.,6,45.1,9,523.2741176470588,6087.116470588235,3693.671176470588,15348.514411764705,34
59140,K26.,5,44.1,5,354.7772,2935.3115999999995,2290.1416,8375.239599999999,25
59141,K26.,5,44.1,6,374.33655172413796,2923.0103448275863,2935.2375862068966,9687.721379310344,29
59142,K26.,5,44.1,8,377.4496875,3719.3353125,2949.764375,10394.7065625,32
59148,K26.,5,44.4,5,1479.1168181818182,2998.879090909091,2955.662272727273,13369.555909090908,22
59149,K26.,5,44.4,6,4018.8833333333337,5868.830416666667,7390.276666666666,28036.849583333333,24
59150,K26.,5,44.4,8,1844.1575,5527.374375,5327.1103125,21380.075625,32
59151,K26.,5,44.4,9,4565.44,8947.695217391303,10485.462608695652,36901.61,23
59193,K26.,6,,5,395.0951612903226,3227.4212903225807,2619.5870967741935,9242.976774193547,31
59194,K26.,6,,6,399.265,2541.2330769230766,2232.075,7353.016923076923,26
59195,K26.,6,,8,368.4692857142857,3457.8914285714286,2730.484642857143,9406.757142857143,28
59232,K26.,6,44.1,3,482.67375,2568.7008333333333,1954.9583333333333,6903.6675,24
59233,K26.,6,44.1,4,383.3611363636364,3088.8620454545453,2327.3113636363637,8173.200227272727,44
59234,K26.,6,44.1,5,418.3652525252525,3581.5853535353535,2516.2842424242426,9711.04585858586,99
59235,K26.,6,44.1,6,475.4977777777778,4095.8007407407404,3590.9776543209878,12084.51049382716,81
59236,K26.,6,44.1,8,448.78228260869565,4734.578695652174,3512.153586956522,12807.880108695652,92
59237,K26.,6,44.1,9,522.5390625,4774.571875,3468.1453125000003,12880.595,32
59241,K26.,6,44.4,3,1765.999230769231,2823.4307692307693,3696.636923076923,13449.513076923076,26
59242,K26.,6,44.4,4,2783.428275862069,3901.6224137931035,4709.303448275861,18711.478965517243,29
59243,K26.,6,44.4,5,2477.6913432835822,4332.999253731344,4746.072089552239,18216.358507462686,67
59244,K26.,6,44.4,6,3201.9477777777774,7844.453809523809,8971.862063492064,31327.269365079366,63
59245,K26.,6,44.4,8,3740.8414492753623,9205.109420289857,8708.316666666666,35103.26710144928,69
59246,K26.,6,44.4,9,5729.464864864865,11442.112162162162,11337.433783783783,45885.070540540546,37
59251,K26.,6,45.1,4,380.10869565217394,3649.5695652173918,2566.0621739130434,9603.141304347826,23
59252,K26.,6,45.1,5,470.4854347826087,4166.854347826086,2659.8452173913042,10496.570434782609,46
59253,K26.,6,45.1,6,1179.451590909091,4349.313636363636,2812.62,11498.18090909091,44
59254,K26.,6,45.1,8,425.28441860465114,4611.980930232558,2710.591627906977,11046.89023255814,43
59255,K26.,6,45.1,9,486.7786363636364,4350.182727272728,4766.753636363636,14393.58,22
59403,K27.,5,,8,307.9304761904762,4358.108095238095,3529.5428571428574,12262.136666666667,21
59404,K27.,5,,9,416.88148148148144,4380.076296296296,3869.4162962962964,13513.103333333333,54
59470,K27.,6,,6,356.40863636363633,3583.8168181818182,3150.4559090909092,9919.460909090909,22
59471,K27.,6,,8,459.3042,4028.4840000000004,3570.6883999999995,11547.627199999999,50
59472,K27.,6,,9,446.8523232323232,4577.840404040404,4056.571717171717,13141.589595959596,99
59714,K29.,3,,4,296.77799999999996,1708.72,1073.1688571428572,4673.338571428571,35
59715,K29.,3,,5,348.7026315789473,1642.6473684210525,1550.6084210526317,4760.631842105264,38
59716,K29.,3,,6,342.3979411764706,1635.4205882352942,1635.8835294117648,4771.510294117647,34
59717,K29.,3,,8,310.7876086956522,2014.2721739130436,1824.8573913043479,5539.554347826087,46
59738,K29.,3,44.1,4,284.01681818181817,1945.85,1529.7663636363636,4833.017272727273,22
59739,K29.,3,44.1,5,377.3323529411765,2183.81568627451,1551.3725490196077,5638.621568627451,51
59740,K29.,3,44.1,6,380.34185185185186,2342.031851851852,1661.5192592592593,5952.456666666666,27
59741,K29.,3,44.1,8,345.9158620689655,2612.955172413793,1767.2627586206897,6321.9689655172415,29
59816,K29.,5,,5,356.0743333333333,2476.055,1868.0090000000002,7799.698,30
59817,K29.,5,,6,547.3714285714285,2265.3,1419.402857142857,5519.813809523809,21
59818,K29.,5,,8,331.273,2595.3122,1759.6692,6295.085599999999,50
59819,K29.,5,,9,333.64731707317077,2633.2739024390244,1928.6509756097562,6531.411707317074,41
59842,K29.,5,44.1,4,414.5778125,2431.18,1292.6884375,5830.9134375,32
59843,K29.,5,44.1,5,333.47727272727275,2486.3393939393936,1297.6048484848484,5548.272575757575,66
59844,K29.,5,44.1,6,361.9371111111111,2544.2633333333333,1589.6166666666666,6143.674666666667,45
59845,K29.,5,44.1,8,380.17,2967.062962962963,1511.1142592592591,6596.313518518518,54
59851,K29.,5,45.1,5,443.60709677419356,2765.190322580645,858.0367741935484,5389.636129032258,31
59900,K29.,6,,4,293.3896,2206.324,970.3976000000001,4709.3592,25
59901,K29.,6,,5,317.7315789473684,2838.3973684210528,1133.3536842105264,6210.370263157895,38
59902,K29.,6,,6,413.11853658536586,2603.779268292683,1215.649268292683,5625.548780487805,41
59903,K29.,6,,8,390.96557377049174,3045.8604918032784,1582.6860655737705,6818.470327868852,61
59904,K29.,6,,9,353.97249999999997,3061.4694230769232,1757.9530769230769,6752.465384615385,52
59911,K29.,6,17.9,5,259.9718181818182,2308.2045454545455,1913.6268181818182,6153.682272727273,22
59933,K29.,6,43.4,5,1869.2061904761906,2705.8952380952383,1121.7019047619049,9138.689047619047,21
59938,K29.,6,44.1,1,487.2744,3135.952,1133.9052000000001,6682.5296,25
59939,K29.,6,44.1,2,382.95125,1939.7541666666666,785.8070833333333,4504.545416666667,24
59940,K29.,6,44.1,3,577.3370731707317,2356.2278048780486,837.9141463414635,5365.618536585365,41
59941,K29.,6,44.1,4,424.99256097560976,3143.7824390243904,1006.8674390243903,6325.703048780488,82
59942,K29.,6,44.1,5,511.1620224719101,3343.155337078652,1003.2146067415731,6464.67882022472,178
59943,K29.,6,44.1,6,436.90063063063064,3457.2282882882887,1393.0243243243244,7229.087387387387,111
59944,K29.,6,44.1,8,402.3044859813084,3155.163738317757,1334.5814953271029,6820.400560747664,107
59945,K29.,6,44.1,9,439.93740740740736,3456.637777777778,1779.2562962962963,7945.094444444444,27
59954,K29.,6,45.1,4,410.0240625,4017.728125,797.296875,7197.20375,32
59955,K29.,6,45.1,5,381.9802531645569,3842.682278481013,1151.3020253164557,7086.4089873417715,79
59956,K29.,6,45.1,6,355.1066666666667,3956.9642105263156,1586.747543859649,7814.902456140351,57
59957,K29.,6,45.1,8,402.1679487179487,3823.854615384615,1145.584358974359,7315.795128205128,39
59971,K29.,6,45.4,5,786.2288000000001,2541.028,1303.634,7620.240400000001,25
59972,K29.,6,45.4,6,669.7839130434783,4222.406956521739,1209.7382608695652,8578.2,23
60066,K31.,1,43.4,4,1922.458095238095,1081.3857142857141,1679.7438095238092,6504.054285714286,21
60067,K31.,1,43.4,5,1583.7242424242424,1044.9939393939394,2545.598484848485,7675.537878787879,33
60101,K31.,2,43.4,4,637.0360465116279,1546.809534883721,861.6906976744185,5151.9402325581395,43
60102,K31.,2,43.4,5,604.5070175438597,1572.1169298245613,1109.977105263158,5486.973245614035,114
60103,K31.,2,43.4,6,705.9386538461538,1805.696346153846,1237.4440384615386,5926.400961538461,52
60104,K31.,2,43.4,8,634.1418181818182,1795.7581818181818,1434.3845454545456,5668.4572727272725,33
60143,K31.,3,43.4,3,681.3376666666667,1304.6366666666665,690.7873333333333,4456.495333333333,30
60144,K31.,3,43.4,4,681.4447107438016,1496.513223140496,882.9394214876033,5208.259917355372,121
60145,K31.,3,43.4,5,721.5481081081081,1600.9856081081082,910.087331081081,5467.047432432432,296
60146,K31.,3,43.4,6,647.6718292682928,1713.769512195122,979.8219512195121,5771.4709146341465,164
60147,K31.,3,43.4,8,535.2858585858586,2037.8436363636363,1159.8315151515153,6240.854242424242,99
60232,K31.,4,43.4,4,455.0046153846154,1452.666923076923,588.863076923077,3902.8846153846152,26
60233,K31.,4,43.4,5,509.8437647058824,2049.4870588235294,865.4854117647059,5540.802117647058,85
60234,K31.,4,43.4,6,585.6436363636363,1819.760606060606,1213.5115151515151,6055.109090909091,33
60235,K31.,4,43.4,8,627.4681818181817,2521.0636363636363,1826.0627272727272,7518.3154545454545,22
60291,K31.,5,43.4,3,691.696705882353,1609.4743529411764,555.9425882352941,4728.615176470588,85
60292,K31.,5,43.4,4,686.4125149700599,1754.1587125748504,724.5196407185629,5464.587185628743,334
60293,K31.,5,43.4,5,652.0590943396227,1914.8308427672955,806.6631698113207,5946.469597484277,795
60294,K31.,5,43.4,6,679.0619277108434,2065.216024096386,872.3418072289156,6494.781277108434,415
60295,K31.,5,43.4,8,691.2826694915254,2054.4353813559323,1025.1593220338984,6918.8680084745765,236
60296,K31.,5,43.4,9,914.5973913043479,2548.0,1467.2047826086957,8145.67,23
60306,K31.,5,44.1,5,519.39,1881.1235294117646,948.1944117647059,5890.958235294117,34
60319,K31.,5,44.4,8,2751.483870967742,5995.959677419355,7767.272258064516,25189.52,31
60325,K31.,5,44.6,6,1603.9199999999998,5211.768076923077,7403.336923076923,22380.723076923077,26
60326,K31.,5,44.6,8,2108.6354285714287,5929.620571428572,8553.439428571428,28342.504285714287,35
60327,K31.,5,44.6,9,2786.6413636363636,7611.933181818182,11580.96590909091,34496.2540909091,22
60403,K31.,6,,5,441.6736,3012.768,1661.1568,7129.1323999999995,25
60405,K31.,6,,8,574.7144444444444,4536.394074074074,3351.509259259259,11370.41111111111,27
60434,K31.,6,43.4,2,964.6084285714285,1600.3051428571428,817.9922857142857,5438.0452857142855,70
60435,K31.,6,43.4,3,865.2831929824561,1933.4288771929823,819.656350877193,5876.006140350877,285
60436,K31.,6,43.4,4,958.3728820960699,2085.449330422125,978.6502765647743,6553.646841339156,687
60437,K31.,6,43.4,5,912.0750932475885,2312.096469453376,1007.8315691318329,6870.818958199357,1555
60438,K31.,6,43.4,6,1075.219172413793,2565.9745103448276,1176.6411724137931,7800.357682758621,725
60439,K31.,6,43.4,8,926.3249764150943,2758.2286320754715,1254.7863443396227,7904.216957547171,424
60440,K31.,6,43.4,9,734.4377551020408,3375.8444897959184,1834.824693877551,9977.461836734694,49
60460,K31.,6,44.1,5,1037.0686363636364,3384.643863636363,1961.5959090909091,8932.41090909091,44
60461,K31.,6,44.1,6,597.5217777777777,3845.5924444444445,1633.3844444444444,8168.018444444445,45
60462,K31.,6,44.1,8,1291.989411764706,4691.204117647059,2488.026470588235,11453.528529411766,34
60476,K31.,6,44.4,5,2020.6658333333335,3543.6841666666664,4985.7425,17968.137916666667,24
60477,K31.,6,44.4,6,2618.1776,5039.5476,7358.158399999999,25139.1148,25
60478,K31.,6,44.4,8,3964.9378787878786,12483.844242424244,14726.451515151515,46800.88575757576,33
60479,K31.,6,44.4,9,3415.9059375,10556.70875,11300.786875,39041.455,32
60485,K31.,6,44.6,5,5321.541707317074,9135.021951219513,16296.844390243903,49526.70195121951,41
60486,K31.,6,44.6,6,3903.222571428572,8251.372857142856,11642.229428571429,36956.99657142857,35
60487,K31.,6,44.6,8,3699.9466666666667,6666.966274509805,10645.850392156863,32887.02019607843,51
60488,K31.,6,44.6,9,5036.72081967213,11774.391639344263,19553.96426229508,54924.12508196721,61
60502,K31.,6,45.3,5,1760.4271428571428,2560.5509523809524,1600.0392857142856,9143.544047619049,42
60503,K31.,6,45.3,6,1025.2926666666667,2335.915,1458.5286666666666,8093.975,30
60508,K31.,6,45.4,5,1002.3018421052632,2707.096842105263,1409.3271052631578,8554.97947368421,38
60509,K31.,6,45.4,6,978.1752173913043,2412.8217391304347,1596.7086956521741,8223.666086956522,23
60581,K35.,1,47.0,1,1137.5284615384617,1250.5576923076924,1854.819230769231,6722.34,26
60583,K35.,1,47.0,3,1048.1881818181819,1298.6568181818182,2229.6809090909087,7328.770909090908,22
60584,K35.,1,47.0,4,1312.5474193548387,1351.1822580645162,2554.062258064516,8249.173870967743,31
60585,K35.,1,47.0,5,1250.795438596491,1476.6,2587.6298245614034,8072.531578947368,57
60586,K35.,1,47.0,6,1542.5955555555556,1472.7296296296295,2267.794074074074,7865.791111111111,27
60600,K35.,2,47.0,0,890.1938461538462,1230.843846153846,1129.768846153846,5631.242307692307,26
60601,K35.,2,47.0,1,958.3986075949367,1189.4723417721518,1390.7775316455698,6227.663291139241,158
60602,K35.,2,47.0,2,1131.253963963964,1256.2357657657658,2014.6636036036036,7319.17936936937,111
60603,K35.,2,47.0,3,1115.734652777778,1542.1458333333333,1985.1996527777778,7707.814236111111,144
60604,K35.,2,47.0,4,1108.79050955414,1476.0946496815286,2066.681974522293,7730.572038216561,157
60605,K35.,2,47.0,5,1079.1824324324325,1400.7263783783785,1887.1097837837838,7281.240756756757,185
60606,K35.,2,47.0,6,1107.6126966292134,1623.936404494382,2324.6876404494383,8061.680898876404,89
60607,K35.,2,47.0,8,1124.7646666666667,1804.1182666666666,2297.5230666666666,8573.092400000001,75
60642,K35.,3,47.0,0,1216.835109489051,1303.1931386861313,1039.4460583941604,7146.6159854014595,137
60643,K35.,3,47.0,1,1366.2619250645994,1351.6480878552973,1310.05322997416,7406.906640826874,774
60644,K35.,3,47.0,2,1452.3585531135532,1450.791117216117,1640.2230586080586,7872.0619230769225,546
60645,K35.,3,47.0,3,1464.9383166904422,1508.3289015691869,1717.8106419400856,8069.003737517832,701
60646,K35.,3,47.0,4,1408.194027565084,1620.8062327718224,1842.5868606431852,8309.160949464012,653
60647,K35.,3,47.0,5,1411.2586292134831,1667.35797752809,1794.8197528089888,8273.128213483147,890
60648,K35.,3,47.0,6,1396.3569978401729,1959.9263498920086,2049.46939524838,8957.16362850972,463
60649,K35.,3,47.0,8,1372.7688541666666,2252.34375,2028.4611805555553,9432.695069444446,288
60650,K35.,3,47.0,9,1298.0923376623377,2978.4110389610387,2443.703116883117,11222.454545454546,77
60707,K35.,4,47.0,1,1058.235168539326,1536.405056179775,1018.8794382022472,6607.520674157303,89
60708,K35.,4,47.0,2,1232.1337254901962,1722.5789215686273,1480.6689215686276,7924.881568627451,102
60709,K35.,4,47.0,3,1278.294677419355,1835.751693548387,1547.6895161290322,8154.450806451613,124
60710,K35.,4,47.0,4,1261.7932380952382,1887.802,1585.4434285714285,8248.020095238095,105
60711,K35.,4,47.0,5,1303.7148076923077,2064.930384615385,1805.2741666666668,8907.760064102564,156
60712,K35.,4,47.0,6,1260.5091304347825,2238.5175,1786.5627173913042,9040.190326086957,92
60713,K35.,4,47.0,8,1271.3523636363636,2773.583090909091,2354.0429090909092,10883.563636363637,55
60756,K35.,5,47.0,0,1269.3397196261683,1933.0103738317755,1133.6779906542056,7941.138271028038,214
60757,K35.,5,47.0,1,1295.0480197044335,1770.7703251231526,1485.9421773399015,8067.289162561577,1015
60758,K35.,5,47.0,2,1408.2926149425289,1818.3762500000003,1862.414971264368,8665.56790229885,696
60759,K35.,5,47.0,3,1463.4961773700306,1871.6244546381245,1966.7994291539246,8957.22270132518,981
60760,K35.,5,47.0,4,1488.2130379746834,1972.0513396624472,2057.6597573839663,9279.023512658227,948
60761,K35.,5,47.0,5,1431.5242149337055,2095.025429169574,2054.181765526867,9444.969009071878,1433
60762,K35.,5,47.0,6,1446.5944384303114,2314.71299052774,2261.256535859269,10144.678795669824,739
60763,K35.,5,47.0,8,1477.9314368932037,2733.831786407767,2607.826640776699,11345.760466019417,515
60764,K35.,5,47.0,9,1588.0982467532467,3731.2814285714285,3771.207207792208,15001.539935064935,154
60828,K35.,6,,2,420.72999999999996,1846.4981818181818,1442.3818181818183,4708.6845454545455,22
60829,K35.,6,,3,323.4408,2309.6856,2171.1856,6043.366800000001,25
60831,K35.,6,,5,294.4284615384616,2880.358974358974,2771.8528205128205,7343.854871794872,39
60832,K35.,6,,6,353.98440000000005,2893.7496,3516.7212,8462.464399999999,25
60833,K35.,6,,8,432.7116666666667,3660.710666666667,3246.900666666667,9813.152333333333,30
60834,K35.,6,,9,416.228,3889.7162857142857,3507.696,10209.826571428572,35
60881,K35.,6,47.0,0,1990.389411764706,2128.9707887700533,1984.2088368983957,12304.257058823528,748
60882,K35.,6,47.0,1,1841.400613977792,1928.4225604180274,1946.6721881123449,10452.841822338341,1531
60883,K35.,6,47.0,2,1809.9771798274717,2108.4452090245522,2310.7604313205043,10713.332475116124,1507
60884,K35.,6,47.0,3,1816.9415970772443,2057.1381263048015,2179.3284864300626,10600.633674321503,1916
60885,K35.,6,47.0,4,1856.90554428668,2224.5940567951316,2347.4786612576063,11029.465693035834,1479
60886,K35.,6,47.0,5,1814.2926856561546,2312.0882756866736,2490.8138504577823,11332.146998982706,1966
60887,K35.,6,47.0,6,1830.9150540806295,2592.960570304818,2637.111474926254,12114.197187807275,1017
60888,K35.,6,47.0,8,1910.0568081761007,2880.6496855345913,3045.481949685535,13147.060330188679,636
60889,K35.,6,47.0,9,2204.749274611399,4500.224715025906,4269.487098445596,17657.748082901555,193
61021,K36.,5,47.0,2,1431.4209433962264,1376.8324528301887,2122.5503773584906,9600.93320754717,53
61022,K36.,5,47.0,3,1336.7525714285716,1369.0171428571427,1931.1805714285717,9391.976285714285,35
61023,K36.,5,47.0,4,1317.4286206896552,1642.146551724138,2121.1244827586206,9818.951379310345,29
61024,K36.,5,47.0,5,1435.0104347826086,2018.8984782608695,1925.8452173913045,9725.41,46
61052,K36.,6,47.0,3,2528.748076923077,2555.3865384615387,1889.8907692307691,11651.623846153847,26
61053,K36.,6,47.0,4,1908.3303703703702,2566.681481481481,1778.512962962963,11081.352222222222,27
61054,K36.,6,47.0,5,2317.4664000000002,3145.2752,1807.5236000000002,13366.8868,25
61148,K40.,1,53.0,5,1971.6293181818182,947.3897727272728,1354.0481818181818,6163.950227272727,44
61149,K40.,1,53.0,6,1719.4768253968252,1163.7652380952381,1462.0011111111112,6438.386031746032,63
61150,K40.,1,53.0,8,1790.2643589743589,1129.3698717948719,1512.9979487179487,6572.459487179487,78
61151,K40.,1,53.0,9,2002.9691304347828,1701.2173913043478,1357.4365217391305,7328.828695652174,23
61172,K40.,2,17.1,5,4003.4327272727273,1486.109696969697,1146.1206060606062,10010.38212121212,33
61173,K40.,2,17.1,6,4316.098461538461,1435.4884615384615,1150.9584615384615,10064.815,26
61174,K40.,2,17.1,8,4361.0916,1470.1404,1167.0536,10177.7476,25
61185,K40.,2,53.0,4,1850.458125,1108.0534375,1263.4925,6842.729375,32
61186,K40.,2,53.0,5,1926.7500847457627,1214.9740677966101,1061.3393220338983,6530.505677966102,118
61187,K40.,2,53.0,6,1868.9114864864866,1309.9369594594596,1075.0583108108108,6762.27027027027,148
61188,K40.,2,53.0,8,1905.8240886699507,1357.7802463054188,1277.5852709359606,7008.711034482759,203
61189,K40.,2,53.0,9,1847.5783544303797,1660.0672151898734,1258.0327848101265,7508.5134177215195,79
61213,K40.,3,17.1,2,4604.697142857143,1240.6238095238095,918.7957142857142,9844.18857142857,21
61215,K40.,3,17.1,4,4131.151219512195,1142.4356097560976,927.4017073170731,9570.299024390244,41
61216,K40.,3,17.1,5,3931.681484375,1309.038359375,1000.3382031250001,9691.265234375,128
61217,K40.,3,17.1,6,4216.320078125,1494.949921875,1087.2378125,10236.506640625,128
61218,K40.,3,17.1,8,4321.984347826087,1602.0597391304348,1050.4684347826087,10572.18852173913,115
61224,K40.,3,17.2,5,7389.403181818182,1418.0068181818183,1208.605909090909,14254.87,22
61226,K40.,3,17.2,8,7620.526666666668,1560.6791666666668,1439.42125,15063.144166666667,24
61235,K40.,3,53.0,0,893.5657954545454,762.4480113636364,377.9566477272727,4563.116988636363,176
61236,K40.,3,53.0,1,1260.1778260869564,1043.2108695652173,770.2369565217392,5888.307391304348,23
61237,K40.,3,53.0,2,2604.533043478261,1101.7891304347827,775.6108695652174,7212.603043478261,23
61238,K40.,3,53.0,3,2607.778113207547,1054.709433962264,743.5958490566038,7254.631132075472,53
61239,K40.,3,53.0,4,2408.1374489795917,1216.5010204081634,935.0985714285715,7422.519081632653,98
61240,K40.,3,53.0,5,2251.2342741935486,1300.6222849462365,855.8202419354839,7370.455376344085,372
61241,K40.,3,53.0,6,2141.195714285714,1440.2354523809524,923.5525714285715,7496.999904761905,420
61242,K40.,3,53.0,8,2125.480918367347,1619.1748571428573,1029.8755714285714,7767.74112244898,490
61243,K40.,3,53.0,9,2245.551232876712,1927.4098173515981,989.0450228310501,8323.357534246576,219
61244,K40.,3,53.1,0,1117.7418421052632,880.7968421052632,405.3465789473684,5727.815,38
61247,K40.,3,53.1,5,4387.616086956522,1161.7747826086957,821.2556521739131,10077.684347826087,23
61248,K40.,3,53.1,6,4014.2336363636364,1422.5445454545454,964.5192727272727,10451.180363636364,55
61249,K40.,3,53.1,8,3351.4841818181817,1733.7572727272727,945.3412727272728,10475.880545454544,55
61250,K40.,3,53.1,9,3942.6222500000003,1895.17625,1237.078,11401.14825,40
61292,K40.,4,17.1,5,3776.95125,1610.4645833333334,1061.9872916666666,10531.861666666666,48
61293,K40.,4,17.1,6,4729.858648648648,1724.8324324324326,1097.4194594594594,11368.125675675676,37
61294,K40.,4,17.1,8,4539.922765957447,1797.8893617021276,1084.695744680851,11294.099999999999,47
61303,K40.,4,53.0,0,616.1165789473685,724.2739473684211,411.97710526315785,4213.3,38
61308,K40.,4,53.0,5,2558.262931034483,1341.4591379310345,681.0893103448276,7460.510862068965,58
61309,K40.,4,53.0,6,2292.195,1452.8162962962963,703.000925925926,7433.865925925926,54
61310,K40.,4,53.0,8,2335.9011267605633,1878.661267605634,1119.4221126760563,8447.833943661972,71
61311,K40.,4,53.0,9,2172.3590625,2605.2040625,1013.9484375000001,9395.3678125,32
61324,K40.,5,17.1,2,4450.739166666667,1166.7664583333333,1081.4654166666667,10106.726666666667,48
61325,K40.,5,17.1,3,3953.783835616439,1218.873698630137,897.207397260274,9270.270273972603,73
61326,K40.,5,17.1,4,4059.659545454546,1296.5540151515152,1050.280606060606,9835.28840909091,132
61327,K40.,5,17.1,5,4243.728162790698,1509.2898139534884,1123.1813953488372,10512.55611627907,430
61328,K40.,5,17.1,6,4123.614837092732,1613.234812030075,1103.9581453634084,10559.779448621553,399
61329,K40.,5,17.1,8,4343.386024691358,1832.3932345679013,1211.884790123457,11262.232469135803,405
61330,K40.,5,17.1,9,4832.484545454546,2011.0615909090911,1261.1680681818182,12509.763636363636,88
61335,K40.,5,17.2,5,6766.618750000001,1508.2821428571428,1398.0633928571428,14224.271071428573,56
61336,K40.,5,17.2,6,6689.280405405405,1698.7925675675674,1226.2271621621621,14547.678378378378,74
61337,K40.,5,17.2,8,6997.56323076923,1956.0046153846154,1469.1080000000002,15497.415384615384,65
61355,K40.,5,53.0,0,762.9395551257253,839.9209671179884,394.2357640232108,4692.216615087041,517
61356,K40.,5,53.0,1,772.0944897959183,941.6514285714285,596.5326530612244,5027.8420408163265,49
61357,K40.,5,53.0,2,2044.1821153846154,1089.0726923076923,761.3846153846154,6707.1900000000005,52
61358,K40.,5,53.0,3,2474.6103896103896,1119.07,872.1279220779221,7678.85961038961,77
61359,K40.,5,53.0,4,2318.5709150326797,1367.9352287581698,914.9254248366013,7680.979411764706,153
61360,K40.,5,53.0,5,2235.831885714286,1364.5517523809524,922.3774857142857,7482.364114285715,525
61361,K40.,5,53.0,6,2259.454188034188,1566.615982905983,956.3998632478633,7870.542324786325,585
61362,K40.,5,53.0,8,2243.945161691542,1722.6270895522387,1033.7821019900498,8214.863980099502,804
61363,K40.,5,53.0,9,2300.441830985915,2184.4140563380283,1144.2378591549295,9048.967408450704,355
61364,K40.,5,53.1,0,1076.9578787878788,853.7303030303029,413.52250000000004,5701.0065151515155,132
61369,K40.,5,53.1,5,4654.860731707317,1396.8117073170731,1131.3921951219513,11192.951463414634,41
61370,K40.,5,53.1,6,4050.3252941176474,1644.3256470588235,1142.4996470588235,11191.841411764706,85
61371,K40.,5,53.1,8,3871.686033057851,1718.8003305785123,1033.612479338843,10851.40570247934,121
61372,K40.,5,53.1,9,4106.858805970149,2048.161343283582,1346.4583582089554,11952.137014925374,67
61416,K40.,6,17.1,0,1288.5233333333333,1065.8085714285714,528.3390476190476,6966.188571428571,21
61418,K40.,6,17.1,2,5938.2637593984955,1327.1439097744362,1050.2516541353384,12390.746766917293,133
61419,K40.,6,17.1,3,5381.185355191257,1381.3116393442622,1107.0224043715848,12282.35393442623,183
61420,K40.,6,17.1,4,5215.530425531914,1562.105234042553,1132.5327659574468,12110.372425531916,235
61421,K40.,6,17.1,5,5390.255153129161,1677.2135153129163,1180.9628894806924,12574.782343541943,751
61422,K40.,6,17.1,6,5498.554069148936,1881.9403989361701,1235.9950531914894,13103.815066489362,752
61423,K40.,6,17.1,8,5680.507779411765,2200.461867647059,1237.374088235294,13584.166161764706,680
61424,K40.,6,17.1,9,5568.146823529411,2480.112,1487.462,14195.774117647059,170
61425,K40.,6,17.2,0,618.061724137931,891.4179310344828,495.15000000000003,7654.9800000000005,29
61427,K40.,6,17.2,2,10626.660416666668,1566.7708333333333,1260.8845833333332,18657.64125,24
61429,K40.,6,17.2,4,10516.500666666667,1649.9244444444446,1143.286888888889,18919.690666666665,45
61430,K40.,6,17.2,5,9196.49710691824,1772.3250314465408,1200.2477987421382,17654.212830188677,159
61431,K40.,6,17.2,6,9818.434541062801,2105.5210144927537,1387.8718357487924,19225.218164251208,207
61432,K40.,6,17.2,8,9852.290643564356,2439.572920792079,1448.8005940594057,19543.618861386138,202
61433,K40.,6,17.2,9,10022.254936708861,2984.1364556962026,1318.5325316455696,20084.361392405062,79
61458,K40.,6,53.0,0,1319.461731016731,1020.7473938223937,480.3129407979408,6332.098584298584,1554
61459,K40.,6,53.0,1,1732.6860000000001,1210.5864285714285,651.4362857142858,7094.7732857142855,70
61460,K40.,6,53.0,2,3603.3242857142855,1499.7193506493506,1010.2023376623376,9807.456103896104,77
61461,K40.,6,53.0,3,3850.539135802469,1514.5876543209877,1298.4256790123457,10471.994814814814,81
61462,K40.,6,53.0,4,3385.522014388489,1812.2410071942445,1411.784748201439,10550.205611510792,139
61463,K40.,6,53.0,5,3246.1911286681716,1776.413250564334,1173.5745823927764,9893.453205417607,443
61464,K40.,6,53.0,6,3171.3272833333335,2038.7892666666667,1109.4717666666668,10020.67165,600
61465,K40.,6,53.0,8,3302.0573302107728,2267.7660421545665,1295.9009601873536,10730.511088992975,854
61466,K40.,6,53.0,9,3453.0364876033054,2722.81847107438,1451.114194214876,11624.189545454547,484
61467,K40.,6,53.1,0,1385.4256078431372,984.3935215686274,474.05480784313727,7404.804831372549,1275
61468,K40.,6,53.1,1,1528.8358333333333,997.3997222222222,510.4063888888889,7300.995277777778,36
61472,K40.,6,53.1,5,5468.470434782609,1918.193695652174,1240.1928260869565,13560.13347826087,46
61473,K40.,6,53.1,6,6132.604456521739,2170.6591304347826,1375.2184782608697,14795.530326086957,92
61474,K40.,6,53.1,8,5996.578531468532,2471.6999300699304,1290.3551748251748,14892.436503496503,143
61475,K40.,6,53.1,9,7000.58265060241,2979.870722891566,1775.67,17016.873493975905,83
61555,K41.,3,53.2,6,1810.3980769230768,1392.4888461538462,728.0969230769231,6716.235384615385,26
61556,K41.,3,53.2,8,1604.6327586206896,1709.093103448276,1229.1668965517242,7663.238965517241,29
61582,K41.,5,53.0,8,1943.5622727272728,2626.5695454545453,1884.4622727272726,10252.23090909091,22
61588,K41.,5,53.2,5,1814.2934146341463,1304.4143902439023,854.1285365853657,7037.206585365853,41
61589,K41.,5,53.2,6,1938.2914583333334,1818.6116666666667,1071.1895833333333,8210.88125,48
61590,K41.,5,53.2,8,1970.8332291666666,2511.2444791666667,1767.8315624999998,10365.233958333332,96
61591,K41.,5,53.2,9,2005.0678431372548,3618.636470588235,2499.4496078431375,13133.552156862746,51
61628,K41.,6,53.2,5,3547.1655882352943,1977.2420588235293,1053.3379411764706,10180.498529411765,34
61629,K41.,6,53.2,6,4089.4773913043477,2564.486086956522,1871.8167391304348,13379.121304347826,46
61630,K41.,6,53.2,8,3600.517415730337,2740.680674157303,1881.0795505617975,12591.345393258427,89
61631,K41.,6,53.2,9,4035.0472727272727,5119.537727272727,3484.1387878787878,20121.78787878788,66
61726,K43.,5,53.6,5,4597.229523809524,1596.8809523809523,1666.6314285714286,12071.13380952381,21
61728,K43.,5,53.6,8,3572.0508,2039.4116000000001,1892.4364,12035.695600000001,25
61751,K43.,6,53.5,6,6818.4063636363635,2369.3972727272726,1679.8609090909092,16467.84772727273,22
61752,K43.,6,53.5,8,5166.786153846154,3276.334230769231,1915.8776923076923,15890.031923076924,26
61756,K43.,6,53.6,4,12187.089090909092,3008.6309090909094,2384.7086363636363,24083.213181818184,22
61757,K43.,6,53.6,5,13394.107959183675,3196.6726530612245,2603.6155102040816,26134.53326530612,49
61758,K43.,6,53.6,6,13695.563225806452,3668.1287096774195,2818.0743548387095,27437.024677419355,62
61759,K43.,6,53.6,8,11714.882133333334,3613.6193333333335,2926.4524,24922.664133333335,75
61811,K44.,6,53.7,5,12925.561666666666,4073.459166666667,3613.002916666667,31055.029583333333,24
61812,K44.,6,53.7,6,14069.848695652176,4209.78695652174,4563.263043478261,33779.16217391304,23
61864,K45.,5,53.9,9,2379.4584615384615,3540.226923076923,3617.847692307693,16075.431538461537,26
61894,K45.,6,53.9,9,4408.001304347826,5135.847826086957,4451.408695652173,21904.651304347826,23
62132,K51.,6,45.2,5,545.8481481481481,3972.707037037037,2638.472222222222,10898.224074074074,27
62133,K51.,6,45.2,6,639.8057142857143,5119.918095238095,3020.234761904762,11838.41761904762,21
62188,K52.,3,,0,254.6606557377049,599.8373770491803,575.3704918032787,2323.2631147540983,61
62243,K52.,5,,5,300.9503225806452,2582.190322580645,1328.9109677419353,5682.506774193548,31
62246,K52.,5,,9,303.2854545454545,2886.2272727272725,2133.8322727272725,6865.488636363636,22
62286,K52.,6,,0,318.0359405940594,1324.791287128713,780.3820792079208,3670.4145544554453,101
62291,K52.,6,,5,723.8264285714286,3676.483571428572,2277.7335714285714,9013.452857142856,28
62292,K52.,6,,6,413.6069230769231,2560.9615384615386,1510.0253846153848,5594.026538461539,26
62293,K52.,6,,8,362.46325,3455.57225,2122.61675,7786.18575,40
62294,K52.,6,,9,406.43128205128204,4290.371794871795,2519.108205128205,9582.672051282052,39
62344,K52.,6,45.2,5,460.38272727272727,3625.0045454545457,1685.799090909091,7797.498181818181,22
62524,K55.,6,,8,419.2568,4249.76,3236.502,10451.8204,25
62525,K55.,6,,9,372.0009677419355,4702.804516129032,2487.3687096774192,9775.923870967743,31
62573,K55.,6,45.2,8,421.67892857142857,5786.836428571429,3015.671428571429,11580.927142857143,28
62591,K55.,6,45.6,8,9174.963793103449,11452.244137931035,11983.85275862069,49324.55172413793,29
62592,K55.,6,45.6,9,8352.155,9575.68846153846,8651.972307692307,40025.53230769231,26
62715,K56.,3,,5,395.38342857142857,2634.657142857143,2236.1865714285714,6684.105428571429,35
62716,K56.,3,,6,398.0287878787879,3535.233333333333,2382.043939393939,8603.409393939393,33
62717,K56.,3,,8,339.32152173913045,2859.9608695652178,2548.966086956522,8100.082173913044,46
62718,K56.,3,,9,371.64622222222226,3366.420444444445,2813.503111111111,8522.255333333333,45
62887,K56.,5,,4,310.8796,2222.3720000000003,1982.3948,5746.8,25
62888,K56.,5,,5,353.83833333333337,2462.7954545454545,1921.4172727272728,6105.23696969697,66
62889,K56.,5,,6,335.8648684210526,2679.4868421052633,2192.494078947368,6774.778552631578,76
62890,K56.,5,,8,396.14740157480315,2886.9637795275594,2287.8709448818895,7311.630866141732,127
62891,K56.,5,,9,399.21460784313723,3080.8350980392156,2261.7631372549017,7755.0376470588235,102
63010,K56.,5,54.5,5,1781.1154545454544,3957.051515151515,4983.592121212121,18222.501212121213,33
63011,K56.,5,54.5,6,2335.191739130435,3589.6439130434783,3962.371739130435,16732.063478260872,23
63012,K56.,5,54.5,8,2039.9073529411762,4542.184705882353,4976.759117647059,19853.59294117647,34
63013,K56.,5,54.5,9,2523.2913636363637,7723.57590909091,7395.242272727273,29018.030454545456,22
63066,K56.,6,,0,769.5577777777778,2105.63,1025.0136507936509,5686.665396825397,63
63067,K56.,6,,1,443.6962962962963,2023.9755555555555,1323.0133333333333,5454.844074074074,27
63068,K56.,6,,2,469.5271875,2681.7734375,2510.2684375,7167.6178125,32
63069,K56.,6,,3,413.8515217391305,3311.646739130435,3237.1030434782606,9421.729347826087,46
63070,K56.,6,,4,480.4296470588235,3207.7754117647055,2544.4709411764707,8162.9518823529415,85
63071,K56.,6,,5,400.041036036036,3213.060945945946,2649.946261261261,8212.386801801802,222
63072,K56.,6,,6,431.135,3263.5840404040405,2655.7410606060607,8389.820656565656,198
63073,K56.,6,,8,396.74518518518516,3607.1135185185185,2575.1212962962964,8841.198148148149,270
63074,K56.,6,,9,449.4484677419355,3930.307661290323,3039.2487499999997,9986.519838709677,248
63129,K56.,6,44.1,5,406.2514705882353,3792.5099999999998,1821.965294117647,8228.221470588236,34
63130,K56.,6,44.1,6,509.2481481481482,4052.9407407407407,2509.51,10117.02037037037,27
63131,K56.,6,44.1,8,369.26695652173913,4197.22,2173.395652173913,9528.938260869565,23
63150,K56.,6,45.2,5,421.41076923076923,3738.334615384615,1709.5343589743588,7731.546923076923,39
63151,K56.,6,45.2,6,454.5625581395349,4185.28511627907,1886.0869767441861,8747.08953488372,43
63152,K56.,6,45.2,8,470.1943137254902,4566.669411764706,2535.6162745098036,10624.95843137255,51
63153,K56.,6,45.2,9,515.8366666666667,5085.635714285714,2540.999523809524,11545.700476190475,21
63171,K56.,6,45.6,5,9972.054,8753.449200000001,14636.9804,53699.4144,25
63172,K56.,6,45.6,6,12732.34625,11746.043749999999,17213.470833333333,63424.79416666667,24
63173,K56.,6,45.6,8,11709.826111111111,11435.987777777778,14833.170833333334,56437.429444444446,36
63174,K56.,6,45.6,9,11329.022580645162,14080.454838709677,16042.254838709678,66081.41064516129,31
63215,K56.,6,46.8,0,2059.8488333333335,2138.603,1303.0325,11809.034666666666,60
63222,K56.,6,46.8,8,4207.5284,6431.6764,6914.693200000001,27041.467200000003,25
63223,K56.,6,46.8,9,4284.641304347826,7309.375652173912,6087.372608695652,27166.926521739133,23
63261,K56.,6,54.5,4,3142.722307692308,3459.618461538462,5801.906923076923,21168.372692307694,26
63262,K56.,6,54.5,5,3107.518461538462,4412.1147692307695,6106.765538461538,22387.548307692305,65
63263,K56.,6,54.5,6,3690.9663043478263,5771.193043478261,7059.545,27291.310217391303,46
63264,K56.,6,54.5,8,3900.6207407407405,5826.0190740740745,7324.52037037037,28085.43314814815,54
63265,K56.,6,54.5,9,3994.524090909091,6518.570454545454,10137.560454545453,32355.74909090909,22
63324,K56.,6,96.2,0,3519.535098039216,1418.9117647058824,265.59333333333336,6532.216666666666,51
63715,K60.,2,49.1,5,1318.3968,1108.704,1952.1444000000001,8534.2712,25
63744,K60.,3,49.1,2,498.38599999999997,1286.448,1352.1408,5722.5536,25
63745,K60.,3,49.1,3,790.3202564102564,1389.8410256410257,1371.1658974358975,6255.769487179487,39
63746,K60.,3,49.1,4,616.3738461538461,1472.026923076923,1699.6984615384613,7392.042692307692,26
63747,K60.,3,49.1,5,598.6983333333333,1589.1833333333334,1491.3386111111113,6673.348888888889,36
63764,K60.,3,49.7,2,518.9628070175439,1091.081754385965,2045.247543859649,8477.948771929825,57
63765,K60.,3,49.7,3,503.12686274509804,1236.6544117647059,2134.629019607843,9069.26088235294,102
63766,K60.,3,49.7,4,491.59811764705876,1138.6576470588234,2039.1669411764706,8401.100705882354,85
63767,K60.,3,49.7,5,505.04902439024386,1193.2475609756098,2136.010243902439,8983.405609756097,82
63768,K60.,3,49.7,6,569.3580645161289,1301.2112903225807,2346.573870967742,9589.560645161291,31
63803,K60.,5,49.1,2,598.6310256410256,1270.334358974359,1282.7271794871795,6264.74,39
63804,K60.,5,49.1,3,489.60819672131146,1421.1314754098362,1385.4277049180328,6375.488196721311,61
63805,K60.,5,49.1,4,539.8667741935484,1414.391129032258,1379.7351612903226,6497.241612903225,62
63806,K60.,5,49.1,5,640.2176923076923,1501.318,1341.9975384615384,6473.121846153846,65
63815,K60.,5,49.3,5,900.6220833333333,1466.8999999999999,1064.7104166666666,7340.37375,24
63829,K60.,5,49.7,2,540.64,1324.0958333333333,1384.881666666667,6970.2275,48
63830,K60.,5,49.7,3,589.7041463414633,1403.2585365853658,1536.6004878048782,7044.345365853658,82
63831,K60.,5,49.7,4,570.66015625,1527.346875,1554.42140625,7007.4253125,64
63832,K60.,5,49.7,5,725.8795714285715,1516.7374285714286,1544.799142857143,7489.0755714285715,70
63877,K60.,6,49.1,1,508.8471428571429,1494.8190476190478,2168.1366666666668,8240.00761904762,21
63878,K60.,6,49.1,2,978.1345338983051,1607.021779661017,2357.1260169491525,9660.157245762712,236
63879,K60.,6,49.1,3,1050.5045843828716,1616.2543576826197,2551.8360453400505,10004.174735516373,397
63880,K60.,6,49.1,4,983.3920422535213,1809.1838028169016,2532.4309507042253,10316.338767605634,284
63881,K60.,6,49.1,5,978.8793220338982,1902.713601694915,2440.9703389830506,10062.32970338983,236
63882,K60.,6,49.1,6,896.1680882352941,2322.0948529411767,2742.0117647058823,11349.105147058825,68
63889,K60.,6,49.3,2,811.7031818181819,1440.59,1609.693409090909,7564.679772727272,44
63890,K60.,6,49.3,3,783.7023255813953,1480.4790697674418,1610.8581395348835,7674.6246511627905,43
63891,K60.,6,49.3,4,843.3359523809524,1425.835238095238,1443.6130952380952,7880.730714285714,42
63892,K60.,6,49.3,5,857.4727272727273,1600.473181818182,1555.8415909090909,7791.177727272728,44
63911,K60.,6,49.7,2,944.0367883211678,1677.3181751824818,2360.1737226277373,10625.443649635037,137
63912,K60.,6,49.7,3,976.3842600896861,1648.208116591928,2239.6270403587446,10541.904887892377,223
63913,K60.,6,49.7,4,980.2585555555556,1692.4207777777776,2236.1675,10339.3315,180
63914,K60.,6,49.7,5,859.4555921052631,1901.668092105263,2301.4911184210528,10370.25269736842,152
63915,K60.,6,49.7,6,769.1945,1889.39175,2260.7675,10789.520999999999,40
63938,K61.,1,49.0,2,2477.3112068965515,621.793275862069,3406.2072413793103,9996.998448275863,58
63939,K61.,1,49.0,3,2165.1314,691.1034,3271.6218,8649.735,50
63940,K61.,1,49.0,4,2284.7520833333333,640.4891666666666,3201.1908333333336,8205.335833333333,24
63941,K61.,1,49.0,5,1254.0770833333333,721.285,2698.579583333333,6957.2525,24
63962,K61.,2,49.0,2,890.4941379310345,849.2586206896551,1742.8096551724138,5914.213448275862,29
63963,K61.,2,49.0,3,697.7827272727272,904.4206818181818,1746.160681818182,6045.541363636364,44
63964,K61.,2,49.0,4,794.0017142857143,946.9,2270.437142857143,6846.303142857142,35
63965,K61.,2,49.0,5,939.1288888888889,1077.201388888889,1946.5191666666667,6856.268888888889,36
63994,K61.,3,49.0,2,514.8940425531915,1078.2810638297872,1539.5618085106382,6080.138404255319,94
63995,K61.,3,49.0,3,587.3011904761904,1124.3666666666668,1593.6215873015874,6146.262777777778,126
63996,K61.,3,49.0,4,600.5445081967213,1275.6156557377049,1435.1923770491803,6472.172950819672,122
63997,K61.,3,49.0,5,624.3257894736843,1339.4866165413534,1546.0260150375939,6550.029172932331,133
63998,K61.,3,49.0,6,632.805909090909,1460.3243181818182,1738.0718181818183,7147.618863636363,44
64024,K61.,4,49.0,3,616.8584,1373.8311999999999,1350.1072,6731.504,25
64025,K61.,4,49.0,4,455.29571428571427,1490.5,1493.0442857142857,6883.213333333334,21
64026,K61.,4,49.0,5,562.6856666666666,1379.6306666666667,1568.4293333333333,7317.248333333334,30
64049,K61.,5,49.0,1,466.24931034482756,1305.0479310344826,1467.2610344827585,6235.414137931035,29
64050,K61.,5,49.0,2,539.4847328244275,1422.8545801526718,1672.9348091603053,6863.687099236641,131
64051,K61.,5,49.0,3,547.6542105263158,1478.2607894736843,1589.710394736842,6893.160657894737,228
64052,K61.,5,49.0,4,556.3534857142857,1371.8581142857145,1749.5864,7203.426114285715,175
64053,K61.,5,49.0,5,536.0065697674419,1584.9078488372095,1888.7509302325584,7238.741860465117,172
64054,K61.,5,49.0,6,471.28040816326535,1541.594693877551,1613.4034693877552,6931.63306122449,49
64055,K61.,5,49.0,8,614.4518181818182,1842.801515151515,1913.9351515151516,8034.233333333334,33
64101,K61.,6,48.8,3,518.8523809523809,2341.852380952381,2711.704761904762,9929.330952380953,21
64108,K61.,6,48.9,3,733.6256,1548.4360000000001,3132.6756,10889.57,25
64110,K61.,6,48.9,5,618.628064516129,2488.0387096774193,2906.0093548387094,11635.324516129032,31
64114,K61.,6,49.0,0,420.3420930232558,1277.059534883721,744.7813953488372,5522.927906976744,43
64115,K61.,6,49.0,1,666.0111111111111,1672.2587037037038,2051.597962962963,8585.182222222222,54
64116,K61.,6,49.0,2,875.3694791666667,1516.798611111111,2386.7583506944447,9546.453871527778,576
64117,K61.,6,49.0,3,921.9995712484238,1626.290214375788,2542.3966960907946,9954.933392181589,793
64118,K61.,6,49.0,4,858.8843126177024,1711.5717137476458,2490.160903954802,10009.495028248588,531
64119,K61.,6,49.0,5,868.053523206751,1890.0645780590717,2720.9914556962026,10512.494008438818,474
64120,K61.,6,49.0,6,767.4254918032788,2148.5139344262298,2569.0275409836063,10623.20155737705,122
64121,K61.,6,49.0,8,798.1324999999999,1936.7704999999999,2314.6726666666664,9812.562166666667,60
64173,K62.,1,17.9,3,2088.9483870967742,653.4645161290322,3995.881935483871,9298.242580645161,31
64174,K62.,1,17.9,4,1884.7026666666668,732.2266666666667,4082.940666666667,8612.622,30
64175,K62.,1,17.9,5,2345.906,689.676,4285.9358,10553.191,50
64199,K62.,1,45.4,5,1702.178260869565,829.2217391304347,1995.3926086956521,7044.994347826087,23
64207,K62.,1,48.3,5,2102.6255555555554,727.7222222222222,2399.5522222222226,8218.18148148148,27
64215,K62.,1,48.7,2,1772.575,651.5078571428572,4149.207142857143,9149.986785714285,28
64216,K62.,1,48.7,3,1922.4820512820513,671.8410256410256,4389.326153846154,10725.505641025642,39
64217,K62.,1,48.7,4,1707.2313725490196,687.3803921568627,4410.56294117647,9841.856274509804,51
64218,K62.,1,48.7,5,1830.3450704225352,716.3295774647887,4166.38661971831,10267.064647887324,71
64219,K62.,1,48.7,6,1752.242857142857,784.7523809523809,4639.232857142857,11070.934761904762,21
64226,K62.,1,49.4,2,4808.5270967741935,664.9477419354839,2466.5070967741935,10609.012903225806,31
64227,K62.,1,49.4,3,7125.118709677419,781.0535483870967,2711.769516129032,12894.14693548387,62
64228,K62.,1,49.4,4,6273.174528301887,771.7784905660378,3229.4618867924532,12667.258113207548,53
64229,K62.,1,49.4,5,6834.490740740741,791.4488888888889,3117.5865432098767,13135.017407407406,81
64230,K62.,1,49.4,6,5610.59619047619,787.0571428571429,2668.400476190476,11132.184285714286,21
64254,K62.,2,48.3,4,650.9408333333333,1276.13375,912.05625,5201.987916666667,24
64255,K62.,2,48.3,5,793.8215094339623,1403.3945283018868,844.3356603773585,5305.628679245283,53
64256,K62.,2,48.3,6,942.2572,1343.612,1435.8776,6417.514399999999,25
64261,K62.,2,48.4,4,1125.3141379310346,1453.2068965517242,1545.3958620689657,9116.813793103447,29
64298,K62.,3,45.4,4,750.4233333333333,1579.6037037037038,855.812962962963,5347.02925925926,27
64299,K62.,3,45.4,5,796.0060000000001,1851.8090909090909,777.4025454545455,5430.147818181818,55
64300,K62.,3,45.4,6,791.1628571428572,1967.3942857142858,991.0257142857143,5943.908214285714,28
64308,K62.,3,48.3,3,669.3044,1181.5322,917.9548,5398.8182,50
64309,K62.,3,48.3,4,781.0273076923077,1446.9626153846154,1104.0848461538462,5886.461076923077,130
64310,K62.,3,48.3,5,846.4988888888889,1595.5666031746032,1031.2197142857144,5983.2506984126985,315
64311,K62.,3,48.3,6,933.1817,1857.9814999999999,1149.6776,6605.435649999999,200
64312,K62.,3,48.3,8,947.1406382978723,1556.296914893617,1173.807659574468,6476.421170212766,94
64317,K62.,3,48.4,4,2006.66625,1272.9616666666666,1921.4379166666668,8782.2775,24
64318,K62.,3,48.4,5,1571.1126666666667,1605.096,2171.6600000000003,9857.064666666667,30
64328,K62.,3,48.7,5,1107.4940909090908,1223.0954545454545,2365.4045454545453,9417.553636363637,22
64340,K62.,3,49.4,3,2617.849090909091,1066.9727272727273,1731.5272727272727,8932.138181818182,22
64341,K62.,3,49.4,4,2638.0503999999996,1116.5108,2139.3107999999997,9562.118,25
64342,K62.,3,49.4,5,2489.449777777778,1231.6033333333335,1842.048,9034.91911111111,45
64388,K62.,4,48.3,5,757.8717777777779,2341.3831111111112,906.7308888888889,6645.187333333333,45
64389,K62.,4,48.3,6,731.445909090909,2410.663636363636,918.6386363636364,7221.908636363636,22
64454,K62.,5,45.4,4,730.983111111111,1672.080888888889,772.7313333333333,5543.2048888888885,45
64455,K62.,5,45.4,5,677.8412037037037,1615.7775,823.3951851851851,5268.853148148149,108
64456,K62.,5,45.4,6,702.4399999999999,2046.7908108108106,853.8564864864865,6133.204324324324,37
64457,K62.,5,45.4,8,909.2523333333334,1719.78,1239.3213333333333,6442.627333333334,30
64466,K62.,5,48.3,3,611.47109375,1786.77203125,675.69015625,5092.4209375,64
64467,K62.,5,48.3,4,624.8872077922078,1792.2525974025975,730.8942207792209,5346.333311688311,154
64468,K62.,5,48.3,5,739.6306143344709,1833.4719453924915,837.6836177474403,5876.979215017064,293
64469,K62.,5,48.3,6,889.6536363636363,2051.991666666667,975.7650757575758,6783.2832575757575,132
64470,K62.,5,48.3,8,815.9996842105263,2432.3373684210524,937.8251578947369,6917.639052631578,95
64474,K62.,5,48.4,3,2428.38,1369.1304347826087,1797.0234782608695,9207.552173913044,23
64475,K62.,5,48.4,4,2426.5567741935483,1270.0645161290322,1955.4541935483871,9142.374193548387,31
64476,K62.,5,48.4,5,2288.7713953488374,1306.1697674418606,2169.8058139534887,9272.766511627906,43
64484,K62.,5,48.7,4,1762.136,2223.2876,1221.9704,10900.5728,25
64485,K62.,5,48.7,5,1455.5166666666667,2138.6657575757577,993.799090909091,10528.46484848485,33
64506,K62.,5,49.4,2,2108.555909090909,1133.4409090909091,1790.6527272727274,8694.872272727273,22
64507,K62.,5,49.4,3,2059.9991304347827,1256.6891304347828,1756.6773913043478,8780.057391304348,46
64508,K62.,5,49.4,4,2200.4290410958906,1469.80698630137,1646.9109589041095,9466.898219178083,73
64509,K62.,5,49.4,5,2196.441375,1441.16425,1543.081,9299.374125,80
64510,K62.,5,49.4,6,2252.954516129032,1475.5522580645163,1584.1025806451612,9597.027419354838,31
64511,K62.,5,49.4,8,2332.5109677419355,1535.6151612903225,1660.9603225806452,9234.532903225807,31
64520,K62.,5,49.9,5,288.9903703703704,1276.3185185185184,2493.6192592592593,7715.958518518519,27
64575,K62.,6,45.2,5,634.1957692307692,3681.888076923077,1785.9723076923076,8074.963846153846,26
64586,K62.,6,45.4,4,1042.2473134328359,2215.7844776119405,956.0280597014925,6830.1326865671645,67
64587,K62.,6,45.4,5,1065.337294117647,2335.846117647059,1076.0482352941176,7316.808000000001,170
64588,K62.,6,45.4,6,1047.942,2524.6748888888887,1223.4532222222222,7766.787888888889,90
64589,K62.,6,45.4,8,1047.9140476190476,2669.7538095238097,1584.5578571428573,8436.863095238095,42
64605,K62.,6,48.3,0,1060.5725806451612,1351.3709677419354,682.9212903225807,6217.379032258064,31
64607,K62.,6,48.3,2,932.7822972972973,1644.1605405405405,657.2639189189189,5753.007567567567,74
64608,K62.,6,48.3,3,945.0453413654619,1798.2849397590362,799.003935742972,6224.624096385542,249
64609,K62.,6,48.3,4,971.9650888888889,2182.697,917.0429999999999,6996.108977777778,450
64610,K62.,6,48.3,5,998.0532107023411,2265.003085284281,894.1015217391304,7007.462909698997,1196
64611,K62.,6,48.3,6,1040.0396428571428,2642.9151098901098,988.7613598901099,7794.347925824176,728
64612,K62.,6,48.3,8,1005.7886666666667,2795.355739130435,1087.893420289855,8071.583594202898,345
64613,K62.,6,48.3,9,1251.7931578947369,3259.075438596491,1491.0731578947368,9847.725789473685,57
64616,K62.,6,48.4,2,2200.21641025641,1321.696923076923,3647.581025641026,12539.015128205128,39
64617,K62.,6,48.4,3,2204.4108108108107,1572.257027027027,3706.1041891891896,12902.909864864865,74
64618,K62.,6,48.4,4,2135.96223880597,1299.4629850746269,3561.2535820895523,12411.191641791045,67
64619,K62.,6,48.4,5,1948.0764864864866,1283.045945945946,3481.160135135135,12048.032162162162,74
64620,K62.,6,48.4,6,2213.668421052632,1513.2252631578947,3615.8036842105266,12929.54947368421,38
64631,K62.,6,48.7,2,1366.4699390243902,1358.6619512195123,1928.6078048780487,10070.286036585365,164
64632,K62.,6,48.7,3,1680.7338383838385,1449.7986195286196,2106.377037037037,11102.567373737373,297
64633,K62.,6,48.7,4,1478.9236802973976,1667.024535315985,2212.3722304832713,11285.204572490706,269
64634,K62.,6,48.7,5,1465.4662844036698,1848.8008027522935,2130.588348623853,11205.624357798164,436
64635,K62.,6,48.7,6,1532.1786931818183,1935.4607954545454,2229.715568181818,11815.389090909091,176
64636,K62.,6,48.7,8,2194.124193548387,2800.929247311828,2686.581612903226,14373.996774193547,93
64637,K62.,6,48.7,9,2092.705,2449.679166666667,2153.965,13047.357916666668,24
64662,K62.,6,49.4,2,2451.4545569620254,1851.4265822784812,2263.806202531646,11822.865443037974,79
64663,K62.,6,49.4,3,2558.02984375,1850.804296875,2371.701171875,12134.433671875,256
64664,K62.,6,49.4,4,2606.6532835820894,1866.9551243781093,2332.6251243781094,12103.352686567165,201
64665,K62.,6,49.4,5,2545.0822304832714,1897.4847955390333,2354.233308550186,12384.273680297398,269
64666,K62.,6,49.4,6,2456.915063291139,2264.425189873418,2425.8367088607597,12493.781265822785,79
64667,K62.,6,49.4,8,2106.893695652174,2421.8152173913045,2811.518695652174,12664.305652173914,46
64743,K63.,1,45.4,4,2009.5846666666666,796.3033333333333,1125.5966666666668,5950.756333333334,30
64744,K63.,1,45.4,5,1662.0820833333335,940.0,1165.43875,6509.445555555556,72
64745,K63.,1,45.4,6,2330.2483333333334,814.1750000000001,1603.3916666666667,7018.382083333334,24
64776,K63.,2,45.4,4,862.8822,1314.9979999999998,1015.2425999999999,4955.9572,50
64777,K63.,2,45.4,5,761.6229702970297,1570.6613861386138,1050.971287128713,5442.84504950495,101
64778,K63.,2,45.4,6,768.8158181818183,1364.0418181818181,1074.3187272727273,5463.684,55
64779,K63.,2,45.4,8,856.9867567567567,1665.2567567567567,1361.6256756756757,6056.8418918918915,37
64831,K63.,3,45.4,3,750.4849367088608,1677.287594936709,682.3945569620253,4835.802278481013,79
64832,K63.,3,45.4,4,691.1924890829694,1654.605152838428,792.7096069868995,5169.203318777293,229
64833,K63.,3,45.4,5,762.1899032882011,1719.2943133462284,838.7057253384912,5420.583694390716,517
64834,K63.,3,45.4,6,862.3166296296296,1835.2774074074075,1043.7771851851853,5929.497444444444,270
64835,K63.,3,45.4,8,899.0003954802261,2121.3318644067795,1063.197627118644,6140.301299435028,177
64836,K63.,3,45.4,9,899.2540740740741,2130.0037037037036,1310.2885185185185,6533.001481481482,27
64866,K63.,3,48.3,4,480.53818181818184,1181.8672727272728,602.5397727272727,4439.237272727273,44
64867,K63.,3,48.3,5,551.8875308641975,1043.969135802469,694.978888888889,4606.14913580247,81
64868,K63.,3,48.3,6,577.814054054054,1060.1324324324326,686.8764864864864,4437.584324324324,37
64922,K63.,4,45.4,3,613.6581081081081,1393.5281081081082,624.7754054054054,4505.915405405405,37
64923,K63.,4,45.4,4,727.6047761194029,1667.2447761194028,629.2671641791045,4877.074925373135,67
64924,K63.,4,45.4,5,756.7582068965518,1812.1033793103447,757.103724137931,5332.143034482759,145
64925,K63.,4,45.4,6,789.7027966101695,2229.49593220339,1075.086779661017,6306.112881355932,118
64926,K63.,4,45.4,8,1246.6475409836066,2325.185245901639,1314.7018032786884,7823.788360655737,61
64953,K63.,5,,4,844.6191666666667,1314.7958333333333,831.1150000000001,4714.8758333333335,24
64954,K63.,5,,5,971.6850000000001,1317.3137931034482,795.7831034482758,4910.14775862069,58
64955,K63.,5,,6,1205.5096,1462.76,822.5316,5501.4864,25
64956,K63.,5,,8,1038.3466666666668,2140.6233333333334,1514.562333333333,6683.331,30
64990,K63.,5,45.2,5,666.8923684210527,2365.7342105263156,992.9607894736843,6005.864473684211,38
64991,K63.,5,45.2,6,968.5690476190476,2505.6285714285714,1382.4866666666667,7332.655714285714,21
64998,K63.,5,45.4,2,748.7236842105264,1384.8794736842106,547.6021052631579,4753.394385964912,57
64999,K63.,5,45.4,3,791.4551546391752,1573.0068041237114,591.0840721649485,4816.606855670103,194
65000,K63.,5,45.4,4,773.938286252354,1739.9006779661017,699.565593220339,5293.007080979285,531
65001,K63.,5,45.4,5,814.6689758595464,1911.655069495245,734.4567300658376,5594.154359912216,1367
65002,K63.,5,45.4,6,934.581916083916,2085.516951048951,863.8140979020978,6159.928041958042,715
65003,K63.,5,45.4,8,1024.4590103092783,2199.2827628865975,1002.4227835051546,6807.877793814433,485
65004,K63.,5,45.4,9,1316.9470175438596,2775.3526315789477,1803.0142105263158,9086.302807017544,57
65036,K63.,5,46.7,6,2095.5366666666664,5407.6261904761905,5886.732857142857,21464.044285714284,21
65037,K63.,5,46.7,8,4115.791162790698,6952.009069767442,9492.589534883722,33129.4465116279,43
65047,K63.,5,48.3,4,746.6109523809524,2275.881428571429,2652.17619047619,9089.950476190475,21
65048,K63.,5,48.3,5,799.7721052631579,2001.878947368421,732.0123684210527,6182.605,38
65103,K63.,6,,5,748.9148148148147,3226.1214814814816,3017.354074074074,9279.414814814816,27
65104,K63.,6,,6,823.2637037037036,4792.411481481481,4177.613703703703,13184.11,27
65105,K63.,6,,8,666.5260606060606,3073.1690909090908,1902.209090909091,8163.304242424242,33
65135,K63.,6,43.4,5,1058.6778048780488,2843.743902439024,1268.620975609756,8632.29048780488,41
65136,K63.,6,43.4,6,974.8438461538461,2968.6246153846155,1321.4415384615386,9136.421538461538,26
65143,K63.,6,44.1,5,700.0353846153847,3750.257692307692,1795.5323076923075,9312.710769230769,26
65164,K63.,6,45.2,4,669.038,3384.5679999999998,1360.4264,7380.5996,25
65165,K63.,6,45.2,5,555.9263829787234,3690.314893617021,1368.798085106383,7623.452765957448,47
65166,K63.,6,45.2,6,531.6040625,3445.1296875,1572.2378125,7546.5634375,32
65167,K63.,6,45.2,8,492.992,4106.319666666666,2297.241666666667,9199.230666666666,30
65177,K63.,6,45.4,2,1015.9422988505746,1616.0672413793104,675.4633333333333,5267.6015517241385,174
65178,K63.,6,45.4,3,898.0628213166143,1820.5051410658307,709.7168965517242,5423.677554858934,638
65179,K63.,6,45.4,4,888.6798236092267,2012.890447761194,819.4749118046133,6011.846526458616,1474
65180,K63.,6,45.4,5,974.636194718422,2180.5424276169265,852.3884505249761,6422.826544702513,3143
65181,K63.,6,45.4,6,973.8880680507497,2412.8836966551326,892.7247520184544,6772.5013321799315,1734
65182,K63.,6,45.4,8,1040.645781938326,2614.29954845815,1167.4952092511012,7533.097918502202,908
65183,K63.,6,45.4,9,1078.4153488372092,2956.4882945736435,1115.376976744186,8154.467829457365,129
65189,K63.,6,45.6,5,10988.730000000001,8969.30761904762,13402.263809523809,49000.19,21
65199,K63.,6,45.7,8,10288.569090909092,9908.775454545454,12831.277272727271,50770.48909090909,22
65232,K63.,6,46.7,5,4170.68064516129,6988.487096774194,12499.106774193548,37985.75129032258,31
65233,K63.,6,46.7,6,3469.253863636364,6209.953863636364,10595.509090909092,31265.977045454547,44
65234,K63.,6,46.7,8,4326.442037037037,9646.730370370371,11215.712962962964,38911.347592592596,54
65235,K63.,6,46.7,9,4352.975454545454,10226.028181818181,13385.178787878789,42538.731212121216,33
65246,K63.,6,48.3,4,854.9197222222223,2008.1677777777777,849.5147222222222,6487.795555555556,36
65247,K63.,6,48.3,5,1112.6450458715597,2255.9901834862385,909.0704587155964,6876.7557798165135,109
65248,K63.,6,48.3,6,977.024693877551,2555.5895918367346,1210.2185714285715,7970.211224489796,49
65342,K64.,1,17.9,1,2619.4793103448274,592.4896551724138,2813.3279310344824,8098.998620689655,29
65343,K64.,1,17.9,2,2732.7822222222226,643.372463768116,3393.6612560386475,9272.537874396136,207
65344,K64.,1,17.9,3,2645.3673394495413,689.2605504587156,3520.451100917431,9163.732935779817,109
65345,K64.,1,17.9,4,2670.4638356164382,664.0712328767123,3668.5552054794516,9177.103835616437,73
65346,K64.,1,17.9,5,2666.9488333333334,739.0216666666668,3965.2831666666666,9788.364833333333,60
65362,K64.,1,45.2,5,1807.8220000000001,621.145,4648.852,10455.955333333333,30
65385,K64.,1,49.4,1,2381.0926315789475,576.6357894736842,1421.6628947368422,7005.5639473684205,38
65386,K64.,1,49.4,2,2563.7073224043716,687.1207650273225,1908.914098360656,8639.018797814208,183
65387,K64.,1,49.4,3,2359.152,727.1253939393939,1695.7426666666665,8887.094121212122,165
65388,K64.,1,49.4,4,2449.7667661691544,739.7253731343283,1658.5689054726367,8883.622437810945,201
65389,K64.,1,49.4,5,2402.45132780083,755.5626970954356,1735.3817012448133,8466.309128630706,241
65390,K64.,1,49.4,6,2282.0894202898553,768.415652173913,1463.7524637681158,7792.820289855072,69
65391,K64.,1,49.4,8,2394.757894736842,815.1107894736842,1769.362894736842,7942.630789473684,38
65403,K64.,2,17.9,4,1023.0160869565217,551.1382608695652,2098.2539130434784,5393.782173913044,23
65404,K64.,2,17.9,5,1059.2102564102563,635.7051282051282,2089.307435897436,5520.351282051282,39
65428,K64.,2,49.4,2,2509.747640449438,712.8460674157303,1401.2329213483144,7787.84179775281,89
65429,K64.,2,49.4,3,2330.365517241379,831.5001379310345,1530.1940689655173,7811.854413793103,145
65430,K64.,2,49.4,4,2072.991550802139,897.4214438502673,1523.4603743315508,7987.5210160427805,187
65431,K64.,2,49.4,5,2241.1797083333336,894.2818333333333,1604.3923333333335,8216.778958333332,240
65432,K64.,2,49.4,6,2485.9283870967743,932.3193548387097,1466.475,8593.506451612904,62
65433,K64.,2,49.4,8,1836.639655172414,1103.4872413793105,1677.818620689655,7600.998275862068,29
65462,K64.,3,49.4,2,1057.622,1033.7947368421053,1263.0214736842104,6152.582631578947,95
65463,K64.,3,49.4,3,1099.001607142857,1027.0877976190477,1325.3377380952381,6316.15380952381,168
65464,K64.,3,49.4,4,1026.575061728395,1025.3072016460906,1220.9965432098763,5873.660617283951,243
65465,K64.,3,49.4,5,1086.0994076655054,1058.6026132404181,1183.9604529616724,5950.870174216027,287
65466,K64.,3,49.4,6,1079.4727450980392,1077.7779411764707,1294.7898039215686,6028.603137254902,102
65467,K64.,3,49.4,8,1193.352741935484,1231.4185483870967,1384.241935483871,6547.309516129032,62
65533,K64.,5,49.4,2,1390.0897894736843,1063.2610526315789,1300.9972631578948,6840.472421052632,95
65534,K64.,5,49.4,3,1507.2656185567012,1069.3342783505154,1287.0571649484536,7082.47706185567,194
65535,K64.,5,49.4,4,1474.4685211267606,1073.9540845070424,1341.2208450704225,7114.109295774648,284
65536,K64.,5,49.4,5,1483.8764739884393,1158.9223988439308,1338.818005780347,7301.4333236994225,346
65537,K64.,5,49.4,6,1364.1054716981132,1233.1608490566039,1369.5953773584904,7109.768867924528,106
65538,K64.,5,49.4,8,1546.1919642857142,1478.3910714285714,1297.029642857143,7920.565178571429,56
65552,K64.,6,17.9,2,2001.4005128205126,1298.8641025641027,2035.1566666666668,9204.264102564102,39
65553,K64.,6,17.9,3,2050.3209677419354,1284.9822580645164,2111.8854838709676,9164.930483870967,62
65554,K64.,6,17.9,4,2093.895857142857,1239.1285714285714,2060.328,9226.669142857143,70
65555,K64.,6,17.9,5,2142.1363529411765,1462.2772941176472,2106.180588235294,9590.861294117647,85
65589,K64.,6,49.4,2,1952.2641304347824,1073.974456521739,1550.0715217391303,7840.665108695652,92
65590,K64.,6,49.4,3,2061.407222222222,1201.1400505050506,1591.2727777777777,8371.434747474748,198
65591,K64.,6,49.4,4,1979.5833018867922,1245.1970283018868,1583.2576886792453,8160.929669811321,212
65592,K64.,6,49.4,5,2077.906962962963,1414.7337037037037,1652.348037037037,8721.293851851851,270
65593,K64.,6,49.4,6,2110.8879,1384.9635,1800.6843,9056.3261,100
65594,K64.,6,49.4,8,1952.5457692307693,1621.660576923077,1856.9603846153846,9184.874807692308,52
65603,K64.,6,89.3,3,482.0316,1592.628,2779.2576,8595.7884,25
65604,K64.,6,89.3,4,1247.5321739130436,1587.891304347826,2443.6908695652173,8905.50652173913,23
65605,K64.,6,89.3,5,735.928888888889,1782.486111111111,2420.075,8365.669444444444,36
65820,K65.,6,,3,472.8232,3299.2324,3306.1820000000002,9348.898000000001,25
65821,K65.,6,,4,521.4160714285714,3964.5842857142857,3544.1860714285717,10446.390357142856,28
65822,K65.,6,,5,578.7575,3858.999318181818,5275.890681818182,12986.016136363636,44
65823,K65.,6,,6,507.745625,3650.0304166666665,4187.024166666667,11036.357916666668,48
65824,K65.,6,,8,651.6354901960785,4618.517647058823,5262.8101960784315,14041.23274509804,51
65825,K65.,6,,9,460.0788679245283,4479.949056603773,4397.77320754717,12427.618301886792,53
65988,K65.,6,54.9,5,1151.4485714285713,5386.800285714286,4552.436571428571,14824.401714285714,35
65989,K65.,6,54.9,6,1363.2955555555557,5362.742444444444,5698.795555555555,17385.967333333334,45
65990,K65.,6,54.9,8,1873.2493103448273,6029.093103448276,6028.440689655173,19921.36724137931,29
66310,K70.,6,,5,357.25529411764705,3531.560294117647,4228.057352941176,10750.35794117647,34
66311,K70.,6,,6,494.7482758620689,5485.407586206897,4258.1313793103445,15654.705172413793,29
66338,K70.,6,42.3,5,5128.009411764706,4332.283529411765,4752.219705882353,19839.28882352941,34
66382,K70.,6,54.9,5,604.2178125,5365.834375,5339.9365625,16787.8915625,32
66383,K70.,6,54.9,6,2687.5243333333333,5443.352333333333,6560.645333333333,20118.590333333334,30
66445,K71.,6,,5,364.72594594594597,3612.718918918919,4192.531891891892,10580.386486486486,37
66580,K72.,5,,4,327.4113043478261,3273.5443478260872,4144.11,10956.392608695653,23
66581,K72.,5,,5,427.7479411764706,3380.4779411764707,4441.373823529411,11115.693823529411,34
66582,K72.,5,,6,338.2447368421052,3758.656842105263,3839.218947368421,11573.846315789473,38
66583,K72.,5,,8,368.25380952380954,3845.3299999999995,4443.4423809523805,12490.826666666666,21
66671,K72.,6,,3,433.95622641509436,3911.6396226415095,5830.447735849057,13392.688679245282,53
66672,K72.,6,,4,619.4713157894738,4863.806052631579,6597.108508771929,15982.27149122807,114
66673,K72.,6,,5,452.26168316831684,4566.523316831683,5506.345594059406,14610.446534653467,202
66674,K72.,6,,6,440.4034782608696,4366.720217391305,5360.073115942028,13785.31768115942,138
66675,K72.,6,,8,413.62336842105265,4993.796631578947,5523.690421052631,14686.038736842105,95
66676,K72.,6,,9,735.657105263158,4125.235263157895,5427.002631578947,14329.921052631578,38
66709,K72.,6,38.9,5,10496.21125,9723.399374999999,13033.44125,47187.29625,32
66749,K72.,6,44.1,5,460.812962962963,5235.233333333333,6013.766296296297,15631.682962962963,27
66803,K72.,6,50.9,3,18372.965714285714,11994.243999999999,16613.084000000003,75461.19114285715,35
66804,K72.,6,50.9,4,23456.6548,10693.271799999999,17231.9116,79285.6718,50
66805,K72.,6,50.9,5,20311.052820512818,10937.977564102564,16258.697948717949,74589.77166666667,78
66806,K72.,6,50.9,6,19828.7634375,13672.116875,16809.73875,76384.83375,32
66807,K72.,6,50.9,8,17528.528461538463,13838.426923076922,18855.50423076923,81109.14153846154,26
66825,K72.,6,54.9,4,6585.586666666667,9149.426666666666,12274.836666666668,43085.31958333333,24
66826,K72.,6,54.9,5,1121.0610843373493,5647.842168674699,6928.829518072289,21002.208072289155,83
66827,K72.,6,54.9,6,636.5933333333334,5917.1425,8079.152166666667,21514.946500000002,60
66828,K72.,6,54.9,8,749.6832142857144,7162.8125,8408.389642857142,22981.409285714286,28
66965,K74.,3,,5,528.7068518518519,4418.2487037037035,4543.755925925926,15390.107777777777,54
66966,K74.,3,,6,428.82222222222225,4395.822222222222,4986.296666666667,15151.444814814815,27
66967,K74.,3,,8,354.57410256410253,2790.1310256410256,3404.5620512820515,9259.988461538462,39
66968,K74.,3,,9,392.7896,3507.1728000000003,3511.5064,11304.7384,25
67090,K74.,5,,4,601.16,3264.5960000000005,4264.484,11803.0136,25
67091,K74.,5,,5,420.43129999999996,3134.0869000000002,3726.8415000000005,10642.598600000001,100
67092,K74.,5,,6,384.6851282051282,3103.015641025641,3285.8739743589745,10177.603076923077,78
67093,K74.,5,,8,383.2267391304348,3234.262608695652,3347.220326086957,10208.80097826087,92
67094,K74.,5,,9,346.87954545454545,3238.309090909091,3316.960454545455,10071.138636363637,22
67131,K74.,5,42.3,5,3282.7308000000003,3844.1414,4454.011600000001,17396.323,50
67132,K74.,5,42.3,6,4420.455,3675.3675000000003,3846.500833333333,18555.032083333335,24
67137,K74.,5,42.9,5,2116.720909090909,2421.0531818181817,3447.848636363636,12168.593181818182,22
67150,K74.,5,44.1,5,404.0575,4392.536111111111,4977.759444444444,14121.512222222222,36
67151,K74.,5,44.1,6,385.1884615384615,4114.684615384615,3144.498846153846,11147.648846153847,26
67179,K74.,5,54.9,5,528.3745098039216,3150.8272549019607,4031.269803921569,11401.65568627451,51
67180,K74.,5,54.9,6,440.6404166666666,2955.4327083333333,2161.2341666666666,8338.194791666667,48
67181,K74.,5,54.9,8,483.879347826087,3710.556956521739,4080.4236956521736,12836.810652173914,46
67230,K74.,6,,3,458.70764705882357,4144.468823529412,4826.857352941176,12135.694705882353,34
67231,K74.,6,,4,613.4779389312977,3642.2058015267176,5122.173969465649,12703.545419847327,131
67232,K74.,6,,5,491.4473770491804,3837.6743934426227,4482.720426229508,12189.717901639344,305
67233,K74.,6,,6,564.1223423423423,3934.0293243243245,4364.494549549549,11945.492117117117,222
67234,K74.,6,,8,410.0828155339806,4188.165048543689,4642.610582524272,12028.12436893204,206
67235,K74.,6,,9,455.9735164835165,4588.188901098901,5073.448241758241,14435.661318681317,91
67268,K74.,6,34.9,5,879.3654545454546,6332.897272727272,7260.6504545454545,19567.491818181818,22
67276,K74.,6,38.9,5,6675.9724242424245,6658.4875757575755,10754.969696969696,33299.24636363636,33
67282,K74.,6,39.1,4,29299.242857142857,6822.949523809524,6123.118571428572,87354.31857142856,21
67283,K74.,6,39.1,5,40134.75298507463,6171.240597014926,7262.758656716418,88837.85850746269,67
67284,K74.,6,39.1,6,43049.87148148148,7697.465925925927,7125.488888888889,96087.31851851853,27
67314,K74.,6,42.3,3,4168.5732499999995,3796.6642500000003,4794.33125,18927.79825,40
67315,K74.,6,42.3,4,4138.705838509317,3647.2534161490685,4273.312298136646,17443.37863354037,161
67316,K74.,6,42.3,5,4684.589107692307,4355.870430769231,5147.590553846154,20213.21049230769,325
67317,K74.,6,42.3,6,4228.647438423645,4167.427881773399,5669.88157635468,20277.093546798027,203
67318,K74.,6,42.3,8,3784.9520289855072,5215.902971014492,5885.5471739130435,22108.489057971015,138
67319,K74.,6,42.3,9,4466.692333333333,5536.828666666667,6004.558999999999,23471.917,30
67322,K74.,6,42.9,4,4790.463529411765,4644.517647058824,5249.511764705882,21828.54705882353,34
67323,K74.,6,42.9,5,4310.545774647887,3874.3170422535213,3982.9408450704223,18038.37295774648,71
67324,K74.,6,42.9,6,5786.697777777777,4300.458148148148,4464.954444444445,20715.241481481484,54
67325,K74.,6,42.9,8,3118.4551515151516,3827.37303030303,4146.115454545455,17556.28818181818,33
67330,K74.,6,43.4,4,8723.503939393939,5257.155303030303,6342.225454545454,27625.57590909091,66
67331,K74.,6,43.4,5,8401.16268292683,4684.359837398374,5365.315772357723,24415.498780487807,123
67332,K74.,6,43.4,6,8795.87361445783,5420.437831325301,5480.7554216867475,25831.618674698795,83
67333,K74.,6,43.4,8,7185.467234042554,5492.579787234043,5862.365957446808,24344.64340425532,47
67336,K74.,6,44.1,3,708.7230434782608,4332.560869565217,4220.388695652174,11804.556086956522,23
67337,K74.,6,44.1,4,1063.2805084745762,4707.235254237288,4407.99372881356,13195.918644067795,59
67338,K74.,6,44.1,5,655.0998802395209,4423.308443113772,4053.660359281437,12632.003413173652,167
67339,K74.,6,44.1,6,520.7470754716982,4776.872264150944,4260.707735849057,12661.158584905661,106
67340,K74.,6,44.1,8,469.2917460317461,4730.543492063492,3237.964126984127,11351.934761904762,63
67358,K74.,6,45.1,5,384.208870967742,4254.582903225807,3465.622580645161,10883.84677419355,62
67359,K74.,6,45.1,6,431.5341176470588,4696.541176470588,3491.8823529411766,11605.04117647059,34
67380,K74.,6,50.1,5,3963.887931034483,5820.0344827586205,2429.611724137931,16445.77448275862,29
67413,K74.,6,54.9,3,559.3807692307693,5538.805769230769,7076.1457692307695,18456.87076923077,26
67414,K74.,6,54.9,4,503.44942857142854,4731.946571428572,5681.2945714285715,15298.25657142857,70
67415,K74.,6,54.9,5,627.1721428571428,4725.015129870129,5179.662922077922,14826.944090909092,154
67416,K74.,6,54.9,6,634.3532231404959,5250.99347107438,5541.649421487603,16211.920495867767,121
67417,K74.,6,54.9,8,676.6057142857143,4839.898896103897,4349.948181818182,13813.260064935064,154
67418,K74.,6,54.9,9,581.7592857142857,4964.472142857143,3572.106547619048,13439.478571428572,84
67495,K74.,6,99.0,5,443.7551063829787,3434.81914893617,5747.671914893617,14898.995531914894,47
67496,K74.,6,99.0,6,378.0597297297297,3720.105945945946,5391.357837837838,14578.654054054054,37
67497,K74.,6,99.0,8,433.52500000000003,4468.255882352942,4537.614705882353,14248.67588235294,34
67601,K75.,5,50.9,6,2426.537619047619,7056.0371428571425,6232.020476190476,20490.11,21
67619,K75.,6,,4,463.4608695652174,5183.360869565217,6597.5239130434775,15445.485217391304,23
67620,K75.,6,,5,692.8626315789473,5368.256666666667,5889.045263157895,14642.73947368421,57
67621,K75.,6,,6,603.9510256410257,5131.047948717948,5063.673076923077,14025.03205128205,39
67622,K75.,6,,8,559.7836585365853,6147.237804878048,5606.690243902439,15903.446097560976,41
67667,K75.,6,50.1,5,994.8443478260871,5669.635652173913,3418.3404347826086,12893.895652173913,23
67684,K75.,6,50.9,4,1917.9009090909092,5531.600454545455,5299.869545454546,16064.986363636364,22
67685,K75.,6,50.9,5,2418.9327710843377,7683.46578313253,7685.938795180723,22976.903373493977,83
67686,K75.,6,50.9,6,2160.8664705882356,7411.261029411765,7749.831470588236,22277.60382352941,68
67687,K75.,6,50.9,8,2713.2306451612903,8001.167258064516,8670.867903225808,24832.384032258065,62
67688,K75.,6,50.9,9,2658.181666666667,7439.810416666667,8187.280833333333,24347.70375,24
67819,K76.,5,50.0,5,1268.2048,2272.018,1731.8868,10043.0796,25
67820,K76.,5,50.0,6,1585.4710344827588,2619.6658620689655,1759.798275862069,10493.166206896552,29
67821,K76.,5,50.0,8,2415.0614285714287,3213.1000000000004,1762.5019047619048,12828.240952380953,21
67854,K76.,6,,5,374.78,3834.8070370370374,2495.5988888888887,8810.883333333333,27
67855,K76.,6,,6,375.2396,4089.4640000000004,2064.9676,8453.0116,25
67923,K76.,6,50.0,4,2312.6234615384615,2506.4892307692307,1653.926153846154,13236.653846153846,26
67924,K76.,6,50.0,5,2815.8571428571427,2794.619682539683,1976.1670634920633,14384.968730158731,126
67925,K76.,6,50.0,6,2920.0262280701754,3501.6465789473687,2150.3409649122805,15990.307719298246,114
67926,K76.,6,50.0,8,2852.4978125,3552.96859375,2100.3896875,15798.478125,64
67939,K76.,6,50.2,4,7230.002592592593,5775.477407407408,4789.854814814815,35418.34370370371,27
67940,K76.,6,50.2,5,5989.878048780488,5522.933414634146,3782.6682926829267,30284.930000000004,41
67941,K76.,6,50.2,6,4338.918292682927,4967.863170731707,3299.9436585365856,24063.759512195124,41
67956,K76.,6,50.9,5,2274.4414285714283,3251.637142857143,1662.0328571428572,8954.335238095238,21
68019,K80.,1,51.0,2,4849.876428571429,2276.407142857143,6946.526071428571,18048.966785714285,28
68020,K80.,1,51.0,3,4910.3436363636365,2215.9727272727273,7129.835454545455,18528.88590909091,44
68021,K80.,1,51.0,4,4955.801020408163,2246.5959183673467,7187.8332653061225,18624.732244897958,49
68022,K80.,1,51.0,5,4909.428412698412,2307.720634920635,7423.915873015873,18856.68396825397,63
68028,K80.,1,51.2,2,1923.8551724137933,1850.6758620689654,4287.835862068966,11464.154827586206,29
68029,K80.,1,51.2,3,1702.92484375,1640.671875,3628.04984375,10260.8378125,64
68030,K80.,1,51.2,4,1585.9456862745096,1524.0358823529411,3152.3198039215686,9649.20705882353,102
68031,K80.,1,51.2,5,1650.0078540772533,1512.955321888412,2730.8115021459225,9123.97025751073,233
68032,K80.,1,51.2,6,1655.1945054945056,1563.2578021978022,2795.463846153846,9346.525054945056,91
68033,K80.,1,51.2,8,1564.385205479452,1602.4178082191781,2719.5291780821917,9280.216712328767,73
68077,K80.,2,51.2,2,1284.5553846153848,1252.0933653846155,1958.2232692307693,7934.702211538462,104
68078,K80.,2,51.2,3,1268.902722513089,1416.0383769633509,1971.5229842931938,8271.223717277488,191
68079,K80.,2,51.2,4,1263.1524012158054,1448.6681458966566,1983.2377203647416,8162.627234042553,329
68080,K80.,2,51.2,5,1269.0967226890757,1553.2758151260505,2075.7203529411768,8402.741714285714,595
68081,K80.,2,51.2,6,1254.6623192771085,1720.382469879518,2088.4293674698797,8688.727620481926,332
68082,K80.,2,51.2,8,1434.2021544715446,1939.5427235772358,2353.249715447155,9632.161869918698,246
68083,K80.,2,51.2,9,1467.4941860465117,2130.850465116279,2708.2202325581397,10735.199069767441,43
68116,K80.,3,,5,391.3573913043478,1981.505652173913,1278.7378260869566,5724.950434782608,23
68118,K80.,3,,8,309.81410256410254,2925.4951282051284,2985.5315384615383,7902.75717948718,39
68119,K80.,3,,9,371.232,4023.516857142857,3677.7900000000004,10390.738857142856,35
68165,K80.,3,51.2,1,1805.8311764705884,1774.2897058823528,2031.0673529411763,9902.813529411764,34
68166,K80.,3,51.2,2,1591.9390598290597,1613.5623504273506,1457.5417521367522,8393.211923076924,234
68167,K80.,3,51.2,3,1629.5366666666666,1639.6615109034267,1538.838722741433,8633.043956386293,642
68168,K80.,3,51.2,4,1623.271253012048,1744.9962771084336,1647.42678313253,9017.368313253011,830
68169,K80.,3,51.2,5,1606.3032497013144,1836.8304420549582,1594.9773954599762,9043.591242532855,1674
68170,K80.,3,51.2,6,1627.2290848214286,2066.268270089286,1765.1038504464286,9619.655044642857,896
68171,K80.,3,51.2,8,1588.5120512820513,2357.9293846153846,2144.735111111111,10665.002957264958,585
68172,K80.,3,51.2,9,1857.955617977528,2904.74606741573,2446.8519101123597,12353.296179775281,89
68181,K80.,3,51.4,8,2456.7576470588233,3739.7220588235296,4531.1626470588235,18082.07,34
68192,K80.,3,51.8,5,4100.378333333333,3247.4719444444445,3572.192777777778,17572.583055555555,36
68193,K80.,3,51.8,6,3801.6531428571425,3653.3705714285716,3700.746857142857,17935.338285714286,35
68194,K80.,3,51.8,8,4115.6215555555555,4118.137333333333,4411.494888888888,19229.128666666667,45
68260,K80.,4,51.2,2,1426.4817857142857,1811.4839285714286,1499.9167857142857,9427.776964285715,56
68261,K80.,4,51.2,3,1140.4752258064516,1906.0630322580646,1370.359741935484,9376.421225806453,155
68262,K80.,4,51.2,4,1186.3483695652174,1942.7439673913045,1321.388097826087,8993.174293478261,184
68263,K80.,4,51.2,5,1312.993096590909,2178.9261079545454,1549.203181818182,9754.624744318182,352
68264,K80.,4,51.2,6,1359.3933333333332,2355.175875706215,1593.5585310734461,10132.329491525425,177
68265,K80.,4,51.2,8,1433.6550375939848,2880.7352631578947,2173.7575187969924,11564.119172932331,133
68266,K80.,4,51.2,9,2006.4054545454544,4021.461818181818,2719.5954545454547,14531.112272727272,22
68282,K80.,4,51.8,8,3213.3584,4583.335999999999,4302.4232,20103.2072,25
68303,K80.,5,,5,345.09363636363634,3251.8363636363633,2365.625909090909,7281.2413636363635,22
68304,K80.,5,,6,358.43142857142857,3470.1780952380955,2223.4283333333333,7398.402619047619,42
68305,K80.,5,,8,348.23089285714286,3539.1817857142855,2615.4505357142857,8331.416428571429,56
68306,K80.,5,,9,423.46686567164176,3752.6283582089554,3654.836417910448,10132.710746268656,67
68355,K80.,5,50.3,6,6888.473181818182,6813.615909090909,6980.95090909091,34761.060000000005,22
68375,K80.,5,51.2,1,1718.6774683544302,1821.9244303797468,1436.7896202531647,9112.547594936708,79
68376,K80.,5,51.2,2,1628.6198513800423,1951.4588110403397,1676.0870063694267,9306.416751592356,471
68377,K80.,5,51.2,3,1667.032673521851,1980.1038646101113,1604.5381662382176,9468.34118251928,1167
68378,K80.,5,51.2,4,1687.1894558991983,2075.04127720504,1769.5266838487971,9860.433608247422,1746
68379,K80.,5,51.2,5,1619.1765431329804,2168.5554500155713,1691.3549174711927,9886.31730613516,3211
68380,K80.,5,51.2,6,1660.7326322043969,2417.914765300059,1913.8637849079025,10664.176048722518,1683
68381,K80.,5,51.2,8,1732.9889691558442,2730.9948863636364,2210.7215746753245,11679.324959415584,1232
68382,K80.,5,51.2,9,1890.311604477612,3402.9358208955227,2968.6596641791048,14068.481529850746,268
68389,K80.,5,51.4,5,2180.398787878788,3754.3233333333333,4559.461212121212,17991.054242424245,33
68390,K80.,5,51.4,6,2853.327142857143,4507.590476190476,6055.267619047619,22363.54619047619,42
68391,K80.,5,51.4,8,2179.4162499999998,4708.032708333333,5406.687291666666,22016.134374999998,48
68392,K80.,5,51.4,9,2314.475357142857,5829.037499999999,6247.129999999999,24480.052857142855,28
68404,K80.,5,51.8,2,4908.075000000001,3851.2141666666666,3921.517777777778,20546.10888888889,36
68405,K80.,5,51.8,3,4692.748536585366,3729.709024390244,4510.526341463415,20634.814390243904,41
68406,K80.,5,51.8,4,5537.660238095238,4076.795476190476,5130.873571428571,21969.082857142857,42
68407,K80.,5,51.8,5,4457.3153658536585,4013.23506097561,4576.624573170732,20961.834573170734,164
68408,K80.,5,51.8,6,4383.158815789474,4694.899934210526,4528.535394736842,22108.75125,152
68409,K80.,5,51.8,8,4370.932475728156,4983.456747572815,4697.107912621359,22864.56,206
68410,K80.,5,51.8,9,4936.733666666667,5359.424444444445,5249.362,24848.632444444444,90
68468,K80.,6,,4,354.0180487804878,3083.280243902439,2433.567073170732,7374.12487804878,41
68469,K80.,6,,5,413.56839080459764,3602.220229885057,2422.650804597701,7802.645172413793,87
68470,K80.,6,,6,387.0941818181818,4056.782909090909,2768.6897272727274,9263.354545454546,110
68471,K80.,6,,8,416.1256353591161,4326.064364640884,3246.7409392265195,10130.87453038674,181
68472,K80.,6,,9,461.6633678756477,4750.609222797927,3456.523834196891,11397.42243523316,193
68550,K80.,6,50.2,5,12903.652499999998,6514.288333333334,6654.974583333334,44148.69291666666,24
68556,K80.,6,50.3,4,16404.176666666666,7713.557435897435,11718.606153846154,54639.5217948718,39
68557,K80.,6,50.3,5,15085.583949579832,7201.698571428571,8770.328235294119,49689.26210084034,119
68558,K80.,6,50.3,6,15724.448979591836,8308.60081632653,10321.14387755102,54450.67999999999,98
68559,K80.,6,50.3,8,14237.371666666666,9691.902916666666,13457.357916666668,59726.85166666667,72
68564,K80.,6,51.0,3,2260.4812500000003,2424.00125,1350.9175,10519.119166666667,24
68565,K80.,6,51.0,4,3499.9393333333337,3691.105666666667,3481.4396666666667,17131.771,30
68566,K80.,6,51.0,5,1852.9142307692307,2968.4384615384615,1954.521153846154,11300.56,26
68568,K80.,6,51.0,8,2762.85125,4378.6975,3800.9890625,14581.1253125,32
68569,K80.,6,51.0,9,2343.608974358974,6150.951538461538,4893.695128205128,18887.713589743587,39
68574,K80.,6,51.1,5,6847.641944444444,4517.173055555556,4783.947777777777,24651.46277777778,36
68575,K80.,6,51.1,6,6928.5734375,4796.2753125,5110.9678125,24356.8290625,32
68576,K80.,6,51.1,8,8046.780857142858,5508.4897142857135,4728.6197142857145,27424.00742857143,35
68577,K80.,6,51.1,9,10278.834347826087,5480.688695652174,4687.819565217392,27905.478695652175,23
68579,K80.,6,51.2,1,2315.085308641975,2267.066296296296,2018.9995061728393,11716.193580246914,162
68580,K80.,6,51.2,2,2300.02720754717,2125.7641811320755,1814.9442037735848,10967.82795471698,1325
68581,K80.,6,51.2,3,2217.5229088145898,2133.195729483283,1795.55320668693,10899.02373556231,3290
68582,K80.,6,51.2,4,2196.4082559025132,2317.355793348566,1918.2126986544808,11356.723117542524,3939
68583,K80.,6,51.2,5,2239.344242100443,2512.22789650435,1964.1990230499161,11700.568597160738,6551
68584,K80.,6,51.2,6,2307.9341126589948,2843.2346062992124,2151.4016444579042,12548.361305269535,3302
68585,K80.,6,51.2,8,2354.6751647237706,3346.919113025849,2483.681373542828,13769.77795742524,1973
68586,K80.,6,51.2,9,2807.2812616822434,4188.773481308412,3558.7613785046724,17370.576425233645,428
68598,K80.,6,51.4,5,6534.557192982456,6861.469999999999,8991.303333333333,34998.147192982455,57
68599,K80.,6,51.4,6,5481.944558823529,7591.604852941176,10948.902205882352,39092.300294117646,68
68600,K80.,6,51.4,8,5254.084400000001,8582.252666666665,11921.091733333333,41732.60666666667,75
68601,K80.,6,51.4,9,5522.816,8708.185111111112,11933.160666666667,41679.998,45
68620,K80.,6,51.7,5,3589.958620689655,5127.624482758621,4991.987586206897,24624.504137931035,29
68621,K80.,6,51.7,6,3646.2920833333333,5915.113333333334,5985.3829166666665,27182.687083333334,24
68622,K80.,6,51.7,8,4207.998620689656,9860.327586206897,8606.85103448276,39148.15517241379,29
68625,K80.,6,51.8,1,6387.721290322581,3843.4616129032256,3361.657419354839,21981.75806451613,31
68626,K80.,6,51.8,2,6720.153333333334,4251.588282828283,4284.198888888889,24182.268282828285,99
68627,K80.,6,51.8,3,6201.15817204301,4153.401559139785,4289.62623655914,23487.778494623653,186
68628,K80.,6,51.8,4,6726.00577946768,4719.593840304182,5028.607908745246,25358.905741444865,263
68629,K80.,6,51.8,5,6514.140358974359,4617.510547008547,4751.071606837607,25158.36264957265,585
68630,K80.,6,51.8,6,6318.196685082872,5333.438876611418,5194.20379373849,26509.170902394108,543
68631,K80.,6,51.8,8,6574.816762711865,5824.332169491526,5542.309542372881,27791.159237288135,590
68632,K80.,6,51.8,9,6892.417969230769,6449.708892307692,6178.127569230769,29726.789323076922,325
68636,K80.,6,51.9,5,1762.4273333333333,2905.3406666666665,2438.7419999999997,10978.925666666668,30
68637,K80.,6,51.9,6,2515.9968,3528.136,2889.4968,12850.1448,25
68638,K80.,6,51.9,8,2467.660888888889,4652.601333333333,3711.9937777777777,15277.977555555555,45
68654,K80.,6,54.5,3,2286.635,2432.340909090909,4052.3295454545455,14644.415,22
68655,K80.,6,54.5,4,2473.1703571428575,2998.475,3968.2132142857145,15615.353214285715,28
68656,K80.,6,54.5,5,2808.5397435897435,2504.7820512820513,3918.4766666666665,14964.778717948719,39
68785,K81.,3,51.2,5,1906.600357142857,2095.7575,2134.987857142857,11175.617142857142,28
68843,K81.,5,51.2,5,1667.8333333333333,2465.6310256410256,2706.628717948718,12175.294358974359,39
68844,K81.,5,51.2,6,1763.8573913043479,2490.917391304348,2490.2060869565216,11557.189130434781,23
68861,K81.,6,,8,428.87851851851855,4764.874814814814,2476.0162962962963,9640.502222222221,27
68862,K81.,6,,9,356.6675,3489.621875,2666.4746875,8349.325,32
68898,K81.,6,51.2,3,1991.8268181818182,2032.61,1776.3395454545455,11345.228636363636,22
68899,K81.,6,51.2,4,1916.5522857142857,3100.8462857142854,2897.5014285714287,13058.167714285713,35
68900,K81.,6,51.2,5,2775.5866071428572,3942.261607142857,3363.6553571428567,18852.658392857145,56
68901,K81.,6,51.2,6,2324.621142857143,3557.4971428571425,2984.807142857143,15122.989142857143,35
68902,K81.,6,51.2,8,2456.9556666666667,4139.073333333333,3121.942,15567.178000000002,30
68956,K82.,2,51.2,5,1245.6391666666666,1309.5125,1630.2924999999998,7387.1925,24
68971,K82.,3,51.2,3,1725.409047619048,1373.7261904761904,1354.671904761905,7735.523809523809,21
68972,K82.,3,51.2,4,1369.250909090909,1748.7959090909092,1128.0075,8005.723636363637,44
68973,K82.,3,51.2,5,1553.2409589041094,1615.3382191780822,1228.0390410958905,8219.07301369863,73
68974,K82.,3,51.2,6,1332.686896551724,1420.1827586206898,1180.3799999999999,7811.4196551724135,29
68996,K82.,5,51.2,3,1642.2399999999998,1804.4728070175438,1203.8217543859648,8685.325263157894,57
68997,K82.,5,51.2,4,1673.8561224489795,2061.5970408163266,1418.7787755102042,9321.168775510205,98
68998,K82.,5,51.2,5,1569.071520467836,2090.347894736842,1417.001754385965,9282.119005847953,171
68999,K82.,5,51.2,6,1534.1431818181818,2623.6945454545453,1648.9877272727274,10306.909545454546,44
69027,K82.,6,51.2,2,2274.712808988764,1751.9587640449436,1254.2108988764046,9663.947865168539,89
69028,K82.,6,51.2,3,2239.0939534883723,1920.8007441860464,1263.573441860465,9899.888744186046,215
69029,K82.,6,51.2,4,2139.785320754717,2193.7910566037735,1467.3329433962263,10492.40716981132,265
69030,K82.,6,51.2,5,2130.722654028436,2436.625876777251,1522.420142180095,10989.072132701423,422
69031,K82.,6,51.2,6,2226.7202898550727,2519.509275362319,1627.0533333333335,11282.652246376812,138
69032,K82.,6,51.2,8,2466.1698484848484,3443.3586363636364,1959.2013636363636,13568.063939393938,66
69147,K83.,5,,8,303.6347619047619,3655.8714285714286,2194.684285714286,7803.720476190477,21
69234,K83.,6,,5,482.52409090909094,3801.8927272727274,3157.6900000000005,9154.68090909091,44
69235,K83.,6,,6,647.2104,4764.1108,3942.5756,11744.1696,50
69236,K83.,6,,8,388.0388571428572,4421.078714285714,2589.9297142857145,9327.279571428571,70
69237,K83.,6,,9,402.42875000000004,4558.2579166666665,4224.40125,12528.7725,48
69333,K83.,6,51.6,0,5607.295454545455,6190.896818181819,5976.885909090909,55765.36681818182,22
69349,K83.,6,51.8,5,7567.726578947368,4958.304210526316,3920.2378947368425,23058.280263157896,38
69350,K83.,6,51.8,6,7613.528888888889,5420.555555555556,5649.714074074074,26447.950740740744,27
69351,K83.,6,51.8,8,8103.676756756756,5964.0675675675675,4884.988918918919,27561.5572972973,37
69357,K83.,6,51.9,5,3785.43625,5403.5720833333335,4660.890833333334,17951.067291666666,48
69358,K83.,6,51.9,6,2929.026153846154,4660.085538461539,4152.985230769231,15418.691846153846,65
69359,K83.,6,51.9,8,3289.782686567164,5352.491791044777,4499.914328358209,16257.534477611942,67
69360,K83.,6,51.9,9,4168.225384615384,6458.814807692308,4458.649038461538,19180.539615384616,52
69462,K85.,3,,2,373.14434782608697,2209.668695652174,3051.8726086956526,7341.6430434782615,23
69463,K85.,3,,3,344.6651282051282,2762.180128205128,4221.335769230769,9184.560897435897,78
69464,K85.,3,,4,358.30372881355936,2977.912627118644,4129.039830508475,9611.2806779661,118
69465,K85.,3,,5,364.5777443609022,3095.7453383458646,3742.964736842105,9375.942406015038,133
69466,K85.,3,,6,406.82677966101693,3260.4069491525424,4049.547288135593,10087.613559322033,59
69467,K85.,3,,8,352.840625,3017.4596875,4487.01671875,10066.14,64
69468,K85.,3,,9,376.53229166666665,3735.825833333334,4915.934791666667,11992.819166666666,48
69566,K85.,4,,3,385.15541666666667,2383.2712500000002,3775.875,8361.205,24
69567,K85.,4,,4,337.71852941176473,2473.1352941176474,3830.411176470588,8394.840294117646,34
69568,K85.,4,,5,366.69972222222225,2760.073888888889,3168.7922222222223,8281.158333333333,36
69627,K85.,5,,2,346.38681818181817,3078.160681818182,3907.426363636364,9308.222045454546,44
69628,K85.,5,,3,405.442,3033.0936666666666,3995.8125333333332,9399.160266666668,150
69629,K85.,5,,4,425.13098039215686,3466.6038725490193,4082.1967647058823,10013.055343137255,204
69630,K85.,5,,5,367.4222950819672,3298.859508196721,4137.862131147541,9906.889344262296,244
69631,K85.,5,,6,364.38522727272726,3363.582424242424,4199.5597727272725,10259.408333333333,132
69632,K85.,5,,8,344.6557534246575,3988.6641780821915,4598.08897260274,11653.935616438357,146
69633,K85.,5,,9,384.06823008849557,4021.17778761062,4215.294867256637,11344.187256637168,113
69649,K85.,5,38.9,4,1663.3708695652174,4325.773913043478,7537.708695652174,18567.788260869565,23
69667,K85.,5,44.1,4,407.6831818181818,3748.956818181818,4880.903636363637,12187.850909090908,22
69668,K85.,5,44.1,5,339.6125641025641,3403.5448717948716,3481.6125641025646,9937.84923076923,39
69775,K85.,5,96.0,5,747.1938095238095,3562.5380952380956,4793.539047619048,11504.020952380952,21
69782,K85.,5,96.3,5,403.6190476190476,5134.2904761904765,4581.648571428571,12899.016666666668,21
69809,K85.,6,,1,442.245,3434.5723076923077,3092.4423076923076,9478.770384615385,26
69810,K85.,6,,2,519.2771428571428,3559.6475714285716,4606.161428571429,11188.115476190476,210
69811,K85.,6,,3,467.0195396825397,3446.1941111111114,4696.6651587301585,11055.96319047619,630
69812,K85.,6,,4,466.2947632311978,3544.820403899721,4702.566573816156,11146.045334261838,718
69813,K85.,6,,5,474.6959090909091,3874.940606060606,5061.418383838383,12077.193244949496,792
69814,K85.,6,,6,455.3677039274924,4074.3222054380662,5471.172447129909,12863.765045317223,331
69815,K85.,6,,8,536.0812698412699,4533.728603174603,6040.134031746032,14292.699682539684,315
69816,K85.,6,,9,488.6297196261682,4825.688177570093,5821.894345794393,14633.469953271027,214
69824,K85.,6,17.9,3,384.3968627450981,3160.012156862745,4486.614117647059,10583.130392156863,51
69825,K85.,6,17.9,4,360.2773469387755,3093.620408163265,4543.9944897959185,10580.838979591836,49
69826,K85.,6,17.9,5,372.77780487804876,3453.829268292683,4714.731219512196,11251.713414634147,41
69827,K85.,6,17.9,6,396.3492,4433.0784,5946.1068000000005,14374.2432,25
69857,K85.,6,38.9,3,4312.067297297297,8679.173243243244,11699.676216216216,34026.41837837838,37
69858,K85.,6,38.9,4,4715.795283018868,10245.227547169812,12409.04283018868,36507.27018867925,53
69859,K85.,6,38.9,5,1885.058918918919,9032.915405405405,10870.941621621623,28204.187837837835,37
69861,K85.,6,38.9,8,2128.1723333333334,10011.291333333333,11611.098,33754.04433333333,30
69870,K85.,6,39.9,4,6727.16347826087,16640.398695652173,19336.857826086954,57728.784782608695,23
69892,K85.,6,44.1,3,463.2154054054054,3916.202432432432,5223.364864864865,12316.97081081081,37
69893,K85.,6,44.1,4,404.30285714285714,3941.4871428571428,4931.0001785714285,12552.031607142857,56
69894,K85.,6,44.1,5,468.59194029850744,4403.0828358208955,5043.588656716418,13097.423880597014,67
69895,K85.,6,44.1,6,590.0966666666667,5144.046153846153,5604.471538461539,14545.98153846154,39
69896,K85.,6,44.1,8,421.7786666666667,5032.399333333334,4669.322,13490.032000000001,30
69902,K85.,6,45.1,4,402.1479166666666,4298.258333333333,3549.806666666667,10418.839583333332,24
69903,K85.,6,45.1,5,474.9381481481482,4678.2444444444445,4667.458888888889,12989.796296296296,27
69938,K85.,6,51.2,3,2938.9452173913046,4784.553043478261,7306.9365217391305,24892.36260869565,23
69939,K85.,6,51.2,4,2311.7448484848487,4502.414848484848,6722.757575757576,21009.38696969697,33
69940,K85.,6,51.2,5,2586.8665333333333,5196.414400000001,7065.277333333334,21970.378399999998,75
69941,K85.,6,51.2,6,2702.644523809524,5435.087380952381,6293.148333333333,22059.735714285714,42
69942,K85.,6,51.2,8,2562.6062857142856,5851.876571428571,7829.941428571429,24233.845142857142,35
69956,K85.,6,51.8,5,6216.901785714285,7004.690714285714,9936.326428571429,33847.35035714285,28
69968,K85.,6,52.1,4,1007.803448275862,5825.634482758621,5111.776206896552,15722.972413793104,29
69969,K85.,6,52.1,5,567.0273076923077,5512.772307692308,5028.851923076923,14834.979615384615,26
69982,K85.,6,52.5,3,29424.570476190474,28254.27380952381,52104.71857142857,166795.0957142857,21
69983,K85.,6,52.5,4,16025.417037037038,24722.070740740743,42493.72666666667,133856.55333333334,27
69984,K85.,6,52.5,5,16832.132916666666,22714.25708333333,46093.17249999999,136537.39916666667,24
70008,K85.,6,54.9,5,3804.2262962962964,15100.19,23770.114814814813,54744.63407407408,27
70050,K85.,6,89.5,5,545.4280952380954,5045.142857142857,5225.1090476190475,15813.561904761904,21
70071,K85.,6,93.3,5,429.9057142857143,3187.2282142857143,4393.065714285714,10984.129285714285,28
70076,K85.,6,93.9,3,1712.3996296296298,7264.535185185186,10515.480000000001,26714.66074074074,27
70077,K85.,6,93.9,4,2251.7257142857147,9892.724761904761,13553.312857142857,35596.82571428571,21
70078,K85.,6,93.9,5,1537.5916666666667,8157.1376666666665,11706.606,29168.83133333333,30
70084,K85.,6,96.0,3,2511.2041379310344,8835.716206896552,9823.039655172415,33687.659999999996,29
70085,K85.,6,96.0,4,2185.6834375,7012.235937500001,9741.351875,25313.393125000002,32
70086,K85.,6,96.0,5,1981.4996875,10090.12,14788.759375000001,37831.871250000004,32
70093,K85.,6,96.3,3,364.03535714285715,3746.6,4716.018214285715,11868.378571428571,28
70094,K85.,6,96.3,4,475.3992857142857,4027.4357142857143,5180.5710714285715,12778.331071428573,28
70095,K85.,6,96.3,5,326.76048780487804,4060.6200000000003,4835.812682926829,12583.531219512195,41
70146,K85.,6,99.9,3,328.94041666666664,3379.589583333333,4735.0875,11054.46375,24
70147,K85.,6,99.9,4,358.7296,4213.9223999999995,5797.2836,13379.2744,25
70148,K85.,6,99.9,5,382.0942857142857,3730.9790476190474,4956.777619047619,12057.111428571428,21
70245,K86.,6,,3,387.5722222222222,3355.1133333333337,4277.964444444444,10759.556,45
70246,K86.,6,,4,441.26714285714286,3426.688571428572,4570.797428571429,11144.68857142857,35
70247,K86.,6,,5,515.7212820512821,4059.498974358974,4461.26282051282,11254.376153846153,39
70337,K86.,6,52.5,5,14539.577777777777,8668.785555555556,15275.850370370372,63385.54333333333,27
70514,K91.,6,42.9,6,1712.7890322580645,2032.9306451612904,1247.7609677419357,6804.340967741936,31
70515,K91.,6,42.9,8,2109.3464285714285,2384.878571428572,1235.3353571428572,7824.025000000001,28
70672,K92.,2,,9,443.3965625,2312.98,2857.370625,9429.0515625,32
70716,K92.,3,,4,452.2204545454546,3838.659090909091,3560.6295454545457,12463.775,22
70717,K92.,3,,5,572.8294736842105,3741.031578947369,3075.0223684210528,12394.176578947368,38
70718,K92.,3,,6,453.73400000000004,3868.936333333333,3459.7026666666666,12381.927,30
70719,K92.,3,,8,459.968947368421,2839.061842105263,3362.745657894737,10414.851184210527,76
70720,K92.,3,,9,431.30885057471266,3401.603333333333,3525.07183908046,11386.124942528735,87
70746,K92.,3,44.1,8,341.4429411764706,3077.15,2300.3432352941177,8770.109411764706,34
70871,K92.,5,,5,404.0397435897436,3345.005641025641,2420.6466666666665,8905.440256410257,39
70872,K92.,5,,6,410.86609375,3309.6215625,3604.9390625,11943.296875,64
70873,K92.,5,,8,422.8892741935484,3398.750806451613,2964.4920967741937,10106.717258064516,124
70874,K92.,5,,9,419.7966153846154,3784.0718974358974,3357.2192307692308,11787.14153846154,195
70890,K92.,5,38.9,9,1276.4054545454546,5475.552727272728,6312.596363636363,22142.270454545454,22
70916,K92.,5,44.1,5,368.28739130434786,3279.7999999999997,2221.43,9019.339130434782,23
70917,K92.,5,44.1,6,349.07931034482755,4062.2648275862066,3233.635172413793,12465.146206896552,29
70918,K92.,5,44.1,8,367.54627450980394,3757.9250980392158,2637.893137254902,10793.119215686274,51
70919,K92.,5,44.1,9,326.7003448275862,3543.0841379310345,2433.401379310345,9729.397586206898,29
71036,K92.,6,,4,660.9818181818182,4150.556818181818,3571.4936363636366,11208.658636363636,22
71037,K92.,6,,5,469.2440350877193,3845.0770175438597,4208.247017543859,12307.493333333334,114
71038,K92.,6,,6,394.04211009174315,3925.296513761468,3645.222660550459,11745.198073394497,109
71039,K92.,6,,8,467.6445188284519,4394.724016736402,4110.125690376569,13710.248828451884,239
71040,K92.,6,,9,415.3690751445087,4368.984046242775,3317.6143352601157,12140.954797687862,346
71074,K92.,6,38.9,5,1251.611153846154,4449.70576923077,7048.1442307692305,19796.31653846154,26
71075,K92.,6,38.9,6,1098.5642307692308,5993.183846153846,6421.223846153846,20674.528461538463,26
71076,K92.,6,38.9,8,854.5326470588235,6443.201764705882,7278.042058823529,23603.809705882355,34
71077,K92.,6,38.9,9,1314.7521818181817,7730.65290909091,7946.246545454545,26213.92290909091,55
71132,K92.,6,44.1,4,362.7834375,3793.4375,2064.606875,8770.071875,32
71133,K92.,6,44.1,5,1205.111724137931,4361.169885057471,2501.9639080459774,11356.358275862069,87
71134,K92.,6,44.1,6,559.1265714285714,4790.756285714286,3689.281428571429,12952.104285714286,70
71135,K92.,6,44.1,8,466.5139333333333,4684.863600000001,2901.3335333333334,12100.5736,150
71136,K92.,6,44.1,9,561.7336734693878,5554.28306122449,3419.0638775510206,14446.318775510204,49
71150,K92.,6,45.1,5,1922.8326000000002,4711.198,3613.792,14182.738000000001,50
71151,K92.,6,45.1,6,1859.88,4816.993409090909,2540.935454545455,12843.82,44
71152,K92.,6,45.1,8,1978.4080701754385,4558.132631578947,2645.523859649123,12693.927192982455,57
71153,K92.,6,45.1,9,1120.3411999999998,6368.594400000001,4282.364799999999,16984.133599999997,25
71159,K92.,6,45.2,5,951.003,4028.786333333333,2235.2263333333335,9721.26,30
71160,K92.,6,45.2,6,560.2921739130435,4618.044347826087,2707.4578260869566,10750.553043478261,23
71161,K92.,6,45.2,8,673.4561363636363,5336.722045454545,2887.973409090909,12067.140227272728,44
71162,K92.,6,45.2,9,619.3572,5048.976,2948.5844,12676.9948,25
71170,K92.,6,45.4,6,1331.4642857142858,5302.386190476191,3610.1609523809525,14873.254285714283,21
71171,K92.,6,45.4,8,1757.1373076923078,5769.502307692308,4191.515,16936.33846153846,26
71285,K92.,6,93.9,9,1008.2542857142857,7402.630476190476,5226.114285714286,20899.571904761906,21
71310,K92.,6,99.0,5,491.5088095238095,4369.069523809524,5433.9064285714285,16833.63761904762,42
71311,K92.,6,99.0,6,508.98571428571427,4438.948571428572,5491.804,16485.53942857143,35
71312,K92.,6,99.0,8,455.1234285714286,3967.142571428571,4207.3681428571435,13997.286857142857,70
71313,K92.,6,99.0,9,519.7952688172043,5099.763333333333,5012.9873118279575,16830.460752688174,93
71616,L02.,6,86.0,0,597.878076923077,1368.0407692307692,961.5973076923076,5586.199423076923,52
71620,L02.,6,86.0,4,1163.3965217391303,3239.6478260869562,2885.575652173913,11300.484782608695,23
71621,L02.,6,86.0,5,982.6285714285714,4291.931428571429,3876.3410714285715,14747.364642857143,28
71622,L02.,6,86.0,6,628.0068,3112.5712,2063.6144,9670.4012,25
71623,L02.,6,86.0,8,1227.7252380952382,4601.3133333333335,4046.6428571428573,16798.58380952381,21
71744,L03.,6,,9,437.6954166666667,4170.1241666666665,3613.4441666666667,14110.709583333331,24
72173,L08.,6,,5,454.12382352941177,3203.5388235294117,2591.285294117647,9389.182647058824,34
72174,L08.,6,,6,424.9291666666666,2979.8174999999997,3182.755833333333,8877.010833333334,24
72176,L08.,6,,9,540.6032,3598.4688,3477.6764000000003,10376.5448,25
72288,L08.,6,86.2,5,2867.2726666666667,2954.3686666666667,4690.121666666667,17304.042333333335,30
72543,L30.,6,,8,425.4259090909091,2846.3818181818183,2312.116818181818,8852.002727272727,22
72594,L40.,6,,5,397.0781818181818,2803.372727272727,2813.5577272727273,9689.642727272727,22
72959,L72.,5,86.3,4,426.36590909090904,1524.5545454545454,624.4072727272728,4466.941363636364,22
72960,L72.,5,86.3,5,440.7989285714285,1550.4035714285715,631.9832142857142,4894.051071428571,28
72961,L72.,5,86.3,6,454.49,1763.364090909091,926.2095454545455,5314.457727272727,22
73055,L72.,6,83.3,3,945.0585714285714,1767.661904761905,622.537619047619,6000.387142857143,21
73080,L72.,6,86.3,0,725.3467857142857,1240.795357142857,496.0996428571429,6050.5575,28
73082,L72.,6,86.3,2,644.9787931034483,1493.4908620689655,416.44293103448274,4850.4060344827585,58
73083,L72.,6,86.3,3,699.6984705882353,1515.9202352941177,516.8789411764706,4966.953647058824,85
73084,L72.,6,86.3,4,629.9965217391305,1710.9708695652175,568.6891304347827,5097.116231884058,69
73085,L72.,6,86.3,5,609.9571739130434,1784.371956521739,596.0391304347826,5298.4085869565215,92
73086,L72.,6,86.3,6,543.7661224489796,1774.9795918367347,611.1314285714285,5097.482040816327,49
73087,L72.,6,86.3,8,665.2645161290322,2497.10935483871,826.4519354838709,6786.562903225807,31
73129,L75.,5,86.3,2,577.9436666666667,746.7366666666666,497.8926666666667,3777.7216666666664,30
73134,L75.,6,86.3,1,1075.394375,425.35,507.11968749999994,5276.1071875,32
73135,L75.,6,86.3,2,955.3743835616439,519.2852054794521,536.7521917808219,5315.939452054795,73
73136,L75.,6,86.3,3,1193.6264705882354,536.0285294117648,595.2458823529412,5230.3949999999995,34
73309,L89.,5,,9,2189.0741666666668,3271.1,4902.30375,20530.735416666666,24
73861,L98.,6,86.2,5,3787.8199999999997,2328.340909090909,3713.951363636363,19281.95409090909,22
74067,M05.,6,,5,353.8625806451613,5328.162903225806,2240.4861290322583,10306.396774193548,31
74068,M05.,6,,6,350.7942857142857,4905.975714285714,2268.871071428571,9791.173928571428,28
74069,M05.,6,,8,335.95,6333.192857142856,2451.964285714286,11279.641904761906,21
74116,M05.,6,81.9,5,428.17785714285714,4409.430357142857,2908.339821428571,10241.477499999999,56
74117,M05.,6,81.9,6,299.36884615384616,4728.880769230769,2324.0938461538462,9717.342115384616,52
74118,M05.,6,81.9,8,301.1941935483871,4795.7193548387095,3132.3219354838707,11112.771612903225,31
74223,M06.,6,,5,307.8342105263158,4045.292105263158,1856.2613157894739,8611.519210526316,38
74224,M06.,6,,6,384.4336,4693.348,2375.0308,9492.4804,25
74225,M06.,6,,8,338.1541935483871,3822.6000000000004,2170.9825806451613,9042.73935483871,31
74284,M06.,6,81.5,5,21569.379166666666,4489.411388888889,3565.1108333333336,50691.83638888889,36
74293,M06.,6,81.9,5,445.8034375,4993.91,3315.2865625,12294.108437500001,32
74294,M06.,6,81.9,6,412.92600000000004,4624.41,3143.948,11361.257666666666,30
74295,M06.,6,81.9,8,421.4112,4584.396,3120.2747999999997,11784.7248,25
74346,M10.,1,,3,809.9862068965518,1186.844827586207,5318.268620689655,13251.554827586207,29
74347,M10.,1,,4,849.4055263157894,1273.0473684210526,5765.793947368421,12845.622368421053,38
74348,M10.,1,,5,733.48125,1072.096875,4814.7690625,9400.1284375,32
74550,M10.,6,,5,458.3342857142857,5605.442857142857,1806.131904761905,9563.517142857143,21
74614,M10.,6,80.8,3,2547.96625,3438.179166666667,2279.6575,17647.924166666668,24
74615,M10.,6,80.8,4,2134.0132352941177,3127.7717647058826,2365.62,15952.347352941175,34
74616,M10.,6,80.8,5,1528.3921875,2909.453125,2166.5153125,12996.2753125,32
74866,M13.,5,81.5,6,17242.051785714288,2668.7214285714285,4115.393571428572,39364.06035714286,28
74867,M13.,5,81.5,8,9243.043043478261,2814.0478260869563,4552.941304347826,34770.464782608695,23
75121,M16.,6,81.5,3,12566.723461538462,4293.633076923077,1812.8623076923077,50190.79884615385,26
75122,M16.,6,81.5,4,19874.03431034483,4481.568793103448,2274.5906896551724,53781.34362068966,58
75123,M16.,6,81.5,5,22716.225475113122,4535.970723981901,2433.6358823529413,52474.17162895927,221
75124,M16.,6,81.5,6,20264.99125,4679.904107142857,2584.4648214285717,48332.51577380953,168
75125,M16.,6,81.5,8,20543.84372881356,5151.586779661017,2416.6981355932203,48243.96449152542,118
75126,M16.,6,81.5,9,12480.871739130434,4817.310869565217,2300.748260869565,45256.79956521739,23
75175,M17.,1,81.5,6,37918.512727272726,3752.889545454546,4219.245,52420.39045454546,22
75176,M17.,1,81.5,8,28859.41275862069,2932.208620689655,3602.2193103448276,40534.582068965516,29
75234,M17.,2,81.5,6,25516.96,2563.4982926829266,4432.320487804878,37591.29707317073,41
75235,M17.,2,81.5,8,28413.078499999996,2436.745,3851.864,41189.54925,40
75252,M17.,3,,6,1115.0923809523808,1514.2142857142858,6177.662857142857,13146.792857142858,21
75253,M17.,3,,8,6587.820000000001,2239.0703703703703,7114.152222222223,20705.692222222224,27
75291,M17.,3,80.7,5,8026.835714285714,2122.5619047619048,2821.9290476190477,19590.225714285712,21
75297,M17.,3,80.8,5,927.6322727272727,2111.0,4158.074090909091,13196.124545454544,22
75310,M17.,3,81.5,5,34091.05557692308,3253.5757692307693,5457.225384615384,55454.311346153845,52
75311,M17.,3,81.5,6,31655.58465116279,3494.0723255813955,5097.2252713178295,53333.092713178296,129
75312,M17.,3,81.5,8,29632.903362068966,3605.012327586207,4947.256034482758,48890.596724137926,116
75425,M17.,5,81.5,5,23884.13119402985,3347.3185074626867,3410.6123880597015,45479.07358208956,67
75426,M17.,5,81.5,6,20754.35799019608,3626.0335294117644,2996.7001470588234,39160.40661764706,204
75427,M17.,5,81.5,8,20938.012028985508,3899.08154589372,3311.830869565217,40687.056086956516,207
75428,M17.,5,81.5,9,18653.1,4413.506129032258,3157.9429032258063,40994.48193548387,31
75455,M17.,6,,5,666.685925925926,2761.177037037037,2022.2166666666667,11469.952222222222,27
75456,M17.,6,,6,633.1825806451612,3249.743548387097,2499.109032258065,11109.957741935485,31
75457,M17.,6,,8,442.6872093023256,3195.100930232558,2307.9218604651164,8984.02418604651,43
75538,M17.,6,80.4,5,2410.0473076923076,2724.4192307692306,1668.201153846154,16836.60653846154,26
75539,M17.,6,80.4,6,913.7014285714286,2777.2485714285713,1374.0145714285716,14483.668285714286,35
75548,M17.,6,80.7,5,5315.809310344827,3153.1134482758616,1734.5575862068965,18999.746896551726,29
75560,M17.,6,81.4,5,4268.7725641025645,3113.3851282051282,2288.128974358974,18766.837179487182,39
75561,M17.,6,81.4,6,3362.8746153846155,3107.6288461538466,2212.2111538461536,17497.758461538462,26
75562,M17.,6,81.4,8,4032.4752000000003,3343.4791999999998,2526.2236,18502.892,25
75566,M17.,6,81.5,4,26382.181764705885,3959.9561764705886,4263.844117647059,48841.68088235294,34
75567,M17.,6,81.5,5,25664.945795454547,4315.735454545455,3674.749034090909,49830.77698863636,352
75568,M17.,6,81.5,6,22870.13179156909,4521.869707259953,3550.9021077283373,46504.36511709602,854
75569,M17.,6,81.5,8,21875.011495198905,4923.800891632373,3572.787119341564,46218.77271604939,729
75570,M17.,6,81.5,9,20213.149785714286,5703.171071428571,3876.312357142857,47346.60864285714,140
75573,M17.,6,81.9,5,934.9325,2972.0714285714284,1818.8353571428572,9168.609999999999,28
75574,M17.,6,81.9,6,942.9534782608696,2960.980434782609,2308.263913043478,10747.012608695653,46
75575,M17.,6,81.9,8,1067.3009677419354,3334.8548387096776,2191.3693548387096,10386.074516129032,31
75576,M17.,6,81.9,9,637.1413636363636,5297.949090909091,4625.940909090909,15434.265454545455,22
75786,M19.,6,81.1,6,20592.891304347828,3561.771739130435,2028.2791304347825,36073.150869565216,23
76111,M23.,3,80.6,5,2473.4538095238095,1789.1,1318.4571428571428,10013.616666666667,21
76177,M23.,5,80.6,3,2956.08,1934.83125,1495.3704166666666,15131.073333333334,24
76178,M23.,5,80.6,4,2834.0784615384614,2004.1779487179488,1629.4958974358976,13593.65717948718,39
76179,M23.,5,80.6,5,3028.926417910448,1991.5323880597016,1501.5640298507462,13500.11656716418,67
76180,M23.,5,80.6,6,2340.677894736842,2265.7155263157897,1440.2473684210527,13148.08605263158,38
76181,M23.,5,80.6,8,1815.4235714285714,2333.585357142857,1726.5139285714286,13314.63392857143,28
76197,M23.,5,81.4,4,4957.092931034483,1617.3875862068965,1221.8725862068966,13539.054827586206,58
76198,M23.,5,81.4,5,4016.7513138686136,1799.6788321167883,1442.0740875912409,13453.192043795621,137
76199,M23.,5,81.4,6,3853.3044897959185,1812.648775510204,1125.703673469388,12136.541836734696,49
76200,M23.,5,81.4,8,3245.9919230769233,2323.3923076923074,1543.9292307692308,14549.199615384616,26
76242,M23.,6,80.1,5,1680.1958333333334,3345.5616666666665,1497.3579166666668,15124.355833333333,24
76259,M23.,6,80.6,3,3170.09380952381,2466.085,1584.2771428571427,14726.005476190476,42
76260,M23.,6,80.6,4,4429.006533333333,2519.1788,1791.8,15718.937066666667,75
76261,M23.,6,80.6,5,4357.27222972973,2644.2077027027026,1950.9131081081082,16122.870135135134,148
76262,M23.,6,80.6,6,4493.076,2776.4331111111114,2127.3720000000003,17068.737111111113,45
76263,M23.,6,80.6,8,3173.1270833333333,2967.366666666667,1867.212083333333,14434.942083333333,24
76280,M23.,6,81.4,1,6792.021,2188.7556666666665,1259.933,19828.110333333334,30
76281,M23.,6,81.4,2,5359.235172413793,2310.140344827586,1454.84908045977,21155.472643678164,87
76282,M23.,6,81.4,3,4409.480516129032,2467.730516129032,1465.3236774193547,20295.654387096776,155
76283,M23.,6,81.4,4,6106.8690625,2355.1293359375,1732.9809375,18528.55734375,256
76284,M23.,6,81.4,5,5688.71164410058,2424.068413926499,1966.6511992263056,17915.07998065764,517
76285,M23.,6,81.4,6,4794.726850828729,2866.506132596685,1868.2088950276243,17553.328508287294,181
76286,M23.,6,81.4,8,4717.747941176471,2828.682205882353,2551.724117647059,18320.487352941174,68
76460,M24.,6,81.4,4,19909.36304347826,3753.6782608695653,1209.3447826086956,37206.906956521736,23
76461,M24.,6,81.4,5,26526.689310344827,4322.987586206897,1317.540344827586,43016.39,29
76721,M30.,6,,0,308.8481707317073,2483.560975609756,5542.900121951219,11307.755365853658,82
76749,M30.,6,99.1,0,420.68012820512826,3109.019230769231,8291.768974358974,13738.973846153845,78
76868,M32.,6,,2,429.59,6441.88619047619,4434.3761904761905,15897.80857142857,21
76869,M32.,6,,3,520.2551612903226,5502.6903225806445,3558.8645161290324,14570.52870967742,31
76870,M32.,6,,4,598.5857142857143,7642.425357142857,4199.688214285715,16932.878214285716,28
76871,M32.,6,,5,403.72066666666666,5817.055111111112,3121.0473333333334,13632.652,45
77148,M35.,6,,5,361.499,5563.27325,2536.358,10695.31125,40
77149,M35.,6,,6,429.56703703703704,6473.122222222221,3311.0466666666666,12919.594074074073,27
77150,M35.,6,,8,343.62357142857144,5674.975476190476,4007.9371428571426,12720.423571428571,42
77345,M41.,6,81.0,1,45390.86923076923,20909.604358974357,7201.208461538462,133220.86000000002,39
77416,M43.,3,81.0,5,29319.481304347824,3403.804347826087,6612.445652173913,48001.33869565218,23
77417,M43.,3,81.0,6,27748.059523809523,4147.766666666667,6190.252380952381,47961.70619047619,21
77418,M43.,3,81.0,8,26470.270714285714,3834.519642857143,7406.052857142858,51302.0725,28
77465,M43.,5,81.0,5,18988.20510638298,3829.9859574468082,3970.18,43223.04936170213,47
77466,M43.,5,81.0,6,21608.723928571428,3976.034642857143,4097.041071428571,44200.31035714286,28
77467,M43.,5,81.0,8,21055.576285714284,5018.359714285714,4241.441142857143,53836.30742857143,35
77508,M43.,6,80.5,5,34065.58125,6381.15125,6911.5235,61725.436499999996,40
77509,M43.,6,80.5,6,30297.08777777778,6085.442962962963,5737.53962962963,57128.20962962963,27
77510,M43.,6,80.5,8,26413.83379310345,6185.981724137931,6138.325517241379,52377.97586206897,29
77515,M43.,6,81.0,4,30771.47982758621,4882.495862068966,3653.869827586207,51489.38724137931,58
77516,M43.,6,81.0,5,31068.306441281136,5479.515907473309,3430.9580782918147,55793.31505338078,281
77517,M43.,6,81.0,6,30661.495817307692,5896.8317307692305,3569.6684134615384,58064.35158653847,208
77518,M43.,6,81.0,8,34665.490952380955,6784.999761904762,4620.864682539682,67728.76412698413,126
77519,M43.,6,81.0,9,35040.07933333333,7734.8893333333335,4923.437666666667,72203.831,30
77669,M47.,1,,5,501.8654166666667,1207.5645833333333,1765.3225,7465.5,24
77747,M47.,3,,5,352.885,1683.7055555555557,5983.03,12380.806111111111,54
77748,M47.,3,,6,398.23125,1924.6791666666668,5021.422916666666,10930.198333333334,24
77749,M47.,3,,8,344.5688461538462,2014.6115384615384,6684.598461538461,12863.621923076922,26
77779,M47.,3,80.5,5,2563.66375,1895.5833333333333,2110.3058333333333,10953.543749999999,24
77831,M47.,5,,5,344.03422222222224,1497.371111111111,1140.2913333333333,6431.178444444445,45
77832,M47.,5,,6,351.23285714285714,1602.5714285714287,1775.578095238095,8254.372857142858,21
77843,M47.,5,04.2,4,1318.7250000000001,3335.1041666666665,1022.7375000000001,7092.183333333333,24
77844,M47.,5,04.2,5,1347.7795588235294,3782.7544117647058,978.5201470588235,7671.816323529412,68
77879,M47.,5,80.5,5,4338.570000000001,2754.549677419355,1244.5025806451613,11711.911935483871,31
77915,M47.,5,99.9,5,780.4370731707318,2194.0268292682927,637.8412195121952,6469.397804878049,41
77921,M47.,6,,4,353.8233333333333,2952.6060606060605,2397.8533333333335,9511.662727272727,33
77922,M47.,6,,5,429.5716326530613,2979.6551020408165,3543.362448979592,12179.847755102042,49
77923,M47.,6,,6,363.99125,3554.915625,2913.149375,10436.175,32
77924,M47.,6,,8,410.9775,2940.3958333333335,2793.0783333333334,9582.469583333334,24
77929,M47.,6,03.0,5,47008.49318181818,6148.895454545455,2897.464090909091,72655.44681818182,22
77939,M47.,6,03.9,4,1879.8507692307694,4029.776923076923,1465.6484615384616,12362.091923076923,26
77940,M47.,6,03.9,5,1212.8344444444444,4006.6555555555556,1715.4230555555557,11167.474027777778,72
77941,M47.,6,03.9,6,1288.8584,4234.86,1870.4107999999999,11968.7452,25
77957,M47.,6,04.8,5,433.55500000000006,2798.8663636363635,1834.7004545454547,11499.615909090908,22
78017,M47.,6,80.5,4,22670.002903225806,5154.592258064516,2767.262580645161,42897.50419354838,31
78018,M47.,6,80.5,5,24157.478441558444,5052.158311688312,3225.04987012987,43309.95324675325,77
78019,M47.,6,80.5,6,28579.290416666667,6399.876666666667,4926.029166666667,52492.588749999995,24
78028,M47.,6,81.0,4,30156.46214285714,5180.797321428572,3095.4394642857146,53063.07482142857,56
78029,M47.,6,81.0,5,32584.949365079367,5530.762698412698,3137.8170634920634,53606.92738095238,126
78030,M47.,6,81.0,6,34604.099,6540.794,3516.7464,58927.172,50
78031,M47.,6,81.0,8,37704.462,8594.076,7323.0815999999995,70252.3692,25
78085,M47.,6,93.3,5,334.6573333333333,2365.0733333333333,1406.2686666666668,8395.239,30
78098,M47.,6,99.9,5,384.53826086956525,3084.634782608696,2716.466086956522,11070.646086956522,23
78261,M48.,5,80.5,5,17810.941904761905,3518.5180952380956,3188.6080952380953,35796.89428571429,21
78263,M48.,5,80.5,8,17673.838799999998,4761.7432,4429.8144,37773.3544,25
78266,M48.,5,81.0,5,23290.851458333334,4722.712500000001,3961.5164583333335,46538.26833333333,48
78267,M48.,5,81.0,6,24641.215882352943,4610.860784313725,3668.4401960784317,48837.14039215686,51
78268,M48.,5,81.0,8,25831.235609756095,5231.077073170732,4201.8758536585365,51035.909756097564,41
78284,M48.,6,,8,509.5028571428572,3640.942857142857,2656.5480952380954,9726.962857142857,21
78285,M48.,6,,9,349.6368,4272.979600000001,2102.2464,9465.4532,25
78289,M48.,6,03.0,5,28275.791463414633,6638.226585365853,3695.0095121951217,60276.29609756098,41
78290,M48.,6,03.0,6,22538.101875,7900.9196875,4206.3509375,64450.5090625,32
78291,M48.,6,03.0,8,20895.768571428573,6748.6564285714285,3877.4317857142855,50958.224642857145,28
78339,M48.,6,80.5,3,11743.344210526317,3913.972105263158,3229.747894736842,30608.509210526317,38
78340,M48.,6,80.5,4,12299.088072289158,4218.777831325301,3718.6118072289155,33641.57385542169,83
78341,M48.,6,80.5,5,18405.012626262625,4591.603232323233,4052.379797979798,39361.86196969697,198
78342,M48.,6,80.5,6,20865.538602941175,5123.745514705883,4172.446544117647,44219.732573529414,136
78343,M48.,6,80.5,8,19430.878405797102,5664.843188405797,4597.851086956522,42645.98768115942,138
78344,M48.,6,80.5,9,14151.221025641025,5416.490000000001,3768.643846153846,36019.577179487176,39
78349,M48.,6,81.0,3,32955.87090909091,4748.421818181818,3127.439545454545,57057.523636363636,22
78350,M48.,6,81.0,4,26506.43764044944,5231.704382022472,3160.276179775281,53559.35516853933,89
78351,M48.,6,81.0,5,30240.921259079903,5618.977772397094,3687.8609927360776,58676.321670702186,413
78352,M48.,6,81.0,6,30913.304613095235,6702.950208333334,4023.4390773809523,64382.95752976191,336
78353,M48.,6,81.0,8,31781.898956228957,6828.413602693603,4392.002929292929,63980.87794612795,297
78354,M48.,6,81.0,9,35176.51238095238,7722.633333333333,4458.101904761905,68913.75976190476,42
78389,M50.,1,,4,2942.899523809524,695.0095238095239,2466.992380952381,7710.177619047619,21
78390,M50.,1,,5,2754.2613636363635,669.4090909090909,2455.8172727272727,7817.115,22
78415,M50.,1,80.5,4,3142.4558974358974,1127.9497435897435,2088.4579487179485,9530.283076923077,39
78416,M50.,1,80.5,5,3004.8678333333332,1496.8896666666667,1502.4165,9915.391666666666,60
78447,M50.,2,80.5,5,4166.59652173913,1318.1608695652174,3398.9834782608696,12867.544782608697,23
78587,M50.,6,04.8,5,269.1442424242424,2732.9636363636364,1623.5254545454547,8372.892727272729,33
78609,M50.,6,80.5,4,13598.155161290322,4391.014838709677,2883.4841935483873,28675.493548387098,31
78610,M50.,6,80.5,5,24793.565,4518.040277777778,3696.143888888889,44399.18138888889,36
78620,M50.,6,81.0,4,18901.21090909091,7800.2175,2459.1686363636363,78940.67590909092,44
78621,M50.,6,81.0,5,21417.721125,7075.999125,2769.626875,74253.327,80
78622,M50.,6,81.0,6,19312.930333333334,8305.309666666666,2465.0853333333334,82382.046,30
78623,M50.,6,81.0,8,19478.8578125,7974.81625,3063.113125,77135.6675,32
78659,M51.,1,,4,3083.6234482758623,1065.1137931034482,2386.3124137931036,9550.537586206898,29
78660,M51.,1,,5,2276.353676470588,1030.2441176470588,2315.3448529411767,8531.905147058824,68
78661,M51.,1,,6,1717.2784210526315,1358.7868421052633,2592.064210526316,9939.811578947367,38
78662,M51.,1,,8,863.7287179487179,1304.6948717948717,2113.1133333333332,7590.0630769230775,39
78666,M51.,1,03.0,5,19317.752857142856,1491.4761904761904,2425.855238095238,29828.15666666667,21
78685,M51.,1,04.2,5,2042.1133333333335,1103.6515151515152,1113.4960606060606,6125.533636363636,33
78715,M51.,1,80.5,3,4550.272857142857,1584.8328571428572,1987.91,11996.246785714286,56
78716,M51.,1,80.5,4,4810.713083333333,1809.0865000000001,2078.1435,12608.7355,120
78717,M51.,1,80.5,5,4984.037411167513,1938.570812182741,2044.3770558375636,13107.442741116753,197
78718,M51.,1,80.5,6,6096.859550561798,1985.872808988764,2330.1916853932585,14828.628988764045,89
78719,M51.,1,80.5,8,7316.146250000001,2637.9120833333336,2358.2762500000003,17776.768472222222,72
78788,M51.,2,80.5,3,4238.023529411765,1433.9964705882353,2057.845,11670.06705882353,34
78789,M51.,2,80.5,4,5117.341692307693,1704.5753846153846,2135.460307692308,13322.41923076923,65
78790,M51.,2,80.5,5,5827.7413235294125,1497.1414705882353,2145.6077205882357,14186.726838235294,136
78791,M51.,2,80.5,6,5292.787037037037,1683.1158024691358,2300.776790123457,14159.852469135803,81
78792,M51.,2,80.5,8,4765.701636363637,1750.1823636363636,3207.3634545454543,14305.233818181818,55
78827,M51.,3,,4,982.412105263158,1289.0526315789473,5874.995526315789,12192.241842105263,38
78828,M51.,3,,5,1785.6076,1488.8013333333333,6078.3052,13325.822533333332,75
78829,M51.,3,,6,997.9986363636364,1455.489393939394,5854.693181818182,12452.165,66
78830,M51.,3,,8,650.9525263157894,1642.2905263157895,6212.578842105263,13098.41294736842,95
78831,M51.,3,,9,352.00140350877194,1801.3298245614035,4572.4800000000005,10543.01543859649,57
78835,M51.,3,03.0,5,5893.604074074074,2522.4777777777776,1326.2992592592593,16206.55074074074,27
78836,M51.,3,03.0,6,7959.513333333333,2599.6666666666665,1688.9295833333333,18218.96375,24
78877,M51.,3,80.5,3,5777.078787878788,2179.3636363636365,1704.6742424242425,15687.708484848485,33
78878,M51.,3,80.5,4,5425.157692307692,2165.1383333333333,1763.0810256410257,15192.014358974357,78
78879,M51.,3,80.5,5,5026.27934065934,2069.7836263736262,2041.596208791209,15458.5721978022,182
78880,M51.,3,80.5,6,7374.807857142857,2378.614196428571,2249.4289285714285,18218.29794642857,112
78881,M51.,3,80.5,8,5239.833645833333,2588.391875,2932.927916666667,17916.774791666667,96
78882,M51.,3,80.5,9,3555.1011904761904,2542.109523809524,3173.414523809524,14826.065952380954,42
78887,M51.,3,81.0,5,28598.66982142857,3343.563392857143,5993.6335714285715,46828.116428571426,56
78888,M51.,3,81.0,6,26431.37709677419,3824.0725806451615,6550.078709677419,47314.51806451613,31
78946,M51.,4,80.5,5,8182.725625,3503.0525,2008.4984375,25008.240312500002,32
78972,M51.,5,,4,371.63772727272726,1452.1227272727274,1375.2722727272726,7774.307272727273,22
78973,M51.,5,,5,359.53697674418606,1576.8197674418604,1006.983488372093,6226.849534883721,43
78974,M51.,5,,6,298.02542857142856,1952.95,1172.0874285714285,7127.050285714286,35
78975,M51.,5,,8,392.965,1924.4704347826087,2029.7695652173916,8460.59695652174,46
78976,M51.,5,,9,378.42545454545456,2021.040909090909,1893.3550000000002,7915.355,22
78980,M51.,5,03.0,5,9155.934285714286,2700.292380952381,2983.939047619048,22706.089047619047,21
78997,M51.,5,04.2,5,1679.7025925925927,3300.5111111111114,1199.227037037037,8974.415555555555,27
78999,M51.,5,04.2,8,1439.2916666666667,3173.1766666666667,1267.2740000000001,8714.931999999999,30
79051,M51.,5,80.5,2,4618.026818181818,2522.754090909091,1616.296818181818,17310.837272727273,22
79052,M51.,5,80.5,3,6086.640740740741,2607.483827160494,1461.618888888889,15920.701111111111,81
79053,M51.,5,80.5,4,5754.5204663212435,2523.2980829015546,1683.71103626943,15642.836424870467,193
79054,M51.,5,80.5,5,6877.475913978495,2762.599211469534,1878.228136200717,18413.570071684586,279
79055,M51.,5,80.5,6,7113.847379679144,2913.9120855614974,2235.3967379679143,20359.168502673794,187
79056,M51.,5,80.5,8,6606.900067567567,3446.8540540540544,1830.581891891892,19063.28081081081,148
79057,M51.,5,80.5,9,4027.6193333333335,2998.2926666666667,1533.8506666666667,15394.76,30
79062,M51.,5,81.0,4,23439.650833333333,4000.4854166666664,3521.471666666667,46905.88125,24
79063,M51.,5,81.0,5,17995.045322580645,4108.760483870968,3948.028387096774,42337.365967741935,62
79064,M51.,5,81.0,6,21873.586610169492,4380.813220338983,4055.07,46015.34508474576,59
79065,M51.,5,81.0,8,22821.3856,5047.0138,4267.7166,47544.3438,50
79106,M51.,5,99.9,4,1129.007619047619,1959.5380952380954,818.39,6696.726190476191,21
79107,M51.,5,99.9,5,859.5493333333334,2071.233333333333,671.9755555555556,6298.768222222222,45
79109,M51.,5,99.9,8,1049.7545,2574.186,1221.7335,8442.79925,40
79113,M51.,6,,3,405.9539393939394,1910.8393939393939,2222.3918181818185,8191.457878787878,33
79114,M51.,6,,4,417.68649122807017,2609.829649122807,2663.4229824561403,9486.998596491228,57
79115,M51.,6,,5,441.8212037037037,2707.9100000000003,3198.4866666666667,10430.575555555555,108
79116,M51.,6,,6,376.7381481481482,2857.8365432098767,4111.682962962963,12067.357901234567,81
79117,M51.,6,,8,455.2975892857143,3734.8510714285717,3536.9758928571428,12102.765446428572,112
79118,M51.,6,,9,490.3966153846154,3610.5556923076924,3450.3050769230767,11646.186307692307,65
79123,M51.,6,03.0,5,9541.830322580645,4084.500322580645,1824.0667741935483,24541.21580645161,31
79139,M51.,6,03.9,4,2218.6777419354844,3618.6838709677418,1609.656451612903,12762.052258064516,31
79140,M51.,6,03.9,5,2206.299375,3537.036875,1620.04953125,12515.565625,64
79141,M51.,6,03.9,6,1338.2062264150945,4250.973207547169,1658.8456603773586,11931.109999999999,53
79142,M51.,6,03.9,8,1847.9905660377358,3776.21962264151,1702.1471698113207,12643.104905660379,53
79143,M51.,6,03.9,9,1011.9978125,4616.346875,2121.5003125,12691.2375,32
79155,M51.,6,04.4,5,1328.8078125,2060.158125,749.4559375,10191.145,32
79162,M51.,6,04.8,5,552.7740816326531,2649.8408163265303,2088.406326530612,10375.859183673469,49
79163,M51.,6,04.8,6,471.35775862068965,2762.396206896552,2187.6996551724137,10392.347931034483,58
79164,M51.,6,04.8,8,364.74135593220336,3099.4627118644066,2516.7437288135593,12106.64406779661,59
79165,M51.,6,04.8,9,369.4529411764706,3345.9764705882353,3037.0191176470585,13684.923235294118,34
79182,M51.,6,17.9,8,311.1427272727273,2841.2999999999997,3798.984090909091,12275.65409090909,22
79229,M51.,6,80.5,2,7823.254924242425,3277.14303030303,1751.8548484848484,21556.724015151514,132
79230,M51.,6,80.5,3,8319.172697547683,3487.013378746594,1756.0583378746594,22305.69664850136,367
79231,M51.,6,80.5,4,9172.729041916167,3619.8033532934132,2073.867584830339,23620.620658682634,501
79232,M51.,6,80.5,5,9776.456457831326,3649.1665903614457,2076.9314939759033,24573.50303614458,830
79233,M51.,6,80.5,6,10472.16088372093,4191.577860465116,2546.513302325581,26568.617860465114,430
79234,M51.,6,80.5,8,10003.398762214983,4439.486319218241,2612.858599348534,26799.35980456026,307
79235,M51.,6,80.5,9,9086.514607843137,5029.340784313726,2792.6212745098037,26641.367647058825,102
79238,M51.,6,81.0,3,27137.75414634146,3667.1809756097564,3075.929512195122,45209.269756097565,41
79239,M51.,6,81.0,4,31930.083419354836,4170.909032258065,3350.3912258064515,51030.431032258064,155
79240,M51.,6,81.0,5,33112.60738505747,4608.191982758621,3968.4037356321837,54029.557068965514,348
79241,M51.,6,81.0,6,35492.57901639344,5243.326926229508,4490.85094262295,58329.44381147541,244
79242,M51.,6,81.0,8,35784.25878787879,5870.760242424242,4645.882121212121,60431.951878787884,165
79243,M51.,6,81.0,9,34248.0716,6016.8548,4896.8592,60905.818,25
79305,M51.,6,93.3,5,417.69814814814816,2287.1222222222223,2098.0985185185186,9525.65888888889,27
79307,M51.,6,93.3,8,497.0404761904762,3391.409523809524,1559.8685714285714,10575.792857142857,21
79334,M51.,6,99.9,5,348.25160000000005,2534.22,3464.5888,12357.926400000002,25
79335,M51.,6,99.9,6,344.5060606060606,2393.6545454545458,2092.9169696969698,10205.420606060607,33
79336,M51.,6,99.9,8,338.7896551724138,3292.4827586206898,2133.5524137931034,10747.574827586206,29
79378,M53.,6,81.0,5,39162.39392857143,6791.877321428571,1935.9548214285714,69762.39910714286,56
79379,M53.,6,81.0,6,39336.19577777778,7718.795555555555,1712.2035555555556,84547.16155555556,45
79380,M53.,6,81.0,8,48233.693333333336,9303.419047619047,2236.001904761905,94561.81,21
79894,M65.,6,80.7,3,3766.2119047619044,2460.0495238095236,1803.1038095238096,15490.549523809523,21
79896,M65.,6,80.7,5,3166.0899999999997,3270.4055555555556,2159.1426666666666,16805.17111111111,45
79924,M65.,6,82.0,0,652.2572477064219,891.4190825688073,606.1960550458715,4971.3676146788985,109
79927,M65.,6,82.0,5,914.2810714285714,1297.082142857143,601.6717857142858,5082.2575,28
79947,M65.,6,83.0,0,628.819393939394,1134.4448484848485,345.7069696969697,5057.30303030303,33
80068,M67.,3,83.3,5,384.154,1309.2920000000001,603.0688571428572,3755.8059999999996,35
80111,M67.,5,83.3,5,516.0369565217392,1734.165,595.7323913043477,5302.903913043478,46
80145,M67.,6,82.2,3,550.7672727272727,1327.8718181818183,636.5418181818181,5257.890454545454,22
80147,M67.,6,82.2,5,675.6834375,1939.6734375,774.1315625,6605.2675,32
80169,M67.,6,83.3,3,835.5632142857143,1774.7921428571428,766.4217857142858,6486.108928571428,28
80170,M67.,6,83.3,4,649.8561764705883,1591.02,780.8052941176471,5387.578823529411,34
80171,M67.,6,83.3,5,879.146582278481,1825.5601265822784,900.6378481012658,6637.354303797469,79
80172,M67.,6,83.3,6,762.0574285714285,2028.5108571428573,1031.9294285714286,7028.050571428572,35
80257,M71.,2,83.3,5,411.86379310344824,1261.4444827586208,951.6824137931035,4800.821379310345,29
80296,M71.,3,83.3,5,658.3312962962963,1428.3670370370369,863.2237037037038,5417.89462962963,54
80297,M71.,3,83.3,6,711.2554054054054,1522.52,823.2962162162162,5500.218108108108,37
80298,M71.,3,83.3,8,507.4477777777778,1827.8677777777777,1132.332962962963,6211.878518518519,27
80340,M71.,5,83.3,4,378.26045454545454,1763.5390909090909,1037.4031818181818,5742.787272727273,22
80341,M71.,5,83.3,5,485.81207920792076,1464.1371287128713,799.2516831683168,5300.278910891089,101
80342,M71.,5,83.3,6,554.04125,1747.841964285714,1105.5978571428573,6270.873035714286,56
80343,M71.,5,83.3,8,520.0754761904763,1798.0011904761905,1193.9242857142858,6816.092619047619,42
80391,M71.,6,83.3,0,1308.0528,1282.4896,622.7828,7681.948399999999,25
80395,M71.,6,83.3,4,1091.24125,2166.64875,1211.315,8700.5496875,32
80396,M71.,6,83.3,5,1403.7779775280899,2338.9998876404493,1324.429213483146,9580.577528089889,89
80397,M71.,6,83.3,6,1222.0,2178.2001492537315,1224.1025373134328,8708.697910447761,67
80398,M71.,6,83.3,8,1865.068620689655,3099.443793103448,1601.3113793103448,11224.171379310346,29
80805,M75.,6,80.4,5,3430.7011428571427,2745.1285714285714,1674.8017142857143,17523.60142857143,35
80822,M75.,6,81.8,4,13475.075970149253,2412.021194029851,2165.102089552239,28642.011492537313,67
80823,M75.,6,81.8,5,15349.421842105263,2577.9393984962408,2072.7744360902257,31124.152894736842,266
80824,M75.,6,81.8,6,17487.35960227273,2909.7201136363637,2083.8776704545453,34565.00210227273,176
80825,M75.,6,81.8,8,21371.426545454546,3437.043090909091,2356.571090909091,39218.67218181818,55
80969,M77.,5,77.6,5,841.6085714285714,1568.4485714285713,1194.9161904761904,6654.024761904761,21
81000,M77.,6,77.6,5,1923.2520833333335,2015.16375,1631.3079166666666,9696.224166666667,24
81313,M80.,1,,9,599.0439393939395,1456.239393939394,4737.86606060606,13365.864545454544,33
81327,M80.,1,81.6,8,13103.28075,2600.529,1451.00425,22028.0635,40
81328,M80.,1,81.6,9,14332.46806451613,2741.4232258064517,1910.7135483870968,23615.32419354839,31
81352,M80.,2,81.6,6,13102.040476190476,1643.905714285714,1385.5709523809523,18611.946666666667,21
81353,M80.,2,81.6,8,12849.63756097561,2898.5841463414636,1869.5221951219512,20389.56219512195,41
81354,M80.,2,81.6,9,13368.721714285715,3093.8494285714282,2046.6488571428574,21806.90257142857,35
81372,M80.,3,,9,3022.910909090909,3640.4939393939394,3606.6869696969698,13499.347575757576,33
81394,M80.,3,81.6,6,12287.5845,2845.3146666666667,1558.7283333333332,20218.182833333332,60
81395,M80.,3,81.6,8,10737.738212290502,2710.848882681564,1783.9064245810057,19508.95061452514,179
81396,M80.,3,81.6,9,11284.123285714286,2864.511857142857,1605.5822142857144,19149.46907142857,140
81412,M80.,4,,9,347.0805555555555,3505.902777777778,2063.19125,13234.738333333335,72
81422,M80.,4,81.6,8,12402.872745098039,2529.9054901960785,1162.570588235294,19163.58725490196,51
81423,M80.,4,81.6,9,11720.511842105263,2709.1836842105263,1115.501052631579,18668.24684210526,38
81432,M80.,5,,8,930.1041666666666,2828.5020833333333,2953.1745833333334,9215.048333333334,24
81433,M80.,5,,9,533.451,3019.236666666666,2968.002,10206.022333333332,30
81468,M80.,5,81.6,6,13766.76672955975,3196.719182389937,1645.58213836478,22788.57144654088,159
81469,M80.,5,81.6,8,12715.073848039216,3367.9774264705884,1796.4003186274508,22010.387450980394,408
81470,M80.,5,81.6,9,12583.868631921823,3583.8129641693813,1696.5691205211726,21919.399771986973,307
81486,M80.,6,,5,314.0568,3950.0,4267.7248,11148.4536,25
81487,M80.,6,,6,413.4285294117647,4297.2747058823525,3475.2532352941175,10764.187941176471,68
81488,M80.,6,,8,527.7546153846154,3914.471538461539,3553.7748076923076,10865.60294871795,156
81489,M80.,6,,9,549.9253846153846,4211.80124260355,3859.425443786982,13206.21650887574,169
81572,M80.,6,81.6,5,19331.184875,4751.586125,2149.165,31416.462874999997,80
81573,M80.,6,81.6,6,16452.824835820895,4256.698626865672,2352.3192238805973,27919.061940298507,335
81574,M80.,6,81.6,8,15984.99582072177,4392.443608847497,2428.700582072177,27828.66545983702,859
81575,M80.,6,81.6,9,16126.775471698114,4667.886509433963,2558.6619541778973,28493.591105121297,742
81640,M81.,4,,9,318.4453571428571,3408.7321428571427,1509.392857142857,12309.108928571428,28
81676,M81.,6,,5,295.0551515151515,3916.3151515151512,2843.1918181818182,9146.53303030303,33
81677,M81.,6,,6,294.2732075471698,3933.611320754717,3055.8584905660377,9600.63320754717,53
81678,M81.,6,,8,388.5708333333334,4388.716458333333,3047.4845833333334,10565.601458333333,48
81679,M81.,6,,9,290.30636363636364,3622.3445454545454,2872.582727272727,10437.754848484848,33
81906,M84.,6,79.3,2,8892.679166666667,3272.1687500000003,2329.7120833333333,23933.272500000003,24
81908,M84.,6,79.3,4,10978.811707317072,2987.2748780487805,2883.2729268292683,28400.175365853658,41
81909,M84.,6,79.3,5,10613.065,3591.971935483871,3414.624838709677,30617.12758064516,62
81980,M85.,3,77.6,8,475.4468,1710.1760000000002,873.36,5605.3472,25
82021,M85.,5,77.6,6,1411.3470833333333,2161.327083333333,1148.33625,8528.997916666667,24
82022,M85.,5,77.6,8,537.7239285714286,1822.732142857143,1048.7557142857142,6625.871249999999,56
82064,M85.,6,77.6,6,2450.2365,2833.365,1915.0302500000003,12882.92275,40
82065,M85.,6,77.6,8,966.2526829268293,2176.441707317073,1327.1943902439025,8520.125609756098,41
82272,M86.,6,77.6,3,9498.965925925926,5085.611481481482,5627.509259259259,33457.573333333334,27
82273,M86.,6,77.6,4,8022.422500000001,4323.2975,4854.608928571428,28509.618214285718,28
82274,M86.,6,77.6,5,10448.02298245614,5617.056842105263,6647.331228070176,35970.28210526316,57
82275,M86.,6,77.6,6,9392.781304347825,5211.797391304348,5736.086086956522,32869.90869565217,23
82276,M86.,6,77.6,8,8099.2420833333335,5376.5233333333335,6424.2891666666665,31589.997083333335,24
82362,M87.,1,38.9,4,6099.992727272727,1860.551515151515,4773.27,30778.771818181816,33
82363,M87.,1,38.9,5,4803.003,2029.9666666666667,4628.523,28557.576,30
82385,M87.,1,81.5,5,41248.853684210524,2562.3694736842103,3588.180263157895,52941.20631578947,38
82386,M87.,1,81.5,6,32328.440869565216,2891.9239130434785,4036.6260869565217,45465.61565217392,23
82387,M87.,1,81.5,8,31178.773999999998,2464.734,3520.6032,41886.5888,25
82404,M87.,1,88.4,4,3312.25,1817.106976744186,3561.3488372093025,20930.673255813952,43
82405,M87.,1,88.4,5,3282.947575757576,1968.060606060606,4192.266363636364,24505.74424242424,33
82444,M87.,2,81.5,5,31238.577592592592,2294.0133333333333,3191.5233333333335,42419.37962962963,54
82445,M87.,2,81.5,6,24651.71888888889,2321.3455555555556,3966.9338888888888,38255.19027777778,36
82446,M87.,2,81.5,8,21939.433333333334,2782.7175,3961.8799999999997,37640.93555555555,36
82487,M87.,3,81.5,5,26137.804366197186,3155.3887323943663,4140.021549295775,45365.73943661972,71
82488,M87.,3,81.5,6,25523.77323076923,3279.5646153846155,3522.2446153846154,43782.594769230775,65
82489,M87.,3,81.5,8,18906.5175,3647.2798076923073,4448.445000000001,41384.33076923077,52
82549,M87.,5,81.5,4,27180.461,2925.3278333333337,3151.599166666667,44029.17716666667,60
82550,M87.,5,81.5,5,24733.300666666666,3208.2903333333334,2820.7092777777775,41080.357444444446,180
82551,M87.,5,81.5,6,20623.758653846155,3407.66608974359,3258.0917307692307,38733.869166666664,156
82552,M87.,5,81.5,8,21717.957611940295,3772.8133582089554,3171.771417910448,40031.97985074627,134
82553,M87.,5,81.5,9,16883.928695652172,4852.928260869566,4374.986521739131,38908.211304347824,23
82598,M87.,6,77.1,3,17216.097619047618,3659.32380952381,2646.0642857142857,29892.324285714287,21
82640,M87.,6,81.5,2,17197.488285714284,4247.827714285714,2440.368,64936.112,35
82641,M87.,6,81.5,3,20342.095285714284,4009.015714285714,2557.980285714286,53612.034,70
82642,M87.,6,81.5,4,25007.711005291003,4172.614232804232,3151.552063492063,49362.37296296297,189
82643,M87.,6,81.5,5,24626.648714788735,4434.1773239436625,3259.430475352113,48004.79387323944,568
82644,M87.,6,81.5,6,24238.00416918429,4612.6886706948635,3556.8694561933535,46885.26758308157,331
82645,M87.,6,81.5,8,24784.197716535433,5014.456456692913,3736.532874015748,47438.22720472441,254
82646,M87.,6,81.5,9,23861.351296296296,5312.128518518519,4555.379259259259,46760.95296296296,54
83058,N02.,6,55.2,2,616.219375,4114.808541666666,990.4233333333333,7434.229375,48
83059,N02.,6,55.2,3,536.6057627118645,3896.158474576271,856.4579661016949,7036.024576271187,59
83060,N02.,6,55.2,4,529.7704761904762,4269.913333333333,710.7719047619047,7466.243571428571,42
83061,N02.,6,55.2,5,617.29,4168.70081081081,536.2443243243243,6982.618108108108,37
83130,N03.,6,55.2,2,484.1275,6762.488636363636,771.1922727272727,9271.1725,44
83131,N03.,6,55.2,3,444.23766666666666,6494.4338333333335,772.497,9019.086333333335,60
83132,N03.,6,55.2,4,519.1012765957446,8277.88404255319,1733.2168085106384,12288.429148936171,47
83133,N03.,6,55.2,5,475.9536842105263,8204.417894736842,1128.9771929824562,11496.441754385965,57
83183,N04.,6,,0,360.23391304347825,2491.1782608695653,2614.42,8421.393478260869,23
83185,N04.,6,,2,1335.03125,3748.1408333333334,4220.510833333333,13215.91375,24
83188,N04.,6,,5,462.34161290322584,4543.553548387097,6485.2696774193555,14508.151612903226,31
83189,N04.,6,,6,372.9796153846154,5301.029230769231,4126.998076923077,13643.602692307692,26
83190,N04.,6,,8,338.79884615384617,4591.319615384616,3566.4176923076925,11616.195,26
83242,N04.,6,55.2,1,860.8777777777777,5774.360277777778,2966.321111111111,12560.360277777778,36
83243,N04.,6,55.2,2,553.20625,5865.636607142857,2196.1558928571426,11066.834464285714,56
83244,N04.,6,55.2,3,581.4746666666667,5626.2108333333335,2494.110333333333,11121.826000000001,60
83245,N04.,6,55.2,4,520.6405660377359,6208.144150943396,2349.2175471698115,11660.721509433963,53
83246,N04.,6,55.2,5,620.3565957446808,6053.086524822695,1682.6882978723404,10877.408297872342,141
83247,N04.,6,55.2,6,747.2703773584906,6542.816037735849,3017.284716981132,13444.51962264151,53
83248,N04.,6,55.2,8,870.5513793103447,9041.521379310345,2453.180344827586,16051.847586206897,29
83287,N04.,6,99.2,0,700.5430434782609,3956.8826086956524,3686.185217391304,10997.998260869565,23
83331,N05.,6,55.2,4,499.82260869565215,5134.95,1080.3604347826088,9311.452608695652,23
83332,N05.,6,55.2,5,605.6452777777778,4800.526666666667,1137.2252777777778,8582.179444444446,36
83403,N10.,6,,3,312.9904166666667,3070.9125,2361.4333333333334,7737.374166666667,24
83405,N10.,6,,5,392.876875,4159.465625,2545.3571875000002,8936.64,32
83407,N10.,6,,8,476.85615384615386,5296.656923076924,3576.465384615384,12218.865384615385,26
83408,N10.,6,,9,366.24,5183.334285714286,3212.9228571428575,11346.797619047618,21
83549,N13.,1,55.0,5,6028.991666666667,2540.2833333333333,6133.951666666666,22760.923333333332,30
83559,N13.,1,56.0,2,4612.601176470588,2036.2529411764708,4296.884117647059,14385.417647058825,34
83560,N13.,1,56.0,3,5482.731011235955,2349.649438202247,5077.265505617977,16830.480561797754,89
83561,N13.,1,56.0,4,4957.449565217392,2286.9747826086955,4239.529304347826,15350.999565217391,115
83562,N13.,1,56.0,5,4928.416879432624,1980.9581560283686,3896.9778723404256,14520.621702127659,141
83563,N13.,1,56.0,6,3613.3264444444444,2129.56,3648.9915555555554,12895.27488888889,45
83564,N13.,1,56.0,8,5305.676774193549,1951.3225806451612,3466.28,14563.450645161289,31
83589,N13.,1,59.8,5,4220.8988,2163.8720000000003,4325.988,13082.7148,25
83613,N13.,2,55.0,4,2831.4472413793105,2044.1244827586206,2804.232068965517,16971.366896551724,29
83614,N13.,2,55.0,5,2869.074347826087,2014.0711594202899,3135.8033333333333,18576.184347826085,69
83615,N13.,2,55.0,6,2709.401923076923,2592.4538461538464,3213.8923076923074,17234.684615384616,26
83627,N13.,2,56.0,2,2408.1553846153847,1443.1623076923076,1292.076923076923,8381.084871794872,39
83628,N13.,2,56.0,3,2410.3963636363633,1523.5337272727272,1244.4771818181816,8662.076454545455,110
83629,N13.,2,56.0,4,2276.491492537313,1557.061119402985,1494.8460447761195,8998.17291044776,134
83630,N13.,2,56.0,5,2430.420769230769,1655.0014652014652,1647.394542124542,9281.804542124542,273
83631,N13.,2,56.0,6,2669.3183720930233,1775.2862790697675,1420.6398837209301,9146.26465116279,86
83632,N13.,2,56.0,8,2210.09515625,1963.930625,1790.82765625,9568.29265625,64
83665,N13.,2,59.8,3,2187.281428571429,1532.790476190476,2033.2619047619048,8538.284761904762,21
83666,N13.,2,59.8,4,1536.081212121212,1550.8696969696969,2195.079090909091,8331.702424242423,33
83667,N13.,2,59.8,5,2399.9328985507245,1829.7534782608695,1902.579565217391,9088.423623188406,69
83668,N13.,2,59.8,6,2275.1012903225806,1773.0632258064516,2484.2996774193552,9642.104516129031,31
83711,N13.,3,55.0,4,4399.362142857142,2840.6400000000003,2581.8678571428572,15932.013809523809,42
83712,N13.,3,55.0,5,4063.8335211267604,2907.3101408450702,2517.2683098591547,16202.124647887325,71
83713,N13.,3,55.0,6,4015.188974358974,3341.271282051282,2613.312564102564,17009.92358974359,39
83714,N13.,3,55.0,8,3349.9983333333334,4150.191666666667,3471.2479166666667,17571.3125,24
83730,N13.,3,56.0,2,2621.5697169811324,1594.7876415094338,1610.196603773585,9215.173773584906,106
83731,N13.,3,56.0,3,2567.8875100401606,1757.6206024096386,1511.6822489959839,9779.901646586344,249
83732,N13.,3,56.0,4,3131.740738095238,1953.4938095238097,1777.5526904761905,10764.523571428572,420
83733,N13.,3,56.0,5,3052.7929096045195,2021.786906779661,1722.999604519774,10891.327824858756,708
83734,N13.,3,56.0,6,2969.705315068493,2183.6226575342466,1796.668493150685,11206.13884931507,365
83735,N13.,3,56.0,8,2883.63106918239,2446.773144654088,1802.2649056603773,11575.067987421384,159
83736,N13.,3,56.0,9,3235.543939393939,2784.410909090909,1772.4363636363637,12788.481212121213,33
83774,N13.,3,59.8,2,1606.268064516129,1589.511935483871,1433.81,6884.608387096774,31
83775,N13.,3,59.8,3,1924.2528333333332,1622.9793333333332,1134.8171666666667,7497.496,60
83776,N13.,3,59.8,4,1723.1333720930234,1898.0381395348836,1211.2323255813953,7250.258837209302,86
83777,N13.,3,59.8,5,1775.724693877551,1875.7408843537414,1233.03768707483,7235.997006802721,147
83778,N13.,3,59.8,6,2247.889090909091,2361.5432467532464,1540.9062337662338,8732.672337662338,77
83779,N13.,3,59.8,8,1346.2997916666666,2433.0160416666668,1600.9783333333332,7901.887083333334,48
83780,N13.,3,59.8,9,1409.223076923077,3169.513461538462,1768.2507692307695,9436.114615384617,26
83825,N13.,4,55.0,5,3561.0715686274507,3111.26,2330.0743137254904,19004.79725490196,51
83837,N13.,4,56.0,2,3113.225909090909,2041.3918181818183,1386.057272727273,12182.435,22
83838,N13.,4,56.0,3,3186.609680851064,1905.7581914893615,1239.4636170212766,11643.734255319148,94
83839,N13.,4,56.0,4,2915.658219178082,2165.5620547945205,1300.1131506849315,12178.619863013699,146
83840,N13.,4,56.0,5,3114.460391304348,2322.8838260869566,1327.0214347826086,11752.849217391304,230
83841,N13.,4,56.0,6,2993.6167857142855,2524.2664285714286,1432.8715476190478,12301.782738095239,84
83842,N13.,4,56.0,8,3572.6415151515153,2783.1169696969696,1752.4722727272726,14057.095000000001,66
83872,N13.,4,59.8,3,1365.141304347826,2000.1191304347826,1111.7752173913043,7831.399130434782,23
83873,N13.,4,59.8,4,1207.9878260869566,1907.1460869565217,1128.6091304347826,7028.352608695653,23
83874,N13.,4,59.8,5,1478.2332432432431,2028.452972972973,1093.7505405405404,6980.78,37
83875,N13.,4,59.8,6,1448.5061904761906,2060.964761904762,967.8414285714285,7221.1580952380955,21
83889,N13.,5,,3,418.4573913043478,1751.8152173913043,933.497391304348,3965.2221739130437,23
83891,N13.,5,,5,381.34923076923076,2589.6666666666665,1000.3989743589743,5044.883333333333,39
83892,N13.,5,,6,382.2129166666667,2748.2666666666664,1238.6325,5617.337083333333,24
83919,N13.,5,55.0,2,4413.864782608695,2855.7804347826086,2819.4404347826085,16211.897391304348,23
83920,N13.,5,55.0,3,4463.055454545454,2687.563181818182,2691.1588636363635,16924.911477272726,88
83921,N13.,5,55.0,4,4510.506645569621,2849.3706329113925,3076.864240506329,17525.70841772152,158
83922,N13.,5,55.0,5,4583.276987951807,3203.928825301205,3046.260843373494,18028.151114457833,332
83923,N13.,5,55.0,6,4513.861442307692,3513.5004807692308,3340.9517788461535,19086.499134615384,208
83924,N13.,5,55.0,8,4813.013629032259,3926.945241935484,3523.920241935484,20344.325161290322,124
83925,N13.,5,55.0,9,5050.9195238095235,3905.027142857143,3966.002380952381,21039.58142857143,21
83954,N13.,5,56.0,2,3396.6644052863435,1826.2460352422906,1463.2411894273127,10687.135330396477,227
83955,N13.,5,56.0,3,3436.2741476274164,1936.5591212653776,1605.5476098418278,11106.062776801406,569
83956,N13.,5,56.0,4,3523.7668533969013,2013.792252681764,1659.6527771156138,11426.409070321813,839
83957,N13.,5,56.0,5,3612.0937792848335,2090.7707891491987,1691.49369297164,11652.33081381011,1622
83958,N13.,5,56.0,6,3515.1888381742738,2370.208049792531,1923.0961687413555,12157.701853388658,723
83959,N13.,5,56.0,8,3326.9965991902836,2644.1656477732795,2107.9684412955467,12656.533198380568,494
83960,N13.,5,56.0,9,4110.2691,3270.2281,2305.5144,14745.4815,100
83965,N13.,5,56.2,5,2640.975869565217,3033.3978260869562,2619.811956521739,15330.311739130435,46
83966,N13.,5,56.2,6,2527.312857142857,2917.5089285714284,2745.755357142857,16360.629642857142,28
83972,N13.,5,56.3,4,1616.9966666666667,2167.6047619047617,1688.0433333333335,8462.025238095239,21
83973,N13.,5,56.3,5,2214.424615384615,1968.5410256410257,1860.1320512820512,9233.024358974359,39
84009,N13.,5,59.8,2,2066.029487179487,1659.4784615384617,893.7451282051281,6488.474358974359,78
84010,N13.,5,59.8,3,2131.2395488721804,1829.7021804511278,979.1435338345865,6830.2427819548875,133
84011,N13.,5,59.8,4,2267.4608,2007.6326666666666,1148.9402222222222,7600.319333333334,225
84012,N13.,5,59.8,5,2072.365717439294,2153.4854525386313,1228.408697571744,7800.724988962472,453
84013,N13.,5,59.8,6,1819.4048341232226,2632.148578199052,1649.3473933649288,8459.16682464455,211
84014,N13.,5,59.8,8,2136.886871165644,2732.2305521472395,1671.1490797546012,9290.541840490798,163
84015,N13.,5,59.8,9,2107.9273469387754,3482.6765306122447,2205.2936734693876,10789.625918367348,49
84019,N13.,5,59.9,5,3104.8195238095236,2009.9095238095238,1105.6642857142858,8603.418095238096,21
84060,N13.,6,,5,526.2884210526315,2694.931578947368,1464.0755263157896,6067.810789473684,38
84061,N13.,6,,6,460.2014814814815,3309.9096296296298,1633.1474074074076,6805.7385185185185,27
84062,N13.,6,,8,487.23733333333337,4318.613333333333,1835.154,8590.162,30
84109,N13.,6,55.0,2,6285.60075,3287.6567499999996,3839.8550000000005,21657.41375,40
84110,N13.,6,55.0,3,5522.860677966101,3287.115649717514,3408.151412429379,20560.940169491525,177
84111,N13.,6,55.0,4,5562.5702397260275,3270.2527054794523,3359.4705479452055,20221.27373287671,292
84112,N13.,6,55.0,5,5799.6108126721765,3597.5846831955923,3421.5910606060606,21132.719862258953,726
84113,N13.,6,55.0,6,5869.846896551724,4298.886739811913,3989.4250783699063,22706.4331661442,319
84114,N13.,6,55.0,8,5423.780617977528,4581.316179775281,3460.3688764044946,21242.28595505618,178
84115,N13.,6,55.0,9,5096.898444444444,5750.764888888889,4819.740444444445,25734.42622222222,45
84122,N13.,6,55.1,6,3923.7986956521736,4341.136956521739,3610.0047826086957,20149.930869565218,23
84140,N13.,6,55.5,5,6898.351025641025,4832.830769230769,4306.341538461538,28517.0858974359,39
84141,N13.,6,55.5,6,8281.035,4728.849090909091,3840.972272727273,30978.07045454545,22
84142,N13.,6,55.5,8,5602.3304761904765,5191.637619047619,4002.549523809524,27577.448571428573,21
84144,N13.,6,55.8,0,4806.9004347826085,2419.8278260869565,1860.1121739130435,38902.787826086955,23
84146,N13.,6,55.8,2,5830.9970370370365,3242.2922222222223,2899.177777777778,33470.19296296296,27
84148,N13.,6,55.8,4,6278.192173913043,3755.4482608695653,3687.7195652173914,30565.451739130436,23
84149,N13.,6,55.8,5,5968.0352,3496.7784,2942.6740000000004,27991.516,25
84157,N13.,6,55.9,5,2914.2880952380956,4143.047619047619,2797.5457142857144,13303.541428571429,21
84162,N13.,6,56.0,1,4593.894411764706,1786.8923529411763,1898.0082352941176,12906.682647058824,34
84163,N13.,6,56.0,2,4168.458937198067,2324.0650241545895,2072.4188647342994,13664.9684057971,414
84164,N13.,6,56.0,3,4389.298987676057,2377.926584507042,1850.8792165492957,13830.214683098593,1136
84165,N13.,6,56.0,4,4734.886217687075,2539.7036734693875,1996.2875374149662,14743.767585034015,1470
84166,N13.,6,56.0,5,4722.464278881531,2727.904256806475,2063.7732229580574,14939.66509565857,2718
84167,N13.,6,56.0,6,4646.557918739635,3101.6739883913765,2264.2967081260367,15891.559336650082,1206
84168,N13.,6,56.0,8,4488.886797583082,3420.6834290030215,2415.9109516616313,16143.113126888218,662
84169,N13.,6,56.0,9,4427.386666666667,3983.9031372549025,2945.6130065359475,17547.300980392156,153
84173,N13.,6,56.2,3,3780.037333333333,2871.724666666667,2131.2773333333334,17329.495,30
84174,N13.,6,56.2,4,3520.632,2885.1906,2273.2436,16856.8184,50
84175,N13.,6,56.2,5,3902.867394957983,3406.8251260504203,2687.0953781512603,18111.872436974787,119
84176,N13.,6,56.2,6,3804.8664000000003,4121.7828,3012.1732,21003.9504,50
84177,N13.,6,56.2,8,3432.923103448276,4312.764827586207,2591.2627586206895,18366.86655172414,29
84190,N13.,6,56.4,4,4037.6349999999998,3890.8876470588234,2705.6850000000004,17851.14,34
84191,N13.,6,56.4,5,4827.1277272727275,3950.997727272727,2760.7065909090907,17809.056363636362,44
84192,N13.,6,56.4,6,5451.833043478261,4383.886956521739,3867.529565217392,21154.898260869566,23
84222,N13.,6,57.3,5,2040.6245454545453,4045.815909090909,2101.2977272727276,11523.199999999999,22
84243,N13.,6,59.8,2,3838.198928571429,1832.4567857142858,1052.3269642857142,9009.304553571428,112
84244,N13.,6,59.8,3,3465.303991416309,1999.3451502145922,1285.8938626609443,9985.601373390558,233
84245,N13.,6,59.8,4,3729.16875,2370.05675,1532.87071875,11042.73703125,320
84246,N13.,6,59.8,5,4258.683102040816,2631.8430000000003,1728.7500408163266,12317.980489795918,490
84247,N13.,6,59.8,6,2489.406626506024,3318.355502008032,1916.0587550200803,10907.58843373494,249
84248,N13.,6,59.8,8,2283.512333333333,3440.6408666666666,2132.9088666666667,11212.6616,150
84249,N13.,6,59.8,9,3751.805507246377,4374.007246376812,2325.466956521739,14580.239420289856,69
84253,N13.,6,59.9,4,2857.5775,2278.8058333333333,1355.7570833333334,14148.926249999999,24
84254,N13.,6,59.9,5,4460.370277777778,2506.411111111111,1405.062777777778,11496.764444444445,36
84255,N13.,6,59.9,6,2832.7018181818185,2095.629545454545,1544.7245454545455,11990.93409090909,22
84291,N13.,6,98.5,4,885.7020833333332,1946.0366666666666,1496.4954166666666,6776.244166666666,24
84292,N13.,6,98.5,5,832.1183870967742,2313.283870967742,1191.9193548387098,6632.521935483871,31
84504,N17.,6,,5,379.77666666666664,5955.798095238095,3390.2238095238095,12625.004285714283,21
84536,N17.,6,39.9,6,3059.285,9293.333333333334,7617.311666666667,32968.56333333333,24
84537,N17.,6,39.9,8,3480.7582352941176,11546.409411764706,6891.7508823529415,33611.65029411765,34
84614,N18.,1,,4,1730.5276000000001,1414.0479999999998,4850.0956,20276.4876,25
84615,N18.,1,,5,1861.1994642857142,1513.5660714285714,5582.8298214285705,21629.247142857144,56
84616,N18.,1,,6,1501.4585714285713,1734.2892857142856,5315.858214285714,20929.04107142857,28
84640,N18.,1,39.9,5,652.6057142857143,1595.6057142857144,3161.9666666666667,8830.500952380951,21
84651,N18.,2,,3,1944.582549019608,2291.0333333333333,4171.648039215686,19227.168235294117,51
84652,N18.,2,,4,2282.213918918919,2018.3137837837837,4833.899594594594,20726.42310810811,74
84653,N18.,2,,5,1855.8405945945947,1935.1702702702703,4205.97545945946,17746.762594594595,185
84654,N18.,2,,6,1785.5324418604653,1937.9031395348838,3836.068023255814,17916.651046511626,86
84655,N18.,2,,8,1417.9,2141.157142857143,3148.0872727272726,15827.748311688312,77
84656,N18.,2,,9,1111.595925925926,2016.6518518518517,2731.3425925925926,13029.13037037037,27
84694,N18.,3,,3,2321.768148148148,2264.6,3254.5333333333333,17764.305185185185,27
84695,N18.,3,,4,1310.1747368421052,1499.8863157894737,3594.5992105263153,16506.403157894736,38
84696,N18.,3,,5,1656.9472727272728,1814.2571428571428,4115.046883116883,18859.495584415585,77
84697,N18.,3,,6,1636.6832786885245,2350.8885245901643,4270.27131147541,18025.99131147541,61
84698,N18.,3,,8,1075.8226,2167.4938,2806.6996000000004,13228.451200000001,50
84699,N18.,3,,9,774.9951612903226,2523.393548387097,4212.675161290323,14548.383870967742,31
84712,N18.,3,38.9,8,2599.3670370370373,4629.711111111111,3235.322962962963,18079.54333333333,27
84717,N18.,3,39.2,5,968.9528124999999,2724.61875,2157.42125,11393.2096875,32
84718,N18.,3,39.2,6,1116.828095238095,3048.1190476190477,3004.204761904762,13311.42380952381,21
84730,N18.,3,39.9,2,2543.2858333333334,1637.6958333333332,3990.210833333333,21481.48,24
84731,N18.,3,39.9,3,2919.855806451613,1761.125806451613,4975.067419354838,24041.823225806453,31
84732,N18.,3,39.9,4,3267.756046511628,2457.063953488372,5015.082558139535,25788.2,86
84733,N18.,3,39.9,5,3270.3037681159417,2936.913333333333,5191.394710144928,25193.07123188406,138
84734,N18.,3,39.9,6,2642.4590697674416,3290.3341860465116,4303.001860465116,22113.39604651163,86
84735,N18.,3,39.9,8,1967.8328723404256,3342.8835106382976,3834.666808510638,19624.309574468087,94
84736,N18.,3,39.9,9,2751.086129032258,5223.76870967742,5757.263870967742,25710.8064516129,31
84810,N18.,4,39.9,3,867.6223809523809,1544.4476190476191,3473.016666666667,10989.439047619047,21
84811,N18.,4,39.9,4,828.358717948718,1411.1410256410256,3799.1979487179487,10956.695128205129,39
84812,N18.,4,39.9,5,916.8729411764707,1590.0725490196078,3546.5019607843137,11383.596666666668,51
84813,N18.,4,39.9,6,892.9177272727272,2033.709090909091,3824.6831818181818,13655.850454545456,22
84814,N18.,4,39.9,8,1446.845,1777.564285714286,2833.1653571428574,13284.419285714286,28
84832,N18.,5,,3,2360.851923076923,1612.5307692307692,3958.18,20010.95423076923,26
84833,N18.,5,,4,2205.208076923077,1576.3634615384615,4327.9353846153845,19062.631923076922,52
84834,N18.,5,,5,1428.4117692307693,1875.6876923076923,3809.4443076923076,16514.928076923075,130
84835,N18.,5,,6,1342.8508928571428,2202.5256249999998,4195.155892857143,16716.36642857143,112
84836,N18.,5,,8,1143.626,3184.6154545454547,4413.353,16312.079727272727,110
84837,N18.,5,,9,993.1553125,3698.1180208333335,4395.657812500001,16299.572604166666,96
84874,N18.,5,38.9,4,1715.8672727272728,3532.1575757575756,3156.2515151515154,15896.156969696971,33
84875,N18.,5,38.9,5,1978.2104545454545,4031.908295454545,3718.4392045454547,16653.09909090909,88
84876,N18.,5,38.9,6,1783.5685294117648,3940.428088235294,3048.1186764705885,15280.575294117647,68
84877,N18.,5,38.9,8,1914.2305217391306,4131.155217391304,3885.9871304347826,16941.323217391302,115
84878,N18.,5,38.9,9,2508.7452307692306,4814.332461538462,4178.542461538462,19359.703846153847,65
84882,N18.,5,39.2,4,1788.4925531914896,4386.949574468085,3564.1236170212765,16962.825957446807,47
84883,N18.,5,39.2,5,1209.2869421487603,3953.8085123966944,3052.101818181818,15159.425537190082,121
84884,N18.,5,39.2,6,1438.9711111111112,3777.4355555555553,3448.8519191919195,15948.265454545455,99
84885,N18.,5,39.2,8,1463.753375,4174.621375000001,3258.032125,16187.008249999999,80
84902,N18.,5,39.9,2,2394.4490476190476,2000.858095238095,2687.685238095238,12741.492380952383,21
84903,N18.,5,39.9,3,1601.4667741935484,2626.558387096774,2508.9956451612907,12506.851451612903,62
84904,N18.,5,39.9,4,1616.2013559322036,2881.2072881355934,2685.101101694915,13372.9143220339,118
84905,N18.,5,39.9,5,1798.8329470198678,3024.063642384106,2722.459801324503,13379.308112582781,302
84906,N18.,5,39.9,6,1925.746856060606,3372.4874999999997,3219.205340909091,14808.227272727272,264
84907,N18.,5,39.9,8,1909.1872932330828,3916.499210526316,3492.9355639097744,15913.75560150376,266
84908,N18.,5,39.9,9,3294.0968253968254,4599.055,4435.284206349207,21086.36388888889,126
84937,N18.,5,54.9,5,1348.7195454545456,3884.5454545454545,5772.389090909091,17681.585454545453,22
85020,N18.,6,,3,631.0765384615383,3598.200384615385,2695.8349999999996,9202.251153846153,26
85021,N18.,6,,4,459.7016949152543,3588.24406779661,2589.3198305084743,8798.302372881357,59
85022,N18.,6,,5,524.0103973509933,4205.637483443708,3318.7754304635764,10953.67761589404,151
85023,N18.,6,,6,597.719625,3997.4545625,3495.8121874999997,11647.71825,160
85024,N18.,6,,8,587.5496108949417,4672.017548638132,3927.0190272373543,13058.866108949416,257
85025,N18.,6,,9,576.9651953125,4794.073984375,4519.90671875,15231.7901171875,256
85051,N18.,6,17.9,6,683.57125,5751.849999999999,6200.467083333333,18146.498333333333,24
85052,N18.,6,17.9,8,823.9261290322581,5907.866451612903,6384.967419354838,18947.129677419354,31
85053,N18.,6,17.9,9,648.8809677419355,6125.269677419355,6550.59129032258,19768.494838709677,31
85080,N18.,6,34.9,8,1132.3512,7306.472,4965.666399999999,20375.5164,25
85105,N18.,6,38.9,2,2337.293947368421,3867.3936842105263,2146.2176315789475,13901.824210526314,38
85106,N18.,6,38.9,3,2838.9459259259256,5282.5285185185185,3620.322962962963,18840.07074074074,54
85107,N18.,6,38.9,4,2219.621609195402,5325.785747126437,4144.666091954023,19100.915057471266,87
85108,N18.,6,38.9,5,2589.1288524590163,5588.496612021858,4200.152568306011,19709.810218579234,183
85109,N18.,6,38.9,6,3126.1324581005583,6513.273463687151,4731.832625698325,22544.117765363128,179
85110,N18.,6,38.9,8,3401.490708955224,6482.277014925373,4715.421305970149,22738.099888059704,268
85111,N18.,6,38.9,9,4508.110052083333,7788.607187500001,6336.06,29183.279270833333,192
85113,N18.,6,39.2,2,1295.2285454545454,5339.419999999999,3254.139090909091,17037.114363636363,55
85114,N18.,6,39.2,3,1609.2774590163935,4409.314098360655,3009.9670491803276,16140.871475409836,122
85115,N18.,6,39.2,4,1721.5594759825328,4589.899082969432,3443.8726637554582,16710.66938864629,229
85116,N18.,6,39.2,5,1503.3872801635991,4989.300654396728,3479.824110429448,16517.393762781187,489
85117,N18.,6,39.2,6,1445.4594794520547,5277.832630136986,3487.6566575342463,16845.229205479453,365
85118,N18.,6,39.2,8,1965.1694620253165,6431.975474683544,4503.727879746835,21109.735474683544,316
85119,N18.,6,39.2,9,1300.671098901099,5673.2665934065935,3844.41021978022,18369.847912087913,91
85129,N18.,6,39.5,4,6839.377037037037,2253.711111111111,1078.4237037037037,16110.999629629629,27
85130,N18.,6,39.5,5,6723.168676470588,3274.346470588235,1166.09,16560.58544117647,68
85131,N18.,6,39.5,6,7876.520392156863,3771.0054901960784,2258.266862745098,20946.995490196077,51
85132,N18.,6,39.5,8,7583.292622950819,3955.572131147541,2497.310655737705,21290.85868852459,61
85137,N18.,6,39.9,2,1386.2865573770491,4327.390491803279,3375.0022950819675,15229.286229508196,61
85138,N18.,6,39.9,3,1464.4625657894737,4079.9243421052633,3586.9530921052633,16501.018223684212,152
85139,N18.,6,39.9,4,1565.5096710526316,4559.990921052631,3642.4306578947367,16905.78375,304
85140,N18.,6,39.9,5,1905.541122754491,4286.715269461078,3626.0899401197607,16831.393068862275,668
85141,N18.,6,39.9,6,1852.1908605341246,4885.174243323442,4038.019866468843,18417.919213649853,674
85142,N18.,6,39.9,8,2009.6468308921437,5604.0233422103865,4649.090625832224,20471.227177097204,751
85143,N18.,6,39.9,9,2541.1661027837263,6546.35653104925,5971.863104925053,26185.930856531046,467
85193,N18.,6,54.9,3,1334.6670000000001,3679.3326666666667,3729.6635,12997.502833333334,60
85194,N18.,6,54.9,4,1359.7019480519482,4222.924285714285,3936.914155844156,14053.835454545455,77
85195,N18.,6,54.9,5,1103.4760162601624,4458.970081300813,3691.008861788618,13169.96894308943,123
85196,N18.,6,54.9,6,1063.86796875,4950.708125,4526.04671875,14682.27140625,64
85197,N18.,6,54.9,8,1213.3789743589743,4853.6017948717945,4626.244358974359,16078.806923076922,39
85203,N18.,6,55.2,4,840.4357692307693,5642.106538461538,2089.6123076923077,11921.698846153846,26
85204,N18.,6,55.2,5,552.0577777777778,6092.430555555556,1514.18,10441.167777777777,36
85210,N18.,6,55.6,2,21548.771818181816,9816.637727272728,23802.616818181818,90427.07840909091,44
85211,N18.,6,55.6,3,30206.666666666668,10095.593333333334,22322.348266666668,101542.69626666667,75
85212,N18.,6,55.6,4,69610.03218750001,14512.2725,25183.151875,165778.07125,32
85316,N18.,6,93.9,9,5291.235384615385,7843.4780769230765,5681.421923076923,26442.795000000002,26
85375,N19.,1,,5,2366.6694594594596,1112.9270270270272,7395.101891891893,22820.879459459462,37
85404,N19.,3,,4,3743.9218181818183,1132.4545454545455,3357.795,18570.857727272727,22
85428,N19.,3,39.9,8,2038.319090909091,3017.122727272727,3267.3904545454543,18604.255,22
85498,N19.,5,55.5,6,3256.9952380952377,4134.051428571429,2920.852380952381,18433.22142857143,21
85552,N19.,6,39.9,5,1804.128888888889,4738.984444444444,3984.505833333333,17238.108333333334,36
85553,N19.,6,39.9,6,2534.7973529411765,5028.516470588235,5059.41,18860.03176470588,34
85554,N19.,6,39.9,8,2632.633181818182,6692.428636363636,4027.7086363636363,20612.38068181818,44
85555,N19.,6,39.9,9,3009.7330303030303,6971.355151515151,6318.742121212121,26687.778181818183,33
85573,N19.,6,55.5,4,5516.13125,3989.4440625,3565.1150000000002,23805.0103125,32
85574,N19.,6,55.5,5,6015.232705882353,4259.362235294117,3373.7050588235293,25419.201647058824,85
85575,N19.,6,55.5,6,6117.130925925926,4847.480555555556,4026.605185185185,27265.167222222222,54
85576,N19.,6,55.5,8,4858.2745,4825.1355,4487.016750000001,26995.53675,40
85662,N20.,2,56.0,3,4076.3536,1275.5639999999999,1543.79,10062.8324,25
85663,N20.,2,56.0,4,2481.7111538461536,1338.003846153846,1263.935,8136.361923076924,26
85664,N20.,2,56.0,5,3623.6425,1327.7005769230768,1359.9784615384617,9449.7275,52
85665,N20.,2,56.0,6,4046.722142857143,1637.8667857142857,1552.1410714285714,10456.751071428573,28
85718,N20.,3,56.0,3,3463.8745652173916,1567.6097826086957,1203.8767391304348,9822.633043478261,46
85719,N20.,3,56.0,4,4428.788873239437,1844.4901408450705,1650.141690140845,11659.319718309858,71
85720,N20.,3,56.0,5,4192.009391304348,1880.5166956521737,1466.1343478260872,11315.130347826087,115
85721,N20.,3,56.0,6,3536.446376811594,2018.2689855072463,1721.9378260869566,11605.426086956522,69
85722,N20.,3,56.0,8,4485.631212121211,2425.781515151515,1909.7906060606063,13724.100606060607,33
85744,N20.,3,59.8,5,1550.1584615384616,2192.146153846154,1349.2669230769231,7620.076153846154,26
85777,N20.,4,56.0,4,4062.4048387096777,1904.154193548387,1514.7054838709678,15942.860967741935,31
85778,N20.,4,56.0,5,3739.2641304347826,1976.8208695652172,1446.33,18168.874347826088,46
85779,N20.,4,56.0,6,3725.2695999999996,2245.62,1319.3432,17378.6776,25
85818,N20.,5,55.0,5,3918.5186274509806,2760.8445098039215,3095.117450980392,16772.062156862747,51
85819,N20.,5,55.0,6,4685.7156521739125,3572.4760869565216,3893.503043478261,20275.803913043477,23
85834,N20.,5,56.0,3,4428.394418604651,1762.813488372093,1629.8466279069767,12247.267325581395,86
85835,N20.,5,56.0,4,5266.544100719425,1675.4679856115108,1646.33654676259,12953.629784172663,139
85836,N20.,5,56.0,5,4737.48593625498,1811.439362549801,1731.4191633466137,12632.483784860558,251
85837,N20.,5,56.0,6,4688.12145631068,2111.0036893203883,1944.848349514563,13713.87349514563,103
85838,N20.,5,56.0,8,4077.0400000000004,2109.2514864864866,2038.0455405405405,12856.375135135135,74
85858,N20.,5,59.8,4,1923.3657142857141,1707.7707142857143,770.1585714285713,6104.216785714286,28
85859,N20.,5,59.8,5,1941.2377272727274,1977.456818181818,798.2996969696969,6571.57106060606,66
85860,N20.,5,59.8,6,2112.7178260869564,1964.816086956522,1019.304347826087,6954.346956521739,23
85896,N20.,6,55.0,3,6108.801739130435,3202.737391304348,2977.966086956522,18935.61304347826,23
85897,N20.,6,55.0,4,5338.551388888889,3326.4663888888886,2951.667777777778,19422.709444444445,36
85898,N20.,6,55.0,5,5597.757529411765,3732.075764705882,3751.566705882353,21719.170352941175,85
85899,N20.,6,55.0,6,5396.9802272727275,3854.3134090909093,3748.8879545454547,21159.864545454548,44
85900,N20.,6,55.0,8,5711.083043478261,4389.28,3892.4965217391305,22617.548695652175,23
85918,N20.,6,56.0,2,6991.323076923077,2428.6534615384617,1690.1078846153846,16477.73769230769,52
85919,N20.,6,56.0,3,6589.057260273972,2285.6391095890413,2033.1092465753425,16144.022260273972,146
85920,N20.,6,56.0,4,6135.860327102804,2608.927803738318,1965.0469158878504,16189.80546728972,214
85921,N20.,6,56.0,5,6037.794898550725,2651.3813913043477,2039.9327536231885,16216.826405797103,345
85922,N20.,6,56.0,6,6012.446164383562,2909.6654109589044,2361.025616438356,17243.139452054795,146
85923,N20.,6,56.0,8,5449.337571428571,2877.701,2396.5864285714283,16394.170285714285,70
85938,N20.,6,56.4,5,4942.745,3524.2636363636366,1959.0627272727272,17366.47,22
85956,N20.,6,59.8,3,1831.5054285714286,2071.8497142857145,772.547142857143,6413.09,35
85957,N20.,6,59.8,4,2338.0623529411764,2488.965588235294,1534.6720588235294,9200.998235294117,34
85958,N20.,6,59.8,5,1902.9773770491802,2402.6431147540984,969.6065573770492,7340.015245901639,61
85959,N20.,6,59.8,6,1675.611,2845.1523333333334,1386.9513333333334,8384.675333333334,30
86033,N21.,3,57.0,5,1073.4056097560976,1569.8426829268294,1068.1853658536586,6788.108292682927,41
86034,N21.,3,57.0,6,616.8488235294118,1847.2035294117647,1303.675588235294,6805.92794117647,34
86035,N21.,3,57.0,8,822.13765625,2375.0246875,1865.16921875,8745.238125,64
86036,N21.,3,57.0,9,1008.2291666666666,2690.1991666666668,1809.9670833333332,9206.624166666666,24
86081,N21.,5,57.0,4,832.2979310344828,1635.729655172414,1385.7655172413793,7169.775862068966,29
86082,N21.,5,57.0,5,800.2384848484849,1890.0717171717172,1348.320808080808,7382.403737373737,99
86083,N21.,5,57.0,6,886.1214814814814,1961.0566666666666,1678.2081481481484,8113.275432098766,81
86084,N21.,5,57.0,8,935.6435,2382.8214000000003,2011.369,9237.4548,100
86085,N21.,5,57.0,9,811.1422580645161,2541.043548387097,2092.506774193548,9572.922741935483,62
86124,N21.,6,57.0,3,1159.313076923077,2061.1484615384616,1545.4392307692308,8609.99,26
86125,N21.,6,57.0,4,1163.8947368421052,2191.6684210526314,1617.5471052631578,8655.55105263158,38
86126,N21.,6,57.0,5,1221.5410743801654,2365.555867768595,1728.4079338842976,9258.972644628098,121
86127,N21.,6,57.0,6,1229.44176,2895.2367200000003,2070.69632,10706.535119999999,125
86128,N21.,6,57.0,8,1157.9508,2888.90272,1978.12592,10466.113039999998,125
86129,N21.,6,57.0,9,1204.095535714286,3877.079107142857,2235.2764285714284,12043.724464285715,56
86249,N28.,3,55.0,5,1800.8676190476192,2510.4069047619046,1817.2019047619046,11193.200476190475,42
86250,N28.,3,55.0,6,1221.947037037037,2512.5203703703705,1473.7146296296296,10093.491481481482,54
86251,N28.,3,55.0,8,1376.8033333333333,2698.4193333333333,1489.3964444444443,10683.244666666667,45
86278,N28.,4,55.0,5,1301.6305882352942,2590.243823529412,1216.855,13959.156764705884,34
86279,N28.,4,55.0,6,1079.1145714285715,2368.0494285714285,1250.7794285714285,12899.119714285715,35
86280,N28.,4,55.0,8,1874.8291666666667,3213.5291666666667,1466.2166666666665,13845.124166666666,24
86320,N28.,5,55.0,4,1620.8991176470588,2730.8650000000002,1486.965294117647,11478.95117647059,34
86321,N28.,5,55.0,5,1642.9429655172414,2640.863862068966,1549.9351034482759,11738.660827586207,145
86322,N28.,5,55.0,6,1434.236783625731,2751.70432748538,1582.0055555555557,11531.679941520468,171
86323,N28.,5,55.0,8,1573.049906542056,2846.518598130841,1864.5882242990654,12084.602897196262,107
86368,N28.,6,,5,414.5736666666666,3524.302,1734.2823333333333,8113.084333333333,30
86369,N28.,6,,6,323.46125,4045.6200000000003,1387.2216666666666,6975.54,24
86406,N28.,6,55.0,2,2213.865238095238,2804.4785714285717,1600.597142857143,14125.074761904762,21
86407,N28.,6,55.0,3,2574.9983333333334,2568.2193333333335,1757.519,15615.662333333334,30
86408,N28.,6,55.0,4,2668.4289999999996,2840.3930833333334,1726.97175,14761.182083333335,120
86409,N28.,6,55.0,5,2621.410508905852,3019.6422391857504,1808.7064631043258,14962.646590330789,393
86410,N28.,6,55.0,6,2599.2123076923076,3383.2212250712246,1925.3619373219374,15407.281253561252,351
86411,N28.,6,55.0,8,2810.171928251121,3629.938789237668,2009.0919730941705,16294.92802690583,223
86412,N28.,6,55.0,9,2646.398235294118,4144.467058823529,2012.9461764705882,16294.129411764707,34
86450,N28.,6,55.9,5,456.43548387096774,2415.1329032258063,1201.5987096774193,4925.956129032258,31
86451,N28.,6,55.9,6,741.8976923076923,3137.881538461538,1343.6753846153845,6989.74,26
86452,N28.,6,55.9,8,648.2378378378378,3563.587027027027,1535.8681081081081,7192.832702702703,37
86638,N30.,6,57.4,5,2086.57,3166.3373529411765,2193.8120588235292,13005.554411764706,34
86639,N30.,6,57.4,6,2250.128888888889,3161.831851851852,2353.975925925926,13274.166666666666,27
86850,N32.,6,57.4,5,2229.974090909091,2462.252727272727,2023.1963636363637,11846.635,22
86851,N32.,6,57.4,6,2064.8067741935483,2527.453548387097,2191.3225806451615,12733.828387096773,31
86852,N32.,6,57.4,8,2393.5389999999998,3085.2349999999997,2379.99175,13494.69925,40
86853,N32.,6,57.4,9,2238.5517391304347,3342.9778260869566,2039.86,13550.756521739131,23
87083,N36.,3,58.3,6,391.5961904761905,1799.3190476190475,1199.5090476190478,5786.1900000000005,21
87084,N36.,3,58.3,8,482.9223809523809,2408.2809523809524,1315.1085714285714,6786.619047619048,21
87112,N36.,5,58.3,5,598.3776190476191,1804.151904761905,939.3995238095238,6012.947142857143,21
87113,N36.,5,58.3,6,477.25,1997.1657894736843,1352.9915789473685,6931.547368421052,38
87114,N36.,5,58.3,8,492.1898333333333,1977.9036666666666,1334.8385,6821.812166666667,60
87140,N36.,6,58.3,3,747.6404545454545,1482.3163636363636,1003.84,7679.085,22
87141,N36.,6,58.3,4,1036.9419047619047,1999.1490476190475,1324.825238095238,8493.841904761905,21
87142,N36.,6,58.3,5,582.693,2028.524,1334.682,7428.159799999999,50
87143,N36.,6,58.3,6,736.7054411764706,2213.6217647058825,1578.555,8111.432794117648,68
87144,N36.,6,58.3,8,652.4022580645162,2470.795376344086,1710.077311827957,8304.847096774194,93
87145,N36.,6,58.3,9,603.8928571428571,2767.0691428571427,2197.8191428571427,9199.292571428572,35
87203,N39.,3,,8,609.0329032258064,3115.344516129032,4740.46870967742,13646.61870967742,31
87204,N39.,3,,9,382.158275862069,2850.410344827586,3232.676551724138,10306.073103448276,29
87281,N39.,5,,5,314.6242857142857,2670.4,1416.0847619047618,5597.365714285714,21
87282,N39.,5,,6,747.7400000000001,3706.4112500000006,3722.568333333333,11918.926666666666,24
87283,N39.,5,,8,351.91055555555556,2902.4555555555553,1854.232777777778,7182.838611111111,36
87284,N39.,5,,9,348.6441176470588,3113.2467647058825,2752.430882352941,9139.349411764706,34
87361,N39.,6,,0,351.77346938775514,1455.2551020408164,681.554693877551,3911.728979591837,49
87365,N39.,6,,4,384.0585294117647,3153.9685294117644,2340.009705882353,7584.084705882353,34
87366,N39.,6,,5,442.00966101694917,3629.493220338983,2260.368813559322,8163.716949152542,59
87367,N39.,6,,6,423.95982758620687,3470.279310344828,2347.2527586206897,7909.370689655172,58
87368,N39.,6,,8,410.21060975609754,3818.449024390244,2612.649268292683,9097.314756097561,82
87369,N39.,6,,9,696.5419417475729,5077.246019417476,3981.412718446602,14914.725048543689,103
87454,N39.,6,59.7,4,9282.40857142857,2050.8885714285716,1195.326883116883,17118.09012987013,77
87455,N39.,6,59.7,5,9546.634102564101,2053.555982905983,1197.3388888888887,17459.808205128207,117
87456,N39.,6,59.7,6,9599.297419354838,2374.667419354839,1328.3770967741937,17615.524838709676,31
87530,N39.,6,99.2,0,517.939090909091,2135.8121212121214,898.5478787878789,5385.364545454546,33
87554,N40.,1,60.2,6,1578.8634615384617,1688.2923076923075,3403.9176923076925,10653.158076923077,26
87555,N40.,1,60.2,8,1560.1711764705883,1906.8352941176472,3315.7914705882354,10710.69588235294,34
87584,N40.,2,60.2,6,2251.948043478261,1899.7263043478263,2588.700652173913,10473.392826086956,46
87585,N40.,2,60.2,8,2260.664230769231,2139.005128205128,2811.8684615384614,11377.536794871794,78
87586,N40.,2,60.2,9,2023.7970967741935,2975.353870967742,3224.785806451613,12846.303225806452,31
87593,N40.,3,,9,462.04,2615.096875,1834.2134375,6776.9515625,32
87629,N40.,3,60.2,5,1749.266129032258,2583.7606451612905,3027.3406451612905,12400.696774193548,31
87630,N40.,3,60.2,6,1889.894693877551,2497.4427040816327,2544.849693877551,12106.817091836734,196
87631,N40.,3,60.2,8,1884.3878350515463,2636.2276030927837,2805.0676288659793,12564.568092783506,388
87632,N40.,3,60.2,9,1810.0237414965986,2838.385170068027,2859.2262585034014,12726.284625850341,147
87661,N40.,4,60.2,5,1722.9517857142857,2424.5432142857144,1928.58,12579.184642857143,28
87662,N40.,4,60.2,6,1796.4473033707866,2759.708202247191,2261.9447191011236,14049.881235955056,89
87663,N40.,4,60.2,8,2095.771818181818,2899.2128671328674,2239.7256643356645,13365.54090909091,143
87664,N40.,4,60.2,9,2258.297313432836,3143.6394029850744,2679.564626865672,14350.517014925374,67
87670,N40.,5,,8,462.56384615384616,2522.299230769231,1309.081076923077,5647.820307692308,65
87671,N40.,5,,9,485.26862068965517,2748.396551724138,1538.3962068965516,6702.325689655173,58
87723,N40.,5,60.1,8,1089.424375,4030.6871875,1361.3625,8842.4121875,32
87726,N40.,5,60.2,5,2131.2355454545454,2806.107,2612.538,13246.532454545455,110
87727,N40.,5,60.2,6,2226.1080666666667,2879.39935,2609.4922333333334,13333.50475,600
87728,N40.,5,60.2,8,2197.164196003806,3036.1246907706945,2804.604795432921,13915.613701236916,1051
87729,N40.,5,60.2,9,2384.383943661972,3488.4483802816903,2941.766408450704,15092.334460093896,426
87758,N40.,6,,6,451.8438,2879.9352000000003,882.0484,5334.5822,50
87759,N40.,6,,8,471.35725274725274,3406.764835164835,1251.4707692307693,6544.436373626373,91
87760,N40.,6,,9,464.7333333333333,3385.5058974358976,1318.7541025641024,6955.09282051282,78
87803,N40.,6,57.3,8,965.1791304347826,4302.746086956522,2121.548695652174,10457.894782608697,23
87811,N40.,6,57.9,8,951.1958333333333,2641.8708333333334,1306.3804166666666,6771.256666666667,24
87812,N40.,6,57.9,9,516.5561538461538,3020.492307692308,1652.1392307692308,6971.464615384616,26
87829,N40.,6,60.1,5,696.4741379310345,4601.372241379311,631.3068965517242,7007.276724137931,58
87830,N40.,6,60.1,6,826.4321276595745,5058.2308510638295,1063.0193617021275,8792.90829787234,94
87831,N40.,6,60.1,8,793.1080434782609,5351.125434782609,1204.733804347826,9126.530543478262,92
87832,N40.,6,60.1,9,919.0560655737704,5176.955901639344,1521.3639344262294,9987.703934426228,61
87835,N40.,6,60.2,5,2695.434181818182,3670.9881363636364,2762.633318181818,16061.091636363637,220
87836,N40.,6,60.2,6,2719.808734622144,3842.4102987697715,2907.323137082601,16552.39073813708,1138
87837,N40.,6,60.2,8,2662.9340331164994,4113.224997043169,3138.114837374335,17152.82458308693,1691
87838,N40.,6,60.2,9,2934.9832045779685,4503.374649499285,3449.8683547925607,18778.794935622318,699
88040,N43.,3,61.4,0,892.6051612903226,753.468064516129,518.1274193548387,5499.1683870967745,31
88044,N43.,3,61.4,5,451.0795652173913,1325.6717391304348,919.0052173913043,4839.721304347826,23
88078,N43.,5,61.2,5,731.0352173913043,1730.0482608695652,780.7991304347827,5937.3673913043485,23
88083,N43.,5,61.4,0,702.0364705882353,983.3743137254901,396.24637254901955,4787.58862745098,102
88088,N43.,5,61.4,5,453.73675000000003,1529.37075,839.3414999999999,5375.57025,40
88089,N43.,5,61.4,6,581.7961904761904,1912.161904761905,1216.3285714285714,6437.185238095239,21
88097,N43.,5,63.1,0,461.4459722222222,993.7473611111111,419.93680555555557,4467.387500000001,72
88119,N43.,6,61.2,0,582.4128,1134.348,351.11800000000005,5069.8532000000005,25
88124,N43.,6,61.2,5,703.5914285714285,2299.556666666667,1294.6230952380952,7633.320476190476,42
88125,N43.,6,61.2,6,671.9622222222222,2564.171666666667,1390.6155555555556,7630.378333333333,36
88128,N43.,6,61.4,0,1178.924956521739,909.4948985507247,550.9731014492754,6082.0469130434785,690
88132,N43.,6,61.4,4,623.584090909091,1413.084090909091,937.645,5902.807727272728,22
88133,N43.,6,61.4,5,756.4585714285714,2048.446326530612,1349.2965306122449,7395.908979591836,49
88134,N43.,6,61.4,6,740.0163829787233,2444.8070212765956,1162.868510638298,7620.3127659574475,47
88144,N43.,6,63.1,0,683.7886458333334,1033.4748958333332,432.85020833333334,5148.126041666666,96
88196,N44.,5,63.5,1,507.96560000000005,1092.8952,710.574,5018.044,25
88209,N44.,6,62.2,0,521.3063333333333,1287.5626666666665,904.596,6250.6269999999995,30
88210,N44.,6,62.2,1,635.0745714285714,1036.394857142857,879.4842857142858,5787.9562857142855,35
88213,N44.,6,62.3,1,813.9857575757577,1488.6909090909091,1104.89,6731.273636363636,33
88218,N44.,6,62.5,1,603.1993333333334,1037.0786666666668,870.5936666666668,5869.071333333334,30
88222,N44.,6,63.5,1,754.9052380952381,1133.152380952381,1170.9438095238095,6883.605952380953,42
88351,N46.,1,62.9,3,988.9890476190476,1848.1833333333332,1307.050238095238,9047.510238095238,42
88390,N47.,5,64.0,1,991.6082608695652,408.0913043478261,136.34152173913043,2180.796956521739,46
88391,N47.,5,64.0,2,1068.142159090909,325.31931818181823,130.39693181818183,1988.709090909091,88
88392,N47.,5,64.0,3,997.8978125,294.384375,134.620625,1926.1287499999999,32
88414,N47.,6,64.0,0,771.6414814814815,647.1425925925926,323.55740740740737,3332.1753703703703,54
88415,N47.,6,64.0,1,1089.7346666666667,420.6766666666666,144.59,2742.4736666666668,30
88416,N47.,6,64.0,2,1112.2912807881773,287.207881773399,56.244088669950735,2100.795763546798,203
88417,N47.,6,64.0,3,1085.892403846154,262.29615384615386,72.79798076923076,2021.6357692307693,104
88418,N47.,6,64.0,4,1115.8404347826088,302.6565217391304,64.56565217391304,2154.45,23
88758,N60.,3,85.2,3,2398.831481481481,1205.3214814814814,412.84222222222223,5602.201111111111,27
88759,N60.,3,85.2,4,2739.9431914893617,1694.0255319148935,532.8034042553192,6369.857234042553,47
88760,N60.,3,85.2,5,2817.907222222222,1490.3333333333333,302.9411111111111,6133.890833333334,36
88783,N60.,5,85.2,2,2694.175,1668.9223076923079,310.45346153846157,6207.258846153846,26
88784,N60.,5,85.2,3,2816.1929999999998,1618.5115,328.57800000000003,6431.788833333334,60
88785,N60.,5,85.2,4,2665.701043478261,1936.4724347826086,352.1851304347826,6530.070434782609,115
88786,N60.,5,85.2,5,2514.22311827957,1824.4137634408603,469.41333333333336,6499.3821505376345,93
88797,N60.,6,85.1,4,1498.8400000000001,2403.5499999999997,310.39166666666665,5510.310416666667,24
88801,N60.,6,85.2,2,3441.8877297297295,1378.8851891891893,282.07286486486487,6773.145729729729,185
88802,N60.,6,85.2,3,3453.219771428571,1647.1211428571428,299.8366476190476,7063.910647619047,525
88803,N60.,6,85.2,4,3144.621945754717,1863.9786910377359,332.17737028301883,6972.4552948113205,848
88804,N60.,6,85.2,5,3119.2033486238533,1936.622247706422,378.3127981651376,7099.951850152905,654
88805,N60.,6,85.2,6,2741.960722891566,2298.9404819277106,470.7109638554217,7884.727228915663,83
88806,N60.,6,85.2,8,2202.635238095238,2142.0904761904762,537.3752380952382,6633.625238095238,21
88861,N61.,5,85.0,2,526.6910344827586,1634.166896551724,1715.344827586207,6958.208275862069,29
88892,N61.,6,85.0,2,546.5694285714286,1461.2314285714285,1050.500857142857,5477.794,35
88893,N61.,6,85.0,3,651.3475,1731.6548214285715,1275.1217857142858,6361.595714285714,56
88894,N61.,6,85.0,4,682.3395454545454,1676.4181818181817,1579.270909090909,6875.275,22
88898,N61.,6,85.1,2,595.5662962962963,2189.5925925925926,850.3581481481481,5327.765925925925,27
88899,N61.,6,85.1,3,631.2121052631579,2227.911842105263,697.9871052631579,5027.096315789474,38
88905,N61.,6,85.2,2,1481.5501098901098,2054.780879120879,1467.9954945054944,9686.14934065934,91
88906,N61.,6,85.2,3,1472.8804285714286,2198.162238095238,1447.8029523809523,9991.966761904761,210
88907,N61.,6,85.2,4,1860.3572093023256,1960.633023255814,1395.9827906976743,9877.120697674418,43
88908,N61.,6,85.2,5,2433.8684,2101.328,1005.5056,8058.0492,25
88982,N62.,6,85.2,4,3062.5561904761903,1696.4952380952382,300.79047619047617,7232.870952380953,21
88988,N62.,6,85.3,2,2063.1099999999997,1802.7543243243244,1234.1805405405405,13749.786486486486,37
88989,N62.,6,85.3,3,2440.4364285714287,2163.037857142857,1478.4396428571429,18189.987142857142,28
89011,N63.,2,85.2,2,413.6465217391305,1013.1739130434783,585.1439130434783,4376.300869565217,23
89031,N63.,5,85.2,2,2133.8954166666667,1140.5166666666667,230.93375,4628.395416666667,24
89032,N63.,5,85.2,3,1679.114705882353,1138.3999999999999,282.55,4546.532647058823,34
89033,N63.,5,85.2,4,2433.3522641509435,1362.498113207547,287.8454716981132,5582.744528301887,53
89034,N63.,5,85.2,5,1950.7334999999998,1130.2649999999999,357.3755,5205.865,40
89050,N63.,6,85.2,2,2912.648308457711,1284.6019900497513,266.08432835820895,6179.203084577115,201
89051,N63.,6,85.2,3,3403.3850643776823,1374.075493562232,285.9892274678112,6650.048755364807,233
89052,N63.,6,85.2,4,3678.6886324786324,1509.3584615384616,253.09811965811966,6836.220384615385,234
89053,N63.,6,85.2,5,3617.342751677852,1579.6592617449664,365.39295302013426,6993.361476510067,149
89085,N64.,5,85.2,5,4114.0371428571425,905.3000000000001,670.4425,7127.365357142857,28
89096,N64.,6,85.2,2,2949.693404255319,1307.108085106383,209.93468085106383,6400.875106382979,47
89097,N64.,6,85.2,3,3497.4882352941177,1327.3517647058825,119.51843137254902,6982.270588235294,51
89098,N64.,6,85.2,4,3740.062786885246,1717.7016393442623,270.87,8300.551967213114,61
89099,N64.,6,85.2,5,2828.1944897959183,1782.3771428571429,350.9195918367347,7144.060204081633,49
89118,N70.,1,66.4,3,2135.045833333333,1056.9641666666666,1113.02375,9893.4,24
89121,N70.,1,66.5,3,2389.8235,1108.575,998.1467500000001,10279.40425,40
89191,N70.,3,66.5,4,1244.9012500000001,2536.704166666667,2019.7666666666667,11000.522916666667,24
89260,N70.,5,66.4,3,1414.4696428571428,2277.1357142857146,1851.7767857142858,10503.58857142857,28
89261,N70.,5,66.4,4,1250.2516666666666,2052.6274074074076,1518.7368518518517,9830.592962962963,54
89266,N70.,5,66.5,3,1811.4729411764704,2196.7535294117647,1655.561568627451,11163.590784313725,51
89267,N70.,5,66.5,4,1249.0243181818182,2752.3007954545456,2066.4780681818183,12091.345568181818,88
89268,N70.,5,66.5,5,1153.2986842105263,2819.633947368421,2095.708157894737,12026.560526315789,38
89321,N70.,6,65.4,4,2419.85,4160.648863636364,3094.9518181818185,18323.09340909091,44
89322,N70.,6,65.4,5,2488.8233333333333,3634.58,2308.2171794871797,15939.370256410259,39
89328,N70.,6,65.6,5,2035.7283333333335,3689.977222222222,2148.2158333333336,16288.821666666665,36
89337,N70.,6,66.0,2,2143.564074074074,2535.1937037037037,1484.1066666666666,13128.991111111112,54
89338,N70.,6,66.0,3,2148.433090909091,2170.4474545454545,1505.782181818182,12885.02909090909,55
89341,N70.,6,66.2,3,2287.198148148148,2076.185185185185,1221.9125925925925,13890.32111111111,27
89345,N70.,6,66.4,3,2223.121780821918,2946.1728767123286,2276.158767123288,15020.778493150687,73
89346,N70.,6,66.4,4,2061.570280373832,2868.3195327102803,1999.6640186915886,13998.395981308413,107
89347,N70.,6,66.4,5,2003.0692000000001,3010.14,1630.0348000000001,12339.1492,25
89349,N70.,6,66.5,2,2312.1576923076923,2434.2815384615383,2061.4996153846155,14215.476538461538,26
89350,N70.,6,66.5,3,2168.916625,2670.323125,1784.8542499999999,14220.711874999999,80
89351,N70.,6,66.5,4,2037.9606578947369,3310.085614035088,2067.1997368421053,14824.232763157894,228
89352,N70.,6,66.5,5,1914.5924324324324,3714.74054054054,2434.5683783783784,15274.402972972974,74
89360,N70.,6,66.7,2,2659.0679999999998,1767.234,1229.8908000000001,14193.8118,50
89361,N70.,6,66.7,3,2909.8430136986303,1922.6547945205477,1079.9994520547943,16039.114246575344,73
89501,N71.,6,68.4,6,2480.8822727272727,4884.5027272727275,3113.5522727272732,18578.66,22
89549,N72.,3,67.3,3,316.2314285714286,959.7878571428572,228.4582142857143,3146.023214285714,28
89550,N72.,3,67.3,4,304.41022727272724,971.4847727272728,282.11954545454546,3158.9272727272723,44
89551,N72.,3,67.3,5,320.76153846153846,1152.9666666666667,331.67128205128205,3425.4587179487185,39
89598,N72.,6,67.3,3,457.02880000000005,1584.912,481.4016,4183.8748,25
89599,N72.,6,67.3,4,479.1559259259259,2122.9207407407407,651.7337037037038,4983.637407407407,27
89618,N73.,1,54.5,2,1996.5111475409835,397.92786885245897,872.2596721311476,16574.534918032787,61
89619,N73.,1,54.5,3,2361.4044444444444,406.1222222222222,914.9198148148148,17180.556666666667,54
89671,N73.,3,,3,264.82033333333334,801.9599999999999,819.2786666666667,3656.3826666666664,30
89672,N73.,3,,4,292.26347826086953,1039.2308695652173,724.7339130434783,3706.884782608696,23
89673,N73.,3,,5,300.62916666666666,844.7833333333333,712.0204166666667,3773.70375,24
89795,N73.,5,68.2,3,844.4917948717949,1281.8923076923077,735.3510256410256,5118.941282051282,39
89818,N73.,6,,2,335.20026315789477,1736.842105263158,1422.1663157894736,4860.979736842106,38
89819,N73.,6,,3,344.3488372093023,2281.9141860465115,1527.6018604651165,6185.472325581395,43
89820,N73.,6,,4,388.10316666666665,2407.6766666666667,1486.7536666666667,5921.2744999999995,60
89821,N73.,6,,5,419.9239393939394,2533.663636363636,1625.3169696969696,6384.077575757576,33
89865,N73.,6,54.5,2,2091.289333333333,1946.4333333333334,1335.6026666666667,11319.905333333332,30
89866,N73.,6,54.5,3,1871.5887500000001,1932.540625,1246.736875,10351.5215625,32
89895,N73.,6,66.7,2,2496.7466400000003,1904.924,774.79864,15996.326,125
89896,N73.,6,66.7,3,2456.9330625,1863.9587500000002,817.1681249999999,15929.205062500001,160
89913,N73.,6,68.2,2,492.8260975609756,1471.6146341463414,597.0990243902439,5260.261219512195,41
89914,N73.,6,68.2,3,668.4081132075471,1472.2403773584906,695.9774528301887,5648.067264150944,106
89991,N75.,3,71.2,3,323.9386956521739,1067.2608695652175,885.2391304347826,3982.114347826087,23
90010,N75.,5,71.2,2,398.71571428571434,1485.452380952381,863.1004761904762,4431.91,21
90011,N75.,5,71.2,3,347.19958333333335,1569.7208333333335,1187.2704166666665,5236.372083333333,24
90012,N75.,5,71.2,4,378.6323333333333,1539.5303333333334,705.1073333333334,4465.3223333333335,30
90013,N75.,5,71.2,5,403.0944,1680.38,641.6116000000001,4712.1372,25
90025,N75.,6,71.2,2,460.1152631578948,1434.0257894736842,784.2868421052632,4606.193157894737,38
90026,N75.,6,71.2,3,431.6435443037974,1485.957341772152,854.1589873417721,4658.596455696203,79
90027,N75.,6,71.2,4,509.30569767441864,1702.6574418604653,879.9317441860466,5051.697093023256,86
90028,N75.,6,71.2,5,548.4737096774194,1970.0191935483872,898.6332258064516,5559.378548387096,62
90183,N80.,3,65.2,3,863.9585714285714,2020.0067857142858,1571.6675,9180.119642857144,28
90184,N80.,3,65.2,4,809.5902857142858,1938.1002857142855,1484.1062857142858,8727.644571428571,35
90205,N80.,3,68.4,4,1167.3421739130433,2423.3860869565215,1642.0523913043478,11519.805,46
90206,N80.,3,68.4,5,1220.99275,2613.04375,1701.7775000000001,11361.953,40
90239,N80.,5,54.3,3,523.2461290322581,1720.768064516129,648.2235483870968,5332.2809677419355,31
90252,N80.,5,65.2,2,1518.122786885246,2309.3618032786885,1684.4577049180327,11367.117049180328,61
90253,N80.,5,65.2,3,1463.1807086614174,2127.3729133858265,1579.0766929133858,10553.070472440944,127
90254,N80.,5,65.2,4,1407.1742857142858,2515.3110714285713,1705.1802380952383,11513.78630952381,84
90259,N80.,5,65.4,4,1704.8181818181818,3173.8545454545456,1821.8,13088.271818181818,22
90280,N80.,5,68.4,4,1746.6934939759035,3241.361626506024,1863.7556626506025,15264.304578313253,166
90281,N80.,5,68.4,5,1695.6697826086956,3009.065072463768,1826.120144927536,14399.601739130436,138
90299,N80.,6,00.0,3,559.8557142857143,3072.035714285714,1180.779642857143,15047.544285714286,28
90300,N80.,6,00.0,4,544.6328571428572,3180.1857142857143,1381.6037142857142,15814.625714285716,35
90313,N80.,6,54.3,2,807.7008333333333,1842.6722222222222,705.4372222222223,6584.1475,36
90314,N80.,6,54.3,3,923.3634343434343,1949.478787878788,729.8079797979799,7287.946161616162,99
90332,N80.,6,65.2,2,2606.813112244898,2919.7218112244896,1389.3841581632653,15221.539642857142,392
90333,N80.,6,65.2,3,2590.786016666667,2948.5304166666665,1474.1304,15549.645433333333,600
90334,N80.,6,65.2,4,2338.681267605634,3060.0849295774647,1656.4725352112675,14804.864450704225,355
90342,N80.,6,65.4,4,2579.045606060606,3256.4436363636364,1430.7174242424244,15228.59409090909,66
90343,N80.,6,65.4,5,1495.3002702702702,3337.264864864865,1302.1783783783783,13596.201621621622,37
90368,N80.,6,68.2,3,2008.7263999999998,3348.6877999999997,1583.5148000000002,14937.469799999999,50
90369,N80.,6,68.2,4,2046.9101219512195,3445.746341463415,1350.4681707317072,14194.190731707316,82
90370,N80.,6,68.2,5,1893.7115384615386,3776.273076923077,1002.2223076923076,13542.71269230769,26
90372,N80.,6,68.3,4,1943.721230769231,3336.2207692307693,1698.0207692307692,15122.171692307693,65
90373,N80.,6,68.3,5,2125.399047619048,3783.089523809524,1863.7995238095239,17491.612857142856,21
90374,N80.,6,68.4,3,2554.6291666666666,3663.4269444444444,2076.091111111111,19018.22027777778,36
90375,N80.,6,68.4,4,2610.7024615384616,3777.363288461538,1946.9266923076923,19495.325346153844,520
90376,N80.,6,68.4,5,2529.320984848485,3731.980202020202,1868.958813131313,18304.736363636363,396
90380,N80.,6,68.5,4,2746.71,3754.7691176470585,1574.969117647059,18856.414411764705,34
90405,N80.,6,99.8,4,377.08260869565214,3428.0434782608695,1690.8195652173913,15088.1,23
90451,N81.,2,68.5,8,872.8308333333333,1937.3208333333332,2155.015,9731.095,24
90461,N81.,2,70.5,5,511.9474193548387,1307.146129032258,1016.1622580645161,5793.868064516129,31
90492,N81.,3,68.5,5,733.968125,1917.00125,1758.4475,9165.59125,32
90493,N81.,3,68.5,6,817.1020000000001,2243.277111111111,1551.5302222222222,9577.274000000001,45
90494,N81.,3,68.5,8,811.1072549019608,2641.2980392156865,1693.5517647058823,10812.786470588235,51
90504,N81.,3,70.5,4,610.6120000000001,1743.437142857143,1184.29,6887.882571428572,35
90505,N81.,3,70.5,5,618.095,1831.4487837837837,1156.5351351351353,7186.058918918919,74
90506,N81.,3,70.5,6,533.9019047619048,1788.985714285714,875.9328571428572,7117.904285714285,21
90507,N81.,3,70.5,8,567.8085714285714,1997.7666666666667,991.6828571428572,7529.839047619047,21
90566,N81.,5,68.4,8,1799.2558333333334,3834.8020833333335,1838.3666666666668,17251.954166666666,24
90569,N81.,5,68.5,5,952.1788372093024,2391.307131782946,1579.0372868217055,10789.008837209301,129
90570,N81.,5,68.5,6,906.5348630136986,2778.6575342465753,1589.6780136986301,11249.761575342465,146
90571,N81.,5,68.5,8,980.828938547486,2847.3443016759775,1638.5269273743017,11321.15497206704,179
90572,N81.,5,68.5,9,1196.7795833333332,3202.7979166666664,1835.3279166666669,12805.642083333332,24
90578,N81.,5,69.2,5,3174.323666666666,1874.1916666666666,1237.8443333333335,12192.122666666666,30
90588,N81.,5,70.5,4,644.5868292682926,2048.7670731707317,1197.1419512195123,8135.549268292683,41
90589,N81.,5,70.5,5,1095.4122471910114,2015.1306741573035,1234.5288764044942,8253.620449438202,89
90590,N81.,5,70.5,6,614.3042499999999,2166.667,1055.0352500000001,7786.061500000001,40
90591,N81.,5,70.5,8,984.8055813953488,2577.473023255814,1504.6411627906978,9460.018604651163,43
90600,N81.,5,71.7,5,1722.631111111111,1568.4255555555555,1253.9877777777776,7978.435925925926,27
90641,N81.,6,68.4,5,5474.222093023255,3488.2781395348834,1789.7674418604652,20401.996511627905,43
90642,N81.,6,68.4,6,5423.056250000001,3720.10875,1734.3003571428574,21628.024642857144,56
90643,N81.,6,68.4,8,5224.04693877551,3863.914693877551,1908.284081632653,21364.35836734694,49
90646,N81.,6,68.5,5,2160.2167,3245.5310999999997,1668.1879000000001,15325.1147,100
90647,N81.,6,68.5,6,1682.0187857142857,3489.3007857142857,1729.3052857142857,14294.004142857144,140
90648,N81.,6,68.5,8,2053.757564102564,3822.991217948718,1778.1710256410256,15216.750256410256,156
90649,N81.,6,68.5,9,1879.79,4077.162222222222,1897.7722222222221,15142.484444444444,27
90656,N81.,6,69.2,4,10057.77347826087,2849.1860869565216,1396.537391304348,24619.772608695654,23
90657,N81.,6,69.2,5,8654.816833333334,3020.1065000000003,1505.8976666666667,22293.37266666667,60
90658,N81.,6,69.2,6,8788.203673469387,3446.8914285714286,1410.3573469387754,22093.722244897956,49
90659,N81.,6,69.2,8,8523.062340425531,4032.8872340425532,1704.6408510638296,23165.907872340424,47
90665,N81.,6,70.5,4,1749.7267857142856,2201.6667857142857,1502.6992857142857,11191.333928571428,28
90666,N81.,6,70.5,5,4762.806886792453,2375.365566037736,1401.8340566037737,14605.295566037737,106
90667,N81.,6,70.5,6,6741.1988,2835.2866999999997,1428.8443,17335.6054,100
90668,N81.,6,70.5,8,7709.3479069767445,3630.3061627906977,1558.3931395348836,19423.98976744186,86
90684,N81.,6,71.7,5,4401.619736842105,2033.4184210526314,1454.2226315789474,13317.067368421052,38
90685,N81.,6,71.7,6,13423.042916666667,2837.6883333333335,1293.6054166666665,23865.21416666667,24
90686,N81.,6,71.7,8,16570.77857142857,3403.4785714285717,1643.16,28145.65238095238,21
90802,N83.,2,65.2,3,938.4565384615385,1317.7076923076925,1499.5892307692307,7465.376538461539,26
90865,N83.,3,65.2,2,969.4727272727272,1696.550909090909,1254.910909090909,7870.614696969697,66
90866,N83.,3,65.2,3,1040.5789130434782,1679.3021739130434,1255.210543478261,8218.840652173913,92
90867,N83.,3,65.2,4,914.3632894736842,1789.4407894736842,1230.4003947368421,8498.349736842105,76
90969,N83.,5,65.2,1,1212.814375,1624.6046875,843.7318750000001,7120.9446875,32
90970,N83.,5,65.2,2,1362.8668666666667,1771.5646666666667,1162.6541333333332,8497.904933333333,150
90971,N83.,5,65.2,3,1315.4265,2012.821125,1226.3131875000001,9139.7266875,160
90972,N83.,5,65.2,4,1096.8288793103447,2248.1268103448274,1333.632931034483,10018.045689655173,116
90973,N83.,5,65.2,5,1187.0362962962963,2472.7796296296297,1270.9325925925925,10584.38037037037,27
90985,N83.,5,65.4,4,1362.8503846153847,2675.3403846153847,1154.7676923076922,10183.665769230769,26
90986,N83.,5,65.4,5,1206.2439583333332,2726.550625,1204.7831250000002,9882.349583333333,48
90995,N83.,5,65.6,5,1245.050882352941,2530.9114705882353,1335.7111764705883,10614.097058823529,34
91000,N83.,5,65.7,2,907.9831818181818,1293.34,1227.2354545454546,7625.495454545454,22
91090,N83.,6,65.2,1,2340.2228571428573,2567.276714285714,1204.5477142857142,11482.079142857143,70
91091,N83.,6,65.2,2,2127.2725786163523,2394.459968553459,1350.0979559748428,11617.496540880504,318
91092,N83.,6,65.2,3,2029.7995308641978,2507.529086419753,1307.9217037037038,12121.005604938271,405
91093,N83.,6,65.2,4,1936.5510317460316,2932.8097222222223,1413.0042063492062,13075.257103174603,252
91094,N83.,6,65.2,5,1889.4604761904761,3091.760238095238,1564.3997619047618,13442.853333333333,42
91106,N83.,6,65.4,4,2235.1397142857145,3222.1814285714286,1568.6685714285716,13924.864857142858,70
91107,N83.,6,65.4,5,1805.8073267326733,2997.8294059405944,1290.8864356435643,12279.599603960396,101
91108,N83.,6,65.4,6,1914.4813333333334,4063.1456666666663,1446.0546666666667,14082.692000000001,30
91116,N83.,6,65.6,5,2132.496388888889,3485.490648148148,1303.954537037037,13933.353888888889,108
91117,N83.,6,65.6,6,1871.230754716981,3532.8356603773586,1340.8564150943396,14240.29320754717,53
91118,N83.,6,65.6,8,2231.328064516129,4526.897419354839,1700.1435483870969,15527.322258064516,31
91121,N83.,6,65.7,2,2334.32175,1756.5712500000002,1580.0877500000001,9961.92975,40
91122,N83.,6,65.7,3,2157.9641666666666,2250.835833333333,1630.3722222222223,11077.725555555555,36
91138,N83.,6,66.6,2,1873.614074074074,2161.9362962962964,1087.6487037037036,11127.582777777778,54
91139,N83.,6,66.6,3,1899.337894736842,2400.036842105263,1188.713947368421,11791.959736842104,38
91191,N84.,1,68.2,3,795.8294871794872,501.83076923076925,486.03615384615387,4121.455641025641,39
91207,N84.,2,68.2,3,768.960303030303,1289.1812121212122,1252.219393939394,6027.208181818181,33
91208,N84.,2,68.2,4,700.5706944444445,1361.832777777778,946.0862500000001,5647.489583333333,72
91209,N84.,2,68.2,5,606.7908108108109,1330.3624324324326,968.8332432432433,5408.536216216216,37
91226,N84.,3,67.3,4,411.8586363636363,1449.1390909090908,460.03136363636366,4447.418863636363,44
91227,N84.,3,67.3,5,419.11206896551727,1505.6241379310345,442.38172413793103,4511.87,29
91232,N84.,3,68.1,4,393.02523809523814,1238.2380952380952,541.6809523809524,4166.288095238096,21
91235,N84.,3,68.2,2,486.47128205128206,1558.3592307692309,537.0515384615385,5080.439230769231,39
91236,N84.,3,68.2,3,453.2453773584906,1525.1659433962263,707.8482075471699,5345.921226415095,106
91237,N84.,3,68.2,4,452.27514925373134,1592.92223880597,617.4991044776119,5427.870746268657,134
91238,N84.,3,68.2,5,427.67086419753093,1833.238024691358,609.6814814814815,5776.244074074074,81
91260,N84.,4,68.2,3,822.2237142857143,1499.7685714285715,448.706,5561.299142857143,35
91261,N84.,4,68.2,4,481.46581395348835,1589.906976744186,673.7579069767442,5598.543023255814,43
91262,N84.,4,68.2,5,655.3677272727273,1711.9318181818182,581.6822727272728,5887.480909090909,22
91284,N84.,5,67.3,3,526.5303448275862,1591.238275862069,549.9989655172413,4483.646551724138,29
91285,N84.,5,67.3,4,540.1139240506329,1704.5531645569622,605.7144303797469,5218.288481012658,79
91286,N84.,5,67.3,5,617.0659803921569,1644.3475490196079,580.3080392156862,5070.127647058824,102
91292,N84.,5,68.1,4,727.9777777777779,1551.1733333333334,841.9407407407408,5772.714814814814,27
91297,N84.,5,68.2,2,740.0094339622641,1372.957358490566,535.2832075471698,5566.264999999999,106
91298,N84.,5,68.2,3,748.3663022508039,1512.1059485530548,615.394694533762,5811.924115755627,311
91299,N84.,5,68.2,4,744.0396551724137,1817.0717980295567,698.5655911330049,6514.292561576354,406
91300,N84.,5,68.2,5,753.2267149758454,1910.2043478260869,747.2741062801932,6722.721400966184,207
91301,N84.,5,68.2,6,567.3877777777778,1996.0448148148148,749.4681481481481,6945.472962962963,27
91310,N84.,5,69.0,4,825.7666666666668,1995.4041666666665,660.1816666666667,5578.53875,24
91311,N84.,5,69.0,5,547.2948,2120.8,752.2156,5432.6952,25
91342,N84.,6,67.3,2,558.5672222222223,1646.263611111111,670.6627777777778,5359.591944444444,36
91343,N84.,6,67.3,3,665.3364743589744,1562.741923076923,601.3117307692308,5495.995641025641,156
91344,N84.,6,67.3,4,689.6023904382471,1730.6237848605579,675.2473705179283,5768.827011952191,251
91345,N84.,6,67.3,5,680.8490612244898,2005.435306122449,648.9042448979592,6072.471428571429,245
91346,N84.,6,67.3,6,498.6331034482759,2325.2937931034485,760.5389655172414,6725.876551724138,29
91350,N84.,6,68.1,3,746.0691176470588,1993.1117647058825,1041.6967647058825,6742.403235294118,34
91351,N84.,6,68.1,4,779.4846875000001,2299.409375,1057.52,7324.6315625,32
91352,N84.,6,68.1,5,805.0920689655172,2171.8758620689655,1067.7475862068966,7088.366206896551,29
91355,N84.,6,68.2,2,835.4995963541666,1655.6639062499999,590.6544010416667,6589.541236979167,768
91356,N84.,6,68.2,3,805.733909090909,1629.272577540107,585.1780160427807,6595.6253422459895,1870
91357,N84.,6,68.2,4,852.2905194805194,1826.2389935064934,692.4674025974026,7140.758584415585,1540
91358,N84.,6,68.2,5,795.6368997361478,1953.7578100263852,669.5844986807388,7172.965620052771,758
91359,N84.,6,68.2,6,928.6065151515152,2226.6987878787877,713.9059090909091,7738.860757575758,132
91360,N84.,6,68.2,8,707.2769491525424,2912.0413559322033,807.5303389830509,8123.720169491526,59
91370,N84.,6,69.0,2,533.0615,1254.59,557.864,4031.0585,40
91371,N84.,6,69.0,3,525.0624675324675,1299.3176623376623,559.5406493506493,3984.944805194805,77
91372,N84.,6,69.0,4,495.0902857142857,1738.5214285714285,699.7605714285714,4941.6221428571425,70
91373,N84.,6,69.0,5,502.88709677419354,1744.3193548387096,594.5358064516129,4652.015806451613,31
91399,N85.,1,68.2,2,1105.3816666666667,334.62,548.7513333333334,4664.683,30
91400,N85.,1,68.2,3,1077.0720720720722,344.35495495495496,543.0085585585585,4938.975225225226,111
91401,N85.,1,68.2,4,1099.821304347826,385.2173913043478,572.5604347826087,4842.795652173913,23
91410,N85.,1,74.1,2,506.92787878787874,723.2551515151515,1770.5439393939394,9033.847272727273,33
91411,N85.,1,74.1,3,649.973888888889,862.56125,1454.5079166666667,16111.194444444445,72
91436,N85.,2,74.1,2,554.9911538461539,916.1107692307693,836.0592307692308,5305.593846153846,26
91437,N85.,2,74.1,3,567.9724242424243,892.6212121212121,851.5621212121212,5393.537272727273,33
91454,N85.,3,68.2,3,432.8256756756757,1284.1378378378379,570.7413513513513,4689.984324324324,37
91455,N85.,3,68.2,4,453.4592,1714.608,794.934,5505.674,25
91465,N85.,3,69.0,4,344.38666666666666,1928.0409523809524,549.7490476190476,4499.070476190476,21
91476,N85.,3,74.1,2,494.0649122807018,763.2552631578948,1281.32350877193,6373.927719298245,57
91477,N85.,3,74.1,3,464.65500000000003,737.6309523809524,1176.2790476190476,6495.34619047619,42
91516,N85.,5,68.2,2,767.8028571428571,842.5667857142856,613.5639285714286,4547.6960714285715,28
91517,N85.,5,68.2,3,685.1714772727273,891.4611363636363,618.6469318181818,4788.581590909091,88
91518,N85.,5,68.2,4,649.323,2023.5149999999999,769.4575,6548.668000000001,60
91519,N85.,5,68.2,5,429.192380952381,1781.3000000000002,868.7647619047619,6590.509999999999,21
91523,N85.,5,68.4,5,1994.2318181818182,3172.7736363636363,1784.6245454545453,15749.86681818182,22
91530,N85.,5,69.0,4,488.7411627906977,1853.2906976744187,793.7676744186047,5235.264651162791,43
91543,N85.,5,74.1,2,670.7132142857143,1153.2464285714286,1101.6739285714286,7173.678571428572,28
91544,N85.,5,74.1,3,743.9698076923077,925.9019230769231,1119.024423076923,6904.181538461538,52
91578,N85.,6,68.1,3,536.12125,1871.753125,684.4475,5826.4625,32
91579,N85.,6,68.1,4,724.4582142857143,2099.7264285714286,839.8932142857142,6416.470357142857,28
91584,N85.,6,68.2,2,1042.8398994974875,1417.1054773869346,618.2050753768845,6041.571256281407,199
91585,N85.,6,68.2,3,1037.2814011516314,1422.0170825335892,593.1074856046065,6048.462802303263,521
91586,N85.,6,68.2,4,1003.110329218107,1834.8658436213993,793.4699176954732,6926.192386831276,243
91587,N85.,6,68.2,5,919.5215909090908,2012.0822727272725,784.9560227272727,7186.241704545455,88
91592,N85.,6,68.4,4,2986.0135616438356,4462.787397260274,1743.0857534246575,19419.147123287672,73
91593,N85.,6,68.4,5,2774.524189189189,4418.034189189189,1814.4745945945945,20591.125810810812,74
91601,N85.,6,69.0,3,527.1846666666667,1596.5622222222223,707.8202222222222,4408.195111111111,45
91602,N85.,6,69.0,4,526.7587640449439,2106.168426966292,722.345393258427,5309.99988764045,89
91603,N85.,6,69.0,5,550.11,2101.1305555555555,807.4952777777777,5393.088055555556,36
91694,N87.,5,67.2,3,431.7232,1287.4716,482.6588,4197.8064,25
91695,N87.,5,67.2,4,410.59780487804875,1752.0258536585366,588.8782926829268,4898.641219512196,41
91696,N87.,5,67.2,5,417.04428571428576,1648.7857142857142,507.35285714285715,4907.6438775510205,49
91699,N87.,5,67.3,3,426.4982608695653,1611.45,469.69608695652175,4024.4234782608696,23
91700,N87.,5,67.3,4,433.5195833333333,1476.8541666666667,476.8925,4310.3741666666665,24
91715,N87.,5,68.4,5,1598.2828125,2498.8678125,1662.485,12512.7046875,32
91726,N87.,6,67.2,2,704.295652173913,2017.0095652173914,936.8860869565218,6314.978695652174,23
91727,N87.,6,67.2,3,638.1854761904763,1973.5826190476191,767.5558333333333,5876.325833333333,84
91728,N87.,6,67.2,4,612.2642307692307,2230.7264102564104,703.0385897435898,6129.034358974359,78
91729,N87.,6,67.2,5,585.6577586206897,1809.7474137931035,597.3429310344827,5220.981896551724,58
91734,N87.,6,67.3,3,522.9398809523809,1548.1205952380953,399.23309523809525,4212.777619047619,84
91735,N87.,6,67.3,4,533.1415463917526,1799.2142268041237,530.768556701031,4754.275257731959,97
91736,N87.,6,67.3,5,474.69944954128437,1886.071743119266,413.6351376146789,4595.5267889908255,109
91737,N87.,6,67.3,6,453.07625,2288.9391666666666,443.29833333333335,5220.405833333333,24
91752,N87.,6,68.4,5,2758.365652173913,3643.647536231884,1862.2447826086957,18197.779855072466,69
91753,N87.,6,68.4,6,2455.9316666666664,3462.515,1559.47,18203.862,30
91823,N88.,6,67.5,3,2592.097619047619,1842.9528571428573,1207.4728571428573,12108.669047619047,21
91912,N89.,6,70.3,5,921.6266666666667,2083.842857142857,821.734761904762,6597.500952380952,21
92013,N90.,6,71.3,5,747.405,2304.5763636363636,838.0940909090909,7395.041363636364,22
92088,N93.,2,68.1,4,767.6429032258064,1594.117741935484,1804.8348387096773,5682.065806451613,31
92101,N93.,2,69.0,4,513.1623999999999,1380.4884,741.5103999999999,3975.5352000000003,25
92116,N93.,3,68.1,4,422.58250000000004,1211.6491666666666,676.2395,4157.669,60
92117,N93.,3,68.1,5,429.40903225806454,1345.1432258064517,699.5183870967742,4120.908064516128,31
92119,N93.,3,68.2,3,924.92,1178.5292,829.5156,6444.093199999999,25
92120,N93.,3,68.2,4,785.6918,1414.616,848.1058,6274.504,50
92121,N93.,3,68.2,5,690.115,1676.05,923.0903333333333,6655.906666666667,30
92130,N93.,3,69.0,3,323.505,1408.5615384615385,913.5530769230768,4604.270769230769,26
92131,N93.,3,69.0,4,385.4456716417911,1428.8797014925374,729.5107462686567,4183.796716417911,67
92132,N93.,3,69.0,5,311.6955263157895,1511.5042105263158,753.3357894736843,4281.348684210527,38
92178,N93.,5,68.1,3,460.16793103448276,1255.5344827586207,776.0655172413793,4459.871724137931,29
92179,N93.,5,68.1,4,481.4564912280702,1528.3063157894737,608.5147368421053,4909.300350877193,57
92180,N93.,5,68.1,5,501.5930303030303,1637.8824242424241,629.9715151515152,4584.31696969697,33
92183,N93.,5,68.2,3,940.7955,1320.4915,628.205,5818.43925,40
92184,N93.,5,68.2,4,871.5998734177215,1424.3267088607595,870.4722784810126,6246.777974683545,79
92185,N93.,5,68.2,5,940.969756097561,1563.1695121951218,774.9839024390244,6231.640243902439,41
92197,N93.,5,69.0,3,405.1817857142857,1561.7207142857144,679.0446428571429,4560.897857142857,28
92198,N93.,5,69.0,4,462.0111538461539,1790.5357692307693,775.6328205128206,5081.850256410256,78
92199,N93.,5,69.0,5,355.8585,1905.43275,706.119,4871.891750000001,40
92240,N93.,6,68.1,3,517.990294117647,1536.5264705882353,735.2191176470589,4923.854705882353,34
92241,N93.,6,68.1,4,568.0639344262295,1971.9311475409836,807.1962295081968,5788.044098360656,61
92242,N93.,6,68.1,5,558.6039393939394,2107.7181818181816,785.4406060606061,6181.83090909091,33
92245,N93.,6,68.2,2,476.27714285714285,1895.1371428571426,698.3578571428573,6566.108095238094,42
92246,N93.,6,68.2,3,887.6825806451612,1850.095698924731,845.9755913978494,7531.235698924732,93
92247,N93.,6,68.2,4,995.1495857988166,1866.974023668639,860.0090532544378,7742.374852071007,169
92248,N93.,6,68.2,5,875.9612643678162,1888.532183908046,939.5706896551724,7776.101494252873,87
92258,N93.,6,69.0,2,451.7059259259259,1342.7703703703705,649.661111111111,4279.966666666667,27
92259,N93.,6,69.0,3,494.5041573033708,1643.9549438202246,676.9750561797753,4711.2487640449435,89
92260,N93.,6,69.0,4,448.96805447470814,1786.7195330739298,843.9357587548637,5186.446770428016,257
92261,N93.,6,69.0,5,403.9899358974359,1794.9617948717948,749.8969871794873,4862.108717948718,156
92416,N95.,6,69.0,5,460.6557142857143,1257.7685714285715,601.0502857142857,3860.4057142857146,35
92429,N97.,1,54.5,2,1607.1878666666667,356.24466666666666,1069.67,17551.7326,150
92430,N97.,1,54.5,3,1736.036208791209,336.4782417582418,1105.2927472527472,17795.465604395606,182
92431,N97.,1,54.5,4,1283.593,378.365,1168.4696666666666,16819.574,60
92470,N97.,2,66.7,2,617.7322222222223,399.85185185185185,1333.092962962963,7728.947037037037,27
92515,N97.,5,54.5,3,1916.505,1570.7269230769232,1299.4065384615385,9604.696153846155,26
92549,N97.,6,54.5,3,1878.9420689655171,1700.2068965517242,1214.4362068965518,10893.844137931033,29
92560,N97.,6,66.0,2,1817.649677419355,2110.687096774194,1291.5364516129034,12146.606129032258,31
92561,N97.,6,66.0,3,2066.052666666667,1985.517,1256.93,11912.545,30
92574,N97.,6,66.7,2,2744.2115662650604,1991.9626506024097,965.5044578313252,14490.48638554217,83
92575,N97.,6,66.7,3,2796.886063829787,1869.0031914893616,1027.6006382978724,15107.702872340426,94
92577,N97.,6,66.8,2,1544.5842647058823,2191.752205882353,1085.9507352941175,10581.071176470588,68
92578,N97.,6,66.8,3,1980.737307692308,2142.2134615384616,1158.1132051282052,11117.924102564102,78
92691,N99.,6,68.2,3,1381.662,1703.2520952380953,781.1545714285714,8653.706095238096,105
92692,N99.,6,68.2,4,2359.020810810811,1427.710810810811,670.5083783783784,9465.664324324325,37
92696,N99.,6,69.4,3,2164.4813513513513,1932.7148648648647,1337.3213513513513,10915.713243243245,37
92714,O00.,1,66.0,2,1576.5825,1302.2021428571427,1462.702857142857,10940.285,28
92718,O00.,1,66.4,3,1077.2995238095239,1197.3609523809525,1096.0657142857144,8376.814761904761,21
92755,O00.,2,66.0,2,783.3451515151515,974.7851515151515,1765.9369696969698,7365.237878787879,33
92756,O00.,2,66.0,3,600.9447826086956,961.0695652173912,1784.3439130434783,7319.386086956522,23
92760,O00.,2,66.4,3,908.9921153846153,1067.2855769230769,1675.2071153846155,7423.365192307692,52
92766,O00.,2,66.6,3,577.2234285714286,1244.7348571428572,1167.3162857142856,6426.581714285714,35
92808,O00.,3,66.0,2,1014.6572549019608,1165.8327450980391,1114.9988235294118,6898.8582352941185,51
92809,O00.,3,66.0,3,787.87,1191.148387096774,1085.3948387096773,6835.988709677419,62
92815,O00.,3,66.4,2,913.3840659340659,1145.9687912087913,1017.8064835164835,6552.4597802197795,91
92816,O00.,3,66.4,3,1038.097766497462,1283.3907106598986,1087.4728426395939,7161.870203045685,197
92817,O00.,3,66.4,4,854.4544117647059,1241.6323529411766,1086.1570588235293,6660.3791176470595,34
92822,O00.,3,66.6,2,797.1732727272727,1281.0227272727273,1109.4577272727274,6802.3060000000005,110
92823,O00.,3,66.6,3,897.4827319587629,1280.428298969072,1110.415618556701,7092.112731958763,194
92824,O00.,3,66.6,4,1085.6785416666667,1221.0635416666667,1106.3272916666667,7276.517083333333,48
92838,O00.,3,69.5,3,492.57000000000005,1179.55,843.3931818181819,4298.016363636364,22
92851,O00.,3,74.3,3,607.5891836734694,1531.6118367346937,1217.2785714285715,6666.810204081633,49
92871,O00.,4,66.6,3,1270.516111111111,1328.4194444444445,932.6072222222223,8256.305555555555,36
92909,O00.,5,66.0,2,1210.6956310679611,1416.7225242718448,1131.6241747572815,8167.7312621359215,103
92910,O00.,5,66.0,3,1121.595593220339,1334.2494915254238,1202.5897457627118,7924.499322033898,118
92916,O00.,5,66.4,2,1131.226962962963,1428.443925925926,1195.0935555555557,7881.758518518518,135
92917,O00.,5,66.4,3,1133.0813804713805,1400.1805723905725,1029.4234343434343,7623.442390572391,297
92918,O00.,5,66.4,4,1009.2886206896551,1402.8189655172414,1046.1686206896552,7747.513793103448,58
92923,O00.,5,66.6,2,1051.8047196261682,1512.6808878504673,1104.717710280374,7975.477242990653,214
92924,O00.,5,66.6,3,1109.905179704017,1572.680105708245,1108.903403805497,8216.449302325582,473
92925,O00.,5,66.6,4,1157.236153846154,1591.2540170940172,1148.7982051282052,8328.134102564101,117
92934,O00.,5,68.2,3,2513.062424242424,1400.4842424242422,1014.0651515151516,9598.419696969697,33
92944,O00.,5,69.5,3,597.6342424242424,1194.3727272727274,862.7187878787879,5682.428181818182,33
92954,O00.,5,74.3,2,1003.9526315789473,1732.2889473684208,1206.5202631578948,7935.146842105263,38
92955,O00.,5,74.3,3,899.1766990291262,1642.064854368932,1096.9549514563107,7029.5213592233,103
92989,O00.,6,66.0,2,1769.234713375796,1773.8731210191083,1274.1886624203821,10140.644267515923,314
92990,O00.,6,66.0,3,1692.0920664206642,1793.588671586716,1163.4135793357934,10311.899261992621,271
92994,O00.,6,66.4,2,1858.729024390244,1668.076463414634,1215.1921341463415,10086.810914634147,164
92995,O00.,6,66.4,3,1716.6601818181819,1770.961896103896,1198.3072727272727,10124.876857142857,385
92996,O00.,6,66.4,4,1734.5260606060606,1767.1303030303031,1295.4672727272728,10346.222424242425,66
92998,O00.,6,66.5,3,1421.2191304347828,1875.4217391304346,1091.3595652173913,9939.92695652174,23
93001,O00.,6,66.6,2,1762.2536490250698,1690.5970752089136,1219.232339832869,9798.372479108635,359
93002,O00.,6,66.6,3,1822.6786121437422,1746.3235687732342,1225.6514745972738,9933.074052044609,807
93003,O00.,6,66.6,4,1573.0056115107914,1746.2134532374102,1219.235107913669,9964.193956834531,139
93009,O00.,6,68.2,2,3239.4342857142856,2326.619523809524,1800.9671428571428,14156.188571428573,21
93010,O00.,6,68.2,3,3029.94054945055,2126.412087912088,1197.4173626373627,13586.458131868132,91
93019,O00.,6,69.0,3,985.3563636363635,1802.2636363636364,909.2712121212121,7522.2190909090905,33
93024,O00.,6,69.5,2,755.7971875,1702.7625,824.369375,6197.8603125,32
93025,O00.,6,69.5,3,1280.5463846153846,1824.3816923076922,1063.6045384615384,7737.9474615384615,130
93026,O00.,6,69.5,4,1385.8563636363638,1832.6696969696968,958.6481818181818,7371.547272727273,33
93033,O00.,6,74.3,2,1214.8681904761904,1792.6773333333333,1134.8617142857142,8161.072952380952,105
93034,O00.,6,74.3,3,1369.2995015576325,2026.5509657320872,1200.7583177570093,9458.8792211838,321
93035,O00.,6,74.3,4,1212.9815517241382,2257.363620689655,1296.6512068965517,9768.782586206897,58
93044,O00.,6,99.8,3,1102.8860975609757,3224.828536585366,1556.4982926829268,15552.586341463415,41
93128,O02.,5,69.0,2,504.0939215686275,856.0290196078431,591.6464705882353,3220.5556862745098,51
93129,O02.,5,69.0,3,494.14816666666667,922.7866666666666,514.3543333333333,3108.651833333333,60
93131,O02.,5,69.5,2,466.5579411764706,895.3391176470587,490.2282352941176,3186.916176470588,34
93132,O02.,5,69.5,3,446.981875,830.4839583333334,477.69979166666667,3132.4185416666664,48
93149,O02.,6,68.2,3,467.96592592592594,1487.8333333333333,618.3270370370371,5417.066296296297,27
93152,O02.,6,69.0,2,456.67897959183676,1111.0363265306123,509.93969387755106,3504.3476530612247,98
93153,O02.,6,69.0,3,495.744,1230.9976923076924,497.42400000000004,3686.8186923076923,130
93157,O02.,6,69.5,2,521.0428125,1029.3877232142856,653.0605803571428,3761.621428571428,224
93158,O02.,6,69.5,3,515.175,1332.0777741935483,684.3356129032259,4153.739806451613,310
93159,O02.,6,69.5,4,525.5324390243903,1019.0902439024389,725.2068292682927,3931.6082926829267,41
93226,O03.,6,69.0,3,630.3041666666667,1471.0208333333333,1147.1020833333334,5003.494166666666,24
93260,O04.,2,69.0,2,368.353,574.9933333333333,466.16299999999995,2402.5823333333333,30
93261,O04.,2,69.0,3,355.01346153846157,695.8846153846154,571.7219230769231,3166.0853846153846,26
93295,O04.,3,69.0,2,450.2055555555556,820.8166666666666,557.8204761904763,3244.658095238095,63
93296,O04.,3,69.0,3,388.40762711864403,674.0694915254237,474.3577966101695,2775.7769491525423,59
93300,O04.,3,69.5,3,448.82772727272726,786.1863636363636,377.6859090909091,3278.800909090909,22
93312,O04.,3,75.0,2,432.8553846153846,704.2230769230769,835.0734615384615,3880.1992307692312,26
93341,O04.,5,68.2,3,802.231282051282,950.0779487179487,528.4825641025641,4920.154358974359,39
93343,O04.,5,69.0,1,346.4769230769231,746.4692307692308,595.8946153846153,3121.583076923077,26
93344,O04.,5,69.0,2,381.24891156462587,572.7308843537415,483.7585714285714,2668.608707482993,147
93345,O04.,5,69.0,3,384.578102189781,574.2885401459854,495.50678832116796,2687.1946715328468,137
93346,O04.,5,69.0,4,414.87857142857143,773.3617857142857,453.005,2860.832142857143,28
93348,O04.,5,69.5,2,439.0743023255814,643.4895348837209,460.52906976744185,2869.1960465116276,86
93349,O04.,5,69.5,3,426.4195412844037,621.0902752293578,400.28954128440364,2633.9691743119265,109
93369,O04.,5,75.0,2,354.88546875,1142.3025,1041.845625,4685.79609375,64
93370,O04.,5,75.0,3,362.608125,1297.7625,963.5115625,4543.841875,32
93402,O04.,6,68.2,2,973.3667647058824,1732.445294117647,1299.2429411764706,8092.242352941176,34
93403,O04.,6,68.2,3,1115.4977049180327,1932.1252459016393,895.646393442623,7740.586229508197,61
93407,O04.,6,69.0,2,503.26146341463414,1036.8413821138213,659.805975609756,4018.503536585366,246
93408,O04.,6,69.0,3,496.23554216867467,1002.9917269076306,685.9209236947792,3843.4520080321286,249
93409,O04.,6,69.0,4,573.4196875,1057.053125,563.96375,3611.6434375,32
93412,O04.,6,69.5,2,501.12614942528734,793.0897988505748,608.347183908046,3315.0213505747124,348
93413,O04.,6,69.5,3,500.3062028301886,927.3794811320755,656.5289858490565,3710.889150943396,424
93414,O04.,6,69.5,4,451.3577941176471,1011.5911764705882,589.4983823529411,3641.181617647059,68
93422,O04.,6,73.4,2,381.8472,1479.0639999999999,1035.2044,4308.3516,25
93440,O04.,6,75.0,2,418.087,1642.499375,1449.440125,6127.163875,80
93441,O04.,6,75.0,3,462.0185714285714,2067.019047619048,1775.0546031746032,7221.932698412698,63
93537,O08.,3,68.2,3,460.9554166666667,1341.6858333333332,701.0791666666668,4546.254583333333,24
93568,O08.,5,68.2,3,580.0653333333333,1379.1142222222222,740.3002222222223,5241.566222222223,45
93597,O08.,6,68.2,2,1060.53232,1212.14752,649.57552,5881.86344,125
93598,O08.,6,68.2,3,1084.4484232365146,1276.5220746887967,743.6092531120331,6121.372821576764,241
93599,O08.,6,68.2,4,1115.0964285714285,1619.9090476190474,604.8502380952381,6899.367619047619,42
93603,O08.,6,69.0,3,648.3359090909091,1264.2227272727273,962.2072727272728,5233.961363636364,22
93653,O10.,6,74.1,3,1357.6319444444443,2493.4283333333333,1723.0027777777777,12390.235833333332,36
93670,O11.,5,74.1,3,938.88,2619.3385714285714,1534.4542857142858,9425.793333333333,21
93678,O11.,6,74.1,2,1316.1667857142857,3742.483928571429,2099.0810714285717,14194.470000000001,28
93679,O11.,6,74.1,3,1370.555076923077,3546.3215384615382,2284.9660000000003,13750.532,65
93725,O13.,3,74.1,2,606.4331645569621,1092.213670886076,1058.6311392405064,6091.042151898734,79
93726,O13.,3,74.1,3,597.8491176470588,1054.355588235294,1074.2741176470588,6687.343529411764,68
93752,O13.,5,74.1,2,788.5720512820513,1541.504423076923,1399.5016025641025,7789.50891025641,156
93753,O13.,5,74.1,3,802.6676,1792.4332,1574.9190666666666,8786.6648,150
93754,O13.,5,74.1,4,719.06875,1954.6341666666667,1857.65125,8720.440416666666,24
93772,O13.,6,73.6,2,666.7266666666667,2087.1315555555557,844.7037777777778,9126.776444444444,45
93777,O13.,6,74.1,2,1166.3840316205533,2198.824071146245,1462.5533992094863,10463.985454545455,253
93778,O13.,6,74.1,3,1347.9477606177604,2234.7621621621624,1690.568687258687,11836.482702702702,259
93779,O13.,6,74.1,4,1169.268,2288.4796,1589.6076,10748.6592,25
93789,O13.,6,75.6,2,571.3724,2103.2784,1098.2504,9447.8016,25
93790,O13.,6,75.6,3,512.5012121212121,2361.6263636363637,1002.2039393939394,10051.907272727272,33
93810,O14.,3,74.1,2,693.3837037037038,1755.3777777777777,1827.7805555555553,8145.4409259259255,54
93811,O14.,3,74.1,3,654.6263934426229,1777.657213114754,1971.0142622950818,8701.701967213114,61
93832,O14.,5,74.1,2,854.3145918367347,2071.27306122449,1805.889387755102,9016.50612244898,98
93833,O14.,5,74.1,3,954.4801851851852,2316.4307407407405,2431.5869444444447,10936.955462962962,108
93860,O14.,6,74.1,2,1405.9891614906833,3299.902608695652,2374.652950310559,13337.408664596273,322
93861,O14.,6,74.1,3,1572.4477979274611,3323.109896373057,2319.996917098446,14435.39981865285,386
93862,O14.,6,74.1,4,1675.774423076923,4134.532692307693,2604.3399999999997,15478.035,52
93961,O21.,6,,3,353.37,1445.1884,1080.848,4757.7188,25
94003,O23.,3,74.1,3,656.3253125,884.7659375000001,1075.0015625,6565.5865625,32
94019,O23.,5,74.1,2,691.4390196078431,1278.1833333333334,1470.2574509803922,7511.568627450981,51
94020,O23.,5,74.1,3,603.199074074074,1437.4016666666666,1414.2181481481482,7773.920555555556,54
94040,O23.,6,74.1,2,1424.5532710280374,1710.2629906542054,1640.996168224299,9592.070280373831,107
94041,O23.,6,74.1,3,1302.5146616541354,1980.9583458646619,1667.185789473684,10065.092706766918,133
94069,O24.,1,74.1,2,843.7633333333333,1329.0069047619047,1133.5764285714286,12314.600714285714,42
94070,O24.,1,74.1,3,1134.3432692307692,1745.8076923076924,1256.6028846153845,19503.869615384614,52
94073,O24.,1,75.6,3,1373.8945833333335,3202.25625,852.3375,23992.463333333333,24
94094,O24.,2,74.1,2,503.00709677419354,978.7964516129032,1262.8693548387096,5868.163548387097,31
94095,O24.,2,74.1,3,635.4054838709677,1096.9474193548388,976.1829032258065,6009.885806451613,31
94125,O24.,3,73.6,2,440.6145714285714,1020.122,556.3188571428572,4520.609714285714,35
94129,O24.,3,74.1,2,594.3430875576037,1048.4233640552995,1021.1672811059907,6368.964055299539,217
94130,O24.,3,74.1,3,657.1734895833333,1141.63859375,1050.3,6617.186979166666,192
94137,O24.,3,75.6,2,477.6862068965517,1124.2206896551725,477.35689655172416,4343.812068965517,29
94138,O24.,3,75.6,3,491.16,1224.4929166666668,599.6520833333333,4615.65125,24
94151,O24.,4,74.1,2,988.2888461538461,1490.788076923077,1030.6234615384615,8933.143076923077,26
94152,O24.,4,74.1,3,1556.092962962963,1771.4081481481483,1321.5948148148148,14375.662592592593,27
94181,O24.,5,73.5,2,520.788,1168.02125,778.371,6057.129,40
94182,O24.,5,73.5,3,542.6268571428571,1331.6208571428572,754.2488571428571,6312.416571428571,35
94184,O24.,5,73.6,2,492.6561616161616,1405.310606060606,611.5039393939394,5650.853535353535,99
94185,O24.,5,73.6,3,513.9586792452831,1555.0084905660376,657.1135849056603,6213.0101886792445,53
94188,O24.,5,74.1,2,796.8616022099449,1367.8497513812154,1329.4811602209945,7520.254005524863,362
94189,O24.,5,74.1,3,830.9251632047478,1380.5967062314542,1417.8039762611277,7904.001097922849,337
94190,O24.,5,74.1,4,1017.8253488372093,1446.6293023255814,1550.0979069767443,8126.83930232558,43
94195,O24.,5,75.6,2,494.5967521367521,1246.0423076923078,706.9260683760684,6296.12264957265,117
94196,O24.,5,75.6,3,471.61509803921564,1341.4460784313726,772.2644117647059,6492.930392156863,102
94201,O24.,6,,2,435.47555555555556,1940.3881481481483,1632.3185185185187,6021.635185185185,27
94202,O24.,6,,3,432.266779661017,2777.607118644068,1348.2586440677967,6277.715762711864,59
94231,O24.,6,73.5,2,500.7611111111112,1531.1441666666667,653.9244444444444,7074.3405555555555,36
94232,O24.,6,73.5,3,572.9115789473684,1565.8863157894739,777.5106315789474,7879.94694736842,95
94234,O24.,6,73.6,2,585.3292356687898,1765.986433121019,655.6766242038216,7708.300891719745,157
94235,O24.,6,73.6,3,555.5835507246377,1723.9710869565217,784.4876811594203,8770.725289855072,138
94238,O24.,6,74.1,2,1159.2824385964911,1848.8970877192985,1483.9200175438598,10069.732894736842,570
94239,O24.,6,74.1,3,1349.4073848069736,2001.2775466998755,1515.7996886674969,11081.083100871732,803
94240,O24.,6,74.1,4,1446.7072727272728,2005.507012987013,1671.3420779220778,11598.842467532468,77
94254,O24.,6,75.6,2,537.5157209302325,1760.2257209302327,780.4069302325581,8771.047023255815,215
94255,O24.,6,75.6,3,508.1040397350994,1825.8696688741722,822.7032119205298,8858.148377483443,302
94272,O26.,1,74.1,2,969.7455263157896,1270.3989473684212,1216.0655263157894,14135.64342105263,38
94273,O26.,1,74.1,3,1241.0016666666668,1555.4236666666666,1567.508,18548.421,30
94294,O26.,2,74.1,2,575.5352083333333,948.18125,1336.8058333333333,6278.972291666666,48
94329,O26.,3,74.1,2,651.7959302325581,1108.822034883721,1119.6342441860465,6398.932616279069,172
94330,O26.,3,74.1,3,669.4001769911505,1301.2665486725664,1306.325575221239,7395.921681415929,113
94367,O26.,5,73.5,2,577.4473333333333,1158.6133333333335,819.08,6949.035666666667,30
94368,O26.,5,73.5,3,538.949090909091,1063.3181818181818,776.9468181818182,6208.004999999999,22
94371,O26.,5,73.6,2,492.03941176470585,1271.100980392157,670.9962745098039,6084.934509803921,51
94375,O26.,5,74.1,2,795.5849400479616,1385.4681055155875,1521.80551558753,7967.695179856116,417
94376,O26.,5,74.1,3,928.5392664092665,1546.681583011583,1736.9606563706564,9216.807644787645,259
94377,O26.,5,74.1,4,942.7790476190477,1407.347619047619,1769.3433333333332,8341.814761904761,21
94385,O26.,5,75.6,2,545.5397530864198,1166.6864197530865,782.3918518518518,6444.2232098765435,81
94386,O26.,5,75.6,3,559.5266666666666,1221.7835897435896,919.4794871794871,6738.2294871794875,39
94389,O26.,6,,2,371.76037037037037,3132.3485185185186,1545.6262962962965,7615.432592592592,27
94390,O26.,6,,3,328.34000000000003,2920.368717948718,1403.979487179487,7384.319230769231,39
94416,O26.,6,73.5,2,559.7739130434783,1713.8260869565217,1115.2521739130434,8381.5,23
94417,O26.,6,73.5,3,441.85428571428577,1683.040476190476,962.1485714285714,7840.574761904762,21
94419,O26.,6,73.6,2,512.077857142857,1668.4992857142856,890.6822857142857,7953.315857142857,70
94420,O26.,6,73.6,3,607.3125806451613,1840.6554838709678,1143.8890322580644,8241.509032258064,31
94424,O26.,6,74.1,2,1227.638904109589,1993.4715981735162,1698.9860273972604,10432.273211567732,657
94425,O26.,6,74.1,3,1406.698031007752,2227.056062015504,1940.249891472868,12067.747364341085,645
94426,O26.,6,74.1,4,1491.0135714285714,1996.0885714285712,1785.3539285714287,11537.58357142857,28
94437,O26.,6,75.6,2,546.7336842105262,1960.102105263158,1061.3122105263158,9240.502631578947,95
94438,O26.,6,75.6,3,560.5575581395349,2177.315348837209,1241.9874418604652,10794.26965116279,86
94467,O28.,6,74.1,3,1880.8834615384617,2674.3015384615383,1747.885,11939.576153846154,26
94480,O30.,3,74.1,2,846.1795833333334,1314.1416666666667,1608.4070833333333,8027.251666666667,24
94481,O30.,3,74.1,3,681.1513636363636,1260.3509090909092,1643.5868181818184,7681.543636363636,22
94487,O30.,5,74.1,2,781.5736956521739,1526.0065217391304,1627.1880434782609,8661.517826086956,46
94488,O30.,5,74.1,3,899.4866666666667,1598.745294117647,1653.0398039215686,9042.067450980392,51
94491,O30.,6,,3,653.856,6367.24,13703.3324,22767.698399999997,25
94500,O30.,6,74.1,2,1634.119477124183,2461.6813725490197,2448.660522875817,13824.861960784314,153
94501,O30.,6,74.1,3,1844.0886160714285,2935.632276785714,2516.684330357143,15690.482991071429,224
94535,O32.,1,74.1,3,1644.104,2788.386,1194.4404,25360.834,25
94542,O32.,2,74.1,2,488.82576923076925,913.5999999999999,1178.4199999999998,5672.383846153846,26
94551,O32.,3,74.1,2,603.6618131868132,957.1482967032966,1089.1414285714286,6015.729505494505,182
94552,O32.,3,74.1,3,569.0311428571429,967.1340952380953,1166.1333333333334,6685.482095238095,105
94567,O32.,5,74.1,2,748.1671428571428,1190.8734857142858,1256.6501142857142,6875.561428571428,350
94568,O32.,5,74.1,3,820.4137037037036,1236.841851851852,1385.8869907407409,7463.861805555555,216
94585,O32.,6,74.1,2,1147.1864015904573,1553.6200198807157,1487.2185487077536,9485.298091451294,503
94586,O32.,6,74.1,3,1324.5049708737865,1648.3054174757283,1554.0778058252426,10882.843126213593,515
94587,O32.,6,74.1,4,1350.2313043478262,2153.0195652173916,1547.4530434782607,11860.008695652174,23
94603,O33.,2,74.1,2,476.90577777777776,907.0355555555556,1077.5133333333333,5249.750666666667,45
94604,O33.,2,74.1,3,491.33033333333333,851.0066666666667,971.693,5169.5143333333335,30
94606,O33.,3,74.1,2,641.0620512820514,1077.2473333333335,1068.8168205128204,5983.112358974358,195
94607,O33.,3,74.1,3,628.4522033898305,1088.2218644067796,1094.6537288135594,6237.577796610169,59
94615,O33.,5,74.1,2,652.7101291989665,1205.477131782946,1173.2935917312661,6554.0839276485785,387
94616,O33.,5,74.1,3,654.4380575539568,1325.6013669064748,1164.4243884892085,6935.3271942446045,139
94621,O33.,6,74.1,2,1275.2788577586207,1577.3534698275862,1519.2714439655172,9400.182456896551,464
94622,O33.,6,74.1,3,1435.758971962617,1708.4447975077883,1551.5239252336448,10572.803894080997,321
94642,O34.,1,74.1,2,1004.156484375,1213.25640625,1264.457421875,11287.977578125,128
94643,O34.,1,74.1,3,1448.0094604316546,1946.2526618705035,1365.6393165467625,19353.279208633096,278
94672,O34.,2,74.1,2,584.9409440559441,836.3261888111888,1294.2853846153846,5760.24486013986,286
94673,O34.,2,74.1,3,584.3279402985075,923.3387462686567,1218.1696119402986,5934.993462686567,335
94674,O34.,2,74.1,4,582.1795238095239,808.1419047619047,1191.5185714285715,5675.911428571429,21
94717,O34.,3,74.1,2,590.8784226646247,945.7129402756509,1043.3858958652374,6219.65882848392,1306
94718,O34.,3,74.1,3,612.7478305084745,1024.3008983050847,1095.8140451977401,6619.238954802259,1770
94719,O34.,3,74.1,4,615.1687640449438,974.5373033707866,1178.2879775280899,6659.856741573034,89
94732,O34.,4,74.1,2,937.1310256410256,1152.5442735042734,928.8994871794872,8061.436495726495,117
94733,O34.,4,74.1,3,1192.5804494382023,1287.4115168539327,999.7274719101123,10513.862134831461,178
94778,O34.,5,74.1,2,714.1300052548607,1189.654802942722,1246.597267472412,7378.459816079873,1903
94779,O34.,5,74.1,3,779.1452131354595,1241.258926428797,1312.4107514998423,7867.176946637196,3167
94780,O34.,5,74.1,4,801.1850000000001,1287.8467204301076,1374.903870967742,8056.245806451613,186
94821,O34.,6,67.5,2,708.7569444444445,2098.8283333333334,2928.9283333333333,9125.043611111112,36
94822,O34.,6,67.5,3,646.3096296296296,2462.278024691358,2652.3343209876543,9273.826419753086,81
94842,O34.,6,73.6,3,546.0986666666666,1588.639,927.1596666666667,8667.683333333332,30
94847,O34.,6,74.1,2,1161.285747320925,1543.2206880992667,1432.7362154540328,9708.534732092498,1773
94848,O34.,6,74.1,3,1250.5669060551197,1630.0465982699657,1501.9800160933414,10756.209145041239,4971
94849,O34.,6,74.1,4,1386.7094871794873,1835.5489743589742,1771.3048148148148,12235.67886039886,351
94853,O34.,6,74.4,2,713.0145161290322,825.1290322580645,1324.2470967741933,8053.061612903226,31
94854,O34.,6,74.4,3,709.2266666666668,828.9416666666666,1335.8291666666667,8291.282083333334,48
94863,O34.,6,75.6,3,496.16687500000006,1432.9720833333333,828.9393749999999,7929.577291666667,48
94927,O35.,6,74.1,2,1285.3681481481483,1594.496666666667,1740.874074074074,10692.157777777778,27
94928,O35.,6,74.1,3,1446.445652173913,2000.1013043478263,1624.7073913043478,10959.896086956522,23
94951,O36.,1,74.1,2,1079.595652173913,1532.4891304347825,1410.953043478261,17398.875652173912,23
94965,O36.,2,74.1,2,519.6971111111111,838.3377777777777,1158.8188888888888,5400.798888888889,45
94986,O36.,3,74.1,2,582.3097727272727,1059.984318181818,1133.8547727272728,6073.413961038961,308
94987,O36.,3,74.1,3,617.0215060240963,1016.9500602409638,1176.1812048192771,6361.0909036144585,166
95033,O36.,5,74.1,2,738.9139051918736,1295.3085101580136,1353.4814672686232,7191.1960496614,443
95034,O36.,5,74.1,3,771.2634156378601,1311.3775308641975,1373.9613991769547,7554.509794238683,243
95035,O36.,5,74.1,4,754.8340909090908,1933.5963636363638,1668.7886363636362,8737.467727272726,22
95070,O36.,6,73.6,2,541.4441509433963,1731.7079245283019,656.4286792452831,8481.49641509434,53
95071,O36.,6,73.6,3,537.0175757575759,1547.2621212121212,699.1506060606062,8684.954242424243,33
95074,O36.,6,74.1,2,1138.699800664452,1712.2357475083056,1425.8451328903654,9564.8073089701,602
95075,O36.,6,74.1,3,1234.3277611940298,1866.4372281449894,1460.2176545842217,10112.930660980812,469
95076,O36.,6,74.1,4,1071.8795833333334,1909.6850000000002,1788.8370833333336,10643.338333333333,24
95088,O36.,6,75.6,2,485.188275862069,1656.1275862068965,1074.4920689655173,8373.346896551724,29
95089,O36.,6,75.6,3,505.03608695652173,1551.6004347826085,993.0752173913044,8674.553043478261,46
95120,O40.,6,74.1,2,1266.2458333333334,1630.1725,1797.4745833333334,10569.47125,24
95121,O40.,6,74.1,3,1523.143157894737,2060.0186842105263,1655.2063157894738,13693.097105263158,38
95138,O41.,1,74.1,2,1117.6827272727273,1303.8975,1422.8445454545456,14258.649318181817,44
95139,O41.,1,74.1,3,1074.588888888889,1578.627037037037,1414.1566666666668,17552.241851851853,27
95155,O41.,2,74.1,2,675.2774509803921,909.8172549019608,1247.1454901960783,5706.425686274511,51
95156,O41.,2,74.1,3,716.3349999999999,915.9076923076923,1150.3146153846153,5403.66923076923,26
95179,O41.,3,73.6,2,479.6016666666667,1046.3125,573.4404166666667,5095.257083333333,24
95184,O41.,3,74.1,2,584.0352427184466,990.9732686084142,1036.0445954692557,5875.320129449838,309
95185,O41.,3,74.1,3,570.2629139072848,974.4022516556291,1141.613178807947,6061.090927152318,151
95199,O41.,4,74.1,2,624.6457142857143,1255.4464285714287,858.7642857142857,5958.531785714285,28
95223,O41.,5,73.5,2,637.5104761904762,1812.6666666666667,805.5095238095239,6794.955714285715,21
95227,O41.,5,73.6,2,548.9734328358209,1433.8353731343284,603.504328358209,5616.999104477612,67
95228,O41.,5,73.6,3,490.37451612903226,1259.287419354839,584.3651612903226,5434.672903225806,31
95231,O41.,5,74.1,2,783.3782685512367,1423.9923498233215,1335.388409893993,7485.365565371025,566
95232,O41.,5,74.1,3,778.1835039370078,1400.9436614173228,1515.9283858267715,7682.851141732283,254
95237,O41.,5,75.6,2,490.8152083333334,1605.6197916666667,882.4927083333333,6748.35625,48
95238,O41.,5,75.6,3,512.9137037037037,1515.601851851852,853.2340740740741,6460.568888888888,27
95264,O41.,6,73.5,2,508.09636363636366,1553.0359090909092,934.3654545454546,6375.028181818182,22
95265,O41.,6,73.5,3,510.3445454545454,1318.0272727272727,654.775,7554.550909090909,22
95267,O41.,6,73.6,2,504.6890839694657,1721.6264122137404,849.3499236641221,7709.788320610687,131
95268,O41.,6,73.6,3,547.0630136986301,1731.30698630137,1016.6705479452054,8216.60095890411,73
95270,O41.,6,74.1,2,1234.564921875,1757.2058816964286,1585.6731808035713,10084.960535714286,896
95271,O41.,6,74.1,3,1354.2375033921303,1958.2589009497965,1786.3628493894164,11747.628480325644,737
95272,O41.,6,74.1,4,1323.384642857143,1962.8292857142858,1582.7649999999999,10960.592499999999,28
95286,O41.,6,75.6,2,486.9606,1915.5555,780.5419999999999,8171.964300000001,100
95287,O41.,6,75.6,3,461.9341573033708,1712.8401123595504,731.4498876404494,8022.784044943821,89
95298,O42.,1,71.7,2,554.0287878787879,1538.1351515151514,818.500303030303,16292.462424242425,33
95299,O42.,1,71.7,3,537.6657142857142,1462.3157142857144,731.8838095238095,18646.848095238096,21
95305,O42.,1,73.6,2,660.0831034482759,2003.7755172413792,650.8279310344827,12591.209655172413,29
95306,O42.,1,73.6,3,654.6919047619048,2514.5514285714285,801.015238095238,18378.645238095236,21
95307,O42.,1,74.1,2,966.8345555555555,1328.444,1347.2777777777778,13786.664222222222,90
95308,O42.,1,74.1,3,1128.5534545454545,2003.3007272727275,1246.1005454545455,19073.09690909091,55
95312,O42.,1,75.6,2,786.4438461538462,2310.393076923077,774.0834615384615,16743.636923076923,26
95313,O42.,1,75.6,3,1047.994255319149,3727.597659574468,827.0848936170212,25290.957021276594,47
95339,O42.,2,74.1,2,558.7361538461538,969.532564102564,1205.4341025641027,5649.147307692308,78
95340,O42.,2,74.1,3,634.9259090909092,1118.5365909090908,1147.8277272727273,5991.320227272728,44
95381,O42.,3,73.5,2,410.8051351351351,969.1324324324324,592.1132432432433,5144.226756756757,37
95382,O42.,3,73.5,3,416.0309090909091,945.3545454545455,655.0795454545455,4907.731363636363,22
95385,O42.,3,73.6,2,467.81411764705877,1034.9103529411766,613.8870588235294,4355.984352941176,85
95386,O42.,3,73.6,3,451.35941176470584,1010.3938235294117,688.9373529411764,4618.855882352941,34
95392,O42.,3,74.1,2,590.6101411764706,1117.176588235294,1125.0504470588235,6244.575529411765,425
95393,O42.,3,74.1,3,620.0078113207547,1106.4102264150945,1167.9110943396227,6793.00203773585,265
95406,O42.,3,75.6,2,483.0442857142857,1145.315285714286,578.6781428571429,4591.503428571428,70
95407,O42.,3,75.6,3,527.0823333333333,1066.3456666666666,683.3066666666667,4966.121666666667,30
95428,O42.,4,74.1,2,1141.4928813559322,1352.970847457627,1031.0227118644068,9077.831016949152,59
95429,O42.,4,74.1,3,984.0425925925927,1307.608888888889,1075.681851851852,8709.071481481482,27
95455,O42.,5,71.7,2,511.2709523809524,1350.7809523809524,583.8085714285714,4942.736666666667,21
95464,O42.,5,73.4,2,563.0209375,2176.983125,1215.9428125,8738.819375000001,32
95467,O42.,5,73.5,2,523.6866964285715,1540.9544642857143,821.2296428571428,6470.207232142857,112
95468,O42.,5,73.5,3,473.02432432432437,1459.7014864864866,833.3521621621621,6292.0331081081085,74
95471,O42.,5,73.6,2,466.88782178217826,1384.57900990099,652.070792079208,5482.818415841584,303
95472,O42.,5,73.6,3,482.22201754385964,1395.4407894736842,658.4299122807017,5482.152631578948,114
95476,O42.,5,74.1,2,786.0012911725955,1382.9419894598154,1345.3477733860343,7337.741870882741,759
95477,O42.,5,74.1,3,792.7905206073752,1380.521344902386,1430.6841865509762,7807.200173535792,461
95478,O42.,5,74.1,4,737.3013333333333,1198.9856666666667,1384.798,7184.274,30
95485,O42.,5,75.6,2,461.19934210526316,1333.6901315789473,697.6730263157895,6013.5172697368425,304
95486,O42.,5,75.6,3,435.9215463917526,1298.265,776.1140206185567,5865.894948453609,194
95489,O42.,6,,2,433.1234482758621,2309.410344827586,805.2410344827587,7051.612068965517,29
95490,O42.,6,,3,535.2655555555556,2886.3800000000006,1141.5411111111111,7370.131851851852,27
95515,O42.,6,72.1,3,674.8396153846154,1675.7669230769231,1213.3207692307692,10523.801153846154,26
95523,O42.,6,73.5,2,489.5525342465753,1596.2229452054794,711.9749315068493,7208.210205479451,146
95524,O42.,6,73.5,3,592.5479393939394,1814.950181818182,1194.583696969697,8192.777696969697,165
95527,O42.,6,73.6,2,516.4553402061856,1692.652742268041,857.1255257731959,7782.938309278351,485
95528,O42.,6,73.6,3,534.2458379888268,1760.3094692737432,973.3585474860334,8700.013994413408,358
95532,O42.,6,74.1,2,1222.0220782851816,1880.381192917055,1681.8345945945946,10154.763625349487,1073
95533,O42.,6,74.1,3,1361.748144680851,1986.4655404255318,1779.9831489361702,11489.8432,1175
95534,O42.,6,74.1,4,1446.3596825396826,2110.5473015873017,1750.186507936508,12104.71634920635,63
95546,O42.,6,75.5,2,479.1418181818182,1688.4918181818182,983.18,7289.770454545455,22
95549,O42.,6,75.6,2,496.55400284900287,1697.3475925925927,949.8192592592593,8653.443347578348,702
95550,O42.,6,75.6,3,487.46763523956724,1702.1489180834624,1014.1794899536321,9081.26771251932,647
95601,O43.,5,74.1,2,800.9326470588235,1275.2164705882353,1164.2538235294116,6995.455294117647,34
95602,O43.,5,74.1,3,773.0326086956521,1512.911304347826,1275.4373913043478,7380.205217391304,23
95623,O43.,6,74.1,2,1233.039347826087,1793.4878260869566,1607.9558695652174,10475.506304347826,92
95624,O43.,6,74.1,3,1542.5930693069306,1888.93099009901,1778.7771287128712,11279.671485148516,101
95629,O43.,6,75.6,2,471.7408333333333,1547.101388888889,1228.8119444444446,9344.429166666667,36
95630,O43.,6,75.6,3,376.76358974358976,1401.5561538461538,1593.7366666666667,9174.263333333334,39
95650,O44.,3,74.1,2,648.2233333333334,1315.6271794871795,1554.79,7334.49358974359,39
95651,O44.,3,74.1,3,809.6641379310345,1425.263620689655,1787.7194827586206,9233.15603448276,58
95672,O44.,5,74.1,2,1013.2922535211268,1544.4597183098592,1840.781690140845,8778.45985915493,71
95673,O44.,5,74.1,3,1212.8402678571426,1672.9783928571428,1865.1550892857142,9806.334017857142,112
95680,O44.,6,,3,568.7153333333333,3018.673333333333,2515.434,8185.867333333333,30
95707,O44.,6,74.1,2,1910.5675384615383,2416.295641025641,2333.4266666666667,13418.560051282051,195
95708,O44.,6,74.1,3,2339.9021647058826,2819.281317647059,2576.8374588235292,16067.603458823529,425
95709,O44.,6,74.1,4,2649.62796875,3015.10796875,4037.32875,19889.18609375,64
95745,O45.,3,74.1,2,669.0528571428572,1119.0436734693878,1392.6979591836734,6604.217551020408,49
95746,O45.,3,74.1,3,704.0138636363637,1186.7954545454545,1616.7479545454546,7166.440681818182,44
95763,O45.,5,74.1,2,748.4742028985507,1591.395072463768,1459.0117391304348,7796.516231884058,69
95764,O45.,5,74.1,3,841.9305660377358,1470.684716981132,1718.1656603773586,8684.40075471698,53
95784,O45.,6,74.1,2,1232.2944166666666,1866.92325,1887.45475,10635.499083333332,120
95785,O45.,6,74.1,3,1383.2888554216868,2518.211265060241,2326.786325301205,13466.89548192771,166
95906,O60.,6,,3,333.71363636363634,3412.2454545454543,1984.7172727272728,7988.167272727273,22
95936,O61.,5,74.1,2,914.8678260869565,1795.801304347826,1503.608695652174,9638.25695652174,23
95939,O61.,6,74.1,2,1046.0897014925372,2146.9805970149255,1125.982089552239,10523.741343283582,67
95940,O61.,6,74.1,3,1176.246274509804,2257.309803921569,1167.9105882352942,12265.379019607843,51
95973,O62.,3,74.1,2,644.8226470588236,1004.2272058823529,1383.3585294117647,6245.855294117647,68
95974,O62.,3,74.1,3,750.7289655172414,968.8482758620689,1537.801724137931,6672.0234482758615,29
96013,O62.,5,74.1,2,745.386694214876,1234.2813223140497,1664.3433057851241,7303.9653719008265,121
96014,O62.,5,74.1,3,787.1826744186047,1349.4917441860464,1732.186395348837,7990.635465116279,86
96034,O62.,6,73.5,3,375.49260869565217,1281.8573913043479,648.9799999999999,6485.332608695652,23
96037,O62.,6,73.6,2,450.0448936170213,1524.5042553191488,755.5412765957448,6951.737021276596,47
96040,O62.,6,74.1,2,1002.2183732057417,1506.728229665072,1516.7247846889952,8029.524832535885,209
96041,O62.,6,74.1,3,1119.225035971223,1629.4446762589928,1515.4297841726618,8822.523021582734,139
96048,O62.,6,75.6,2,433.88212765957445,1248.8348936170212,689.49,6396.174893617021,47
96049,O62.,6,75.6,3,422.71393939393937,1378.4633333333334,698.314090909091,8618.110757575756,66
96065,O63.,3,74.1,2,690.4651562500001,1067.8434375,1261.45203125,6894.29546875,64
96066,O63.,3,74.1,3,657.6581481481481,952.1133333333333,1392.0211111111112,7300.153333333334,27
96079,O63.,5,74.1,2,895.7353488372094,1613.2546511627907,1605.2913178294575,9092.242093023257,129
96080,O63.,5,74.1,3,876.7884482758622,1694.3989655172413,1781.6891379310346,9135.260689655172,58
96093,O63.,6,74.1,2,1414.7828235294116,2177.7580588235296,1869.2133529411765,12851.847000000002,170
96094,O63.,6,74.1,3,1549.429536423841,2450.2921192052977,1948.2562913907286,14758.502185430463,151
96105,O64.,2,74.1,2,805.6651515151516,983.1515151515151,1475.7115151515152,6319.930606060606,33
96121,O64.,3,74.1,2,632.5350793650794,1193.9781746031747,1399.883015873016,6890.833412698413,126
96122,O64.,3,74.1,3,716.7131818181819,933.023409090909,1757.255,7060.121136363637,44
96153,O64.,5,74.1,2,793.0030459770115,1440.1407471264367,1374.5781609195403,8061.03183908046,174
96154,O64.,5,74.1,3,898.5211940298507,1309.4713432835822,1431.9674626865672,8013.152835820895,67
96177,O64.,6,74.1,2,1318.762261904762,1823.6458333333333,1646.1790476190477,10391.266845238095,168
96178,O64.,6,74.1,3,1385.7315887850468,1997.7332710280373,2354.7167289719628,12119.16570093458,107
96191,O65.,2,74.1,2,666.71425,699.25225,1131.358,5395.53975,40
96199,O65.,3,74.1,2,666.0593233082707,1137.8223308270676,1441.312030075188,6420.89022556391,133
96200,O65.,3,74.1,3,716.13625,1023.9925,1567.614,6575.77225,40
96212,O65.,5,74.1,2,783.5319487179488,1360.0341538461537,1320.7594358974359,7804.949076923077,195
96213,O65.,5,74.1,3,863.3004494382023,1473.4225842696628,1345.346966292135,8454.302359550562,89
96219,O65.,6,74.1,2,1089.9550887573964,1628.579230769231,1331.6094674556214,8918.390059171597,169
96220,O65.,6,74.1,3,1319.972605633803,1727.4269014084507,1647.031690140845,10647.423591549295,142
96248,O66.,3,74.1,2,739.0507692307692,934.0187179487181,1331.7707692307692,6361.618974358975,39
96269,O66.,5,74.1,2,891.0527272727272,1312.9170454545454,1377.4122727272727,7353.800227272728,44
96286,O66.,6,74.1,2,1512.5352173913043,1905.2178260869566,1869.3826086956524,10785.206086956521,23
96303,O68.,1,74.1,2,1483.0258333333334,2006.6762500000002,1408.6433333333334,17171.755416666667,24
96304,O68.,1,74.1,3,2073.7672727272725,3415.4927272727273,1786.3263636363636,28420.495454545457,22
96311,O68.,2,74.1,2,744.4253623188406,948.7428985507247,1626.9740579710146,5871.07884057971,69
96312,O68.,2,74.1,3,586.3127586206897,883.9413793103448,1456.253448275862,5423.674827586207,29
96330,O68.,3,74.1,2,672.8715270935961,1049.428275862069,1358.2785714285715,6391.169064039409,203
96331,O68.,3,74.1,3,638.0320547945206,1116.9705479452055,1463.107397260274,6689.8664383561645,73
96341,O68.,4,74.1,2,688.9334782608695,1174.0652173913043,848.9334782608696,6102.243913043478,23
96351,O68.,5,72.1,2,821.0668181818182,1310.4772727272727,862.445,6975.557272727273,22
96362,O68.,5,73.6,2,541.8723809523809,1234.637619047619,621.697619047619,5724.171904761904,21
96365,O68.,5,74.1,2,822.2973640167364,1313.3435564853555,1426.9009623430964,7817.368075313808,239
96366,O68.,5,74.1,3,862.4328571428571,1545.1733613445379,1652.466050420168,8633.173697478993,119
96380,O68.,6,72.1,2,841.0842500000001,1975.2064999999998,810.18575,12047.84675,40
96381,O68.,6,72.1,3,776.6455555555556,1947.68,837.050888888889,12382.914444444445,45
96391,O68.,6,73.6,2,645.9576,1964.536,683.0336,7695.190799999999,25
96392,O68.,6,73.6,3,713.805652173913,2003.2456521739132,682.6099999999999,8642.228260869566,23
96394,O68.,6,74.1,2,1133.0626501035197,1912.7727329192546,1477.5266666666666,9986.060869565219,483
96395,O68.,6,74.1,3,1198.5002702702702,1972.0305743243246,1490.0964864864866,10320.91195945946,296
96416,O69.,1,73.6,2,760.0703703703704,3544.8422222222225,694.8777777777779,21739.96962962963,27
96419,O69.,1,74.1,2,1091.268,1506.4652727272726,1375.744909090909,15562.066181818182,55
96420,O69.,1,74.1,3,1634.5153333333333,2249.2884444444444,1531.7995555555556,22709.013333333332,45
96421,O69.,1,75.6,2,938.52,3820.705454545455,701.0140909090909,24213.91818181818,22
96422,O69.,1,75.6,3,886.6052380952381,3480.179523809524,703.287619047619,24453.16,21
96441,O69.,2,74.1,2,615.8155172413793,835.8891379310345,1198.6124137931035,5776.626206896552,58
96442,O69.,2,74.1,3,624.7732142857143,995.3660714285714,1294.204642857143,6327.6167857142855,28
96471,O69.,3,73.5,2,491.296875,768.83125,465.4903125,4562.4818749999995,32
96475,O69.,3,73.6,2,481.5068085106383,782.1227659574467,549.066170212766,4019.371489361702,47
96480,O69.,3,74.1,2,626.512245508982,921.9631736526946,1050.8245808383233,5704.965359281437,334
96481,O69.,3,74.1,3,590.4374626865671,870.5401492537313,1110.3437313432835,5878.643507462686,134
96486,O69.,3,75.6,2,454.16190476190474,1052.4571428571428,562.615238095238,4398.269523809524,21
96499,O69.,4,74.1,2,1075.5303448275863,1157.274827586207,1102.9310344827586,8879.546896551723,29
96523,O69.,5,73.5,2,466.84425,1107.2075,624.7819999999999,5568.8775000000005,40
96524,O69.,5,73.5,3,474.7381481481482,1121.1037037037038,623.0966666666667,5401.736666666668,27
96527,O69.,5,73.6,2,452.89466101694916,1202.193559322034,518.8240677966102,5165.771355932204,118
96528,O69.,5,73.6,3,531.8436585365854,1102.1965853658537,640.1768292682926,5290.088292682926,41
96531,O69.,5,74.1,2,746.3009129511677,1143.6054352441615,1239.06,7102.663036093419,471
96532,O69.,5,74.1,3,768.4210582010581,1195.6689947089947,1399.3228042328042,7494.02,189
96539,O69.,5,75.6,2,476.9069230769231,1307.5789423076922,717.3146153846154,6103.398461538461,104
96540,O69.,5,75.6,3,458.3351898734178,1235.2178481012659,708.1255696202531,6436.657721518987,79
96567,O69.,6,73.5,2,438.9883185840708,1055.7694690265487,449.2541592920354,6556.1144247787615,113
96568,O69.,6,73.5,3,481.38458333333335,1090.1743055555555,508.4459722222222,6955.761944444444,72
96571,O69.,6,73.6,2,511.7846192893401,1439.927005076142,823.0884263959391,7533.852538071066,197
96572,O69.,6,73.6,3,531.6585714285715,1586.5065306122451,977.5848979591838,8392.480306122448,98
96574,O69.,6,74.1,2,1159.9934059097977,1620.1697667185072,1552.0230793157075,9721.631804043545,643
96575,O69.,6,74.1,3,1362.3700366972478,1658.918642201835,1761.8747706422018,11286.123229357798,545
96586,O69.,6,75.6,2,456.1746245059289,1426.0491699604743,947.9258893280632,8717.879130434781,253
96587,O69.,6,75.6,3,478.0345643153527,1452.9165560165975,1165.3663485477177,10550.024315352697,241
96596,O70.,1,71.7,2,592.4883333333333,1469.465,530.1291666666667,9736.846944444444,36
96597,O70.,1,71.7,3,964.908,2417.281428571429,710.1714285714286,18974.03942857143,35
96605,O70.,1,75.6,2,877.6106249999999,2284.174375,637.2522916666667,17649.785,48
96606,O70.,1,75.6,3,1380.218923076923,2367.448153846154,918.5459999999999,22395.762,65
96614,O70.,2,71.7,2,435.25966666666665,902.2373333333333,584.9503333333334,3650.3830000000003,30
96625,O70.,2,75.6,2,422.48393939393935,1143.0939393939393,433.59939393939396,4240.704545454545,33
96632,O70.,3,03.9,2,464.9995833333333,1509.9325,378.67,4753.760833333334,24
96647,O70.,3,71.7,2,583.7096385542169,830.5944578313253,557.9198795180723,3943.643734939759,83
96648,O70.,3,71.7,3,476.83666666666664,696.5652380952381,573.3492857142858,3796.677380952381,42
96657,O70.,3,73.5,2,556.927361111111,543.5597222222223,370.02944444444444,4466.410694444445,72
96658,O70.,3,73.5,3,497.6647826086956,544.5869565217391,414.8308695652174,4448.886956521739,23
96663,O70.,3,75.6,2,445.51522167487684,1051.4459113300493,576.1814285714286,4443.246502463055,203
96664,O70.,3,75.6,3,452.7300806451613,984.7911290322581,635.5778225806451,4512.596048387097,124
96671,O70.,4,71.7,3,1004.4445454545454,1424.2209090909091,529.1404545454545,16649.532727272726,22
96690,O70.,5,71.7,2,432.7352222222222,1200.3635555555556,597.9402222222222,4530.249444444445,90
96691,O70.,5,71.7,3,484.1691525423729,1408.4427118644066,596.272372881356,5171.60813559322,59
96704,O70.,5,73.5,2,750.2007407407407,2119.5750000000003,829.6416666666667,7894.866481481481,54
96705,O70.,5,73.5,3,719.64,2358.9493548387095,822.564193548387,8138.592258064516,31
96715,O70.,5,75.6,2,520.458058076225,1210.982105263158,530.6312885662433,5020.200653357532,551
96716,O70.,5,75.6,3,504.06828025477705,1283.4892993630574,540.7832484076433,4975.075,314
96731,O70.,6,71.7,2,382.9423684210526,1448.7794736842106,808.5671052631578,6223.135,38
96732,O70.,6,71.7,3,382.81977777777774,1562.148888888889,953.3428888888889,6931.474,45
96744,O70.,6,73.5,2,509.963064516129,1252.640483870968,718.9164516129032,7368.936129032258,62
96745,O70.,6,73.5,3,461.6089795918367,990.5073469387755,666.7985714285714,6236.582551020408,98
96752,O70.,6,75.6,2,498.6404701492537,1508.8627761194032,769.1330447761194,7646.317499999999,1340
96753,O70.,6,75.6,3,497.27772004241785,1541.7292895015905,848.6094167550372,8075.485917285259,943
96754,O70.,6,75.6,4,517.1121428571429,1630.7625,972.8357142857143,7163.337857142857,28
96784,O71.,2,75.6,2,424.8434375,1341.859375,385.7009375,4447.238125,32
96799,O71.,3,70.7,2,593.4115384615385,823.4384615384616,356.79538461538465,3829.601730769231,52
96800,O71.,3,70.7,3,584.1288,948.67,474.4336,3724.9488,25
96814,O71.,3,73.6,2,572.2434065934066,1055.8637362637364,777.1454945054945,5765.547252747253,91
96815,O71.,3,73.6,3,689.9324,967.3860000000001,949.2224000000001,6264.214400000001,25
96817,O71.,3,74.1,2,743.2466666666666,966.2597916666667,1261.8470833333333,6817.111250000001,48
96818,O71.,3,74.1,3,622.869393939394,1126.4727272727273,1095.9745454545455,6364.597878787879,33
96824,O71.,3,75.6,2,554.6069318181818,912.7664772727272,558.1509090909091,5135.9425,88
96825,O71.,3,75.6,3,537.8055813953488,1137.9883720930231,678.0709302325581,5032.554418604651,43
96864,O71.,5,73.6,2,504.8748484848484,1228.8775757575756,686.1760606060607,6273.009696969697,33
96867,O71.,5,74.1,2,648.2769863013699,1202.3812328767124,1122.5987671232879,7236.038630136985,73
96868,O71.,5,74.1,3,589.9658955223881,1290.2773134328359,1054.106641791045,7376.071641791044,134
96873,O71.,5,75.5,2,565.9969444444445,1093.2711111111112,614.8175,5443.9911111111105,36
96876,O71.,5,75.6,2,428.8197419354839,1312.039935483871,519.3549677419355,5859.529290322581,155
96877,O71.,5,75.6,3,412.50879999999995,1358.6468,621.1591999999999,6106.5246,50
96911,O71.,6,73.5,2,315.6953125,1128.1980208333332,434.0080208333333,6336.363854166667,96
96912,O71.,6,73.5,3,300.25307692307695,1187.298076923077,421.18730769230774,5968.597115384615,52
96914,O71.,6,73.6,2,580.5214285714286,1545.6491836734695,696.5860204081633,7349.545102040816,98
96915,O71.,6,73.6,3,545.0136170212766,1546.019574468085,574.012340425532,7250.017234042553,47
96917,O71.,6,74.1,2,1465.492,1756.7575555555554,1763.7953333333335,10803.142666666667,90
96918,O71.,6,74.1,3,1604.608823529412,1697.244663865546,1636.7732773109242,11305.30218487395,238
96924,O71.,6,75.5,2,572.7228947368421,1717.8081578947367,698.5657894736842,6621.344210526317,76
96925,O71.,6,75.5,3,615.2958536585367,1954.5780487804877,893.5614634146342,8939.543902439023,41
96928,O71.,6,75.6,2,525.1698878923767,1334.082533632287,599.4390134529148,6151.935919282511,446
96929,O71.,6,75.6,3,511.9298431372549,1398.8349411764705,724.5343529411765,6536.424392156862,255
96931,O71.,6,75.9,2,604.2253846153847,1798.9020512820512,1035.4697435897435,8590.690769230769,39
96932,O71.,6,75.9,3,494.9263636363636,1801.195909090909,714.3218181818182,9493.408636363636,22
97009,O72.,3,73.6,2,467.98375000000004,1335.433125,951.0637499999999,5533.715625,48
97013,O72.,3,74.1,2,830.0351063829787,1614.9276595744682,1893.631489361702,8931.017021276595,47
97014,O72.,3,74.1,3,804.51453125,1467.94671875,1800.5275000000001,8968.9028125,64
97083,O72.,5,73.5,2,577.8280952380952,1483.1785714285713,1274.902380952381,6880.351904761906,21
97087,O72.,5,73.6,2,614.9114285714286,1682.6885714285715,1084.2972727272727,7016.546103896105,77
97088,O72.,5,73.6,3,543.5106451612903,1419.351935483871,1300.185806451613,6749.727741935484,31
97091,O72.,5,74.1,2,989.5570588235295,1681.2788235294117,2062.1854901960787,9739.355980392156,102
97092,O72.,5,74.1,3,1269.0554782608697,2361.8388695652175,2536.8866086956523,12377.606869565217,115
97100,O72.,5,75.6,2,594.2399137931035,1561.6180172413792,1041.3139655172413,6732.915689655172,116
97101,O72.,5,75.6,3,638.4860714285714,1433.3480357142857,1210.44125,7430.961785714286,56
97150,O72.,6,73.5,2,599.984347826087,1664.164347826087,1324.0534782608695,8431.339565217391,23
97151,O72.,6,73.5,3,751.2635294117647,1969.024117647059,1396.3661764705882,10434.405588235293,34
97153,O72.,6,73.6,2,600.2526229508197,2094.318442622951,1311.5391803278687,9708.022868852458,122
97154,O72.,6,73.6,3,716.1922784810126,2125.137974683544,1352.2415189873418,10739.512531645569,79
97160,O72.,6,74.1,2,2075.8161904761905,2436.888707482993,2606.131632653061,13727.279455782313,147
97161,O72.,6,74.1,3,2344.074767441861,2950.812713178295,2745.548178294574,16237.722054263566,258
97175,O72.,6,75.6,2,621.1638732394366,1868.7563380281692,1288.540985915493,9253.526197183099,142
97176,O72.,6,75.6,3,741.1391911764705,1878.1842647058822,1225.6188235294119,9794.336544117647,136
97201,O73.,2,69.0,2,650.46,825.9777777777778,205.93644444444442,4501.554666666667,45
97231,O73.,3,74.1,2,1010.4227272727272,1322.3131818181819,1108.7868181818183,7420.446363636364,22
97263,O73.,5,73.6,2,524.0364864864864,1452.1145945945946,543.7843243243243,5458.007837837838,37
97265,O73.,5,74.1,2,650.1713793103448,1331.5193103448275,1244.286896551724,7173.0020689655175,29
97266,O73.,5,74.1,3,935.7291176470588,1755.6164705882352,1706.8488235294117,9404.56705882353,34
97291,O73.,6,69.0,2,409.8147826086956,1500.9221739130435,733.775652173913,6030.871739130434,23
97309,O73.,6,73.6,2,517.8846153846154,1704.89,838.806,7756.681846153846,65
97310,O73.,6,73.6,3,683.0178082191782,1814.7631506849314,873.432191780822,10965.54205479452,73
97313,O73.,6,74.1,2,1542.076976744186,1865.418488372093,1691.8,11857.28476744186,86
97314,O73.,6,74.1,3,1656.4796363636365,2053.161939393939,1892.2341212121212,11897.691757575756,165
97322,O73.,6,75.6,2,431.481935483871,1458.871129032258,758.5806451612904,7639.927741935484,62
97323,O73.,6,75.6,3,536.2330681818182,1566.7595454545453,712.7034090909091,9681.929659090909,88
97379,O80.,1,73.6,2,604.8604,1321.4048,727.118,9766.2464,25
97424,O80.,3,73.6,2,437.6281333333333,800.0861333333334,496.80640000000005,3728.3153333333335,75
97463,O80.,5,73.5,2,392.163,1145.8355,608.0465,4865.15,40
97467,O80.,5,73.6,2,411.74548192771084,1282.889156626506,544.5492168674699,4771.39048192771,166
97468,O80.,5,73.6,3,443.44767441860466,1282.119534883721,473.8172093023256,4678.658372093023,43
97491,O80.,6,73.5,2,579.1135294117647,1321.9258823529412,738.3744117647059,6593.123235294118,34
97492,O80.,6,73.5,3,473.9263333333334,1390.9286666666667,778.2023333333333,7953.6433333333325,30
97494,O80.,6,73.6,2,491.65285714285716,1443.9496571428572,794.9138857142857,7127.711542857143,175
97495,O80.,6,73.6,3,549.1222972972973,1557.0482432432434,959.5221621621622,9248.250945945945,74
97512,O82.,1,74.1,2,1004.1938095238095,1308.2095238095237,1155.0877777777778,14293.78507936508,63
97513,O82.,1,74.1,3,1111.7920833333335,1522.9433333333334,1205.7216666666666,21222.725416666664,24
97522,O82.,2,74.1,2,429.9359259259259,690.2185185185185,1173.8613888888888,5314.359074074075,108
97523,O82.,2,74.1,3,509.97275,809.8525,1222.125,5940.4662499999995,40
97530,O82.,3,74.1,2,543.0509795918367,856.3402857142856,1101.2588979591837,5640.373428571428,245
97531,O82.,3,74.1,3,531.6708653846154,819.4347115384616,1099.7589423076925,5612.609326923077,104
97533,O82.,4,74.1,2,930.0155172413794,1091.1041379310345,983.5603448275862,7800.004827586206,29
97541,O82.,5,74.1,2,731.8006837606838,1063.9291737891738,1169.367094017094,6579.466153846154,351
97542,O82.,5,74.1,3,760.7367619047619,1084.2058095238094,1219.0896190476192,6871.072952380952,105
97549,O82.,6,74.1,2,1068.2510317460317,1508.3339417989419,1623.8365608465608,10326.022698412698,378
97550,O82.,6,74.1,3,1170.6151515151514,1574.0418686868686,1802.0339393939396,11767.100808080808,198
97742,O98.,5,73.6,2,457.57238095238097,1218.814761904762,718.8361904761905,5542.197142857143,21
97745,O98.,5,74.1,2,800.2545454545455,1274.5967272727273,1347.1109090909092,7089.5356363636365,55
97775,O98.,6,73.6,2,484.171875,1657.4629166666666,943.17875,8018.84875,48
97776,O98.,6,73.6,3,609.0632142857143,1661.8525000000002,989.0760714285715,8403.1525,28
97778,O98.,6,74.1,2,1268.3679807692306,2054.4823076923076,1719.7422115384616,10892.271826923077,104
97779,O98.,6,74.1,3,1367.7578378378378,2465.5986486486486,1780.1951351351352,11763.460000000001,74
97783,O98.,6,75.6,2,455.46053333333333,1732.3396,862.2358666666667,8168.921066666666,75
97784,O98.,6,75.6,3,537.6340983606558,1785.6622950819672,958.9927868852459,9170.834426229509,61
97803,O99.,1,73.6,2,699.915,1389.2520833333335,514.7595833333334,9083.0825,24
97806,O99.,1,74.1,2,1150.9510416666667,1597.9529166666669,1275.5595833333334,16522.821458333332,48
97807,O99.,1,74.1,3,1378.764,1982.7893333333334,1412.9323333333334,19120.194,30
97815,O99.,2,,2,263.0447619047619,794.5238095238095,347.16238095238094,1945.3261904761905,21
97833,O99.,2,74.1,2,598.7912727272727,910.3398181818183,1361.4101818181819,6009.622363636363,55
97834,O99.,2,74.1,3,542.3865517241379,804.081724137931,1057.1375862068965,6225.701379310345,29
97865,O99.,3,71.7,2,500.18629629629635,825.8762962962963,509.05185185185184,4331.88074074074,27
97875,O99.,3,73.5,2,437.1582142857143,703.725,523.5078571428571,4758.219285714285,28
97879,O99.,3,73.6,2,487.6547142857143,987.7002857142858,558.4507142857143,4767.058285714286,70
97883,O99.,3,74.1,2,583.7396164383562,966.4304383561644,1079.7298630136986,6067.115150684931,365
97884,O99.,3,74.1,3,550.9301069518717,999.1879144385027,1069.564331550802,6278.37935828877,187
97891,O99.,3,75.6,2,504.25351351351355,1064.304054054054,552.0718918918919,4867.637027027027,37
97892,O99.,3,75.6,3,424.50590909090903,1166.9136363636362,675.5286363636363,4882.424090909091,22
97906,O99.,4,74.1,2,1059.2066666666667,1338.442857142857,979.6147619047618,9579.164285714287,21
97943,O99.,5,73.5,2,405.30767857142854,1059.57,610.8119642857143,4862.825,56
97944,O99.,5,73.5,3,416.96914285714286,1203.012857142857,731.1657142857142,5438.669142857142,35
97947,O99.,5,73.6,2,474.57539906103284,1234.1994366197182,607.4693427230047,5316.786384976525,213
97948,O99.,5,73.6,3,459.467397260274,1382.1742465753425,624.4445205479452,5371.344931506849,73
97952,O99.,5,74.1,2,760.9108914728682,1281.9738759689924,1351.90007751938,7216.367325581396,516
97953,O99.,5,74.1,3,908.6836885245901,1399.8280737704918,1448.9790573770492,7728.633770491803,244
97954,O99.,5,74.1,4,718.8371428571429,1153.4980952380952,1515.402380952381,7409.105714285714,21
97959,O99.,5,75.6,2,433.3007471264368,1199.3258620689655,687.6958045977012,5712.740632183908,174
97960,O99.,5,75.6,3,437.0074468085106,1053.784574468085,658.7570212765958,5480.404574468085,94
97964,O99.,6,,2,356.3465714285714,2308.5945714285713,936.6874285714285,6378.958857142857,35
97965,O99.,6,,3,516.7665853658536,2758.3739024390243,1354.0065853658537,7274.623902439025,41
98017,O99.,6,73.5,2,592.131224489796,1365.4112244897958,719.4867346938776,6320.195102040816,49
98018,O99.,6,73.5,3,598.5689552238806,1343.7516417910447,694.9225373134328,7822.68447761194,67
98021,O99.,6,73.6,2,525.7094047619048,1608.883630952381,670.8992857142857,7400.878809523809,336
98022,O99.,6,73.6,3,573.4286792452831,1606.7892452830188,676.5810062893082,8676.431257861635,159
98030,O99.,6,74.1,2,1377.4375630252102,1930.258366013072,1596.816461251167,10448.334267040149,1071
98031,O99.,6,74.1,3,1461.9054587155963,2200.105871559633,1746.916009174312,11958.989736238533,872
98032,O99.,6,74.1,4,1556.108431372549,2408.6666666666665,2408.263725490196,13229.92294117647,51
98044,O99.,6,75.6,2,509.5619436619718,1674.2858591549295,807.2683943661973,8508.653070422535,355
98045,O99.,6,75.6,3,505.0166766467066,1532.6897005988023,774.7515269461078,8600.872964071856,334
98122,P05.,6,99.8,0,444.3607317073171,5453.721951219512,607.6500000000001,10904.437073170731,41
98125,P07.,3,,0,424.6378846153847,1946.1498076923076,1134.0282692307692,8514.808461538461,52
98133,P07.,5,,0,579.3853787878787,2750.633181818182,1253.7166666666667,9556.15840909091,132
98145,P07.,5,99.8,0,408.55584905660373,2849.7503773584904,1100.9401886792452,9954.534905660377,53
98146,P07.,6,,0,441.03125,4905.538970588235,1412.6869117647059,13014.883088235294,136
98151,P07.,6,38.9,0,1150.764623655914,6489.838602150538,3203.1005376344083,23411.517311827956,93
98162,P07.,6,89.5,0,403.3015,4506.8862500000005,875.751,11691.817500000001,40
98165,P07.,6,93.9,0,1777.5671884057972,11692.769507246378,6814.097130434782,44217.84579710145,345
98168,P07.,6,96.0,0,2100.475,12888.533695652175,11777.307391304348,51575.74804347826,46
98170,P07.,6,96.7,0,3728.144635416667,23158.8971875,15726.455416666666,86970.18171875,192
98174,P07.,6,99.2,0,774.7867741935484,4611.948387096774,1401.2467741935484,15432.217741935483,31
98176,P07.,6,99.8,0,547.5220317460318,4330.08146031746,987.3990476190477,12284.684190476191,315
98201,P21.,3,,0,284.3476923076923,2196.4507692307693,957.6823076923077,7229.072307692308,26
98208,P21.,5,,0,373.21513513513514,2509.2527027027027,800.01,7638.869729729729,37
98215,P21.,6,,0,408.6428125,4125.3415625,1143.6924999999999,11114.559375,32
98224,P21.,6,93.9,0,985.6343478260869,4204.025217391304,2408.5695652173913,18298.494347826087,23
98229,P21.,6,99.8,0,443.03818181818184,4498.162424242424,854.1254545454545,11712.555757575758,33
98234,P22.,3,,0,358.71260869565214,2658.270434782609,2323.771304347826,9391.857826086956,23
98243,P22.,5,,0,550.8751282051282,2660.637948717949,4268.482820512821,12150.994871794872,39
98247,P22.,5,93.9,0,802.6686486486487,5548.617567567568,5260.915675675676,19146.686486486487,37
98253,P22.,6,,0,427.94157894736844,2763.073859649123,1344.702105263158,9905.795438596491,57
98266,P22.,6,93.9,0,817.7426075268817,7508.219112903226,5245.818198924731,25931.238924731184,372
98269,P22.,6,96.0,0,1519.3826785714286,11213.44267857143,12784.756875000001,41685.17607142857,112
98271,P22.,6,96.7,0,1751.1664897959183,10415.081224489795,12918.29093877551,45758.08897959184,245
98275,P22.,6,99.8,0,454.2192,5617.2924,1970.1403999999998,13797.1392,25
98280,P23.,2,,0,524.271111111111,1447.2722222222221,931.6466666666666,7941.92962962963,54
98282,P23.,3,,0,307.0638695652174,1623.7224782608696,909.1451739130434,7028.938173913044,230
98288,P23.,3,93.9,0,347.0126315789474,2463.5342105263157,1254.996842105263,7581.267368421052,38
98294,P23.,4,,0,290.1790909090909,2845.0704545454546,587.4231818181818,6534.774545454546,22
98300,P23.,5,,0,938.774089456869,2345.9962619808307,725.5830670926517,8112.996869009585,626
98308,P23.,5,89.6,0,443.0941379310345,2638.362068965517,409.5065517241379,7787.476896551725,29
98311,P23.,5,93.9,0,398.95252427184465,2596.6688349514566,929.6455339805826,9522.74495145631,103
98318,P23.,5,99.8,0,290.0551515151515,2544.2633333333333,786.6509090909091,9236.726868686868,99
98319,P23.,6,,0,400.6827906976744,3302.3371162790695,1103.0528062015505,9891.462232558139,645
98320,P23.,6,03.3,0,568.5265,5288.029333333334,1476.2798333333333,13990.175,60
98321,P23.,6,16.2,0,521.2069841269841,4989.440317460318,1037.962380952381,10954.210317460318,63
98327,P23.,6,38.9,0,658.0858415841584,4447.510099009901,1244.370396039604,12586.305445544556,101
98330,P23.,6,87.4,0,529.2106382978724,3969.597659574468,628.3665957446808,9192.562127659574,47
98332,P23.,6,88.7,0,369.2128947368421,4984.985789473684,645.1586842105263,10502.987631578948,38
98334,P23.,6,89.1,0,422.195,5893.418846153847,1246.6661538461537,12546.146923076923,26
98335,P23.,6,89.5,0,356.0742857142857,3608.498469387755,934.1621938775511,10465.093928571428,196
98336,P23.,6,89.6,0,382.89598837209303,5618.074244186047,801.5573255813954,11308.322906976744,172
98337,P23.,6,89.7,0,368.4359375,5556.12,838.89875,11091.2375,32
98342,P23.,6,93.9,0,705.7340643274854,5168.10918128655,1709.478874269006,15269.486359649123,684
98345,P23.,6,96.0,0,803.3460465116278,5250.1239534883725,2586.1376744186045,18182.495348837212,43
98347,P23.,6,96.7,0,1305.6782325581396,10435.979441860465,5161.721534883721,31499.43362790698,215
98350,P23.,6,99.2,0,482.38338983050846,3306.3424999999997,652.873347457627,9386.313347457628,236
98352,P23.,6,99.8,0,411.2738888888889,3949.832895622896,731.6684511784512,9872.976144781145,594
98359,P24.,5,,0,881.4026666666666,2394.717733333333,640.0721333333332,8235.7696,75
98367,P24.,6,,0,433.47236842105264,3068.9280263157893,784.5052631578948,8712.996842105264,76
98377,P24.,6,93.9,0,756.2320689655172,5079.2,1598.7827586206895,15616.71448275862,29
98381,P24.,6,96.7,0,1324.9638461538461,10293.360769230769,10742.642307692307,37703.14692307693,26
98415,P28.,6,93.9,0,599.8136666666667,8044.403333333334,1903.9706666666668,20244.515333333333,30
98450,P36.,5,,0,609.4459016393442,2372.5042622950823,978.0595081967213,7365.467704918034,61
98461,P36.,6,,0,442.9767123287671,3530.509589041096,1128.251095890411,9576.48698630137,73
98462,P36.,6,03.3,0,613.7331159420289,6724.877173913043,1856.392463768116,16516.550579710143,138
98471,P36.,6,89.5,0,339.5121875,7319.3509375,1622.921875,14297.5534375,32
98475,P36.,6,93.9,0,1086.7951851851851,8426.442222222222,5066.813148148148,25558.664999999997,54
98480,P36.,6,96.7,0,2040.091777777778,14816.558222222222,11070.586666666668,47412.54711111111,45
98484,P36.,6,99.8,0,623.2254716981133,5468.6900000000005,1307.4937735849057,13479.987358490565,53
98524,P39.,6,99.2,0,593.1978260869565,3542.6521739130435,565.1273913043478,9947.118260869565,23
98525,P39.,6,99.8,0,506.94882978723405,2357.906595744681,413.6391489361702,7537.263404255319,94
98564,P55.,5,,0,1347.6804166666668,1911.2958333333333,565.63,6560.5233333333335,24
98566,P55.,6,,0,353.71066666666667,2631.681777777778,1011.5762222222222,8359.355333333333,45
98574,P55.,6,99.8,0,492.16522727272724,3207.510909090909,711.0574242424243,8053.867272727272,132
98586,P59.,2,,0,228.79921568627452,452.5882352941176,87.1135294117647,2613.6101960784313,51
98587,P59.,3,,0,613.6433333333333,833.6015789473685,274.6933333333333,3562.822456140351,57
98589,P59.,3,99.8,0,317.3652173913043,1563.1304347826087,124.02217391304349,2947.2221739130437,23
98592,P59.,5,,0,726.4189705882353,1679.5963235294118,254.61117647058825,4932.022867647059,136
98593,P59.,5,89.5,0,219.46173913043478,947.9539130434782,165.01695652173913,4447.29,23
98598,P59.,5,99.8,0,444.3001639344262,1781.7508196721312,239.04688524590165,5193.620163934426,61
98599,P59.,6,,0,307.77484848484846,2294.0409090909093,344.3518181818182,6205.163878787879,165
98601,P59.,6,16.2,0,320.8847619047619,3793.747619047619,501.58857142857147,7615.998095238095,21
98608,P59.,6,89.5,0,292.384,2860.0183999999995,315.84,6874.8388,25
98613,P59.,6,95.1,0,426.3116129032258,2841.4225806451614,487.4038709677419,8658.294838709679,31
98616,P59.,6,99.0,0,669.3577272727273,4117.243181818181,628.9395454545455,11286.905454545455,22
98619,P59.,6,99.8,0,447.40356265356263,2258.8553316953316,273.995257985258,6022.167469287469,407
98639,P70.,5,,0,563.1222727272727,1774.35,214.50045454545455,4897.015,22
98644,P70.,6,,0,357.8441935483871,3586.4206451612904,543.7777419354838,8287.517741935484,31
98657,P70.,6,99.8,0,649.5727586206897,3591.1263793103453,447.6289655172414,8373.509827586207,58
98690,P77.,6,38.9,0,2586.9778260869566,9714.43043478261,5604.507826086956,31242.931739130432,23
98709,P77.,6,99.8,0,750.4380952380952,5336.699047619048,2248.6590476190477,15453.294761904763,21
98720,P78.,6,,0,347.3575,3536.6579166666666,811.0108333333334,8171.177500000001,24
98760,P83.,6,61.4,0,853.0034615384616,1061.68,461.8842307692308,5080.683461538461,26
98867,Q10.,6,08.3,0,690.6145454545455,852.2861818181818,502.2241818181819,7312.325454545455,55
98964,Q17.,6,18.2,0,665.308,1138.587,434.6727142857143,6587.081571428572,70
98969,Q17.,6,18.7,0,1872.402,1033.952,770.6962857142856,20949.365714285716,35
98970,Q17.,6,18.7,1,2114.4696551724137,1028.1131034482758,1002.596551724138,23377.33724137931,29
99013,Q18.,6,18.2,0,725.8484146341464,1168.3634146341465,715.7263414634147,6204.2895121951215,82
99014,Q18.,6,18.2,1,753.1154761904761,1244.9016666666666,851.5114285714286,5955.290238095238,42
99015,Q18.,6,18.2,2,926.0538095238096,1309.9033333333334,929.0804761904761,6233.493809523809,21
99034,Q18.,6,29.2,0,610.7179166666666,1480.0175,559.85,6440.256666666667,24
99044,Q18.,6,29.5,0,935.8997222222222,1482.1844444444444,584.0577777777778,7363.159166666666,36
99073,Q20.,6,35.5,5,20693.495185185184,4675.055555555556,1904.537037037037,37339.044444444444,27
99144,Q21.,6,35.5,0,17557.863529411763,4871.265798319328,1235.9704201680672,38432.58718487395,238
99145,Q21.,6,35.5,1,20816.958734177217,3670.5520253164555,878.816582278481,34266.16506329114,79
99146,Q21.,6,35.5,2,19090.105157894737,4760.780421052632,1393.9757894736842,34856.37452631579,95
99147,Q21.,6,35.5,3,16791.448174603178,4695.63007936508,1276.5237301587301,33777.4553968254,126
99148,Q21.,6,35.5,4,23623.403519553074,4515.124022346368,1182.0315083798882,37498.32698324022,179
99149,Q21.,6,35.5,5,23435.322733812947,4891.448417266187,1539.7640287769784,37935.88237410072,278
99150,Q21.,6,35.5,6,21879.27623655914,5999.420000000001,2150.180322580645,38454.78698924731,93
99151,Q21.,6,35.5,8,24923.10720930233,6827.245116279069,4004.046046511628,44741.11,43
99153,Q21.,6,35.6,0,13308.031025641027,12266.662051282052,4138.674871794872,55033.35012820512,78
99160,Q21.,6,35.7,0,13471.465185185185,7980.401481481481,2913.5618518518518,41808.07814814815,27
99315,Q24.,5,88.5,4,901.9608571428572,2424.1465714285714,728.5748571428571,7023.325428571429,35
99316,Q24.,5,88.5,5,988.5473333333333,2594.120888888889,797.4855555555555,7497.934444444444,90
99317,Q24.,5,88.5,6,1185.7394736842105,2539.4723684210526,1259.8573684210526,8169.372105263158,38
99318,Q24.,5,88.5,8,953.5903703703704,2770.355555555556,1191.0281481481481,8302.03185185185,27
99327,Q24.,6,,5,342.86041666666665,4838.579166666666,1231.1058333333333,7421.214166666666,24
99386,Q24.,6,88.5,3,862.8857142857142,2670.095238095238,611.3090476190476,7866.998571428571,21
99387,Q24.,6,88.5,4,999.1717333333333,2680.4123999999997,884.2354666666668,8085.569333333333,75
99388,Q24.,6,88.5,5,1044.9513475177305,2794.0454609929075,869.0078014184397,8233.510638297872,141
99389,Q24.,6,88.5,6,953.4467708333333,3088.1786458333336,1147.0673958333334,9049.493541666667,96
99390,Q24.,6,88.5,8,968.4862857142856,3523.3274285714288,1497.4551428571428,9758.171857142857,70
99454,Q25.,6,39.7,0,18469.861153846156,3435.8729807692307,771.8567307692308,35051.82673076923,104
99519,Q27.,6,39.9,0,628.7596296296297,1550.7407407407406,1126.8214814814814,10451.782592592594,27
99621,Q28.,6,39.7,4,27273.173181818183,4872.949545454546,4242.787727272727,56537.29318181818,22
99622,Q28.,6,39.7,5,9648.317142857142,5982.439795918367,4117.0287755102045,28783.27306122449,49
99623,Q28.,6,39.7,6,13331.686578947369,6632.526315789473,6148.071315789473,35810.271315789476,38
99678,Q33.,6,32.4,0,3185.7635714285716,2370.0266666666666,3139.2611904761907,25970.911904761906,42
99698,Q35.,6,27.6,0,908.3955339805826,984.3043689320389,668.4242718446602,10279.734466019416,103
99704,Q36.,6,27.5,0,1531.2964179104479,879.5582089552239,727.3326865671642,15542.778358208956,67
99720,Q38.,6,25.9,0,475.36740458015265,691.946030534351,307.80236641221376,3386.030610687023,131
99796,Q43.,6,45.6,0,2389.748076923077,3091.816153846154,3095.3457692307693,20612.058846153846,26
99817,Q43.,6,54.3,0,819.2857142857143,1153.0610714285715,605.7367857142857,6566.853214285715,28
99930,Q51.,6,68.2,2,1159.3826530612246,1778.9030612244899,812.4269387755102,8024.502653061225,49
99931,Q51.,6,68.2,3,1215.5484444444444,1685.1386666666667,659.5888888888888,7983.536222222222,45
100007,Q53.,5,62.5,0,498.8471111111111,945.3662222222223,414.8471111111111,4919.849111111111,45
100017,Q53.,6,62.0,0,1900.9164285714287,1234.9424999999999,396.32214285714286,9377.86,28
100029,Q53.,6,62.5,0,1087.5342669584245,928.9938730853391,501.745579868709,7004.269037199125,457
100030,Q53.,6,62.5,1,1198.5728846153847,1243.1844230769232,692.6501923076922,7434.3957692307695,52
100041,Q54.,6,58.4,0,1689.7904324324322,944.1661081081081,1491.539837837838,16422.024216216218,185
100069,Q55.,6,62.5,0,813.8695744680851,789.3565957446809,586.7417021276596,7254.058723404256,47
100075,Q55.,6,64.4,0,1111.846345177665,765.3169543147209,1042.0060913705584,10922.208020304568,197
100076,Q55.,6,64.4,1,1104.795945945946,1069.6208108108108,1148.8302702702704,10142.604594594595,37
100150,Q62.,6,55.8,0,4814.109756097561,2457.9224390243903,2208.0239024390244,29892.72780487805,41
100271,Q65.,6,79.8,0,5351.37875,2716.84375,1096.229375,34101.046875,32
100317,Q67.,6,34.7,1,19201.97884615385,2308.0042307692306,1937.9976923076924,38373.70923076923,26
100361,Q69.,6,84.0,0,965.1188554216868,951.1082530120482,467.7810240963855,6969.143253012048,166
100366,Q69.,6,84.1,0,837.3305405405405,1019.2772972972973,496.4843243243243,8578.544864864863,37
100369,Q69.,6,86.2,0,1404.3035897435896,1024.3539743589743,430.09076923076924,8058.132051282052,78
100401,Q70.,6,86.8,0,1553.1944897959183,1075.0920408163265,726.2975510204082,12993.74387755102,49
100555,Q82.,6,99.8,0,501.01863636363635,40.81818181818182,640.0630681818183,7585.913295454546,88
100583,Q83.,6,85.2,2,1021.1367741935485,1601.7425806451613,711.1574193548388,7097.148709677419,31
100584,Q83.,6,85.2,3,1088.371956521739,1688.1169565217392,964.2967391304348,7200.142391304347,46
100585,Q83.,6,85.2,4,1054.02625,2031.245625,959.599375,7154.9521875,32
100671,Q85.,6,32.2,4,13173.23695652174,4489.369565217391,3197.882173913043,31066.924347826087,23
100672,Q85.,6,32.2,5,13677.145333333332,5376.647,3147.504,32067.977333333332,30
100789,Q89.,6,06.7,0,1098.2714444444443,1553.8566666666668,719.8706666666667,8442.22288888889,90
100790,Q89.,6,06.7,1,919.0009090909091,1470.7772727272727,811.5768181818181,6981.842272727273,22
100791,Q89.,6,06.7,2,2090.980789473684,1883.6657894736843,1409.4439473684208,10230.001842105263,38
100792,Q89.,6,06.7,3,1601.5894285714285,2032.4957142857145,1228.318,9786.299714285715,35
100793,Q89.,6,06.7,4,1768.998214285714,2288.8964285714287,1675.0560714285714,10619.289642857142,28
100794,Q89.,6,06.7,5,1612.6345454545453,2062.2595454545453,1350.9511363636364,9982.610909090909,44
101012,R04.,5,,8,408.5566666666667,1543.2952380952381,991.5676190476191,4296.800952380952,21
101020,R04.,5,21.0,4,537.3991666666667,1085.43,576.8133333333333,3531.9045833333334,24
101021,R04.,5,21.0,5,688.8966666666668,1225.6425000000002,648.7574999999999,3818.6068333333333,60
101022,R04.,5,21.0,6,750.021923076923,1286.151923076923,586.3153846153847,3807.393076923077,52
101023,R04.,5,21.0,8,696.1540789473684,1310.4743421052633,525.7472368421053,3747.3151315789473,76
101024,R04.,5,21.0,9,651.8122580645162,1196.406451612903,387.05064516129033,3318.0751612903227,31
101077,R04.,6,21.0,1,1044.3288461538461,1056.0673076923076,489.6705769230769,4050.873461538462,52
101078,R04.,6,21.0,2,1051.9718421052632,1321.5944736842105,812.6492105263158,5308.263684210526,38
101079,R04.,6,21.0,3,1147.6511627906978,1040.8716279069768,956.0837209302325,5247.106046511628,43
101080,R04.,6,21.0,4,1107.4606779661017,1253.8583050847458,885.6388135593221,5399.01593220339,59
101081,R04.,6,21.0,5,975.2443410852713,1157.5401550387596,746.8972093023257,4638.508914728683,129
101082,R04.,6,21.0,6,963.7352525252525,1240.4315151515152,794.2121212121212,4827.698181818182,99
101083,R04.,6,21.0,8,1015.811978021978,1351.6843956043956,717.3634065934066,5060.9026373626375,91
101084,R04.,6,21.0,9,1017.6915909090909,1417.904318181818,655.5584090909091,4960.5027272727275,44
101256,R06.,6,27.6,0,1602.6058064516128,1838.2548387096774,1402.501935483871,9247.14193548387,31
101348,R07.,6,88.5,4,1086.5460869565218,3501.489565217391,1025.2417391304348,9206.752608695651,23
101349,R07.,6,88.5,5,1080.6703773584904,3024.7456603773585,922.8428301886792,8633.54641509434,53
101350,R07.,6,88.5,6,1329.4054545454544,3519.3281818181817,1214.699090909091,9849.600909090908,22
101432,R09.,6,88.5,5,793.7364516129032,2716.278064516129,981.4858064516129,8139.103548387096,31
101527,R10.,6,,8,397.5932,3654.8552,1591.1488,7209.916799999999,25
101528,R10.,6,,9,351.855625,4170.6228125,2115.839375,8586.9765625,32
101774,R18.,6,54.9,5,985.6948148148149,3252.6,2100.705185185185,9229.16888888889,27
101776,R18.,6,54.9,8,781.2792307692308,4847.808461538461,3484.424615384615,13610.673846153846,26
102251,R22.,6,83.3,5,1312.9721621621622,2207.4621621621623,1025.1816216216216,7935.5427027027035,37
102270,R22.,6,86.3,0,722.2488095238095,1326.6233333333334,483.61404761904765,6164.275714285714,42
102272,R22.,6,86.3,2,854.8451724137931,1299.5627586206897,380.2910344827586,4840.823793103449,29
102273,R22.,6,86.3,3,1006.1234146341462,1408.1180487804877,474.7936585365854,5396.289756097561,41
102274,R22.,6,86.3,4,935.4790740740741,1798.623148148148,738.7901851851851,6192.8057407407405,54
102275,R22.,6,86.3,5,1039.3874666666666,2282.2028,952.6254666666667,7321.041066666666,75
102276,R22.,6,86.3,6,935.050909090909,2157.785681818182,1008.4202272727272,7283.847045454546,44
102277,R22.,6,86.3,8,591.7348000000001,1947.6344,792.3924000000001,6363.4604,25
103051,R55.,5,,8,288.37857142857143,3490.2321428571427,889.1446428571429,5923.613928571429,28
103085,R55.,6,,5,319.1242105263158,4762.982631578947,561.4892105263158,6751.117894736843,38
103086,R55.,6,,6,288.7117647058824,5369.615882352941,1312.49,8628.023235294117,34
103087,R55.,6,,8,328.24833333333333,5479.26619047619,1892.6480952380953,9457.93738095238,42
103088,R55.,6,,9,307.9104,5658.908,1826.5828,10111.9812,25
103202,R56.,6,,0,284.3672972972973,1444.5663063063064,633.6517117117116,3460.611981981982,111
103208,R56.,6,03.3,0,452.0183544303797,3336.456962025316,1114.8911392405062,6980.155443037975,79
103220,R56.,6,89.5,0,295.23318181818183,2148.5950000000003,725.6086363636364,4459.128181818182,22
103227,R56.,6,93.9,0,327.1793548387097,2407.121935483871,926.3667741935484,5379.525483870968,31
103234,R56.,6,99.2,0,360.30107142857145,2004.8821428571428,443.4921428571429,4090.2903571428574,28
103755,R59.,6,40.1,3,1155.0578260869565,3917.391304347826,896.2360869565217,8353.796086956521,23
103757,R59.,6,40.1,5,1303.2075609756098,5017.131707317073,1154.87,9806.849512195122,41
103765,R59.,6,40.2,4,1161.6836,5412.531999999999,1221.0496,11532.4064,25
103766,R59.,6,40.2,5,1289.21,2641.633055555556,1095.6194444444445,8630.780833333332,36
103869,R61.,1,05.0,2,1192.075909090909,2043.75,817.9090909090909,17901.32590909091,22
103879,R61.,6,05.0,2,1559.3431818181816,1746.5774242424243,1129.2959090909092,12331.502121212121,66
104146,R90.,6,,5,408.06652173913045,4116.218695652174,2112.893043478261,8394.942173913045,46
104147,R90.,6,,6,371.6969090909091,5183.642181818182,2067.164181818182,9294.332181818183,55
104148,R90.,6,,8,417.3334210526316,4666.259736842105,3150.4726315789476,10584.955263157894,38
104149,R90.,6,,9,600.5315999999999,6206.5836,4303.8888,15452.228799999999,25
104162,R90.,6,01.5,5,12493.285000000002,9258.872083333334,10407.54125,58733.90041666667,24
104261,R91.,1,33.2,5,1323.994,400.75199999999995,208.364,3355.486,25
104356,R91.,5,,5,280.0932258064516,2914.4709677419355,874.0312903225807,5244.734193548387,31
104357,R91.,5,,6,296.53035714285716,2855.4610714285714,1320.4542857142858,5864.888571428572,28
104358,R91.,5,,8,293.5053448275862,3095.0689655172414,1445.7818965517242,6079.313620689655,58
104359,R91.,5,,9,397.27264705882357,2965.3185294117648,2020.4914705882354,7183.127941176471,34
104376,R91.,5,33.2,5,521.7669696969697,3638.0666666666666,1129.4327272727273,7265.8078787878785,33
104377,R91.,5,33.2,6,508.849,4018.1440000000002,1841.8829999999998,8782.184799999999,50
104378,R91.,5,33.2,8,595.7297727272727,3614.0636363636363,1607.1759090909093,8009.368409090909,44
104416,R91.,6,,4,406.40371428571433,4094.3537142857144,1192.162857142857,7245.646285714286,35
104417,R91.,6,,5,388.15725663716813,3917.407168141593,1252.4353097345133,6859.636460176992,113
104418,R91.,6,,6,391.2726229508197,4146.349016393443,1361.5006557377048,7320.21975409836,122
104419,R91.,6,,8,400.61476923076924,4633.800615384615,1733.6895384615386,8588.88523076923,130
104420,R91.,6,,9,428.76087719298243,4346.798947368421,2275.589298245614,9096.237543859648,57
104443,R91.,6,32.2,5,9415.551428571429,5642.089464285715,2844.223214285714,37816.35375,56
104444,R91.,6,32.2,6,8242.207586206896,5168.231379310345,2828.108620689655,32861.01724137931,29
104450,R91.,6,32.3,5,10242.78303030303,5839.248787878788,3260.3618181818183,44160.96212121212,33
104457,R91.,6,32.4,5,10748.363076923077,6143.616153846154,3151.605384615385,53119.02384615384,26
104458,R91.,6,32.4,6,10787.44,6556.4292000000005,4928.648,53165.865999999995,25
104464,R91.,6,33.2,3,1473.5339999999999,6700.25,1677.8328,12355.51,25
104465,R91.,6,33.2,4,1136.5297333333333,5324.3992,1431.0918666666666,10251.614000000001,75
104466,R91.,6,33.2,5,945.4464035087719,5366.241710526317,1485.9683333333335,10020.515087719297,228
104467,R91.,6,33.2,6,852.1927433628318,5430.880132743362,1650.3673008849557,10352.868318584071,226
104468,R91.,6,33.2,8,1056.7519339622643,5465.61537735849,1890.3588679245283,10900.082688679244,212
104469,R91.,6,33.2,9,1176.221111111111,5338.758444444445,2255.581111111111,11613.535333333333,45
104729,R93.,5,,6,306.81,3139.768125,1598.3521875,6012.015625,32
104730,R93.,5,,8,281.21458333333334,3096.8231250000003,1347.5195833333335,5941.990000000001,48
104807,R93.,6,,5,423.37288888888884,3762.0575555555556,2334.5331111111113,7918.595111111112,45
104808,R93.,6,,6,404.50433333333336,4204.733166666667,1967.4948333333334,7737.972666666667,60
104809,R93.,6,,8,467.62337837837833,4199.707297297297,1711.893108108108,7682.522297297298,74
104810,R93.,6,,9,395.5722448979592,4415.644081632653,2297.297755102041,9007.18530612245,49
104961,R93.,6,68.2,3,1307.204516129032,1753.5338709677421,826.1987096774194,6957.215161290323,31
105501,S01.,6,27.5,0,823.3412903225806,1292.4367741935484,633.897741935484,6612.657419354839,31
105533,S01.,6,86.2,0,1368.9141509433962,833.3733962264151,547.4088679245283,6169.130754716981,53
105538,S01.,6,86.2,5,1313.0585714285714,2248.0682142857145,2728.261785714286,12167.235357142858,28
105554,S01.,6,86.7,0,548.8728260869566,423.245652173913,370.14521739130436,3977.7817391304347,46
105722,S02.,5,21.7,1,654.0371875,1243.511875,1326.5771875,5530.4109375,32
105723,S02.,5,21.7,2,860.1926086956522,941.7965217391304,1232.9678260869564,5523.113043478261,23
105726,S02.,5,21.7,5,1105.0031818181817,1751.8363636363638,2261.0163636363636,8243.72090909091,22
105835,S02.,6,21.7,0,697.0804411764706,1049.6589705882352,629.3457352941177,4749.29044117647,68
105836,S02.,6,21.7,1,847.30734375,1156.42109375,913.986640625,5258.16984375,128
105837,S02.,6,21.7,2,878.2085263157894,1155.387894736842,1092.2712631578947,5398.8088421052635,95
105838,S02.,6,21.7,3,1111.6566216216215,1177.5705405405406,1185.0508108108108,6389.832567567568,74
105839,S02.,6,21.7,4,1110.7376119402984,1544.8744776119402,1331.3376119402985,6801.067014925373,67
105840,S02.,6,21.7,5,1097.5426785714285,1580.6005357142858,1456.65875,7153.938035714285,56
105882,S02.,6,76.7,1,17077.377441860466,6270.613488372093,2905.6267441860464,36262.39744186047,43
105883,S02.,6,76.7,2,15215.214383561643,4135.551095890411,2845.41301369863,31820.902465753425,73
105884,S02.,6,76.7,3,18729.366455696203,6019.01746835443,3649.2162025316456,41744.89037974683,79
105885,S02.,6,76.7,4,15270.232923076923,4259.982153846155,3297.242307692308,33931.68846153846,65
105886,S02.,6,76.7,5,20172.95859375,4731.37828125,3976.248359375,40508.139921875,128
105887,S02.,6,76.7,6,19649.984615384616,5916.363076923077,5192.1466666666665,43156.248717948714,39
106122,S05.,6,11.5,0,1186.8703703703704,1124.3874074074074,917.724074074074,7154.083333333333,27
106126,S05.,6,11.5,4,1144.493333333333,1433.6148148148147,934.0496296296296,7400.388518518518,27
106127,S05.,6,11.5,5,1481.746923076923,1344.3384615384614,1072.5651282051283,7648.954615384615,39
106192,S05.,6,14.7,5,4567.987551020407,1527.2591836734694,1257.854081632653,13854.966734693877,49
106193,S05.,6,14.7,6,4206.926176470588,1681.7735294117647,886.514411764706,12422.681470588235,34
106225,S05.,6,16.8,5,1520.085,1819.2425,1562.36625,8815.538333333332,24
106319,S06.,3,,4,449.7741666666667,2879.418888888889,4095.755555555556,11826.522777777778,36
106320,S06.,3,,5,601.7897647058824,3485.691764705882,4911.740823529412,14669.561647058823,85
106321,S06.,3,,6,901.6003174603176,3976.253333333333,5802.239365079366,16953.432857142856,63
106322,S06.,3,,8,1361.16859375,4481.6703125,5273.61765625,16337.093125,64
106323,S06.,3,,9,710.4121428571428,3976.925,3712.0688095238093,17307.06357142857,42
106329,S06.,3,01.2,5,17143.613902439025,11994.03731707317,15469.666829268292,72477.94146341464,41
106331,S06.,3,01.2,8,16289.315,11464.035416666666,14880.907916666669,68328.67791666667,24
106432,S06.,3,86.5,5,599.5066666666668,4935.080952380952,4409.2585714285715,13494.040952380952,21
106586,S06.,5,,3,370.87323529411765,3628.3535294117646,4934.092941176471,12940.290882352941,34
106587,S06.,5,,4,698.5108450704226,4043.3015492957743,5451.996197183098,15203.85394366197,71
106588,S06.,5,,5,488.36192307692306,3883.897307692308,5143.62010989011,13512.717637362637,182
106589,S06.,5,,6,677.2923225806452,4652.060258064516,5886.486838709678,17000.131354838708,155
106590,S06.,5,,8,503.121717791411,4350.873067484663,5306.330920245399,15277.160920245398,163
106591,S06.,5,,9,488.8230769230769,4331.569038461538,5315.755,14946.937980769231,104
106600,S06.,5,01.2,4,11360.704333333333,9003.848333333333,12153.465666666665,53470.44033333333,30
106601,S06.,5,01.2,5,14713.254444444445,10374.0825,15072.661805555554,63803.85902777777,72
106602,S06.,5,01.2,6,12100.09208955224,12144.219850746269,12981.157164179105,63731.10149253731,67
106603,S06.,5,01.2,8,13105.62966101695,10413.261864406779,15028.42372881356,63192.40779661017,59
106609,S06.,5,01.3,4,19148.882857142857,13709.486285714287,17035.33342857143,75111.86399999999,35
106610,S06.,5,01.3,5,17543.328674698794,12891.599759036146,18021.570843373494,80991.17096385543,83
106611,S06.,5,01.3,6,13275.042307692309,10051.655714285715,12311.077912087912,56655.65637362638,91
106612,S06.,5,01.3,8,10217.7278125,9783.400729166666,12342.219375,51764.018125,96
106613,S06.,5,01.3,9,10243.168536585365,8395.973902439024,10251.558780487805,45332.13463414634,41
106754,S06.,5,86.2,5,882.9114999999999,5698.8085,4874.5905,18486.97775,40
106755,S06.,5,86.2,6,929.5857692307692,7625.704615384616,8396.868461538463,25676.491153846153,26
106764,S06.,5,86.5,5,730.3236666666667,4984.906666666667,8245.494333333334,20902.441333333332,30
106821,S06.,5,96.0,8,3118.4285714285716,4261.065714285714,4614.149047619047,20495.369047619046,21
106822,S06.,5,96.0,9,2596.7775862068966,7083.817931034483,9192.135862068966,33249.80482758621,29
106830,S06.,5,96.7,5,2195.5662500000003,7569.110833333333,9182.964583333332,29263.68541666667,24
106831,S06.,5,96.7,6,5372.0675,15814.81875,11921.738749999999,50526.47041666667,24
106832,S06.,5,96.7,8,2563.0448837209306,8480.189069767443,11166.52511627907,37548.76837209302,43
106833,S06.,5,96.7,9,1390.4814285714285,5998.5725,5767.164642857143,20545.481428571427,28
106852,S06.,6,,0,493.4263095238095,3219.5466666666666,2231.4961904761903,9311.30130952381,84
106853,S06.,6,,1,529.1213043478261,3638.9860869565214,3572.628043478261,11564.564130434781,46
106854,S06.,6,,2,577.3898571428572,4737.494428571428,8579.943571428572,19667.355,70
106855,S06.,6,,3,645.0908527131783,3959.962558139535,7594.1862015503875,17649.38131782946,129
106856,S06.,6,,4,660.3777083333333,5354.154375,9062.872708333334,22204.61770833333,192
106857,S06.,6,,5,620.3232625994694,4862.17424403183,6993.586763925729,18317.96023872679,377
106858,S06.,6,,6,610.0474814814816,5705.75962962963,8294.21725925926,21537.233333333334,270
106859,S06.,6,,8,604.1640344827587,5320.179689655173,6661.466724137931,18928.861827586206,290
106860,S06.,6,,9,668.7366666666668,6031.818282828283,7299.111616161616,20774.051868686867,198
106871,S06.,6,01.2,0,14178.479545454546,4765.679090909091,3681.056363636364,35352.74681818182,22
106872,S06.,6,01.2,1,13446.61,8454.535714285714,10767.049047619048,50668.88666666667,21
106873,S06.,6,01.2,2,25455.135483870967,16454.140322580646,26834.463870967742,98751.84903225806,31
106874,S06.,6,01.2,3,17333.65676470588,12418.307352941178,15785.839999999998,67701.56676470589,34
106875,S06.,6,01.2,4,18320.780454545453,12202.069090909092,15042.9925,69796.8775,44
106876,S06.,6,01.2,5,19736.27625,12991.200673076924,18815.444423076922,82673.16134615384,104
106877,S06.,6,01.2,6,21542.833157894736,19180.680175438596,23407.03385964912,98362.58368421052,57
106878,S06.,6,01.2,8,17828.60066666667,16039.85,19592.400166666666,82480.52483333334,60
106882,S06.,6,01.3,2,24377.604166666668,17532.17625,31721.0175,108474.10708333332,24
106883,S06.,6,01.3,3,22343.640256410257,14562.77358974359,22076.51948717949,92552.6223076923,39
106884,S06.,6,01.3,4,20768.84309859155,17499.640422535213,30268.424507042255,106608.95183098591,71
106885,S06.,6,01.3,5,20516.44361111111,16247.6435,20603.841500000002,90185.08266666667,180
106886,S06.,6,01.3,6,17675.78152173913,14554.21152173913,18224.727880434784,84279.43288043479,184
106887,S06.,6,01.3,8,12371.710111731843,10566.552793296089,13502.211955307263,59083.472905027935,179
106888,S06.,6,01.3,9,9928.402409638555,9597.340843373495,10377.042289156627,47379.14325301205,83
106916,S06.,6,03.3,5,1114.1126086956522,5459.418260869565,6022.536086956521,20392.10043478261,23
106917,S06.,6,03.3,6,989.0840909090908,6298.2,6963.62090909091,20523.145454545454,22
107105,S06.,6,86.2,4,1052.530476190476,6545.980952380953,8768.569523809523,29151.958095238097,21
107106,S06.,6,86.2,5,878.7755813953488,5658.682790697675,8348.591627906977,24798.014883720927,43
107107,S06.,6,86.2,6,696.6681481481481,6564.764444444445,8539.163333333334,23400.46777777778,27
107108,S06.,6,86.2,8,937.9668421052631,8831.564210526316,10511.820263157895,33551.76210526316,38
107116,S06.,6,86.5,5,1211.635172413793,4888.407586206897,7395.009310344827,23264.692413793106,29
107117,S06.,6,86.5,6,1013.6437142857143,6291.849142857143,7225.793428571428,22349.64,35
107118,S06.,6,86.5,8,1487.01,8149.062068965518,8353.456551724137,28565.247931034482,29
107200,S06.,6,96.0,5,1930.8180952380953,11310.514285714286,13688.136666666667,40257.475238095234,21
107202,S06.,6,96.0,8,1506.9508333333333,9106.2925,10855.002083333333,34030.66333333334,24
107208,S06.,6,96.7,3,3624.338333333333,17278.115833333333,19938.19375,66954.51375,24
107209,S06.,6,96.7,4,5459.656296296296,16702.1862962963,25065.465925925924,75956.5048148148,27
107210,S06.,6,96.7,5,5306.399861111111,17935.506666666668,26352.960555555554,76425.45402777777,72
107211,S06.,6,96.7,6,6507.078548387097,20063.77048387097,35233.73241935484,95043.67612903226,62
107212,S06.,6,96.7,8,3324.323733333333,13214.127466666667,14941.213066666667,50645.39893333333,75
107213,S06.,6,96.7,9,3198.6723255813954,14891.97976744186,13059.397906976745,49353.33558139535,43
107534,S12.,6,03.5,5,31503.135714285712,9585.501904761904,8418.015714285713,69215.78666666667,21
107553,S12.,6,81.0,4,35184.542272727274,16864.254545454543,14797.944090909092,108750.86,22
107554,S12.,6,81.0,5,29229.817666666666,9131.923999999999,8834.899333333333,79589.099,30
107555,S12.,6,81.0,6,22286.95904761905,9076.745714285715,6493.753333333334,67592.18428571428,21
107886,S22.,1,81.6,6,15135.497272727273,1973.4727272727273,1049.6254545454544,20454.04090909091,22
107887,S22.,1,81.6,8,14266.08846153846,2781.7461538461534,1337.481923076923,20669.343461538465,26
107906,S22.,2,,6,1355.3922727272727,2569.8881818181817,4761.011818181818,11869.956363636364,22
107937,S22.,2,79.3,5,19751.081818181818,3927.1663636363637,6361.512272727274,36084.33681818182,22
107945,S22.,2,81.6,6,15565.711515151515,1814.621212121212,1995.5763636363638,22513.530303030304,33
107946,S22.,2,81.6,8,14291.18142857143,2278.6271428571426,1569.4158928571428,20706.114285714284,56
107947,S22.,2,81.6,9,13851.578064516129,1982.7535483870968,2088.591290322581,21165.404516129034,31
107978,S22.,3,,4,1018.5929166666666,2391.0016666666666,2277.1314583333333,8344.237291666666,48
107979,S22.,3,,5,2101.5734545454548,2417.739090909091,2479.641090909091,10900.426636363636,110
107980,S22.,3,,6,2941.1696923076925,2191.3786153846154,2610.9598461538462,11212.891538461537,65
107981,S22.,3,,8,2354.1883950617284,2600.392962962963,2296.5066666666667,10724.244074074075,81
107982,S22.,3,,9,1449.800238095238,3192.147619047619,2358.214285714286,10455.750714285714,42
107989,S22.,3,03.5,5,23672.853396226415,3210.4039622641512,3596.100754716981,38789.784716981136,53
108044,S22.,3,79.3,5,13349.8544,3333.763,4787.4816,28459.373799999998,50
108045,S22.,3,79.3,6,13795.231395348836,4414.693023255813,5390.636279069768,31969.2411627907,43
108058,S22.,3,81.6,6,12412.886545454545,2976.2725454545453,1588.8107272727273,21924.084727272726,55
108059,S22.,3,81.6,8,11435.018421052631,2876.9503289473687,2077.3175,23598.128355263158,152
108060,S22.,3,81.6,9,9776.052941176471,3112.4599999999996,2452.590823529412,24871.86988235294,85
108157,S22.,5,,4,616.2427118644068,2675.7037288135593,3866.226101694915,11246.292372881357,59
108158,S22.,5,,5,724.3097826086956,2783.7333333333336,3886.422246376812,10613.902173913044,138
108159,S22.,5,,6,787.3365,2877.65,2881.468875,9801.649374999999,80
108160,S22.,5,,8,577.1625806451614,3088.932688172043,2995.221182795699,10032.828709677418,93
108161,S22.,5,,9,904.0961818181819,3011.018181818182,2881.6112727272725,9909.639090909091,55
108166,S22.,5,03.5,4,25006.76,4338.485555555556,5388.130833333333,47802.28361111111,36
108167,S22.,5,03.5,5,21373.361,4117.048,4624.5072222222225,41696.366,90
108168,S22.,5,03.5,6,19557.166,4409.1624,4388.2472,41614.517,50
108195,S22.,5,34.0,5,2932.163888888889,3623.1769444444444,2934.601666666667,15931.39388888889,36
108196,S22.,5,34.0,6,5228.1446153846155,4364.538846153846,4808.664615384615,22602.905769230765,26
108197,S22.,5,34.0,8,2657.7332142857144,4832.753214285714,4167.0199999999995,18207.37214285714,28
108240,S22.,5,79.3,4,18328.74761904762,5178.6883333333335,6989.947857142857,39943.173571428575,42
108241,S22.,5,79.3,5,20181.00925,4411.11675,6115.314083333333,41060.98308333333,120
108242,S22.,5,79.3,6,15985.223421052631,5176.504868421052,5819.675657894736,38059.7725,76
108243,S22.,5,79.3,8,16750.647307692307,5666.225,6288.573461538462,39397.779807692306,52
108254,S22.,5,81.6,5,15201.579318181817,3143.0863636363633,1638.0872727272726,25222.255454545455,44
108255,S22.,5,81.6,6,13706.10846590909,3183.3757386363636,2014.6119886363638,24225.28210227273,176
108256,S22.,5,81.6,8,13159.84363095238,3285.78119047619,1645.49875,22602.851607142857,336
108257,S22.,5,81.6,9,13507.077009803921,3338.2719117647057,2024.7824019607842,23791.40661764706,204
108317,S22.,6,,4,824.8504918032786,2696.5252459016397,3018.246393442623,10097.840983606558,61
108318,S22.,6,,5,784.1225301204819,3422.342530120482,3114.981325301205,11374.285361445782,166
108319,S22.,6,,6,555.8425,3295.309772727273,2747.221818181818,10000.566022727273,88
108320,S22.,6,,8,539.354563106796,3887.5653398058253,3532.2176699029123,12442.179902912621,103
108321,S22.,6,,9,492.79984375,3287.07484375,2619.48421875,9671.70109375,64
108328,S22.,6,03.5,3,34323.02846153846,7324.111153846155,7465.176923076923,66149.72038461539,26
108329,S22.,6,03.5,4,29165.261756756758,6589.7735135135135,5814.784189189189,56263.26243243243,74
108330,S22.,6,03.5,5,29401.469999999998,6394.80237113402,6847.037010309278,57351.145051546395,194
108331,S22.,6,03.5,6,31819.899999999998,6651.310793650794,6541.719365079365,59466.41396825397,63
108332,S22.,6,03.5,8,33123.02428571429,8161.119047619048,9698.03,72533.22714285714,21
108345,S22.,6,17.9,5,577.8885714285714,3116.6190476190477,5581.030476190476,15720.145238095238,21
108372,S22.,6,34.0,5,4391.1990625,4068.536875,3249.9318749999998,18014.0853125,32
108373,S22.,6,34.0,6,3132.079230769231,5195.292307692308,4114.332307692308,18965.931153846155,26
108374,S22.,6,34.0,8,1119.0608695652174,4975.810869565217,4239.432608695653,18123.48695652174,23
108375,S22.,6,34.0,9,1018.8575000000001,5653.589583333333,4523.130416666666,16758.146666666667,24
108421,S22.,6,79.3,4,18237.558088235295,6755.813529411765,7699.643235294117,46754.95602941177,68
108422,S22.,6,79.3,5,19129.3351875,6202.0178125,7503.164375,47533.1756875,160
108423,S22.,6,79.3,6,18115.77625,6746.627613636363,6789.270795454545,44242.557045454545,88
108424,S22.,6,79.3,8,20108.55725490196,10658.149607843137,10403.48176470588,59403.37450980392,51
108434,S22.,6,81.0,5,33967.08901960785,11026.469803921567,13763.521372549021,87266.22078431371,51
108435,S22.,6,81.0,6,31301.76037037037,12369.234814814816,17412.853333333333,91605.74592592593,27
108439,S22.,6,81.6,5,19344.066785714287,5466.3724999999995,3355.700595238095,35282.97,84
108440,S22.,6,81.6,6,16930.850303030304,4412.003484848485,1965.7111363636363,28079.66753787879,264
108441,S22.,6,81.6,8,16701.480571428572,4501.489978021978,2265.845098901099,28379.07564835165,455
108442,S22.,6,81.6,9,16987.075160256412,4911.905673076923,2301.244903846154,29221.359391025642,312
108492,S22.,6,93.3,5,427.6124,3106.9871999999996,4101.3468,15804.4824,25
108665,S27.,5,34.0,5,4482.66909090909,5285.5590909090915,4631.34696969697,20428.05,33
108667,S27.,5,34.0,8,3601.9978571428574,6051.651071428571,6227.5139285714295,23364.581785714287,28
108719,S27.,6,,5,408.03678571428566,3189.3853571428576,3239.2017857142855,10044.724285714285,28
108755,S27.,6,34.0,5,7765.84675,5179.731,4796.56925,27251.658750000002,40
108756,S27.,6,34.0,6,7003.472068965517,9387.557586206896,7223.202068965517,35403.91517241379,29
108757,S27.,6,34.0,8,1768.2606451612903,5407.34129032258,3188.310322580645,16913.29322580645,31
109113,S32.,1,81.6,6,13488.611923076922,2477.126923076923,1901.5996153846156,22194.709615384614,26
109114,S32.,1,81.6,8,13832.536727272727,2475.3545454545456,1486.0698181818182,20223.775636363636,55
109115,S32.,1,81.6,9,14070.518484848484,2098.451515151515,1751.999696969697,20182.65303030303,33
109139,S32.,2,03.5,5,24794.196190476192,2822.364285714286,5480.116825396825,40865.87904761905,63
109165,S32.,2,81.6,6,13539.90017857143,1912.5030357142857,1829.8858928571428,19884.86625,56
109166,S32.,2,81.6,8,13860.725172413793,1861.4560344827585,1581.6877586206897,19797.038103448274,58
109167,S32.,2,81.6,9,12370.947906976744,2399.006511627907,1586.2351162790699,19084.35511627907,43
109200,S32.,3,,5,5030.9418749999995,2399.272916666667,3755.9229166666664,16515.819375,48
109201,S32.,3,,6,5180.5948648648655,2726.1324324324323,2994.296756756757,14795.237567567568,37
109202,S32.,3,,8,3909.6175000000003,2826.1400000000003,2262.4465,12585.449499999999,40
109203,S32.,3,,9,2281.32825,2972.518,2506.212,11481.679,40
109209,S32.,3,03.5,4,26678.409499999998,3855.7485,4947.518,44598.69775000001,40
109210,S32.,3,03.5,5,23087.131627906976,3027.5127131782947,4053.220775193798,39970.238294573646,129
109211,S32.,3,03.5,6,25136.64274509804,3787.2696078431372,4788.657450980392,42880.97647058823,51
109269,S32.,3,79.3,5,24828.26375,4392.29375,5974.033333333334,48396.61208333333,24
109281,S32.,3,81.6,5,8249.573103448276,2747.96275862069,1254.0120689655173,20873.06655172414,29
109282,S32.,3,81.6,6,10797.210661157025,2733.396611570248,1966.4673553719008,22925.63685950413,121
109283,S32.,3,81.6,8,12249.927675675677,2568.200918918919,2070.5105405405407,23592.525405405406,185
109284,S32.,3,81.6,9,11653.6834375,2688.238984375,1907.191875,23413.33859375,128
109334,S32.,4,03.5,5,26937.425652173915,3135.0026086956523,2868.822608695652,39697.76652173913,23
109359,S32.,4,81.6,6,15071.635217391304,2675.979565217391,1329.2404347826086,23714.432173913043,23
109360,S32.,4,81.6,8,13866.763414634148,3238.060731707317,1298.8448780487804,22100.19268292683,41
109361,S32.,4,81.6,9,15565.983636363637,3257.2836363636366,1404.7295454545454,24478.334545454545,22
109378,S32.,5,,5,847.17425,2816.08125,3468.6666250000003,10675.269624999999,80
109379,S32.,5,,6,785.8716129032258,3113.9596774193546,2621.590322580645,9599.283225806452,31
109380,S32.,5,,8,708.5190697674418,3496.6453488372094,4026.1637209302326,12090.803255813953,43
109381,S32.,5,,9,424.1907894736842,3334.794736842105,2533.0384210526317,10295.276842105264,38
109390,S32.,5,03.5,3,18679.54818181818,3203.258484848485,3762.8645454545454,37910.79242424242,33
109391,S32.,5,03.5,4,20388.384727272725,3559.1704545454545,4466.086272727272,40380.289454545455,110
109392,S32.,5,03.5,5,19361.728722627737,3689.3849999999998,4480.496496350365,39546.84638686132,274
109393,S32.,5,03.5,6,21150.788702290076,3909.9070992366414,4123.201984732824,39976.77572519084,131
109394,S32.,5,03.5,8,19322.913902439024,4924.930731707317,4825.417560975609,44371.58219512195,41
109445,S32.,5,79.3,4,16744.732692307694,5244.372692307692,6578.933461538461,48024.67615384616,26
109446,S32.,5,79.3,5,15603.462711864408,6638.505762711865,7613.921525423729,47818.29406779661,59
109447,S32.,5,79.3,6,15353.50925925926,6422.736296296296,7498.121851851852,52534.026666666665,27
109448,S32.,5,79.3,8,18344.083333333332,5845.925416666666,5720.535,42788.206666666665,24
109465,S32.,5,81.6,5,15514.628305084745,3267.276779661017,1865.9564406779662,26596.272711864407,59
109466,S32.,5,81.6,6,13604.869076923076,3244.4555,1833.0900384615384,23490.663653846153,260
109467,S32.,5,81.6,8,12747.655620915031,3114.45660130719,1598.2194553376905,22067.28945533769,459
109468,S32.,5,81.6,9,13151.402379032259,3242.82,1774.7977822580644,22811.36798387097,248
109484,S32.,5,84.8,4,28003.44409090909,4980.336363636364,5513.053181818182,51004.18409090909,22
109485,S32.,5,84.8,5,25700.739999999998,5029.2,4406.845,45650.46538461539,26
109545,S32.,6,,4,699.7565625,3770.6659375,3406.2853125,14300.8771875,32
109546,S32.,6,,5,731.7871212121212,3780.4262121212123,3997.3696969696975,15073.995606060605,66
109547,S32.,6,,6,874.893409090909,4566.2413636363635,4140.979318181818,15401.470454545453,44
109548,S32.,6,,8,621.0410606060606,4408.02303030303,3955.7836363636366,14445.243636363635,66
109549,S32.,6,,9,602.0598113207546,3964.9322641509434,3693.6990566037734,13700.475283018866,53
109560,S32.,6,03.5,2,35034.53975,5867.3585,4780.018,59607.51075,40
109561,S32.,6,03.5,3,33390.94035294118,6060.036235294117,7735.5264705882355,63710.153999999995,85
109562,S32.,6,03.5,4,29427.143139534885,5501.382441860465,6214.4073255813955,56430.93401162791,172
109563,S32.,6,03.5,5,27725.893463302753,5076.1165596330275,5404.634197247707,51489.63683486239,436
109564,S32.,6,03.5,6,27624.241748251752,5460.741888111888,5596.952867132867,50839.15055944056,143
109565,S32.,6,03.5,8,26634.424705882353,5691.258431372549,4597.540784313725,49263.89137254902,51
109647,S32.,6,79.3,3,30705.125576923077,10994.255576923078,12011.368846153848,83275.40403846154,52
109648,S32.,6,79.3,4,22944.525714285715,8448.148857142858,8874.84,63893.23314285715,70
109649,S32.,6,79.3,5,23874.775925925926,10055.86,11928.926148148148,72904.99274074074,135
109650,S32.,6,79.3,6,27080.595593220336,10045.769491525423,11395.321694915254,72808.25372881355,59
109651,S32.,6,79.3,8,19669.151219512198,9195.614146341462,9467.328048780488,58154.796341463414,41
109663,S32.,6,81.0,4,30012.739069767442,6993.158837209303,5038.415813953488,64024.45581395349,43
109664,S32.,6,81.0,5,30633.011875,6601.462291666667,5735.547083333334,58711.31145833334,96
109665,S32.,6,81.0,6,26109.5165,6393.931500000001,4118.876,51957.64375,40
109675,S32.,6,81.6,5,18729.230260869565,4201.849391304348,2392.9238260869565,30758.33095652174,115
109676,S32.,6,81.6,6,16454.281626666667,4248.97952,2322.818533333333,28449.428373333336,375
109677,S32.,6,81.6,8,16453.846818923328,4402.934013050571,2369.6066394779773,28180.091615008158,613
109678,S32.,6,81.6,9,16806.339568527917,4733.133426395939,2363.038045685279,28992.99652284264,394
109690,S32.,6,84.8,5,30467.088428571427,5451.161857142857,4829.8394285714285,50198.665857142856,70
109691,S32.,6,84.8,6,29928.64653846154,5215.530769230769,4996.406153846154,49696.971923076926,26
109886,S36.,3,41.5,5,3900.565666666667,5663.391333333333,6358.522,26453.677000000003,30
109979,S36.,5,41.5,4,7005.476818181819,8277.204545454546,6494.948181818181,36861.56636363636,22
109980,S36.,5,41.5,5,5267.861333333333,8502.724666666667,8458.8045,37656.1,60
109981,S36.,5,41.5,6,4414.883333333333,7807.681538461539,7005.237692307693,32456.16487179487,39
110071,S36.,6,,5,564.4239130434783,5094.478695652174,3812.2673913043477,13215.838260869565,23
110100,S36.,6,41.5,3,17195.43962962963,13057.69777777778,14386.582962962962,71598.77555555555,27
110101,S36.,6,41.5,4,10080.2353125,7497.2703125,7817.321875,40892.9746875,32
110102,S36.,6,41.5,5,10402.205925925926,9999.447530864198,9050.725802469136,47519.8012345679,81
110103,S36.,6,41.5,6,13518.517083333332,10978.301249999999,10914.725416666666,55751.358125,48
110592,S42.,1,79.3,4,11126.720625,1627.57,2134.788125,17821.8253125,32
110593,S42.,1,79.3,5,12102.07192982456,1611.3480701754386,2544.8333333333335,19666.671578947367,57
110594,S42.,1,79.3,6,11505.439999999999,1800.4346938775511,3018.8779591836733,19820.485510204082,49
110595,S42.,1,79.3,8,13373.296956521739,1820.838043478261,2620.2441304347826,21604.644347826088,46
110596,S42.,1,79.3,9,11881.024761904762,2155.3142857142857,2881.967142857143,21328.692857142858,21
110654,S42.,2,79.3,0,4126.687441860465,883.6020930232557,744.9960465116279,8578.978837209303,43
110655,S42.,2,79.3,1,6661.637142857142,887.0938775510203,1148.2363265306124,11289.13163265306,49
110657,S42.,2,79.3,3,14139.36205128205,1433.4558974358974,2960.2999999999997,22399.38512820513,39
110658,S42.,2,79.3,4,11136.21323076923,1539.9024615384617,3149.964615384615,20795.55615384615,65
110659,S42.,2,79.3,5,11148.444903225805,1885.2704516129031,2912.899741935484,20620.287161290325,155
110660,S42.,2,79.3,6,12479.487777777778,2195.7928205128205,2948.9239316239314,22094.927264957267,117
110661,S42.,2,79.3,8,11548.928313253013,2034.7336144578314,2953.0609638554215,20545.078674698794,83
110662,S42.,2,79.3,9,11160.079666666667,1979.7873333333334,2469.470333333333,20050.806,30
110709,S42.,3,,5,3359.072413793104,1959.9206896551723,2206.3955172413794,11467.134137931034,29
110770,S42.,3,79.3,0,2938.204358974359,1119.9353846153847,754.9599999999999,8471.13141025641,78
110771,S42.,3,79.3,1,5796.472105263158,1272.1306140350878,1046.7972807017543,12177.071578947367,114
110772,S42.,3,79.3,2,11088.179199999999,1710.586,2414.232,20606.3676,50
110773,S42.,3,79.3,3,10798.2502247191,1955.5316853932586,2700.8611235955054,21176.787415730338,89
110774,S42.,3,79.3,4,9353.685757575757,1996.5327878787878,2599.842727272727,19937.477393939393,165
110775,S42.,3,79.3,5,9733.73910761155,2223.573779527559,3061.84782152231,21200.619265091864,381
110776,S42.,3,79.3,6,9908.208257575758,2426.323068181818,3076.9858712121213,21872.88121212121,264
110777,S42.,3,79.3,8,10500.020295566503,2534.207093596059,2966.1821674876846,22811.26620689655,203
110778,S42.,3,79.3,9,11905.493088235295,2885.243382352941,3411.1260294117646,25656.38661764706,68
110856,S42.,4,79.3,4,7522.748275862069,2466.067586206897,1880.1820689655171,17404.931379310347,29
110857,S42.,4,79.3,5,10201.557808219177,2557.987671232877,2492.4142465753425,22569.045890410962,73
110858,S42.,4,79.3,6,11596.914999999999,2806.972307692308,3099.5353846153844,23921.074615384612,26
110859,S42.,4,79.3,8,12849.448285714287,3720.3885714285716,2915.0497142857143,28057.914571428573,35
110884,S42.,5,,8,522.1333333333333,2485.42,2559.615,8147.805666666666,30
110885,S42.,5,,9,382.1069230769231,2770.976153846154,2311.3442307692308,8164.816153846154,26
110926,S42.,5,79.1,1,4206.3628,1872.0868,1041.0203999999999,11682.7736,25
110930,S42.,5,79.1,5,11306.99,2735.4095238095238,2983.6538095238093,23553.02,21
110942,S42.,5,79.3,0,2328.5789473684213,1411.9123684210526,747.8469298245615,10148.639298245613,114
110943,S42.,5,79.3,1,5138.184252873563,1704.7732758620689,1271.3125287356322,13619.117988505746,174
110944,S42.,5,79.3,2,9033.847727272727,1989.9444318181816,2449.3006818181816,20563.62056818182,88
110945,S42.,5,79.3,3,9500.42098159509,2274.910858895705,2662.1867484662575,21890.770674846626,163
110946,S42.,5,79.3,4,8652.085104895104,2193.5725524475524,2722.389055944056,20129.288636363635,286
110947,S42.,5,79.3,5,9463.828958333334,2649.981919642857,3043.7082886904764,22415.564910714285,672
110948,S42.,5,79.3,6,9680.706223776224,2911.7956643356647,3041.3008624708627,23494.803799533798,429
110949,S42.,5,79.3,8,10186.70872180451,3384.806766917293,3266.9580701754385,24557.89,399
110950,S42.,5,79.3,9,10148.427518796992,3681.031203007519,3060.9508270676693,25361.556842105263,133
111018,S42.,6,,8,579.0550000000001,3210.230769230769,1721.886923076923,8180.215769230768,26
111019,S42.,6,,9,519.7362790697674,4132.36465116279,2692.966046511628,11846.20465116279,43
111031,S42.,6,17.9,8,330.6724,2715.1864,3050.4991999999997,11354.8764,25
111032,S42.,6,17.9,9,722.9291304347826,2925.221304347826,3233.075652173913,13514.935652173914,23
111061,S42.,6,79.1,0,3242.767083333333,1643.5592499999998,609.6606666666667,11114.090833333332,120
111062,S42.,6,79.1,1,3293.028285714286,1782.5862857142856,1045.2657142857145,11969.560285714286,35
111066,S42.,6,79.1,5,15413.23,3104.159090909091,3170.9768181818185,30858.530454545456,22
111076,S42.,6,79.3,0,3313.2085856079407,1953.7092059553352,1015.6784367245658,13770.266550868486,403
111077,S42.,6,79.3,1,6674.542250922509,2153.3138376383768,1499.319926199262,17416.794649446492,271
111078,S42.,6,79.3,2,12460.832330097088,3026.9392233009708,3424.794611650485,28000.290582524274,206
111079,S42.,6,79.3,3,12219.632621359224,3165.275048543689,3464.7571197411003,27761.16705501618,309
111080,S42.,6,79.3,4,12783.784832962137,3528.7901781737196,3842.867349665924,29227.11249443207,449
111081,S42.,6,79.3,5,12564.800857461025,3818.024175946548,4096.312739420935,29514.44811804009,898
111082,S42.,6,79.3,6,13131.613249097474,3973.900415162455,3975.950848375451,30783.51225631769,554
111083,S42.,6,79.3,8,14019.755419354839,4655.856795698925,3772.1574623655915,32162.551268817206,465
111084,S42.,6,79.3,9,14277.66190184049,5442.704171779142,4004.6773619631904,34833.22411042945,163
111112,S42.,6,81.8,8,31557.978064516126,7652.965483870968,5730.205806451613,59898.50161290323,31
111156,S42.,6,93.5,9,352.27,3031.7609090909095,2069.7877272727274,9852.388636363636,22
111239,S43.,3,79.8,5,8365.47875,2226.44375,2942.6865625,19001.3159375,32
111268,S43.,5,17.9,8,445.34125,2463.266666666667,1183.5541666666666,5936.782916666667,24
111284,S43.,5,79.8,5,8203.481025641026,2294.2458974358974,2403.5964102564103,19396.3,39
111327,S43.,6,79.8,3,9805.466818181818,2761.581818181818,2427.5054545454545,22638.893181818185,22
111328,S43.,6,79.8,4,10262.889130434784,2754.178695652174,2955.8673913043476,23704.283695652175,46
111329,S43.,6,79.8,5,9328.164367816093,3041.4279310344828,3087.751149425287,23938.56195402299,87
111472,S46.,5,81.8,4,10768.179583333333,1813.28125,3073.41375,28686.677916666667,24
111473,S46.,5,81.8,5,8351.357272727273,2064.5628282828284,2432.108888888889,26516.884545454544,99
111474,S46.,5,81.8,6,7788.048809523809,2564.1785714285716,2661.298333333333,29434.648333333334,42
111475,S46.,5,81.8,8,10054.244444444446,2685.0203703703705,2832.8462962962967,28044.50592592593,27
111547,S46.,6,81.8,4,17754.794077669903,2744.7307766990293,2516.874368932039,33851.32349514563,103
111548,S46.,6,81.8,5,19078.251144781145,2909.138686868687,2319.7315824915827,34981.8701010101,297
111549,S46.,6,81.8,6,21126.047719298247,3192.223859649123,2396.1143274853803,37734.106315789475,171
111550,S46.,6,81.8,8,23343.010675675676,3618.316486486486,2345.7554054054053,40056.12878378378,74
111773,S52.,1,79.3,5,10674.22298245614,1751.9054385964912,2695.737543859649,18703.91701754386,57
111774,S52.,1,79.3,6,8802.979130434782,1723.1791304347828,2096.999565217391,17824.72608695652,23
111850,S52.,2,79.3,1,9696.458461538461,1079.4528205128206,1372.1328205128204,15249.917692307694,39
111852,S52.,2,79.3,3,9344.908260869566,1543.8608695652176,2727.3078260869565,18238.791739130436,23
111853,S52.,2,79.3,4,10273.765789473684,1306.2423684210526,2729.7857894736844,17831.715,38
111854,S52.,2,79.3,5,10779.319540229886,1688.6374712643678,2855.3558620689655,19523.945747126436,87
111855,S52.,2,79.3,6,10506.603833333333,1662.373,2492.1145,18776.255166666666,60
111856,S52.,2,79.3,8,10996.09425,1963.7385,2893.3805,19934.1535,40
111892,S52.,3,,5,3783.7132258064516,1686.4645161290323,1492.5890322580647,10204.171612903227,31
111893,S52.,3,,6,3649.8295652173915,1487.3478260869565,1319.8152173913043,9184.379565217392,23
111949,S52.,3,79.3,0,5939.361904761904,1257.355238095238,645.322380952381,13047.092380952381,21
111950,S52.,3,79.3,1,9775.10294871795,1247.3471794871796,1169.6448717948717,16541.594102564104,78
111951,S52.,3,79.3,2,9966.351764705883,2192.081176470588,2499.9829411764704,21314.473235294117,34
111952,S52.,3,79.3,3,10560.024492753622,1744.494347826087,3858.0250724637676,22649.391594202898,69
111953,S52.,3,79.3,4,9850.683548387098,2191.960107526882,3382.682473118279,22862.619569892475,93
111954,S52.,3,79.3,5,10655.549116465863,2102.87437751004,2924.1119277108432,21846.420843373493,249
111955,S52.,3,79.3,6,11059.632307692307,2178.7713846153847,2658.114076923077,21119.260615384614,130
111956,S52.,3,79.3,8,8624.588508771929,2228.838596491228,2566.9232456140353,20473.84807017544,114
111957,S52.,3,79.3,9,9441.469666666668,2354.173333333333,2582.201666666667,19405.451333333334,30
111996,S52.,3,93.5,5,2134.8708333333334,1603.3833333333332,1783.7075000000002,8044.034583333333,24
112024,S52.,4,79.3,5,9200.656896551724,2402.2875862068963,2553.109655172414,20826.426896551726,29
112043,S52.,5,,5,328.8378378378378,2194.2924324324326,2763.2045945945947,8498.904054054054,37
112044,S52.,5,,6,326.9775,2227.9249999999997,2207.7708333333335,6982.7375,24
112104,S52.,5,79.3,0,5440.936071428572,1460.1435714285712,1026.9182142857142,14461.18142857143,28
112105,S52.,5,79.3,1,8141.309770992367,1665.055496183206,1174.296106870229,16383.389312977099,131
112106,S52.,5,79.3,2,9138.399402985075,2345.643134328358,2698.9226865671644,20295.75014925373,67
112107,S52.,5,79.3,3,9263.630206185568,2012.2084536082475,2150.759793814433,20417.641649484536,97
112108,S52.,5,79.3,4,9163.174642857142,2121.190785714286,2752.1927857142855,21549.722857142857,140
112109,S52.,5,79.3,5,9121.765546875,2445.8304427083335,2852.703125,21269.062760416666,384
112110,S52.,5,79.3,6,9057.885105485233,2662.26388185654,2850.890717299578,21734.08978902954,237
112111,S52.,5,79.3,8,9178.102727272728,2576.2427272727273,2876.694350649351,21517.372727272726,154
112112,S52.,5,79.3,9,10213.583571428571,2934.1759523809524,2324.4704761904763,21704.19761904762,42
112160,S52.,5,93.5,5,505.34965517241375,1543.655172413793,1104.268620689655,4813.96172413793,29
112176,S52.,6,,5,532.6691999999999,2048.228,1536.4219999999998,6393.102800000001,25
112188,S52.,6,17.9,5,297.0466666666667,2015.9004444444445,3602.4531111111114,12740.936444444445,45
112189,S52.,6,17.9,6,294.1821621621622,1833.416216216216,3516.4986486486487,11941.874594594594,37
112223,S52.,6,79.0,5,759.53,2058.468181818182,1327.8304545454546,6156.950454545455,22
112227,S52.,6,79.1,0,4924.221111111111,1748.4597222222224,757.5347222222222,15328.350833333334,36
112228,S52.,6,79.1,1,3810.84,1885.3935087719296,1066.3919298245614,13165.875614035089,57
112242,S52.,6,79.3,0,6649.66547368421,1815.9056842105265,1023.8243157894736,16451.61989473684,95
112243,S52.,6,79.3,1,9482.594093023255,2268.476930232558,1770.714465116279,20795.565348837208,215
112244,S52.,6,79.3,2,13412.994602272725,3158.079204545455,3655.407443181818,30434.080568181816,176
112245,S52.,6,79.3,3,11359.162818532819,2994.3520463320465,3127.4695752895755,26823.35586872587,259
112246,S52.,6,79.3,4,12277.469166666668,3304.675108695652,3544.0589130434782,28535.5690942029,276
112247,S52.,6,79.3,5,12191.477211838006,3282.5440965732087,3450.7295171339565,27538.653068535827,642
112248,S52.,6,79.3,6,12774.710699708454,3355.9715451895045,3111.0528862973756,28034.599241982505,343
112249,S52.,6,79.3,8,11907.231074766356,3806.6597663551397,3843.701355140187,28195.267710280375,214
112250,S52.,6,79.3,9,10890.274444444445,4367.513333333333,2744.8288888888887,26243.377777777776,36
112313,S52.,6,93.5,5,745.5869387755102,1952.6014285714286,2134.3979591836733,9016.037346938776,49
112314,S52.,6,93.5,6,337.9304,1923.648,1978.0944,7085.2352,25
112549,S55.,6,39.3,3,2099.9577272727274,1351.9886363636363,3045.6554545454546,19574.397272727274,22
112550,S55.,6,39.3,4,2569.150909090909,1605.838181818182,3908.6781818181817,21260.679545454546,22
112551,S55.,6,39.3,5,5421.86705882353,2565.6811764705885,6495.512352941177,34509.585,34
112777,S61.,1,82.3,3,12660.286785714286,758.2857142857143,5192.844285714285,26629.339642857143,28
112778,S61.,1,82.3,4,9029.11,627.2173913043479,3394.6313043478262,18346.097826086956,23
112779,S61.,1,82.3,5,12663.177586206897,646.6206896551724,3907.4475862068966,21729.88448275862,29
113143,S61.,6,39.3,5,972.8642857142858,983.7476190476191,2388.1390476190477,15353.158095238095,21
113224,S61.,6,86.2,5,863.5281481481483,1056.8407407407408,1584.9581481481482,8350.383333333333,27
113246,S61.,6,86.7,3,3169.0254545454545,1813.3363636363638,4792.648636363637,18987.867272727275,22
113247,S61.,6,86.7,4,2166.776896551724,1504.2348275862068,4646.678275862069,18913.58379310345,29
113248,S61.,6,86.7,5,997.0554285714286,1354.3414285714284,3079.382857142857,12187.431428571428,35
113366,S62.,2,79.3,3,5834.005185185185,1222.625185185185,2340.0833333333335,12629.493333333334,27
113367,S62.,2,79.3,4,4513.351282051282,1116.6858974358975,2104.445897435897,11021.524871794873,39
113368,S62.,2,79.3,5,4059.5832142857143,1060.2367857142858,2496.550892857143,11493.796071428571,56
113448,S62.,3,79.3,1,3499.663125,1036.914375,971.4421875,8673.5375,32
113449,S62.,3,79.3,2,4756.480833333333,1093.5944444444444,2015.7558333333332,12011.770277777778,36
113450,S62.,3,79.3,3,4734.68,1155.5697826086957,1805.462608695652,12732.913695652174,46
113451,S62.,3,79.3,4,5028.309878048781,1237.970487804878,1602.5148780487805,12354.124146341464,82
113452,S62.,3,79.3,5,5094.549999999999,1337.5233027522936,1716.9185321100917,13387.26128440367,109
113453,S62.,3,79.3,6,3639.753913043478,1692.5608695652174,2031.2091304347825,12335.898695652173,23
113594,S62.,5,79.3,1,3619.0833333333335,1620.4819444444445,1155.621388888889,10865.559444444445,36
113595,S62.,5,79.3,2,5866.343137254902,1668.9892156862745,1568.90568627451,13639.670196078432,51
113596,S62.,5,79.3,3,4732.160945945946,1518.055,1680.1033783783782,13664.407702702703,74
113597,S62.,5,79.3,4,3605.1950666666667,1559.6552,1907.1389333333332,11578.840400000001,75
113598,S62.,5,79.3,5,3953.063098591549,1648.8639436619717,2095.8164788732392,13327.772323943662,142
113599,S62.,5,79.3,6,4001.542807017544,1759.9936842105262,2183.5066666666667,13185.83947368421,57
113607,S62.,5,79.6,5,432.31370370370377,955.6,1133.2251851851852,5733.041111111112,27
113715,S62.,6,79.1,3,2348.2109375,1698.946875,1297.214375,9536.0328125,32
113717,S62.,6,79.1,5,1931.537857142857,1934.19,2851.2046428571434,15057.669285714286,28
113727,S62.,6,79.3,0,1747.506129032258,1130.696129032258,1014.55,9071.927096774194,31
113728,S62.,6,79.3,1,5016.73494117647,1716.9802352941176,1443.7251764705882,13021.38588235294,85
113729,S62.,6,79.3,2,6435.9096969696975,1776.924621212121,1803.0124242424245,15544.878712121212,132
113730,S62.,6,79.3,3,5856.929086021506,1774.584946236559,1994.7535483870965,15426.143817204302,186
113731,S62.,6,79.3,4,4706.197037037037,1751.3710052910053,2049.1702645502646,14430.579947089946,189
113732,S62.,6,79.3,5,5001.073465703971,1896.826462093863,2240.0881588447655,15562.1957400722,277
113733,S62.,6,79.3,6,5104.408780487805,2178.5034146341463,2293.683780487805,15833.054634146341,82
113734,S62.,6,79.3,8,5179.147272727273,2350.687727272727,2146.729090909091,15250.479545454546,22
113740,S62.,6,79.6,4,1350.6688000000001,1258.0539999999999,1737.8452,10009.5176,25
113741,S62.,6,79.6,5,1840.4411111111108,1356.427777777778,2013.4113888888887,10258.76138888889,36
114025,S64.,6,04.3,3,2675.395652173913,993.3208695652174,2004.3026086956522,11217.778260869565,23
114026,S64.,6,04.3,4,3368.231739130435,1075.5326086956522,2153.244347826087,14646.10739130435,23
114027,S64.,6,04.3,5,1727.08875,863.4333333333334,1676.0854166666666,11474.665,24
114153,S65.,6,39.3,0,569.0628571428572,1007.4171428571428,877.1202857142857,12655.134571428573,35
114154,S65.,6,39.3,1,1171.6834615384616,1383.0984615384614,2488.705769230769,15842.965384615383,26
114155,S65.,6,39.3,2,681.4083333333334,1540.4582142857143,3277.269761904762,16883.82369047619,84
114156,S65.,6,39.3,3,617.3723026315789,1531.5598684210527,3515.9320394736847,17477.812039473687,152
114157,S65.,6,39.3,4,753.9845454545454,1706.0107692307693,4376.506573426573,21327.715594405596,143
114158,S65.,6,39.3,5,1089.7233701657458,1673.7711602209945,4154.243756906078,19732.80596685083,181
114159,S65.,6,39.3,6,960.4652941176471,2295.9350980392155,3868.3129411764703,20207.55431372549,51
114244,S66.,3,82.4,3,745.0118181818183,874.1840909090909,1153.3877272727273,5917.170454545455,22
114245,S66.,3,82.4,4,808.5248275862069,814.7758620689655,1268.851724137931,5325.288965517241,29
114246,S66.,3,82.4,5,390.595625,1048.7753125,1322.763125,5303.756875,32
114304,S66.,5,82.4,2,449.4838095238095,931.1709523809524,698.1919047619048,4436.914761904762,21
114305,S66.,5,82.4,3,761.9563888888889,970.5625,958.8824999999999,5599.680833333334,36
114306,S66.,5,82.4,4,563.1572093023256,1108.2183720930232,1278.6732558139533,5879.330930232558,43
114307,S66.,5,82.4,5,649.5949122807018,1097.3545614035088,1151.4812280701753,5778.788421052632,57
114308,S66.,5,82.4,6,544.1833333333333,1204.455,1176.2066666666667,6639.76125,24
114368,S66.,6,82.4,0,951.5834375,727.798125,678.0403125,6489.55125,32
114369,S66.,6,82.4,1,2165.0883783783784,1137.5067567567567,601.7054054054054,7174.897837837839,37
114370,S66.,6,82.4,2,1255.8311827956989,1243.483440860215,1309.8083870967744,7737.753010752688,93
114371,S66.,6,82.4,3,1399.0079487179487,1280.21905982906,1215.1148717948718,8084.522991452992,117
114372,S66.,6,82.4,4,1097.5432407407407,1296.7980555555555,1473.4350000000002,7931.601018518519,108
114373,S66.,6,82.4,5,1216.8766321243525,1287.1840414507772,1294.402176165803,7633.370051813471,193
114374,S66.,6,82.4,6,1409.0810416666666,1625.3541666666667,1319.4177083333334,8253.000416666668,48
114773,S68.,6,39.3,0,752.2752173913043,1155.5434782608695,1443.637391304348,14090.040869565217,23
114775,S68.,6,39.3,2,1981.439393939394,2097.012121212121,7882.04909090909,34872.50606060606,33
114776,S68.,6,39.3,3,1504.3077551020408,1944.0877551020408,6646.933673469388,26402.855714285713,49
114777,S68.,6,39.3,4,607.255487804878,2198.3475609756097,6700.268170731707,29815.477073170732,82
114778,S68.,6,39.3,5,1096.2495555555556,2145.5881481481483,6419.274592592592,28412.017333333333,135
114779,S68.,6,39.3,6,2641.4233333333336,3179.6749999999997,7324.986250000001,38370.30666666667,24
114844,S68.,6,84.0,5,1506.0067999999999,1611.5232,3449.6408,12842.132,25
114850,S68.,6,84.2,3,7518.964838709678,1345.271935483871,4859.858709677419,25504.92580645161,31
114851,S68.,6,84.2,4,6078.801132075472,1876.0820754716983,4713.086981132075,25382.145471698113,53
114852,S68.,6,84.2,5,7063.448387096774,1600.3093548387099,4685.571451612903,26665.675322580646,62
114877,S68.,6,86.7,4,703.7391891891891,1235.3648648648648,3306.405945945946,15407.043783783784,37
114878,S68.,6,86.7,5,1897.9094230769228,1568.6173076923078,4091.5521153846153,18284.303846153845,52
115125,S72.,1,79.1,9,17548.45,3175.4,3245.4357142857143,28020.713571428572,28
115133,S72.,1,79.3,6,18834.77652173913,3454.725652173913,3969.4086956521737,32062.95913043478,23
115134,S72.,1,79.3,8,15028.426595744682,3045.0151063829785,3135.606808510638,26445.76574468085,47
115135,S72.,1,79.3,9,15607.6115625,2889.39328125,3005.629375,26116.5003125,64
115140,S72.,1,81.5,8,21276.955918367345,2898.464285714286,3403.131020408163,33014.710408163264,49
115141,S72.,1,81.5,9,20260.356346153847,2493.8615384615387,4245.14,32676.14,52
115163,S72.,2,,9,882.8030303030303,2550.3351515151517,5130.782121212121,15375.90606060606,33
115193,S72.,2,79.1,8,14123.926774193547,2793.9112903225805,2946.8822580645165,24854.813548387097,31
115194,S72.,2,79.1,9,12918.003666666666,3658.884,3795.722,25908.081000000002,30
115203,S72.,2,79.3,5,16885.66777777778,2988.2224444444446,4673.191111111111,30579.887333333332,45
115204,S72.,2,79.3,6,14153.668076923077,2822.896153846154,4058.9028846153847,26019.508846153847,52
115205,S72.,2,79.3,8,14134.747540983606,2801.849672131147,3866.379836065574,26526.574098360656,61
115206,S72.,2,79.3,9,14230.213194444445,2829.84375,3745.497777777777,27410.39236111111,72
115210,S72.,2,81.5,6,25926.972258064518,2344.0345161290325,4974.652580645162,40447.27516129032,31
115211,S72.,2,81.5,8,20486.18988095238,2482.432142857143,4639.485952380953,33129.53654761905,84
115212,S72.,2,81.5,9,19209.54974137931,3262.5387931034484,4091.6241379310345,33965.377241379305,116
115244,S72.,3,,8,10992.294782608695,4488.015217391305,3722.391304347826,26023.568260869568,46
115245,S72.,3,,9,5400.650789473684,3763.252894736842,2766.506315789474,17261.501973684208,76
115288,S72.,3,79.1,5,11010.386666666667,2837.717555555556,3083.6482222222226,23068.787111111113,45
115289,S72.,3,79.1,6,12670.198367346939,4003.1495918367345,3747.120612244898,28453.4593877551,49
115290,S72.,3,79.1,8,12469.91984962406,4116.864586466166,3735.7335338345865,27549.83789473684,133
115291,S72.,3,79.1,9,12942.411552511416,4954.167534246575,3960.164748858447,29993.62671232877,219
115296,S72.,3,79.3,1,14673.759047619047,2336.55,2351.217142857143,27748.120476190477,21
115299,S72.,3,79.3,4,15680.016944444444,3380.211111111111,5310.952222222222,35108.81611111111,36
115300,S72.,3,79.3,5,14776.068220338984,3649.8013559322035,4956.278559322034,33115.47203389831,118
115301,S72.,3,79.3,6,13286.885656565655,3483.9182828282833,4080.732727272727,30327.860606060607,99
115302,S72.,3,79.3,8,14243.80874251497,3924.0541916167667,4066.7414970059876,32305.406886227545,167
115303,S72.,3,79.3,9,14207.884175824176,4495.035384615384,4367.213021978022,33056.24972527473,182
115311,S72.,3,81.5,5,28663.389333333333,3117.975,3131.3803333333335,46074.63033333333,30
115312,S72.,3,81.5,6,22607.593723404258,3232.243723404255,4205.680319148936,42743.267021276595,94
115313,S72.,3,81.5,8,19804.277183908045,3771.811206896552,4795.712068965518,39793.34712643678,174
115314,S72.,3,81.5,9,18479.040666666668,4137.950274509804,4344.019411764706,36766.706509803924,255
115383,S72.,4,79.1,9,12912.331025641024,5093.019487179487,3010.8566666666666,30974.48923076923,39
115389,S72.,4,79.3,5,15527.666538461539,4595.320769230769,3243.4676923076922,33903.72884615384,26
115390,S72.,4,79.3,6,13809.824285714285,3796.0628571428574,2995.31,30036.145714285718,21
115391,S72.,4,79.3,8,15421.084285714285,4779.555714285714,2836.4160714285717,32949.235,28
115392,S72.,4,79.3,9,13666.146666666667,5589.803888888889,3309.493611111111,32720.087777777775,36
115397,S72.,4,81.5,8,18900.900697674417,4753.462790697674,3202.614186046512,41187.35255813953,43
115398,S72.,4,81.5,9,14608.793684210526,4182.953421052632,2751.383947368421,32088.347631578945,38
115415,S72.,5,,8,432.06045454545455,3620.043181818182,2333.7334090909094,10540.945454545456,44
115416,S72.,5,,9,576.504387755102,3020.4221428571427,1855.2157142857145,8706.840612244898,98
115453,S72.,5,78.5,8,12815.181304347825,3611.6652173913044,4769.335652173913,32074.286956521737,23
115454,S72.,5,78.5,9,10982.6024,3961.708,5421.1128,31425.827999999998,25
115465,S72.,5,79.1,3,11761.584545454547,2820.3927272727274,2876.688181818182,24767.040454545455,22
115466,S72.,5,79.1,4,11620.487575757576,2912.840606060606,2869.052727272727,27383.463939393936,33
115467,S72.,5,79.1,5,11316.78496,3367.1947200000004,3642.2931200000003,26948.6612,125
115468,S72.,5,79.1,6,12181.638791946309,3918.32389261745,3696.0328187919463,28249.727382550336,149
115469,S72.,5,79.1,8,12049.344298780488,4086.881067073171,3575.1217378048777,28629.137256097558,328
115470,S72.,5,79.1,9,12075.408067061144,4929.597928994082,3840.8615581854046,30209.53461538462,507
115477,S72.,5,79.3,1,9388.4225,2062.3090625,2297.1971875,21709.5178125,32
115478,S72.,5,79.3,2,16428.408125,3857.90875,4831.51375,38164.4653125,32
115479,S72.,5,79.3,3,14009.26731707317,4078.3870731707316,4404.176341463415,35150.78024390244,41
115480,S72.,5,79.3,4,15055.89217948718,4268.335384615384,5167.79641025641,39862.52935897436,78
115481,S72.,5,79.3,5,13131.16925110132,3629.406872246696,4929.958193832599,33604.950088105725,227
115482,S72.,5,79.3,6,13494.783743589744,4035.1968717948716,3999.400051282051,32840.07461538461,195
115483,S72.,5,79.3,8,12294.059295774647,4133.540809859155,3984.612288732394,32018.61394366197,284
115484,S72.,5,79.3,9,12306.667231270358,5256.1048534201955,4326.627198697069,34394.66664495114,307
115495,S72.,5,81.5,5,24608.052622950818,3990.566229508197,4078.8137704918036,46004.33524590163,61
115496,S72.,5,81.5,6,22513.48035532995,3929.9471065989846,3813.235279187817,41801.58827411167,197
115497,S72.,5,81.5,8,18582.014841075794,3783.8721026894864,4104.154841075795,37312.87540342298,409
115498,S72.,5,81.5,9,17410.482285223366,4664.232491408935,4576.542491408934,38228.85745704467,582
115527,S72.,5,93.4,9,3366.3921875,4684.7996875,3145.7825000000003,17092.9590625,32
115553,S72.,6,,8,1273.6593181818182,5664.437954545454,3554.0245454545457,16194.405454545455,44
115554,S72.,6,,9,676.788671875,4907.38734375,2987.7134375,13811.677578125,128
115568,S72.,6,17.9,9,1918.145,4262.810294117647,3825.313823529412,16645.28617647059,34
115616,S72.,6,79.1,1,11145.119642857142,4971.647142857143,3902.657142857143,33634.76142857143,28
115618,S72.,6,79.1,3,9796.383095238094,3750.5147619047616,3595.445,30166.568571428576,42
115619,S72.,6,79.1,4,14913.348666666665,5493.806666666666,5248.179733333333,38343.71026666667,75
115620,S72.,6,79.1,5,11288.29940092166,4934.519447004608,4521.500092165898,32918.13470046083,217
115621,S72.,6,79.1,6,11989.525892857144,5228.119702380953,4514.497797619048,32984.69238095238,168
115622,S72.,6,79.1,8,13724.993373860183,6176.669392097265,4855.098449848024,37101.97747720365,329
115623,S72.,6,79.1,9,14280.84528213166,7334.055846394984,4961.2347178683385,38811.35192789969,638
115631,S72.,6,79.3,0,11452.733870967742,3733.7556451612904,1672.2838709677421,28702.214032258064,62
115632,S72.,6,79.3,1,16634.571066666667,7578.475600000001,7314.4452,51687.53146666667,75
115633,S72.,6,79.3,2,22443.087916666667,7892.831666666667,7522.192083333332,59159.291666666664,72
115634,S72.,6,79.3,3,19506.86430107527,5475.731075268817,6016.16064516129,45928.855591397856,93
115635,S72.,6,79.3,4,19395.22116438356,6382.582739726027,6524.767328767123,51417.56821917808,146
115636,S72.,6,79.3,5,19398.916727272725,6234.84,6525.2816060606065,49181.75793939394,330
115637,S72.,6,79.3,6,17187.281588447655,6281.867581227437,5578.521480144404,42631.786353790616,277
115638,S72.,6,79.3,8,17981.503360215054,6588.526424731183,5444.752446236559,42892.268494623655,372
115639,S72.,6,79.3,9,15750.889120287253,7368.560017953321,4882.182477558348,40822.42646319569,557
115649,S72.,6,81.5,5,28610.57925,5051.84775,5159.439375,53819.53525,80
115650,S72.,6,81.5,6,27336.65461016949,5075.690508474576,4327.839593220338,51197.58979661017,295
115651,S72.,6,81.5,8,22464.25167266187,6054.250575539568,4903.4849640287775,47698.79262589928,556
115652,S72.,6,81.5,9,21228.75418872267,7248.83499424626,5567.233164556962,48331.020771001145,869
115684,S72.,6,93.4,9,1144.9913953488372,6029.525348837209,3623.581860465116,18064.30046511628,43
116100,S81.,5,86.2,5,2343.226818181818,2352.7136363636364,1945.025,10545.648636363636,22
116157,S81.,6,86.2,5,2035.103076923077,1983.4388461538463,2774.2869230769234,12856.237692307692,26
116183,S82.,1,,5,1756.1004347826085,1606.3078260869565,1903.4304347826087,7164.803913043478,23
116228,S82.,1,79.3,3,10199.065238095238,1986.4914285714285,3076.7628571428572,19935.92238095238,21
116229,S82.,1,79.3,4,16488.24375,2093.4874999999997,3630.0106250000003,26698.609583333335,48
116230,S82.,1,79.3,5,14744.924375,2261.0198214285715,3313.2976785714286,24944.781607142857,112
116231,S82.,1,79.3,6,12432.446849315069,2327.6568493150685,2952.5306849315066,21640.898767123286,73
116232,S82.,1,79.3,8,11536.159705882354,1880.0985294117647,3151.6388235294116,20871.813823529414,34
116269,S82.,2,,5,1532.4668965517242,1125.5551724137931,1773.016551724138,5923.2955172413795,29
116326,S82.,2,79.3,1,11400.003999999999,1325.4003333333335,1802.409,18378.881666666664,30
116327,S82.,2,79.3,2,13916.414545454545,1676.9721212121212,3104.3148484848484,23284.08393939394,33
116328,S82.,2,79.3,3,14317.215441176471,1707.6423529411766,3857.950294117647,25066.484117647058,68
116329,S82.,2,79.3,4,13502.493076923078,1978.575096153846,4111.536346153846,25035.21884615385,104
116330,S82.,2,79.3,5,14328.322980769231,1870.5434134615386,3840.2280288461543,25435.11004807692,208
116331,S82.,2,79.3,6,10297.43357142857,1922.3692063492063,3243.4865079365077,20005.7123015873,126
116332,S82.,2,79.3,8,13041.024487179488,2400.4639743589746,3870.5616666666665,24537.035641025643,78
116333,S82.,2,79.3,9,9672.428750000001,2465.715833333333,2713.130833333333,20075.709583333333,24
116379,S82.,2,93.5,4,6450.772222222223,1587.6407407407407,2423.125555555556,13375.055185185185,27
116380,S82.,2,93.5,5,1474.7463333333333,1348.0,2574.2716666666665,7246.230333333334,30
116393,S82.,3,,4,2746.560625,1596.040625,1184.5071874999999,8700.4446875,32
116394,S82.,3,,5,3465.546891891892,1598.5183783783784,1980.9145945945945,11491.091891891892,74
116395,S82.,3,,6,3143.1907499999998,1917.925,1476.7345,10795.872500000001,40
116396,S82.,3,,8,3236.6648387096775,1958.9293548387095,1939.4867741935484,10510.954838709677,31
116458,S82.,3,79.1,5,9741.779714285714,2352.956857142857,3158.4285714285716,21907.329142857143,35
116471,S82.,3,79.3,1,9772.795405405404,1833.5067567567567,2461.1082432432436,19674.119594594595,74
116472,S82.,3,79.3,2,11781.522435897436,2300.457435897436,3023.8234615384617,26456.331794871792,78
116473,S82.,3,79.3,3,11796.759811320755,2188.114402515723,3485.712515723271,24595.28283018868,159
116474,S82.,3,79.3,4,12215.725020080321,2487.1101606425705,3520.9819277108436,25781.75293172691,249
116475,S82.,3,79.3,5,12334.4346953405,2569.771541218638,4036.316487455197,26372.98424731183,558
116476,S82.,3,79.3,6,10107.012913907285,2808.740132450331,4003.9461258278143,25749.45427152318,302
116477,S82.,3,79.3,8,11622.999944751382,3148.178508287293,3933.4475690607737,26971.238784530386,181
116478,S82.,3,79.3,9,8132.005454545454,3646.0127272727273,3628.844727272727,24072.163272727274,55
116569,S82.,3,93.5,4,2233.79625,1578.7791666666665,1520.4691666666668,7926.8175,24
116570,S82.,3,93.5,5,2190.992972972973,1609.4594594594594,1548.3124324324324,7602.991891891892,37
116571,S82.,3,93.5,6,1297.25,2504.1129032258063,1673.518064516129,7914.851935483871,31
116572,S82.,3,93.5,8,713.2442857142856,2183.9095238095238,1601.2971428571427,6847.344285714286,21
116620,S82.,4,79.3,4,16108.89,2507.535319148936,3494.493404255319,30388.4814893617,47
116621,S82.,4,79.3,5,12838.396483516484,3018.347032967033,3106.594725274725,27427.66648351648,91
116622,S82.,4,79.3,6,12466.1628125,3102.263125,3624.8909375000003,27088.7146875,32
116623,S82.,4,79.3,8,11909.417096774194,3346.4806451612903,2808.750322580645,25664.85516129032,31
116651,S82.,5,,3,482.9934782608696,1641.7391304347825,1888.3273913043479,5856.609130434783,23
116652,S82.,5,,4,416.6334482758621,1629.2417241379312,1553.0703448275863,5592.008965517241,29
116653,S82.,5,,5,589.9119718309859,2030.7208450704225,2516.3540845070424,8870.014929577464,71
116654,S82.,5,,6,695.3974418604652,2361.195348837209,2335.5869767441864,7916.239302325581,43
116655,S82.,5,,8,558.3064705882354,2397.529411764706,2892.8785294117647,8334.991470588237,34
116656,S82.,5,,9,488.6885714285715,3302.7942857142853,3880.394761904762,14808.470476190476,21
116709,S82.,5,79.1,3,13837.867096774195,2641.1006451612902,3493.9777419354837,26962.342903225806,31
116710,S82.,5,79.1,4,12117.820454545454,2429.2438636363636,3163.6095454545457,25453.698636363635,44
116711,S82.,5,79.1,5,11901.726825396827,2658.753333333333,3629.9217460317464,26242.898095238095,63
116712,S82.,5,79.1,6,12784.122702702703,3709.59027027027,3990.575945945946,31093.78675675676,37
116724,S82.,5,79.3,0,8269.096,2414.4888,1408.118,21520.0872,25
116725,S82.,5,79.3,1,8456.82651851852,2060.338888888889,1943.5140740740742,19654.587111111112,135
116726,S82.,5,79.3,2,10807.467393939394,2479.8572727272726,3353.474242424242,25510.70018181818,165
116727,S82.,5,79.3,3,10470.520811688311,2466.1542532467533,3427.489058441559,25937.344805194807,308
116728,S82.,5,79.3,4,9990.480177383593,2588.707538802661,3431.691507760532,25990.11248337029,451
116729,S82.,5,79.3,5,11137.596475728154,2749.586757281553,3831.368504854369,27371.159417475727,1030
116730,S82.,5,79.3,6,11057.443105175293,3162.818196994992,3921.9410183639397,27918.474590984973,599
116731,S82.,5,79.3,8,10657.09365535248,3562.2927676240206,4199.5118276762405,29018.93075718016,383
116732,S82.,5,79.3,9,8957.973636363637,3773.030779220779,3112.8155844155845,24095.90064935065,77
116819,S82.,5,93.5,5,2037.230357142857,1962.535357142857,1735.7219642857144,8629.449107142858,56
116820,S82.,5,93.5,6,669.5324137931034,1820.128275862069,1720.808275862069,6280.908275862069,29
116840,S82.,6,,5,1377.565925925926,2391.7885185185187,2531.431481481482,10295.595,54
116841,S82.,6,,6,1229.3709090909092,3638.061818181818,3205.6845454545455,11648.715,22
116858,S82.,6,17.9,5,1410.9173170731708,2056.680487804878,3682.8926829268294,13421.586097560976,41
116860,S82.,6,17.9,8,259.6268181818182,2120.531818181818,2531.7636363636366,9672.490454545456,22
116924,S82.,6,79.1,0,8570.555588235295,2563.8735294117646,1209.096176470588,20687.700294117647,34
116925,S82.,6,79.1,1,8644.297631578947,2403.920789473684,2283.2355263157892,23322.83605263158,38
116926,S82.,6,79.1,2,14202.125555555556,4832.9800000000005,4489.187037037037,33181.66074074074,27
116927,S82.,6,79.1,3,15299.041521739131,4317.258260869566,4480.636739130435,34849.81456521739,46
116928,S82.,6,79.1,4,15048.03581081081,3721.0555405405403,4034.732027027027,34234.57162162162,74
116929,S82.,6,79.1,5,16921.73858490566,4341.0227358490565,4817.272547169811,37235.84311320755,106
116930,S82.,6,79.1,6,15055.460000000001,4671.752909090909,5985.247272727273,38867.59963636364,55
116931,S82.,6,79.1,8,18576.22043478261,6718.3569565217385,5491.394782608696,43991.55304347826,23
116938,S82.,6,79.2,5,12637.470454545453,3832.5636363636363,4471.686818181818,32286.21863636364,22
116942,S82.,6,79.3,0,10196.171320754716,2341.7583018867927,1783.6883018867925,23237.790943396227,53
116943,S82.,6,79.3,1,11786.117861842105,3331.067269736842,2435.3667105263157,27987.22552631579,304
116944,S82.,6,79.3,2,13794.487617866005,3605.0035732009924,3823.9384863523574,32035.350446650125,403
116945,S82.,6,79.3,3,13640.506035031845,3573.6563535031846,3885.779649681529,32857.67590764331,628
116946,S82.,6,79.3,4,15042.413035935564,3817.5939405204463,4608.393643122677,35049.82397769517,807
116947,S82.,6,79.3,5,15117.508137128072,4092.451254851229,4801.140588615783,35531.279081500645,1546
116948,S82.,6,79.3,6,14668.101254705143,4566.376486825596,4967.233676286073,36526.02333751568,797
116949,S82.,6,79.3,8,13777.11306122449,4932.108326530612,4825.08112244898,35226.82187755102,490
116950,S82.,6,79.3,9,12517.68575,5733.386916666667,4703.55025,34817.76275,120
117057,S82.,6,93.5,0,443.7632,1303.472,490.19239999999996,4393.4824,25
117058,S82.,6,93.5,1,371.68782608695653,1480.5086956521739,1889.11,7376.780434782608,23
117060,S82.,6,93.5,3,399.5988888888889,1907.3962962962962,2609.3448148148145,7883.395555555555,27
117061,S82.,6,93.5,4,387.87916666666666,2032.8027777777777,1621.7175,6931.433888888889,36
117062,S82.,6,93.5,5,413.8842857142857,2495.404761904762,2699.1565476190476,9332.344642857142,84
117063,S82.,6,93.5,6,427.7774,2284.103,2445.1196,8331.7302,50
117064,S82.,6,93.5,8,656.4151219512195,2816.89756097561,2610.1804878048783,10307.087317073172,41
117240,S83.,5,80.6,5,2619.701538461539,2497.9269230769232,1920.6076923076923,15452.369999999999,26
117252,S83.,5,81.4,3,12243.433703703704,2338.2796296296297,2419.534074074074,27700.63962962963,27
117253,S83.,5,81.4,4,11499.273863636363,2631.2540909090912,2364.5215909090907,26477.04568181818,44
117254,S83.,5,81.4,5,9954.225416666666,2598.1736111111113,2964.635694444444,27234.2875,72
117255,S83.,5,81.4,6,5682.881428571428,2742.179285714286,2636.8960714285713,20462.75107142857,28
117326,S83.,6,80.6,1,2308.0984375,2975.109375,842.2225,13101.946875,32
117327,S83.,6,80.6,2,3147.9239393939397,3163.706060606061,945.0972727272728,14421.671212121213,33
117328,S83.,6,80.6,3,1911.4675862068964,2678.1586206896554,1028.7068965517242,12293.392413793104,58
117329,S83.,6,80.6,4,2489.4951219512195,2689.218292682927,1053.5680487804877,13131.098048780488,82
117330,S83.,6,80.6,5,2863.81,2896.8879807692306,1193.4816346153846,14734.227596153845,104
117331,S83.,6,80.6,6,2624.144761904762,2664.028095238095,1221.0585714285714,13155.32142857143,21
117334,S83.,6,80.7,2,18330.41772727273,2358.2272727272725,1984.1436363636365,35791.95681818182,22
117336,S83.,6,80.7,4,14601.550476190476,2648.670476190476,1723.6009523809525,31435.171428571426,21
117348,S83.,6,81.4,1,17612.80575221239,3546.756548672566,1719.4516814159292,34543.116548672566,113
117349,S83.,6,81.4,2,19266.052136752136,3724.621153846154,2310.574786324786,37970.06521367521,234
117350,S83.,6,81.4,3,17824.10489451477,3550.3320253164557,2080.958143459916,35368.782869198316,237
117351,S83.,6,81.4,4,14712.317798165137,3459.865733944954,2412.470366972477,31595.970871559635,218
117352,S83.,6,81.4,5,12863.806090225564,3408.38507518797,2723.8690601503763,29971.19030075188,266
117353,S83.,6,81.4,6,13275.557282608695,4077.554347826087,3422.628913043478,34201.455434782605,92
117456,S85.,6,39.3,5,4835.576521739131,3137.730434782609,9688.969130434782,38417.15434782609,23
117552,S86.,6,83.6,2,1515.3291489361702,1722.477234042553,1818.6821276595745,10287.671489361703,47
117553,S86.,6,83.6,3,2172.4501030927836,2278.9780412371133,1487.0228865979382,11409.920515463918,97
117554,S86.,6,83.6,4,2441.2159322033895,2148.103559322034,1557.7469491525426,11604.312033898306,59
117555,S86.,6,83.6,5,2098.7579487179487,2003.2097435897433,1956.321282051282,11622.381282051281,39
117562,S86.,6,83.8,4,2623.3263636363636,2295.4931818181817,2017.7109090909091,12316.713636363636,22
117934,S92.,1,79.3,5,12096.024090909092,1855.2704545454546,2763.391818181818,19965.644545454546,22
117986,S92.,2,79.3,4,9838.105675675675,1520.6221621621623,5010.024594594594,20878.74081081081,37
117987,S92.,2,79.3,5,8440.222068965517,1582.9001724137931,3488.574827586207,18534.94620689655,58
118018,S92.,2,93.5,5,1147.3561904761905,1185.9285714285713,2457.2614285714285,6400.721428571428,21
118032,S92.,3,,5,1477.0155555555555,1437.4944444444445,1496.8136111111112,7276.387500000001,36
118081,S92.,3,79.3,2,8192.442380952381,1618.6838095238095,2255.119523809524,17225.68380952381,21
118082,S92.,3,79.3,3,8296.820526315789,1840.4026315789474,3589.388684210526,19568.057631578948,38
118083,S92.,3,79.3,4,9896.720759493672,2088.193670886076,3518.284050632911,21550.94493670886,79
118084,S92.,3,79.3,5,8322.417777777777,2204.2543703703705,3165.1468148148147,20153.70296296296,135
118085,S92.,3,79.3,6,9108.628888888888,2196.1566666666668,3557.8804444444445,22072.44488888889,45
118135,S92.,3,93.5,5,1152.131,1376.79,1884.5629999999999,6274.879666666667,30
118188,S92.,5,,4,515.9281818181818,1485.5136363636364,2498.8463636363635,6137.609545454546,22
118189,S92.,5,,5,581.9358974358975,1486.2871794871794,1821.1679487179488,6367.371025641026,39
118239,S92.,5,79.3,2,7878.903947368421,1687.5755263157896,2451.7394736842107,17890.17,38
118240,S92.,5,79.3,3,8720.589,2083.6134,3062.7775,22211.3433,100
118241,S92.,5,79.3,4,7932.355578231292,2146.6872789115646,3148.9240816326533,21187.90380952381,147
118242,S92.,5,79.3,5,7228.2985258964145,2278.736573705179,3330.362988047809,21220.801235059764,251
118243,S92.,5,79.3,6,9220.335166666666,2935.3441666666668,3479.6725,24321.243333333336,60
118244,S92.,5,79.3,8,8431.478695652175,2508.5630434782606,4115.1430434782615,24774.46,23
118296,S92.,5,93.5,5,466.7862068965517,1741.5793103448275,2609.580689655172,7357.552068965518,29
118317,S92.,6,17.9,5,621.1975,1757.4285714285713,4286.595357142857,12841.253571428573,28
118347,S92.,6,79.1,5,9262.075142857144,3685.942857142857,4013.7288571428576,27554.94342857143,35
118356,S92.,6,79.3,1,9132.67,3215.0872727272726,3221.7978787878787,25721.01393939394,33
118357,S92.,6,79.3,2,11307.522976190477,3140.4514285714286,3592.384761904762,26667.751785714285,84
118358,S92.,6,79.3,3,10238.751444444444,2860.87,3474.3928888888886,25099.197277777777,180
118359,S92.,6,79.3,4,11182.795153846155,3090.148153846154,4134.90273076923,28470.300923076924,260
118360,S92.,6,79.3,5,10510.991010928961,3100.290573770492,3943.409863387978,26751.47336065574,366
118361,S92.,6,79.3,6,10440.904811320754,3523.592075471698,5153.466698113208,29722.104433962264,106
118362,S92.,6,79.3,8,13838.183333333332,3922.5054761904767,4352.343095238095,32297.139523809525,42
118423,S92.,6,93.5,3,338.05199999999996,1691.076,2951.156,9165.928,25
118424,S92.,6,93.5,4,395.67285714285714,1759.017857142857,2087.8424999999997,7453.536071428572,28
118425,S92.,6,93.5,5,336.9806976744186,1834.5372093023257,2275.4976744186047,8060.075348837209,43
118597,S93.,6,81.9,1,9603.764482758621,1942.4672413793105,1331.3541379310345,19355.406896551725,29
118598,S93.,6,81.9,2,9988.989444444444,1972.096388888889,1541.8630555555555,20924.555277777778,36
118599,S93.,6,81.9,3,8455.465517241379,2569.7689655172417,1460.0320689655173,20370.443103448277,29
118699,S95.,6,39.3,5,2803.0539999999996,1801.1366666666665,5245.364333333333,25896.564666666665,30
118771,S96.,6,83.6,5,1326.4641935483871,1185.8480645161292,2310.812903225806,10343.764193548388,31
120072,T16.,6,98.1,0,391.17424242424244,817.1557575757575,325.39727272727276,2759.0960606060607,33
120137,T17.,6,98.1,0,1615.0862162162164,1786.2189864864863,720.4683108108107,9056.842972972972,148
120201,T18.,5,98.0,5,407.4403333333333,1035.3,595.569,3730.069,30
120263,T18.,6,98.0,0,508.17634146341464,1300.0441463414634,594.0382926829268,4326.4510975609755,82
120264,T18.,6,98.0,1,499.4459090909091,1134.4409090909091,738.2195454545455,4215.563181818182,22
120266,T18.,6,98.0,3,735.0451612903227,1422.3858064516128,1050.3848387096775,5379.39,31
120267,T18.,6,98.0,4,517.8414285714285,1342.1942857142858,1092.7264285714286,4874.832857142857,28
120268,T18.,6,98.0,5,590.8157291666666,1360.4335416666665,1111.4325000000001,5220.870208333333,96
120269,T18.,6,98.0,6,611.8575925925926,1779.4401851851853,1035.9483333333333,5732.3346296296295,54
120270,T18.,6,98.0,8,542.6925396825396,1588.9388888888889,1050.4996825396825,5190.305873015874,63
120271,T18.,6,98.0,9,685.7013333333333,2110.282,1171.5604444444446,6419.0344444444445,45
120305,T20.,6,,0,1219.9925396825397,1565.264761904762,2347.390634920635,10393.469047619048,63
120378,T21.,6,,0,1186.2191891891891,1259.3278378378377,1911.107837837838,9683.895135135135,37
120595,T24.,6,,0,1162.1879166666665,1391.644375,1880.5352083333335,9938.118958333334,48
120619,T24.,6,86.2,0,4300.731739130435,1399.54,2458.6,17162.944347826087,23
120810,T29.,6,,0,2369.073947368421,906.0726315789474,1739.6997368421053,11979.332631578947,38
121273,T58.,6,,8,353.17136363636365,5221.228636363637,3028.9763636363637,14618.779999999999,22
121462,T60.,6,39.9,5,7860.2324,7356.79,4474.2888,26759.167599999997,25
122159,T81.,6,,4,841.6428571428571,2146.1666666666665,2220.4190476190474,8681.219047619048,21
122160,T81.,6,,5,603.7702857142857,2187.0794285714287,3441.2628571428572,10005.024857142856,35
122161,T81.,6,,6,948.0975,2141.93875,3364.60375,9711.559583333334,24
122162,T81.,6,,8,645.1879166666666,3130.24875,3900.2966666666666,11561.3375,24
122371,T81.,6,86.2,5,2267.61,2930.1224444444447,4652.218666666667,17563.264666666666,45
122372,T81.,6,86.2,6,1900.9395238095235,3005.7409523809524,3222.532857142857,14829.754285714287,21
122373,T81.,6,86.2,8,4378.132380952381,3908.71619047619,5610.056666666666,23498.43,21
122465,T82.,3,39.5,4,14942.581904761904,1896.4285714285713,721.9009523809524,21429.09,21
122466,T82.,3,39.5,5,13759.287719298247,2183.280701754386,675.1950877192982,20892.93245614035,57
122467,T82.,3,39.5,6,13189.6528,2244.32,716.628,20474.9408,25
122468,T82.,3,39.5,8,16002.24923076923,2152.5,718.0480769230769,23364.989615384613,26
122547,T82.,6,38.9,8,3575.7314285714288,2434.8957142857143,1090.4761904761904,11480.247142857143,21
122564,T82.,6,39.5,4,5044.125925925926,2047.0925925925926,660.9296296296296,16775.334814814814,27
122565,T82.,6,39.5,5,5158.0552777777775,2253.6681944444445,902.2261111111111,17130.17138888889,72
122566,T82.,6,39.5,6,5990.209833333333,1843.0516666666667,1001.0648333333334,17133.164333333334,60
122567,T82.,6,39.5,8,5897.943265306122,2392.137142857143,1432.1202040816327,18915.827551020408,49
122649,T83.,3,97.7,4,400.82800000000003,1135.2433333333333,496.26866666666666,3861.222,30
122650,T83.,3,97.7,5,450.30294117647054,1070.5852941176472,584.5126470588235,3831.3423529411766,34
122696,T83.,5,97.7,3,613.6005555555555,1276.4111111111113,537.4280555555556,4350.204166666666,36
122697,T83.,5,97.7,4,457.3338,1233.0906,572.1498,4261.7796,50
122698,T83.,5,97.7,5,444.4978333333333,1169.7923333333333,467.50933333333336,3928.0388333333335,60
122769,T83.,6,97.7,3,664.3464473684211,1486.260394736842,798.8026315789474,5614.174342105263,76
122770,T83.,6,97.7,4,650.2118333333333,1451.53,674.4243333333333,5237.8147500000005,120
122771,T83.,6,97.7,5,603.917602739726,1523.3979452054796,620.6413698630137,5135.838767123288,146
122948,T84.,6,00.7,5,37942.29620689656,6132.990689655173,5455.306551724138,79622.1851724138,29
122949,T84.,6,00.7,6,38628.95481481482,4369.675555555556,4276.026666666667,62542.165185185186,27
122950,T84.,6,00.7,8,29615.566470588234,6961.897647058824,5924.268627450981,69662.07549019608,51
122988,T84.,6,78.6,4,4986.500416666667,2871.60875,4309.571666666667,19630.869166666667,24
123214,T85.,6,85.9,4,3604.955,2152.4341666666664,981.6625,15865.032500000001,24
123215,T85.,6,85.9,5,2637.1749999999997,2335.667857142857,1190.3567857142857,15614.719642857144,28
123867,T93.,6,81.5,8,23814.862272727274,6118.7527272727275,4382.083636363636,47534.81181818182,22
123868,T93.,6,81.5,9,17522.322068965517,7503.024827586207,5540.703793103448,47906.99448275862,29
123992,Z03.,5,88.5,4,976.554,2284.610181818182,883.1949090909092,7617.959454545455,55
123993,Z03.,5,88.5,5,960.6574545454545,2481.6400000000003,938.1142727272728,7654.3452727272725,110
123994,Z03.,5,88.5,6,977.0943373493976,2609.884939759036,1101.7304819277108,8058.153012048192,83
123995,Z03.,5,88.5,8,1045.7904225352113,2742.2971830985916,1445.284366197183,8919.855633802817,71
124040,Z03.,6,88.5,3,1359.5136111111112,3067.472222222222,556.353888888889,7695.782499999999,36
124041,Z03.,6,88.5,4,877.9443795620439,3113.6090510948907,799.5739416058394,7862.551532846715,137
124042,Z03.,6,88.5,5,966.4893540669856,3280.1077272727275,805.8485406698564,8111.672751196173,418
124043,Z03.,6,88.5,6,932.1267293233083,3413.9081578947366,1036.2377067669172,8512.709812030076,266
124044,Z03.,6,88.5,8,977.2622404371584,3463.549781420765,1166.9689071038251,9004.263497267759,183
124045,Z03.,6,88.5,9,976.5962,3577.8174,1335.5983999999999,9340.3988,50
124097,Z08.,5,,5,323.7203333333334,2628.898,541.0916666666667,3837.8671666666664,60
124098,Z08.,5,,6,357.01644444444446,2554.1766666666667,1055.7526666666665,4546.503333333333,45
124099,Z08.,5,,8,310.8519047619048,2588.0819047619048,648.2921428571428,3891.3345238095235,42
124147,Z08.,6,,3,407.1880952380953,3117.6990476190476,599.0380952380953,4749.596666666666,21
124148,Z08.,6,,4,294.72236842105264,3656.3868421052634,764.7431578947369,5308.900789473684,76
124149,Z08.,6,,5,305.8730996309963,3494.8878228782287,829.5791881918819,5196.784391143911,271
124150,Z08.,6,,6,300.7365536723164,3251.459096045198,1015.4594350282487,5258.683502824859,177
124151,Z08.,6,,8,360.3092567567567,3367.6406756756755,944.878581081081,5426.699054054054,148
124152,Z08.,6,,9,493.06874999999997,3081.75,1541.0512499999998,6518.036666666667,24
124212,Z08.,6,44.1,5,347.4110344827586,3864.2293103448274,750.1610344827585,5879.3193103448275,29
124213,Z08.,6,44.1,6,271.57125,3121.7341666666666,1047.3995833333333,5270.191666666667,24
124224,Z08.,6,45.2,5,394.338076923077,3323.5461538461536,595.6230769230768,5291.368461538461,26
124225,Z08.,6,45.2,6,324.2096774193548,3732.6806451612906,848.131935483871,6112.451935483871,31
124370,Z09.,6,88.4,4,1367.9622972972973,2532.6737837837836,555.3845945945945,7050.748243243243,74
124371,Z09.,6,88.4,5,1268.7347668393782,2336.3068393782382,545.8035233160622,7074.474663212436,193
124372,Z09.,6,88.4,6,1237.383,2247.368,583.6814545454546,6931.191363636364,110
124373,Z09.,6,88.4,8,1260.0546808510637,2399.660425531915,677.2944680851064,7057.357446808511,47
124377,Z09.,6,88.5,5,883.2866666666666,2839.784848484848,560.4678787878787,7163.788787878788,33
124378,Z09.,6,88.5,6,923.7904761904762,3278.2673809523812,767.9019047619048,7905.305476190477,42
124379,Z09.,6,88.5,8,1048.2504545454544,2948.4295454545454,817.6972727272728,7678.601590909092,44
124486,Z30.,6,97.7,5,519.0726666666667,1376.7433333333333,484.7303333333333,4666.450666666667,30
124497,Z31.,1,66.7,3,1363.0127272727273,367.83181818181816,1405.644090909091,15168.047727272728,22
124520,Z31.,6,65.9,2,467.94624703087885,78.78622327790974,92.23211401425178,3920.057007125891,421
124521,Z31.,6,65.9,3,468.90767086330936,76.12859712230215,88.45804856115107,3931.5507104316544,1112
124522,Z31.,6,65.9,4,467.6982835820896,81.71641791044776,97.82149253731343,3955.2871641791044,134
124525,Z31.,6,66.7,3,1795.8788,2028.6,1510.0472,11406.666000000001,25
124570,Z35.,6,74.1,3,1882.6004347826085,1800.9478260869566,1505.3208695652172,11770.946521739132,23
124616,Z41.,6,76.6,2,1021.88,2148.9666666666667,1700.6446666666666,12270.134666666667,30
124652,Z42.,5,02.0,5,15560.510333333334,3884.015,4735.813666666667,34378.62633333333,30
124660,Z42.,6,02.0,2,46711.111600000004,3967.8788,6950.6864000000005,70921.5076,25
124661,Z42.,6,02.0,3,35047.357307692306,4585.860384615385,6012.983461538462,57111.42230769231,26
124662,Z42.,6,02.0,4,17270.79564516129,5015.032419354839,7843.351774193548,42869.28725806452,62
124663,Z42.,6,02.0,5,17982.07505050505,4683.731212121213,7620.3829292929295,41097.806868686865,99
124664,Z42.,6,02.0,6,15424.4084,5494.1488,7583.8496,48335.632000000005,25
124728,Z43.,1,97.6,3,229.88892857142858,668.6071428571429,1261.962857142857,3342.601785714286,28
124729,Z43.,1,97.6,4,232.10565217391306,647.1739130434783,1266.55,3362.742608695652,23
124730,Z43.,1,97.6,5,229.86260869565217,635.304347826087,1452.0247826086957,3444.8439130434786,23
124777,Z43.,4,46.5,5,527.7491666666666,4572.37375,5313.495833333333,27914.065000000002,24
124778,Z43.,4,46.5,6,1026.614074074074,4668.108888888889,3849.6174074074074,24544.324444444446,27
124779,Z43.,4,46.5,8,3098.8923809523812,4458.214285714285,5174.000476190476,26482.145714285718,21
124810,Z43.,5,46.5,6,6546.1275000000005,4483.164375,4536.8265625,24163.119375,32
124811,Z43.,5,46.5,8,5324.53,4474.695681818182,4860.213636363636,22402.947272727273,44
124833,Z43.,5,97.6,5,344.8516,816.3439999999999,299.1252,2524.7008,25
124884,Z43.,6,46.5,0,2928.193076923077,5974.113846153846,5054.9349999999995,29700.781153846157,26
124887,Z43.,6,46.5,3,8501.4552,4228.9,5108.3264,26910.8704,25
124888,Z43.,6,46.5,4,7872.294745762712,4473.870169491526,5454.847288135593,27767.925084745762,59
124889,Z43.,6,46.5,5,7774.374193548388,4787.681774193548,5578.552150537635,27422.09053763441,186
124890,Z43.,6,46.5,6,8086.987284768213,5252.875364238411,5205.61119205298,27630.74198675497,151
124891,Z43.,6,46.5,8,7755.053271604939,5572.7622839506175,5835.4212962962965,29176.11666666667,162
124892,Z43.,6,46.5,9,7833.808809523809,5958.7266666666665,5332.564285714286,28589.425476190478,42
124992,Z45.,5,39.4,8,8536.262857142856,1735.8457142857144,893.9480952380952,14927.206666666665,21
125025,Z45.,6,14.6,5,2439.599230769231,1470.123076923077,209.55820512820515,6959.350512820512,39
125026,Z45.,6,14.6,6,2510.8359259259255,1520.9444444444443,233.51592592592593,6763.578148148149,27
125038,Z45.,6,37.8,6,28073.566122448978,3101.932857142857,684.7579591836735,36551.45857142857,49
125039,Z45.,6,37.8,8,28175.70153846154,3520.4674615384615,1065.6273846153847,36829.07292307692,130
125040,Z45.,6,37.8,9,27881.566123595505,3509.7930337078656,1027.8864606741574,36119.918764044945,178
125048,Z45.,6,39.4,4,7114.54962962963,2370.0451851851853,1079.387037037037,15045.421851851852,27
125049,Z45.,6,39.4,5,8024.142142857143,2109.27387755102,757.9201020408163,15187.50612244898,98
125050,Z45.,6,39.4,6,8465.872142857144,2142.3488571428575,880.2337142857143,15770.91142857143,70
125051,Z45.,6,39.4,8,8159.611976744186,2463.865465116279,740.418488372093,15710.36534883721,86
125052,Z45.,6,39.4,9,8562.51911111111,2276.128888888889,663.9417777777778,16192.734222222223,45
125083,Z45.,6,97.8,5,485.54952380952386,1053.4952380952382,284.92571428571426,2543.342380952381,21
125173,Z46.,6,59.9,5,2355.9115789473685,1542.2421052631578,833.342894736842,6498.439736842105,38
125174,Z46.,6,59.9,6,2639.8951515151516,1908.4445454545455,847.3451515151515,7385.805151515152,33
125175,Z46.,6,59.9,8,2719.3609523809523,1685.8333333333333,561.3685714285714,6555.334761904762,21
125177,Z46.,6,97.6,0,510.7583333333333,505.6694871794872,496.9708974358975,3430.0479487179487,78
125178,Z46.,6,97.6,1,459.31434782608693,653.215652173913,609.0378260869566,3966.019565217391,23
125182,Z46.,6,97.6,5,638.3822727272727,815.1454545454545,854.6459090909091,3503.2099999999996,22
125200,Z47.,1,78.6,2,739.6227272727273,1012.409393939394,917.6160606060606,4907.329696969697,33
125201,Z47.,1,78.6,3,741.8158208955224,1018.149552238806,1090.4938805970148,4996.624179104478,67
125202,Z47.,1,78.6,4,627.1994915254237,998.8852542372882,1086.7178813559321,4811.711186440678,118
125203,Z47.,1,78.6,5,891.47200729927,1067.1499270072993,1186.4260218978102,5361.069306569343,274
125204,Z47.,1,78.6,6,638.8498958333333,1044.5831249999999,1011.6501041666667,4684.007083333333,96
125205,Z47.,1,78.6,8,551.2971794871795,1095.6094871794874,1127.1105128205127,4766.594358974359,39
125236,Z47.,2,78.6,0,868.7014285714286,559.2809523809524,476.33714285714285,4015.0985714285716,21
125237,Z47.,2,78.6,1,1644.0090697674418,799.1241860465116,857.276046511628,5524.377906976744,43
125238,Z47.,2,78.6,2,1956.3771641791043,999.3341791044776,1096.5926865671643,6415.4922388059695,67
125239,Z47.,2,78.6,3,1119.438787878788,942.5156818181817,1119.7454545454545,5649.438863636364,132
125240,Z47.,2,78.6,4,1004.6994009216589,962.0979262672811,1210.792258064516,5789.407649769585,217
125241,Z47.,2,78.6,5,776.6814465408805,1001.5924318658282,1251.6877568134173,5471.289874213837,477
125242,Z47.,2,78.6,6,605.685909090909,1030.9460606060607,1177.1788383838384,5280.672575757576,198
125243,Z47.,2,78.6,8,523.6819444444444,1176.25125,1190.0472222222222,5407.136666666666,72
125253,Z47.,3,,4,336.80375,671.0958333333333,276.87916666666666,3250.146666666667,24
125254,Z47.,3,,5,379.5439784946237,748.3494623655914,206.1062365591398,3166.4129032258065,93
125255,Z47.,3,,6,399.06800000000004,799.8075,219.779,3338.799,40
125269,Z47.,3,78.6,0,578.6894594594594,807.1805405405405,406.5427027027027,4259.904324324324,74
125270,Z47.,3,78.6,1,707.7376785714285,961.8601785714285,602.8472321428571,4907.626160714286,112
125271,Z47.,3,78.6,2,670.6764736842105,1029.490157894737,1092.4666842105264,5586.621473684211,190
125272,Z47.,3,78.6,3,666.1747008547009,1125.544757834758,1195.6006552706554,5859.570341880341,351
125273,Z47.,3,78.6,4,673.3369514237855,1188.562998324958,1216.6786264656616,6015.203752093803,597
125274,Z47.,3,78.6,5,689.5158660130719,1209.3462663398693,1220.268496732026,6016.183799019607,1224
125275,Z47.,3,78.6,6,627.0712317327766,1266.3084551148224,1289.849248434238,6049.95782881002,479
125276,Z47.,3,78.6,8,647.7477900552486,1353.6377900552486,1121.4404972375692,5977.953977900552,181
125277,Z47.,3,78.6,9,564.6119047619047,1666.9904761904763,896.0271428571428,6620.541428571429,21
125306,Z47.,4,78.6,2,1037.6115,1337.902,1370.8272499999998,7233.24525,40
125307,Z47.,4,78.6,3,887.5153571428572,1208.2841071428572,1257.9217857142855,6695.971071428571,56
125308,Z47.,4,78.6,4,745.1273333333334,1149.1456,779.3425333333333,5582.458933333333,75
125309,Z47.,4,78.6,5,676.5157396449704,1265.1095857988164,1011.6660355029586,6105.12349112426,169
125310,Z47.,4,78.6,6,678.2059677419355,1296.5248387096774,881.4517741935484,5743.294354838709,62
125311,Z47.,4,78.6,8,688.3225925925925,1637.9674074074076,883.4255555555554,6485.311851851852,27
125342,Z47.,5,78.6,0,562.6295798319328,884.72243697479,439.78806722689075,4843.09243697479,119
125343,Z47.,5,78.6,1,604.8618461538462,1042.2969230769231,657.3982051282051,5376.444769230769,195
125344,Z47.,5,78.6,2,655.6488859416446,1151.0496816976126,963.4885676392573,5991.751909814324,377
125345,Z47.,5,78.6,3,595.2537810218978,1182.9232554744526,1008.8252116788321,5953.684233576642,685
125346,Z47.,5,78.6,4,633.056386036961,1226.0046509240246,1058.8104620123204,6187.178305954825,974
125347,Z47.,5,78.6,5,634.450746132848,1268.8270973612375,1092.0806141947226,6238.1786305732485,2198
125348,Z47.,5,78.6,6,637.4693216080402,1380.4011055276383,1197.6426758793968,6565.787763819095,796
125349,Z47.,5,78.6,8,603.3439432176656,1484.6126813880126,1144.6981388012618,6591.602586750789,317
125350,Z47.,5,78.6,9,440.88735294117646,1799.3420588235294,1140.7697058823528,6516.879411764706,34
125396,Z47.,6,76.9,2,967.753698630137,1503.982602739726,874.9380821917808,9833.485753424657,73
125397,Z47.,6,76.9,3,736.5791428571429,1406.9199999999998,769.3197142857142,8934.10457142857,35
125399,Z47.,6,76.9,5,1114.1792307692308,2210.539230769231,1956.4084615384616,12324.393076923076,26
125407,Z47.,6,78.6,0,976.9371747211895,1181.6404089219332,529.1539776951673,6390.617992565056,269
125408,Z47.,6,78.6,1,1016.9569859154929,1344.7325070422535,874.7758873239437,7179.793746478873,355
125409,Z47.,6,78.6,2,1068.3513101604278,1613.4884224598932,1381.93743315508,8356.375695187166,748
125410,Z47.,6,78.6,3,1022.1420246343341,1621.733687451886,1345.199299461124,8122.900169361047,1299
125411,Z47.,6,78.6,4,962.8902162478082,1668.4491466978377,1430.4618468731737,8178.010093512566,1711
125412,Z47.,6,78.6,5,978.7873355766288,1740.4861976139491,1511.279847048027,8432.412575711227,3269
125413,Z47.,6,78.6,6,865.5420427350427,1778.327299145299,1381.1992649572649,8112.539641025642,1170
125414,Z47.,6,78.6,8,748.0407590759077,1983.742772277228,1421.107623762376,8173.851617161717,303
125415,Z47.,6,78.6,9,1119.6708823529411,2728.205,1701.8414705882353,10303.132352941177,34
125474,Z48.,1,14.6,5,3011.4691304347825,830.6782608695652,395.1465217391305,5419.183043478261,23
125478,Z48.,1,68.1,3,650.88,143.6,371.20142857142855,3347.497428571429,35
125531,Z48.,6,,6,444.6823809523809,961.4285714285714,2393.2457142857143,5862.285238095238,21
125550,Z48.,6,14.6,3,2039.4168292682925,1230.8073170731707,414.91829268292685,6231.426829268293,41
125551,Z48.,6,14.6,4,2560.8454054054055,1295.3572972972972,414.1435135135135,7470.26891891892,74
125552,Z48.,6,14.6,5,2307.7989610389614,1323.5591774891775,361.97324675324677,7353.268484848485,231
125553,Z48.,6,14.6,6,2282.0468243243245,1368.380337837838,337.9462837837838,7410.709594594595,148
125554,Z48.,6,14.6,8,2195.6017021276593,1400.6829787234044,350.41297872340425,7201.411276595745,47
125557,Z48.,6,14.7,5,4523.802121212121,1655.2878787878788,213.3660606060606,10011.491818181818,33
125590,Z48.,6,97.3,0,453.0057894736842,160.54035087719296,219.42701754385965,1830.4914035087718,57
125657,Z49.,5,39.9,2,1664.709523809524,1146.2857142857142,1475.3519047619047,9529.120952380952,21
125658,Z49.,5,39.9,3,1800.276393442623,888.6262295081967,1372.3437704918033,9202.026393442622,61
125659,Z49.,5,39.9,4,1684.05775,1032.1025,1416.3426666666667,9325.250416666668,120
125660,Z49.,5,39.9,5,1648.3187423312884,1099.0340490797546,1415.7166257668712,9136.763343558283,326
125661,Z49.,5,39.9,6,1658.6777272727272,1231.9454545454546,1665.2957142857144,9945.29357142857,154
125662,Z49.,5,39.9,8,1384.5976,1367.971,1648.3248,9300.494400000001,100
125663,Z49.,5,39.9,9,1608.901395348837,1374.088372093023,1781.0244186046511,10192.716511627907,43
125684,Z49.,6,39.2,4,1531.5528571428572,2695.8338095238096,1612.635238095238,10727.672380952381,21
125685,Z49.,6,39.2,5,623.848076923077,2180.3848076923077,1073.031346153846,7292.3721153846145,52
125686,Z49.,6,39.2,6,1142.0507692307692,2053.2796153846157,1487.319230769231,7674.473076923077,26
125687,Z49.,6,39.2,8,1160.0586666666668,2619.2216666666664,1676.236,9078.552,30
125696,Z49.,6,39.9,3,1587.6102857142857,726.3085714285714,1882.3491428571429,11018.225142857144,35
125697,Z49.,6,39.9,4,1164.0290909090909,932.0466666666667,1490.0060606060606,9254.824848484848,66
125698,Z49.,6,39.9,5,1184.1742207792206,1015.3525974025973,2098.653766233766,10205.581753246754,154
125699,Z49.,6,39.9,6,1093.399851851852,827.2562962962962,1515.2265185185183,8075.835333333333,135
125700,Z49.,6,39.9,8,1263.6280392156862,963.4047712418301,1863.7423529411765,10114.536274509805,153
125701,Z49.,6,39.9,9,1238.2814529914529,1174.680341880342,2115.325384615385,10596.890427350427,117
125823,Z51.,2,,4,986.0341176470589,3153.970588235294,9131.945294117648,19285.926470588234,34
125824,Z51.,2,,5,752.5032467532468,3577.3584415584414,8483.788571428571,19574.375454545454,77
125825,Z51.,2,,6,916.5001818181819,4336.836363636364,8029.412,19036.44909090909,55
125826,Z51.,2,,8,819.9027450980392,3208.8254901960786,6731.409803921569,17132.939215686274,51
125827,Z51.,2,,9,793.7873076923078,4719.5192307692305,10177.782307692309,23080.468846153843,26
125838,Z51.,2,38.9,5,1399.3188235294117,4454.559411764705,12276.241176470588,24512.802941176473,34
125881,Z51.,3,,4,485.52258620689656,2848.9,5557.756206896552,14193.884310344829,58
125882,Z51.,3,,5,629.4301115241636,2700.196654275093,3623.108513011153,12505.940297397769,269
125883,Z51.,3,,6,697.4922222222223,2752.618492063492,3618.6775396825396,13623.415555555557,252
125884,Z51.,3,,8,613.3489667896679,2732.859815498155,3809.9670848708483,13842.133653136532,271
125885,Z51.,3,,9,742.017972972973,3249.2002702702703,5158.876216216217,18275.204999999998,74
125909,Z51.,3,38.9,5,851.7574193548387,2780.814516129032,6140.876129032258,16101.426290322579,62
125910,Z51.,3,38.9,6,773.2403999999999,3175.466,5965.4848,15754.6266,50
125911,Z51.,3,38.9,8,420.366,2324.9683999999997,4344.2466,11181.6392,50
125915,Z51.,3,39.7,5,1736.6236,1592.0480000000002,3926.0671999999995,16645.180800000002,25
125916,Z51.,3,39.7,6,3398.9983333333334,1873.0458333333333,4744.306666666666,18675.22375,24
125980,Z51.,3,92.2,5,1089.3284905660378,4471.567924528302,8046.472075471698,39149.301509433964,53
125981,Z51.,3,92.2,6,1009.8115789473685,4194.228947368421,5698.196842105263,35646.66078947369,38
125982,Z51.,3,92.2,8,1201.792222222222,4225.233333333334,5098.911388888889,40829.3825,36
125987,Z51.,3,92.3,5,1921.1925862068965,3448.006896551724,5946.018620689655,42335.03672413793,58
125988,Z51.,3,92.3,6,1835.255,3457.9703125,4942.028125,39457.1178125,64
125989,Z51.,3,92.3,8,1628.649583333333,2866.2916666666665,4218.386875,37247.52416666666,48
126006,Z51.,3,99.2,1,807.0316,4153.488,10726.001199999999,19702.2448,50
126007,Z51.,3,99.2,2,916.8392857142857,3743.567857142857,9982.323571428571,18456.847857142857,28
126008,Z51.,3,99.2,3,929.5813793103448,2626.0793103448277,4568.8831034482755,11292.158965517241,29
126009,Z51.,3,99.2,4,807.4699999999999,2195.627614678899,4367.352752293578,9914.816422018348,109
126010,Z51.,3,99.2,5,715.0249853372434,2047.2668914956012,3721.8123460410557,8634.69460410557,341
126011,Z51.,3,99.2,6,700.0673684210527,2022.025614035088,3583.456035087719,8731.32449122807,285
126012,Z51.,3,99.2,8,760.6608928571429,2167.808125,3502.666919642857,9436.7265625,224
126013,Z51.,3,99.2,9,870.4344,1864.6244,2451.6876,8432.6744,25
126023,Z51.,4,,5,450.05145833333336,2563.25,4258.509375000001,12609.149166666668,48
126024,Z51.,4,,6,510.10070175438597,2857.0087719298244,3468.9464912280705,9619.991052631578,57
126025,Z51.,4,,8,396.83290909090914,3012.9345454545455,3844.4614545454547,9417.062363636363,55
126054,Z51.,4,38.9,5,878.2407142857143,2339.3333333333335,3668.1780952380955,10768.478571428572,42
126055,Z51.,4,38.9,6,927.4813513513512,2289.816216216216,4153.130540540541,10629.007567567569,37
126099,Z51.,4,92.2,5,1203.8896296296296,4987.492592592592,12067.752592592593,54823.70037037037,27
126101,Z51.,4,92.2,8,1505.0418181818181,4284.204545454545,9884.702272727272,50180.13545454545,22
126125,Z51.,4,99.2,4,610.8927272727273,2440.8290909090906,5992.421136363637,11313.317272727274,44
126126,Z51.,4,99.2,5,939.7007386363636,2337.523522727273,4659.933465909091,10204.848465909092,176
126127,Z51.,4,99.2,6,727.2951176470588,2501.0829411764703,4758.190823529411,10758.825529411764,170
126128,Z51.,4,99.2,8,696.8016379310345,2883.169827586207,4403.4077586206895,11100.123706896553,116
126138,Z51.,5,,4,593.3070422535212,2510.6702816901407,3161.9342253521127,10463.898309859156,71
126139,Z51.,5,,5,481.3958302583026,2501.2052767527675,3246.4076383763836,8405.062398523985,271
126140,Z51.,5,,6,453.1686315789474,2678.3937543859647,3148.696,8834.67701754386,285
126141,Z51.,5,,8,424.92191558441556,2712.2891233766236,3294.7736363636363,9489.773993506495,308
126142,Z51.,5,,9,501.02796875,2783.40765625,3823.23453125,9891.90890625,64
126171,Z51.,5,34.0,8,574.8724,2990.4596,4362.7324,11731.5784,25
126180,Z51.,5,34.9,6,504.4096,2915.768,4562.0728,11293.8484,25
126181,Z51.,5,34.9,8,648.8426923076923,4258.319230769231,6137.484615384616,15515.345,26
126187,Z51.,5,38.9,4,826.3039024390243,1884.8878048780487,3513.9980487804883,8054.590975609755,41
126188,Z51.,5,38.9,5,912.1933913043479,2097.955347826087,3418.113956521739,8485.39704347826,230
126189,Z51.,5,38.9,6,852.3745387453874,2284.37110701107,3652.7849077490773,9182.116937269373,271
126190,Z51.,5,38.9,8,871.8987817258883,2371.4910152284265,3750.9107106598985,9779.241065989847,197
126191,Z51.,5,38.9,9,587.5807142857142,2510.4910714285716,4576.293928571428,11109.921071428571,28
126193,Z51.,5,39.7,4,9785.3748,3147.6191999999996,4501.1032000000005,24786.4652,25
126194,Z51.,5,39.7,5,7511.664084507042,2907.6052112676057,4087.0663380281694,22824.18323943662,71
126195,Z51.,5,39.7,6,7455.141034482758,3079.8751724137933,3905.2596551724137,21517.164137931035,58
126196,Z51.,5,39.7,8,7629.468787878788,3419.4092424242426,4477.956212121212,23507.658636363634,66
126219,Z51.,5,44.1,8,649.4417391304348,3300.980434782609,2929.1134782608697,10383.88956521739,23
126254,Z51.,5,54.9,5,590.7624324324324,2743.6064864864866,4201.284324324324,10827.063243243243,37
126255,Z51.,5,54.9,6,855.3828,2781.816,5373.0972,12702.4816,25
126256,Z51.,5,54.9,8,538.5145833333333,2302.2208333333333,2475.8425,8435.643333333333,24
126320,Z51.,5,92.2,4,1138.8020833333333,3890.058333333333,4365.5775,32946.94583333333,24
126321,Z51.,5,92.2,5,1212.9406293706295,4262.626223776224,3846.525874125874,31891.433216783218,143
126322,Z51.,5,92.2,6,1140.4679545454544,4684.059469696969,4342.725909090908,34046.11575757576,132
126323,Z51.,5,92.2,8,1136.212100840336,6702.559495798319,5046.363949579832,34644.00781512605,119
126324,Z51.,5,92.2,9,1237.5197435897435,9469.527948717949,5776.025384615385,34036.784871794865,39
126328,Z51.,5,92.3,5,1227.4962068965517,4324.416896551724,4147.22,32186.400689655173,58
126329,Z51.,5,92.3,6,891.703695652174,4103.590869565217,4926.721956521739,32779.393913043474,46
126330,Z51.,5,92.3,8,1090.825238095238,4658.094999999999,4542.2111904761905,34044.630952380954,42
126370,Z51.,5,99.2,3,1171.9979591836734,2360.8491836734693,2695.8059183673467,7872.9975510204085,49
126371,Z51.,5,99.2,4,772.3519494584838,2328.074115523466,2972.990866425993,7562.179458483754,277
126372,Z51.,5,99.2,5,753.0863695450325,2638.779322191272,3538.2588486536674,8736.85340761374,1077
126373,Z51.,5,99.2,6,662.5185505735141,2469.0912930135555,3332.127862356622,8355.41646506778,959
126374,Z51.,5,99.2,8,669.7801305483029,2594.181240208877,3378.443929503916,8674.64768929504,766
126375,Z51.,5,99.2,9,889.5147457627119,2788.4491525423728,2925.2742372881353,8913.460000000001,59
126387,Z51.,6,,0,493.3429411764706,1860.828823529412,3029.575294117647,9207.869215686274,51
126388,Z51.,6,,1,478.9716666666667,1977.4023809523808,4816.590714285714,10490.939761904761,42
126389,Z51.,6,,2,374.97906976744184,2738.5693023255812,4238.035813953488,9592.926279069768,43
126390,Z51.,6,,3,590.8208130081301,3235.4421138211383,3224.6752845528454,11330.060487804878,123
126391,Z51.,6,,4,572.2539491916859,3232.1024249422635,3619.224064665127,10686.207551963049,433
126392,Z51.,6,,5,512.0639143730887,3241.20993883792,3071.5138073394496,9841.272584097858,1308
126393,Z51.,6,,6,541.602619047619,3518.0319929453262,3365.234479717813,10554.101084656086,1134
126394,Z51.,6,,8,467.4474110671937,3472.760632411067,3255.405849802372,10460.668389328064,1012
126395,Z51.,6,,9,475.2497407407408,3455.8257407407405,4075.487555555555,12807.14637037037,270
126405,Z51.,6,03.3,0,1067.8946511627908,3357.5139534883724,8088.053953488372,21245.071860465116,43
126406,Z51.,6,03.3,1,470.99411764705883,2630.948529411765,4845.960588235294,13064.460588235293,34
126413,Z51.,6,03.9,0,611.3869565217391,2019.9351086956522,4994.050869565217,12395.233586956521,92
126414,Z51.,6,03.9,1,468.7105882352941,2114.184411764706,7613.3261764705885,14283.597941176471,34
126431,Z51.,6,17.9,5,539.2226,3022.4916,4808.1626,11059.703000000001,50
126432,Z51.,6,17.9,6,576.3314634146342,3142.837073170732,4623.758780487805,10651.691219512195,41
126433,Z51.,6,17.9,8,855.9948484848485,3593.6257575757572,6371.886666666667,14349.648181818182,33
126476,Z51.,6,33.2,5,1027.8632,6887.7218,4872.5498,17063.776599999997,50
126477,Z51.,6,33.2,6,978.725625,6365.326875,5452.8516666666665,16931.75375,48
126478,Z51.,6,33.2,8,996.82025,5786.72625,4223.382500000001,14492.8475,40
126485,Z51.,6,34.0,5,923.3748484848485,3744.7042424242427,5093.328484848485,13803.761515151515,33
126486,Z51.,6,34.0,6,728.7812121212122,3934.561212121212,4837.040606060606,12876.18787878788,33
126487,Z51.,6,34.0,8,821.4311764705882,4442.475882352941,5161.708823529412,16188.661176470589,34
126500,Z51.,6,34.9,5,1042.7780701754386,4655.632982456141,5796.730175438596,16833.13,57
126501,Z51.,6,34.9,6,1040.7891780821917,5179.709315068493,6630.595479452055,17865.465616438356,73
126502,Z51.,6,34.9,8,838.9903921568628,4954.971176470588,5655.1178431372555,17372.25411764706,51
126512,Z51.,6,38.9,0,2399.051333333334,3788.0533333333337,7557.240666666667,20883.421333333335,30
126514,Z51.,6,38.9,2,1156.0887500000001,2641.2195833333335,3904.4475,9841.911041666666,48
126515,Z51.,6,38.9,3,1209.4765486725664,2922.2853097345132,4303.048230088496,11030.497433628318,113
126516,Z51.,6,38.9,4,1156.4488741721855,3160.8060927152314,4510.191876379691,12084.868278145696,453
126517,Z51.,6,38.9,5,891.308132780083,3135.9617081604424,4458.72490318119,11581.76663900415,1446
126518,Z51.,6,38.9,6,849.0263242698892,3258.187633434038,4428.479123867069,11715.645850956696,993
126519,Z51.,6,38.9,8,971.2080497131931,3473.155487571702,4456.534187380497,12448.51275334608,523
126520,Z51.,6,38.9,9,1031.8857142857144,4859.7431428571435,5332.188142857142,17582.855857142855,70
126524,Z51.,6,39.7,3,11129.9694,3800.4770000000003,5001.8766,29891.6348,50
126525,Z51.,6,39.7,4,9596.874166666666,4490.055989583333,5524.455208333333,28443.911770833332,192
126526,Z51.,6,39.7,5,9220.355135658914,4279.222286821706,5516.680697674419,28076.212713178295,516
126527,Z51.,6,39.7,6,8675.238109452737,4622.801119402985,5692.438184079601,28104.75114427861,402
126528,Z51.,6,39.7,8,9326.89241509434,4824.498188679246,5537.060264150943,28839.293094339624,265
126529,Z51.,6,39.7,9,10105.907073170732,5744.106585365854,6655.239756097561,31444.60463414634,41
126551,Z51.,6,41.3,0,1176.3103571428571,4514.214285714285,7945.814285714286,20477.612142857142,28
126552,Z51.,6,41.3,1,968.2768,5218.0752,9684.2496,26554.3728,25
126555,Z51.,6,41.3,4,554.5948484848485,4454.90606060606,8699.900303030303,19033.614242424243,33
126556,Z51.,6,41.3,5,657.5898550724637,5065.936086956523,6508.231014492753,16155.101014492753,69
126557,Z51.,6,41.3,6,683.9742592592593,4948.472777777778,6642.724444444444,15957.755185185186,54
126558,Z51.,6,41.3,8,713.7743181818182,6686.829318181818,7090.693863636364,21078.09431818182,44
126582,Z51.,6,44.1,5,579.4648214285714,4174.66,3684.815714285714,10746.794464285715,56
126583,Z51.,6,44.1,6,757.430909090909,4505.308909090909,2871.1054545454544,10945.492727272727,55
126584,Z51.,6,44.1,8,743.9894230769231,4010.0099999999998,3931.965192307692,12697.513653846154,52
126596,Z51.,6,45.1,6,717.19125,4693.1954166666665,4684.232916666667,13096.463333333333,24
126601,Z51.,6,45.2,5,695.481282051282,4143.860000000001,3143.7528205128206,10792.672307692306,39
126602,Z51.,6,45.2,6,594.7246153846154,3892.5323076923078,3571.669230769231,10133.803076923077,26
126603,Z51.,6,45.2,8,540.352,4506.076666666666,3513.315666666667,11065.198,30
126664,Z51.,6,54.9,4,798.5475757575757,3903.0236363636363,6012.5936363636365,15448.40696969697,33
126665,Z51.,6,54.9,5,791.2683908045977,4159.36,5248.29724137931,13740.766321839079,87
126666,Z51.,6,54.9,6,780.0284507042254,3629.5057746478874,7637.64661971831,15948.663380281692,71
126667,Z51.,6,54.9,8,813.6049019607843,4041.4633333333336,5140.110784313726,15152.750588235294,51
126752,Z51.,6,86.0,3,4672.5875,2423.5625,3230.9845833333334,13581.114166666666,24
126753,Z51.,6,86.0,4,4620.0428125,3365.743125,3798.01375,14650.45625,64
126754,Z51.,6,86.0,5,4368.863053435114,2637.2617557251906,3468.800763358779,13806.593664122138,131
126755,Z51.,6,86.0,6,4892.156478873239,2746.4854929577464,3731.517183098591,15378.0838028169,71
126756,Z51.,6,86.0,8,5542.812608695653,3379.0539130434786,5096.568695652174,17935.09956521739,23
126826,Z51.,6,92.2,2,917.7069444444444,7976.411111111111,5050.070277777778,31958.14472222222,36
126827,Z51.,6,92.2,3,1770.4570731707317,7202.899878048781,4740.741463414634,34441.854451219515,164
126828,Z51.,6,92.2,4,1285.9458053097346,7990.293911504424,4964.562407079647,35280.0842300885,565
126829,Z51.,6,92.2,5,1343.6774202308216,7739.466849966056,5356.223475899525,34553.67591310251,1473
126830,Z51.,6,92.2,6,1145.2287394957982,7587.350848739496,5369.940932773109,33940.15966386555,1190
126831,Z51.,6,92.2,8,1173.6840904311252,8186.2577497371185,5761.1066666666675,34504.733438485804,951
126832,Z51.,6,92.2,9,1035.6828095238095,8595.271095238095,5121.835380952381,33879.21676190476,210
126837,Z51.,6,92.3,4,842.2409722222222,3972.9416666666666,3232.0022222222224,30706.4925,72
126838,Z51.,6,92.3,5,841.6614516129032,4014.0025806451613,4305.106827956989,30571.50693548387,186
126839,Z51.,6,92.3,6,789.2939393939394,4098.95090909091,3509.411212121212,28417.62775757576,165
126840,Z51.,6,92.3,8,923.9659537572255,3964.136994219653,3562.314450867052,28259.050693641617,173
126841,Z51.,6,92.3,9,788.390350877193,3433.5736842105266,2993.3661403508772,27608.807368421054,57
126851,Z51.,6,93.3,8,470.6714285714285,3304.7003571428572,4398.506071428571,11335.961428571429,28
126863,Z51.,6,93.9,8,584.6846153846153,4990.8953846153845,4449.167307692308,14011.108461538463,26
126914,Z51.,6,99.0,5,526.3229166666666,3300.1708333333336,4928.842083333333,14211.948333333334,24
126915,Z51.,6,99.0,6,538.4195833333333,3559.2833333333333,8170.416666666667,18312.220833333333,24
126916,Z51.,6,99.0,8,572.8613043478261,5579.373043478261,8100.8,21573.63086956522,23
126923,Z51.,6,99.2,0,559.9571661237785,1464.4317426710097,4094.291026058632,9579.492312703584,614
126924,Z51.,6,99.2,1,672.4222766570605,2257.3997982708934,6339.969913544669,13108.041930835734,347
126925,Z51.,6,99.2,2,902.5822891566265,3126.827439759036,5386.062168674698,11990.01686746988,332
126926,Z51.,6,99.2,3,961.1524999999999,2811.0104749103944,4404.532679211469,10307.693431899641,1116
126927,Z51.,6,99.2,4,934.4605424033564,2743.942580161822,4401.65504944561,10288.129244830687,3337
126928,Z51.,6,99.2,5,835.5377529123238,2798.462310443491,4198.327117310444,9899.989622930718,9786
126929,Z51.,6,99.2,6,809.210490814368,2888.9958047710443,4038.4947847545927,9943.480582670689,7294
126930,Z51.,6,99.2,8,749.9646013824885,2967.6175806451615,3886.612967741936,9807.184642857143,4340
126931,Z51.,6,99.2,9,747.7985350318471,3410.9508492569003,3861.646942675159,10494.575668789808,471
126938,Z51.,6,99.7,5,1845.8837142857144,1409.8085714285714,1559.0448571428572,16388.531714285713,35
126943,Z51.,6,99.8,4,416.0127272727273,3280.640909090909,3807.1359090909095,10392.149545454546,22
126944,Z51.,6,99.8,5,669.3842857142857,3457.1869047619048,3679.748333333333,13257.074523809524,84
126945,Z51.,6,99.8,6,1028.4942424242424,3624.4636363636364,3542.9539393939394,13264.46196969697,66
126946,Z51.,6,99.8,8,656.5471794871795,3563.4358974358975,3042.2520512820515,14207.679743589744,39
126978,Z52.,6,55.5,4,2566.43,2988.1200000000003,2086.6979166666665,19112.41375,24
126979,Z52.,6,55.5,5,3103.5095294117646,2675.9077647058825,2297.180470588235,20045.405294117645,85
126984,Z52.,6,99.7,2,1121.8678260869565,1112.3391304347826,2013.7521739130436,11889.780869565218,23
127571,Z98.,5,78.6,5,616.4426086956522,1096.1739130434783,1645.1552173913044,6856.363043478261,23
127599,Z98.,6,14.6,5,2139.6082142857144,479.87857142857143,209.09392857142856,6753.286428571429,28
127695,Z99.,6,39.9,5,1508.5586956521738,544.0652173913044,1530.0495652173913,8545.238695652173,23
127696,Z99.,6,39.9,6,1114.9054545454546,639.4318181818181,1451.5290909090909,8045.03,22
127697,Z99.,6,39.9,8,1245.065,701.6923076923077,1784.1692307692308,9237.816538461539,26
